Iteration,timestamp,client_keygen_s,client_enc_s,client_dec_s,server_enc_s,server_dec_s,server_sign_s,final_key_hex
1,1764562478.6778271,0.000824142,0.000049962,0.000038321,0.000038511,0.000108310,0.000518578,19472752bf43af52aa8e11216aea2bb2f676e1f20d32c7c98d264abf5d3beb66
2,1764562478.6805923,0.000031739,0.000018354,0.000078364,0.000029415,0.000066603,0.000092791,40efd50da7fb4445c33bda9295b010c1a064ef9e0a898bdb936cf541647063a1
3,1764562478.6828423,0.000042568,0.000023143,0.000032200,0.000022953,0.000045034,0.000046075,d430146e7a59e81a937fa452e0bca53afa934129bd28c77aa13b4259cea84c32
4,1764562478.6847858,0.000028252,0.000016721,0.000084096,0.000022852,0.000043020,0.000046156,3872130db5e3a93bb50b28131d73744fcee49ebc62a48c20981e77dddcc1545a
5,1764562478.6877975,0.000050353,0.000031708,0.000034874,0.000027500,0.000053328,0.000088544,dcab880feabbfff13c66254e0ecbefb4cef77bd44f4e64e34ebf28cb4ebcceb1
6,1764562478.6898744,0.000041988,0.000023143,0.000025527,0.000029344,0.000039463,0.000056294,e6323c5c5892864eade5777258d1960b5f29a012da29314638e14d9d87bc7b9a
7,1764562478.6916091,0.000027291,0.000017182,0.000032410,0.000021509,0.000033191,0.000042638,9d8b7e24011fb18a723b44dd74e3aef1c6987d1c9b1cb160b069f7eda1f17b24
8,1764562478.6937892,0.000027761,0.000017723,0.000039613,0.000041456,0.000066803,0.000092551,0a06eb741cead607e7fe85c737c14420e4ffc2a323fe1b003a42e271fb2e4e74
9,1764562478.6954367,0.000033232,0.000019316,0.000024896,0.000021370,0.000032941,0.000057306,021934172d0e49b4b36cd2f285d54508277214cf885b02a515d676465dcb7286
10,1764562478.6967034,0.000021991,0.000015869,0.000023273,0.000018704,0.000028623,0.000037640,8da230762f6bf453602b809e7ca2a02477d865aced9b94f33ab0c0a5049d5ab7
11,1764562478.698098,0.000021380,0.000015880,0.000033923,0.000016842,0.000024154,0.000036677,22a05f04277953870fe0968f652292e9136b8132adfc410e4f320f2e4df94fb9
12,1764562478.6993606,0.000026639,0.000019566,0.000022081,0.000018113,0.000022953,0.000036237,007d8239a42cfc98ccd0a834494ef0363a7dc067e0832ac3107ccc8e567fcb2a
13,1764562478.700626,0.000022011,0.000015088,0.000023394,0.000018464,0.000023844,0.000042008,45d73e83b6ea2d518d41435980e4e72a7a4b0f49b0b24799f92ceb525001cea4
14,1764562478.702295,0.000025286,0.000015759,0.000023624,0.000017924,0.000024916,0.000038602,e4cdb60f1eebcf0a8d1c38ba0d855129ad08e346128d773fcfb0d1f19cc7acda
15,1764562478.7064602,0.000024205,0.000015579,0.000049642,0.000041447,0.000143696,0.000280188,a7550b1c9b0996fe3b02bd4a5c36d237f1e9e01e022429b7c624455145c33120
16,1764562478.7091942,0.000043280,0.000030687,0.000041406,0.000040835,0.000071562,0.000059270,89ae0dbe62f89d36cf6296230c40d5b35ee5dc507c039ca3488d08cffe247989
17,1764562478.7113755,0.000032019,0.000017162,0.000027932,0.000029524,0.000065691,0.000054570,5f43744b1d1cf723ebc3ce073f8fe0e3518c69887de4ffa043fc5a58b027fe4c
18,1764562478.712797,0.000025467,0.000015569,0.000021079,0.000018905,0.000029645,0.000040194,72e1d374676bd31e7c8c44af41649e569c79d070792c5100a7ad1329bbd16953
19,1764562478.7140949,0.000022742,0.000015649,0.000026779,0.000017443,0.000023483,0.000036146,5479cb5aade7558616c7e3d463b0d5f714cb5e92cac0dcab9c20aa2b5a0c5fa2
20,1764562478.7152722,0.000022382,0.000015449,0.000019576,0.000018684,0.000022282,0.000034654,90d0094df43c51436cd2aea9daa6ca974dc752e191cd555477e3274ce355f45c
21,1764562478.716411,0.000021891,0.000014737,0.000018915,0.000021891,0.000020187,0.000034203,d0fd47f775f1a55c712f1e643f449156a4ea1cc2a439082af547a5013c520fe5
22,1764562478.7176123,0.000020768,0.000015539,0.000019085,0.000017302,0.000021640,0.000033883,5ed79dcbda58839dd80641587f17bf88f3a15e17b87cb8db0a5c45bc9d1c1a86
23,1764562478.7194512,0.000020207,0.000014477,0.000019797,0.000032740,0.000075188,0.000056064,710d3d1c7b90fc21eb2ad3d206b9dcc0a078845b5cd1f34e63fecc15e2578480
24,1764562478.7205348,0.000019636,0.000013926,0.000018444,0.000016320,0.000020658,0.000033312,b76ca29247149fd4dba24c5993c740fbc772381dd411ffcbc8f6bc84e06d832a
25,1764562478.7217338,0.000019516,0.000014347,0.000020157,0.000016000,0.000020057,0.000032570,f26403a560934b5d0004972f035570de8ae711be540f778b8a13439a0505486a
26,1764562478.72309,0.000024506,0.000015098,0.000020177,0.000022782,0.000068497,0.000038761,4c8875086167b2f67840827835e82bba4533e1feaa09609792edd7ae8987d944
27,1764562478.724222,0.000020508,0.000014627,0.000047488,0.000026880,0.000019516,0.000033291,8ab37639ec97cb0f0e35fedf311918b43ead10cafa18a1b19f314cf4deb562b7
28,1764562478.7252944,0.000020207,0.000014206,0.000018955,0.000015990,0.000019977,0.000033071,d22135d7a45ade79faff31127bbdb94cc34f1a13e7edf188a1c4c8aa947c586f
29,1764562478.7263408,0.000019957,0.000014196,0.000018875,0.000015379,0.000019235,0.000032981,b823f3bafe338ad18fc38214a1d3cbe899f0e837ab1fe2297e569991b36be726
30,1764562478.7273967,0.000019766,0.000014196,0.000018684,0.000015468,0.000018925,0.000033111,62189c5a97ba4fe518022be8da0cdd25614505d70dd3240132421e7e70f3ece7
31,1764562478.7289932,0.000019175,0.000014938,0.000033382,0.000025136,0.000041737,0.000047057,af6676cfda0cf5dc71583ceee48789ccc72397a93df28f3dd717aa339f31debe
32,1764562478.7302847,0.000025437,0.000015077,0.000021400,0.000017442,0.000026188,0.000035526,0b7b7605d676a74891f472f3e31f19f5b70b2a6652d9701adfc22719908741ea
33,1764562478.7316098,0.000020878,0.000015448,0.000022341,0.000017182,0.000023143,0.000039192,7014010c0a75663bf4a717056cfe2698d76b68753f96e92b9bb37717cabd479f
34,1764562478.7327435,0.000023223,0.000015188,0.000020197,0.000016791,0.000020348,0.000035476,c67bd11d2cc16cf7ca0168f12898de2f4c9d7332b6409a407a408fa5dfa4c0e0
35,1764562478.73384,0.000027040,0.000015088,0.000019385,0.000015740,0.000019145,0.000033502,4f169c19da62e27da9e7cd234137035f2a3ee908452236ee0a102110b971897f
36,1764562478.7353475,0.000020708,0.000014477,0.000019756,0.000023664,0.000052718,0.000047849,63b929890908f25bfa12e84fb6fe783a6a3246005f9aff967c7604e85b1723ce
37,1764562478.7364113,0.000020067,0.000014627,0.000019316,0.000015609,0.000019246,0.000033142,4fc4d08e83e1f91fafb5ef0336cb3d88e85d102ddbc631b0e74eef202fdb6241
38,1764562478.7374818,0.000019957,0.000014447,0.000019076,0.000015498,0.000019255,0.000033061,18840d7b75fecc162b09f11d06301bc9e6f07251abeaf6d6e1028167c9971ffc
39,1764562478.7386115,0.000020097,0.000014256,0.000020789,0.000015819,0.000018865,0.000037430,1e1b155696288bc90f3db6c5685012e138c1d3e20b30c3a0c82291361a745dd2
40,1764562478.7398489,0.000020778,0.000014777,0.000020298,0.000016561,0.000024886,0.000035085,c57d359020711c06eba957001dff34266c3f6af6210321e724a209149e91a111
41,1764562478.7409422,0.000021099,0.000014837,0.000019346,0.000016079,0.000019115,0.000032960,b8a1f67d79b9a64801c82f15c162b9a879a58030166be073d2a86ab6e3d17d35
42,1764562478.7420256,0.000020648,0.000015088,0.000019365,0.000015378,0.000019095,0.000033061,b788abef492d908cf0d3e1deafc8ea3abdcd30b5941b9e5a7c475eb2f525ffcd
43,1764562478.743079,0.000019957,0.000015599,0.000019166,0.000015278,0.000018895,0.000032810,bb689210340559b64707a849584ae3370dc4fd8d556e21a3ec9af38e93dad890
44,1764562478.7441397,0.000020037,0.000014787,0.000019116,0.000015137,0.000018414,0.000037570,063328abebdb4b5c19d2b4b8a8fb503113d31540f2ee5b4b891db4e60a98b183
45,1764562478.7453482,0.000019426,0.000014387,0.000021300,0.000016731,0.000018925,0.000036788,4da79e78df744caaa472350de80e1c68ddfc51b8bfea426d636f393436c0f8aa
46,1764562478.746444,0.000020848,0.000014657,0.000021811,0.000015629,0.000018555,0.000032761,55ee2977db218ca0697bd69d043234576e3670d6ef272af4b14734638351e581
47,1764562478.747644,0.000021098,0.000015559,0.000021109,0.000016981,0.000022262,0.000036177,d715f25e0c91fca07184e0ef09a3ca507bd8f1c0ab3f1f9c47d8d1e9fdea7a08
48,1764562478.7488194,0.000029574,0.000019867,0.000019536,0.000016511,0.000019275,0.000034414,f779db137959ddee309628452d8bab1855c5eadba8ec15a19c8094941da8dc72
49,1764562478.7499087,0.000020398,0.000014326,0.000021740,0.000015478,0.000018935,0.000032791,af4a434da16153c77e863b3de8262123ecd3cf6c727a034c75a60e3f9d53441b
50,1764562478.7509918,0.000021990,0.000014988,0.000018745,0.000015108,0.000018734,0.000032941,78a6c3a2a7b6d201719ab9502a0d0b2a73c3832bc2839f243648d15cb42681bd
51,1764562478.7520456,0.000019917,0.000014647,0.000018755,0.000015578,0.000018684,0.000032781,bca9f93f217c42acdc3376762ae44e13964d816c2c86e9cfea29689a0523d516
52,1764562478.7531226,0.000020588,0.000014287,0.000023103,0.000015088,0.000018013,0.000032891,8b11a3c6ffe7b79b001ef5a8bb1ee18345155c188c7325137e2ff862cf8808bd
53,1764562478.7543366,0.000026419,0.000022090,0.000019446,0.000015328,0.000018384,0.000032530,f08e9c87717d103bba4eaaf4f9ac395345a33ff0e677be7ba9c138bad618e6ca
54,1764562478.7554615,0.000020448,0.000014777,0.000021520,0.000015749,0.000018535,0.000032490,f8dbe151c14a938928b3f7e727148b24de1a248896a7de9c1c6d4572065c77c8
55,1764562478.7569513,0.000020758,0.000015339,0.000046796,0.000026559,0.000050704,0.000053819,0ab31cd260e8e470793b4e298fdda00818d8387cde9bb846cb30d8721eb5b198
56,1764562478.7589362,0.000023283,0.000016160,0.000020378,0.000044221,0.000077894,0.000089335,cc269f1ce2f65f9b4cc5638dd4e2089834b3a2e76996904c9876f27ebfae838f
57,1764562478.7600794,0.000020488,0.000014577,0.000019095,0.000017142,0.000022141,0.000033592,fbabb10b2b2f8ff3e9420ce3d5f7b0b2b7eb32b742dc61b2a5aa67774eddf392
58,1764562478.76118,0.000019977,0.000014868,0.000019236,0.000015579,0.000020318,0.000032781,417d0118a0f206bb7a47f8ba17fea730f3b76d184f45a7b0702596dc90033271
59,1764562478.7622612,0.000019927,0.000014877,0.000020117,0.000015819,0.000019837,0.000032329,f970ee77d7d8f614e0dc6532de39c17d23023c2c6ccdc26306eb4ab82be6fcc3
60,1764562478.7634716,0.000020238,0.000014587,0.000021751,0.000015559,0.000019276,0.000032991,d46c26117ff709b4128f7cb43b496c4c8840bd36de732a65518877c2ceb78f84
61,1764562478.76472,0.000020939,0.000015268,0.000019756,0.000022432,0.000061093,0.000035225,70472795c172fce11a739ede0b79be58da28ebef91d0652dc0bf2d07c940010e
62,1764562478.7662826,0.000020338,0.000045614,0.000020628,0.000017632,0.000021790,0.000036047,60dbdb267daeb13d474baa83f920352833de6174fb1474f897ab5385941eb028
63,1764562478.768171,0.000021540,0.000015278,0.000019847,0.000040214,0.000078014,0.000083044,322b67a7edfcc91cafff3916730b046ee5d33cfdc16e9a4379d57c9494e0ddb0
64,1764562478.7695928,0.000020418,0.000017502,0.000036187,0.000016200,0.000019366,0.000032791,121712eb435047aa6f1ce1028e5dd89436734b4358b54f1c57ef3a2b73d94317
65,1764562478.7707477,0.000020478,0.000015088,0.000020077,0.000016130,0.000020849,0.000034975,1402edba10dc70ecf52068e9313d28a25f4345b9452f8cdb63f65f1921eab802
66,1764562478.771907,0.000029735,0.000015118,0.000044622,0.000016340,0.000019856,0.000035226,5b04f94af6f6eeaa77b63b010a2a24300448fe76e6a2c2e17713aac269e983c5
67,1764562478.7736874,0.000023253,0.000015198,0.000020708,0.000035115,0.000048720,0.000043651,653c00d32ea2ae0eec73317d49adae62a58a22b2e0d60ab6dc2dd65c02cff051
68,1764562478.7747924,0.000020227,0.000021340,0.000019025,0.000015669,0.000020568,0.000033111,5622df84072b55171adaef4a7ae1dd4c918b261ae63677b5995f236155952b05
69,1764562478.775882,0.000020087,0.000014326,0.000027451,0.000015439,0.000018524,0.000032620,f7f7869e42f2605f9d4a1f2f5394daf9518c074f71c0aa61c3610611adac8004
70,1764562478.7769346,0.000019256,0.000014226,0.000018955,0.000015358,0.000018234,0.000032720,733a99da7ffff0a171d850620c7bb24428393e77c97fe0208e9b839cc8900250
71,1764562478.777993,0.000019366,0.000014767,0.000018985,0.000015208,0.000018514,0.000032961,aebc6525e7d3906b4f02906c6fc663111dc191cb9bfc568e34eabfc2bc47387b
72,1764562478.7790618,0.000019536,0.000014827,0.000019406,0.000015729,0.000019446,0.000032310,dca9e9924961f58a06dd29e07e9ff22578eb697088b87a9c33ab54e280ffa80d
73,1764562478.7801187,0.000019376,0.000014667,0.000018755,0.000015038,0.000017562,0.000036618,decb831b41a7b8b0dc820cc259588adca421b9f6115bc9a3dda2cd5d35dc5b02
74,1764562478.7812254,0.000019425,0.000014236,0.000021249,0.000015739,0.000023373,0.000032741,19138d98c922b3f8801ece0726a1f03fe99adb5eb9539f49b1059773b02ccf88
75,1764562478.7823503,0.000022071,0.000015048,0.000018745,0.000015779,0.000019416,0.000032500,cd6ad1e3f98c2b7ae4337aea5004b3fa866f29d9af75ced56d9a50d8ffde9bf2
76,1764562478.783428,0.000019846,0.000014577,0.000019166,0.000015469,0.000018845,0.000032680,1fa708d4be70f7f65746499a9cee1bcb1d0f0f7384836f783062061c8f1e0088
77,1764562478.7844956,0.000019416,0.000014527,0.000018544,0.000015909,0.000019156,0.000032800,0d2d4f3e7ee9feb5447d958ce581e327371e6f0b6c29e8d53368ece274af741a
78,1764562478.7855635,0.000019496,0.000014407,0.000018545,0.000016430,0.000018333,0.000032550,f05ecf0142760bffd72ef0c46f9e9a0fc31ceab4844c20be101517eb08c1c600
79,1764562478.7866359,0.000019176,0.000014367,0.000018705,0.000015389,0.000018133,0.000033853,85a8cc97f0aede3014245aa17af61dd321c24a27a66c1ad18a53ef91325146dd
80,1764562478.7876918,0.000019085,0.000014256,0.000018895,0.000015679,0.000018475,0.000032661,20ec804c767bd0d6b6b894db70a523260d903f2e3a10637b1b6c8725f7fe2210
81,1764562478.788759,0.000019055,0.000019847,0.000020408,0.000015308,0.000018694,0.000032470,fe2d5da8eed733f869ce61beb9e9a7ebad27a601814279815181804763007925
82,1764562478.7898836,0.000020218,0.000014798,0.000028122,0.000015669,0.000019686,0.000034504,0a1dac351dda048d6cdc8d6e3f9a5b4094b20269a62c375a53d04860f917f9b1
83,1764562478.7909608,0.000019346,0.000014076,0.000018815,0.000015739,0.000021540,0.000032630,d87cf338693d6aba287086a1292a9e28315f9ae0f524e3c06d6b9fc8fe9ad791
84,1764562478.792018,0.000019265,0.000014046,0.000018764,0.000015319,0.000018334,0.000032520,8029198633fb23ef9eef88cc8d56f2ebb44ad8eb4136d0ce61e2c9f3bb163782
85,1764562478.7931154,0.000019126,0.000014236,0.000020027,0.000015118,0.000018634,0.000033231,15c1d675696ef7189ae3cbf57ac154bf14ceb48025ab8457091c7f2f024602ca
86,1764562478.79431,0.000019677,0.000014677,0.000018424,0.000017092,0.000021971,0.000035777,789bf586dd6957c1528ae561bd3fb5737e48baa863e8ae2f127186a5547e99da
87,1764562478.7954252,0.000019136,0.000014968,0.000020237,0.000016391,0.000021099,0.000033642,78f033e06ce131f8e909d8b04b703491efc7f82f582a092e3486f25b9865172f
88,1764562478.7965233,0.000019486,0.000015629,0.000019285,0.000016010,0.000019416,0.000034344,8096b7fb1b91f652a37ef0a93797bac6e153902686f6ee2b3171ae5bd937df69
89,1764562478.7977877,0.000019216,0.000014897,0.000030627,0.000016591,0.000021580,0.000035595,dc32e2a0e8ee05ba9d4f7bf5b6a8caa99f9e83f509b1d9113559a585d1dbfed9
90,1764562478.7989376,0.000021139,0.000015037,0.000019756,0.000016150,0.000020819,0.000039293,f4286333763553e8e39528e010f4b5c7479a6ed1634f929e87873702e87ef47d
91,1764562478.8000133,0.000019316,0.000014707,0.000019025,0.000015819,0.000018765,0.000032680,f5707ec47dc68ba20b301b89ecf968628bf38937dc4ea73c75787ae210637f93
92,1764562478.8011167,0.000019646,0.000014557,0.000019506,0.000027471,0.000019866,0.000032761,f85c89b6cc43a54e00eb75dc8b1f1f7c443bae6d93a068019c9a31c5bb7b792f
93,1764562478.8021946,0.000019837,0.000014688,0.000018945,0.000015719,0.000019185,0.000032790,310f384005ff4a1708d48c8853a25d525b7117d6ffd0b93b4987d9681bc5832e
94,1764562478.8032463,0.000019897,0.000014447,0.000018845,0.000015319,0.000022622,0.000032751,84173d9f3ee0162ef27a2167e60aa7ecc2bcafbf2f267bb690ad7bb9e515cd27
95,1764562478.804307,0.000019657,0.000014277,0.000019396,0.000015338,0.000019145,0.000032490,98e90a3a4bb88eb41b192e85e65310ca6f7d967b4cf136c45f15bebbff8fa60d
96,1764562478.8054118,0.000019296,0.000014276,0.000018785,0.000015779,0.000019296,0.000032971,3547f30f6bf18daf97df2223164811afbb100daaaea27849e17000746112d11c
97,1764562478.806617,0.000019647,0.000014416,0.000019726,0.000015860,0.000021440,0.000034934,1e1b7cf867c6c8d8bac9963934c577853b488b2df612046ecd57ef831efb6949
98,1764562478.8076887,0.000019796,0.000014617,0.000018524,0.000015839,0.000019617,0.000032240,6e7cb3a3119499bf81b40d440cd8dd73f732004d6644ebec7c4e1fa03d320b0f
99,1764562478.8087559,0.000018965,0.000014487,0.000019185,0.000015699,0.000018915,0.000032701,fe04dec42e961536809e9c6c2b6111eed17a08f38ac65b0db230133d68edb9c3
100,1764562478.8098068,0.000020247,0.000014436,0.000019125,0.000015770,0.000018885,0.000032801,75310b47925fec2a0a74e598657afeb9f652a5389ff4eb743b36df89057f9f6f
101,1764562478.81087,0.000019756,0.000014807,0.000024906,0.000015528,0.000019145,0.000032740,729a25a2702a50e656237fcb9b13d60047334f8364d9a247de5f8e1d2b3ad44c
102,1764562478.811962,0.000019466,0.000014056,0.000018675,0.000015669,0.000018244,0.000032560,c30d02f81f9fdc82637dc5772e706d4e96e3355df6085a9c8feac93dda17118b
103,1764562478.8130336,0.000019857,0.000014567,0.000018945,0.000015468,0.000018254,0.000032250,e048ad92090d658eb780faa7b4c67359ffedc85349096b011d8c46812170d2a5
104,1764562478.8143,0.000019436,0.000014287,0.000024655,0.000016481,0.000019556,0.000041887,3a4ee82c2ab466a604054a481685fb8753f81434d72453e5ad40fce29ecf1f11
105,1764562478.8157337,0.000031618,0.000021410,0.000021830,0.000017392,0.000022602,0.000036578,8511aadf507c182316f6eb473cb90374569fc3b0f8158573fc68e1f7fb88ae2b
106,1764562478.816837,0.000027791,0.000015769,0.000019356,0.000016050,0.000018785,0.000032810,b6bbb0db615f127a0492eec79eb00fb1561a42370b3b76b0251fae19d338f88c
107,1764562478.8179116,0.000020598,0.000014708,0.000019296,0.000015639,0.000019456,0.000032660,96d698a3cd9a9c7c44ecf7578b3f7ad5749a54f94b7c3fe8b3676ac18223f623
108,1764562478.8189733,0.000019907,0.000014447,0.000018895,0.000015338,0.000018344,0.000032611,700180c50e110572efb1c8e649ee5c78a41247bd242952342c540631247dc521
109,1764562478.8200364,0.000019426,0.000014156,0.000019646,0.000015568,0.000018354,0.000041717,97c9d5992a604f87d1f9d4cb3b9b5276237663462adb2f1babdea39170cfac6c
110,1764562478.8211145,0.000020267,0.000014176,0.000018505,0.000015208,0.000018975,0.000037960,042cd8319f3b50a28fb633d0b095322f2a58859635fd782c85356b566ad7b799
111,1764562478.8224528,0.000026890,0.000020718,0.000021089,0.000020979,0.000032370,0.000044563,f13e004a6c3e9594ad1a9f98b8e27f3815ecd82454e763985a0d5293c3daca27
112,1764562478.8235307,0.000020718,0.000014707,0.000019386,0.000015549,0.000019186,0.000032790,632e8d79df9ac3b5e07eaa6c218e1054b32b31d6d075de8cf2b83819aabeedf1
113,1764562478.824589,0.000020218,0.000014938,0.000018604,0.000015248,0.000018895,0.000032560,8ad6de1bf24a1124aa2e3ccb0f37638eb8f72276589ac437754483573d59533a
114,1764562478.8256476,0.000020087,0.000014406,0.000019205,0.000015729,0.000018865,0.000032921,89acaef4815bc225e85c813d2a1110ebd6db87f90d6850a54a16b5734a8f5cf7
115,1764562478.8266928,0.000020348,0.000014918,0.000019176,0.000015498,0.000018505,0.000032841,8d54df0cd8aa026ed7b4aecd9684b1a1812ca98749714c23dcaa13d080984434
116,1764562478.8286088,0.000020077,0.000019326,0.000022131,0.000038531,0.000060602,0.000075229,1156df8b960cb7bd2a9bdce6fe6bb4f0bdfa08e7264566b7fe8dba0870d2824a
117,1764562478.829975,0.000020959,0.000015198,0.000020357,0.000018815,0.000028323,0.000043741,e374a444fd9ed9ff9e46d1c07607282502c9803ffa34aa8ff823180b2f673f12
118,1764562478.8312676,0.000020738,0.000014838,0.000020338,0.000030276,0.000022682,0.000035936,3a7ea95eb2411c75a552c6d12457daf5aeed82bccf8976bb38cfd977cebbb376
119,1764562478.8323624,0.000020719,0.000014487,0.000019096,0.000016079,0.000019205,0.000032460,e778afd68a1463c4a861157d3585d3e65f758719a565e36630dafe9123d7fd7a
120,1764562478.8336422,0.000020047,0.000014386,0.000041317,0.000015288,0.000018454,0.000032650,9ea0679a139fecca41f1c6ed690d7068772463b64b2a38b64406b163212b2c6d
121,1764562478.8352022,0.000053138,0.000030616,0.000020047,0.000022622,0.000018364,0.000032661,b8d32a19b272735f49c84846900fb0a129d57a109450edadd7a39ece8b483199
122,1764562478.8362947,0.000021179,0.000015409,0.000019736,0.000015508,0.000018684,0.000032700,5abd027e7209351b09be416c0f1acfafa55d05d7b3ccb028d609afae48bcb4f7
123,1764562478.8374457,0.000021460,0.000021109,0.000020558,0.000016540,0.000019136,0.000033031,c5263d8d5f53da5fa1460e39e2b98012c67a0c60064f5b643cac2510f9f9370e
124,1764562478.8396876,0.000028823,0.000015880,0.000022912,0.000043149,0.000079397,0.000085728,e182bc9024ea1053ea9dfc2564b8761553096c862dd04edddeb481a635ae065f
125,1764562478.8410985,0.000020989,0.000020298,0.000039904,0.000016691,0.000020148,0.000033401,c30a652ba5fd576d9f655070ee7c8d09cb2b5c62ec2381b7a8cfd44de0997a10
126,1764562478.8424828,0.000040936,0.000029204,0.000020107,0.000015849,0.000019606,0.000033452,44e8c1a9ec7165faa5380a25e36d88a437ace34481eaa1d076068f558fa38e71
127,1764562478.844125,0.000021009,0.000014737,0.000020788,0.000032851,0.000042479,0.000068256,ac32f2e96312b895126d04a3461f5f444207beea0e5aee2c629d74a231cb666c
128,1764562478.8452365,0.000021310,0.000015268,0.000020508,0.000015829,0.000020158,0.000032219,e257291de0a29bccc5172ed486a7e52852c8d800e890462fb32b48dc5b82d43d
129,1764562478.84644,0.000020948,0.000014968,0.000020257,0.000021310,0.000024315,0.000034103,d5dad4e95c7394fcd765ffa5577426715aa29c07ad915d36352dc3680f567b69
130,1764562478.847653,0.000019846,0.000014577,0.000020097,0.000016340,0.000020938,0.000035335,003be41680de3cbb84e4f3e1081cd14b6598844edcf0e6c19b6295248685bbff
131,1764562478.8487432,0.000021109,0.000014908,0.000019105,0.000015869,0.000020498,0.000032810,cca6579b3722107f74e56ce4e815150a980b5a47729b6247fb414b3681a6453b
132,1764562478.8498137,0.000027220,0.000015248,0.000019216,0.000015589,0.000018705,0.000033171,76a981cfbabe023a8e823deed2ddad92315c7b20a78c640474a03f2e003f812e
133,1764562478.8508825,0.000020828,0.000014467,0.000024886,0.000015398,0.000019496,0.000032671,30f656b1945c4a6add5811541e3f5cf78d5f6a44540e565e037ff822afb36399
134,1764562478.8519409,0.000019827,0.000014637,0.000018895,0.000015369,0.000018214,0.000032870,c4c8d9c6b233c8ca5145866535ee917b218e4e7357aa09df912cdf725c663d5b
135,1764562478.852978,0.000019997,0.000014156,0.000019165,0.000015639,0.000017823,0.000032620,6e6aa7a2bb6fa704e2b6677118eccc434cb330272f042284902cbe33764a6430
136,1764562478.854069,0.000019706,0.000014436,0.000019055,0.000015739,0.000019335,0.000033122,9d908bbc7fb55f3cc008cb9a30f182586332ae989cc679ec76dd580687b73532
137,1764562478.855296,0.000019506,0.000014547,0.000024786,0.000020388,0.000020077,0.000041266,e988e17ebfd4608d1806abd8a0b6866fa077d96cfdd13285e07aa614eefb5650
138,1764562478.8567078,0.000025287,0.000015368,0.000040575,0.000017051,0.000019316,0.000033512,e0f73dc59eeea3dd80aa0a3117b5ef00ed23f338f975db44fbebfb7a3d61d85a
139,1764562478.8586657,0.000025377,0.000016361,0.000020989,0.000022552,0.000055082,0.000045675,3eddd5c01216a50f555b94321f5c3cbc02a95badc3c12d91ffb006e1d7c7513b
140,1764562478.8602448,0.000022100,0.000015108,0.000020678,0.000030967,0.000036879,0.000074578,f34bc85669c7ee6a8b0b087956f547d31776aca35ac44f8c1aeac378e6ef2034
141,1764562478.8614352,0.000020919,0.000014747,0.000020177,0.000015689,0.000018824,0.000032571,e0b38bed3904526c881b8b932558fb2af230de01df0e344e4d92b6d1ee91655c
142,1764562478.8625298,0.000021700,0.000014907,0.000019256,0.000015539,0.000018565,0.000033241,c7bc21570ea8255a4580f20b2ad7877097e70d66a1379ffb47391360b98ced35
143,1764562478.8636749,0.000020057,0.000015258,0.000019987,0.000016401,0.000019867,0.000037158,ddd1d0e50b2d1f57436f9fb512f3a49a3b2e92d288e16a1f62d6a4622cf2e9ab
144,1764562478.864839,0.000020167,0.000014717,0.000020097,0.000015899,0.000020207,0.000035045,d3e73126d56ddae73a172b41972d88f755352893dd1510d9b276cf616c86dc8a
145,1764562478.8659086,0.000020908,0.000015919,0.000019436,0.000015679,0.000019496,0.000032811,48d91059b98cbd2a721e3c5535548e2a5a84f56bd468265edc9f9c42e67a4e18
146,1764562478.8669772,0.000020418,0.000014577,0.000019206,0.000015388,0.000018555,0.000032621,65cd182782ec80fd5ff1df9ac30a8f88bb967ff98ebc71c3b8336e8268d5b261
147,1764562478.8680437,0.000019676,0.000014477,0.000019786,0.000015558,0.000018845,0.000032480,63580c89b6c03ea1646520ed8311440ade41713ca7692ab8582f035c326857d7
148,1764562478.8690872,0.000022531,0.000014366,0.000019156,0.000015679,0.000018514,0.000032560,402ac49cb6a3537d8e89f2ed5aa81f6010002214ba7cb7793a993bed3b4f3f07
149,1764562478.870141,0.000019997,0.000014387,0.000019126,0.000015088,0.000018374,0.000043099,96984a75a33856848450d789532ee18308335746e2871aea57d1c8afd561ec91
150,1764562478.8712137,0.000019897,0.000014897,0.000019496,0.000015659,0.000023423,0.000032510,c57411e0c029665e261f0b75ee8bde8cd172f8df89d289e874e71eaf6e16f246
151,1764562478.8727098,0.000019496,0.000014867,0.000036167,0.000018745,0.000023444,0.000037159,105f079155973c6b31bf83c19707e0308023e8c69d437b15e7588ec988e3c1b4
152,1764562478.874027,0.000032099,0.000016791,0.000020708,0.000017081,0.000024746,0.000041637,e60025cb2a58c8d33f5b93161a759c507d2d8428404200991de23dfa97582f63
153,1764562478.8751247,0.000020909,0.000014827,0.000019626,0.000016050,0.000019075,0.000032700,fe841162c61768bb1beee94a142a5c761b2e2ac187a43cc1a68730bd462cacc8
154,1764562478.8761752,0.000020337,0.000014136,0.000019066,0.000015468,0.000018354,0.000032771,7bd2800594a8606b67c0659a63fb2c53589b44d03103b54b26f70b0bd98f109b
155,1764562478.8772628,0.000019797,0.000014437,0.000020167,0.000015329,0.000018514,0.000032610,c777096b7a1e0ac57aba50559bf9f13a7417c7627b597e7636136d30d5e34bdf
156,1764562478.87837,0.000020778,0.000014758,0.000022010,0.000015488,0.000018173,0.000032169,df5ab7d2ef86a4e76bf34b6d18f5f305fc0ad1988b4d59f35f95c4dd3629eee4
157,1764562478.8794596,0.000021560,0.000014747,0.000025126,0.000015538,0.000018505,0.000032199,b38bacf978605376c46e71d9cde185a7a087720837f56c300e733dd994bda9b4
158,1764562478.8808184,0.000027060,0.000020658,0.000023373,0.000016360,0.000022912,0.000039373,0dca1e95fac813dede8ffc1bb0468a4b1d7b669f035ba9aeb4fc2c68457a0aa9
159,1764562478.882054,0.000022773,0.000014908,0.000020568,0.000016450,0.000024475,0.000034063,95429e12ea0a0a704bb5c1e6783075f63d3703b9e8312e7a272f542a2d0bebb5
160,1764562478.8831134,0.000020669,0.000014597,0.000019386,0.000015519,0.000018474,0.000032781,0722a430c8593260b9990c4513d3cf63715cbade3cd6a26e21eb777e46b547fc
161,1764562478.8851743,0.000020327,0.000014757,0.000018815,0.000039133,0.000065862,0.000076602,1e70b19dcd99044b5ba0035f023b44dbe6f0c8392f50777798c558761d90d886
162,1764562478.8866014,0.000019486,0.000014667,0.000020528,0.000031999,0.000036166,0.000038080,781bfea356aea0f78de060571d2ac53d21bcb31b481bd9ecf913fea1985a4731
163,1764562478.8877835,0.000020268,0.000014557,0.000020458,0.000016831,0.000020979,0.000033131,da5131e882e5cefc8a78192b1682eedc966634ffd989e327b12e5b0c3270dd7f
164,1764562478.8892598,0.000020758,0.000014878,0.000041417,0.000017012,0.000021059,0.000035035,c8568b108f7661a35af41e69170b55c8de452fee0ae9012af0390967238bc104
165,1764562478.890967,0.000041136,0.000029094,0.000020157,0.000027270,0.000052778,0.000049622,baffe91c0233c59113ec19ea5ee39406fe4e2292d021febe22245b28f29a51a5
166,1764562478.8921351,0.000021640,0.000015088,0.000020999,0.000020448,0.000025377,0.000033942,9318c3d6f8ff7e1b70e326f8731965780f0b4cfd14277dd08bcfd64b8f539bcf
167,1764562478.8932307,0.000021590,0.000014747,0.000019436,0.000015829,0.000019256,0.000033252,e51593eb719e8522f3997576c88d6b6fa73ffa65ffe3474daf0990f4b417425e
168,1764562478.894279,0.000020828,0.000014888,0.000018845,0.000015388,0.000018764,0.000032821,140877eb36c1d4012751844ba2a9996a9aa5cf4282be7f1e08217c4e89c370e4
169,1764562478.895337,0.000020228,0.000014276,0.000018855,0.000015629,0.000018434,0.000032640,820bf562ed78c97043c4dd469d9e567f66639fafd6f1015dbe9d9b7bffb3d5e2
170,1764562478.8969462,0.000020487,0.000014477,0.000023654,0.000032600,0.000037620,0.000065521,cfc01d3b9153731b728c5824aa219e389211e04b8833d2ab5244189af4995191
171,1764562478.8981981,0.000029084,0.000017091,0.000020258,0.000016271,0.000020928,0.000034414,44353380ded6880e71d4cf06bb250ec8e72d14742c7d5507cd9952635ab1b8ac
172,1764562478.8992805,0.000020198,0.000015037,0.000019155,0.000015478,0.000018814,0.000033311,f6583d7d581c7516233c212532520692ef4f1e0511ea0932173e32c633f66c99
173,1764562478.9003482,0.000020287,0.000014838,0.000018965,0.000015349,0.000018464,0.000032891,828e84daf81abc00265f1c7071a6de83e31d7d8bc0032bc63d5b565cccd51d87
174,1764562478.9013965,0.000020608,0.000014437,0.000019095,0.000015208,0.000018063,0.000032711,dc91897dbbd7adb5e4b0fbe18f9c80986cdb0dc49987f75ee5d7b4b840069d25
175,1764562478.9024594,0.000023273,0.000015018,0.000018895,0.000014997,0.000018133,0.000032710,6bf2e0c8306cebe0b4994c3249c2b1e46ab741ec63ade0e82ddf6b778532a6dc
176,1764562478.9035237,0.000020298,0.000014407,0.000020368,0.000015238,0.000018104,0.000032771,20ab80f204cd7060687d6e12f17d386f9a6147c59c8c5b5b7d83080a3e5657b1
177,1764562478.9049098,0.000020498,0.000016891,0.000051455,0.000014998,0.000040355,0.000033992,7404c9f29431f492d655b20376c5f15aa1448ef0718e6e575c30f1da7706158c
178,1764562478.9063926,0.000042138,0.000030407,0.000020117,0.000020658,0.000027611,0.000052156,647317c7bae5eaf813082e25f81b5cd953fb28787d2cf0c94b822fd9374e36ba
179,1764562478.9074645,0.000020768,0.000014897,0.000019916,0.000015449,0.000018193,0.000033211,73bf7f1d5ea40253ca9f37e9ec357cffa6b5ed351e557c50f39c7b9585a4a69c
180,1764562478.9085145,0.000021800,0.000014326,0.000019195,0.000014998,0.000018454,0.000032851,0697e00d144848b8485065501bb798cc79b4d4f091dd5c95ad9414ed6144cb3a
181,1764562478.9095578,0.000020618,0.000014668,0.000019246,0.000015148,0.000017893,0.000032560,8e4a76cbb5f5d68c777a3f766456dc59589e7df75d51527830b8ade93583ea94
182,1764562478.9106011,0.000020588,0.000014286,0.000018935,0.000015349,0.000017763,0.000032560,0f636c67ba09f16f3b6cd2adaa87e09145b10233024f70f66ff06864c23dbeb6
183,1764562478.9116557,0.000019707,0.000014397,0.000019176,0.000015378,0.000017883,0.000032611,0472198695ce021e94bf5199b77546b202b13efeba9a81edc29c81f3c3775e79
184,1764562478.913238,0.000020588,0.000019286,0.000021700,0.000021340,0.000041407,0.000042558,f9786bbebcd48557d7c35200d3fecfe68ae368570a603b3d54f65b89620acdfc
185,1764562478.914623,0.000021089,0.000015138,0.000020497,0.000017453,0.000035706,0.000037128,66e2dfa691171eed77ad57c9108cd6d22ce196df913bd1cd2d31eae91df12dab
186,1764562478.9157052,0.000019997,0.000014958,0.000019195,0.000016000,0.000019586,0.000032890,2791acc899397d42b1e12b17527aec2dde1f0609630e34f9e7b61e6a596fdd07
187,1764562478.9170012,0.000020178,0.000016651,0.000019066,0.000016150,0.000020839,0.000033481,1b736f44326658e3faecca851eded72c4cc9b18de722fc737ea3aa8c557c9fbf
188,1764562478.9181597,0.000020478,0.000014647,0.000019156,0.000022131,0.000081651,0.000032860,20da64ba90df82b93aa2c0addd57798f53e10a50c245979b5bc01e6c93fa2c7f
189,1764562478.9192383,0.000019596,0.000014617,0.000018915,0.000015449,0.000024275,0.000038771,8b1ef0ed3fe8ece1c0dc8e3f654b559b4e5f8655e75af3a6601ac473ca010197
190,1764562478.9209516,0.000019235,0.000015178,0.000018785,0.000036728,0.000049381,0.000073445,555bb411d962281e12f61bb4c65c80bcd500d845a2d681e058a5c34dbe63a67c
191,1764562478.9226463,0.000019085,0.000014367,0.000030336,0.000043611,0.000049752,0.000074989,587ba55f199f9f70000e6b012a60dda4db0e72c6b5f7fa64fd6475ebff2b6f22
192,1764562478.923924,0.000022933,0.000015499,0.000021730,0.000016700,0.000021910,0.000039923,7e21cce94e29032bf3ca6835ab3d81133bbade016d9105925963050ae1932ad2
193,1764562478.9250333,0.000020779,0.000015068,0.000018975,0.000016159,0.000020447,0.000033672,ad37b380cd82abcb7cfb031b5c8e5216536075fc47b1ba071e482b18eefe2ddf
194,1764562478.9261048,0.000019315,0.000014576,0.000018845,0.000015148,0.000018885,0.000033041,907f0fcc7d4c873939bacbf81f1d601a21640b768a3cf24fdc9ded654a68f109
195,1764562478.9271564,0.000019526,0.000014527,0.000019035,0.000015529,0.000018805,0.000032540,42e5729b904b2e6bc8809edb6a94ec6edcb4a673e60a1f4f9578870d63c8c107
196,1764562478.928234,0.000019526,0.000014327,0.000019557,0.000015618,0.000023994,0.000032650,c314eecf907546aa2371876b90d18607bc22a398636d448f2a5ac842474f495c
197,1764562478.9293544,0.000020859,0.000014717,0.000019406,0.000015548,0.000019686,0.000036367,acf43edae4f7c9d56d2bc84e9a9aadc1e64df7b580cbbc98468e97d4c450bb3e
198,1764562478.9313362,0.000020108,0.000014477,0.000033081,0.000036417,0.000053709,0.000081080,e89cd9dbe8309ed2762548c6a498c741ae7bd99f88d85899b4cd09ee822d91d3
199,1764562478.9326787,0.000022992,0.000016951,0.000019977,0.000022932,0.000066192,0.000040525,091381d4cb694b9ed41e7fb31e0dc0978c2d8096318ff030ce957fa6cfc204e6
200,1764562478.9337687,0.000020518,0.000014988,0.000019065,0.000016150,0.000019185,0.000032941,ce63ebb68ae2293d331a6cf1e05da4fb763babfba0e49b12cc11ca72bdfb8e14
201,1764562478.934861,0.000020247,0.000015078,0.000019346,0.000015759,0.000020719,0.000032651,8d06c42d3ebefa536dd8d9affa7eb236bb60225413000347265c3766011fbd3b
202,1764562478.935901,0.000019646,0.000014347,0.000019205,0.000015188,0.000018223,0.000032470,ae2e8f472b22b9894e38878d76f2439b5e0ffd35aefcaddc98d695af225f7d58
203,1764562478.9369493,0.000019476,0.000014677,0.000019105,0.000014798,0.000018344,0.000032621,b3df9012d3630427f669181b947d0a27fd1e28c80f62548be6372e671124d8c5
204,1764562478.938031,0.000019536,0.000014426,0.000018815,0.000015348,0.000018825,0.000032670,bc48db8eeb68809d139bf147d74b8b58df4648114d0c751b2062e6e3b71a5bb8
205,1764562478.9392312,0.000019927,0.000014677,0.000020017,0.000016460,0.000020378,0.000041247,f4629ed76c0a69c525b7bcf3982e5a7bc22510bfa36aed1679e09861d8cfd5aa
206,1764562478.9403,0.000019536,0.000014798,0.000018935,0.000015359,0.000019997,0.000032551,2195e0c60164884ff85650286781a757257bbab21390a31f8b88c9e35aeae454
207,1764562478.9420292,0.000019737,0.000014637,0.000018705,0.000040555,0.000075650,0.000080929,539b4b74ea0b0d988a3440e08a9392c894b6b84951c60cf22a6ec1d94a18cd62
208,1764562478.9435482,0.000018825,0.000014537,0.000035946,0.000030356,0.000043531,0.000063939,a0093fe22243bf9294ca198e78475b8e6b597f73690bc1235e31fe0ceba1b6c3
209,1764562478.9446666,0.000037369,0.000014777,0.000018675,0.000015048,0.000018294,0.000032620,e92f8d0d03f784fae72332704ceb79006543d5d584f191233e52a7b2de114195
210,1764562478.9457211,0.000018955,0.000014216,0.000018284,0.000014947,0.000018735,0.000032119,548dc8020d66360554bf705aada901a7125079b6db1d84c03db3f26d2387ff97
211,1764562478.9471145,0.000019035,0.000015178,0.000046596,0.000016621,0.000020137,0.000033552,bb58467642de83fd07ff164eed1959de256abcd1482d312ff8871604431f5236
212,1764562478.9483793,0.000032951,0.000015077,0.000019957,0.000015889,0.000023484,0.000041517,b96389798d486482de5f77be6ed22576e82bfb901403c7a818bd425de190028d
213,1764562478.9494534,0.000021170,0.000014457,0.000019656,0.000015228,0.000018444,0.000032580,26f6ef87b1fe753c3a8b40b0bdde265ecd1dada75dda70ace9851c9e5384df4c
214,1764562478.9505277,0.000020608,0.000014847,0.000019165,0.000015729,0.000019216,0.000032651,58d9227235ed2ebd3a9bfd2776aa6e4e40a818e878c4caa72bde3ea35a1ac3b6
215,1764562478.951564,0.000020297,0.000014587,0.000018714,0.000015338,0.000018464,0.000032520,a7b4116d6b12e8b6f95c8e3e1298015a9fc05955315de226620f0dc7db874d6d
216,1764562478.95261,0.000020248,0.000014577,0.000018985,0.000015348,0.000018564,0.000032530,6505c431431a9b6aea222614fc79ea6c4e8b6a39d4a453e58168fc7e60f5b700
217,1764562478.9537046,0.000020347,0.000014316,0.000020708,0.000015168,0.000019036,0.000033061,466f9bd811e27580b2d411fcec601360718c747d42cca5463dfc1b05cce3166b
218,1764562478.954766,0.000020538,0.000014988,0.000018805,0.000015158,0.000017993,0.000031999,5cebe69dfefbc7c946d542ec8ed3a9f891aaf6b6fcb4d62bb891563d23270b44
219,1764562478.9559805,0.000020277,0.000014637,0.000020308,0.000019285,0.000022100,0.000049712,8c76a1aa13bf2514e60c1fa7d086fa23afde528c733ad248deedd8d34f6d9d71
220,1764562478.9570522,0.000020147,0.000014397,0.000018384,0.000016160,0.000019316,0.000032250,4f0e0991661c585a3e7a83f7570755b2d1e2fcdbffd369b0cb09d05923a4e875
221,1764562478.9580948,0.000019797,0.000014266,0.000018585,0.000015589,0.000018945,0.000032520,4f9125642c026638c54b6dd2393dbaa5c97905636205b0ad04c36438e1932292
222,1764562478.9591744,0.000021029,0.000016791,0.000018875,0.000015318,0.000019035,0.000032610,f5521f454a7eb252dbc98a18bc1519dd210f15a1e0080a626e136b9564324583
223,1764562478.9602354,0.000020217,0.000014407,0.000019065,0.000015809,0.000019146,0.000032781,17d1d8b0ee7ca96ef9b9e223c5deeaabc580deeedbd5dda275d78f84390112d3
224,1764562478.961263,0.000019816,0.000014658,0.000018474,0.000015158,0.000018013,0.000032650,48ea27c7cb301954cc80b66d72d6f42104476215929461fe805e78f560eea91c
225,1764562478.9623218,0.000019476,0.000014356,0.000020297,0.000015038,0.000018485,0.000032790,7148156afc17835d6ba40bf6bdf8fb3f27b6ce34ef46276513c7b5be919e1fb6
226,1764562478.9634387,0.000021099,0.000014457,0.000021490,0.000015309,0.000018374,0.000032490,b806a784d80e4ae170d4ef60f3097241d9eedc790ff6e0f427cfc9057809af24
227,1764562478.9646344,0.000021059,0.000015568,0.000021079,0.000015498,0.000019917,0.000033192,5f8df402e408c64d372032f63b92a91b4db44061631225ce77d67502627901f7
228,1764562478.9662077,0.000020017,0.000015238,0.000050364,0.000017963,0.000028101,0.000044271,ca458a4251569262674dd9fb3954ae082a3236aec7adcda8ad9c06e39422d9f3
229,1764562478.96761,0.000043580,0.000026920,0.000021600,0.000017552,0.000024625,0.000039774,ebda80d64d3758291754817879270c88449c8c1a243363d345e9e85ed85e6a7a
230,1764562478.968708,0.000022151,0.000015599,0.000019196,0.000015138,0.000019786,0.000033703,ff4ce3f31b5e4d51d1fe6709b84c315ac9b3d006eb085f7eea0f278c59e3f706
231,1764562478.9697742,0.000019747,0.000015489,0.000019156,0.000016461,0.000018915,0.000032931,b27107091e326cf2b01d52832fcddb9da5b28803440e775e0f6ad1f914f7951f
232,1764562478.9708903,0.000019626,0.000015298,0.000019356,0.000016951,0.000020729,0.000033081,c449ffcb70a4a0f6d2b6ce2771b216c3f155837fa353bc09e8c761ca63bbf588
233,1764562478.9719968,0.000018955,0.000014567,0.000020047,0.000016150,0.000020588,0.000035996,b61af704b46375a586904ac8f9489cb574a95f44b4eaa5ecebba033b6f37afc0
234,1764562478.9731019,0.000019566,0.000014437,0.000019706,0.000015930,0.000019776,0.000033982,1198d8072bde5519479d77a9767ed135ef37a13206cdda300bacf62870c24430
235,1764562478.974181,0.000023182,0.000015398,0.000018805,0.000020978,0.000018734,0.000032580,2892c1ccc9a0d7fbcd9cc38ed78f53b233797b7a0e8f5c160fb9bc9b96ac2ef7
236,1764562478.9752085,0.000018795,0.000014928,0.000018524,0.000015990,0.000018835,0.000032930,e8c41a4d281e603e7d59740ce6fd10d73d8d50f9acb17f2f778b9a8fa5ba6f17
237,1764562478.9765818,0.000019155,0.000014036,0.000020568,0.000033492,0.000043220,0.000066723,966833803b1444478ad828652d99c166815bcd2b135b0a5036356a491627e3ff
238,1764562478.9778883,0.000020087,0.000014587,0.000019727,0.000019376,0.000023634,0.000039954,b43b554f18635c4b2e285db6cfa4ed6b397ac9228443b660ad7670ef7f90a92f
239,1764562478.9789913,0.000019876,0.000014958,0.000018895,0.000016360,0.000019756,0.000033692,206b023efddf13c6057de54f3286237364c1b3451bde76b3fd1145cb0c75c85e
240,1764562478.9801264,0.000019626,0.000014697,0.000020368,0.000016100,0.000020117,0.000033221,beed2d7e220f6533fc5797998c8fdd9122c25963e65daf2b14995b1ddcd31685
241,1764562478.9813273,0.000020327,0.000014617,0.000019717,0.000016230,0.000020128,0.000033712,712f16eb0083642248c66daae44d6dd1764907f6e8523157cf22b0d11f0c9b62
242,1764562478.982386,0.000018925,0.000014687,0.000018655,0.000015799,0.000019727,0.000033041,f4a760448462bb72c2cf6169b833e71bfa0f5855df10adb9d26c96a4120cf839
243,1764562478.983445,0.000019135,0.000014397,0.000018814,0.000015739,0.000019496,0.000033402,3c29e52eacba8bb024efc1ba461026cf5a4e03423f165b1e7d9b888aefcc50ac
244,1764562478.9845135,0.000019246,0.000013996,0.000019806,0.000015749,0.000019857,0.000032711,f005a21d6f5cac80bd73d164f1f3a549dec8777c7ee678942c0bc996c34f2387
245,1764562478.9855502,0.000019196,0.000014207,0.000018284,0.000015258,0.000018774,0.000032700,168087b3035a8e4b3fe17e74b97974949d0a8e122069cf665a9bc83fe68b3cd8
246,1764562478.9873846,0.000019026,0.000014416,0.000019345,0.000033853,0.000098102,0.000047368,ab123e368a08e01b686c67b40af08b176eee8a00e86ec80e8aa91ddd2d490d11
247,1764562478.9884953,0.000019216,0.000014216,0.000019236,0.000016760,0.000020578,0.000034794,9576ffaa8aaca4633c217e452e066cd5f109e45653e36d95d3ca2c72a69e4d84
248,1764562478.9897451,0.000019195,0.000014217,0.000018765,0.000017703,0.000023905,0.000066553,a0931916a4c536fcd480d0222eb1adbfa4a5c789dfca44a9d79478acf9aca6b9
249,1764562478.990879,0.000024155,0.000014668,0.000026138,0.000015910,0.000018975,0.000032950,c08543561cf9511e742a7931f9365a89c1a8bf89026a444ec11ab0797ed56cba
250,1764562478.9919462,0.000020528,0.000014537,0.000018515,0.000015469,0.000019216,0.000032761,fa486f52a14387329a447b2c1b12e4a8328623617b5a394695a5751548f9b498
251,1764562478.9930084,0.000019205,0.000014306,0.000018735,0.000015799,0.000019386,0.000032690,7d5a5f7b7593daf90a8940eb8686fd5883d951b228193ea7703356358b4c2de6
252,1764562478.9940453,0.000019316,0.000014186,0.000018204,0.000015318,0.000018554,0.000032650,f58db0d4cded64399849e0b898712be0cabe69e40a2f35576567d70671d350bd
253,1764562478.9951026,0.000018875,0.000013876,0.000018734,0.000015509,0.000020067,0.000032751,942e662dd2476723572046c687c1049fb253549007065431a6f9e9114e44359e
254,1764562478.9961708,0.000019316,0.000014116,0.000018835,0.000015538,0.000018645,0.000032921,5a025da005ef9073a29487fcaf4217a52a668ab6d67a4d90e103731ec33a0921
255,1764562478.9972477,0.000019456,0.000014877,0.000019987,0.000015889,0.000018795,0.000032670,35ada178cd282b2b41a892c0dc5be6cdffcb69bff8406f326c8b727260877776
256,1764562478.9983678,0.000020108,0.000016260,0.000019947,0.000015679,0.000019446,0.000032991,ae89d111d9487e1c455dd7dbc20a47901ba4b05502ed4cbb5a5d5cf89e5b3daa
257,1764562478.9998538,0.000020698,0.000014587,0.000018674,0.000024475,0.000051886,0.000046326,1f587a0079e74f18470e4f651647c941fc52a3dbdfd6987edeac6d7997166c5b
258,1764562479.0009584,0.000019426,0.000014697,0.000019375,0.000016511,0.000020678,0.000033832,1f1eecb3b461d7531e0a8d0300af4241eed7a0a24917a4afe4a9aa893cd30e2b
259,1764562479.002061,0.000019966,0.000014797,0.000019025,0.000016110,0.000019856,0.000035435,9d8d6054948171c0186d41f16d8f2f76b7515e93da3cf7495dc71c55ffb3ad81
260,1764562479.0031495,0.000019335,0.000014206,0.000018494,0.000016019,0.000019717,0.000033241,f36413ecac2625141da4838bc45ef78a16fe2c933335d20987f2214578f06692
261,1764562479.0044184,0.000019105,0.000014106,0.000022221,0.000022081,0.000032480,0.000047929,1c93abb275bd5fd1b45e69e6ee2dfd88fadd3eef3c6b263b580b70a19c2ac637
262,1764562479.0059214,0.000020318,0.000015128,0.000029014,0.000023934,0.000036026,0.000052637,c33a8d6a7f064029f218d61edff79ebec72caec7e00960f82d8ccf9df74a58d1
263,1764562479.0079255,0.000026749,0.000016470,0.000030657,0.000039994,0.000063978,0.000058819,89040ba3202bc005dacfedbe6955374a791e36e7a45b006bd606fac6bc710a2c
264,1764562479.0094426,0.000026028,0.000015729,0.000023674,0.000022011,0.000036808,0.000056545,36d2272f9a6551c3ba422106c817a3c1d4c97670b5c1ad72a38ff2e828e33ddf
265,1764562479.0112286,0.000025968,0.000016921,0.000034073,0.000021289,0.000035566,0.000046135,db9f8c29fec87c768bf636598f64e6d2fda9fd01fe8c0a020cedfd5dd5934de0
266,1764562479.0134418,0.000026569,0.000016411,0.000041366,0.000040996,0.000067675,0.000124199,d369bee3240f8def264074d48803c061549fe8a22c04d00534c3b1111ec601ee
267,1764562479.0154634,0.000025677,0.000016801,0.000032090,0.000027491,0.000060933,0.000081711,f01beb5b6ec5943143a8a05363fee3cc4e0e8d335fb9f63654f0d158adb77942
268,1764562479.016945,0.000026098,0.000016771,0.000020377,0.000017112,0.000026879,0.000041316,cf1a48c6bab3ee45ffad892a7f6681ca1173d88113d29239985eb099586061f4
269,1764562479.0180335,0.000020678,0.000014937,0.000019576,0.000016089,0.000020117,0.000033502,39a2936fa80b1abb9475039c96791b86215594005f8f0a2d383c57bbacf856ab
270,1764562479.0190923,0.000019536,0.000014337,0.000019316,0.000015649,0.000019075,0.000033442,6fecede973c6ecccef67320fe09d1602980d64e4b37a1d991268f5b734055da7
271,1764562479.0201595,0.000019677,0.000014316,0.000019777,0.000015699,0.000019997,0.000032871,18d5fd7d7c59378dbc0f266153207f0bed79328e7c31fc62ccb574f1a98f757e
272,1764562479.0212328,0.000019326,0.000014727,0.000019366,0.000015609,0.000019496,0.000032921,021a4d93dcefddfc576ffcb15af851296cfed2f4605029cfb201a36e9aacc8c6
273,1764562479.0225856,0.000019306,0.000014296,0.000048269,0.000015930,0.000020017,0.000033853,f17ef02c6b85eb3ca4dafb66e31c0993e0f70749abbf41966c9c4208e08a971e
274,1764562479.0239213,0.000042749,0.000016430,0.000020267,0.000016751,0.000022873,0.000034544,d6f2cb592d3638bb0e891ea1229c197d8b2005ff9f1491f59763f751876a4d4e
275,1764562479.0250103,0.000020949,0.000014717,0.000019235,0.000015900,0.000019446,0.000032480,d8e2ce0c0ccc2f32ffe20978e7d03f52173d7f210d7e7c0fa16efcfe0bc9b020
276,1764562479.026074,0.000020288,0.000014757,0.000018915,0.000015549,0.000019075,0.000032570,940ca6b55bede3d77d41b8708ecd1e271c160364f85590738f7aa3fcb1dfeeb7
277,1764562479.0273192,0.000020127,0.000014246,0.000020237,0.000015409,0.000019997,0.000078896,d41635ad3e9c7e0f0df6e27b96441b88c78cbbd5046e44cef7e33ab7086abb81
278,1764562479.028426,0.000020107,0.000014256,0.000018965,0.000017152,0.000021390,0.000033863,b441636e8c43b001ddfa2a21de4c20cf2eac636162da67435363e2c72433e7b5
279,1764562479.0294933,0.000019887,0.000014317,0.000018855,0.000016029,0.000019727,0.000032771,557d5d7fe2a25fd759bdea14e39955adaa17a7ac28e0d990423a3a20030ee020
280,1764562479.0308113,0.000019396,0.000014417,0.000041166,0.000015689,0.000019286,0.000032279,19da8cd6f99648f335059da62d52c63386a29c2d1ce54efc1936d64950976506
281,1764562479.0322301,0.000043791,0.000031167,0.000020007,0.000016080,0.000027230,0.000035025,bf7f8a702d7b3614a763578325cdc9219d23ec493aa9613a685d18f9207893cf
282,1764562479.0341623,0.000021009,0.000014476,0.000020377,0.000031548,0.000076862,0.000060422,24de49f9539cabcb04b8547f6a329c0caadb08636f3077e592dc23b68c6e983f
283,1764562479.0352933,0.000020588,0.000015779,0.000019415,0.000015730,0.000020107,0.000033291,372619f5ad1765b369be69102b28bc8eb36632ad080ece5a84a8551e45ba0303
284,1764562479.036362,0.000020969,0.000014827,0.000018925,0.000015538,0.000018844,0.000032690,cc4b6a95adac22c49ccb9d648bbfd5f9f2041868c257c70be39a9ee21f0aa01a
285,1764562479.0378394,0.000019516,0.000014688,0.000021109,0.000032269,0.000039283,0.000066092,8ce0d1c122f595c706152bb3b05e08d418f1abf09418eef99cc4961ab5678e37
286,1764562479.0390563,0.000021891,0.000014577,0.000020278,0.000016801,0.000021660,0.000036607,fbb1c8610ab300470e7be91f3b19f2e4f72ba409079a8178e5e464a8bb7599b4
287,1764562479.040193,0.000021810,0.000015428,0.000018674,0.000022732,0.000019045,0.000033001,9f9d1304fee5f6dc69ca951dcabd43ab8bcc379616c89b451e6b93aa10ab6deb
288,1764562479.0416827,0.000019947,0.000014507,0.000019606,0.000032741,0.000045274,0.000069328,ac0a93cd2e30c01f8526b2d3da98d5b85720a7abf336804406621c8ec4228676
289,1764562479.042755,0.000020638,0.000014517,0.000018784,0.000016230,0.000019606,0.000032931,38f224461242047cf2eadedf50101da2e57b5038a99228b1f993156f7b24b4a0
290,1764562479.0444722,0.000055582,0.000039262,0.000037199,0.000015730,0.000019065,0.000033592,6fe7d86cb64694cbf2746655c1b4e07dd95dd084e0e23c29c5c7536e1443b8aa
291,1764562479.0456915,0.000019977,0.000015158,0.000019867,0.000016391,0.000021560,0.000034363,bf7949cc3ce9c195a21dd6cf4a168a6195858230bed1e014c02defafa73914a6
292,1764562479.0468585,0.000019777,0.000020498,0.000021259,0.000017653,0.000022742,0.000034774,5f9a9845f8dea9d382f7a4ac5b86aeb29530d67ca9bd24e23030530f59e2b2ce
293,1764562479.0481172,0.000021490,0.000020188,0.000020157,0.000016931,0.000020278,0.000034744,98714951fd75a7aeef4cfe056f121b5eafad70cf06faefb1acee314aa8b7c927
294,1764562479.0492244,0.000046586,0.000014768,0.000018995,0.000015829,0.000019616,0.000032239,d42a174365863cd007d68d15bb0d47e453decd89832acf88450777546b40ded5
295,1764562479.0503392,0.000019906,0.000014547,0.000019055,0.000015679,0.000019415,0.000034434,085dc1acf2d8dbf5b9d8cd3143228d4a64cc9fa75d5cb6838a130fd96c5b65ae
296,1764562479.051679,0.000020017,0.000014587,0.000018985,0.000024185,0.000040315,0.000042188,544dc6064ec5251efa2987c903419444639bee43c0f7628c3484a8ef8be4e0ca
297,1764562479.052742,0.000020007,0.000014667,0.000019115,0.000015729,0.000018884,0.000032971,b3df20e5598a9a09a1c24e281ce6cbcd61fadebc0711aead3600dd41a8452aba
298,1764562479.0537994,0.000024806,0.000014967,0.000018604,0.000015389,0.000018744,0.000032831,b10294e29ee9b42fa2ca4f66fe7e0fb1212298d5df30eb84bfa926ed231a7822
299,1764562479.0549803,0.000019465,0.000014647,0.000021921,0.000017202,0.000023704,0.000034283,9a74d42e96870de3143228ebcd942041703d9a3c4dd8f653d47ce24728a1f3b2
300,1764562479.056604,0.000020478,0.000014967,0.000025517,0.000033332,0.000045664,0.000069518,3e5797a6dab4b6fadef8ab75de49dc6e7a9c2d5b13b4399f1e9fdea768fc17ad
301,1764562479.057715,0.000020828,0.000014387,0.000018935,0.000016170,0.000019987,0.000033692,0a6ceaad73e88532b89ac203a8e5f0470b142e8662f05419c918e9ed230b57fc
302,1764562479.0587804,0.000019586,0.000015438,0.000019406,0.000015459,0.000018965,0.000032871,6493c0aa5fe485628152495cf243c1008a0e9e5259c463d716e23cf0c840a7aa
303,1764562479.0600607,0.000020348,0.000014447,0.000019496,0.000020168,0.000034223,0.000038932,e295573352c4737fa1faadb67c26db20a43d9f2fcb7e94b585923b7d7189f1d9
304,1764562479.0611277,0.000019446,0.000014507,0.000018765,0.000016070,0.000019546,0.000037760,63074615ccab15c9779183bdc95137c08546355198ae2afdd01b4f2b3ca805f5
305,1764562479.0622141,0.000018935,0.000014687,0.000019516,0.000016030,0.000025447,0.000034153,54d7753844429bcfa322e6674aaa972966f2e670a0a947baa917364254796ad4
306,1764562479.0633433,0.000019646,0.000014747,0.000022432,0.000015809,0.000018634,0.000033312,b3bdd78b7dc9392bddbcc8b63ba488ac3c8dd90830c0f158deabc46d70b69b75
307,1764562479.0645242,0.000020558,0.000014748,0.000020448,0.000019726,0.000027020,0.000041106,d559958b14ae50e9f7898369ea6095f75caa3f829bfdf6874f8379760dd52af4
308,1764562479.065599,0.000020188,0.000014086,0.000019065,0.000015419,0.000018454,0.000032640,d05102287987b94ae09b873993e4f1f972c619870290990d6eb8536178d68604
309,1764562479.0673494,0.000019386,0.000014517,0.000019356,0.000033211,0.000059680,0.000075078,9a8bcada810c58b3c8bbcdaa1e41b87cb11edad2e7f9157860875e9eca221957
310,1764562479.0685396,0.000020087,0.000014857,0.000018845,0.000016721,0.000022461,0.000037149,cc1ba639417ccb99e044f48f9231f551cb75f68ade072560347a72ac18867d6e
311,1764562479.0696478,0.000019166,0.000015078,0.000018714,0.000016270,0.000021309,0.000035195,ff4c73fd3c5ab9c09e8cc9329182e0862f58f9dec022bb8eb199dc6a02fce5a6
312,1764562479.070692,0.000019376,0.000014106,0.000019506,0.000015188,0.000018323,0.000032730,dead073c46754e9b28ae6e4ab7ad1a70bcaf7bd61eb69dfbc04f6ecd29240918
313,1764562479.0717742,0.000019597,0.000028082,0.000020638,0.000016140,0.000020347,0.000033101,030faccfa0afca6336f9d8c58d3e722fe238c0c1d86d83adcbfe883d29d90fd2
314,1764562479.0729418,0.000020508,0.000021340,0.000021610,0.000016230,0.000020528,0.000033652,4e7c74d389bdf5d29d30f8efe95224a51cc7c7c6984c2542693029d911f65df4
315,1764562479.0740454,0.000019787,0.000014767,0.000019245,0.000015889,0.000019797,0.000032760,e88bd598369c6c8fad6de47949abe595763961db107539e4646b7c2d58fbf9af
316,1764562479.0752919,0.000024616,0.000018725,0.000022151,0.000016300,0.000020338,0.000033161,53bec46a81723febd549e32e8110c55ca1e560d3b601627fba2dd50975bb1444
317,1764562479.076516,0.000020969,0.000014767,0.000019556,0.000017382,0.000020458,0.000033852,fc05760ab9912b4913eece4b616972290aa3f52aeb6a99b7279cf89323d5bc5e
318,1764562479.0776112,0.000020357,0.000014617,0.000020077,0.000015608,0.000019035,0.000033762,7b4c17da38d53d20c086f601eda441e06f2038b6dc69e553b7473f6c994de5de
319,1764562479.0787184,0.000020097,0.000014738,0.000019186,0.000018004,0.000022522,0.000037750,416a22afa892a6a3d0c10c38fffb0feaa38101569f0cd031cff99631c6b007c4
320,1764562479.0798075,0.000019476,0.000015188,0.000020798,0.000015799,0.000018774,0.000033001,00394a245bf6b1acb6770dad13e89d4bea181082d0a4bf7729737e055e0f017b
321,1764562479.081057,0.000021450,0.000015098,0.000025928,0.000017002,0.000020007,0.000034373,a79da4166ce35d30b5428adb969ea5c57eb69db3908498a9f4cf6dc0dab601e0
322,1764562479.0822902,0.000027411,0.000016109,0.000025287,0.000019556,0.000019656,0.000033882,b1d94c92e3af411b3ed1abc54e63df34733c3f7610751c8e2789b7f1a368c76d
323,1764562479.083391,0.000020368,0.000014767,0.000019917,0.000016400,0.000020177,0.000033302,ca849d1b0ffc2db52eb191127f2a7a7a8c9b6f4386c7c317649db9967b64af8a
324,1764562479.0844643,0.000020618,0.000014737,0.000019206,0.000015418,0.000018895,0.000032641,ef6512acdd4241d161027a52aa5401c35e08a4f4a17986eeb8199cdc8492e282
325,1764562479.085508,0.000020147,0.000014627,0.000019355,0.000015288,0.000018024,0.000032911,d36c0509aa7f4da7dad9b4edb18613d66f3c9a110180bfada19da34e4c768b5f
326,1764562479.086563,0.000019787,0.000014777,0.000018935,0.000015158,0.000018163,0.000032470,c8428f71aa91aa006bb5437905f39262648ed28f1f263cf7161d7b35fa7dddfb
327,1764562479.0882816,0.000019486,0.000014306,0.000021740,0.000028603,0.000066262,0.000086350,3cc4c3430a843e6ecc83316f322697cd4dcf0f59b9b805ed7559f5d028d2a434
328,1764562479.0898364,0.000020858,0.000015028,0.000024034,0.000020148,0.000034063,0.000044722,4b23517d3d28d325f2f627b6cf9fc27258af8c76220511edf75f7ea27ab33d79
329,1764562479.0915983,0.000023584,0.000016351,0.000019937,0.000036988,0.000054090,0.000074648,48d5590dc5ab4ba3a7978f4254fdea25c5cfb8ee70a86bfd2b369c15854b9230
330,1764562479.0927317,0.000020709,0.000014808,0.000019717,0.000016310,0.000020738,0.000033452,a891bb4b72dd3f5c667aaccaeb48fe9abf31bc68d9f874ad4d24f8b3f91ef928
331,1764562479.0938137,0.000019737,0.000015799,0.000019146,0.000015719,0.000019126,0.000032761,8be572a9f14f37c4e8a8be06173c8649015efdf6cab5336714714cee122adaaa
332,1764562479.0948865,0.000020077,0.000014607,0.000019186,0.000015849,0.000018665,0.000032991,4a35e249187f1342153b777cc0b3ddbde0e1d8c6f44b2bc3d17b185a57cff319
333,1764562479.0959494,0.000019887,0.000014637,0.000019295,0.000015468,0.000018725,0.000032379,b47b87dba80ac1db78b04d26fb8efe2639aed344b2d2aaedddfaadd28a06f7ef
334,1764562479.0971372,0.000019856,0.000014937,0.000024084,0.000016671,0.000020408,0.000034634,c9c4da432d804f0547aaa0fcc3fdcb1476b3b16a6ac3e5ec7415555bbda550fc
335,1764562479.0982893,0.000022091,0.000014808,0.000019196,0.000015899,0.000021210,0.000034514,bf8ee92e670eb2fba4b4d8112662d96e447d9f740ef596973d16b8fe621038c4
336,1764562479.099352,0.000019206,0.000014567,0.000019846,0.000015769,0.000018575,0.000033121,96559e53fa6a0340c93dd53e09ad27983170497a62fe7f7878a887d82ce29e3a
337,1764562479.1004286,0.000019596,0.000014607,0.000019045,0.000015588,0.000019076,0.000033141,775b05afefec1d71c36442fe0b5801ed8b8d9551247782ffbd6726dc8ebdcea0
338,1764562479.1015046,0.000019576,0.000014757,0.000019326,0.000015549,0.000018815,0.000032681,6fa2ecca5793f19effd9b0f18617ee5ded27543b4054a343784a4341785e5e31
339,1764562479.1026084,0.000019396,0.000014817,0.000020127,0.000015148,0.000018424,0.000032911,94dcce19f18807fda16f7ef9659115a02669201aa6d89e5b2f837a14980e00b5
340,1764562479.1036954,0.000020218,0.000014847,0.000020227,0.000015158,0.000018103,0.000032861,102dd84283599c1d652134581abcbdf26ba1ca37e31ce9c14596a1d262b37fdc
341,1764562479.1049151,0.000020999,0.000021480,0.000020468,0.000019346,0.000023133,0.000044963,e838cbffb0705439185c87a9f6284e6ef008658c622740bc67e59d8a2fe2354e
342,1764562479.1061096,0.000020388,0.000014947,0.000019856,0.000016871,0.000021780,0.000035976,cfd46808aa1324c4166e91c5b9f2b7245861b7b12580f2fe477e0cceee8af856
343,1764562479.1071863,0.000019466,0.000014857,0.000019647,0.000015118,0.000018214,0.000032960,9398c4465ddfbb139d420828d637be5dcd3aa513728efeadadc221b33b79771c
344,1764562479.1082466,0.000020017,0.000014787,0.000019516,0.000015288,0.000018384,0.000032670,e666b45ba95e90b3cad72552eb9980f4f40272ba3dd573a5044abec18b4fc4e2
345,1764562479.109293,0.000019646,0.000014627,0.000019366,0.000015158,0.000018054,0.000032881,a0011bbb46f5380e8e6848fedefcd5d522058a86effffd30a62a5cd945d27a2f
346,1764562479.1103418,0.000019616,0.000014587,0.000019195,0.000015519,0.000018464,0.000032601,37754687095d25c051ff0f88075d2db54ff22353ce92d10d1e7d0b5de38f3f7a
347,1764562479.1114619,0.000019106,0.000014586,0.000020167,0.000015629,0.000017713,0.000032741,2251d97c042ed064b7cdf63724fcaa73c4c6fa1d52ab06dbec708446a7a8d4f7
348,1764562479.1126032,0.000019866,0.000015058,0.000019707,0.000020899,0.000057046,0.000033061,5396a425b62d54e05bbfde89a2a46cb5a55d981d2c505942a6545d8d9b2b00a4
349,1764562479.1137502,0.000019897,0.000014507,0.000020558,0.000016050,0.000019366,0.000033352,b97330825df66a895fa9dd81690d754551e3bb5b231451df7a18bf9d771fb7b2
350,1764562479.114904,0.000027511,0.000016461,0.000019335,0.000016140,0.000019796,0.000033081,167aad8d90d06724d2c5d2552746d17cbc95f97a2b22184597e517ab095ee50e
351,1764562479.1159604,0.000019326,0.000014907,0.000019306,0.000015498,0.000018624,0.000033452,4d9814be39b6ead3f2db90148096ff061f3b15b07dcd9182030bb6fbdb76ac50
352,1764562479.1170323,0.000019406,0.000014537,0.000019496,0.000015409,0.000018695,0.000033111,088565e39250e87263822d616f94638fc74facde12e3903984263cfe3b2cfa19
353,1764562479.1180933,0.000019626,0.000014486,0.000019165,0.000015368,0.000018454,0.000032630,776bed0df58821fbcfefc2c49c32599ade9a2cce082664cfb1e125d120ca578e
354,1764562479.1191378,0.000019316,0.000016651,0.000019275,0.000015358,0.000018454,0.000037830,d2ad82897dfe5150df14d94a01061b43a53665b6698c51dadb03019dfc289cc6
355,1764562479.1204875,0.000019616,0.000014447,0.000024675,0.000034123,0.000046496,0.000056254,bec91e1006172dcbd33ef1844de80ba453da4f36d394f863b981ec72e6b41454
356,1764562479.1218429,0.000021280,0.000015368,0.000028944,0.000018955,0.000025707,0.000039683,e57ed71ae6951f116963f7057ed745ce0bdeea217e4b8db2228fd072c67258c0
357,1764562479.1242049,0.000025216,0.000016381,0.000037069,0.000029224,0.000053979,0.000083474,975dd8ea5f729cbae9a4942ee5fb14ffe41319c713aa1739e8aaeb2f027d7892
358,1764562479.1266513,0.000029485,0.000017553,0.000045394,0.000029374,0.000067715,0.000060953,73f681acf91d750bf5e32cd7f6aa637a337647215378b35e47d705c54e6ba258
359,1764562479.128515,0.000031308,0.000019777,0.000029745,0.000022532,0.000064990,0.000061073,c672a0a918800ea61a5a8ea07a74e63dcf36b11356619c4f378ea53f646ac717
360,1764562479.1303356,0.000029675,0.000025217,0.000043020,0.000021409,0.000033922,0.000052197,c0a12c42fdff969408eccbfc3b2da8195c1d17b914bb4aab6e024dbce78d53f3
361,1764562479.1323109,0.000041747,0.000029936,0.000022201,0.000033352,0.000044212,0.000078035,3944589855c2f4e84d715dfa15ae583c0ff5b440e2f82cec2e918bdc1540a03c
362,1764562479.133454,0.000023333,0.000015258,0.000020358,0.000016931,0.000021660,0.000034243,bdc59994d6b7409c0c5eded0edc26743a3ff5e99745926294e32dc19b20fbb4f
363,1764562479.1346524,0.000020798,0.000015208,0.000024916,0.000017522,0.000021951,0.000037699,def14003a7d3bf84fe55495c24420f02325009ca649c8c5fb928cc7287e32960
364,1764562479.1358047,0.000020998,0.000015088,0.000020859,0.000016741,0.000021670,0.000035445,7c9da6493ea771b222e30d6659bbe4fc32257888aea240880f228e84713b6383
365,1764562479.1369772,0.000021911,0.000015970,0.000021350,0.000017292,0.000021450,0.000034724,ae1aa24a3606c55dd9707929d15f9766d2183e8c7d3c8e60bbc7750d4db201b0
366,1764562479.1384325,0.000022512,0.000015469,0.000028463,0.000018995,0.000027190,0.000042238,18dd6cf8b0740eeeaf8c9b3246bd13245b9d17d5ffb4822cd19028f409913d95
367,1764562479.139824,0.000030446,0.000021039,0.000024405,0.000045664,0.000028042,0.000040064,6bd3a2b9fcf2befc72ad0631c1fcd2d337d7bee5b3d55094774b8a5b50786315
368,1764562479.1412923,0.000023854,0.000014767,0.000044362,0.000017091,0.000022953,0.000036427,f13dc7de3d09b999457ff54faeb2f93cfcc55ea6be24f596365ffb5a26ee9ba6
369,1764562479.1426723,0.000042909,0.000030016,0.000020999,0.000015960,0.000022181,0.000040314,bc96f52056413761402b777353ba99267de505b509ae36a46f54b085dc06f30d
370,1764562479.1438427,0.000021189,0.000016060,0.000021420,0.000016831,0.000022341,0.000035876,e6b8c7d16909af2abe020d6b5a5bff17e3a41fa3280d5dc02180e3f882d2b366
371,1764562479.145056,0.000021430,0.000015448,0.000023654,0.000016330,0.000022532,0.000034644,6c0e5c06c1e3128f283c31dadf6f5d07f5337b3d3fab05ec1c839274f728dd84
372,1764562479.1467638,0.000022732,0.000015519,0.000044803,0.000023884,0.000038662,0.000050914,0622425ea5c95fed8a60f0a44488c6f2b334696cead19c7e810661a1d281ca71
373,1764562479.1489143,0.000026018,0.000017483,0.000044222,0.000033853,0.000066182,0.000090747,25a1f86fb299da65a05cf19b8f31bb7abd9681f42f713815e8c984ed229a785e
374,1764562479.1507802,0.000031529,0.000018344,0.000023794,0.000022642,0.000040725,0.000060522,0fbf3900a477143fa3a40ffc51eb02bc013e6efcf874769093d41e7608d5c7d5
375,1764562479.15235,0.000023664,0.000017542,0.000033421,0.000020618,0.000034063,0.000060351,e19dccd70cb054d6ec9eac7c6f93e0227e71bd256dde3ee2ef7a20986e08624e
376,1764562479.1540198,0.000026759,0.000020017,0.000025297,0.000023604,0.000034314,0.000062205,1e4e025856df31ed9e4fc79b11a4f34025cea62268fbcc041d720189b5678bd0
377,1764562479.1561618,0.000023524,0.000016250,0.000049131,0.000031198,0.000062195,0.000079186,2c070f10783bcc0304997749195b023507a89181bb4a9b068a3fcd4b2f37accb
378,1764562479.1581478,0.000026168,0.000019676,0.000024926,0.000037780,0.000054230,0.000077363,80425f68b9bc7341508f7ad21660b6589ccac971d65bd8837e645c77b13d815c
379,1764562479.1592956,0.000022532,0.000015439,0.000019707,0.000016441,0.000021339,0.000034484,15a4ff07fc674a3cc0d8fa471e8ae18218b76408a152dffcbee526c053a55818
380,1764562479.1603854,0.000019877,0.000014787,0.000019195,0.000015669,0.000019556,0.000032721,7ae8041be9d01478d7ebef85e0e85d12b6b5db555e6093236f4666ca917d3652
381,1764562479.1614447,0.000019977,0.000014477,0.000018915,0.000015719,0.000018815,0.000032901,6c53d308806aaab1e379f9b9a847348c57f4495f3ec389d4e946a6a1e8b05e84
382,1764562479.1625023,0.000020297,0.000014848,0.000023493,0.000015569,0.000019085,0.000033082,dad98098f90b55654d510b0358129900dd9b54f4f1bc802b6906197aede2f185
383,1764562479.1637928,0.000026849,0.000019226,0.000023514,0.000016851,0.000021850,0.000035175,577702f2cfdaa07b65e0552a707e1f3316a90d4d70c252a310181522fdcea810
384,1764562479.165093,0.000030997,0.000017782,0.000020418,0.000016350,0.000022291,0.000040044,1e00f92d0c38c90bc18ddbc8d99b1005a3550733a67bc6f2c0cfd33284287bb2
385,1764562479.167171,0.000020387,0.000014767,0.000019326,0.000045263,0.000088995,0.000081481,209ca76272c2f087899cae1aa79df9529385bbd163210ddb86d02acd0951dd7b
386,1764562479.1682398,0.000019726,0.000014326,0.000018544,0.000016511,0.000020097,0.000033011,0bc453fbf865f1e69c96870ec6af21d1aa72c55b1f5d11c03fbbc4e0e6088b77
387,1764562479.169301,0.000019696,0.000014817,0.000018844,0.000016090,0.000019526,0.000032881,85804659b2183b857e8a00d0963d023ce5b6a886c7512fcc457ba5b19fbcd7c6
388,1764562479.1703541,0.000019436,0.000014456,0.000018895,0.000015769,0.000018955,0.000032610,653fb4c4e6c6f7da78753da5324d75508aabd59dfdfb7ecca7f1f850105e4c5a
389,1764562479.1715572,0.000019065,0.000014267,0.000026158,0.000016701,0.000021230,0.000037649,5382b078757c5534796d81e7ffba15b990b31a37d3faad2a0cf0227e9cb84dbf
390,1764562479.1728153,0.000022491,0.000015329,0.000021079,0.000017031,0.000022171,0.000039884,280586f7b9d389103004d541c989adc12b6a1b7874defbb1c1d0988cb8faceb8
391,1764562479.173963,0.000020948,0.000014817,0.000019285,0.000016130,0.000019476,0.000033562,d0af9fd71295dc7e49b6241e38e3ccc1b0b15aca14c2117f1a77ac7b87270557
392,1764562479.1750088,0.000019196,0.000014567,0.000018865,0.000015739,0.000018725,0.000032730,64c339e047a9c136720816ac566b997c3e6232abf89ef607c7f4a34f10bed090
393,1764562479.1760795,0.000019055,0.000014146,0.000020338,0.000015659,0.000019155,0.000032630,987a4b9d5abdec157060da38ef02f1ad3d305a338cdbf711937e54aec27dc85f
394,1764562479.177182,0.000020407,0.000014868,0.000018544,0.000016090,0.000019767,0.000034143,8ea9cf8ba408de8b6077c2b1f3a69d11693b8c1c499e48cfb9aed034e33221e6
395,1764562479.1782327,0.000019345,0.000014878,0.000018654,0.000015779,0.000019056,0.000032801,f9513a4ffa1054cdd9a9c5f79d1b5ae57ee4e636c2695c431eb092485e70aa5d
396,1764562479.1793003,0.000019265,0.000014256,0.000018865,0.000015989,0.000019106,0.000033582,ee0fa5f64812368d7610e1f5ff735c7f25bfad6c878f765cc3df98dffeef1aa7
397,1764562479.180463,0.000019215,0.000014277,0.000022682,0.000020007,0.000026118,0.000033852,6834d7a8a04765a56f3d0ac53b711cfb79934fedd591310738dfec6cb5216f92
398,1764562479.181736,0.000021079,0.000016370,0.000019126,0.000016450,0.000022332,0.000034774,2d0e3d2cba2609b5329038e58fddb349899b6d9a1225bdcdb4fbf2851dbb1795
399,1764562479.1828134,0.000025928,0.000015449,0.000019366,0.000015809,0.000019266,0.000033031,fcf6f990d710458c6a164fd2e217306a892dae21ead9524732e471855b8a7d87
400,1764562479.1846087,0.000020247,0.000014757,0.000019146,0.000044563,0.000072153,0.000081370,bf85fe48b9a88e78ec668aefed9224aa0dd4bc664f2b8a5c9e7fc65b84c8db9b
401,1764562479.1859827,0.000019406,0.000014377,0.000036137,0.000015729,0.000019366,0.000033031,11af3f2497fa2a1345dfcde6e578c277ec4f96fcb9153cc0de563ab1967947fb
402,1764562479.1871114,0.000024285,0.000014497,0.000018815,0.000015558,0.000018784,0.000032791,b2d574269e3e9cf026dfc149662acc17a87032480dc5ead7cc9f9bba346b567e
403,1764562479.188226,0.000019526,0.000014256,0.000020678,0.000020919,0.000019817,0.000032831,d8164ed493c00fca2a9ba35b83b3e523635b76a3f183c6505492d2a369e66671
404,1764562479.1895351,0.000021170,0.000014658,0.000023895,0.000016401,0.000022842,0.000037961,78bd91f186bccdfdeb20e87a019fa3791762604fe97f705da4cf599bf991553f
405,1764562479.1906374,0.000021369,0.000015278,0.000019486,0.000015599,0.000019336,0.000033382,40ad0744eec492507b131d46beef8e8aba6ee08ff72c414efcb96f3c8055bc79
406,1764562479.1916847,0.000019576,0.000014456,0.000019065,0.000015599,0.000018434,0.000032671,66769a2eddaf7a712436535b108c9b5922f335d0073f716eae911f9eadafcd9a
407,1764562479.1927304,0.000019466,0.000014627,0.000019025,0.000015228,0.000018264,0.000032570,fc6cedfafb7023c1a56141add32907128e2b0f9cc8d8a3c8b7ada4333e7b9a2e
408,1764562479.1937823,0.000019285,0.000014917,0.000019006,0.000015439,0.000018404,0.000032530,9e95992dbccf08d4a262dd9554748a069288e68dcd3521303d8869ca20071c62
409,1764562479.1949952,0.000020027,0.000014386,0.000019916,0.000015008,0.000018034,0.000032570,a4038f39ffbe22acd279f7a0b85e4b52d7febe28109530040b182c9b96ec3388
410,1764562479.1962233,0.000019887,0.000014757,0.000025727,0.000023875,0.000079156,0.000064039,8ce30a8b875466095d50b9a7ab9b7e6c01b6d73fd8b4e3e6d1dcce767a00a10e
411,1764562479.1974318,0.000020558,0.000018564,0.000022011,0.000016280,0.000024886,0.000038310,253445bdd74f6343b59f7fe27692c6a4777ce5dc3f8c3fb632e444496b158969
412,1764562479.1992605,0.000021038,0.000015609,0.000020768,0.000034724,0.000054280,0.000079647,3fa709292c930c74d36bb3a8cfa064b625890a8a9a4dbed08f8921c972150ddf
413,1764562479.200348,0.000020348,0.000015328,0.000020328,0.000016130,0.000020839,0.000032921,053ac79f147870abfcb80271b158450918a668ea8d28ed6da11cef3ec310f391
414,1764562479.2016573,0.000019827,0.000014487,0.000044683,0.000015509,0.000018915,0.000033021,7c345834306d92945c1daf94d3eac0b5ae05d6fbe7be76543b98fa2c334d5d46
415,1764562479.2033086,0.000050333,0.000029675,0.000019707,0.000015589,0.000019005,0.000032991,55424d7884f02c3b8b207ef0f057dfd8409a791078269d92d32980269745c265
416,1764562479.2045357,0.000021069,0.000014737,0.000020869,0.000015409,0.000018805,0.000032700,eaeaadbddfc1b175dd826f1ac399bcd0fc06a7885463c3557051fde1128d95df
417,1764562479.2057836,0.000020749,0.000014417,0.000021470,0.000019636,0.000027160,0.000045253,52b1d8fa8dde87553a24a6c43656fb74f5ff795aa422369ddca2bc4e9eebd6be
418,1764562479.2068818,0.000021750,0.000015198,0.000025958,0.000016581,0.000019727,0.000033131,2a5e1f336a4ef3ce0eb7174bf032b54f93b1de3c64f517bef2aa254633e63867
419,1764562479.207936,0.000020859,0.000014667,0.000019095,0.000015248,0.000018825,0.000032580,e23c0364a58b49c20a69cc174fbd9e629e686aa94f24e85f2d182ee97bf88a50
420,1764562479.2089877,0.000020047,0.000014677,0.000019005,0.000015398,0.000018564,0.000032701,3c5072962ea22483d2cf1de876f25f7478688e4ccf66fcba86b72285493e5189
421,1764562479.2100325,0.000019466,0.000014146,0.000018384,0.000015619,0.000018204,0.000032460,183d0dd26f8b9f692531ebcb5a290da47bd21e0131bd759e47498bc1e51154ee
422,1764562479.2110615,0.000019777,0.000014217,0.000018374,0.000015408,0.000018124,0.000032631,08e9b86c4dd502927c952ddb22314391486f1aae225ef6092e702c0b7569bddf
423,1764562479.2121487,0.000019736,0.000014787,0.000019045,0.000015699,0.000019536,0.000033421,90b04c7c76b5b97c8c3215313f1f20a0349d26c5561fd50af3d77d9f66fc2a77
424,1764562479.2133076,0.000019857,0.000014507,0.000023574,0.000016821,0.000022391,0.000035586,e228571a8c67e09c692944797f63fc367af5eb54b7261ebfaeff875403337eb7
425,1764562479.2144651,0.000025097,0.000015880,0.000020278,0.000015969,0.000020689,0.000034474,0e567f83c0b7addd81479a5c3c54218ea6b0573ed2afc14c8af5be39e0f3a3fb
426,1764562479.2155368,0.000020027,0.000014697,0.000018664,0.000015568,0.000019205,0.000032400,b2482bd469aa29bd21c7d40743b5556daf6ffc75d259ae56806b6b00b49ec204
427,1764562479.2165973,0.000019677,0.000014246,0.000018995,0.000015499,0.000018615,0.000032631,fe68eb7795985ae7e55e22ed321e5cf832db380831e1b8d72f4d28457eb47296
428,1764562479.2176354,0.000020438,0.000014757,0.000019005,0.000015348,0.000018154,0.000032540,bfac7ec66753947ecd65cfd56742366fdcaf794334e44445277b22d6f801243a
429,1764562479.2192097,0.000019766,0.000014617,0.000039473,0.000015749,0.000018464,0.000032530,569d20a17bffe5b0258240c5b5323f886558dc1176ff501293d66431f702233d
430,1764562479.2205775,0.000039833,0.000029435,0.000020007,0.000015739,0.000018784,0.000033322,34056cc9668a521a265b81bc2144886cb9576bd0566e51cb97d4764d459bc33e
431,1764562479.221695,0.000019977,0.000014707,0.000021049,0.000015939,0.000018725,0.000032270,0d3eb094dda8a86674a03475d776f4d2490d40f9c0e9e8e6eee2696128ad0aca
432,1764562479.2228713,0.000020578,0.000022592,0.000025858,0.000016500,0.000020828,0.000033251,494129a2a1c1bb2359884600f66613256f52c5e2c991067e10bf0a7d0b3a6cb7
433,1764562479.2240329,0.000024616,0.000015980,0.000019666,0.000015719,0.000018745,0.000032821,f642408c9f0c00b43f31c8653d398121f1d5de50fa097b9069ffaa73187ddf7c
434,1764562479.2250986,0.000020277,0.000014657,0.000019025,0.000015639,0.000017663,0.000032540,5a0b619056305c76b514c4199b1a82f3b030eb30bc2540f17b4b0b5566ca7280
435,1764562479.2261643,0.000019686,0.000014397,0.000018675,0.000015319,0.000018384,0.000032601,7e23e6fef4b1408dbbb3aff8451f9290ae7161e1ff400fdeb550c849f0e9bc24
436,1764562479.2272367,0.000019016,0.000014297,0.000019957,0.000015779,0.000024195,0.000032590,c9daa682ab554662d3e025368b66c3b67e5e55daf7db9a94e1b89e2c6c38c2f7
437,1764562479.2286403,0.000020307,0.000014577,0.000020909,0.000033712,0.000040825,0.000066743,104b8fdef1ba791a6451ef0b1740c4e8a100209a361239d919094e87c65f1a51
438,1764562479.2304468,0.000020438,0.000014817,0.000041336,0.000021720,0.000020889,0.000041546,76b532836df43cc8359a49e1f5474124d867690c86b77b023e39d8b1625e7a63
439,1764562479.2319906,0.000028783,0.000020819,0.000021821,0.000017853,0.000024776,0.000042278,788b321477c6d2184c3e3fde4735d2b8ba2bb63b4c932af45e87b8ad80e5a54f
440,1764562479.2343225,0.000021329,0.000014947,0.000038842,0.000055944,0.000098101,0.000105144,2a1763d91ad45b7fa773ef958b98baa85efd1a62388001a6db555a3226e2d75e
441,1764562479.236104,0.000039553,0.000028332,0.000021620,0.000019286,0.000034514,0.000038632,864ccef43a8bad0c6cb018f3ff2ae03b6920993a094000e705228d8c42c44ed5
442,1764562479.2377336,0.000020328,0.000014507,0.000021059,0.000034474,0.000043751,0.000069809,cd78af579d21ae09aa707ce26a36cc3ff30fa50bd85ace4f68f924f0e44e401b
443,1764562479.2388992,0.000026860,0.000015368,0.000020848,0.000017212,0.000022451,0.000035736,22ba734599d765669667256311e6b8c182f013fc028dc88153ee31f985f9ed77
444,1764562479.2402143,0.000019466,0.000014537,0.000024856,0.000016801,0.000020748,0.000035406,911bbf1bd2aec8cef5747ee0034ff3d9a24c02f370844549633ddc5360139e8b
445,1764562479.2413535,0.000022541,0.000014967,0.000019576,0.000016310,0.000020277,0.000033693,37412f23bcf866c943ba621706d573c1b91ef2c98b927e1e73cf2a6149fcace0
446,1764562479.2424235,0.000019646,0.000014928,0.000018704,0.000015759,0.000019466,0.000033061,1f5c22a2d993ac255445f70003cdf9e8181dacc6f91d8ae5337001486a0b8a1c
447,1764562479.2435014,0.000020608,0.000014537,0.000019235,0.000015880,0.000019877,0.000033341,de97a0d58a81bdb80b32716392abfc7fffdb7681aef8cf72219515717102bae2
448,1764562479.2452877,0.000020127,0.000014266,0.000021139,0.000035756,0.000051695,0.000066633,09949f429a2d3e1fbbe3c03bee94b072dc47ddaf37c06747a34e92490d3a8678
449,1764562479.246596,0.000021409,0.000015027,0.000025638,0.000016600,0.000020237,0.000045163,bc64575dc3d472789db9df3d665758f550cf7c452bc6545ca20fef8b8f7069e3
450,1764562479.2483294,0.000026348,0.000021439,0.000023073,0.000044572,0.000049362,0.000111847,76ad180566e6bdd921fd4c027d896fef6ec4de0fdf14822f675b17d43efde869
451,1764562479.2494907,0.000021029,0.000016621,0.000019777,0.000016952,0.000020397,0.000034424,7123e62ff89e5d13f43c893aacdd2e001e9d2db4d8d6f1c0a6908f4e3a77f48f
452,1764562479.2505777,0.000020568,0.000015108,0.000019305,0.000015668,0.000019175,0.000033251,24fd5a463df299a681472a884c414bc9230d9128e52bf4766980b427fef40625
453,1764562479.251627,0.000019857,0.000014927,0.000018975,0.000015308,0.000018735,0.000032701,f0e9aa5f9ea0ef37fde9004f73fc089b8f3b1c5de72263e7aeeb070ee9b95677
454,1764562479.2526882,0.000020107,0.000014817,0.000019216,0.000015399,0.000019085,0.000032620,15957e4a13d98a237e7b17b23b2dec24ec6d5d4f3cd18bffc8dccb2c73981a2e
455,1764562479.2537704,0.000019766,0.000014707,0.000019496,0.000015278,0.000018695,0.000032971,039f30374fe281b4408251fe8339546e137b827a48b97275e2db3238ae408ee1
456,1764562479.2548282,0.000020989,0.000014546,0.000021089,0.000015578,0.000019415,0.000032340,3018a768be35a10ef00d86cf2b31a77b6f20c537ed471745a2decf40029b9b63
457,1764562479.2560844,0.000028011,0.000016170,0.000023684,0.000017011,0.000024105,0.000042779,b3d4ad85a41ef2634552a552ef703c4e526e8c2963edaf4d94b6a13d3440ea5e
458,1764562479.2572474,0.000022201,0.000015789,0.000019807,0.000015879,0.000025366,0.000038572,572efa14c070a8d9db875761f988acaf0fe007313718b600147f418f095bf4de
459,1764562479.258962,0.000019667,0.000014938,0.000024395,0.000038280,0.000062936,0.000076892,28228eb6812e44e48ad5627a1f66e33a3cf5dd75ec0e33ca31f4d3537e4f2754
460,1764562479.2606397,0.000023132,0.000015699,0.000022141,0.000021890,0.000043270,0.000045944,b7ec8f0e855726d541ed5d8fc1663b034d98f8d301eabeec2a2093179e9b8149
461,1764562479.2617502,0.000021780,0.000014908,0.000019957,0.000017272,0.000021149,0.000033752,9357a54185d785ccd074be0b2f7146efd10008704fe3e801c062e91a8e60066a
462,1764562479.2628891,0.000020418,0.000014788,0.000020648,0.000016330,0.000020047,0.000034093,01560d0c25c599155e8db1d98d5ef91748fa9a3d20c878cb4aebe08615005b01
463,1764562479.2641253,0.000027991,0.000015910,0.000021219,0.000016641,0.000021189,0.000035566,906b80427abe1d403ab8c5578e2ec5589ccf5231f544e2001909860145075bb8
464,1764562479.2656531,0.000022221,0.000015048,0.000021990,0.000032730,0.000040004,0.000035416,d5f4092d7bff643f9787301521bdf3f240c2f030216cda34a671ea0d90d89f36
465,1764562479.2667537,0.000020969,0.000014517,0.000019536,0.000016079,0.000019486,0.000033562,08d0210b6152cc6fdee95b98ae7ef6a2f828684753f7a06af5b7cf3cf04c2f1b
466,1764562479.2678409,0.000026038,0.000014747,0.000019426,0.000015649,0.000018875,0.000032781,223a21b747d9aee16bf3c0f7c927d29d7e8b7e4cfcd7b8f3c913881da7f932f8
467,1764562479.2689009,0.000021129,0.000014747,0.000018955,0.000015709,0.000018564,0.000032811,591bb252240485d2d877a04b8c066761102e13f95eb19ea73f4e5f270b4b5c12
468,1764562479.2700722,0.000020087,0.000014386,0.000018945,0.000015609,0.000018594,0.000032651,b7b972aa1cadd6a7f5009f00b3571bfa6355430db9d6a5950c006c53bbf07965
469,1764562479.2712367,0.000019746,0.000014216,0.000021540,0.000022382,0.000060141,0.000032370,f2ceb6bf3b733a8b64a91168c66103a99c968ee4ee7300c5f89ddcffabc1c804
470,1764562479.272453,0.000023173,0.000015218,0.000020368,0.000018454,0.000025858,0.000052386,9c6446cf3c44e70544f25caa6420d76158cf05137e0164715a7b3b63ef2c02e3
471,1764562479.2735248,0.000020959,0.000014957,0.000018925,0.000015118,0.000018314,0.000032861,00e4f3d967ad9c32072cba4e588837b093c344345c788aa6f17210567a5f7b6a
472,1764562479.2745826,0.000020658,0.000014627,0.000019245,0.000015178,0.000018615,0.000033642,e73a9e46f77efb89f328e1407f77d92fccd23c1999f5e7a5564038f479d17eb2
473,1764562479.275628,0.000019786,0.000014557,0.000018995,0.000015238,0.000018154,0.000032500,f17a00491b6e2369d88002604297efcf1829dee1f066ab583d7d1b949d4eaf1c
474,1764562479.2766786,0.000020247,0.000014347,0.000018855,0.000014988,0.000018454,0.000033141,4b512ab9d39051c05f04c1e93466f3cf8f74b3f020d5fdd80ad8ee26e6d70c10
475,1764562479.2777188,0.000019776,0.000014176,0.000018685,0.000015579,0.000018274,0.000032791,5f360d88fa6980a6ee306aae5ec707771ce242e0bc23fceb3c5153a55521a2ad
476,1764562479.278736,0.000019246,0.000015179,0.000018314,0.000015068,0.000017532,0.000032640,e4b6b704a6df212c4626251e8747f0a8af279627fa240307b731479eda733e40
477,1764562479.279863,0.000019145,0.000014777,0.000022622,0.000015188,0.000018093,0.000032440,a90a1712ebe0788d1a5e4d310c86d0f7ed8b72e7f1d2686554a11c8a95d4e124
478,1764562479.281045,0.000024435,0.000015218,0.000020268,0.000015228,0.000020408,0.000035435,58c82d9583a619cf400dd933a7740303cfc26bd793231428585b73f350580271
479,1764562479.2821832,0.000019767,0.000015288,0.000021660,0.000015759,0.000017833,0.000033292,111fffe54f3dd618964e98b34d245867bb592f711c547daf3014cabbdbf4bda1
480,1764562479.2833273,0.000022090,0.000015018,0.000020077,0.000017212,0.000020418,0.000035696,9566ed1e7f661690d5938f891a49b2cc8e784d447da866a550e8bf354da52c6b
481,1764562479.2844336,0.000020387,0.000014818,0.000019236,0.000016380,0.000019496,0.000032780,dcf56b3cbbf69cc13141cef865cdefe12fe7b8762b32e235b2951a92b5b64685
482,1764562479.2855,0.000019606,0.000014687,0.000019105,0.000015889,0.000018794,0.000032690,3a1bd2bfa7d2169dc95c130ee6c20f1c07d0aad8a0af8fb92915b8e733d44526
483,1764562479.28656,0.000019706,0.000014877,0.000018685,0.000015468,0.000018734,0.000032620,a3558c3ba0d673f72ed76a239de3c2f3f94b72d5e503e10592048b703fd85ff1
484,1764562479.2876472,0.000019335,0.000014537,0.000018995,0.000015479,0.000018534,0.000032781,c311927540120fd5140db084b8dcc3dda1209839d50c952e065e3fd1c80491cb
485,1764562479.28878,0.000019516,0.000014817,0.000027611,0.000016451,0.000020117,0.000034464,5d2398750927a39937201d4ebcf40fb345b0fd1a288b4d57395d13ca9ad3b4ea
486,1764562479.2899547,0.000022993,0.000016922,0.000019065,0.000016370,0.000019205,0.000033282,861b5fa9891362f91db0619f1afcc47c982fc9f723b30fe712c332c8709aad32
487,1764562479.2920904,0.000019265,0.000014357,0.000019115,0.000046927,0.000087652,0.000077383,b5faea1e6cf6bd87fab39e574ce16530ca0dce5941f6606d6f926a61c7e2bf17
488,1764562479.2932308,0.000019395,0.000014597,0.000018665,0.000017132,0.000027801,0.000034464,8254d7e609e9f40aa8f52b5a0e38832f6c92ffaddb43fa69aa2500ad52dbcaa2
489,1764562479.294298,0.000019556,0.000014406,0.000018744,0.000015549,0.000019616,0.000032750,875ecd521299a3938602afb7cd31a882a1767c2d440bd3247d9a09d28dac1c87
490,1764562479.2953844,0.000024105,0.000015017,0.000021049,0.000015479,0.000018654,0.000032600,311eef236379826d2382a84189b57cdb886f560b53f29e1662a9a4958115840a
491,1764562479.29651,0.000020168,0.000014677,0.000019105,0.000016751,0.000020589,0.000033061,354288013b514ad526fd37c3761060d45c9aeabc9e5bbbb239041cf3931aac40
492,1764562479.297704,0.000019576,0.000014587,0.000019906,0.000016070,0.000022632,0.000033282,9adb114ce906a92464b3b4d819cad23a05503ffd2d6fb63e488e9569e207fd9d
493,1764562479.2988544,0.000019136,0.000039854,0.000020368,0.000015578,0.000018784,0.000033091,6dc4a59bf756966c5dadc9c9289244fea293332f10e32214443acb2b80e48edc
494,1764562479.3003335,0.000021459,0.000015008,0.000019466,0.000048991,0.000035776,0.000044202,35835f5cfe7a4ec705bdc842d120412680132f3683f82115fd3093e71d2cd2f4
495,1764562479.3014293,0.000022121,0.000014777,0.000019566,0.000016050,0.000020618,0.000032190,986f7f83e85ec451a03edda29b3db5a2498409c3bd85d50ac3b0018d300052dc
496,1764562479.3025403,0.000020218,0.000014777,0.000019336,0.000016250,0.000019546,0.000036488,9c2a6cde3db89c32b9cb44def70b2af9b05fe89a63a8139c336d822d23507abf
497,1764562479.303647,0.000019607,0.000014406,0.000018814,0.000015648,0.000018895,0.000033272,e00f516c3dc6d9cad02389591128f89865986fd0ad039f601ba55f90b3ff5251
498,1764562479.3047755,0.000020067,0.000014507,0.000021159,0.000016069,0.000018966,0.000032770,978265e63a16b689ff9bb3a6feb5945db63acada562ed707ea25dfa225112081
499,1764562479.3060577,0.000022231,0.000015148,0.000019486,0.000016661,0.000020188,0.000033632,ff46fc46cbc99be206188ff8d5565c7daacd4629985e4cbc43cb0abb4596bb27
500,1764562479.3071725,0.000019967,0.000014657,0.000018905,0.000015799,0.000018665,0.000033122,d34e7dff854c715cfdaafe59cfcab749e7cd14fb8580b6f64c028f17e7dc3447
501,1764562479.3082237,0.000019957,0.000014547,0.000019236,0.000015619,0.000018925,0.000032901,a71b703ee8bca483d4b34682d85309e0a3faf91bf9f4af8caca3caf53a4cebae
502,1764562479.3093204,0.000019466,0.000014286,0.000020718,0.000015689,0.000020197,0.000032520,e848853735b30446e2dcae1ac801e06e206cc221843bb3d92df5609c63cfc313
503,1764562479.3104036,0.000020258,0.000014216,0.000019226,0.000016130,0.000018554,0.000032781,3a5117550989f91f4654e4ed3f88263bf9cc363d5e4872d46d9ca027e92aac75
504,1764562479.311459,0.000021350,0.000014527,0.000018895,0.000015669,0.000018333,0.000032690,9bf5da4031669ab6409b66b9efa1f6cf80aaaae7f80fa9078a8d9a67455c0209
505,1764562479.312552,0.000020067,0.000014296,0.000023383,0.000015659,0.000018654,0.000032650,2ddbc05d9fcd2d0ad673dcf25bc2dcd960d74805e6c9671d5a5a3959277249a6
506,1764562479.3138573,0.000024856,0.000020358,0.000026719,0.000017532,0.000022120,0.000035676,b383467295075630f64ccec2c4b8c7d27288dd450b41e9cbc1fb704b30ec150e
507,1764562479.314954,0.000022842,0.000015168,0.000019416,0.000015759,0.000019796,0.000033973,ee204ff8d06c301ad69439646eba7a0855113336703b48e6dce9f25b7d270f49
508,1764562479.3162665,0.000020067,0.000014277,0.000038351,0.000015870,0.000019025,0.000032550,e899d624a5d454e5e35f94978a86db6a36548bd348160a0dc945ac4cfcd7306a
509,1764562479.3177102,0.000038932,0.000029184,0.000019977,0.000015830,0.000020317,0.000035295,2575c35a876c30c103c5131e900244b9c47127714d3686472ed26095081c4534
510,1764562479.31877,0.000020167,0.000015779,0.000019236,0.000015479,0.000017933,0.000032781,3d8a2612dddba364535d24bdd2ac89dd8c93d0470f7611039b4ef7166168a6cf
511,1764562479.3206477,0.000024846,0.000015870,0.000020408,0.000036758,0.000056494,0.000072795,faa3afe464ea24606a45efa71b9eca301eb2dfa99a4a5a42265e6c75240ba629
512,1764562479.322308,0.000021520,0.000015529,0.000036297,0.000018454,0.000036338,0.000061644,8ed86c3f5ad98fc8a3117c986d26ee4b065b66a10d63588ab917be86600a69af
513,1764562479.3234859,0.000021430,0.000015629,0.000020107,0.000016851,0.000021701,0.000035886,dbd7261f877f43c9129938fa456d08d30316fc4601594c42b721ae0fbfb63e8f
514,1764562479.324586,0.000020528,0.000014997,0.000019335,0.000015458,0.000019296,0.000032930,99459251b3810f9db06a50d86a32d35d223e6d1aa0814d01faa21e527881aefb
515,1764562479.3256605,0.000020558,0.000015068,0.000019096,0.000015409,0.000018654,0.000032711,3675fccc3044b36286defbbe882a4e071c98188fe735ac5d4f7e0d33432e9428
516,1764562479.3267128,0.000020668,0.000015038,0.000018785,0.000015428,0.000018695,0.000032671,a0503a3c5b06ab9d8dc7dee8b57a107b237a9444ab6caaf88f19fded369f3550
517,1764562479.3277824,0.000020578,0.000016260,0.000019286,0.000015098,0.000018314,0.000032690,bd320b2d4f7c1e037edd49774834932203452b22400602d6eaa7f53d2a63b01f
518,1764562479.3288488,0.000020799,0.000014967,0.000018935,0.000015238,0.000018354,0.000032801,aced3015e1e8f9a149ba92a616d12fb12158ba19edfcfbe31e5e008a879e5b85
519,1764562479.3299444,0.000020859,0.000014697,0.000019335,0.000015438,0.000018223,0.000033552,860cfc041f1308aed26e73b104a2fbcdb31d5862cd12aca551cc88b606400437
520,1764562479.3312867,0.000020749,0.000015018,0.000020708,0.000016501,0.000024465,0.000039964,3d23c1b4f5e446223816d559512dccb4a1492d66636837d456747523f732d85b
521,1764562479.3327403,0.000020157,0.000014727,0.000018784,0.000021650,0.000041226,0.000043841,1f41fbf63d1b186130e8bf60cdba1b2c1aa93b86c7770a75783b9cd9c538cc10
522,1764562479.3338664,0.000026008,0.000015258,0.000024645,0.000017111,0.000022451,0.000034264,489b8dbf9639e2363a853217127a570d64aef1153e11b89303283f4d253fd0e1
523,1764562479.335033,0.000020838,0.000014837,0.000018835,0.000017873,0.000022793,0.000035415,67bb4c1357816cea64736dee106c74d8521f5694f00eb0698127297615f042ab
524,1764562479.3361003,0.000020418,0.000014888,0.000019156,0.000015909,0.000019606,0.000032831,eec758f03b144b9e063ebf52c7b1462eba3941c5da24aabacb88fa347f6d6eb4
525,1764562479.3371665,0.000019987,0.000014426,0.000018505,0.000015668,0.000018834,0.000032721,e498343a214b82cd0e2cd0ce11f9046f8d7b1dbe65fb791507348a9ce93be959
526,1764562479.3383431,0.000019947,0.000014497,0.000028402,0.000016761,0.000020979,0.000033031,d13c854503bf7894d1e78430c673af785299325fc63426f49d47989333e07507
527,1764562479.339638,0.000023203,0.000014657,0.000019857,0.000017533,0.000021509,0.000037289,e02cd31e12c6ff785c6323eaa0cfbd3051fe689cac6157ac906544e5d6648146
528,1764562479.3407266,0.000020347,0.000014557,0.000019005,0.000015579,0.000019306,0.000033101,933cb28abc7b061fdee74c8177dd5af2acdc437bed531c6e2781e7dcb9083078
529,1764562479.3418024,0.000019927,0.000015869,0.000018735,0.000015178,0.000019085,0.000032590,652c9090ec4c3d572d11150340697995244cae50096134fe931c9afa1fef26cb
530,1764562479.3436053,0.000020358,0.000015148,0.000021189,0.000037009,0.000053439,0.000076572,29bb6b968c11ebd1aa814a62d66c30570a626efe3251371f8923210a7dea603b
531,1764562479.3447638,0.000024576,0.000015949,0.000019155,0.000017111,0.000022732,0.000034514,ee5edff8a0d0b3aa1aca9bebf2d66cba618c07469e6a43dcdfa16f70ef8b4adb
532,1764562479.3461232,0.000020288,0.000014587,0.000051845,0.000017231,0.000025757,0.000035556,1f82a9972a8654fcc64ce2bd8b2cea21078bb5d5aa7e7c0ce2d73ea421b09933
533,1764562479.3482387,0.000057096,0.000035496,0.000024034,0.000022702,0.000039663,0.000047308,5ae71989af775450dc565ba52cf7cf5f805b9e3273a5fa4d5f4fd84385e3c8c7
534,1764562479.3499002,0.000032299,0.000015799,0.000021590,0.000032230,0.000038672,0.000066233,b2583b755de6a979499a9ab7a51e315f05105d7af06a0f37cccf61baaed330d1
535,1764562479.3522785,0.000033842,0.000023784,0.000026799,0.000038902,0.000061534,0.000078395,ee88419e750112bcf098eea00f35acb1f2ec26e9eb69f91a1c3bf2e30641724d
536,1764562479.3535469,0.000023012,0.000016010,0.000020778,0.000019345,0.000024034,0.000039202,f304e835250efae33150c78149353dece8f8410eab9562ca52635d7e8060418a
537,1764562479.3548083,0.000021049,0.000015449,0.000021299,0.000015980,0.000020528,0.000033462,e3b93fa8881871aa1f0bb72e81d265c445e67364523189bacbe169f1642f1bf4
538,1764562479.3569546,0.000022772,0.000015559,0.000026810,0.000037840,0.000057927,0.000075650,9ec178f7c1f665c69a03b27ecc7934908457c4d1c1844b0e0bdcec0bafeb454f
539,1764562479.3582168,0.000024024,0.000015178,0.000020277,0.000017853,0.000026438,0.000039463,6952fe58a0e4fa6184a7c78f27798da48b2712a75d809a24620b3c9a07de3915
540,1764562479.3597362,0.000025697,0.000015339,0.000020498,0.000033021,0.000039744,0.000068437,0ea257b7bbcdac477c5382e3941badc866ef316f2c6576385e111ea1b6078b84
541,1764562479.36085,0.000026388,0.000014807,0.000019166,0.000016100,0.000019195,0.000032721,a81f1935ef393b997afcde1ade718b29505baa521dd5e4919ada39a4705e5d1a
542,1764562479.3620872,0.000020037,0.000014607,0.000042609,0.000015779,0.000018464,0.000032771,3e6934c7f82ee97fc339eacb1091619197845502f9cd7c2654bcc35a5f8ba3f7
543,1764562479.3641498,0.000040725,0.000028793,0.000024696,0.000034254,0.000050924,0.000071993,c83b6c94f178fd52fbb19844653ad2eea64b0a48ca2dfa7c91a49fc866be365e
544,1764562479.365698,0.000023423,0.000015359,0.000020828,0.000032720,0.000043521,0.000069508,7726829076f9647e06134e6553e7bef6f9f10c069cfc570d88ea71714b93c0af
545,1764562479.3668802,0.000021209,0.000026069,0.000019666,0.000015869,0.000019516,0.000033282,d9c6749fb8936ff8121cdb9e73fb670fd08e69bfe90e0fddaf2a87accd6e1e07
546,1764562479.3685775,0.000046726,0.000031198,0.000020247,0.000015568,0.000018885,0.000032971,57181d5b2cfeecf47d5b488f5fc632377d75355a4614fef9080c9e7d4e79ad6c
547,1764562479.3702068,0.000020608,0.000015379,0.000040215,0.000030146,0.000036117,0.000064179,fddaee0dc147872d30f29740ab0aa99fc2a9672d501bfc41e202fee599e86647
548,1764562479.3720412,0.000052026,0.000037339,0.000026208,0.000018594,0.000025567,0.000039363,99a4f90788d0bee68186ca162f016ed3105e4508d550b1e327f293675a926ab5
549,1764562479.3732655,0.000031979,0.000016210,0.000020828,0.000015859,0.000021871,0.000035927,206c070aa8e69368c73a04195d76007d1ed109434abf5d2a97a2b82a6c70f756
550,1764562479.374576,0.000020778,0.000015418,0.000026829,0.000017342,0.000023133,0.000041977,c12c6b81ef2b5552b32e461705841eb10edd77d78378bf1af0b3867de1bd94a4
551,1764562479.375699,0.000021780,0.000015078,0.000019737,0.000015458,0.000019325,0.000034534,e897cb2cf29dc7bddf7db58fdba1bcebdb12300a3d39a8005f8ccdaf0822e8bd
552,1764562479.376771,0.000019576,0.000019997,0.000020949,0.000015579,0.000018785,0.000033702,ab7d2cb16557496aee3e4c76cc1a8be8169ac85fc8bbbfd9f29c7034e40c12ab
553,1764562479.377911,0.000021520,0.000014888,0.000018835,0.000016180,0.000021049,0.000036027,633a0b03da9fc7b9d4c4f4d43a7d46c2ad71d3a2c4ed58a9c5b25bd27970786f
554,1764562479.3794127,0.000019396,0.000014276,0.000023063,0.000022001,0.000044352,0.000042950,25df95f31cff7d312eeafe5626f7805333c1adcd795c9daa0cff0db2abff2643
555,1764562479.3806455,0.000022181,0.000015439,0.000020047,0.000018464,0.000028232,0.000037770,ab63fac05258ac39da0f85ccd18dae002416f75eb4a9c5c167ce2b201179d97e
556,1764562479.3818972,0.000020377,0.000014807,0.000020859,0.000016821,0.000026048,0.000038962,2c7b3dabc82a7fcb68e9b5c19b1cbd5a32f9dc8a50b2c38d10a17b03257ffdc9
557,1764562479.3829987,0.000021149,0.000014657,0.000019567,0.000016050,0.000019476,0.000033622,be394dd0a0904aaf064f1c480c34ba01c6283bc25c65f2a6213ba97fd89118ba
558,1764562479.3841836,0.000021280,0.000014838,0.000019496,0.000015549,0.000018785,0.000032910,6f0a53f8303a7880992c6874b73d32883f99ac2533cb1f63934cedbcabee75ba
559,1764562479.3856666,0.000020257,0.000014537,0.000018875,0.000023593,0.000048660,0.000044472,e155d65cdc96d0787a74777cc3244ac068b9663956eda52d5de32f255eebc550
560,1764562479.3868423,0.000020437,0.000014727,0.000024004,0.000016721,0.000021259,0.000034875,9caaf35cad1df601ce7c792a4798ff0923c1604a3faaf687541c610b92017807
561,1764562479.3881679,0.000026670,0.000021340,0.000022813,0.000015979,0.000021600,0.000064800,8bf0d24d0c9ad9381a9974f95d90102cbd4b9f08cca369fa460af88f35525ba1
562,1764562479.3894863,0.000022021,0.000014998,0.000026158,0.000019687,0.000028953,0.000041867,4426d31c75481aff327b81058da71f1f89e2e7adf122e1af0eac7b91c17bea74
563,1764562479.3913136,0.000024035,0.000015939,0.000019947,0.000035535,0.000094895,0.000084756,558bc9979557bf7f4b703ee97d93a81b387d45f9ee6908a36a0442bd1f1c99fc
564,1764562479.392394,0.000020999,0.000015208,0.000019607,0.000015629,0.000018685,0.000032861,a3d4fb88e1c4b2623b1c8365e4fac5b2a46cf035b7940159b688dd822af43c30
565,1764562479.3934546,0.000020458,0.000014517,0.000019135,0.000015509,0.000018594,0.000033843,65cbfefb7ed23f36ef75005fdc40eefa71635e221bc8db7cc58b853b54975187
566,1764562479.3945172,0.000020579,0.000014977,0.000019266,0.000015579,0.000018304,0.000033031,92802cc9186b6993a317d8ddb2ffc8f2e07dd564e25ddf54b88cf1686f91dac0
567,1764562479.395592,0.000020047,0.000014817,0.000019586,0.000015278,0.000018233,0.000032821,4da8ca0a0e55c942b250b7d4f5d626b4b489f6f17dd510132a9c9dc67135c160
568,1764562479.396707,0.000022932,0.000018424,0.000019717,0.000016060,0.000017913,0.000033382,b5fcc194798a36ef1b8d69457d30cea4c6804000f05d0df455deb334b35b6c04
569,1764562479.3978918,0.000020268,0.000015859,0.000019696,0.000016100,0.000019646,0.000033862,ae616e89d9b3dc3113bbece55e36d67ca62fc04d5d7001747da34a6cac114f50
570,1764562479.39896,0.000020748,0.000014667,0.000018644,0.000015559,0.000018103,0.000033512,722ecfdbc2d6ca93ba96a6c87d35bd3d1c2c7ceb4980840dac2620fcbc15d728
571,1764562479.3999958,0.000019917,0.000014436,0.000018775,0.000015328,0.000018144,0.000032771,6e942cc07ae8a13a4be066d14094f6932000ce586a8bd6be589193cf56b2dcf9
572,1764562479.4013064,0.000019727,0.000014597,0.000043821,0.000015037,0.000018033,0.000032590,788679589272f22e2a66a0894b409ee00856b4517a6fca2cb7ef3ab5d6955a7d
573,1764562479.4032931,0.000042649,0.000029695,0.000019616,0.000032951,0.000037770,0.000074829,19e81400c7fb9c32df60aac79bc911f7dc9ccc0e249fcf95958d6f07c26a2ded
574,1764562479.4044178,0.000020328,0.000015028,0.000021530,0.000016029,0.000019557,0.000032871,c268c1978c8b7c215c249b15edd344e685e8e10aaeb3029686b4bcf66bf11c2b
575,1764562479.405587,0.000020858,0.000015148,0.000025558,0.000016470,0.000021419,0.000034183,cff75c4a5605d118d5fc6b1574c6f7cff7a4e7ca8c6c2cbd98d2ed385b20119e
576,1764562479.4067364,0.000031939,0.000016831,0.000023734,0.000016020,0.000019817,0.000032921,eb47b565b0a5bf84519075d5f2106a9a369f880f8ab8c9af14a4418e5a76261e
577,1764562479.407811,0.000026208,0.000014968,0.000019376,0.000015649,0.000018725,0.000032650,f8589de1da1e4d0f70ebbb1ab5fe59ca16a496f453249bbf8eb0ddaab42f2c4e
578,1764562479.4088876,0.000020919,0.000014647,0.000018855,0.000015880,0.000019796,0.000032690,312ebc9288f90fb21d3a680fce8d347510e13944fcf4af4b0107dda6b298ab31
579,1764562479.4099464,0.000019787,0.000014557,0.000018875,0.000015949,0.000018965,0.000032720,2518edf3c8ba1983e4828947329e9ff8b7aea788fd370b1943982ad22c3f1f80
580,1764562479.4109924,0.000022411,0.000015519,0.000018824,0.000015248,0.000018334,0.000032701,a3b736a32fa4803f9c7a02789696235b8fa43e62b5908e48ee296daf5f37d253
581,1764562479.4120898,0.000019156,0.000014316,0.000023964,0.000015279,0.000018574,0.000032881,d9b8ec97fffd19a050d2e7ed94dee90b7182b093607888a5ec10c7b2b46ded4c
582,1764562479.413285,0.000022933,0.000020658,0.000020257,0.000015840,0.000019245,0.000034022,6f00da55888bcbbcb671584e7fba744fecf0e1e903bbfb365379c898a8052845
583,1764562479.4144547,0.000020258,0.000014818,0.000022221,0.000018123,0.000020928,0.000035626,1b2bd8054f251a32e17e7c1c8acb4252504f4e5239456279f68810e8214e54ca
584,1764562479.4155724,0.000020127,0.000014718,0.000019146,0.000016020,0.000017973,0.000033231,27d057412391eae9b5d0d0b571b3131acce22a7189795d265574a6893dca283a
585,1764562479.4166353,0.000019405,0.000014286,0.000018684,0.000015569,0.000018555,0.000032641,757da6b8a58df5bd514487363b38a71ef6189ce4efda94e659dfcf4cc73c6377
586,1764562479.4176705,0.000019466,0.000014336,0.000018764,0.000015308,0.000017903,0.000032650,bac640f3b5813adfd68095e7f579d2bc5e39c3cc398ef4c8e2f3ed6993546dc1
587,1764562479.4187145,0.000019607,0.000014447,0.000018594,0.000015108,0.000018083,0.000032680,047cc19b1a5cecce5fdefe92158bbf92503f37a2bc16609799b2a71caabb517b
588,1764562479.4197636,0.000019696,0.000014667,0.000018223,0.000015087,0.000017983,0.000032680,25a887eb6ba949e1f7b912f7a301e9342b0ace7a1483b31acddcc52138c00da9
589,1764562479.4208941,0.000019607,0.000014006,0.000021800,0.000015158,0.000017733,0.000035285,61859943b0e56a2c3b4384703a3232d4173085087372490e88acae4bfc86d70f
590,1764562479.421998,0.000020618,0.000014958,0.000019837,0.000015980,0.000018785,0.000039062,d7eca4df2c8636b53088c477add42aa2a4edd1e9a56400589c0ca6cd0bbb2367
591,1764562479.4231913,0.000019817,0.000015669,0.000019647,0.000016099,0.000019626,0.000032771,a53237ec21dfc6e575bad6bb4eccde1106ef4512a4fc229d5d7a637bbc48ed19
592,1764562479.424794,0.000020638,0.000014988,0.000019526,0.000027912,0.000061814,0.000052206,130e946289234193e70c1958eff46c67d5de662eeb72fba930d520f011bd7bd9
593,1764562479.426275,0.000025657,0.000020999,0.000018855,0.000030657,0.000036267,0.000064840,3fd3321399856551d4d0e9bf980081119a9be4f37b6f45075246d8befb14b507
594,1764562479.4273994,0.000019446,0.000014877,0.000018854,0.000017452,0.000021911,0.000034894,b764c0f5e94bba71bf700565d7b1b7d7cd72939c100f756d8c45195dbf947920
595,1764562479.4285505,0.000019496,0.000014326,0.000023644,0.000016200,0.000019737,0.000034754,49d180c14cd56043b8e6a40dcedbede45855ad562ca4748290c5e1d025961163
596,1764562479.4296827,0.000022010,0.000015208,0.000020288,0.000016020,0.000020217,0.000033142,06b32ba6a0e94a3fcc8a93aa2955f7b264c93d6e97c9066741d0e0f6ebc05d8e
597,1764562479.430931,0.000020417,0.000014567,0.000020598,0.000017262,0.000022221,0.000049912,2ce80fdd1809a95780632e0cd02e150312316f0dacb24ed79ee501e47589bd81
598,1764562479.432055,0.000022752,0.000015588,0.000019326,0.000015749,0.000019165,0.000033161,17592feb850b58f9544f78eacd006248850688755f1678f28428b66a5ba71e22
599,1764562479.4333057,0.000019396,0.000014748,0.000019076,0.000019887,0.000031037,0.000038090,3fa955f2d913dc37ef8082e7ca0f1d0c9086f5e071da19da8510b21ad57cbbb0
600,1764562479.4343634,0.000019336,0.000014497,0.000018724,0.000016421,0.000019356,0.000032831,067ecc4874591b9f65f2fe47e603c3504519c1e03326d92f3a23cf61764c3c9d
601,1764562479.4354224,0.000019416,0.000014306,0.000019226,0.000015789,0.000019757,0.000032961,1aa90eea10c9bde485ce92e1f5d92516e243e35201572f242c2d8fb899bbb105
602,1764562479.436474,0.000019296,0.000014116,0.000018704,0.000015920,0.000019065,0.000034323,90323c40231c7db841b033756954f100813aab59823aa51014e5741bb3a2cda1
603,1764562479.4375658,0.000019657,0.000014476,0.000024585,0.000015308,0.000017933,0.000032761,d774181970982daab1268ad261a0003965172ae8cdc83f6e3cb847f3d47572a6
604,1764562479.4388855,0.000021670,0.000015128,0.000026118,0.000021269,0.000055683,0.000034724,66606eff820d2008416f8fa8d01ada8c9d873c4eaef00ddc178e61a76083016f
605,1764562479.4400969,0.000021901,0.000014737,0.000020027,0.000015198,0.000019336,0.000032650,4d92b0c19a9279f5db022f7ee337275d73f36c84325d8f96e20c1afe09904e2c
606,1764562479.441359,0.000019797,0.000014387,0.000019045,0.000019997,0.000034314,0.000039173,e08831eb9f5143c5aed828b7ac0dd0afd68616e528d46d6040fe4af03da4d241
607,1764562479.4424427,0.000019666,0.000014687,0.000018905,0.000015528,0.000019065,0.000032871,614c0fa1953983669e4569ec93ac7127d9bc6820b77ec0a5199170d752c56a37
608,1764562479.4435186,0.000019145,0.000014567,0.000019536,0.000015709,0.000019175,0.000032721,de221553537c7132f9bbbf4e7290b5fac6ba43b7e8bbfa2b59d815ed825cae83
609,1764562479.4446573,0.000019917,0.000014617,0.000019195,0.000037009,0.000022972,0.000039904,843bab39cf6e0cadf64470cec8c97f55ba7887e083bb593ec40c68a8c3e8309d
610,1764562479.4458282,0.000019155,0.000014336,0.000024064,0.000015699,0.000019616,0.000059941,0482c12aeee00d502c8c0cf47c1da228b9e60d0e1f536b1362844c380242ec4a
611,1764562479.4474695,0.000021780,0.000014907,0.000035596,0.000041065,0.000042819,0.000068947,11e04252bf30d9c405a08f4126411f09b1e16ca2b48f57a8ddd36df6b4973a41
612,1764562479.448636,0.000032209,0.000015308,0.000019256,0.000016600,0.000021410,0.000034384,a381b6fa725d85bfff49ac67de0311c3b24c40faf83c7f4349684f4e8d4d4eb0
613,1764562479.4497247,0.000019916,0.000014787,0.000019907,0.000015058,0.000018575,0.000033532,0ab65749f9e53c4c99287f6e2f036185e60b38753e71918c3d0ba2cb38be3792
614,1764562479.4507704,0.000020168,0.000015979,0.000018665,0.000015188,0.000018425,0.000033431,ec5d9423f0b9c830f20b5752738ea9d4c825605be57621ab2033d5c0aeaedb5f
615,1764562479.4518135,0.000019426,0.000014607,0.000018534,0.000015369,0.000018193,0.000032650,490667ec3b34db067474cc8b2c9ea71fdda9c9b3a92b28ebaf92116d48db47b4
616,1764562479.452853,0.000019736,0.000014577,0.000018854,0.000015028,0.000018203,0.000032591,8956a087010eef59f8e07c07b80889ef465fc407d6990173ef1fba97637ac68a
617,1764562479.4539418,0.000019806,0.000014237,0.000020868,0.000015298,0.000017893,0.000032050,b58c3626ddb4a4077cd92e54e0eb10b5cb2371776351917418eb5301645af6c7
618,1764562479.4550242,0.000020838,0.000014787,0.000019866,0.000015128,0.000018865,0.000033922,84c3297dd582635f8c87550365441f763b3ba1541de8ee184c486fb99e0a9d8d
619,1764562479.4562187,0.000020267,0.000015289,0.000020217,0.000022352,0.000021530,0.000035886,8b684ee1f1eeb6f4399be244b3981762ffaa4b4a06daa787b82ca0cd88ce5b76
620,1764562479.4580302,0.000021710,0.000014557,0.000019335,0.000038642,0.000053629,0.000075139,707c3d71fc9dafa7ed23b3d5167c38f783d95dc43265c2707fa39a96963ce3f6
621,1764562479.459595,0.000020047,0.000014487,0.000035997,0.000029615,0.000034494,0.000064088,9e1e9e1d98423e60c01bbeb090c41d7812cedb6e7f2766e8acc0946a7c2bee3d
622,1764562479.4606848,0.000019937,0.000014086,0.000018635,0.000015399,0.000018224,0.000032590,2178bd080883807e895e9cbb5dd6eade9fc88975cf627e851e991abc00527f4d
623,1764562479.4617476,0.000019847,0.000014677,0.000022872,0.000014997,0.000018133,0.000032660,fe3f761111f035be2b85cdb602817b7936009d0acfabb3542baed3ba6eb6178e
624,1764562479.462965,0.000026679,0.000021800,0.000020568,0.000015198,0.000022682,0.000032570,535a6911d5bc0f49dec7964cb2c759838018077396e55af79bd69013d9eb6072
625,1764562479.4641411,0.000020428,0.000014397,0.000021049,0.000016220,0.000018985,0.000040705,0cd00356728a4ae28283cbd3f5014a852545be8cc6c5777d792dcfd2d68f8a3f
626,1764562479.465199,0.000020858,0.000014697,0.000019125,0.000015348,0.000024275,0.000032139,c0c8405ee03d9ceff0dfe976b1edcab6b30affbc6b9b9953dc6436a039fcc05c
627,1764562479.4669135,0.000019716,0.000014617,0.000018855,0.000037990,0.000055532,0.000072544,832661376d5f7a7e258d23a076398e79fb63ed9d38a1106e7ace1bc50d4da1c8
628,1764562479.4680219,0.000019566,0.000014246,0.000019716,0.000017031,0.000020938,0.000033753,0df66b52ba46204ceff65705dd8c195735d8d56e15030cd2c00568a2b420cda2
629,1764562479.4690812,0.000020267,0.000014326,0.000019366,0.000015338,0.000018665,0.000032721,a43ba6553b791af2e25e92838aace3ea7988b670eeb035725f62c3cbf59b5b9c
630,1764562479.4701362,0.000019987,0.000014506,0.000019235,0.000015589,0.000018384,0.000043210,36b3a8abfb684591cd2b37d6e5bfeda0be3df7b8dc2b66a85e51945aeff64b1f
631,1764562479.4713132,0.000019616,0.000014196,0.000022101,0.000017512,0.000018885,0.000040745,955e3c4598abe4d6b7e282b636a7165bfd5b86b2f3ac37551c43b4eda8ef6613
632,1764562479.4725842,0.000021029,0.000015369,0.000020027,0.000021640,0.000036898,0.000043521,0f7a24919513775553e5e729558b98c956ff97d24ff31f277e298d258510433b
633,1764562479.4738507,0.000020849,0.000014246,0.000026980,0.000016641,0.000022522,0.000043050,01bc7b341dd71019c440a06322815af2d733246c1a23ac3cbc209984a801f726
634,1764562479.4759564,0.000023914,0.000016130,0.000025658,0.000030296,0.000081742,0.000064219,1de476ea4e153a288ce1297f56010395221b7db75313edb2de3de71057bc7066
635,1764562479.4770942,0.000022712,0.000015158,0.000020007,0.000015819,0.000019606,0.000033722,02e37eda5041433bb98e2e5b45bc550fa3c6a9c1bceda7c56cd002f24e9f0bdd
636,1764562479.4781494,0.000019847,0.000014547,0.000019486,0.000015278,0.000018053,0.000032680,a34ba65a3d9d4557cacdc75d127eeb4a7c4da02b1213c0b9993505c12b5e52ba
637,1764562479.4793057,0.000020297,0.000014407,0.000022953,0.000014897,0.000018264,0.000032180,9b9f52ff0a5af0fe2a12f14efee3c6241b4dc2c4efd751511be3f71cf6806fdf
638,1764562479.4805179,0.000021620,0.000015239,0.000023924,0.000017122,0.000024545,0.000038241,4283a7b166f7def1c28235d0673f9f42f1c2b3fbc7e0e89ae1f5f804efb13f31
639,1764562479.4823394,0.000022441,0.000015369,0.000020338,0.000049772,0.000110764,0.000068276,645c09fa3198caaa4123dbd35858b07427f80dc83d15d894ee0395c089e50dc3
640,1764562479.4834137,0.000020698,0.000014747,0.000019005,0.000015599,0.000019376,0.000032941,d9fdd734454f68a58209c74e3f0bcdc445fef619607ab7b4467b955bf3daab30
641,1764562479.4844863,0.000020107,0.000014567,0.000018965,0.000015448,0.000019326,0.000032680,5804b0241a09f29ccb77f153a0e59d32e69936ba0cf1e0d3aad7ba2a8eacfd40
642,1764562479.4855351,0.000019676,0.000014376,0.000018774,0.000015498,0.000019006,0.000032710,e6afbfca350bc065f1d2b0a9648d9a40f015e400eda3d1f842f29d4892a4e5b2
643,1764562479.486633,0.000019586,0.000014557,0.000025277,0.000015709,0.000018263,0.000032620,119eb984024ff575602ea365a13057018a5ac1ce7d9807d9660a21d64e954380
644,1764562479.487728,0.000023102,0.000015028,0.000018905,0.000015228,0.000018615,0.000034744,b71e3f5af515812b09304eb243488aaf4527519e6910ab735831d407fbb79056
645,1764562479.4889295,0.000019446,0.000015399,0.000022011,0.000018945,0.000019826,0.000033482,9da672654132892d0f9194d344bf457b395e2ae16b06c10e7f83275bf0414f3d
646,1764562479.4901254,0.000021660,0.000015619,0.000019667,0.000016210,0.000020388,0.000032991,42a33ce3342a9385cb34906b5f17f9d13cc1a98f328c7ebba114eaaebb138983
647,1764562479.4917188,0.000020318,0.000015218,0.000020057,0.000036538,0.000056464,0.000073836,340b1c21f5857e9d153473fba8ae17c407a10e852b94f5f2bb1e6ae5a0241d5b
648,1764562479.4928057,0.000021290,0.000014817,0.000019286,0.000015529,0.000021069,0.000033512,651b1bcecfcb18a4478e4ad9e09580d41fdefb56e342566cdc48a17238cc3737
649,1764562479.493876,0.000020498,0.000014747,0.000024976,0.000016100,0.000018494,0.000033021,276f6721d3a3c0731b0d312cd960f6e090ad5ce447d4786826335d5fbcbb97b0
650,1764562479.4949665,0.000019627,0.000014687,0.000023644,0.000015419,0.000018775,0.000032750,4c4b503cea4a7326ca590009d88f8080179d9714dffa2e00aeb5ba4a18abbb0c
651,1764562479.4961107,0.000027481,0.000023854,0.000019295,0.000015058,0.000018204,0.000032961,d14822138f2def3280d10f6fcb500751cfd9e312c94a70e05b5e374b65238d2d
652,1764562479.4971917,0.000019917,0.000014698,0.000019666,0.000024094,0.000019416,0.000032550,eb4aaf75a56c484e59bd997cf5a08624d9a0b710385d9c8d0361588d5fe1b437
653,1764562479.498358,0.000019957,0.000014677,0.000020547,0.000015668,0.000019446,0.000033021,1263ce1ec7f268293c621ed729565ecb08f491d39a9e47983e799b527936236e
654,1764562479.499777,0.000020218,0.000014477,0.000020999,0.000021239,0.000037680,0.000066884,197de9937420e039418c4dbc80728d3b3bdf6e35a67d1eebad7273b64ce2e0d8
655,1764562479.5010247,0.000020237,0.000014237,0.000018825,0.000031228,0.000023314,0.000066623,380a98f3839a9dc602cbb556f51ae64d1ce82b29ef17750b3f132b10b4cd611e
656,1764562479.5024858,0.000020147,0.000014227,0.000019606,0.000032460,0.000037078,0.000065551,226334ab73467010b9f45a7851d88c61099b848f5a3a09ace0db137c3b6650ef
657,1764562479.503548,0.000019937,0.000014467,0.000019265,0.000015579,0.000018925,0.000032701,814d8e6dab7fd92712681989015983b8ebab9ee6b1e208069fc36da8d37fb374
658,1764562479.5047984,0.000019536,0.000014507,0.000021339,0.000015578,0.000019045,0.000032971,0fb891610669278a11793f946878342472daa1724aa5fead9c0df8183abec781
659,1764562479.5060046,0.000022492,0.000016341,0.000021740,0.000016320,0.000020548,0.000034414,5ea9a6c4d6453281ffd50fa990760ebed0ff9208ce4e622d00949ddcd66ae515
660,1764562479.5071745,0.000023092,0.000015378,0.000020919,0.000015869,0.000020257,0.000043500,c5ed9992f2e91b8ef8e671cdaad8265db0dfe404fcbe2a2f2b505799a70d2502
661,1764562479.5086448,0.000021961,0.000015609,0.000022251,0.000023113,0.000040064,0.000044552,c7f572d7ec1a206f6a2983d80202d01e08782c67f8a44f59e2bbe19249e51334
662,1764562479.5100935,0.000022341,0.000015388,0.000020137,0.000019596,0.000031548,0.000041136,4d4f5eefd8ca0afdf33be4f67c5c67140255464225586ce53fbb6ec3e50feea2
663,1764562479.5112343,0.000031408,0.000015308,0.000019486,0.000016551,0.000026499,0.000034804,abe5317e328fa8ddb3773fb56524ecf94618fb430d773a66563cfea35a1c414d
664,1764562479.5123706,0.000021159,0.000014437,0.000019195,0.000016139,0.000021129,0.000035135,688f67a31e2be34acf811c015ece0e97b4d132a82f3cb5d01d6931d36c5777be
665,1764562479.5135176,0.000020578,0.000014938,0.000019937,0.000016200,0.000020688,0.000035185,6f46b4bec70169f5d2ba1a5607d41c3e459c3b0f39b5e6f7900a64c4b7b026b3
666,1764562479.5146778,0.000020769,0.000014868,0.000020969,0.000016090,0.000020799,0.000035115,0c3e5765c5999196cb0711067e4391e3adf64dccc348656b47da64be2afb4af2
667,1764562479.5157602,0.000020678,0.000014447,0.000019145,0.000015659,0.000020568,0.000032781,4de05ce02472b02d3741ff4fd65e0f9ad15f1cf8c299def3249a4e39b75e25f6
668,1764562479.5168428,0.000020869,0.000014527,0.000019587,0.000015940,0.000018604,0.000033472,f0e30fefb2c64431673d55979e0a0a5d26b2443a308b9e6c3226654b8d43f0ef
669,1764562479.5179043,0.000020699,0.000014417,0.000019787,0.000015429,0.000019156,0.000032700,7927b1239daf88f34d072d20ecbb8eaadc9c90643910fe76855f5c7345a5ff25
670,1764562479.5189674,0.000020057,0.000014206,0.000018885,0.000015418,0.000019186,0.000032690,0e0396e35b465ee31af5dbf7d9cd1312d4e458a531c358016d11f09556b885fc
671,1764562479.5200255,0.000020568,0.000014757,0.000018955,0.000015279,0.000018193,0.000032921,ac2c8604a63fa94eee48d723e231ccae347eb005131c8fc9bc55734b0525ba20
672,1764562479.5221949,0.000020618,0.000014437,0.000036377,0.000054030,0.000073946,0.000096809,9956f11fb73a2eab44d40b44e4ecb553980bfb7c6cc4f08c8dc11a8db0bed12c
673,1764562479.524283,0.000040475,0.000029064,0.000019657,0.000018575,0.000031257,0.000041267,0e436ee628b8bee39bba48725838c1d7e5907f966846fc2f045e6496800a6ade
674,1764562479.5254486,0.000020718,0.000014707,0.000018925,0.000022822,0.000071222,0.000034083,d68b2721bb328aefe340d7073bc117e13d431a49f0b6c92772a3ce7bf131fc54
675,1764562479.5265267,0.000020117,0.000015218,0.000019035,0.000015709,0.000019295,0.000032991,c8a698725e35aa25375f4359018170161651297958e7c596565f8d3b4feb6e0b
676,1764562479.5275931,0.000020428,0.000014467,0.000018875,0.000015619,0.000018804,0.000032910,179ff0de0c0705b1395cada349e5d0a0fa27b8c9acdc3d1406847138a993caa4
677,1764562479.528657,0.000020267,0.000014627,0.000019767,0.000015499,0.000019476,0.000032189,b6ad221973e9f873925c38b6e3827135027892c3e7f8b185566003a03f9fc05b
678,1764562479.5297315,0.000021049,0.000014376,0.000019146,0.000015849,0.000019706,0.000032741,acb30f22a3fb3b95c14a087e5eef92981454f88ffa7eed8076f67e5d6df0bb74
679,1764562479.5308166,0.000025407,0.000014918,0.000019707,0.000016069,0.000018805,0.000032910,d3aa71c9400161c3f75471fcbb1d0eb6e13021621517dc79658f69aa79903d6d
680,1764562479.531964,0.000022892,0.000015830,0.000019316,0.000015969,0.000019176,0.000035276,c4ae57af7e3c6e7ede48e50fa46059cc0e3c781ccbf7ee6abd242f3aeb0b9154
681,1764562479.5330431,0.000020477,0.000014637,0.000018845,0.000015719,0.000019176,0.000032981,8648398a2e7470421ea37f64204b9bee48d13f7ca45ec18e1a203fd10abcfa86
682,1764562479.5341208,0.000021359,0.000014998,0.000019226,0.000015518,0.000018495,0.000037540,7ae4204119ad1a0d4d5eb5b6f2bac324a5a22677c81950fc568dda443208b074
683,1764562479.5351813,0.000020638,0.000014637,0.000018985,0.000015739,0.000018915,0.000032931,ff18d684457836c8da11abb7c1f3ff47b6b3b37a4cd2edf870396fcd41f41b3e
684,1764562479.5365474,0.000020488,0.000014898,0.000018985,0.000033402,0.000041937,0.000066042,b518174f5824259e472ebf7df5d86b7534cebbb74a094594ba066d2275cb642f
685,1764562479.537651,0.000020317,0.000014306,0.000018524,0.000016941,0.000020088,0.000032820,6b603c15d0087d268fd1af9c69e66d585fa5837b4c3f85e4dca45fa5b1ca3f63
686,1764562479.5394695,0.000020508,0.000014537,0.000027360,0.000066432,0.000066192,0.000085117,bdc8fe509f0178bcc5ada9cfafd2e43e73872ffa5efe6cdf2b0a176ac275d2f6
687,1764562479.5407,0.000023734,0.000018724,0.000019436,0.000017542,0.000025137,0.000033893,91d0c29dd0a243d256e9b533a454ff4258b26a58c652dc5f705aab2be09134ae
688,1764562479.541799,0.000020929,0.000015649,0.000019146,0.000015588,0.000019245,0.000033112,62fd0c2a5203d1fe96ecfba92173d63c02f08770b0279b846cd33b781903b098
689,1764562479.5428782,0.000021109,0.000014938,0.000026318,0.000015749,0.000019016,0.000032701,fd08534555cd9c85c8c17ba796b348f5a328f54d142a53b45d3b4788b31ab64a
690,1764562479.54397,0.000020217,0.000014667,0.000020518,0.000015669,0.000019616,0.000033392,fd043f733ac6f6186610fd137524fbc4740effc97a4c2c58f4fc6214c397a8c2
691,1764562479.5455797,0.000020598,0.000015118,0.000025718,0.000024285,0.000048881,0.000050844,23c829ca92b65f4da778a304d5b9179ae73fde2d07cfe6875da82254a098ae43
692,1764562479.5473244,0.000022672,0.000016150,0.000037059,0.000026559,0.000051505,0.000062736,4fa2c1c0ad6a096566219318d8d4db45bf2e70d216f5f1692263a9aa638ca241
693,1764562479.5489964,0.000024155,0.000016050,0.000022191,0.000019676,0.000034544,0.000047728,04bf3c9a42cf47fd14ce873aa1b8e6c098ddb735013b0661e025f2dc2576af83
694,1764562479.550156,0.000021640,0.000015509,0.000020668,0.000016410,0.000021480,0.000040014,49f299eca9d4cda2244f6d4fe1ad414f55ad4079600e1a1b0303cf6698cc6735
695,1764562479.5512705,0.000021209,0.000014948,0.000019205,0.000016370,0.000019826,0.000034674,4f8973ffd6bd92621f41d13c2eed6f20de8ef5382c910c105ceeb96f4e521247
696,1764562479.5523503,0.000020047,0.000014547,0.000019496,0.000016230,0.000019506,0.000032850,494cb434f2ecb47fe7753aeaf17b1fcd86aca47511b420177335421203af0bf5
697,1764562479.553496,0.000020608,0.000014877,0.000020428,0.000017723,0.000018975,0.000037530,33434528a864261d32559850f657c62733265e9c0deba11a2e26cd7d60ed943c
698,1764562479.5555189,0.000020568,0.000014797,0.000024896,0.000048470,0.000063939,0.000077253,27a51c2d92c8d7e2bbe96f4e21b646166d43d4959dcb16bbb6672820fe62bc72
699,1764562479.5573516,0.000022131,0.000015659,0.000021990,0.000021490,0.000046216,0.000045644,1adfc0999ef961850915f1cfc86574720483d5d77395a1baad60e11a6617cd12
700,1764562479.559457,0.000021189,0.000015218,0.000027591,0.000045895,0.000077223,0.000092751,b7134f538a5a122639958a1020a8b252a4fdb74ddfa072f953b935fc613d274b
701,1764562479.5606246,0.000022542,0.000015208,0.000019195,0.000017021,0.000025588,0.000034965,1f93dd861d6dbe3bc05fe185efce862153f27344968aff844d1e17c9701121a5
702,1764562479.561744,0.000019907,0.000014547,0.000020478,0.000016761,0.000021810,0.000038210,e5629c654ad6c0faf8c06a0b6de62050a514b06c3658af40ffbc5b97c39dda00
703,1764562479.5628743,0.000023323,0.000015539,0.000023373,0.000015989,0.000019706,0.000035065,3d0f513efa411d1482393f9b46d09c8ba31d5eb5f39938b05dfd6ed351f5f6c2
704,1764562479.564217,0.000020568,0.000014877,0.000024395,0.000022441,0.000027240,0.000068987,9b9a2f161c5d1bc06761f0e9f4bd04d431d6dad5ca7446da40244dda36d4dc72
705,1764562479.5653894,0.000022592,0.000015609,0.000020227,0.000016781,0.000021169,0.000038021,25a2eef2b304a6fc79c436252054b6b9a760ddf259e0f6389d45cb715c1b27d4
706,1764562479.5665145,0.000021920,0.000015248,0.000021049,0.000016150,0.000021229,0.000034614,bb05b8680bb762fd516fb630d93919b6aafe0374052a85dbeac8c0ddaf04a811
707,1764562479.5676181,0.000020307,0.000014727,0.000019827,0.000016481,0.000019917,0.000034143,9ce12a6d555b548afe95aad4ce7f0d29510c8f7f032b0519eb26a01b7a7663bc
708,1764562479.5686905,0.000019886,0.000014998,0.000019365,0.000015578,0.000019116,0.000033562,5384b05ba25e28ccb79cd6ef0da91d004a0fe8cca89fca77db79b496ae6a24fb
709,1764562479.569781,0.000020067,0.000014587,0.000020238,0.000016199,0.000018925,0.000034624,0c088df99dfc9cd9b83d6c9c715cd126fc0fef101899a6fb880c37e229e445b3
710,1764562479.571087,0.000020738,0.000014577,0.000030566,0.000018715,0.000023183,0.000041337,fc298aa788ad1a9ef6611a3cb0e07f0fcbf6ed46dbd74b84f627d672f6332f5d
711,1764562479.57246,0.000024666,0.000015979,0.000025226,0.000019476,0.000028112,0.000043611,7f209eae3fd3ba891c6f6a0795f26668164823317cbb6c9a33838fe1acb4f7a9
712,1764562479.574507,0.000024795,0.000015759,0.000024575,0.000028433,0.000089416,0.000051215,61fe427991171a8df4d6ddba3c3c5889f5a937f68787b80a2b1745548dd95ccc
713,1764562479.5757854,0.000022011,0.000014677,0.000020708,0.000018494,0.000024926,0.000036167,953ecd6c541a6fff43d11133ad6b5f4f656bc28c0ef43d0c4c8d0f1cc7aa0d41
714,1764562479.5775034,0.000022221,0.000015468,0.000022591,0.000035326,0.000060362,0.000072865,d713daf5eac8b86ed48cd78383a7e6a38765b9813dcd217a42e15219903d847f
715,1764562479.578773,0.000021309,0.000015208,0.000022462,0.000020128,0.000028823,0.000040014,2917232e21a9cc22d46a6f1ba0bbb6381fa39200014f24f447701d4bd9a383ba
716,1764562479.5800247,0.000021099,0.000014968,0.000030476,0.000015939,0.000021861,0.000035776,8d4757aae4df20a730639fe1f75acc34c2fbc00d1527ed988e846ff5161f526e
717,1764562479.5816157,0.000025016,0.000015860,0.000022882,0.000021279,0.000032210,0.000052096,6516362a98ef3e7387600c1a6fe226464de215732487a5bffd94966122f60513
718,1764562479.5829146,0.000021660,0.000015609,0.000029734,0.000017893,0.000024165,0.000036638,6338f7d5c9d622f6c7566b41aed59654c06899321d7e85b4036290dd577f543c
719,1764562479.584144,0.000025007,0.000016430,0.000021650,0.000016601,0.000020027,0.000035776,b0df159b19c11decd1144e762410c0e928866907763c91679c57db4a4522a00a
720,1764562479.585296,0.000021981,0.000015188,0.000020258,0.000015869,0.000022472,0.000034213,e3efaa8bd9f0bf47bd5699df4c82f52331c14c1bc871e360870f1ee6e647b429
721,1764562479.586378,0.000020528,0.000014506,0.000020017,0.000015759,0.000019406,0.000033662,b8dc9f796cb9d02b1f97de19b1d095d768a139ab6481cdfb85104be04205d970
722,1764562479.5874372,0.000020678,0.000014988,0.000019226,0.000015369,0.000019556,0.000032430,2bb724020f7c07af12749d5fb2db91c70894a61eabe6b31f0242a3fb4a514a4e
723,1764562479.5889213,0.000020087,0.000014758,0.000057486,0.000017332,0.000023153,0.000033622,426c9b04c43797a0702353210bbb07f9cdf23ea91ee026147c9b53e1c43a0c59
724,1764562479.5904057,0.000044913,0.000030717,0.000020317,0.000017462,0.000024305,0.000037620,6d345dfad8bc6deb5cc612cf8090ed3cef5f89c143dcdcc140f29f6f2235915a
725,1764562479.5915072,0.000021530,0.000015779,0.000020006,0.000015739,0.000019476,0.000033131,63d9734e7af821f97281fb6bc0c2f96c05a806d245be1222afdfca36302a4815
726,1764562479.5925803,0.000020307,0.000014537,0.000019436,0.000015469,0.000018664,0.000033001,96a8a622b5ab45adc9c3c72856384f6b899919744a4acaaff37566f595516b1f
727,1764562479.594264,0.000019776,0.000014106,0.000019376,0.000029875,0.000067385,0.000053429,8df445505f02da7145995d85c22c0a81d3d372605e96160e9d6dc7ef6cba61f2
728,1764562479.5953894,0.000019526,0.000014146,0.000018764,0.000017242,0.000023313,0.000034434,3529ac161c5e189baa4dac6622846bb2cad109d1374384e2dc237e9534501a30
729,1764562479.5964742,0.000019796,0.000014197,0.000019586,0.000016270,0.000020077,0.000037279,97a974a6299abbb45b9052be1b19dd56a78ac85fab8e159597e70395525c32e9
730,1764562479.5978267,0.000020648,0.000018705,0.000020759,0.000021049,0.000035646,0.000059370,20509e55ca4db331bdd1bbe309b0e714299d6572a5db4f932b797e7b37de1199
731,1764562479.5991578,0.000020879,0.000015619,0.000020908,0.000020508,0.000029504,0.000040655,e7bc3b1074533cb679050565eac95615ca0034f13d469b92039f618c5776bbfa
732,1764562479.6003125,0.000020287,0.000014617,0.000018915,0.000016751,0.000022371,0.000035806,349d79f4a7b998fc08256e8f75055629eaf1495ad8a730d8cd25c84f39962acd
733,1764562479.6014552,0.000020017,0.000014116,0.000018805,0.000017914,0.000025587,0.000035686,e1ce5f6326e0d756ce272ea38bb342683074d8131d8bac7993f809a14f5faebf
734,1764562479.6025186,0.000020468,0.000014387,0.000018815,0.000015629,0.000018945,0.000032730,f290d4bdb87c965bc0099d9ec28e91596865b0379b57a4f320db1841e4538d65
735,1764562479.6035893,0.000019847,0.000014317,0.000018685,0.000016481,0.000020388,0.000033091,c1e1e2d7cca080489421a6512025d9245ec1e72434fd74de960829e7c0d85393
736,1764562479.604644,0.000019707,0.000014297,0.000019186,0.000015819,0.000019316,0.000033392,b3af293ffb65bf4fcf02e54172982b793e070662170210942d6d16a43c498d37
737,1764562479.6057858,0.000020047,0.000014777,0.000027210,0.000015769,0.000019987,0.000033301,0fcc2ae55e3207386cbf325e8a5703dec70c4606603604b530f4113385492849
738,1764562479.6069,0.000023374,0.000014688,0.000019656,0.000016791,0.000019536,0.000033451,6c63eb535397829895278222364317f6cb5d7da866047ff331d1b3dd1826a6ce
739,1764562479.60794,0.000019697,0.000014617,0.000019005,0.000015559,0.000018655,0.000032641,b059820dd9bbfd9fa93619bd322f092ef1154b04eb081cd09ccc5ef521482c22
740,1764562479.6089828,0.000019676,0.000014337,0.000018785,0.000015328,0.000018555,0.000032650,f3f6ec2ae3da469f5fec248cfc7f1c8b2e743c3fe96a31a2b97f531a24995d24
741,1764562479.6100326,0.000019405,0.000014427,0.000019056,0.000015218,0.000018044,0.000033051,57fce9f41c0fceee3ba3c4bad74e63210eba614b9c116521c40423900f3176eb
742,1764562479.6111739,0.000019526,0.000014577,0.000018664,0.000014937,0.000017803,0.000034594,f444d9a2e1f2867d2e4908661e835d321c77bcb0e5bb2847cc3bf1ab9593e3b9
743,1764562479.612495,0.000019516,0.000014306,0.000018544,0.000018724,0.000029154,0.000038421,9d87bfce8432276a9fd6edd4422c2110cd60348c13c9216a844839619dc0d20a
744,1764562479.6136997,0.000019166,0.000014226,0.000023554,0.000018184,0.000026549,0.000036788,58c48a4834eccda0ea3db631097b42bcc834070eedad6a208b8ea2c9cea05014
745,1764562479.61488,0.000021279,0.000015889,0.000030146,0.000016821,0.000021310,0.000035936,8758b48233b6d36ef21656a638db6a0e6ef3f94a625b0af54247370565966659
746,1764562479.6161575,0.000019806,0.000014366,0.000018835,0.000019646,0.000031248,0.000045214,1d6b0c8dc3a5b0dbc0047dda492d37031f850241f7532259caded325cba9ddb9
747,1764562479.617355,0.000019356,0.000014116,0.000018555,0.000015639,0.000025917,0.000063918,df53af6baf792d3e9223c6f5b3bb0ee9b85ae3c32c1479807d411bc7ec01deae
748,1764562479.6185296,0.000018655,0.000014026,0.000018735,0.000016190,0.000020328,0.000044603,f1ccf438a7d74c7db4201399ba83f7a07665414f955ef073d0124136969a18eb
749,1764562479.619641,0.000018894,0.000014046,0.000018494,0.000015508,0.000018485,0.000038020,4c2a06a301fc4e9357bcda4d63f2d68754cade93f0c284837f2d99b322baf21b
750,1764562479.6207306,0.000019025,0.000014456,0.000018464,0.000016220,0.000020067,0.000032490,f714a562e44b01c0fae9fc26557854a4e531d5752d20828971deaf9db0974366
751,1764562479.6221209,0.000029504,0.000020518,0.000029244,0.000018905,0.000029124,0.000040796,09e4cbd478349fa614508052961b605c4a822c5250488ceb5988aa591379003f
752,1764562479.6237288,0.000023604,0.000015077,0.000021670,0.000018314,0.000031839,0.000045263,03d1537c0da1e9da646931764105e63f9ecd7e0885fde6ea7e1efd291ae9aa68
753,1764562479.6250849,0.000029384,0.000015359,0.000020969,0.000017592,0.000025688,0.000043861,22e945770212bd57bdeb70c43ecca0397b72d9519474c13c94720e27091a46fb
754,1764562479.6262233,0.000020398,0.000014898,0.000018564,0.000016100,0.000028162,0.000035004,a55f897467e050e9b2b659fee1263dcf813965c517376399450f2e9f9cf6b053
755,1764562479.6272812,0.000019787,0.000014747,0.000018274,0.000015769,0.000019135,0.000032790,bfdea9a301c46ab908e16a3abf2573e73868ebd271e00506e212203d8dc6baf8
756,1764562479.6283338,0.000019066,0.000014367,0.000018514,0.000015409,0.000018494,0.000032620,01db9ccc803c96679d8f35fd28c3670f5551bec8421f3a83d53e4e5dda547e32
757,1764562479.6303387,0.000019055,0.000014347,0.000022842,0.000045034,0.000090377,0.000100545,25c46d3d87740914e2fc6f203377040201e228217537f9787af66cab6fc4a015
758,1764562479.631739,0.000021340,0.000015309,0.000026308,0.000024846,0.000050203,0.000043259,376fd970387f5a45de2eddf9b94673f0e779b7eeafc382bc6c207b457beff485
759,1764562479.633049,0.000025357,0.000019205,0.000021860,0.000017041,0.000026209,0.000035646,9f62c5d9890f7ae7426c75274142fa757a8e3a55af88e0b8ce82dd1e0989ea5a
760,1764562479.635167,0.000025107,0.000017543,0.000019857,0.000041757,0.000059871,0.000085448,6a174bd0df779fd273b6ffb727c312a9d2de2db05dc76729d1c65ad43f0c71f8
761,1764562479.6362765,0.000020468,0.000014687,0.000018374,0.000017523,0.000020928,0.000033622,777f5106ab0b97d282df7c57883e8363d934900ca0e3833c2e25ef798f030947
762,1764562479.6373181,0.000019366,0.000014276,0.000019506,0.000015850,0.000018594,0.000032850,98fa209231b51de6f1c8a5b993d449b9f0e7d6e8ea0696da77c43921d4b59900
763,1764562479.638429,0.000019335,0.000014356,0.000019937,0.000016931,0.000020788,0.000034895,63fe0684cc19873461226960ba41b63592f430780dbaf680f0709349f87fc11d
764,1764562479.6396794,0.000020628,0.000014627,0.000022992,0.000017142,0.000024465,0.000035706,7e2dfa44da3a96a8a5c6eebcae2868307fc5ac26d76268a3e45ee673c71e6d05
765,1764562479.6409228,0.000021810,0.000014487,0.000019476,0.000018033,0.000022110,0.000039163,6054daa4011b62f553c3192ad6fbe10d0174b801cb601346fac3fb417a133d65
766,1764562479.642011,0.000020227,0.000014487,0.000018975,0.000016891,0.000019356,0.000033852,79b6cf4b0d4e784b07714103e94f7fb64cd37cf0e1b6741ac90db7a09f4a6525
767,1764562479.643094,0.000019296,0.000014126,0.000019566,0.000015699,0.000019055,0.000032801,4bb69349968b29cb15e8c1143b37d07b0411de0aa78a778ad4e44f7f07741a12
768,1764562479.6441412,0.000019006,0.000014276,0.000018675,0.000015328,0.000019266,0.000037469,1244481556ca334a54bb1b668bc07b1528b79a23ac6eb0cd9638b628839cd0e0
769,1764562479.6451871,0.000019436,0.000014487,0.000018354,0.000021599,0.000018854,0.000032521,28f5d9a2f5f9c87dc8bd98397fa0f08e2bf9496f279ddac08da69290a2ef7e51
770,1764562479.6466048,0.000019627,0.000014637,0.000021169,0.000078194,0.000043029,0.000065551,e8355c97e36d4a7673fd9af0f73d0d2e58aec93d419b02ee61ddbe265ff14314
771,1764562479.6477616,0.000020488,0.000014698,0.000022541,0.000017372,0.000020869,0.000036017,b8889e349cd178bc6804c0682ea63545a44307c777df3c638f62ed90d3275d66
772,1764562479.6490233,0.000021941,0.000015879,0.000022110,0.000018233,0.000023062,0.000036828,019356d0131c62667979a3e2b40ab5e730c4d9243f759cd80caa77f20bbe617e
773,1764562479.6503146,0.000021880,0.000015128,0.000029294,0.000018304,0.000030306,0.000036889,bfea327c0b4590df18e0711f80f84d69773a08413776dbc3545184e1321fbc13
774,1764562479.651729,0.000023062,0.000015769,0.000023052,0.000027191,0.000049862,0.000059580,7e5d16ca03b770899fbaac3a7dbd7b3731d5c7d7fe09c75e73fb5b404a352c32
775,1764562479.65292,0.000027000,0.000015729,0.000021289,0.000016771,0.000021650,0.000038892,31509feb7f637f43e18893155c8fb4c944aee0760f9c7ef73d3d3e8692b7210b
776,1764562479.654266,0.000020588,0.000015418,0.000032961,0.000016821,0.000026168,0.000047748,304fa8889f9ba500ccf748358f63180312d4fb38e2ea4005d5d65bd9e0018079
777,1764562479.6555471,0.000022231,0.000014627,0.000027070,0.000018204,0.000026308,0.000045905,ca7fe866671939ab1ca73543d9ca54d7465340e5713c4927e82dd0ed2883e512
778,1764562479.6568463,0.000021610,0.000015508,0.000019466,0.000018754,0.000026669,0.000042819,3bb428b84ec873da525805597cb453561303a1cec5cbb461c88958da09b0372a
779,1764562479.6582415,0.000020799,0.000022491,0.000027521,0.000018114,0.000022612,0.000039814,e50b996e40e87cea64fdedadac0c69afcb3a7e200ce6d5fd9faf7fa699c788cf
780,1764562479.659434,0.000024736,0.000016440,0.000020017,0.000015688,0.000019646,0.000037349,61b51c6a6e7531c5b41c775d6eab77f8800ca76cbd150400c7deba5d5a7c386c
781,1764562479.6606333,0.000020768,0.000014758,0.000022331,0.000017903,0.000023884,0.000038602,8d1a01fa03264241b3095bb7afa7f25a1f880ebe2ec8ac7b1dfb5c50deff0778
782,1764562479.6623278,0.000021900,0.000014817,0.000034815,0.000024636,0.000049992,0.000050273,27412497308d89190c97231fbc3281d0536b0ffca9b3f8373b362ceb12fcc704
783,1764562479.664842,0.000027271,0.000016250,0.000027721,0.000022611,0.000041777,0.000048780,8431f680bbc636c49d6bbccceb6e64a44faa21c19fbea60af993d23ca83b51b6
784,1764562479.666765,0.000039313,0.000029614,0.000020208,0.000021159,0.000069609,0.000047919,37aa95887f9bae1bb34f69f26cee5069b8348eba1227bb2cb0512d148bbd9a48
785,1764562479.6679652,0.000020648,0.000014937,0.000019195,0.000016751,0.000021470,0.000034554,64ffcf4843d46db2d9965067f1874198096a500c49a2525f0d81641a3d08d0b9
786,1764562479.6691499,0.000019637,0.000014968,0.000023033,0.000018824,0.000024755,0.000035806,c0a49255e24b61e88e6caace0976251eca0cdf40f1937424a7c24ac7a82fe422
787,1764562479.6702316,0.000020878,0.000016250,0.000019255,0.000016200,0.000024665,0.000033272,427759737d3b3769b9a99ce2528fe4ea24cf8dd6f4d8e149c96b42c17b44bd80
788,1764562479.6715097,0.000019416,0.000014477,0.000023874,0.000018133,0.000023974,0.000035986,7fd7e44c40644056fc0695f8dfa0c41352d28ea918029a4876d3a194e2318a06
789,1764562479.6735668,0.000022160,0.000015448,0.000051705,0.000038481,0.000063067,0.000078715,96d60860c9c852d2188912f84be51514392e4540d7d89512246f90633968e21a
790,1764562479.6749392,0.000023974,0.000017232,0.000020448,0.000018864,0.000026969,0.000037029,7499ada8201942d6179076b411b79b3148badf4afa08c29a94c28caed0d0085a
791,1764562479.6761541,0.000020217,0.000014877,0.000019165,0.000015589,0.000019887,0.000033131,480250a6ba6cc70d721db7e4d646d4a9a3b780a1888af62abdf5e1ae2af21383
792,1764562479.677293,0.000020367,0.000014316,0.000023955,0.000015789,0.000019436,0.000033883,2df1b9de7ec7f9852983e9c589a90ad7d40b8ad98abe4cf8852ebdd5710864a0
793,1764562479.6783612,0.000020277,0.000014617,0.000019396,0.000015349,0.000018263,0.000032750,ce6b423a0c96fa99693185fc1457a16828b041803e049bc88361ccca676e74c7
794,1764562479.6794834,0.000019837,0.000014727,0.000022101,0.000015579,0.000019045,0.000034243,9a0448dbf0957dc37cc7c41ae8b83c029252ca0214d841f8b4f26b730b069cf1
795,1764562479.68068,0.000020899,0.000015008,0.000021920,0.000016621,0.000021790,0.000035395,1f4be438c4becbc12f1ec600c9ef1122da19484e6cf367b6fb4422dea2e256b5
796,1764562479.6818476,0.000022291,0.000021330,0.000026579,0.000015398,0.000018814,0.000033411,5e8469a0c9fd835ab8a0c386c8b9ba37d1d949fa3309ddba6a92024a7375d6ee
797,1764562479.6830914,0.000022311,0.000014797,0.000021309,0.000016651,0.000026199,0.000033802,aca61f52970b3fce298f36f2103b16a5179a0443732cce2cc976ced918f5eb58
798,1764562479.6844094,0.000020197,0.000015088,0.000019496,0.000021519,0.000059420,0.000032860,20a4149da0bb75700a3241fbf645c80af17f38ec4e85cb3554dabebc7482ff4a
799,1764562479.6854665,0.000019466,0.000014046,0.000019415,0.000015238,0.000018354,0.000032851,161cb6347a1099a06baad006e7a48d0968ccfafeee94dc5b27c8f4b95a5b2915
800,1764562479.6865277,0.000019496,0.000014346,0.000019136,0.000015569,0.000018785,0.000032760,b2e4784363bb3a6f8f4f0ca7e8a305161f465ba8cf7951dfe8e2d75efa1a3877
801,1764562479.687619,0.000019687,0.000014496,0.000020418,0.000015418,0.000018715,0.000033312,1ea364fac28a2d635897d108482880ef6e9717c0c225b696056699c5e515e536
802,1764562479.688801,0.000019536,0.000014387,0.000020728,0.000015458,0.000018915,0.000033743,08f4dc28e05c3dccb782458959ea7fc30666dd4e601408830b542d5b15c0ccf7
803,1764562479.6899755,0.000026358,0.000015278,0.000019636,0.000015699,0.000019055,0.000034324,a06fb53f323b78e3f9219dceb5f910ee58a35daf5c5cac97166e8a1b05e69dea
804,1764562479.691035,0.000019476,0.000014627,0.000019516,0.000015339,0.000020067,0.000032219,3f9c4e5ef21835ebb6500321a5d6037cd5feffe27acf15df11c9238e96abd812
805,1764562479.6921232,0.000019346,0.000014537,0.000020267,0.000015529,0.000017793,0.000033211,0add1e9c2c9100508b33772092eaa5f62f089d495b2851daaa25a71ea7e4022c
806,1764562479.6932206,0.000020578,0.000014277,0.000019826,0.000015669,0.000026730,0.000032841,0a5771f489326a52b2cdb7c4049a4359e158fdd4d790e96e731439992669e8d9
807,1764562479.6942844,0.000019646,0.000014818,0.000018905,0.000015298,0.000018394,0.000032851,0dd62a51b98252e88a726b6fe584f487bf1e48508de584a820219a7ce855b9f6
808,1764562479.695321,0.000019486,0.000014437,0.000018905,0.000015248,0.000017963,0.000032740,1f46ad1b5c79430035e259ce35c26be2913edb076fba0d074de8ce06252a525d
809,1764562479.6964571,0.000019175,0.000014747,0.000020708,0.000015539,0.000019166,0.000033892,abd85e065251ea19973a28651e1ad47ef0ab4bc03c0247ff8f9154c1c08deb9e
810,1764562479.6975849,0.000019827,0.000014867,0.000020488,0.000015549,0.000018695,0.000033451,5eb37dc560349a08eb45a5e417b9456a8f4076cece995b2847cfd8f6e7262630
811,1764562479.6989467,0.000020508,0.000014577,0.000028522,0.000017502,0.000023724,0.000038431,2b4f9c92f19d1a6487559e535ce59d96f628f1ede5f2a563ba97f4a1eb1c53c8
812,1764562479.7002356,0.000023694,0.000017252,0.000020307,0.000022481,0.000021179,0.000038691,2398356328bdd6972c89b357940bebfb6984adac4d980ae4215735d700b66042
813,1764562479.7013266,0.000019787,0.000014487,0.000019636,0.000015819,0.000019185,0.000033472,ea2ef92d6839196831722c65ea914d2d6a3ec7d22b5c7b840f6e9ca77965815b
814,1764562479.7023818,0.000020498,0.000014126,0.000018404,0.000015488,0.000018935,0.000033282,34cd6c55460b54aedec405652898cbe50a082342bb468719a79efc28ba63b972
815,1764562479.703441,0.000019396,0.000014967,0.000018784,0.000015208,0.000018404,0.000032630,9d84c14af9a0225ff7bf0d66ed174d3ba01bab2d1af4dfbaabdced57dac061c6
816,1764562479.7045145,0.000019707,0.000014787,0.000020438,0.000015078,0.000019666,0.000033411,1317ddd894fabb43a64031b0d38268e75104b3f55c6eac07f7a776320df06396
817,1764562479.7056353,0.000020327,0.000020147,0.000020478,0.000015669,0.000018714,0.000035345,cb153daa69a2ece9d1590731034fc8d90db587fb5ef96c105434b38d2646414c
818,1764562479.70685,0.000020468,0.000014516,0.000034544,0.000015779,0.000019466,0.000032850,968f5f54e1dba49d48b1de948b3dce24f25812de6777bf79fa58054000e82cb5
819,1764562479.7081907,0.000031959,0.000017643,0.000019286,0.000019306,0.000025908,0.000048951,23f58c68af918a8c2650ce7cf8144037594f256fb5c304354839a4cb59a82942
820,1764562479.7093031,0.000020347,0.000014778,0.000019255,0.000016080,0.000020037,0.000033542,b49933df62006143b83f6ce7bb0976fd740471b58ac316f0fddb8b7663107008
821,1764562479.7103972,0.000020508,0.000014426,0.000020268,0.000015399,0.000018734,0.000032731,6b628460964760138106f38c051751b707db1988815395b670cc784f14be1525
822,1764562479.7114787,0.000021129,0.000014477,0.000021429,0.000015588,0.000018564,0.000032870,6f92da549729421d7741a2aff2780e80e28e2ddf7459eeff51c0ad9fcb77c47e
823,1764562479.7125316,0.000019897,0.000014847,0.000019075,0.000015740,0.000018835,0.000032481,5f43d10cebb26793c9859ea73c3220f0dcc1c0587da5808a2b0c4bc863fd87ee
824,1764562479.713687,0.000020267,0.000016060,0.000026048,0.000016901,0.000020558,0.000033251,04bfb69c13bfe57ede4b33d5888fb58c7afa308f0e6b42fa5b045ddf95006c5b
825,1764562479.7149882,0.000023644,0.000016721,0.000022722,0.000019275,0.000030957,0.000035796,4f6b95aa06ca7596c2145131a0142d7705f03d69e27d854cbfe81bac98c7b5b8
826,1764562479.716248,0.000035536,0.000016561,0.000019356,0.000017683,0.000026800,0.000037479,9fcfe82a4695aaa2f2681595d648f669b9b166fbe77c478f17e892f38461f664
827,1764562479.7173364,0.000020027,0.000014346,0.000019106,0.000015659,0.000018685,0.000032750,334027c6a019972e14853f30ac4d52941bf3b17a8ab674cf6dc5cac4daf48c58
828,1764562479.718417,0.000020478,0.000014427,0.000019326,0.000015499,0.000018865,0.000032791,c0ea1196690fd1b17f17bf359a5cf973488f53294c32245f9f76197e5016a0fa
829,1764562479.719484,0.000019296,0.000014347,0.000019076,0.000016080,0.000019536,0.000033832,75983dd8d75c570e626af89adc6151470484a5002d12cf08d4f920c3c3efdfdc
830,1764562479.7205486,0.000019886,0.000014126,0.000019055,0.000015499,0.000018695,0.000032610,602abdeff1fbdcf2c814336071dabc450420ef236b2f40156a179022e061a84a
831,1764562479.7217767,0.000019647,0.000014747,0.000026058,0.000016531,0.000020858,0.000034624,f775e3b9822648028b60a8a94590c70d51f5acd41e706441dcb3bcc29ae72c32
832,1764562479.7231643,0.000030617,0.000019726,0.000026089,0.000020007,0.000025908,0.000048009,5a9f72cfa6251cad7b30af26368672ddba2df62fbfe5882987958d66786c0f3a
833,1764562479.7245095,0.000029204,0.000020348,0.000021650,0.000019345,0.000034404,0.000044262,6c472e758a2e17dd65c34891ba4d77f4a167327c42f905df524a60c2ec9c7be4
834,1764562479.7256062,0.000021520,0.000015088,0.000018584,0.000015769,0.000018955,0.000033131,d1183dcc60e09b74e57a2e5d90854078a6a895092f6afe72b91f4847a8fe8ade
835,1764562479.726658,0.000020418,0.000014366,0.000018624,0.000015549,0.000018544,0.000032690,ed96332e8d49c7237d1a1c6d52f996ca215a9a7b462a0cb6f941b4c02e07e18b
836,1764562479.7277596,0.000020448,0.000014507,0.000018354,0.000015929,0.000019746,0.000033452,3b1937b277fac4900cebb611458b227057daae72170f7145aaabca3b747b9e70
837,1764562479.7288952,0.000020628,0.000014537,0.000019816,0.000018604,0.000022732,0.000038792,09d4baca7d97333106d004f29d84af49be62e9cbe2ae06b8d1c9fd87635a478e
838,1764562479.7301226,0.000021089,0.000014748,0.000021500,0.000016330,0.000022362,0.000038001,bc956b5d777fb7bd31d4701c4256284288bf10e4e365d326ce93863051fe5c4f
839,1764562479.7313244,0.000020759,0.000014606,0.000021840,0.000016240,0.000020718,0.000033662,5ca72bcb9ebfe32f2fc2f82d56922b38eb7890bb4c7e70727257975c1106d8d2
840,1764562479.7335258,0.000033832,0.000019135,0.000019396,0.000042449,0.000075129,0.000085308,f1d04d595131cf6a3969b2278d3bd5dce11b420ffaa7952cd2a84005df29179d
841,1764562479.7346606,0.000020568,0.000014898,0.000018695,0.000017222,0.000023523,0.000034163,c011753edf18f3e09fd3a521a012148e0f20bbab0b127579382e8da1f28919cc
842,1764562479.7357516,0.000021219,0.000014517,0.000018444,0.000015489,0.000019216,0.000032880,963c58aa8ee3e586247e62bd50756845a52200b2ed34857321746bc6955f3fef
843,1764562479.7368135,0.000024225,0.000015108,0.000019577,0.000015749,0.000018895,0.000032791,870a3b9d1b1354c4b60f56d647c6f629d48b35bc8b30cab22a03b4b362e385d0
844,1764562479.737924,0.000019676,0.000014156,0.000020698,0.000018644,0.000019817,0.000040595,df7aade0e07e8b3fe5a9f38a9f5b5bfc50e9fb5fab1465a75d1421561929cc84
845,1764562479.7390652,0.000022823,0.000015148,0.000025016,0.000015920,0.000019877,0.000033692,72dee07b8f7e25ba8b1c4a3cd3fa690ab17eab0251b341694bd775a159894ce3
846,1764562479.74036,0.000028323,0.000020948,0.000020629,0.000023563,0.000039083,0.000050122,3740333177dc8eb53193b8b1b2e456070599e9d72ae800aebf6cc3a634d90741
847,1764562479.7414358,0.000021430,0.000014707,0.000019195,0.000015790,0.000019416,0.000033001,deef1f0d402519f0444f392904ef437fc52f40d77b84960b87da8daa1d0b32ff
848,1764562479.7431426,0.000020468,0.000014797,0.000019566,0.000024104,0.000056053,0.000061654,8f14488baa8376ad51e74ce35edeb3467d1f3c143a3c5def18bd1c98e4630eb1
849,1764562479.744263,0.000019867,0.000014296,0.000019296,0.000017201,0.000021078,0.000033792,801559257f0a7e57ba0226ce3ab2ebde74e52f6bfc63d83f6f93a2efc049f40d
850,1764562479.7453682,0.000019786,0.000014436,0.000019056,0.000018344,0.000023293,0.000040524,8ec4844f26a34afb274373fae643f1ce22bd1fe8bffe53634e62b83cc89934a2
851,1764562479.7465148,0.000020088,0.000014576,0.000023052,0.000019576,0.000021721,0.000034704,15c072922948614dfc3a13a3787e4ca63fb283d7daf2067110f44721466cea83
852,1764562479.7484457,0.000020427,0.000014777,0.000023564,0.000073766,0.000062746,0.000072804,8a5eac9f7bdb090d6d6e82068124d816fd98ebf3153c1f1232614ac79ef512c8
853,1764562479.7497761,0.000023464,0.000018003,0.000020047,0.000017282,0.000025688,0.000035996,c8846c0dba7232af9f230e6e11e50b4ef12e4c5eadd7a62593479780637b5639
854,1764562479.7511754,0.000021549,0.000014968,0.000020628,0.000023624,0.000042388,0.000043610,3ab3ac235ec4d3eff4c56cc8a1b279da49b8456fb386a071208ff8cb26a31dd8
855,1764562479.7526536,0.000020558,0.000014808,0.000019436,0.000030667,0.000037049,0.000064058,a0add07a2f4272db863314d764b206783ac0459d668248251154436d3fe91277
856,1764562479.753742,0.000020618,0.000014828,0.000019647,0.000016180,0.000019156,0.000032751,1210a2ad081a6798b145a21191d0d6f07549c1e6e3f690a0f3d87d37ca341ea6
857,1764562479.7548926,0.000028583,0.000014878,0.000020297,0.000018034,0.000020628,0.000036197,514a8b1646efe2f31663105310580e50b40c494212cde211f792b8cd73d6e528
858,1764562479.7559793,0.000020468,0.000017322,0.000019997,0.000016069,0.000019216,0.000033753,1fb14964d035a1976cf5b9ae5e67771d08a2c8cf121e2ce4739b2e53eb15121f
859,1764562479.7572987,0.000026328,0.000023824,0.000020998,0.000015739,0.000020277,0.000034384,c86abdc8c1ba0ff60bdc22666ae7c9d5e045f486cb5ecfce79c4f0d3c7f255aa
860,1764562479.7583938,0.000021220,0.000014347,0.000019075,0.000015248,0.000018885,0.000032641,34b1442904c4deb3087a30c8f282ab71097bae3c1f42397b654769c0490536e8
861,1764562479.7595482,0.000019786,0.000014507,0.000023594,0.000016621,0.000022562,0.000037890,e49bf00e160f2b391222c97977558887383147008acbc537b58442d5045f920f
862,1764562479.7613177,0.000022251,0.000014477,0.000019105,0.000026950,0.000081961,0.000044572,5303360817c36c605d2350525d858db345f42a9ffc55cc176fd0708930e10b52
863,1764562479.762486,0.000019957,0.000014266,0.000021811,0.000019536,0.000023003,0.000040615,aed58b35e4cc2f3f4e833db9e0660b5111d9b4d81c47c4dab54d03fd7682857d
864,1764562479.7637825,0.000022802,0.000015639,0.000022421,0.000020959,0.000027491,0.000047558,ad9106af724532edee359159ebbdf6ab54a60ee14d2d4873b2ca2995abe4bd43
865,1764562479.7650697,0.000021480,0.000014657,0.000024765,0.000018364,0.000023904,0.000042147,0e1cf61e4eeee4f2d13b928338ac4e335998bf384bc781840088fd34986eab4e
866,1764562479.767079,0.000025767,0.000016521,0.000022271,0.000025888,0.000049702,0.000051445,58c0e9cd94dc0e87578e930ce1310ba3d6d0a945bc18e4b1ae78781a5ea099e3
867,1764562479.7684188,0.000021069,0.000015348,0.000019597,0.000025417,0.000085849,0.000039132,4c294d76ef9bf24d4462610536b8f435cdadd2475425f885426c6115b8cd7ad6
868,1764562479.7694967,0.000020267,0.000014366,0.000018835,0.000015479,0.000018634,0.000032840,eccdc219b57b9174fc11f13761265145e00d37c04b710bb35d04c0b96864b0ca
869,1764562479.7705762,0.000019616,0.000014687,0.000020968,0.000015749,0.000018565,0.000033492,52bf3e0d44c514b3285edb1efe587a0f547962abbd356c48744d5c1edc7c03d1
870,1764562479.7716713,0.000020458,0.000014487,0.000019025,0.000015148,0.000018144,0.000033231,c34712b265722854f89d03d79d367c15b373d935b157caa32da89d3ad25c5dbb
871,1764562479.7728875,0.000020478,0.000020718,0.000026128,0.000018705,0.000024395,0.000040034,16de09f7a6a495341e3d35282fc214157c3811470d0eb57ccb5c0b86df3f8142
872,1764562479.7744427,0.000020117,0.000015158,0.000026759,0.000015819,0.000023083,0.000035466,f2746f8eec148b66afef74ce5c117e352a7d8dab387714165a893c08650530e7
873,1764562479.775636,0.000024395,0.000015739,0.000021490,0.000015709,0.000020237,0.000035315,7464905ee036b99ff1b79babd3c94f74e31d1b2dedbee484efbabaf6655fdd31
874,1764562479.777341,0.000021089,0.000014707,0.000019717,0.000034965,0.000059230,0.000050604,4662e220fe0de4a0fdfc2a7f166ce18d233085a493b2a231db30182c41279ca4
875,1764562479.7787714,0.000021209,0.000014858,0.000037149,0.000016650,0.000022722,0.000034754,989a59700305df5fef9a6b13039cb4f789f0c4f804fac61cbced94560a7a4d8e
876,1764562479.7799442,0.000021660,0.000014858,0.000020138,0.000016310,0.000019736,0.000032440,66e76b8ba3dd496efd0e91a30c6d1b5a1809af2060a6ce2623b83cba2be5e0c4
877,1764562479.781152,0.000020949,0.000015098,0.000023713,0.000016701,0.000020809,0.000035335,293ed1639b7b83b4dda3f5da8b5a30f50d980b2808299e3545ac1358eb13690a
878,1764562479.78286,0.000021530,0.000015158,0.000023573,0.000033131,0.000042389,0.000072383,86bb68e9acec77ad026f5c7718746ea5639208a76a22af3a101674ada5a98c59
879,1764562479.7840111,0.000021710,0.000015929,0.000019446,0.000016321,0.000019887,0.000033572,3767daa11b28a09b3418b412df0ff2d476e83e019094d6b29c9c2de1a99924b4
880,1764562479.7850792,0.000020227,0.000014347,0.000018965,0.000015228,0.000018114,0.000032670,7a46afb5ea5113f983750f1642587a2f12a79b25c73e8e7fc4c4b5ab4f394e5c
881,1764562479.78613,0.000019957,0.000014206,0.000018995,0.000015719,0.000017933,0.000046957,2a91f70b6039acc77b3d8e257ae402a531ab1dd1405ad5ae867eb13610bad070
882,1764562479.7871792,0.000019817,0.000014567,0.000018945,0.000015328,0.000018394,0.000032570,fd59ad04a38f29228b73f2a73b46237012f446da0c2eb98963184e24ccb05978
883,1764562479.7882364,0.000019897,0.000014427,0.000021459,0.000015138,0.000018484,0.000032730,4050c2093d15424337ef1abae7afe8cac8be20d551e17b78a03e1747b8251c42
884,1764562479.7893717,0.000019947,0.000014407,0.000021590,0.000015989,0.000021099,0.000034354,84d4d8af0f26de4b508c0260d85a61e1565fb59f6d10fad6b456d09188d2433b
885,1764562479.7907217,0.000028543,0.000020758,0.000021379,0.000018925,0.000033432,0.000043320,7bade4c67d8aebeb2eec8933d06de35099dfd467831dd0403446834c8180ba88
886,1764562479.7918363,0.000022452,0.000016150,0.000018855,0.000015108,0.000018204,0.000032209,0ed4be6ddd36b8f47858bad1245fa44d0d6b8ad12b5e7b041021c15026ed74a3
887,1764562479.792883,0.000020859,0.000015008,0.000030997,0.000015107,0.000017692,0.000032470,ada551c40042b6708243f10a0a2ab6a9ffb19f24ba266bdcd61e8192ab895f6a
888,1764562479.7939487,0.000021309,0.000014797,0.000019355,0.000015298,0.000018363,0.000032731,0ef723caf87e2af9439f1173a900a8dcffaa8b6658ec92b0f6f6d16d2f30ece9
889,1764562479.7950003,0.000020758,0.000014477,0.000018474,0.000015248,0.000017944,0.000032259,efccce5a821872693a706499b38b91e9799eddb0fd57dfa2dfa95a128954c7dc
890,1764562479.7960575,0.000020368,0.000014497,0.000018825,0.000014937,0.000017772,0.000032209,5bd40da8bfc34c0865c0c1fc6ed156a19a365cdcfd3e1f5d76a47c1bc7894bd5
891,1764562479.7973163,0.000022322,0.000014907,0.000023153,0.000020167,0.000029615,0.000037610,32beac4ce06f74afa5d5a23a3de81f43651d0a2d92ee7579b4e8eed420bbef86
892,1764562479.7986062,0.000021650,0.000015158,0.000033062,0.000017052,0.000022852,0.000035565,24b6dd3775ae0c8743bb3b0dd6e152782701e849ea35de281def8b9f7813e7ed
893,1764562479.7998073,0.000028853,0.000015800,0.000018784,0.000016530,0.000022762,0.000034644,3e7ab165c8aea829644e7877435ba238322f56ae92fade360187e8becb54d8a7
894,1764562479.800885,0.000021350,0.000014948,0.000025968,0.000015369,0.000018604,0.000032700,4df7a3dad92a3fe997b663b45e31b9fdcef8793e31864f2b4f98bae34ccef42e
895,1764562479.8019397,0.000021099,0.000014447,0.000018674,0.000015448,0.000018194,0.000032700,879bd1cfd1f51f8d53fb40e923af90a9ba7eb69fd14a3da23ece055dd1af4945
896,1764562479.80298,0.000020938,0.000014577,0.000018384,0.000015328,0.000017914,0.000032731,61512eb5574be421f4d8243f8b5f39dd6e72a85a440216eead244995588ce8e8
897,1764562479.804034,0.000020368,0.000014547,0.000021260,0.000015128,0.000017984,0.000032650,83561f1e8f35eea052ecd8543093e536a875c44cef40c65649ea416d76fa3a5c
898,1764562479.8051186,0.000024014,0.000014857,0.000021540,0.000015599,0.000018464,0.000032640,ed76c5f62355840103f7c8a292a1c17edae7fcb1ca14bd5fddd509215581f005
899,1764562479.8062613,0.000021460,0.000015308,0.000020027,0.000016540,0.000061775,0.000034093,6a3808b83d3d5923186a4178c634d983195bc077fc62372905dfb8f7e5cf6036
900,1764562479.807439,0.000020969,0.000014747,0.000021069,0.000017503,0.000023964,0.000036226,ab347805463a7e34796bddb1f8798ff3496755f54980ade31e78e9d6de285a48
901,1764562479.8085587,0.000022532,0.000014657,0.000019005,0.000015239,0.000020678,0.000035495,77c6b4f59d86718742de69f97b9f34947317b968e6d7eb756906d8ec9b9e32c6
902,1764562479.8096073,0.000021340,0.000014627,0.000019066,0.000015769,0.000018223,0.000032721,462ec7c0b3aae3f44d41f3973f536ec58b06fa0f839e1b4c4469544d3fec7287
903,1764562479.8106544,0.000020127,0.000014256,0.000018704,0.000015087,0.000018253,0.000032741,c07bf89510aefa8b7e7b589d1d8debbe3d9865c97596f83842b55fdeaea4af04
904,1764562479.8117008,0.000020649,0.000014567,0.000018865,0.000015088,0.000017924,0.000033071,374b09ec0c6e9f9d35015730c98923603912da2e95ed22c0c9dded4a5076d504
905,1764562479.8127494,0.000019967,0.000019836,0.000018925,0.000015378,0.000018204,0.000033482,0946f8e8409670820997c935c6a3ca4e508cdbef6af732a5b693561e4e5b28a3
906,1764562479.8138483,0.000027621,0.000014657,0.000021369,0.000015348,0.000019225,0.000035085,4ff6db6da5ba9a189b0e5af439daffb15ee75cab1cf19dab7d371f63e7350701
907,1764562479.8149498,0.000022161,0.000014918,0.000019486,0.000016220,0.000020017,0.000034534,32c5ebaa1a74f81406e79e373ef6e829c28948ecd52d33ec961b5f6e67b41f02
908,1764562479.816042,0.000021219,0.000015398,0.000020037,0.000015198,0.000019386,0.000033562,f03198b561af931de8468e47011b97fbc501b369f1bc8a8232f274636932a525
909,1764562479.8171031,0.000020307,0.000015118,0.000019126,0.000015118,0.000018464,0.000032720,fce45c0e5d08afdc244e0772b4664c4642b34c37ecc0769a06ea339442725bb9
910,1764562479.8181949,0.000020798,0.000014827,0.000018915,0.000020878,0.000019405,0.000033041,239cd9fd48c6c93e5dbec50104f630a555e7c9b3b20b12026bc79bfee058d547
911,1764562479.8194535,0.000020839,0.000014987,0.000023383,0.000015970,0.000020798,0.000036156,466ee67e65d66ca17b223fffa97024876b5a2f51dce84de9e395d98f15ac76fb
912,1764562479.8205786,0.000021260,0.000015389,0.000018554,0.000015028,0.000018885,0.000032821,f7b0e30672b50d99c5dbbe062d04858e1f7de927928e9a0d4b503f276ec9a5ae
913,1764562479.8216698,0.000020438,0.000014878,0.000019046,0.000015178,0.000018304,0.000032981,a7ac2908c8288c955c59d1a8272ecc36511f52dd874d55f0d99e419cdb74192a
914,1764562479.8227372,0.000021289,0.000014277,0.000019306,0.000015338,0.000018254,0.000033973,d4c71b88ea94e0d21d6e7da9d33c914afec3382ac8e88b06c52f1fe837f012d4
915,1764562479.8238418,0.000027651,0.000015869,0.000020428,0.000015749,0.000019265,0.000033642,cde076083b0b80fe723bf0558f71e22fa36a3aae83965888cc865294b12adac0
916,1764562479.825324,0.000021590,0.000014848,0.000020478,0.000017592,0.000022692,0.000037990,1ae7ffd5804b1ae84dfbf4130ee5b2fbf33d1c9670cb2b4aea92de6cc73e3ded
917,1764562479.8264756,0.000020638,0.000014767,0.000018674,0.000021740,0.000066353,0.000033992,82e5acd75d92c573efd3aefabd0632340d4d0b8dddda6e19245d5c9711ef45dc
918,1764562479.8275592,0.000020959,0.000014506,0.000019786,0.000015729,0.000019907,0.000033542,c6bd5c5898978b31e5018887dcdab5a321d0cc07e46e768d2da1eeea729cc661
919,1764562479.8286643,0.000020979,0.000014276,0.000018845,0.000015358,0.000018824,0.000032591,f1f4dc8d5ec80715c6ec1895ae4cc9531f916c4db9bf687843d11e83af371a55
920,1764562479.8297052,0.000021569,0.000014487,0.000018224,0.000015108,0.000018194,0.000033642,96124e6071bebe634807f7704270cb0f87a1dcdbabca15d6720d194d9ef42faa
921,1764562479.830765,0.000019656,0.000015589,0.000018855,0.000015148,0.000018765,0.000032861,1959d0ba310355f3db75777310c063a00f25d20531f28f22d3721474c9c7e87b
922,1764562479.8319633,0.000020678,0.000014827,0.000026660,0.000015729,0.000018634,0.000033312,65fc046d16bac6cb5067d3123331af6e734af655f27504f13807371dfe4b66ab
923,1764562479.8330388,0.000020377,0.000014587,0.000018714,0.000015208,0.000019005,0.000034103,bbaa5f8aea33b9f8852f32ca45512df6fbe8000f3a6f4c09d6916b76080889a2
924,1764562479.8341048,0.000020849,0.000014597,0.000018905,0.000014667,0.000018495,0.000033842,a880910b4488a47c506aaad045c4cdb960a281e6b737bb6f79ef165ac732f419
925,1764562479.8351614,0.000021109,0.000013986,0.000018183,0.000015098,0.000018514,0.000033111,3ae5e1219a5b402f547cecd0cc680bd1afffc3dfaa819668f1aaf6139c22ff6b
926,1764562479.8361995,0.000020718,0.000014157,0.000018134,0.000020768,0.000018284,0.000032620,5a01255285a6f3bc05a6587c62aca025dd40cd1b16da6ff3ab61eb739c77a834
927,1764562479.8372395,0.000020749,0.000015088,0.000018684,0.000015138,0.000018714,0.000032851,7b892e563b05cf93fa84a718754a9c812c46a197740777c6f30b419e133c7c8f
928,1764562479.8383157,0.000020458,0.000014106,0.000018695,0.000014928,0.000018133,0.000032620,8b0fc114fbc1c5a237b21d3e63f72714a61a01847471721617cf6413bad07f12
929,1764562479.839378,0.000020548,0.000014757,0.000018595,0.000014978,0.000017593,0.000060812,a90a9c61b9399d9fe32d518790f884cada59904ca1f3b61be8fcf85983ee284c
930,1764562479.8405035,0.000020648,0.000014597,0.000026368,0.000015338,0.000019606,0.000033112,9427ec470f16a421db98def4e4400665d42d8089a54409de367a5bf05f257df2
931,1764562479.8416305,0.000022863,0.000014738,0.000019496,0.000015018,0.000019666,0.000033572,ea8522c8002fbf6fcf558b38b85f2edbcca7dbf5be300d3e27a1527b6dc77246
932,1764562479.8427148,0.000021690,0.000014958,0.000019506,0.000015259,0.000018033,0.000033472,d0de2c7df2ee1250c7930367c22d1d5cafeee2786b8e51f864617368e45bb666
933,1764562479.8437676,0.000020858,0.000015679,0.000018504,0.000015108,0.000018033,0.000033161,756c45f5eeeabdd5de7000a3621386895ba5377c476b0e43e206b16bf8df94b1
934,1764562479.844816,0.000020958,0.000015077,0.000018905,0.000014828,0.000017702,0.000032981,741d8e62897e88d7f34aba0586c70bf7e73862f6c368bf34cee8217ae32c6772
935,1764562479.8458464,0.000020868,0.000014136,0.000018705,0.000015047,0.000017492,0.000032850,837bda659c1c61e8b690d7e95e57bdb5bab48a2e3678a9670ca19b627857bf75
936,1764562479.8469045,0.000021610,0.000014427,0.000019255,0.000015198,0.000018314,0.000032550,be7147f4ca9188b2e34b031e34f0045c155e6b3ba25f537308a8d2a15da9bbe8
937,1764562479.8479795,0.000020458,0.000014938,0.000020047,0.000015338,0.000019186,0.000033402,fbfaf8c516ecee8c1b2ee9efe2a81793b604ba4dc0f05e6ed2cb3760cbf102e8
938,1764562479.849167,0.000023544,0.000015469,0.000021299,0.000015249,0.000020478,0.000041066,4681cc3b0013edfd1142d317077b9fc71d856da47788b7e4f9f544e828d2f60a
939,1764562479.8502553,0.000021109,0.000014908,0.000018774,0.000015088,0.000018134,0.000033261,5a0b55c935de3b26f403d92cfeaedaf72dbcf88e68cfa434efa9f947d19a7ca9
940,1764562479.8513043,0.000021861,0.000014517,0.000018985,0.000014877,0.000017993,0.000032891,367024ed04168cab5e4fc86842116ba3ae244171daf94522788d585a68d1361e
941,1764562479.852397,0.000020739,0.000014407,0.000018724,0.000016521,0.000020447,0.000033972,1d32cf2a3fcb5eab730ca8f77a5639442c5e555d2a48211f0ed7f81a93f581c9
942,1764562479.853494,0.000020367,0.000014617,0.000018985,0.000015509,0.000018784,0.000032590,cd1049614b994a1a5de82b72b11d6baabd69114d60e944115738eba08182cc20
943,1764562479.8545692,0.000020257,0.000014928,0.000019346,0.000015969,0.000019335,0.000033492,38a4b1f39fcd8fab13582bb4407c5c91eaef2d0494a01e38725727e47ec335e7
944,1764562479.8556664,0.000021079,0.000014577,0.000023324,0.000015669,0.000019677,0.000034454,f5f2d35771c508905c1a080d2f202edeaa5e28a79fd1ac1509534084c75ea73a
945,1764562479.8569677,0.000024105,0.000017763,0.000038952,0.000016060,0.000020027,0.000035837,734503cbea662cb0ec242c6c0a21e71ef08b711c12154bb12ec1054c32f6cf39
946,1764562479.858146,0.000026278,0.000014797,0.000018605,0.000015729,0.000020398,0.000044161,80869c6af68757984c42c549e80371d315078591eab063a2c78682fc09bc015e
947,1764562479.8592162,0.000021119,0.000014637,0.000018755,0.000036838,0.000019005,0.000032871,a45db9b26623ee69d0d888139d55ff7d48f5dc7fe2cae22e05e2bf56013ab057
948,1764562479.8603086,0.000021099,0.000015027,0.000018444,0.000016240,0.000019807,0.000034414,ea676efcca230ae8cf630170a7eb0dc0c45c8598c57ae1cdc83311520d4e9459
949,1764562479.8613648,0.000020648,0.000014597,0.000018634,0.000015238,0.000018194,0.000032681,bcaeef6e22232ac54027fbace5b1441a08ee5e7d4ea78a38b8607c4bb4debd03
950,1764562479.8624153,0.000021509,0.000014547,0.000019115,0.000014968,0.000018404,0.000033011,a5a3ec9721ad564912b1d733d4cdfc3c308f87a74e81b01ff310d1b555d86c30
951,1764562479.8635328,0.000020197,0.000014526,0.000022492,0.000015539,0.000018334,0.000033341,2418cab3cec56b6f1e6f6558cfab5e90bb1e2e2b159b2d23cc5e20fef39d006f
952,1764562479.8647165,0.000022121,0.000015198,0.000020558,0.000015990,0.000022251,0.000035957,8e7627c30f4744f0fea281e0a9096e2dbbfa91ab2c7a28080ce392c274a645ef
953,1764562479.8659272,0.000021760,0.000016050,0.000019276,0.000015749,0.000022241,0.000036638,b8ee2048dd8df870a0bb83f5e1bb09e3b0977de73f5b5e36a78e99fe9602ca93
954,1764562479.8670013,0.000022352,0.000014667,0.000018825,0.000015058,0.000018394,0.000033281,7b2d8a6f9174581689ae79a68d3bf46bb4b5ca561a27755bfb8e1be0f450c5e7
955,1764562479.868056,0.000020799,0.000015388,0.000019306,0.000014977,0.000018274,0.000032931,4bbee0dde731fe2db0d8b5102d93b61a9c7e1fd4da55bb6758e8b3f78e1acbd4
956,1764562479.869109,0.000022282,0.000014967,0.000018734,0.000015028,0.000017542,0.000032690,5705f5d0826e122f0d1208f92cd33f995d326ac853c550d395f8c186c1a6c8bb
957,1764562479.8701468,0.000020257,0.000014336,0.000018745,0.000014968,0.000017893,0.000032720,aef47e473a3dc66df6df5d073d5e54c4b68eddaf83019d8121f4a04c98754ad8
958,1764562479.871195,0.000020288,0.000014326,0.000018874,0.000014908,0.000022922,0.000032891,647020788f387e462bc1bac69a50dd7e6f9add767e9d223f5ac7b8abe062bdaa
959,1764562479.8730617,0.000020868,0.000014727,0.000024936,0.000023754,0.000054821,0.000075770,bca2376ae06f0c2575cb8ee0fa0d3231ed48537235943d9fde4813bff4c4e1b0
960,1764562479.874945,0.000025167,0.000015859,0.000025958,0.000031778,0.000048510,0.000058067,ad1f81315821b7127871a4318af6f0c7fd5724bbf65804a47e86922b5d47450f
961,1764562479.8769548,0.000022872,0.000015318,0.000020598,0.000053299,0.000069569,0.000089646,dc872156d267d88ba3f57af96f11f856d7b7d32c069d66902cd106e04fb107d3
962,1764562479.8783557,0.000021980,0.000014877,0.000038271,0.000015900,0.000019556,0.000033652,b6a26dd2057b8144be88be1804708791316c906f2131007fbcdf8aff9d894078
963,1764562479.8795745,0.000034143,0.000014056,0.000019947,0.000016410,0.000020017,0.000036047,f5f09d36174d4c515c20fec543448c284a63e7f94aa1bcfa2b1fdb337239bd61
964,1764562479.8807113,0.000021149,0.000015027,0.000020237,0.000016090,0.000021269,0.000037178,00e6fbaddde1343520594c312bc5bc5e0fda5f8b8a73d524f45db14a202aec62
965,1764562479.8818543,0.000020629,0.000016561,0.000019766,0.000015879,0.000020227,0.000033923,0c32bc4482582d03f4817759241fad3d761a6e71d965a8583191c5210ee82fda
966,1764562479.8829591,0.000020628,0.000014958,0.000020067,0.000015769,0.000018554,0.000033011,792bb05f413178c312d6c560e838dee57d96ee532654828e2ddb83cfb7528c85
967,1764562479.8840718,0.000021009,0.000014938,0.000019847,0.000015629,0.000019426,0.000034144,8aec8463c49d121df26a69f86fe79f8360685e22af1eb4ae2daef54a51510772
968,1764562479.8859909,0.000021059,0.000014697,0.000023243,0.000030847,0.000054791,0.000051355,75fcc31b6b5f08daa32bc9b48f3d70d7ef479e8c9c21300617b247607493f121
969,1764562479.8872845,0.000021510,0.000015399,0.000020338,0.000020057,0.000044562,0.000038842,99069356ff3dc306bd68017befcdd9a2c28a43586e44174ff696ac328e659b99
970,1764562479.8885114,0.000023423,0.000014997,0.000020298,0.000017843,0.000024786,0.000035395,329356efdafb2c819fbc36dadc4b283afc241cb24f55ecf857ea73e7ce83a7ad
971,1764562479.889714,0.000022201,0.000015900,0.000020698,0.000016621,0.000022221,0.000036167,893328a3d294d63d43453d7d893b238639487263799630b551f786e88b5bdd26
972,1764562479.8911147,0.000032720,0.000025978,0.000021349,0.000016761,0.000029575,0.000046035,3ed117a3368d2fa763cf2db0d653d3204a9b1c8ddd3acc980b898b8537477d47
973,1764562479.8922315,0.000022452,0.000015609,0.000019266,0.000015589,0.000018915,0.000033051,aab66ae26275554c3b00f0b98378992bb2ded9d4eaac7a60b03d8b472ae51d36
974,1764562479.8933318,0.000021740,0.000014987,0.000019536,0.000015499,0.000018795,0.000033262,df44ba87343a1b53bb01b4c224eb5bc23f9a07c815e175ef9575d0b0a5e6f7fc
975,1764562479.8944693,0.000021560,0.000014707,0.000018805,0.000017091,0.000020568,0.000035826,8c9ff5a01f47fe9824c2578ce669f119848239485b005cb6b62d461dc85f3a4b
976,1764562479.8955474,0.000020448,0.000014687,0.000018865,0.000015478,0.000018515,0.000032881,4ded3eb41f5a7befaaa2658b16278cf141948e6ceb816e7c608fd73f10a85637
977,1764562479.896681,0.000020448,0.000015258,0.000022001,0.000015659,0.000019076,0.000035496,93714e4076d172f1ba1d6f4555bab8de1d4d2780acec8caf2217e710e169a3e8
978,1764562479.8978815,0.000022141,0.000021730,0.000026619,0.000016460,0.000021460,0.000036187,059f8d2ea45e3c9daf01f6680faa335e648a944e41565b3d914c17712508864c
979,1764562479.8993194,0.000024035,0.000015238,0.000029975,0.000018404,0.000023713,0.000042990,621c3e0b91f88ef24f02a5b03de7c945170693cd4f15f98df5eea4d219ded214
980,1764562479.9004595,0.000023283,0.000015288,0.000020358,0.000020177,0.000035356,0.000034945,8ccc6de8073303b0e5f1a4e420c8ef6bdb52a8a39a64ba027b7f95dd0b1502d5
981,1764562479.901516,0.000020268,0.000014106,0.000018865,0.000015228,0.000018303,0.000032550,6de56ad58a8299b729efdf5852beeb3b7f2099580d01e8d7a5db63e55e27b4c4
982,1764562479.9026387,0.000020377,0.000014056,0.000018594,0.000016520,0.000019957,0.000034414,1888994413ecfeec6d769f4a3a6b79f858922b461f84585b28711924200a2f56
983,1764562479.903699,0.000019626,0.000014908,0.000018845,0.000015499,0.000018735,0.000032810,a14d516236ace4f4c6796c350b95bce4244727366493b81faf3d69a8ba83cf14
984,1764562479.9047837,0.000020618,0.000025056,0.000020027,0.000015388,0.000019095,0.000033782,2d403f06ffb73773c358d4a657eb3ec8d3aee4b60c42d731ffc6ab485e9b6ae5
985,1764562479.9059331,0.000020608,0.000015208,0.000020999,0.000016310,0.000020768,0.000036418,80c12214dcc2d62087956148717da8e6c113a8310d008dce466c03ee957c1bbc
986,1764562479.9071002,0.000020187,0.000015238,0.000021890,0.000016501,0.000021780,0.000034754,e74880867276a6ef02f829a7e76ec385c3eb0ad39233397e36f129179a09d648
987,1764562479.9082778,0.000021469,0.000014978,0.000022181,0.000016090,0.000022852,0.000036418,78103716bf0778be89ab2dbf4af26a7dda6a4c2cc586b263dd07aa6c8ae75604
988,1764562479.9095166,0.000021229,0.000015118,0.000021219,0.000017582,0.000023824,0.000037359,fff14e1f99206954de6dcfe030fc36eb5055545202c5ef5139435d7058a8a2fe
989,1764562479.9107604,0.000020819,0.000015619,0.000021330,0.000018174,0.000024155,0.000037961,179aa5d1aca2243c0318aa007c360cd8a0ba7137683c99b1f77b22e91ae16951
990,1764562479.912162,0.000021500,0.000015379,0.000033982,0.000017582,0.000026610,0.000039453,319523e89e53f052e7e56e34bbacb77b67d7bf3e660b36e7755afe6ba233e62b
991,1764562479.9142425,0.000039814,0.000019255,0.000035014,0.000023414,0.000043531,0.000061624,05fb48b507e027639abb5afbdf0898430c2f5653e1aeed49c3797d1916005cc6
992,1764562479.9160004,0.000033642,0.000018635,0.000026139,0.000023202,0.000035866,0.000055723,607b399d2426dca16d55e19c72980f6046b802c84f644f26b516ddffee001479
993,1764562479.9180577,0.000037569,0.000026780,0.000047208,0.000021009,0.000036186,0.000041867,0ad5da17db703e96196c368677d1722675469b51accf3ef7c4bc859576e4bbf7
994,1764562479.9203267,0.000039904,0.000033462,0.000045775,0.000034944,0.000044612,0.000078615,70a44d4585a1cfa7f12a6e0f85de22cb4258ca741ce018949b79fb23e059eb6b
995,1764562479.923628,0.000031428,0.000018664,0.000078435,0.000046035,0.000090467,0.000105044,d782c71698f278d4152085dfa9171a1cdd0bf6faa7d73912b768382eac410e4f
996,1764562479.9260292,0.000060702,0.000026860,0.000023954,0.000027090,0.000053939,0.000076571,5acc7108d1b1be480b9fc4ce08837a919067fcf2c7ace765bc7a4a64f7e154bf
997,1764562479.9273887,0.000023964,0.000015789,0.000019406,0.000017552,0.000028683,0.000041257,84005d75076a7494daf5fd3e21f534b7f7166872dfedf79f1584be56d54cebea
998,1764562479.92855,0.000021449,0.000015299,0.000020658,0.000016461,0.000019937,0.000037058,9ce4755211e6f1781882dc3ed2e1a0de1e97362657ffad2a554ab4e737cc0042
999,1764562479.9296384,0.000021430,0.000014567,0.000019266,0.000015849,0.000018704,0.000032921,de3c2d51291f3ce7c869af65b74287857dad3d01a91cb8e7b3ed721cc20d0d19
1000,1764562479.930824,0.000020037,0.000014687,0.000030636,0.000016130,0.000020889,0.000036308,c1e25eea8a08db9e5f43d37bbcd092c6c032c744f80c579ef03ab31af41b391a
1001,1764562479.9327052,0.000023002,0.000016340,0.000042449,0.000023904,0.000050654,0.000050824,f4e018fb62ba3f6d9c1054e660d3ff7378ce9e77e91dab009157822a4165b117
1002,1764562479.934024,0.000023123,0.000016761,0.000022732,0.000017402,0.000025637,0.000036086,71bdcb529aa6fc50d246f750401565af43f80621938a59777f9d7b30a6f49c97
1003,1764562479.9351218,0.000021330,0.000015118,0.000019035,0.000015679,0.000019326,0.000033441,4fe243c2af0eb64e0c4a169f7a1f3af18f2be6abd8c65ca450670eb4648268df
1004,1764562479.936207,0.000019967,0.000014366,0.000018875,0.000026058,0.000019786,0.000032721,dedffbea5b98be86b0cdcca1cf61c79a5a45d54e692ae5f6a23c3c33b41c701b
1005,1764562479.9372659,0.000019466,0.000014337,0.000019236,0.000015408,0.000018564,0.000032730,c80ed226a0f39dc78ddaddc5fd5f950d22cc14af821f5d3b83380ea08f20c68e
1006,1764562479.938322,0.000020127,0.000014247,0.000019145,0.000016180,0.000018955,0.000032691,cbde6c7e8e1917c54636a16c5099edc17004480357430a24cf852a10de4ad225
1007,1764562479.9399815,0.000019776,0.000014657,0.000032980,0.000024224,0.000045644,0.000057496,17eb34993e80f2716e46e037a23d63881a7753ba984a83784decd1a33e78c40e
1008,1764562479.941483,0.000028272,0.000022061,0.000020298,0.000017983,0.000029405,0.000042319,167860606b439e859bf0053a4327b4d3a20faf5daf165dad4159c727b85a5952
1009,1764562479.9425879,0.000020709,0.000015218,0.000019096,0.000016451,0.000019316,0.000032920,90f36675cc3dcf3d74e4bc48a79924307eab9f14707a59ef34a5b50b2874e750
1010,1764562479.9436626,0.000021069,0.000014617,0.000018935,0.000015288,0.000019206,0.000033011,c9898bcb635afe12417d32d014da65c32f158446f0d3bf6d434095d6d24c165c
1011,1764562479.9447124,0.000020318,0.000015078,0.000019927,0.000014968,0.000018234,0.000032751,da7f953ee8c8cdf656b7103500a7d5d3f1be68e7e6fb0bfbee496fb53a312c61
1012,1764562479.9457767,0.000020768,0.000015539,0.000019196,0.000015459,0.000018214,0.000032790,b2dacae8b0d85231c8995689f9546d6067a364f10e480df2a8f85680c4dbf391
1013,1764562479.946869,0.000021009,0.000014797,0.000024766,0.000014938,0.000018274,0.000032379,ed02083ad3aca4f8b064f2cf84ae60bd495ee4844e751bcb78af63500491399b
1014,1764562479.9482534,0.000025908,0.000021279,0.000022482,0.000018404,0.000025257,0.000046807,21add81f3a08336298431086a980792c768d8e531e0ce149177f6c5503b61bfc
1015,1764562479.9495673,0.000021420,0.000014778,0.000021650,0.000016200,0.000024105,0.000039753,74a7fa4cfea891cab2d1812ff541850196680b2ea0baa4f073eca264494f21bb
1016,1764562479.9506514,0.000021981,0.000014768,0.000019546,0.000015649,0.000019767,0.000033371,25d5e6464efc1779346cd4d046bdabc7c9f630e6138400da3bc238722da7a54f
1017,1764562479.9517064,0.000020298,0.000014377,0.000019266,0.000015408,0.000018895,0.000032831,ca7478ff765a89715c068cd34f807778d03f83fa0996af3b6f5c9f43cc8ae64f
1018,1764562479.952791,0.000019426,0.000015097,0.000019216,0.000015269,0.000019235,0.000033091,93871d5e561e2548fddd56680597e3f20da40db69f24df4d3a78b46babe63812
1019,1764562479.9538927,0.000021991,0.000014847,0.000030426,0.000015248,0.000018654,0.000033011,79f3d342b7e1f20919530a4bfec28ffa234fd82305e8110606e72104a831ee9b
1020,1764562479.9549804,0.000021650,0.000014757,0.000019326,0.000016651,0.000018925,0.000033342,e1f1ecbc1df839d91452424562e5bc0e4efe7240269b5547f087bdbd1784e06d
1021,1764562479.9561207,0.000022401,0.000015008,0.000023995,0.000015338,0.000020518,0.000034233,cdbc7562d4cae1253e86632c7f2ae98b03294119b97f2c83c4e52a10e037e45b
1022,1764562479.9575026,0.000034805,0.000021900,0.000021750,0.000016300,0.000026189,0.000039793,401f3c4551856cdfddf4fe6474e5f66752b259b79c01b3823e593c712d346c6a
1023,1764562479.959362,0.000021269,0.000015439,0.000020638,0.000032220,0.000068186,0.000056144,ab331b9baea27abd4b32c9ee6d9952ae6d0d4eeff748c42f8d055d67c267f1bf
1024,1764562479.9604998,0.000020929,0.000014517,0.000018955,0.000016891,0.000021911,0.000033912,15f95261f32c1c517780e06bcba515bfdf124cef03a327e168159dc4cb483502
1025,1764562479.9615724,0.000020057,0.000013986,0.000019085,0.000015648,0.000018624,0.000033452,9a47277a475ebab83200fe38a0524c44c059d90f8e6adcbdec26dfdfbeee267e
1026,1764562479.9627478,0.000025527,0.000017573,0.000020037,0.000016720,0.000020057,0.000034063,bc76421cdacd826002761b0e8b5e6b2c63f92883a28f9d66767b5b08536342ce
1027,1764562479.9638548,0.000027170,0.000014707,0.000019266,0.000016220,0.000019526,0.000034023,8b829e83363e08aeafcecec64c87567a4453114883df1a4c4701afc20b0365a7
1028,1764562479.9650855,0.000020618,0.000014878,0.000038020,0.000015920,0.000021580,0.000033883,04229d1d176a78cc2055cba94883f62b71d8e2ae4eb86061865525dc700aa6d5
1029,1764562479.9665341,0.000031368,0.000026519,0.000024926,0.000017452,0.000027541,0.000040555,e92670966bb582cd587daef547d0bf5a2099f22e4af2c64f74c56d850c8c7498
1030,1764562479.967697,0.000021850,0.000015118,0.000019125,0.000016070,0.000020508,0.000035085,73311e666f69e958ae5a9d5ed8f00bb34b45a806026a7ef93e137584e64b4d7c
1031,1764562479.9687927,0.000020147,0.000020518,0.000020127,0.000017752,0.000018855,0.000033442,aa060ef832571a72b53041ff66089f1cc97385a0f58b6829f701e8c112ce972a
1032,1764562479.9700887,0.000026960,0.000022491,0.000020648,0.000016050,0.000021530,0.000034274,95f2ec45e5d08ca4bb6bb6d74e29ca838cc1451b164be002a360b21d8e80312e
1033,1764562479.9724476,0.000020177,0.000014467,0.000022331,0.000047908,0.000087893,0.000099363,6c911324321bed36267c3af1f06a70caf01604651207c0748244cbf8ab8d02a7
1034,1764562479.974181,0.000021540,0.000014677,0.000037950,0.000033472,0.000046085,0.000069268,9dd5a6bcfc9ef7c168d10f112d075e43e02366e8be9dbc47d0e6ea4ddbbf0f15
1035,1764562479.975469,0.000028453,0.000014707,0.000020307,0.000017413,0.000033331,0.000036748,b45dfd5593b6da95f8c2cd56dceb6b7cb178e0fa5dd37bdbd8823b61d02f285a
1036,1764562479.9766319,0.000022932,0.000014567,0.000023524,0.000015689,0.000020758,0.000034324,e291211a427368fb87519c535a13dfeb24949dd601821a63249bb359848fd8f0
1037,1764562479.9779112,0.000024255,0.000017843,0.000023063,0.000016440,0.000021450,0.000034243,1e2e034f0ff300b9daad5dd6292f422e8392385ab365ca58e8e6a5468403b102
1038,1764562479.9790256,0.000020879,0.000014748,0.000019055,0.000019907,0.000020218,0.000036437,3aa1f3932e00ee2d474e90d75b23751c27ad6064afe620c5131476fedd68647e
1039,1764562479.980265,0.000019696,0.000015349,0.000019446,0.000016170,0.000020167,0.000037769,9a06264fe9de65339c2fcda5297e97944f360e33946e8e903dd013d1eb6fb27c
1040,1764562479.98152,0.000020208,0.000015047,0.000020848,0.000019817,0.000029534,0.000043641,8ec73e60d2614c1fac352031967ca86fba6a8ae950a5bfb89805d26dc829bbd0
1041,1764562479.9828115,0.000019456,0.000014517,0.000022312,0.000017131,0.000022422,0.000036307,3f05ea33dc7771b4d058950e888d1ce8b484fbfdca01f050cffcda43cf56821b
1042,1764562479.9839823,0.000022581,0.000014787,0.000020337,0.000016650,0.000019816,0.000033371,264cb931510456172e23435063072cd28d16892547c0e1b4b8a3c1e2a83083b6
1043,1764562479.98511,0.000020619,0.000014627,0.000023223,0.000015719,0.000018885,0.000033211,83d80d733c906645f0ebc3a18441e3148b81135abab9a6740ede0a7e74054304
1044,1764562479.9862978,0.000023133,0.000017572,0.000020397,0.000015549,0.000018975,0.000033091,6ae7f6d28fc71592d02709729b7a4ebd25878c66e117dd5e6c29b6be679d3c0d
1045,1764562479.9873602,0.000020918,0.000014467,0.000019396,0.000015538,0.000018945,0.000032089,181fed8b9d1bcd39ad4ecb62c4c4d45e1deca64cc5f8d81b85ee0568ed430fe9
1046,1764562479.9884765,0.000026199,0.000014737,0.000019567,0.000015769,0.000019666,0.000033322,773012e848e39a2fb4c667d5d56ca8482cd5823a8851a09a12298d95b727c778
1047,1764562479.9897685,0.000024676,0.000016290,0.000020368,0.000016811,0.000024516,0.000043250,a291e87b73a5bc41640b50e98387d5ed6a23bae6f3d51f50862ad05bc314fc60
1048,1764562479.9909906,0.000021430,0.000014817,0.000026359,0.000016140,0.000021200,0.000034694,10c99a83e16b19459b63089c252a94c8e42940dfcf5898a26120b3a3881f41d1
1049,1764562479.9931436,0.000038321,0.000019897,0.000024135,0.000024325,0.000063377,0.000060542,554630e370bd1de0e8ab05bf99a2ef89860e9e8b07f098bd8aa8c2025ac15b6a
1050,1764562479.9943357,0.000022381,0.000015959,0.000019757,0.000017833,0.000024826,0.000033983,dd74d8d4270b66a4063e4bce305a8841987f56c32b32c9626c9688b110b8530a
1051,1764562479.9954383,0.000020307,0.000014366,0.000020037,0.000015709,0.000019646,0.000032870,068476af42a2dec8d7fcc6a27f0dd964a56fbe138fa3effe7674e5ac9068cfce
1052,1764562479.996549,0.000020668,0.000014758,0.000019095,0.000016691,0.000019045,0.000035967,c546ed10d52438f4001779636e353c5f4327c0855096a8557e2677d97593ab07
1053,1764562479.998097,0.000020157,0.000017302,0.000021900,0.000035375,0.000050463,0.000071261,6affd9b8d1cd072810b5c06947d53898f6eaec159e609c39a4921540f616167b
1054,1764562479.9997466,0.000020698,0.000014928,0.000024536,0.000023313,0.000049672,0.000051365,c8f1b54d8d202c68cded9237e58201a71bf1e437e8b8ded6aef6071257753197
1055,1764562480.0009623,0.000024044,0.000015639,0.000020238,0.000016791,0.000022632,0.000035876,e5acacbafd7888e0e004a78d5606c049a98f168a3209f419987f1ff90ef69c19
1056,1764562480.0020955,0.000020949,0.000014988,0.000019365,0.000015970,0.000020157,0.000034103,2141a8e5f9a4d1d887de4d6aadb0d78f43fd90364533e68adfaa0b1e943c3fbc
1057,1764562480.0031924,0.000020938,0.000015098,0.000019045,0.000015919,0.000019606,0.000032670,1b3c38bad5e43ba5bdd6557e79af593e8e6f2d0a44daceca1f3ecc541a1682eb
1058,1764562480.0042377,0.000019857,0.000014537,0.000018695,0.000015719,0.000018574,0.000032901,a2e5d5f46d1ed76e7c082b402cb70ae9df05df83c75c835e16e1c6d39fb65738
1059,1764562480.0057092,0.000019316,0.000014056,0.000023364,0.000020648,0.000035506,0.000042448,c227a58860306916a9f687576b0d86c1818055dee606da8c8457336da6c26c6a
1060,1764562480.0070028,0.000022511,0.000017322,0.000021880,0.000017311,0.000025316,0.000037109,9c5ad35aff9b369cff85bd7915ed052b43702ebc34e18365df48ad0b66af64de
1061,1764562480.0083354,0.000021841,0.000015339,0.000051435,0.000017553,0.000032700,0.000037349,7308090fc44dfacfa7d314d6479aeff8fd0c43c38b4706333d7adc19dd5c75e4
1062,1764562480.0097194,0.000021580,0.000015188,0.000021019,0.000018475,0.000024816,0.000037710,9a765a45cb208f8d30eff1beac3ade9ad365993e346c61887d9452b45edafccb
1063,1764562480.0118573,0.000021340,0.000016581,0.000020067,0.000044332,0.000082662,0.000084987,2d68bed885a6caaea68dc9ef36d03ec839cadfce2d3faaa16b0c3891273b3f90
1064,1764562480.0131679,0.000020799,0.000018043,0.000020578,0.000018975,0.000029034,0.000036808,52f9f10799cb2aef1fcb4caeec98c3a0d1bf49f41068d202affeca808ee62328
1065,1764562480.014509,0.000021991,0.000015299,0.000022671,0.000023473,0.000036337,0.000052117,fe9e2646f4fd2a02104d1b11bb96117b5e7f577bd3eed262dc4109a30b762187
1066,1764562480.0160384,0.000021951,0.000015669,0.000026670,0.000020758,0.000040244,0.000044091,f42f5616aff89f58fe6208640dbb25628dade26a2692bc3b15f620787b6e5b9f
1067,1764562480.0173624,0.000023314,0.000016320,0.000020779,0.000019517,0.000027811,0.000038962,c1cec5e3e5741938e16c27280ddb8f06cb736eaa067c9b9a77b3315c01b6d7a9
1068,1764562480.018551,0.000021610,0.000015328,0.000020098,0.000017111,0.000022441,0.000034844,9c0a3db2fd45e736b35b319508d70d5be9b03d5ddcd7e59f9ca37c6f26e4c871
1069,1764562480.0196774,0.000020368,0.000015238,0.000020999,0.000015779,0.000019677,0.000032831,4fe33f1a9b7c86d9766220ec679ecdea35f76aaeb0510dd9aa9f6cf14fc354bc
1070,1764562480.0213802,0.000022201,0.000015209,0.000057065,0.000018104,0.000025587,0.000046526,132d146cc0dac5b16d5f58f71cf090ea98e7288f333fb7ba50cdba9823c21c61
1071,1764562480.0234098,0.000030727,0.000019726,0.000041226,0.000029334,0.000117957,0.000050623,16fd4b8b7bb74417fc058b6ceac1f04921aafffef2f7f2af7e8471bc7080bb25
1072,1764562480.0249374,0.000029715,0.000016941,0.000023143,0.000016691,0.000026589,0.000039954,9c89bb9e1e536307a211b22fd7eee22f85bfcbbc94cd33817d90b96ef40ceb5f
1073,1764562480.0261073,0.000021650,0.000015128,0.000021790,0.000015739,0.000020137,0.000033031,d379233aba2cf1bd91e91b8a84389616f6231680076a8aaefad7370f59307bde
1074,1764562480.0288763,0.000022251,0.000015409,0.000041276,0.000077433,0.000134809,0.000098972,0a0211f8531dbfc7690f77d4bdc13d57010a30acaf1bb483396737869b1eb0dd
1075,1764562480.0309358,0.000050964,0.000049351,0.000031589,0.000020698,0.000037700,0.000046055,a8bee8c3ddadd2b8b02fbdabdd8282fd997928f4024d0892aac97763f3f0c51b
1076,1764562480.0326037,0.000024896,0.000016521,0.000027811,0.000021900,0.000047237,0.000055903,ffaf1bacb7ae2ba86b081683e0f405c124b409309002515e4372c5ef9f741caf
1077,1764562480.033751,0.000020668,0.000015058,0.000020438,0.000015900,0.000023734,0.000034233,6b8015ca1442d42dfb4ae02fb434ca5ae3c2cfc5bd149f8207cb7c236a9d6452
1078,1764562480.034848,0.000024936,0.000014688,0.000019406,0.000016069,0.000018986,0.000033342,dbe0525ce980c73cd5394e9938ef3d807c00781932694b6312fb38fd139bd08b
1079,1764562480.035911,0.000021139,0.000014998,0.000019476,0.000015549,0.000018504,0.000032700,1ee9cf71ae936b8e86fd04c67aa85da2480e0ffb3f5e250942b82972a0e97681
1080,1764562480.0369904,0.000020328,0.000014327,0.000026779,0.000015259,0.000018835,0.000032921,0128621981d18eccbc14a5277f83455d08e4dd84bdc98c9a2134f01ba9598ac9
1081,1764562480.038157,0.000023804,0.000015238,0.000022492,0.000016671,0.000018905,0.000035045,eaa5416dbc334b582d4a1f5afda52d9bf92a600fd97b00583dfd1b9e2afc668a
1082,1764562480.0392778,0.000021440,0.000015258,0.000022291,0.000015990,0.000019747,0.000033602,01a81ad6359c89b49b5e1e0f1c92f35b13e7768ec815e0d4222e3f5bfe313bab
1083,1764562480.0404701,0.000022131,0.000015239,0.000023012,0.000015750,0.000022461,0.000036929,ffaf937a2de79e58c57524508740dedae1f4bd04d379617416a0f8c6458ff9c0
1084,1764562480.0417523,0.000022382,0.000015008,0.000021440,0.000016551,0.000021730,0.000039273,c290c7af06dade8b69e4a5047fda7cb76084b8ba924486874bdae2417c4275bb
1085,1764562480.0428996,0.000027270,0.000019436,0.000019636,0.000015719,0.000018384,0.000033522,34c647620fd2bf6ff4b546b891da5bd05238025fdab2d67f37094c1460bef49a
1086,1764562480.0440128,0.000040866,0.000014697,0.000026980,0.000015539,0.000018434,0.000033011,5b734b657e9e5456dde8ab0dd0c03d69d60349738a9b5c5d840addc940ad496c
1087,1764562480.0451453,0.000022622,0.000015268,0.000020017,0.000015779,0.000019035,0.000046536,13fe160129510b5e3cbc9dea476e414cbfa196cc1af65fd1969db614f001d9ed
1088,1764562480.0462456,0.000021069,0.000014667,0.000020739,0.000015469,0.000025296,0.000033031,5c896855f6fce1e6e9131777e182a29c6625aa4eaf7c655e1c4bd6ef83740052
1089,1764562480.0474117,0.000021019,0.000015850,0.000020458,0.000017192,0.000022582,0.000035446,fca2907bc0a2878d753d46381d8f9746c14170e6b708eecbfcd123849c2ea39f
1090,1764562480.0485642,0.000020538,0.000014888,0.000021470,0.000016340,0.000021810,0.000034203,d2cbc65c36e13da9bfabf0162db779abe96b236755906faaf922fc8924b89f45
1091,1764562480.04969,0.000021270,0.000014958,0.000019065,0.000015749,0.000019256,0.000033682,9ae5a4d4fa12592a33af16b19647ea5c193cff29018d7405d91e291877f34d8d
1092,1764562480.0508873,0.000020999,0.000016460,0.000025497,0.000015458,0.000018695,0.000034734,bb77ff4ca0fb373576a3f431d27bbd2cb90c42b3881dc64c9210f98e2b7c2a34
1093,1764562480.0521858,0.000020457,0.000014296,0.000023233,0.000029274,0.000133397,0.000051615,9d4cd8cb7b2fbcabf8c2e9202ff6a38205a75119721ecaf0b7ac767fb078ef55
1094,1764562480.053296,0.000021018,0.000014807,0.000023002,0.000015508,0.000018323,0.000033873,32e698dfa9e3a6b15c05d22e66abaec57837e53a04063c7fcbcf238ba6efcd5d
1095,1764562480.0545251,0.000022842,0.000017893,0.000021470,0.000015168,0.000018604,0.000032811,71907c8dcb841caeb6dffdb66de78a08688a637948e2df4851de95254b8d2034
1096,1764562480.0556462,0.000021780,0.000015629,0.000021580,0.000015198,0.000019166,0.000038782,754ec5cc863172e96ecb17a2da759a61faeea759cbb72af54c3df10a164295cb
1097,1764562480.0567603,0.000023073,0.000015208,0.000020538,0.000015459,0.000018464,0.000035246,5019335249e94fff9b74e97c7a847ff43b6255607a2b4e68cf6b473bf274fe08
1098,1764562480.0579023,0.000021339,0.000015028,0.000019506,0.000015169,0.000018784,0.000034483,c31c4f3120a043c28dd2ef1a525caff67aaf76aead02807fbcc017e825039c1c
1099,1764562480.058971,0.000020518,0.000014587,0.000020387,0.000015859,0.000018014,0.000032651,5f3bd36150ef937664d5a50376c0fe9e1f0a9122381c72006141a190bc4c1827
1100,1764562480.0601025,0.000028222,0.000018804,0.000020508,0.000015589,0.000018244,0.000033532,0bd3acfd03030358d6ee73c62603cc31f4076e0ef9c243c88a62abd337c7e0da
1101,1764562480.061168,0.000020779,0.000014878,0.000019526,0.000015228,0.000017502,0.000032791,4b90c6dddffc48e2b006e1535140f306f2026f79cb14917ecabc61b5cb045381
1102,1764562480.0622256,0.000020248,0.000014467,0.000021270,0.000015148,0.000018104,0.000032600,e5e5426c2fd3bf490d9da8875e1667e8f43d4ba8ca8b9bf1bdb728b3e9528045
1103,1764562480.0633945,0.000021600,0.000018034,0.000022621,0.000015008,0.000018124,0.000032480,07635e434bd847929107186b23fdadf8fa9dc1d87e4e40e8c53d56a92bf612a5
1104,1764562480.0646718,0.000023905,0.000015900,0.000043220,0.000015589,0.000020488,0.000033902,9f7b48baa1eec23e9063ae50bd635a5b037a9fab8d5d3b7d05e6cb348246f0e5
1105,1764562480.066512,0.000041897,0.000031027,0.000021520,0.000017893,0.000026619,0.000040524,dd448e950d8728782aaa0a0001b84055b75c5e49d734fcbd0e9732d25aaefee7
1106,1764562480.0677054,0.000025898,0.000020168,0.000021870,0.000015920,0.000021510,0.000035255,a3bdfbfe457fdc9b482066db6f1236e6a27974f7b96e3b46e6b415c2a16145fd
1107,1764562480.0688012,0.000021259,0.000016140,0.000019736,0.000015639,0.000018144,0.000032911,e8c9eb57138de4e971b4889b0cb55d448fc43d1f5e9f5cd682c7b30171d94289
1108,1764562480.0698657,0.000020778,0.000014958,0.000019135,0.000015198,0.000017822,0.000032650,40c13d5b76b69f33b3f16fc772e0406302ce3c4e7823b34e52fc9202a995fa53
1109,1764562480.0709457,0.000020428,0.000014567,0.000020928,0.000015228,0.000018134,0.000032841,b199d5e9fd188956c041c144b20cf89bc1b9df8e8eb80adbd9e93eacd54b4a5f
1110,1764562480.0720954,0.000020107,0.000020488,0.000022271,0.000016180,0.000019547,0.000037138,7899a9cbd5cdf363c1165358b70508d5699c4323eb8e98262a5e35df323c4e72
1111,1764562480.0732112,0.000020698,0.000014747,0.000020478,0.000027130,0.000018584,0.000033783,206239db294130e45cd39af54a6ad6f2606b68026ff1a54d2a5433e7020a6ce0
1112,1764562480.0745227,0.000023693,0.000024395,0.000023994,0.000016460,0.000021319,0.000037680,d43b38b62d42b8ef19aa2959f34219f7bdc0a11824b39cfce0a0bb8d4fc1dd19
1113,1764562480.0756392,0.000021399,0.000015058,0.000024976,0.000015850,0.000019686,0.000033632,a187f91290368e4e6e20902c6b8423c2ea35e06815c1cc5c35a860e20241eac9
1114,1764562480.0767472,0.000022622,0.000017843,0.000019456,0.000015819,0.000018193,0.000034334,43e83ce6e05752814004cbef2da447230c38305c43a03a59ea8e9db9761bc30a
1115,1764562480.0777946,0.000026829,0.000014767,0.000019166,0.000015319,0.000018224,0.000032680,69e227c7101bf521ef1e395be9f763977d688a837415b9cfbb9ab6d0b00abaf6
1116,1764562480.0788732,0.000020328,0.000014557,0.000024986,0.000015428,0.000018264,0.000032800,0aa47a37c8df098711a3f089e14b57dccfd9d82e292e8685b9efbc48dcc6b473
1117,1764562480.0800183,0.000020578,0.000014336,0.000021820,0.000015599,0.000019997,0.000034032,c19fb50b3c7c927aef55e658595150a7161403f41a4a455eed47ebaddeb85392
1118,1764562480.0810883,0.000022141,0.000014607,0.000019385,0.000015288,0.000017973,0.000033773,bd5d81646b5d51874fc80156414aca9e5f389eae40e6359ec364e46f06c8a41e
1119,1764562480.0824218,0.000020037,0.000014748,0.000040134,0.000015118,0.000020778,0.000035586,9116e0f8dc3edb913cd7cbf59d3a6b873d7878027ddb9a5815daf7c782644970
1120,1764562480.0842874,0.000023062,0.000015689,0.000022251,0.000027611,0.000064830,0.000054711,d9b9a29be6c45049be0087067a9026fb8643023ad22276fecea129dae1521287
1121,1764562480.0860035,0.000022271,0.000015418,0.000020027,0.000035575,0.000045764,0.000069889,55792e288103dd0b471f89f2cc34d235fcae606b33406527e8159d0a902d0b40
1122,1764562480.0871131,0.000021470,0.000014577,0.000019196,0.000016671,0.000019827,0.000033111,221659c82843a9b428121499ed41726267eb9116dccf0401df9a9eede0aa2372
1123,1764562480.0882463,0.000020327,0.000015078,0.000019586,0.000016340,0.000019636,0.000032630,0002f596c6789afb84704c788dcf1bee3354a11c949147953bfdac859903e114
1124,1764562480.0903869,0.000020237,0.000014527,0.000114602,0.000036858,0.000061935,0.000077834,40e647f941b35da1b007f37da730ce15392f9b6097d724dfd44c1e7289cb5838
1125,1764562480.0917807,0.000029274,0.000015950,0.000019987,0.000018074,0.000025848,0.000045184,ae6be9fa3530143c3efc0dc598f0efec7fd98c8fd5afe43fe43b0e363033564d
1126,1764562480.0928745,0.000021460,0.000014517,0.000025797,0.000015609,0.000019797,0.000033101,b9677580bd15373c5f0367678bf25e437676da361e5f6cc8c0e04f58f7c65125
1127,1764562480.0939426,0.000020438,0.000013966,0.000019235,0.000015839,0.000019236,0.000032810,9d66100751eb8ea444061a1672e5b3a90d0da1dfb254c432989b867c803b1eaa
1128,1764562480.0949981,0.000019876,0.000014276,0.000018965,0.000015579,0.000019025,0.000032680,28760a63e81ea95f523eca83db66cf1676472dc5ebc35fcbe5135fcd1d5f2a48
1129,1764562480.0961769,0.000020037,0.000014326,0.000019776,0.000015799,0.000022842,0.000037729,eb1ff31fb5da4dc4f49edbdc7c29428a498381d8544089c848ff2dc75c5faca0
1130,1764562480.0980644,0.000023383,0.000018464,0.000032480,0.000022572,0.000044242,0.000045935,374987b354e402b5463a9e31258d03161c20de426e833743eeaa44e63ba263b3
1131,1764562480.0996275,0.000028042,0.000016500,0.000032340,0.000019336,0.000032170,0.000047698,fa8af4ecec0d9f625ae69fc7505d9c8d07d0102172e7a27185ac789407539a9e
1132,1764562480.1008425,0.000022902,0.000015338,0.000019426,0.000017241,0.000026248,0.000035225,1497f0ce69197ac447ed2fd782fc97ce6a60c3319c55ffec2e15bc4c4a7b3ffb
1133,1764562480.101931,0.000020227,0.000014717,0.000019586,0.000016170,0.000019496,0.000033803,fc285749b21beb9ad5b739ab1f47d1c71db7aa46493917d32e293d1e83ed26f5
1134,1764562480.1029851,0.000020308,0.000014297,0.000019135,0.000015469,0.000018304,0.000033052,ee9054c5e7cb90c1883737c862dc6619f57cdeadef1a4eac06c9e470e18aee6b
1135,1764562480.1040928,0.000020107,0.000014406,0.000022131,0.000015629,0.000018234,0.000032840,273076e25c66ab35c04665124dc55f94dda8183d9c5a3c9b55bd2bb2d900102a
1136,1764562480.1052706,0.000021880,0.000015068,0.000022602,0.000016650,0.000023553,0.000035255,b1591e4ce0cfbbf828c8249b6264189ec0ee7fc76a84b8116c0b2f59f1e23e52
1137,1764562480.1064587,0.000024214,0.000027852,0.000021320,0.000015780,0.000019636,0.000034584,f16a4865910384ba5f11e7dce4f9e51f01e9d16c50f1c3df496690d38ba9f877
1138,1764562480.107753,0.000021690,0.000014817,0.000020508,0.000016129,0.000021640,0.000035115,4139698ff339537273ee12c812ac3a940bfeb12e53e4b04df17a94da9726eae3
1139,1764562480.1088684,0.000022081,0.000014767,0.000019576,0.000016441,0.000019125,0.000032851,d297ca7b9d31a4336d83ae530f589e6cce622cc0855eaf4b3e1324ac577435a3
1140,1764562480.1099315,0.000021800,0.000015068,0.000019456,0.000015108,0.000018194,0.000032510,cb032759529932866c9675dcd1308f9a30c7ea6bab8cd92830e67bf432ff4356
1141,1764562480.111012,0.000020848,0.000014637,0.000019135,0.000015429,0.000018594,0.000032630,56ddc1e290d83f40ebce25462386a6c6f46f97e7d3caa68032e4c66530bb16a1
1142,1764562480.112114,0.000020438,0.000014617,0.000021119,0.000015849,0.000018525,0.000032530,e4862029334be53736d317a630477a5164ac5bfe58dd76bc5774bd84f8df0d7f
1143,1764562480.113255,0.000023684,0.000016010,0.000021329,0.000015478,0.000017823,0.000032450,8f6ba615c865f3a205737b8ffb193ca74850f9a9eaa92e60c5e93da77354147c
1144,1764562480.1150548,0.000024626,0.000016350,0.000024045,0.000023894,0.000049131,0.000049942,7802ef3d3c610db0e7584d6613852ee29b198d8bb24ab84a18569d2c32ccf435
1145,1764562480.1164901,0.000032680,0.000017373,0.000020007,0.000020668,0.000033923,0.000040856,6adac9ad601277ad11f6b1d881b9c8c9ddb63c271964dd95e68cda2e8946147e
1146,1764562480.117584,0.000020799,0.000015037,0.000019486,0.000016350,0.000018935,0.000032980,6ebe5352615c850b32a703d3fbd279a3e5e02af9c98f845a4fd590363f2b200d
1147,1764562480.1186848,0.000021520,0.000014567,0.000019436,0.000015749,0.000019115,0.000033632,352852812485de9702f6e78afc63c043a9ae736d2c7b7691f716fdaca900f210
1148,1764562480.1198204,0.000021179,0.000020087,0.000020167,0.000015499,0.000018534,0.000033081,ad748cebd8a09d8da75c714029f0c29f46cfcae28ebd550d25b4eb692b231f44
1149,1764562480.1208928,0.000021350,0.000014597,0.000019506,0.000015429,0.000018344,0.000032941,77c8254557073a8a2962fef43c44de8c550f55044c32d48bf00fc13b8a995336
1150,1764562480.1220725,0.000020408,0.000014597,0.000023003,0.000019295,0.000023854,0.000034224,347ea1596c39955dd6673fb30e5b9af319a1619c721c186f9b32bfcc699c18d9
1151,1764562480.1242461,0.000025888,0.000017803,0.000031178,0.000024536,0.000054932,0.000048599,3ffb8b87d530afc475d6a0298d615203bd31734933c5060902372c8c9508ce0a
1152,1764562480.1261878,0.000026138,0.000016991,0.000022772,0.000028282,0.000052066,0.000060381,59646758e736439238b00e2d8017c0b6e8ade2c108a65c1c0a86c52c7b3be024
1153,1764562480.1277573,0.000024125,0.000015770,0.000020468,0.000035666,0.000045043,0.000072324,2443ec04594dba6ecf02c0cb8662eecec409f17a31390ee1d732d937a8e35f73
1154,1764562480.1296504,0.000023753,0.000015439,0.000020988,0.000043470,0.000080789,0.000085227,bc6d4cdbb8b392609f77573040e9dd61a74f2251a21bcdb55596964dc77bb12a
1155,1764562480.1310182,0.000021139,0.000015389,0.000020619,0.000020157,0.000034283,0.000041256,7eccf1f47ad3f39a7aa706dfc0cebb443a5592766524369289f9e985252b0ce7
1156,1764562480.132344,0.000021940,0.000015308,0.000022402,0.000017672,0.000026168,0.000036267,2e234a5d8b94faeb6fd7ce5cfbf9d6b56a053a38096367a80d3f4d29d22197b8
1157,1764562480.1335304,0.000022211,0.000014637,0.000019236,0.000017202,0.000021940,0.000035064,f35887028ad170752091d9759b90dd24d070b86b466886a775cb11044507a977
1158,1764562480.1347184,0.000020999,0.000015108,0.000020948,0.000016260,0.000020198,0.000035967,75404941b4b34c888ae304e1613b20eb39b122e4c97b4906acc16ea502587c3e
1159,1764562480.1358433,0.000021459,0.000016891,0.000019175,0.000015999,0.000019607,0.000032390,819e115ab148f4ee922fa141c31b203c8b8d0ab58ffbf8b1d2bd6e9690a700f5
1160,1764562480.136942,0.000022311,0.000014617,0.000020107,0.000015489,0.000018955,0.000032991,0bc2f8241f35aa164a4d4dde85b9a2718090aa094a9a1633e76235d9fa27cde3
1161,1764562480.1381195,0.000021961,0.000014597,0.000021339,0.000015990,0.000020227,0.000034433,4cd07ad7af86eeabd00d7f70749b8aa74a7ea08839893b06ff4b670daffbf335
1162,1764562480.1393547,0.000022041,0.000023433,0.000025357,0.000016040,0.000020688,0.000035826,f39dd5494bbbfa84912acc39f142d80334164dbf49e2694c0176de65c0f27bed
1163,1764562480.1406627,0.000026580,0.000017923,0.000023253,0.000018394,0.000030636,0.000037539,de4324e90bcb20f9026a8658678077347e2439ff4ec5e814a965777ca4656a4f
1164,1764562480.1418247,0.000022541,0.000016240,0.000019917,0.000019557,0.000023563,0.000039353,292e3d5a0467c59090b743a2a3dbe5c1ee84f696ef5d4fbb76b0ef7bcef69789
1165,1764562480.1430357,0.000021960,0.000023123,0.000020438,0.000016681,0.000020758,0.000034604,2ee5126cf4109db7f22e373a11a85ef632d1c597fd7acc26aad9372c2b0c7fe9
1166,1764562480.1441367,0.000022241,0.000015459,0.000019166,0.000016250,0.000019696,0.000039443,b84dfaf53cd8aea0d329b1c65faa56cb171e5c36604a433c6489a60e2f9e9cee
1167,1764562480.145218,0.000021310,0.000015047,0.000019626,0.000025577,0.000018675,0.000032681,fffe23bb4dcf89d8a40d637b87bd6f5c80c25b748fb236d1eab946cdcd7f4c27
1168,1764562480.1464016,0.000021029,0.000014527,0.000020918,0.000015969,0.000020037,0.000038911,600571d0b834e39f9af690ed8a97d4d32d9c3abcad6746be5ede4a4c4e9efff4
1169,1764562480.1475465,0.000021099,0.000015018,0.000020538,0.000016059,0.000020238,0.000034023,3f02be2006e676e219f9e76ad21f70c6563666fdb6364c18507fa20ebed68add
1170,1764562480.1486318,0.000020467,0.000014958,0.000019857,0.000015919,0.000019707,0.000033201,3aaa0d9a5dff428b0364b75d3cc7ce9c12639fd816e97a92d01294f693d3fea1
1171,1764562480.1497815,0.000020719,0.000014637,0.000019356,0.000015840,0.000019957,0.000033993,95e086a8ecbcd20eb93cd03596912e5ae40fd5fbb106dd96f7b472067af2727a
1172,1764562480.151441,0.000020789,0.000014788,0.000023594,0.000022912,0.000043450,0.000048670,a3b875adfe16ceffcbec4d41139aec5834b7508cd13a5e44d79c49330855f01c
1173,1764562480.1533256,0.000025227,0.000017292,0.000020468,0.000034875,0.000051415,0.000087181,f7ba1e95a915af05286dec7e05ff71eb381f12a9ff146606123204b7ec36cde6
1174,1764562480.1544883,0.000021400,0.000015168,0.000020949,0.000016060,0.000019666,0.000035255,be6e353d726da0d3b52f37669e0118ddd6ad4da75c9d450a2fb449a9f433e82a
1175,1764562480.1556559,0.000021359,0.000014907,0.000020528,0.000015389,0.000019165,0.000034494,e3bfc8c1f6d2b7cadd6e61941ec6b04620cc28b439ace42b45fc6ff1b915b73b
1176,1764562480.157155,0.000028382,0.000026689,0.000054290,0.000016480,0.000026610,0.000037099,1e4178ebbd3ff74bd9e775a46a753ea0b02b74266a6c20f7b583c9560857c691
1177,1764562480.1585987,0.000026459,0.000016982,0.000019336,0.000017432,0.000023303,0.000038671,914eb0c7b6187409256873c2165ad7a37d83324f1db116db1c451498ffbafe09
1178,1764562480.1597188,0.000021359,0.000014998,0.000019316,0.000016059,0.000019736,0.000033041,04c74109613c61da336ac1ec1bfd39bfe44c2ef46a22724eff62ce394756c715
1179,1764562480.1608064,0.000020868,0.000016761,0.000019125,0.000015939,0.000018955,0.000032861,adfecb6ae8385cb3aada29a526f7940d22a4273be5adfb742fedfd545bdfb6ed
1180,1764562480.1618862,0.000022311,0.000015128,0.000020137,0.000015829,0.000018404,0.000032671,91c2244f0071b8e8e30b237a38ddc53f3c556155968ef4556248e93f83527390
1181,1764562480.1629596,0.000020999,0.000015378,0.000019126,0.000015649,0.000018815,0.000032770,469c440fad7a92507acc723eb0c62f049041a0bf142fadb9242efb20af4ecda4
1182,1764562480.164145,0.000020648,0.000024946,0.000023794,0.000015629,0.000019336,0.000034514,33cf0a3249357a0fd376a553b24cfb65480357c87fb4c3ba2d153484643b7564
1183,1764562480.1654408,0.000021861,0.000015479,0.000024335,0.000016501,0.000022812,0.000035897,c78378606612a242707336bccd31268c1ccd47f671646311327af72134f34d1f
1184,1764562480.1667917,0.000024114,0.000016180,0.000019486,0.000019446,0.000032961,0.000041246,f46abaddb4bac4b209f1edb7cac2de8fc8623960a7aa1e75134185a9a252c503
1185,1764562480.167869,0.000021710,0.000014947,0.000024164,0.000015107,0.000018303,0.000033161,208a7c5feb919db85c54dd951937e8be9a6d0c5ffdcca0d9c31b6b47ba42e1c7
1186,1764562480.1689265,0.000021259,0.000015028,0.000019255,0.000015488,0.000017843,0.000032480,00cc15c3d100bd32ace40ab047d99d44e6c858ca02086dad6986b61e5e67e5ad
1187,1764562480.1699781,0.000020738,0.000014727,0.000019146,0.000015108,0.000018104,0.000032581,61c7f5fc006bc04bdd3f722e6958be77b48603a7798c120a7732fb3515620ca9
1188,1764562480.1710954,0.000020708,0.000014667,0.000020618,0.000017022,0.000018344,0.000034243,7cca9e7b46eb013376a1e6a85a01ed242f39c6709d19d2a5938940d9571881ad
1189,1764562480.1722734,0.000021760,0.000014797,0.000022672,0.000020347,0.000021711,0.000040044,dbb24c17d1bcdfc9f103e6b2dd4b51bb97ad9f8a797a206465dc92358ce5aade
1190,1764562480.1735141,0.000021009,0.000015188,0.000023634,0.000015810,0.000021810,0.000034774,303b7fc4d8d1a00cb4c27760b8c319cdac2c4d4bca83b398b39858b2bbcc5688
1191,1764562480.1747894,0.000026649,0.000016721,0.000020027,0.000018735,0.000033051,0.000048760,a6515fe75258b51ca8c631c090043b6ba418e8eb760ea221c775db1fe2f751ad
1192,1764562480.1758916,0.000021570,0.000016450,0.000019797,0.000015268,0.000018113,0.000032660,0d2e83728a2e58769552d4fb75390737f9839125dfec427a1cf7b95dff8a3cb9
1193,1764562480.1769555,0.000021069,0.000015088,0.000019256,0.000014968,0.000018234,0.000032941,287fff37e637c9af05d53f665d31da97398a183e5c1b2bf54ca3a9ffd0cba80f
1194,1764562480.178011,0.000021019,0.000014797,0.000018665,0.000015108,0.000017993,0.000032841,5bdfea64a591008f7e8bd5ecd3cc1c439479ad0607bb4b9576dd8b5c50652eea
1195,1764562480.1790936,0.000020408,0.000014757,0.000021489,0.000015348,0.000018184,0.000032009,f67862ff965cc4aa7190d52b294bc41ef7d4e7baac3f102fe9aa499d8e0cfc66
1196,1764562480.180206,0.000020809,0.000015318,0.000020307,0.000015468,0.000019395,0.000033522,f0f678561f2864af58b8e9d214385c299b590bd7269d36bc6e13b530facdf454
1197,1764562480.1814299,0.000028763,0.000018394,0.000027180,0.000016571,0.000021359,0.000035355,64114d09eba3dbf210df34e72d00c1e31eb80e8e9bed0fdc45d823c575f05128
1198,1764562480.1827693,0.000027962,0.000021430,0.000027200,0.000017562,0.000025167,0.000044953,6cd02a2d5211c590251db855b8821e5943cae01e5b282f67f47c2107410b058c
1199,1764562480.1840134,0.000023543,0.000016060,0.000019476,0.000015549,0.000021861,0.000036046,60fe24225847f359bebb1396c19054208e14dfbdb7a8a62994e8318ba2dd7c85
1200,1764562480.1851177,0.000019636,0.000015559,0.000018985,0.000015148,0.000018173,0.000036929,bb3510ef5ea4258cbb3a984dc1831de359c6374f7a489659b677db065950f21b
1201,1764562480.1861603,0.000020618,0.000014677,0.000018875,0.000014908,0.000018043,0.000032510,0b534aad3946bdb8638bb57792f7229f2e3509f471c32d2d450b3b6c18dc393c
1202,1764562480.1872559,0.000020959,0.000014467,0.000020958,0.000015188,0.000023734,0.000039894,ea297ee26184851a7bd2892ca53e371044696fc8786231fbc55106ad63b676df
1203,1764562480.18838,0.000023624,0.000016079,0.000019245,0.000015589,0.000019326,0.000033402,4bdc86db90bc10ff63e1614670a3a618fff07ed91d4f14034c1db6d920e76bd6
1204,1764562480.1895528,0.000020959,0.000020127,0.000025697,0.000016000,0.000019196,0.000033161,a233bc6c81aee597f2e31839a98307a0218f3a16fe2b0c41c220f10e4182123f
1205,1764562480.1908727,0.000027852,0.000016060,0.000029825,0.000015869,0.000020338,0.000033772,887470762ffb0adc381fa60fc2ce7cf4dae67cc7f61e5e7fc1a1be54fd53d6fe
1206,1764562480.1921535,0.000025347,0.000015048,0.000019466,0.000017332,0.000027451,0.000037229,082f5e12bfaef67eef02bfd608b61072606fb3f7960e42474f03d45aa802f5be
1207,1764562480.194404,0.000021329,0.000015028,0.000026950,0.000050062,0.000084496,0.000104393,1eb583d84823827ec8b079cc6fa4d6bc9f86c989a3461ea9b11d57c58194e788
1208,1764562480.1958368,0.000028803,0.000022341,0.000022251,0.000026148,0.000049551,0.000044863,716bf5edee3416af9533ef6563c6b29c58216acbef9815bcedde5015de8b73fc
1209,1764562480.197028,0.000027491,0.000020638,0.000026168,0.000016310,0.000019836,0.000034374,d492ac739e231f2e55b358e438ab0bb9c24819c3ade4d79aed018329bec26a32
1210,1764562480.198246,0.000023854,0.000016871,0.000023013,0.000020999,0.000022732,0.000034695,bff4e4e9fd169d299f726ca761a46796f7266a287b38c12850d56ccfbe63e620
1211,1764562480.1996589,0.000022131,0.000015739,0.000020679,0.000018444,0.000025217,0.000039272,63bf0c5fef84c8fd3c2b03f1de57d27476cb113ea5f5e9a996294d0463da7251
1212,1764562480.2008193,0.000020108,0.000015389,0.000019126,0.000016421,0.000019907,0.000033892,8edc086c38ac769b61b397a0b3b861884b1b7caa10a683f6998e12835ed01ecc
1213,1764562480.2019427,0.000020247,0.000014457,0.000019907,0.000015859,0.000018955,0.000037269,0cb354f600e04c87f9d55e5c09c65c2be4be635fef082b6ad2e06ad156104577
1214,1764562480.2030656,0.000026209,0.000021629,0.000019406,0.000015709,0.000018775,0.000033662,632fd802a8dc6575d36533679de2a33396bec4c83fd5d1d5d951074ad8322c6e
1215,1764562480.2041652,0.000019736,0.000014457,0.000019235,0.000015820,0.000019315,0.000033492,05339250ed8f6ec297651308c78b1d9004de01d070907b48515e7b1f90d104a2
1216,1764562480.2052968,0.000025827,0.000022381,0.000021319,0.000015739,0.000018995,0.000032831,efaca93ec6251105c84cd90edaf12b7b4dad54acd650de60c40e5e53d75080f2
1217,1764562480.206566,0.000020959,0.000021339,0.000022181,0.000021439,0.000021509,0.000036136,09c1631418cd2a8a21a25dbc6b8c8578d6419a16b6352fc8e8768073a1e357f8
1218,1764562480.207871,0.000021901,0.000016019,0.000025928,0.000020427,0.000027461,0.000043521,daae956d6719607c4d6dedbf932c1cec8c72bd3280e18a210b64cc265c853a58
1219,1764562480.2090535,0.000021029,0.000014967,0.000021240,0.000045945,0.000021620,0.000040324,d908a0cfcca19d8508d74c2e1521d97de585846ff082b13218f4564a48edaf22
1220,1764562480.2101507,0.000021019,0.000014446,0.000019065,0.000015970,0.000019045,0.000052787,504d6a92751743cffe2dd3c6c1d88db6ca0e44f0997cdbf6c24e778afe3687ca
1221,1764562480.21122,0.000020237,0.000014517,0.000018995,0.000016160,0.000019376,0.000032770,b960dc11c3020dbe551d10ce39237e4fc9dd62d6177c6f2c58f97a12dc532feb
1222,1764562480.2123046,0.000020007,0.000014347,0.000019195,0.000015569,0.000018444,0.000041397,4810e4347069515851e019e4ffa26e228e86e030352fe32970f9dba2787fd315
1223,1764562480.2137918,0.000021139,0.000014427,0.000021239,0.000033101,0.000038862,0.000064740,e080932db6958e12672f0369db52849894bc75fee1b1afac55b3cead5011d696
1224,1764562480.2151225,0.000021249,0.000014838,0.000021660,0.000016470,0.000022542,0.000033903,21b949990eba9574ee445cb26a885944f1055e6c85efcb443d2c4398e2b848d9
1225,1764562480.2164464,0.000021620,0.000017642,0.000020608,0.000016721,0.000023974,0.000039884,5984beb9f25c210fbbff6b41d1a531d98d2da78b972aa8134e3e0f257eb5aff5
1226,1764562480.2175734,0.000020338,0.000014937,0.000018885,0.000016290,0.000019295,0.000033892,c20d92da54468bfc9f801929a26df00544dfe9f223bba4d31b4016ffd6b05bd0
1227,1764562480.2186615,0.000020478,0.000014446,0.000018554,0.000015840,0.000019025,0.000032791,f4e237f044ab99a6095dd75ba8c9d137d5309d42fc63e1515751af9c17928ada
1228,1764562480.2197442,0.000020588,0.000014406,0.000018765,0.000015950,0.000019516,0.000032650,f8e1a9d1d403b3147ba2e5613dcdb1b7dedb58c7649d68e2699bce7b97a99617
1229,1764562480.2208364,0.000027291,0.000014798,0.000018835,0.000015619,0.000017994,0.000032640,3ad5069a61b5afc06f14a0ea5f44e715ce520ede9e0b41f96b98ea65a5ab8013
1230,1764562480.2219713,0.000020849,0.000014546,0.000021249,0.000016140,0.000018935,0.000032670,505a59ba0765c9b92e6c5fec2986806f790a61349bc0813d037ac9b552c95bb9
1231,1764562480.2232833,0.000023664,0.000016541,0.000022100,0.000017111,0.000020979,0.000034874,315242adcf4f9c52582b9fa5d2c2ba6245a3529684580ef904332327c4a5754d
1232,1764562480.2245867,0.000022742,0.000015219,0.000020768,0.000018044,0.000023033,0.000038471,088f982d7df27968cc6e6b7c3c66708c5b118231adcc32dc8b0b960330f541dd
1233,1764562480.2257185,0.000021569,0.000015108,0.000019266,0.000015820,0.000019656,0.000033563,6055621e492a29f96380951ab3c05736c404a36d1f18f147a0a52013adad26a9
1234,1764562480.2268252,0.000021159,0.000015959,0.000018975,0.000015930,0.000018965,0.000032710,6c396ef52b7c4cc53248e27f2b09866b73fa084f002b1f980cbef9a9f1d0bb8a
1235,1764562480.2279086,0.000020768,0.000015458,0.000019496,0.000015850,0.000018715,0.000033001,326a4e70c4cc4cdc3d9e966789a1b9693952fbcd2079b33b69c31e34b5993a33
1236,1764562480.2289827,0.000020768,0.000014858,0.000019165,0.000015739,0.000018274,0.000032750,063b9b77c17170ba34bdce9020f02dfd5709894917691ffcf209f4fdb4c5d6e9
1237,1764562480.2303827,0.000020267,0.000014797,0.000026830,0.000019937,0.000028292,0.000039633,03aecb8bae9129d195a2373700727534109bc2d4d10e996789146b55eda56385
1238,1764562480.2318182,0.000025247,0.000016931,0.000026068,0.000018504,0.000024566,0.000041998,c6e93fc436623915786f497f2bef4e463d5dbb449baa3bca2afda0f420fcc1af
1239,1764562480.2330847,0.000025036,0.000015900,0.000020538,0.000016410,0.000019587,0.000034333,1e80da989c1f8382450b83d32a47e3f8622bf7ea6d5afc04003216cf46cf6ec3
1240,1764562480.2341797,0.000021300,0.000014677,0.000019717,0.000015679,0.000019065,0.000032881,0090a402880d0f725686c05d42051f8654869f6ab67bbec30cecaa1e924141e3
1241,1764562480.23524,0.000021069,0.000014667,0.000018995,0.000016871,0.000019025,0.000032871,664db1f86cb27b5e776c37fff332a7259687b666b21588e37a3abd799f14a2ec
1242,1764562480.2363021,0.000020337,0.000014848,0.000018774,0.000015579,0.000018474,0.000032760,12df2e4681d988514a751bcc23f6b2863e0a3c9a922950fedded3cb53812057b
1243,1764562480.2373617,0.000019997,0.000014126,0.000018915,0.000015639,0.000018835,0.000032720,7b1225db2a4e9409a0c13ed93d8ac088847441d5d3cb8b72a41f7f5db8b56eeb
1244,1764562480.2387075,0.000020698,0.000024656,0.000054059,0.000016551,0.000019897,0.000033391,0ffd5244f736b73e1184fac168003fa26c69e48c18d69bd3854af973742fc966
1245,1764562480.2400188,0.000022762,0.000016781,0.000020258,0.000016240,0.000020548,0.000034994,94aab323c0cb5e7b6f5495fdc83c0a2c762e1e9f270e06b3d66c1db1f4e32719
1246,1764562480.2411048,0.000021510,0.000014757,0.000019997,0.000015889,0.000018745,0.000032761,b9fb056799f088fcd5c375c0cd08ddd03fc2886f0445f998f6612b45045580a8
1247,1764562480.2421687,0.000020748,0.000014536,0.000018975,0.000015699,0.000018504,0.000032840,e750d090a233e3a91dfdd872d90a60861c09af203134704322a2d94ab868ae1b
1248,1764562480.2433586,0.000020508,0.000014637,0.000019056,0.000015598,0.000018905,0.000032460,a902405131f9c531669a3ac4bba6504ffdd021c998843ebc4411413876a026e0
1249,1764562480.2445135,0.000020959,0.000014798,0.000019145,0.000021920,0.000080249,0.000033071,008b0eab9796b6da62e35fb371d7f509f71905d4d732a41111c2e5bb6a787390
1250,1764562480.2455654,0.000020528,0.000014597,0.000018925,0.000015189,0.000018444,0.000032740,608afb618bc8993653873ae63ec309f2c976637f369b52be2b90ed1e74eafe6d
1251,1764562480.2466736,0.000020769,0.000014627,0.000020298,0.000015679,0.000019326,0.000033352,abeffdbee9d7af5b2b95e8f9f412cee8ed888b70bdac0ed3e97d6813eacbd803
1252,1764562480.2478464,0.000020879,0.000014506,0.000020919,0.000016340,0.000019396,0.000038711,dde95256f296ada9939d168cc1eff465b349e385e552293dc8dda55146f4bf45
1253,1764562480.2489846,0.000021109,0.000014627,0.000020568,0.000017042,0.000021239,0.000034784,70a610eeaf01ff5060386217dfc46ec1cf1eaada7f4a239ef88d295669f198bd
1254,1764562480.250169,0.000026509,0.000016601,0.000019385,0.000016220,0.000020879,0.000034654,1804ebec137a6fd3f90549d5881df9a5ac29889b11e2cd48be489c2b4c582a01
1255,1764562480.2512357,0.000020407,0.000014788,0.000019115,0.000015469,0.000018695,0.000032781,3699d5475911b2864b7745dc3dbc908aae73b1aecfdb9dbc5b77a70e2f8dc7ff
1256,1764562480.2523031,0.000021229,0.000014186,0.000019036,0.000015178,0.000018163,0.000032851,10c926fab0aefae0e90c2c5596758fe1215d16a8a1920c912182aff49b7f816f
1257,1764562480.2533677,0.000020388,0.000014617,0.000018645,0.000015228,0.000018484,0.000032601,9814cce6572efb011fe5b7e723ae07e08158702699ace7d6fd31762369083c45
1258,1764562480.2544253,0.000020348,0.000014436,0.000018965,0.000014997,0.000018133,0.000032620,5a1c671d260785fbebd91de23fb8be60ad41a7abceec4bd953ce27ea4ab73a46
1259,1764562480.2555819,0.000020427,0.000014277,0.000021299,0.000016711,0.000027461,0.000036598,d9ce26b7d6863381f46de318466ae78c47ef283a371e8c1a6277347e2f0771af
1260,1764562480.2567286,0.000021420,0.000015188,0.000020077,0.000015619,0.000019687,0.000033472,113ba6420b22974a0dae911dd03093788eed5bca4a906c96ca2e97244f6984bd
1261,1764562480.2578094,0.000020739,0.000015930,0.000019055,0.000015198,0.000018565,0.000032590,d2fe862f9f25d212824640587495cef6894d85f947a780e9f59840cf130ecc6f
1262,1764562480.258944,0.000020918,0.000014336,0.000019436,0.000016410,0.000019446,0.000034453,a4e0d97588d54e681a902b2d133719c87cc871a570ad8de9f747a12cbfdc37a1
1263,1764562480.2600324,0.000020357,0.000015118,0.000019336,0.000015929,0.000018885,0.000033211,75c02966b307471248d8744d38e0f2238e8a5601dbda8def20d9ebbca2a25f6f
1264,1764562480.2611012,0.000020728,0.000014497,0.000019155,0.000015188,0.000018956,0.000032550,88eb5ebb691c17a0af8e4c6590053a0f13da3194d7bb690d82d7c6fd850f25c2
1265,1764562480.2621567,0.000020799,0.000014797,0.000019075,0.000015118,0.000018084,0.000033131,5d301d8cf03f2c27664ed69e473a088f63d9be86da272056545204139cc82cf8
1266,1764562480.2633708,0.000021790,0.000014617,0.000023173,0.000018524,0.000021119,0.000036518,1a73cc9a955f0d52060b963fe9e774e93148b51f0553df59406576c8916567fd
1267,1764562480.264607,0.000021901,0.000014506,0.000019516,0.000016079,0.000023122,0.000035395,c7790adca6727de07b8143ff3d68f561779380338336f0187325d14f8bf76e8e
1268,1764562480.2656646,0.000021250,0.000014166,0.000019296,0.000015479,0.000018244,0.000032751,44736c937766d4bcfe9cf4a98d72f9188df23b87031a0e6f82d3fe1b322fc6b0
1269,1764562480.2667465,0.000033281,0.000014867,0.000018714,0.000015479,0.000018494,0.000032971,774b0e1315b46be264171fe9c6dcbe7eb8f63629e52e7e767a219cbea60c1a6e
1270,1764562480.2678423,0.000023974,0.000015128,0.000019146,0.000015829,0.000019747,0.000033522,52569be74cdde28aceb79f60efbe263856020a61926262ea4ac855d7bee6a025
1271,1764562480.268888,0.000021460,0.000014627,0.000024726,0.000015148,0.000017683,0.000032521,80997492035bd3b69298872b876d917ba880f73d460e1a90290cd72ae28cc0fd
1272,1764562480.2699358,0.000020377,0.000014146,0.000019135,0.000015148,0.000017622,0.000032540,7940a7f9851cde52a93baaf1b0064667cd1bc18456f12cb130021b101fd81959
1273,1764562480.2709982,0.000020518,0.000014727,0.000019416,0.000015038,0.000018123,0.000032701,a8596e3d3602452435310cdc5c711c96975b89ac2c1f597f8bd425d733e874dd
1274,1764562480.2722995,0.000020999,0.000014767,0.000054711,0.000016270,0.000022391,0.000053078,330ebdb0686e23e863d881f5ac4893a42023a92f291aba6674a7a26fe8ecf1db
1275,1764562480.273396,0.000021510,0.000015208,0.000018986,0.000015719,0.000019296,0.000032991,9dd11bcdc1430b5a156ece1f19fdb3780b8c38ceeb6b8d283a358f8d9e37a18a
1276,1764562480.2744672,0.000021530,0.000014477,0.000019175,0.000015288,0.000018294,0.000032901,922668fc65aed4a4524f9423738101cabf79797e04b9b9fc62b973d3279f8ae6
1277,1764562480.2755246,0.000020899,0.000014377,0.000018855,0.000015018,0.000017923,0.000032760,843d993a4d7cfba7a017ccca5a2fc46b260fafb23398e29862002f345881d7cf
1278,1764562480.2765827,0.000021590,0.000014437,0.000019075,0.000015208,0.000017933,0.000032601,5e961aebef64c50782c367160a2be51663f50326d7639cc341e7d56369f854bd
1279,1764562480.27764,0.000020408,0.000014577,0.000018985,0.000015318,0.000018053,0.000032550,ce6a009a7e9dd6a53d29b9ab18c74535a5198fc91bdd5a013dcf8ac02d81a0a4
1280,1764562480.2786784,0.000020708,0.000014466,0.000019315,0.000015238,0.000017673,0.000032561,ee60aad6c1cf0b677125879af3b482bcf467c13899d7a771818bf675df1b9a33
1281,1764562480.279862,0.000021069,0.000014237,0.000019195,0.000016160,0.000020378,0.000033972,dbf41379a250d4cb8cffc15418df0839f75f3e5c9435c289ef9a4eb6ba5f86c5
1282,1764562480.2810657,0.000021169,0.000014497,0.000018704,0.000015809,0.000019286,0.000034073,3a24940eaea41cee56bb7d7d1cc0b02ab535b45ebcbd87b4f16dca7f5a5c9c9a
1283,1764562480.2821138,0.000020739,0.000014647,0.000018985,0.000015147,0.000018093,0.000032700,c1abcc381480ce211ccca97572c7ff8a3060f26494af8006d604a034d9539da0
1284,1764562480.2831714,0.000021009,0.000014477,0.000018615,0.000015188,0.000018314,0.000032520,9949e09789bd897bd871f64f31b88015139729b2bdd129c658cfaa0855d5ac0d
1285,1764562480.2842224,0.000021139,0.000014456,0.000018755,0.000015178,0.000018054,0.000032750,ddcd96e1b2d4bf64b0df7f476f7acd370d5c1eaf44a9cc1b49053ad042454b4a
1286,1764562480.2852588,0.000020548,0.000014387,0.000018945,0.000015669,0.000018024,0.000032510,7412169645028cc835c5033a53f81306db38ba1916424798e67b7334dc450ca0
1287,1764562480.2863193,0.000020538,0.000014226,0.000018775,0.000015238,0.000018104,0.000033031,6f868977bd2f56316f552ac3ca9c018426d768487c6bf2c296fa5ac824342d95
1288,1764562480.2873664,0.000020718,0.000014126,0.000018955,0.000015299,0.000017893,0.000032500,4c896ff7bf90882ca47af8729076321772173f5b1944ed9e2bad8424ee1a273e
1289,1764562480.2885268,0.000020758,0.000014457,0.000020799,0.000017753,0.000019647,0.000034173,d9faa926d3210f5bf14dd375bc7eb2bd2374d5a6fed0bed8aa8f7db55594217b
1290,1764562480.2897184,0.000022251,0.000015188,0.000018925,0.000019065,0.000022962,0.000034434,f6baf746fee411544996ee23f889511975075fb7008a5fef1c1df592b0e7bf64
1291,1764562480.2907865,0.000020789,0.000016411,0.000018865,0.000015719,0.000018174,0.000032580,3427d727825be7a7ead9393fe7b2addbb91159f9b61ad0e6c4855e953f9ee7da
1292,1764562480.2918446,0.000022011,0.000014607,0.000018824,0.000014938,0.000017612,0.000033141,9e9f5b2e4161fcce9c32218c997f626d6d99c6072fedb22eac1809f1eba9dec8
1293,1764562480.2928987,0.000020829,0.000014326,0.000019136,0.000015208,0.000017873,0.000032540,20e78d99da81215fd1f2e568b6b3f521bb1e19cbe1532507899395393a9b8e84
1294,1764562480.2939494,0.000020398,0.000014326,0.000019035,0.000015288,0.000017783,0.000032470,423b7f48b9a4f9c14df39f35ce7cb9b4eb77a6938f0500e36f45b3296bb27aed
1295,1764562480.2949927,0.000020808,0.000014557,0.000019416,0.000015148,0.000017803,0.000032470,b859e05a19d4dd86aab9fa2ead0d5eacd556590038d265465cc7b9a31b6119a7
1296,1764562480.2960935,0.000020818,0.000014567,0.000019426,0.000015058,0.000017923,0.000039122,7d9c393d670fcf0085fddd50a85c12649d643eda7c4a4e45ae9b0c96468fd655
1297,1764562480.2973788,0.000021510,0.000014968,0.000026138,0.000015959,0.000022612,0.000035906,8ae439103dea15b17c3fe978e86d5424b0950512e596e48f80f90da8b0c3b997
1298,1764562480.298506,0.000022922,0.000015419,0.000019306,0.000015619,0.000018454,0.000033382,cac9452849f0598bb70e1f2cfaa3050990ba24c04c741e9ba6c6a45179deeaad
1299,1764562480.29959,0.000021680,0.000014486,0.000019105,0.000015189,0.000018394,0.000033381,75e223492419d913a05612c785c51a4813cdcf9788827fb9195f3ba95ec43572
1300,1764562480.300694,0.000021810,0.000014677,0.000019316,0.000016160,0.000018915,0.000032660,db090b706c36d5399d24890e4e857ffd64396b32b36f1d89693622fde7708a27
1301,1764562480.301759,0.000021540,0.000015579,0.000018955,0.000015358,0.000018114,0.000032530,d0a97834b37a5d40489467fda428389a4a4b9353253e3077969c1d21d05e7f8a
1302,1764562480.302841,0.000021350,0.000015238,0.000018925,0.000015289,0.000018354,0.000032961,f0e3c6edb7a60fba04644dc79484c41f00b1f731a6ad857e053fe6f19661170d
1303,1764562480.3039079,0.000020749,0.000014467,0.000019576,0.000015549,0.000018414,0.000032590,3188941e229f956effea7235a19216a9f035325b299883a3ef33744badb9ee5d
1304,1764562480.3049977,0.000021650,0.000014667,0.000020688,0.000015058,0.000018103,0.000052427,6c0697715441a3fd726a32223b51ac113e9d29f7c4a104c9d9cfaabaf767b7ed
1305,1764562480.3062494,0.000021249,0.000014507,0.000019786,0.000025277,0.000032720,0.000037830,d2336bca6ab5c0d77d9a94760a00df564548292d2da540b816c305e0b09e0e6f
1306,1764562480.3073342,0.000021650,0.000014887,0.000019756,0.000016070,0.000018805,0.000033082,88acf73636a5fcf1ed2ea952c1826980375d0f97d34184c256d0c24acb343275
1307,1764562480.3083882,0.000021249,0.000014607,0.000019205,0.000015058,0.000017582,0.000032911,3f18fc41b15627bb7de4ee0d2529690aec1d5640b7f9c65e1357c528a09126ed
1308,1764562480.3094468,0.000020948,0.000014267,0.000019106,0.000015118,0.000017672,0.000032580,920a4887eb4ce22ee2f5e3fbc2cfc6c2f5f820adaa4d1ade2efc7807199bb3ae
1309,1764562480.3105178,0.000020588,0.000014296,0.000018985,0.000015108,0.000018574,0.000032600,8f7d91d7d3571c76173dfa027586adacc94f8fd8217622b19ee2665ac3617cee
1310,1764562480.311571,0.000021831,0.000014748,0.000018955,0.000014907,0.000017552,0.000032490,365e95aa419d7984204e9f9020adfde6d247fb8ac2196b3148f4b5ca6b45da40
1311,1764562480.3126326,0.000020638,0.000014377,0.000019265,0.000015308,0.000018153,0.000032480,e8a8e80e466d7a976256bb3cd545618b53aa06b6f5e880251e40f54635739dd7
1312,1764562480.3137197,0.000020889,0.000014647,0.000022302,0.000015078,0.000018665,0.000032871,375c41bad05b925696d22e7863b9685e067dea36c147fd0b8df76f75ea2e1d73
1313,1764562480.3148553,0.000022131,0.000015999,0.000019066,0.000016991,0.000020278,0.000036026,1bc6e97aec415c8e47566843191e998555da296d8cfe5378e24aef0394d44795
1314,1764562480.3159316,0.000021610,0.000014677,0.000019636,0.000015549,0.000018554,0.000032831,55d961f8677702508eb7c0cd59c888ecba0ace2f223ffde63c23de5508bdcb3d
1315,1764562480.3170228,0.000020708,0.000014717,0.000019015,0.000015288,0.000018143,0.000032550,af9b116d2352b86554f7884bfa6fe22bd23365dffaeea912122d84ef8f8d0fc6
1316,1764562480.3180928,0.000021169,0.000014226,0.000019746,0.000015639,0.000017923,0.000032561,1942c6526a974664c2d23f80ce3d2b7c41bb980eb3b7eaea2b0aac9cda1ce61d
1317,1764562480.3191602,0.000021219,0.000014647,0.000018965,0.000015238,0.000018484,0.000032590,f0949466c6a78cc1dcc666d64d2662674d18157ef295f230f7990fafb1795889
1318,1764562480.3202262,0.000020818,0.000014316,0.000019275,0.000015359,0.000017973,0.000032590,604c880ff0204fa0d8fc21e98eefe3194b138c1fdcc43c5eb59125818ee4082b
1319,1764562480.3213003,0.000020668,0.000015338,0.000019225,0.000015269,0.000018264,0.000032660,ff4f763c73109a1de3ceb514f5bb80e2a01c3e2cdeacf8509114b1ec93eaca7b
1320,1764562480.3224843,0.000021690,0.000014687,0.000023573,0.000016150,0.000020298,0.000034715,be8a1e30c855c6834b9f175f017d7dff7a0fa432bbbd6985ef9860320b56fbbe
1321,1764562480.3236892,0.000024465,0.000015349,0.000019857,0.000016079,0.000021980,0.000035536,a1b7496f3d8a17d79cf18af314bf691d0c23cf47b93de86aa9e4446617744599
1322,1764562480.324822,0.000021119,0.000022302,0.000019065,0.000015319,0.000019666,0.000034494,30b96a62f3af6ee6980c4c7d5140ecdcd22b85844a375fd0c51e7c310c0287f8
1323,1764562480.3258972,0.000021710,0.000014817,0.000019576,0.000015489,0.000017743,0.000032601,9fbb79e7a1db7f40f49159ff33ce1c9cd695be23120ee9944bd3803b8ba01281
1324,1764562480.326963,0.000021019,0.000014356,0.000019175,0.000015379,0.000018093,0.000032560,9b488bac029b0756fe303d33beec6aa26fba81c44c69dc771213337db43aea02
1325,1764562480.3280156,0.000020899,0.000014657,0.000019095,0.000015259,0.000017662,0.000032710,b60ec85acf42e0b0f71e6bae03eb4bbe0449716dce38a62f36b37ab6e06eb5e5
1326,1764562480.3290775,0.000020548,0.000014317,0.000019776,0.000015048,0.000017993,0.000032500,a378042f7cc8a81a4f47d1e509c2fae082756169714c592208e62047efdc7955
1327,1764562480.3302674,0.000021370,0.000014547,0.000021560,0.000021259,0.000022141,0.000061043,f5d033064179ab49196beca6feb3422a8d62c039696cf6bf30732393f36b0313
1328,1764562480.331518,0.000022241,0.000015128,0.000019486,0.000015609,0.000020598,0.000034003,637bd9c4490250ad2e2baf1e8c2dbecdf977f9083c8124d2a4ff26de3a740af4
1329,1764562480.3336072,0.000021780,0.000015188,0.000019375,0.000046727,0.000096308,0.000088854,3c8b3b78044cea450ffb0fbb177185450736b9ceef78d9db1e9a5149601ca18f
1330,1764562480.3347878,0.000020869,0.000014447,0.000019155,0.000018223,0.000026228,0.000035686,5706517e3a95fc5623b41ae67e8eedc286955ede6cd2a10e308575138f418118
1331,1764562480.3358805,0.000021359,0.000014106,0.000025036,0.000016050,0.000018965,0.000032961,343eb4fe3a60884bd08d00852106b5592c3444fc7d6ab0ddaade8036182fb0d4
1332,1764562480.3369555,0.000020858,0.000014477,0.000018935,0.000015489,0.000019115,0.000032941,e84cdd1f47cd15b8e70452d38ef75faddf6d674c2f7c34404bb6940ee414314b
1333,1764562480.3386068,0.000020397,0.000014497,0.000020448,0.000039583,0.000049712,0.000071221,edc05c5be67cee10f10f8c387569c6a55dd67d08dba2eb5440abdba3c04274c2
1334,1764562480.339921,0.000028162,0.000017583,0.000019225,0.000016229,0.000020227,0.000036007,66481bd43f630994c1a01c364107e39fce66b1055ba900ab69cd9c2b31a7cf61
1335,1764562480.3409827,0.000021009,0.000014738,0.000018685,0.000015088,0.000018664,0.000033241,d39e2418ecc23c8bdeaf60e799ecf4b75903604b94457d2805ccc02cf5ce39df
1336,1764562480.342604,0.000020448,0.000014457,0.000018644,0.000035465,0.000053779,0.000073616,2fd66bd3295aae41f8b2c5783ef67cc0d2c40435e3d881538d73161bce234c07
1337,1764562480.3436825,0.000020668,0.000014537,0.000018634,0.000015920,0.000019546,0.000033291,8c2e13e5c2096c7f4a188a8b9ff403ee7603e2907b1fe5f473cccccefa6ff01b
1338,1764562480.3447394,0.000020999,0.000019646,0.000018414,0.000015929,0.000019005,0.000032890,869efd52ac1a8e3533b040560919af14fe016f901f004ee46f26c98db2c89fce
1339,1764562480.3458502,0.000024215,0.000014476,0.000018674,0.000015538,0.000018854,0.000032821,60a66656cc7318b78d971c99b90c707e9702890ad41a2f5214f00babaf926eb2
1340,1764562480.3471594,0.000022782,0.000019696,0.000023955,0.000017452,0.000026780,0.000037960,7049c75ebc14a3b8f089efb8edb6fb2df08ba20648d9f0e5794600b17a47362a
1341,1764562480.3484302,0.000023874,0.000015939,0.000019106,0.000016570,0.000022191,0.000035766,3177cb267510a5d7a91ecc4e08c577caac9d0602ceacd6e5bfd2b89a500d1182
1342,1764562480.3495247,0.000020789,0.000014256,0.000018444,0.000015448,0.000019296,0.000033161,7e96dc5e1b94619b3c84d42e0811a338b79cd5d447d949f25e8c19d427530870
1343,1764562480.351139,0.000021861,0.000014888,0.000076802,0.000015609,0.000019146,0.000037870,f27d14ee689f2084b50db5ad242a4782a51bca6998a7727bd288aa09348e4284
1344,1764562480.3529122,0.000032880,0.000017021,0.000031990,0.000022782,0.000037289,0.000067665,722201f844f815f325be81dcd22d81c95be965941c6c792a20c39642087d7d52
1345,1764562480.3541052,0.000024215,0.000015819,0.000018905,0.000016260,0.000020929,0.000036557,b0e181d9c237f0886e4123923258fdc40f7263ffb28223245951307999d331dd
1346,1764562480.355868,0.000021089,0.000014798,0.000027000,0.000033993,0.000061784,0.000059360,61af83a2c674702a73049aab77605f118f0262d3472497a260ce2811a9192d15
1347,1764562480.357208,0.000022522,0.000015969,0.000022702,0.000018695,0.000028823,0.000044292,ea89f37ab7232e235c3e7f0b65b7f04dc05d043e93f38221925dd3cee1be94b1
1348,1764562480.3585153,0.000024075,0.000015378,0.000022501,0.000017332,0.000026740,0.000033883,73bd11043c18a09b01e903ad3882e6ced824be368fdfa1b0359cd0438b4e9c2b
1349,1764562480.3596082,0.000021881,0.000014677,0.000018965,0.000016020,0.000018765,0.000032891,d3e08c67c839bfed0a8c30941b8d409f689c0c9bfec8d29e85a64d4d4d902761
1350,1764562480.360695,0.000021019,0.000014728,0.000019566,0.000015308,0.000018864,0.000033492,ddfeb5074ef7c4ddb30482132bbee1dfe87a506fa4818d7b63c4e3b07b7806ac
1351,1764562480.361748,0.000021079,0.000020638,0.000019496,0.000015178,0.000018003,0.000032460,37f93541789b9a22af9853c35b58a861c88614850b8fe994145226ef271cde12
1352,1764562480.3635776,0.000025617,0.000015028,0.000025587,0.000015399,0.000018665,0.000035125,af6b124fde77e4414084cfeb727387b3e7ce1989b17baea2719a1b7591621615
1353,1764562480.3649921,0.000024525,0.000015899,0.000020227,0.000023994,0.000074578,0.000036036,6a775371f496af2a275fa9ca5b97e35307c279bd2bf9409312d566bfa3ae26d0
1354,1764562480.3661096,0.000021089,0.000015008,0.000023133,0.000015669,0.000018885,0.000034033,b3c686a049cb873961f4ffc5d261f295bebac1947e0da72fbc4295271a4f2b59
1355,1764562480.3683536,0.000024125,0.000016360,0.000019567,0.000047879,0.000093583,0.000101497,043a6812bcf186815e908b44705417d2414781dccfc390bab58b5b7e0a2f125f
1356,1764562480.3694468,0.000021260,0.000014617,0.000019637,0.000016240,0.000020167,0.000033202,da561bcc65b58b44e11ee50f7efcac9e1134b35a73a80208822cd59cb3575883
1357,1764562480.3705266,0.000020828,0.000014887,0.000020027,0.000015940,0.000019135,0.000032811,49af34126b232e38b4a418e7c3c65876212f980ba2746ee262112408a77aac45
1358,1764562480.3716748,0.000021680,0.000014988,0.000022572,0.000016060,0.000019175,0.000032680,8521dc37e13f8905e6907ab335770ce5386d1017be01723a1279dcca035d4c29
1359,1764562480.3728387,0.000021430,0.000016861,0.000020498,0.000015569,0.000019656,0.000033662,c693a7499ea447de8556abcd4db7701d34a0cd4e471cef26116771416f6dd41c
1360,1764562480.3745883,0.000021580,0.000014967,0.000035756,0.000021841,0.000044292,0.000046857,1ff25f12b33b62c38782b8eadb825ef8a2d4574d4e19ef65f0a891d467b2d388
1361,1764562480.3765798,0.000025106,0.000015278,0.000031228,0.000038952,0.000053569,0.000092832,1911c299aefa2a31eb38ac130896b41b7f90b0e8660e4ebce2812d6a6a944c71
1362,1764562480.377956,0.000024806,0.000015699,0.000019587,0.000018254,0.000025056,0.000039714,16c365d2ea0d22b4d19aa533a71b07481e284fb474b72433e3fc3ded52e46583
1363,1764562480.3790524,0.000021270,0.000015478,0.000019616,0.000015849,0.000019957,0.000033361,20c2fe109357f11e16a52c220e3f7d398da11e982ec9630570822382abb909af
1364,1764562480.3802137,0.000021530,0.000015919,0.000023523,0.000016050,0.000020007,0.000033261,55c5533659d8fa84265ff05fc5aea4b86c7098a2b180f7cd8ffda9ba0d5ec297
1365,1764562480.3818724,0.000022542,0.000015538,0.000045544,0.000018704,0.000027641,0.000039062,901a636d5396fe44ae9b0b6d10637200db39aae17a0d3e888d16753f134dc45d
1366,1764562480.383728,0.000044683,0.000047548,0.000021119,0.000018073,0.000032911,0.000044271,d8bfc82c7d9f9ef36d793224b2bb4cea74d409a49f7d3dc7a3ffc289b87dee3f
1367,1764562480.3848765,0.000020718,0.000016230,0.000025557,0.000016080,0.000020358,0.000034083,36efc58a72ef8bc27152dbf32e2ff8a27c802f37db8b404c5185c1501ce00d96
1368,1764562480.3859723,0.000021520,0.000014637,0.000019566,0.000016149,0.000019546,0.000032761,17b5f93b399d627302335b383fd78e906815359049bdf06d8795221f02520d8e
1369,1764562480.387095,0.000020598,0.000014517,0.000024375,0.000015399,0.000018935,0.000032850,1291a54f2931d562f788f60b0bdaef1e3fb369e74ede14a4aa151b2f2d060862
1370,1764562480.3882537,0.000021309,0.000014196,0.000020127,0.000016620,0.000025467,0.000033192,5717d282c0682fc9f7ff142edfb15a2a123752d1b23f950125b10a77eb3f3c67
1371,1764562480.389618,0.000020608,0.000019055,0.000024485,0.000017873,0.000029325,0.000041657,4c9bf3eab2adcbd3607b7cb1780708d21a9c7762b2a7b66f539a044391419485
1372,1764562480.391113,0.000021489,0.000015418,0.000021871,0.000018314,0.000029565,0.000038982,42225d546a196e2a0169ef9b2747f6407db646bd3ac203906b25b779de0643d4
1373,1764562480.3922358,0.000023664,0.000014637,0.000019586,0.000015880,0.000020868,0.000033161,331246ea7cfe20d3b77021e4fa849e34ff776bbc1f273e84eaef5636d6f82ba2
1374,1764562480.393313,0.000021179,0.000014878,0.000019375,0.000016070,0.000019376,0.000033071,0a4a96fa0825cffa72fdb6f88f867a1750c0d0552eae7966a9ea06bb831be1c2
1375,1764562480.394406,0.000019857,0.000014867,0.000019286,0.000015779,0.000019516,0.000032841,f7a66d6108bbfd25b7e9c77b4124d22323b4af14ec4404197ff6c2da44352629
1376,1764562480.3955123,0.000020367,0.000014496,0.000020127,0.000016250,0.000019766,0.000033462,59d50733969839b055333e70da044caa48297e7d9b8344fd06c0d888394015bb
1377,1764562480.3966868,0.000023653,0.000017272,0.000021389,0.000016310,0.000020578,0.000035165,7baf62a231860e6c7968765aebf387ee2cc092245e52f05d01f9140ac1c679c7
1378,1764562480.3978617,0.000020638,0.000022531,0.000020568,0.000016009,0.000021259,0.000037128,7d2b8d25911c1b45ba410ab08092815514502203ca469f2903f643768d1dbfd8
1379,1764562480.3992143,0.000021279,0.000015138,0.000022852,0.000020909,0.000037449,0.000048380,926fbcdc3cc82514d54d2a5d9708ddd8f2a1f1dfbf49779f22b8cc7bbdc8ba58
1380,1764562480.4003048,0.000021950,0.000014887,0.000019626,0.000016160,0.000019446,0.000032941,c9aa6682bb9e9c1c4dfb559dc4388f3f94e2723876d0af839ef7cf83232e6010
1381,1764562480.4023478,0.000019816,0.000014957,0.000020848,0.000037299,0.000087892,0.000071422,9ce3a245b78c7503e7acb9bb6ed9a89798fe55887425ca58c72e05909435321a
1382,1764562480.4035783,0.000021720,0.000014506,0.000019496,0.000015930,0.000020688,0.000033461,08928c8676fcffa7517a6c0e10fd5705345fadbd67129178f5e8bcd0c938e4a8
1383,1764562480.4048698,0.000026028,0.000021499,0.000021159,0.000022341,0.000065341,0.000035876,5467245079c60595cd5ead718ad3b4e7c0caa256373718eded4a6c48f5b1be61
1384,1764562480.4062834,0.000021109,0.000014877,0.000023584,0.000019446,0.000033732,0.000040705,e383e90c50c7fc6ae8044df93129b296b345371e5f357aad9a5e4e2360eca7e8
1385,1764562480.4083989,0.000021930,0.000015368,0.000021650,0.000040044,0.000072575,0.000057987,c4f6bbea186169daf098926a0e018311817b3493feb83c5be31021abc0c509a7
1386,1764562480.4096498,0.000022281,0.000016881,0.000019977,0.000017483,0.000022401,0.000035756,35ac359eabeb18a0b1ca64d6666b60f9d3c72881f7e265f3b22fd7580fe23f51
1387,1764562480.410769,0.000019977,0.000014667,0.000025357,0.000016090,0.000019726,0.000033172,cbe3959f839ec54dc3d62d22f752aa62e64e3dbecc404a1ca963289e7118c339
1388,1764562480.4119081,0.000024555,0.000014918,0.000019156,0.000016360,0.000019445,0.000033542,c60ed7e84bcc4d3a268bc08cf17fc8be9faa35e932a86332c43f68e962b1891f
1389,1764562480.41353,0.000025447,0.000017091,0.000020689,0.000028122,0.000066012,0.000052147,a81d22a5a6061182f920ccb2abd33a0b9caef2226b5d718d802267bbe7721b1a
1390,1764562480.414675,0.000020598,0.000014807,0.000019746,0.000016560,0.000024926,0.000035776,069a2000515c39b2a900b4f8163e5b887512851a53c67c6b7c87f93e2770dcda
1391,1764562480.4158182,0.000020337,0.000014807,0.000020669,0.000015899,0.000022041,0.000035235,cbaf41e57d90d2c4a3c8132f296485baacad1bbf4c1b0ebd26ced807074c4925
1392,1764562480.4171224,0.000025878,0.000023153,0.000020518,0.000016029,0.000022261,0.000037289,7e979aa603292c951e0158c23d33b18baae50ef33cf50d074f5ae79048e55985
1393,1764562480.4182072,0.000022451,0.000014897,0.000019206,0.000015628,0.000024204,0.000033652,8ba560e3c185a196aa8883aa6720449f72c088edb3ceade0f05fbfddd1493ce8
1394,1764562480.4197748,0.000020909,0.000014507,0.000020197,0.000028913,0.000049081,0.000046355,2c292417085bd93cc6dae4aa670cf60851c6182864a9bc936ef64eb6100b90ad
1395,1764562480.4208987,0.000022912,0.000014637,0.000019927,0.000016090,0.000020367,0.000033522,cf14c9aadcbedb5c9cfb2e310d6e735cafc421f47fa86e34229bbe1343ece478
1396,1764562480.42199,0.000020238,0.000014456,0.000020288,0.000015488,0.000019086,0.000033001,59720ce8a16db4124f366d6ea1154f2e3cd52eb168dd526842c4993c25527dc6
1397,1764562480.4232216,0.000020137,0.000015318,0.000040325,0.000016431,0.000020307,0.000034213,69386fa19e5c03ae311f54154d645c60e94b6f70536cfcde4e3e2d796a1d9d55
1398,1764562480.424905,0.000022883,0.000014997,0.000026059,0.000033372,0.000053379,0.000045444,753f5ee361dc7ff3b2f942c7951b60cbccdde34dffc74d89cbe535fe3c6abc73
1399,1764562480.4261,0.000022993,0.000014817,0.000021710,0.000018064,0.000022081,0.000034584,2d9f4f8e1ef8fdf5581ead27eb12824bd13572e6371261703a9fbdd78433f01a
1400,1764562480.4272346,0.000021700,0.000014917,0.000019236,0.000015839,0.000035065,0.000033592,6e2b6107d8618f521eb385998d2260df4d0e03ec15c7f3a647cadd632dfbe587
1401,1764562480.428311,0.000021389,0.000014607,0.000018715,0.000015599,0.000018304,0.000032731,6135c5b45e7f0b62843ce558b9c1410c6217d269aa6375f4f8caf231846fee84
1402,1764562480.429478,0.000019756,0.000014136,0.000024264,0.000015588,0.000018283,0.000033361,6945a08f438afcdc35b1541c3fe8fd6abd9016df19b674cf587721a8e0822552
1403,1764562480.4307082,0.000027211,0.000023573,0.000021740,0.000017432,0.000023614,0.000036978,6c96009069f1b0b7f0d82cff7b0176f5472acad572bb8ceaf1c98cc8ba2e134c
1404,1764562480.4318776,0.000021369,0.000016180,0.000030707,0.000016881,0.000022572,0.000035034,9b13bcdb60d4e7327ac5598c2dc4f520c5a7f6a83004d62e778853a91a436532
1405,1764562480.4329784,0.000021149,0.000014637,0.000020668,0.000015900,0.000019847,0.000033532,d3c7ce895ce777cf006e3a4982d7c9524d322e94b9135e59c1f664c5725a77cb
1406,1764562480.4341903,0.000020949,0.000015078,0.000023403,0.000017473,0.000021630,0.000035265,e3d132b19d1292dbe25afd7f4180c35768752dceb7f5cbd8fbd94d60990b2fa8
1407,1764562480.4355922,0.000021770,0.000015909,0.000024295,0.000016200,0.000022030,0.000036517,817695cf03238b3b3e495c740d06a460dfb9fc3738d60b65ce568962e7e4b03b
1408,1764562480.4367285,0.000022001,0.000018935,0.000019426,0.000015699,0.000019346,0.000033562,20d28fd943c29ee2e349ffa82b8665d65de51068568b84180a66929f3e27c326
1409,1764562480.4378736,0.000020077,0.000015820,0.000024866,0.000015298,0.000018063,0.000033081,2fc4986a0953f3644bd23650ea9ff90a93d1fc5eee148bac4af55b0995d4585d
1410,1764562480.4389975,0.000021109,0.000014206,0.000019607,0.000015058,0.000018665,0.000034033,af482bf78e3da8edfef7fd71a89d3e988f7fac9c28066b46be746e41e42bc319
1411,1764562480.440078,0.000020899,0.000014627,0.000019626,0.000015669,0.000019136,0.000033271,c6a0d05ffbe26aeb3b9d55420955d48f7064f38fb85af4cf083448a4b972ceb0
1412,1764562480.441309,0.000020528,0.000014266,0.000029785,0.000017453,0.000020047,0.000035295,b9df7bb14e7c4a03f7aac390ea4f751e62463b81bac4a44b5681f778fea547f7
1413,1764562480.4426012,0.000029324,0.000025026,0.000020398,0.000015599,0.000019797,0.000032399,b8862580956f5111d2512587b761e22cc6753704843c75f2037730f749a9b91b
1414,1764562480.4436736,0.000020858,0.000015439,0.000019496,0.000015408,0.000018444,0.000032180,dc653ebece3b0256680ef233e73376034218b7799685a18f1d58647da092407b
1415,1764562480.444771,0.000019937,0.000015107,0.000019827,0.000015158,0.000018545,0.000032781,8f227ee603be9c3db2c40d3a559d5b4ab7e8bddcf15aa20742c7bfd2a389b6f4
1416,1764562480.4462204,0.000020588,0.000014807,0.000024937,0.000021069,0.000027571,0.000049100,0ec1b1514a85270ab23ea7bbf8d3a43882390c4c2b7b1acf20e19f3efb9b83da
1417,1764562480.4475374,0.000023563,0.000015318,0.000027371,0.000021830,0.000025817,0.000039713,d3e076591d14b68c3d45727c36ad6ae70d128abfc80b856e424196685baaa76d
1418,1764562480.4489336,0.000025808,0.000016942,0.000025006,0.000018564,0.000025838,0.000042809,ff9e592e37c25dec31b20e42b12d273e0744057e592bb7195039b4a675ad1994
1419,1764562480.4503047,0.000028713,0.000021109,0.000026329,0.000017112,0.000030887,0.000043470,ab403a0299cb7f56b9ac84712265cbf38eaf63ca5e5f0f7c53b5b8ac70e27cbd
1420,1764562480.4518125,0.000021309,0.000015098,0.000020447,0.000024966,0.000044271,0.000046525,4e18c18b2db227104633f90aa1afc7589f67da8665f36ced3b69fd896e8ce74f
1421,1764562480.4530358,0.000021730,0.000015008,0.000021470,0.000018454,0.000027420,0.000036417,4db7814dfda736e3f4a5a0e519e510353b004d2bf363181107b4fda1985db84b
1422,1764562480.454632,0.000021119,0.000015118,0.000055573,0.000020618,0.000036457,0.000042329,19c6a247571ac856c2b8d1177ca280932f72b35ec645f31c259da83dbda80393
1423,1764562480.456416,0.000023383,0.000020208,0.000063337,0.000018564,0.000031137,0.000039482,43191e99778728a77624b834da6c7b2be07dc58d6c33af50ddc903b7952b9c05
1424,1764562480.4582036,0.000042168,0.000021450,0.000032810,0.000019586,0.000028423,0.000039723,65f4a8d78d7c1008c3528084848a299e501877c9b2d09a2eb65db0b0d6ef8e01
1425,1764562480.4612272,0.000032520,0.000025096,0.000034624,0.000061093,0.000091809,0.000126293,6be17e58dbc04d47dab488a1c30993415810c73fae5c22614cf83bd7934fce6e
1426,1764562480.4627812,0.000026699,0.000016401,0.000020367,0.000019717,0.000031207,0.000046586,e37fd2d358d9d5deb525122f3d923b8ddeb0244fbfb5eee075b0151e355f3120
1427,1764562480.4641478,0.000022481,0.000015819,0.000024555,0.000018664,0.000027741,0.000043360,8812d4deb3a90971655fa3dff35e9af6a6a2909f52fc189d47e3ae405765b890
1428,1764562480.4656234,0.000025417,0.000015779,0.000025898,0.000016711,0.000027441,0.000040034,acb1c8b24733338db5230e596b7a2e0cdcbb123967f965b6021a8001a956e1d8
1429,1764562480.467388,0.000023053,0.000015508,0.000020167,0.000034093,0.000061905,0.000052026,1779a37b698201edb8c50f83564a400a2f54f9feb13e4d42af171cca06c1456b
1430,1764562480.4689007,0.000020458,0.000014497,0.000037198,0.000016851,0.000022111,0.000034564,34a3c36bcc49516eda0067d0e843d33630625448f0b043e439fe2c8990920d66
1431,1764562480.4699817,0.000020848,0.000015028,0.000019115,0.000015759,0.000019276,0.000032380,bd3e857af5dc9bff89b2894581fed3d3b15988d132564a5050dbfa89189f56f1
1432,1764562480.4711294,0.000020357,0.000014787,0.000021650,0.000015979,0.000019376,0.000033021,077615727b8ce956c897d4a525757c645c1869d8cc89e4220c66b179bb2eb118
1433,1764562480.472281,0.000021640,0.000015087,0.000021980,0.000016560,0.000021028,0.000033973,d13868526d0d8ce0ad4d9312df4776806d5501445cbc1f22575cbca29b679b6a
1434,1764562480.474351,0.000021520,0.000014898,0.000023593,0.000026469,0.000071733,0.000098362,0a48b555e9e18d1caabeb073105111b4c7e0fa1467b4a389689778e51a49267b
1435,1764562480.475575,0.000023083,0.000015289,0.000019656,0.000015789,0.000023854,0.000034213,9969fe2457dadac6ed5374a5de9b370cab93686b3b7574f6b3195d1d637f91e4
1436,1764562480.4766865,0.000020948,0.000015368,0.000020247,0.000015689,0.000018664,0.000033341,f77c9559c206d02350e58c6b078b139dedff4a35faa8b87445e8c96f150156c3
1437,1764562480.4778252,0.000021560,0.000020328,0.000019907,0.000016020,0.000019626,0.000035014,e2fb125439f380948f07aa08139be6e5999ae3209a5c127353fd25515677e19a
1438,1764562480.4797325,0.000020688,0.000015007,0.000026880,0.000042638,0.000063757,0.000080598,be109852b7c4ac155d7af2c3025d6b0c2fbb3e12022f87c9f057f816f7b856ef
1439,1764562480.481138,0.000028152,0.000015539,0.000021429,0.000019696,0.000026188,0.000036166,8f18a329afb8f252369dad7f225dd3c17f05724fbfb5ebcd1f596a5e1ed66f77
1440,1764562480.4830122,0.000021390,0.000014898,0.000040234,0.000034303,0.000051054,0.000072474,920f9a2064cbbfb77f237d0a34586be04784369cb5c6e0577f3086a60748117e
1441,1764562480.4845765,0.000022381,0.000015859,0.000019496,0.000017602,0.000026419,0.000036247,8cae21a1aa24019820ccbce951ac05013d4c6955c2d01bad73638c70a1c1cb2b
1442,1764562480.4857028,0.000020618,0.000014807,0.000019957,0.000015819,0.000019466,0.000032851,a6303c1eecc1b6698d4b5e00f80cf15dfa5b13b06fb80126a0a36d766b7a1d3d
1443,1764562480.4868495,0.000019967,0.000016079,0.000019386,0.000017582,0.000021330,0.000035726,849441265f7a29502264ba92f587bb63ebcfd12d8a522f18e339d6a811093cab
1444,1764562480.4879327,0.000021489,0.000014617,0.000019396,0.000015829,0.000019345,0.000032861,3a9c4e916aaa0784440ca88846426e098691b97493b4162dd2256dc6e93e711a
1445,1764562480.488997,0.000019817,0.000014157,0.000019606,0.000015679,0.000018505,0.000032340,788c13cc02bba5fc9b4b6b448e604faf0f0b4f23f2239c3d6b8d779eaed0138e
1446,1764562480.4900944,0.000020127,0.000014517,0.000019606,0.000015659,0.000019115,0.000033943,c39f0e5e944fcf82f3951609d3b7c4052e6b2994b9cf52defb1bf902a4139e86
1447,1764562480.4912944,0.000020939,0.000014697,0.000021039,0.000019586,0.000027531,0.000039944,f5c89755c22800af9b6d33d057e9c8e0cbc3aac5da0c7ad6fb43f4ec2cec5666
1448,1764562480.4923825,0.000020468,0.000014797,0.000019626,0.000015419,0.000018875,0.000032850,948c895d36291849aa80de5049a0ec93069e383fcb9f3f55620c376b3bac4fcd
1449,1764562480.4934888,0.000020107,0.000014477,0.000019225,0.000015518,0.000019145,0.000032911,729433f13b15281e0871fae75f983899f45766c4f00a4104f5b6f2dca8f681e2
1450,1764562480.494595,0.000023373,0.000014326,0.000018815,0.000016481,0.000019816,0.000033001,083135dd79297e00c1e2f83a6d9b70fc2469ca93f396c312542e2cc18812d109
1451,1764562480.4956481,0.000019877,0.000014257,0.000018815,0.000015879,0.000018654,0.000032220,aac4268237503eb59faa53b9c59d2a3aa321c4ca9a7fc27d89c1f3cc388d56c6
1452,1764562480.4967444,0.000019606,0.000014527,0.000020377,0.000015769,0.000018495,0.000033011,87e6b9a4eeadcb6f5bbd68aa1a43537dd69fc8e87fc47d5580a71d1ebcc3d40d
1453,1764562480.497894,0.000027250,0.000015528,0.000020408,0.000016610,0.000020137,0.000034423,e48ed3d1c72697e52155b4c9b0ffb051449a9d1555867c8ead00edb370eeb5cc
1454,1764562480.499007,0.000022532,0.000014998,0.000019656,0.000015990,0.000019636,0.000034835,f03a9e5eefa77993392518ea210c98473d765e52e9e1bf85443714053a776686
1455,1764562480.500157,0.000020087,0.000014447,0.000019896,0.000018865,0.000024045,0.000050062,ee4fae9015174684966d4d05b6419f5ecc5ba8d3da6ea150454a56c8fe62fee0
1456,1764562480.5012972,0.000019876,0.000014326,0.000019356,0.000016691,0.000020368,0.000034985,bc49fe1fd9eb56685d4114f1ec3edace10b6f272795fa2bf7c9cc2e359687e8d
1457,1764562480.5023634,0.000020859,0.000014206,0.000019396,0.000015638,0.000018484,0.000033121,f8cfdda353ddcdc5fe185d7a3a8d8af5b79f563d39a92837a20971e7a117ce77
1458,1764562480.5034473,0.000019917,0.000014456,0.000019105,0.000015779,0.000020037,0.000033612,33bb15619392782d782c9f50d3fb548e4a94e96b94d09ffe2a7a755c16f55198
1459,1764562480.504515,0.000019516,0.000015178,0.000019646,0.000015299,0.000018614,0.000032761,17142c9d3209df4dbabba1b0246c5b47b15eaca9e3b7ef7b2da2ba886507693c
1460,1764562480.505907,0.000021209,0.000015068,0.000035836,0.000018725,0.000031238,0.000050864,f03b76a5c5e0faa8c76cc4a4225c37f61e051b0923138150211a103e101dbc22
1461,1764562480.5078738,0.000025988,0.000016260,0.000036818,0.000026659,0.000052858,0.000055542,69475357fca78a7238e75d10542e0b733f675734a3a1debbfeaeae7fbae34af6
1462,1764562480.5095904,0.000029915,0.000016580,0.000027160,0.000024274,0.000041026,0.000047959,5cc58d3761c8c1fe62a50eb200b440e1595482b2250c11419b70fda91e71946f
1463,1764562480.5123668,0.000024816,0.000017111,0.000048259,0.000027711,0.000056785,0.000057086,2e76f67c35baf4e37a261987c9fa95a1ecf1ab9a5627f6801f78b589fa709312
1464,1764562480.5147402,0.000044082,0.000031458,0.000031829,0.000026690,0.000056685,0.000069608,acf1eb094eeaf3207df859d40e23b30f983d9d5c6d50bb97930d9cb84a6ee66e
1465,1764562480.5161257,0.000027571,0.000018294,0.000020027,0.000018163,0.000034695,0.000052046,96c09d0c5da021764c7a41e81be448c11bd95796f4b3661f1277a161b2ff94f2
1466,1764562480.5172482,0.000021299,0.000015108,0.000019355,0.000016120,0.000019376,0.000033281,9e105090d6a9fed3d0fbfbbab1704dc38912d98da97abc510ea99fb227159ba6
1467,1764562480.5183568,0.000020187,0.000020328,0.000020107,0.000015920,0.000019175,0.000032760,b3c4d278d3fc5309496255c35acba6847249c1cf9862c72128c8e337e597ff3f
1468,1764562480.5194373,0.000025667,0.000015569,0.000019587,0.000015589,0.000018555,0.000033412,4e939c9c573f73fdbe8bfa3c4cd3f1dfc8b37b82dfd717199390d0242e78f3c1
1469,1764562480.5205214,0.000020248,0.000019155,0.000020057,0.000015529,0.000018614,0.000033121,b54e8d54f0c31180421ab3f17b2bb6b08b8860c20e902118f9c1e704c2dcecb6
1470,1764562480.5216682,0.000021570,0.000014607,0.000019936,0.000015489,0.000020388,0.000034113,e5f2aeeb597523d9447ba9a2c3e540fd3816b66874f3d1b883235b4cf18ed0b6
1471,1764562480.522823,0.000021510,0.000017132,0.000019907,0.000016301,0.000021780,0.000037579,793f03187ff5d9e92c7235dacc061b40c7f1e25bc63f3280eda2e77e5474ed38
1472,1764562480.5240335,0.000022601,0.000015118,0.000020798,0.000015789,0.000020218,0.000033853,800cba111a15aa45cc892fc4c4c6c1f205fd9978ad7a84248862b3ec57540682
1473,1764562480.5253112,0.000026549,0.000017322,0.000019736,0.000022762,0.000075990,0.000035426,5c57bc869f62ca27a60de08e455a59f39d1940941a378993465570debea197a5
1474,1764562480.526378,0.000020047,0.000014697,0.000019226,0.000016290,0.000019145,0.000032931,1607cbcb37becd7e4c298bf7f90e8d3ec2f66c4e58405e128512fc7b43daa1be
1475,1764562480.527464,0.000024044,0.000014988,0.000019316,0.000015609,0.000018874,0.000032781,95f4fc918f91dd26b6ff004e3abfc05fc1c6bb1bbc1e7be0f952474c36a6054a
1476,1764562480.5285275,0.000019827,0.000014637,0.000019366,0.000015589,0.000019326,0.000032710,e9a4048c11d639e804de553b57b2d2dfa06845c8c644834952e1750acd1b5f27
1477,1764562480.530337,0.000019677,0.000014497,0.000022171,0.000031168,0.000062786,0.000057697,e927c8a6b5f32d6723ee35731ddc797f7d30410e4a2a62314b6fa7c710563e09
1478,1764562480.5316095,0.000021119,0.000015348,0.000021440,0.000018694,0.000029013,0.000037680,a2017eb0d96a0b517736605533564bf484e9ef7816fb397057cbdb30af4e35f1
1479,1764562480.532928,0.000030306,0.000016610,0.000019896,0.000017502,0.000025157,0.000039633,05199668f7278342cfc40831ca0952f3e2ade473cf5493ccbbbca553086fc4a7
1480,1764562480.5340323,0.000019796,0.000014597,0.000020588,0.000015669,0.000018834,0.000033362,009a2798d5127d208e415e37008bf64e1875086f2ebf7618f1d74f2062589e25
1481,1764562480.535114,0.000020738,0.000014587,0.000019797,0.000015960,0.000018925,0.000033862,27300f67e7c0780659f0578e6f5791ea601fba5d4ad6239c0db8dbcc4c2a5617
1482,1764562480.5362082,0.000019956,0.000014697,0.000018894,0.000016400,0.000025678,0.000032901,2cb11e39cb029871ec7732e517e6d7138ee889111181b6701ce67c94cb4658c6
1483,1764562480.5372665,0.000019847,0.000014166,0.000019305,0.000015939,0.000018554,0.000032830,ccd0bfdda022e0ce5407d32abd8376dbd34d751f88477617cecc188892a91d08
1484,1764562480.5384176,0.000020648,0.000014076,0.000023944,0.000015238,0.000019907,0.000037239,9c0dac21aca46620859d4796e406938668e27e70cf1603c8b02d8686e13ce70c
1485,1764562480.5396442,0.000022462,0.000015057,0.000021399,0.000016190,0.000020178,0.000033893,5aa42d8ad38a81276fa20604c34e5165920b942811703037eb997a08f6f3e8d5
1486,1764562480.5410094,0.000021711,0.000015348,0.000021459,0.000017211,0.000022792,0.000035114,f3305add44dfb2f0562b84e730d1f065973895b87e6ddcc0ac61ac25f4a896bf
1487,1764562480.5422225,0.000021820,0.000016010,0.000022702,0.000017092,0.000019917,0.000039773,3897bea12d99606e389a7eabfce9e85c40a841e2fad9965caa31abcf137d0587
1488,1764562480.54436,0.000022271,0.000014898,0.000020177,0.000043290,0.000079556,0.000093583,8e648baf2a8fcd3e862fa1347a2b75bdc46be1ec3c6b00649412b037fbea06e9
1489,1764562480.5458965,0.000021620,0.000021720,0.000020238,0.000017242,0.000021890,0.000036497,fb55221259e99a30738441994bbba4dfce712cf22a30d706d86971bc2944df2b
1490,1764562480.5471294,0.000020357,0.000014717,0.000022131,0.000019987,0.000026008,0.000036067,8ccc8d0491af43d251d920059554ded4611897826ae2cc3541b043f173448ce7
1491,1764562480.5482414,0.000021540,0.000014938,0.000019606,0.000017032,0.000020618,0.000034053,bfea8c28048ea6b55f94819c5192231eca21a171ca647a2cd704db01d03951b2
1492,1764562480.5495718,0.000019677,0.000014777,0.000021139,0.000026108,0.000036899,0.000060161,015dc22151476be132a133d3b9b18817be13c5f5b51c757b2d55edf5e5c337ea
1493,1764562480.5507114,0.000021269,0.000014236,0.000019647,0.000016300,0.000020668,0.000034974,347412e5fa3f0f66531ef5eb010f3babe0f7f532180ee438b86497a649499d89
1494,1764562480.5517886,0.000020157,0.000016260,0.000019366,0.000015358,0.000018754,0.000032620,e0bb83c0f8d135345e5980532234122a74af2551afead72fd20f9b2918ce7d19
1495,1764562480.552892,0.000020678,0.000014587,0.000019506,0.000015249,0.000019426,0.000032771,c8f915b24a4f98d5b887b8578643a99f9cf307f718cf6785afdf63d284771f1d
1496,1764562480.553965,0.000019426,0.000014556,0.000019807,0.000015529,0.000018915,0.000032791,0db6ce22d95739ecd5b5a61efedad2bf7f39d585ba9be039eb517d0f440db87c
1497,1764562480.5550745,0.000019697,0.000014497,0.000020017,0.000015909,0.000020107,0.000033332,0671508ccc2cbc0c49befda39872a5a7eecffda3bcbfee05f6be18d0306c9259
1498,1764562480.5562751,0.000020298,0.000014988,0.000021469,0.000016801,0.000021600,0.000036207,9c992f19682af674820177702dfe7c7ea49597183a417d54c223515ae1263b61
1499,1764562480.5575645,0.000020909,0.000015229,0.000021780,0.000017352,0.000022111,0.000036407,011fc692e2a2518d6f2e4f6033d0eebf8cb1e79b5c3302147b0a7304261f26b1
1500,1764562480.5595064,0.000020568,0.000015238,0.000019626,0.000031728,0.000068847,0.000053179,3bc1e38a12ad71045df9dda5380027d729a9bccc58479826bf538d16d941572e
1501,1764562480.5606341,0.000020367,0.000015027,0.000021209,0.000016600,0.000020207,0.000032881,1b1ddd365238ec3dc62511463500f222825879c65ddf1376922cbcc8eb8a4fb3
1502,1764562480.561767,0.000021109,0.000015448,0.000020087,0.000016701,0.000020648,0.000034343,a8054daec2db4f119d64d7d0f59f3af00ab1b1a0920416db1b0a4493139e8325
1503,1764562480.5628896,0.000020047,0.000014828,0.000019667,0.000016080,0.000019456,0.000032550,26fa1fc4c5f5ad4d5f922778a35044e48028248a5d55a7f3f117e8a7052ee178
1504,1764562480.5640574,0.000020238,0.000014597,0.000023964,0.000016530,0.000021450,0.000034674,53977d4366e2e9d0c71f3102fc64763be3f8be93eeea4e30db440e8d78bb550a
1505,1764562480.5653608,0.000021059,0.000015839,0.000022521,0.000016801,0.000026589,0.000043941,df62900f7a82bd6f9d674fad4a3d31c28b0a7eef717b16e4671a4e1b396e782a
1506,1764562480.5665073,0.000021099,0.000015449,0.000019987,0.000015829,0.000019716,0.000058317,f317bae5377cc9be26c21c5e6d332cd2c945e8b731d186a93674692bfa196753
1507,1764562480.5675788,0.000020187,0.000014817,0.000018634,0.000015639,0.000018905,0.000032901,18b0c3e15fa1629217ad2e0d309319ece22c14db36becb34563680b690136403
1508,1764562480.5686579,0.000020698,0.000014567,0.000019987,0.000016039,0.000019286,0.000033933,0a9bb5906d60c5dca096d866cfd06e73309399349ec1a68b9898ff0fd6184246
1509,1764562480.5700243,0.000026339,0.000016952,0.000026188,0.000017523,0.000025778,0.000040334,59da71b5685c8921aa88b0c09e5b1223d9a58cd18dbafe109877e99ea7d963b0
1510,1764562480.571407,0.000032780,0.000015849,0.000020669,0.000016922,0.000023363,0.000046346,0d7496dda0727289164af8e8304bc31d7348cc1e4ddf318a6ca0560c00e3097a
1511,1764562480.5725498,0.000020878,0.000015038,0.000029194,0.000016600,0.000021590,0.000036958,b8a9b8d22ef793e5bcbe31a5c436388740bbbc62ea33a07a9fdf12690326eecf
1512,1764562480.573683,0.000020768,0.000014507,0.000021038,0.000016651,0.000021029,0.000036146,a9ee958786e95773660b850941f6591eca584efdf4938073678ce175082fcf8d
1513,1764562480.57476,0.000019837,0.000014727,0.000019266,0.000015689,0.000018745,0.000033041,5c17ed0324c920912a7cfc6d6a841b812e03dce24af02773840edd847f2c0bda
1514,1764562480.575857,0.000020188,0.000014797,0.000020999,0.000015850,0.000018464,0.000032981,6809e25381e46b84b118350fa6beb3f96a84282e7f0fec6029ef76f45d1211ea
1515,1764562480.5772274,0.000020298,0.000015469,0.000029805,0.000020007,0.000032369,0.000045164,8de14298d3aacacab9561f7a2c7db775a3f96df346ca897ea7d84eced5a555b9
1516,1764562480.578718,0.000021359,0.000016039,0.000020207,0.000017492,0.000023113,0.000035085,68aa1e2c01e868244c4119bf37217bd08c7c2b954b50406ebcbc7418e17b01ef
1517,1764562480.579924,0.000019866,0.000015679,0.000020358,0.000021320,0.000024726,0.000043069,2795dc58cbc3e0e47f8be85dbdcd235b2adf8bf73c9a1ec41415a9c8d54f5f6e
1518,1764562480.5820744,0.000019676,0.000014888,0.000021209,0.000045083,0.000083475,0.000088513,e8adcd59ba7686e7752e753ca18de5e56f1738d67b148539a3276187240e1084
1519,1764562480.583764,0.000020067,0.000014647,0.000028102,0.000024786,0.000046376,0.000045184,1fd31892c35860ad3dbb39960c3438ea984af026a00a783353a50eadde904261
1520,1764562480.5852995,0.000022061,0.000015960,0.000019546,0.000028362,0.000052887,0.000052227,4099db47fa2160c3ec44a5fc7f773ec02daf094374d5e913e64fd992a16400f3
1521,1764562480.5865493,0.000024785,0.000017703,0.000022622,0.000017011,0.000023684,0.000036648,3819e35b542035c50acb829d8d959040fdde612181bf11cb43f5d80da3e28f9a
1522,1764562480.5878026,0.000021620,0.000015048,0.000022271,0.000017893,0.000023714,0.000038992,c2813ca58ecb1184073584c56104b7c36f8e67218e417d105a1f8b23d71fd787
1523,1764562480.5892582,0.000021860,0.000015579,0.000039864,0.000017994,0.000028502,0.000047758,3ff7e9af9fce063f7004e9880bd46707c594e26644935252fad15b63cac9e496
1524,1764562480.5906303,0.000027891,0.000019165,0.000027370,0.000018905,0.000025688,0.000038852,b9df53c7e219f8ff0cde7978865532715aac8e97957b3eb349124fc15ca47e10
1525,1764562480.5925796,0.000024776,0.000021270,0.000031378,0.000024245,0.000044472,0.000065481,fec7bce6c8d9761a69f5e758361db46da9c3dedec2e7aa0e2878e8a34789038f
1526,1764562480.5940375,0.000024886,0.000016600,0.000023594,0.000020257,0.000030657,0.000050684,54fdabbd262232c98510f23c200033e3372d973118d39258fd00ebc8c4be4842
1527,1764562480.5952446,0.000023423,0.000016481,0.000021770,0.000016341,0.000021239,0.000036898,cc10a4ff45178b91a4cc9b32cefad56a01736e0a95e2459fdad8d0b86c7c4ebf
1528,1764562480.5976279,0.000028904,0.000018434,0.000028243,0.000042449,0.000085368,0.000081180,b63572ade0d8ee68369921d94e375df1a1e79ba6890969e3b6eed06ea5efecd5
1529,1764562480.5994585,0.000023143,0.000015759,0.000030917,0.000021820,0.000039022,0.000048459,b1c2b015f18194e39bb6657f609dcf562568926a84985ee813aefd4c566d4b0f
1530,1764562480.600794,0.000026269,0.000017843,0.000020027,0.000018885,0.000027220,0.000038992,605364e7a0a31c9687b520e983aec9eacaf794aab23a0cc7e75ef03bccf0fb26
1531,1764562480.601958,0.000021830,0.000014798,0.000019686,0.000015990,0.000019436,0.000033802,ffce03d63b4894892c9e3f1c54e51629bd59ba64405bc505bdc6fc387b694395
1532,1764562480.6030486,0.000020338,0.000014437,0.000019426,0.000015970,0.000018935,0.000033041,f088fefc314885356b93a6dca384c10295ad20859ef2ded7e3f77ee11a47083c
1533,1764562480.6041336,0.000019767,0.000014787,0.000019196,0.000016180,0.000019206,0.000038551,83f7d4d635197a9376a37907d73f7dcf0270dc5e43fa7ee52e14dc78520bbc82
1534,1764562480.6052825,0.000022241,0.000014707,0.000020568,0.000015900,0.000019255,0.000033742,ffd351a243668bb15a254483db08b86fa14a900be1aa4711bcaa857dfba75d9e
1535,1764562480.606618,0.000021159,0.000015368,0.000021159,0.000017302,0.000022832,0.000039913,0885251175a70fc3e37e447cd5894494bbb8897adaee9fa7411eaa57faba91ee
1536,1764562480.6078887,0.000022331,0.000014737,0.000026529,0.000017442,0.000023373,0.000038020,cbc85170747da75a5d388ae94c412af8589b989556e0bf84d4545cbc7f60017d
1537,1764562480.6090446,0.000021049,0.000014567,0.000019506,0.000016410,0.000019867,0.000034704,75ece072a205c2d76ae653d3426da36bd4ef82c2e9adcb6d170334041b7a4f0e
1538,1764562480.6101158,0.000019997,0.000014437,0.000018945,0.000015679,0.000018785,0.000033161,8e5d169cd3cc8e010e0edddfd6e64d9e6f0129cb597fbc6a0fe87a7bdf3f4955
1539,1764562480.6111722,0.000020377,0.000014206,0.000018675,0.000015619,0.000018274,0.000032701,a8b3747e610136e74c4832e731562bc088eb5487737b99e9ce5e06d5140bcc30
1540,1764562480.6122465,0.000019285,0.000014156,0.000018373,0.000015559,0.000018624,0.000032860,4fdcdebf2a47273b1cd0aa0055e44eb3e2a4a3a9ca05dab71c1fdef3d0bd3983
1541,1764562480.613336,0.000020158,0.000014156,0.000019997,0.000015759,0.000019085,0.000033021,d660ec20f2533de88ffc642f4cb2b0e98186aacd8a2a7ea05fb0be36f3d42204
1542,1764562480.6147938,0.000020317,0.000014547,0.000024305,0.000024586,0.000036287,0.000061524,2ace3f70df3dd3fb8f2c1dcd7a2074edbdd81f5cdf3129dc4230beb9befbe546
1543,1764562480.6161072,0.000022792,0.000016149,0.000020258,0.000017132,0.000024545,0.000035455,8ee9ff6211790ad51153422392975feba88160df806329c6a1aadaa5c0e77b80
1544,1764562480.6171954,0.000020328,0.000014907,0.000019827,0.000021400,0.000019055,0.000033412,3ef6dce13657f0be51a59aeff045298db530bc416c4971ab639d61630bb33611
1545,1764562480.618243,0.000020808,0.000014297,0.000018895,0.000015609,0.000018544,0.000032621,f01f81c1865bc02096d6c371d4fddf10fe903342dbb8a6891aacd89aa898ad54
1546,1764562480.6193247,0.000019646,0.000014647,0.000020418,0.000015769,0.000019386,0.000033312,0ba26d3bf756b27e58a05afe444d0e330b529f16572e22b646d0e9bd1da61768
1547,1764562480.6204972,0.000022561,0.000014787,0.000021299,0.000016100,0.000021129,0.000033803,e607f73b239a1752714879552cae5428861749716c5b94447607c40995a0a558
1548,1764562480.621857,0.000026549,0.000015899,0.000023232,0.000018514,0.000027581,0.000040054,9fbf03941414731299837162a87308e3f8ee525d3c04eab38fe14bfc7630bad6
1549,1764562480.623467,0.000021940,0.000014928,0.000027090,0.000040465,0.000042518,0.000065020,a752e54c6fd0b3ffcbf43218607baa98cd3ab82a3ef353a50190a0764c3884fe
1550,1764562480.6248078,0.000023574,0.000016480,0.000022862,0.000018053,0.000027330,0.000038812,af41300f995d4261d53eade04cb9ecf2028be99d0ceeca34bbd73f8f4f080467
1551,1764562480.62713,0.000024445,0.000016841,0.000033712,0.000029775,0.000050313,0.000062666,cee5acbd7bdd0e010dbbe19fb81061c89d7de7770a053b9ec7b84207e6df16bc
1552,1764562480.6301455,0.000026229,0.000016871,0.000048880,0.000044683,0.000093002,0.000126804,7092e967d38d5733c941a91f14860e168407ab9852ade6171d39f5a4a6deccd4
1553,1764562480.6325178,0.000035425,0.000018976,0.000053990,0.000031859,0.000041406,0.000061834,d5a9c71372dd5305a87dcf7a4af25a986e9879a3d338726fd90c25f1580d6b3e
1554,1764562480.6343837,0.000035185,0.000020187,0.000030005,0.000019266,0.000029575,0.000040785,d28051ef77a93831680edcd63a6c843b14b5c4ad2547cd7462c9bc1decb0da00
1555,1764562480.635869,0.000025186,0.000017883,0.000025437,0.000020517,0.000030155,0.000042308,e25c85474964e21d37b022ee7eda7c6604a905581dbe34f82d992afe995fb1ef
1556,1764562480.6373053,0.000024686,0.000017563,0.000022401,0.000019926,0.000033922,0.000043290,231a7c5b3873403338ba5b3e01930861e1531a0e3d938203aa093e59bcf5392b
1557,1764562480.6398098,0.000024105,0.000015739,0.000035766,0.000049041,0.000095025,0.000087842,3f5e850bbd22e44e0f8cd7311013db24707759f8dd5df4cc8d019f623d4a8774
1558,1764562480.6419573,0.000032029,0.000021018,0.000055903,0.000031127,0.000109463,0.000061374,b5c9c93e084e0b25495801e9372dfdd26a15c54d469f893a3c2461aba187d73b
1559,1764562480.6440494,0.000043531,0.000029886,0.000024485,0.000021860,0.000042398,0.000053599,a86a96981395e3b0b3e469a33ecea06154fcd8eab5bf16945225ed675f7cc8b8
1560,1764562480.6454597,0.000029685,0.000019396,0.000020638,0.000019707,0.000030436,0.000040515,8c95d4fb01a94077cc1347076ca4b800b47e0e328cb8f7dc3804b0165d26c260
1561,1764562480.646612,0.000021049,0.000014777,0.000020658,0.000016591,0.000019797,0.000033402,5b1d83a66bda3d540149cf1939f532b432bcd7ef4adfb2982dc73a9d45a8d917
1562,1764562480.6478732,0.000021660,0.000015198,0.000027180,0.000017973,0.000023754,0.000037960,b2e70dfd387819ce3b53a1310dbfa8850794942b8213af078fa904697b5069ec
1563,1764562480.6495857,0.000028643,0.000020939,0.000036307,0.000020087,0.000029885,0.000039403,954427b684a8951f451986c1109300f35a12d5b71a024ffb76b48a55b88bda43
1564,1764562480.6513767,0.000025207,0.000016591,0.000039152,0.000022782,0.000032339,0.000068387,edfafb40f246a4f6b7360fb74131663d570d6f70bdae93a65edae2591e305e8c
1565,1764562480.652821,0.000029074,0.000017251,0.000022331,0.000019296,0.000027521,0.000041637,43300099e6fd7318037eec713988a63d785461f0aa6c30f3c7346e370e954abf
1566,1764562480.6540158,0.000021490,0.000015288,0.000020678,0.000016791,0.000021970,0.000037700,94cf0dc92952e9e8059ddbe318f40b37cc6f021be9576636e6d3c564d0308edd
1567,1764562480.6566665,0.000021119,0.000014596,0.000058809,0.000052878,0.000094945,0.000098411,d7cbcab71e7b60880f4945ee3a2e8b10ef1fc391c018b9adafad5a263495ec59
1568,1764562480.6590562,0.000042339,0.000030666,0.000040535,0.000027892,0.000054872,0.000072323,d96ad9262f9355739ee3045040b654e4f2ea246c0e74cbef96444ab77dc78ca9
1569,1764562480.6608596,0.000031879,0.000018234,0.000020939,0.000021239,0.000037870,0.000050673,8787e42c5dd23779ecdc48ea3f9e4e6d4447e9284edfd1985c3c0fa7c3f6b76c
1570,1764562480.6620276,0.000021600,0.000015408,0.000021049,0.000018935,0.000023533,0.000037069,891eeab09414441e5ab4d972d9f641a7c038789e348d56c421d90cb86ee36c89
1571,1764562480.6634846,0.000020798,0.000015268,0.000042008,0.000017442,0.000021009,0.000061544,50ab67fb652dadcfa58147d1e785d4f3c2adcc5cd21bcb87626f0d3404222441
1572,1764562480.6655166,0.000041637,0.000030456,0.000035215,0.000025898,0.000036467,0.000044322,7f8cbc0d7aefad6e64d34f63ce2f00650569dc09e8c855798aef7ae8f489be63
1573,1764562480.6669762,0.000026469,0.000016180,0.000026880,0.000024495,0.000036548,0.000050403,eb25ac5490fd01dc47b8203a070dab437495328c18abc854818bc9b50796c39c
1574,1764562480.6690383,0.000022592,0.000014937,0.000021600,0.000028102,0.000065912,0.000059851,c0d6eaeaac6cb0674463bea7a9e20bd5407c2bfe60f745c2f51baf595bf73640
1575,1764562480.670657,0.000020678,0.000015088,0.000020087,0.000033952,0.000040675,0.000065832,2761c992e2948b93e0e4dceaa9fe14a44a51f5d6654a5c5d36720374b144133f
1576,1764562480.672993,0.000020448,0.000014767,0.000026519,0.000017542,0.000021991,0.000041457,02c4282dd23cec1aaef4fdb31fae2c1e337bd63d48bf8ec6af0ab103394539a6
1577,1764562480.6750467,0.000044472,0.000029114,0.000033682,0.000033041,0.000088052,0.000045264,dffeffa813fbf9907cee34897ef8fa716fe34d6896475ef0834d385cd1f26a6e
1578,1764562480.6764185,0.000022191,0.000016140,0.000021970,0.000022902,0.000028282,0.000049742,866ccafb7db384c107bf41ac54f3e14a0d141091c05678e59b11814282331e7e
1579,1764562480.677581,0.000020688,0.000014416,0.000020668,0.000015869,0.000020047,0.000033081,260465274ff9f5df264ae56d8e4f103dda28418b47ad1aa03a29c8042f959b93
1580,1764562480.678677,0.000020698,0.000015028,0.000020888,0.000015208,0.000018785,0.000032941,4bcf55b857925eed54a6c8fe14ddebcfa7aa1a6ab4efc6037a357749741bef68
1581,1764562480.679947,0.000020528,0.000014817,0.000023464,0.000021470,0.000025938,0.000039844,ea992d29a894e8d96e809dddad7357295a757f6a49caea7b67c16b3db4f14150
1582,1764562480.6811576,0.000020848,0.000014978,0.000019877,0.000017723,0.000022301,0.000043520,2abe8a437e5dae959be8f88a9ec24d5d0334dedb4c5e8d7510fac6caf27b0c3d
1583,1764562480.6823387,0.000020427,0.000014677,0.000020007,0.000016130,0.000020027,0.000040595,76111d089b9212f78413ac4caa0ce60e77bfe48042976bc02d38dbdddacbc9a5
1584,1764562480.6834354,0.000020478,0.000014667,0.000019556,0.000015909,0.000019375,0.000033001,d329d1012cc8d31e9808c8a67ac1a34b82a159e20cc4eb90c681c32281335e5a
1585,1764562480.684543,0.000020107,0.000015098,0.000019295,0.000015549,0.000022933,0.000032651,248b618abfbc6a9997bb3aba3429c00e43933bad067fee17bdd11d0d1d4eebbc
1586,1764562480.6856987,0.000019777,0.000014807,0.000025457,0.000017503,0.000021640,0.000034845,57d043edfbb5e150aceabba4f36c5cdcb621e915ac144634600ea8196b6a4074
1587,1764562480.6869833,0.000022783,0.000017151,0.000020939,0.000018213,0.000024054,0.000048840,97b6b21bc3cc4263ba22394406bf453aa3b1dbe045d12b95f3951b1327692980
1588,1764562480.6881623,0.000020127,0.000014967,0.000020618,0.000016731,0.000021851,0.000038481,a8a566ed622ca7d7b53ad6293baf6a8e9b4556f8d429bfb919a48f2cf1b09657
1589,1764562480.6895344,0.000021249,0.000015499,0.000024025,0.000020758,0.000027661,0.000038671,eb7ce5f412c9570cbb0928a452031bb6ce4bafc9023e4fe03876546881944b14
1590,1764562480.6906939,0.000022031,0.000015048,0.000019546,0.000016460,0.000019807,0.000033462,b4017a1b5171cf842617ec27fe10450e3a67d1e3f8c57a20533f6ff86ad1354e
1591,1764562480.691842,0.000020508,0.000020427,0.000019315,0.000017552,0.000019506,0.000034905,a4180c69b1e414adc45355f68b3683de413101cbb1a88871ce366c36d1395e23
1592,1764562480.692927,0.000020708,0.000014277,0.000019025,0.000016300,0.000019937,0.000033031,ef79900479048b975a27b269a2d8306234605c493cb2664674fcfef76041a20c
1593,1764562480.694012,0.000021109,0.000014227,0.000018975,0.000015699,0.000018945,0.000032701,7c3b3e4b8dd693152f18573f0e97a3732c281f317d9b72ba5ee8f1ea0de272f3
1594,1764562480.6950967,0.000019726,0.000014157,0.000019155,0.000015609,0.000018675,0.000032630,3b18093aa97a757636db36020de8b7e1e1eb82f225df152138de5ec082e85c10
1595,1764562480.6961741,0.000019616,0.000014567,0.000019426,0.000015739,0.000019456,0.000033081,6915ba86d1204debb2a64708f8dd23e61f15ffe5c329ca8af689c2b329ac3d31
1596,1764562480.6974156,0.000019986,0.000014517,0.000027631,0.000016941,0.000021450,0.000033843,b4830d01a7ff833e764170b8c46d57b3b377848892129dceb058de4ff08ec6aa
1597,1764562480.6986752,0.000022692,0.000014757,0.000020969,0.000016130,0.000020889,0.000035165,703dd9c7a80659124bb57c1a4a6c73a6e85297b52e2fc009cd3625cf4a440543
1598,1764562480.6998653,0.000021900,0.000016180,0.000019917,0.000016240,0.000022391,0.000035886,5866ae4179e7447886cc27b6aa3a4592c798b1c5e8fb6bd1fc965b24ec5881dd
1599,1764562480.7009926,0.000021049,0.000015088,0.000020017,0.000016611,0.000021900,0.000035225,d54094734f1fb874776340c19b3bac52a63c72404069911b3f58c82bad67d229
1600,1764562480.7020953,0.000020668,0.000014828,0.000020467,0.000015709,0.000018824,0.000032951,cbf32b64ac32af4bc23755da7ca17c926cd2660447b08d076d1a9f1cb48e93dd
1601,1764562480.7031698,0.000020899,0.000014808,0.000019576,0.000015128,0.000018475,0.000032300,d7bda5be37863fdc0c623c3623b017a94f0e7061f3b628d5829d68f832944ef6
1602,1764562480.7043495,0.000022502,0.000022452,0.000020247,0.000015990,0.000019125,0.000033131,8b000684af8b87f04b46f85310c8fded1abece5a726f9a954c7a05902ace9cac
1603,1764562480.7056203,0.000021529,0.000014396,0.000020538,0.000017502,0.000021550,0.000037339,0ff6b07e4031047dfd8d7c53ff41deb3a31972959f190dae85b51547bd5fad2e
1604,1764562480.706926,0.000026349,0.000020107,0.000021650,0.000015900,0.000023924,0.000034814,a9116d85a36a64cb7f7fab20a76c1be6ce6aa39320559666abeeac911bfb9e8a
1605,1764562480.7080266,0.000021660,0.000014747,0.000019777,0.000016480,0.000019155,0.000032670,315271ee7d0d84da17fa7c54767e305dfd156258453f419a738385e91e741c5b
1606,1764562480.7091124,0.000020868,0.000014356,0.000019426,0.000015629,0.000019115,0.000032771,554042a889e2391c7f0db0c9d8bc0ed24e92411e135317707b5c7bdcd36b56ae
1607,1764562480.7102442,0.000019937,0.000014817,0.000020809,0.000015940,0.000032590,0.000033222,4fea1ccfb0d904b3cb4e9979237344a15cacfce1f76a1b15863572d8b422a570
1608,1764562480.7115552,0.000020969,0.000015268,0.000066182,0.000017593,0.000024706,0.000041978,fc7b8acd464d67d4ecb52fd2d6faacd7b5a9a8b5fd65a7134d23485480910183
1609,1764562480.7135606,0.000032430,0.000025407,0.000031498,0.000025948,0.000041307,0.000050733,138ab0a7c344e26de272d07e5bbff7b83b314535ba63f9a57fd65985774d1825
1610,1764562480.715022,0.000026018,0.000016139,0.000027751,0.000020358,0.000027561,0.000040956,8b7695d7f1ecde31eca03c4714bdcc271ca70b17f0f1b4c4444037636fb0f401
1611,1764562480.7165942,0.000025857,0.000016891,0.000035777,0.000019496,0.000028082,0.000046346,684d528dd53f0052aeae58974b1ea1215bfb2f12ac1a9e2d91ffe650be90b9fb
1612,1764562480.7179828,0.000027992,0.000016581,0.000021941,0.000018705,0.000022522,0.000037209,a05872ecfb41b0c7e2ab49c9d04207b543b39db110224af439e16b0bd6ab53e7
1613,1764562480.719101,0.000021189,0.000014948,0.000021009,0.000015578,0.000020768,0.000033783,d544f66abf244214ce9bd1cfda20a7c80b1b4cf8c7491e9d450e289990337979
1614,1764562480.7210371,0.000022402,0.000016049,0.000053859,0.000027301,0.000042459,0.000062055,087a0aeb9b825276a3469c14682791a139b14b24457e9d6d74b7515cac1510bf
1615,1764562480.7237155,0.000039112,0.000019486,0.000035084,0.000050955,0.000089185,0.000103752,bd498cb2f97985289baf28e43677d840a0c8e89a82519dd74240bc1c1f0bf0be
1616,1764562480.725546,0.000052337,0.000017292,0.000024155,0.000022351,0.000047989,0.000106116,5619d8c59cee0129a5dea20bab1c7c1f9c7ad1d097b6345f96fbd715a19b194f
1617,1764562480.72707,0.000025006,0.000015649,0.000032731,0.000021239,0.000033702,0.000044171,b3bf42aee8332d640378e668bfacabbe0cbbf0a4dbe02b77b68818a7d70d6272
1618,1764562480.7286851,0.000028172,0.000016961,0.000033422,0.000022622,0.000035205,0.000062546,37a6cbbed677d7bbcbfbdb6b763d355d08077a0bad92946363223333d99f2ea9
1619,1764562480.7302556,0.000028813,0.000017051,0.000036798,0.000020608,0.000030386,0.000054030,c561665fe5c75cb9853d294505ba77deab79cd20ef62db1d9fbcfeddaf1379c8
1620,1764562480.7317207,0.000024656,0.000015409,0.000021270,0.000019345,0.000026028,0.000049872,266272775a89e6164f6ba7679b04e01bf4a9ec15cde5d7a0dde4610e328a3fa2
1621,1764562480.732898,0.000020498,0.000015319,0.000019236,0.000016731,0.000022351,0.000034794,3d3934746d208de3c4e9684ef368e130224e0f3574a48b974b936cbb5e0b85ab
1622,1764562480.733987,0.000020548,0.000014667,0.000021099,0.000015568,0.000019295,0.000032961,d531bcca5cf503fe529908bf1aef30faf5bfb02318185a3adf2c0d736a12e07c
1623,1764562480.735174,0.000020558,0.000014878,0.000020909,0.000018073,0.000023333,0.000044743,22ba02fa0b2735ccd7ff90ec0843ac0c2cec8b280e442704142c5d1a0a127ff0
1624,1764562480.7363925,0.000021400,0.000014667,0.000020058,0.000017723,0.000025727,0.000038201,1a8616c471894e414000fc2c31df065bb010d55a44a0045fa830567178433f37
1625,1764562480.73748,0.000020238,0.000014787,0.000018895,0.000015328,0.000019406,0.000033242,456d962c55e411a1fd0d14daf06bdab4344877f56551a5dc8ee371e1e99f6238
1626,1764562480.738587,0.000020047,0.000014647,0.000018584,0.000016030,0.000019606,0.000032890,b31c8ed9b32fe9329ddb8a4a74907f19dcd45ca91dc733858eb622aa591609a5
1627,1764562480.7397363,0.000019686,0.000015378,0.000025297,0.000016931,0.000020698,0.000033632,b13a0836c8fd25788de5d149315c5d2f077e0086a530d917d941c178c7db070a
1628,1764562480.740893,0.000034063,0.000015288,0.000030987,0.000016390,0.000018975,0.000034153,9c51ee9fbc1db5e2eb9c3005f2aac16e48e11c808936b40b37044f35e9d9f230
1629,1764562480.742029,0.000020437,0.000014426,0.000018965,0.000016270,0.000019987,0.000033852,073f1e73a3b349e09caf5ced3fe064883e7c85d2c031ec915478b73c5fcef5f6
1630,1764562480.7431238,0.000021139,0.000014467,0.000019256,0.000015709,0.000019597,0.000032900,6a6ed758f6698d84cd0b1883e1aacc7e708ae0a2dee6bd260624761da3e94eb2
1631,1764562480.7441854,0.000019937,0.000014697,0.000018835,0.000015258,0.000018304,0.000032660,9d05250b7f881f9d2589684ab9222624f5bacb4fdd387f38f25edecd672870bf
1632,1764562480.7452698,0.000020768,0.000014456,0.000018865,0.000015399,0.000018935,0.000032891,1d9365ae43009de8665f6942b191564444dc09d537ace8e7a1ab2387c9022b8a
1633,1764562480.746598,0.000019727,0.000014337,0.000040184,0.000018113,0.000025216,0.000037579,9cd97b8e7cf0b127ec250717fe05194867e325cb92d9551794264477a0e8575c
1634,1764562480.7482154,0.000029375,0.000016981,0.000026098,0.000022271,0.000037088,0.000057646,b8facdcdca7e0ee3377dde5fe0c079a07ab678016cc8fdf6f3a6534c1f810d42
1635,1764562480.7494318,0.000023503,0.000016199,0.000019566,0.000017592,0.000021159,0.000037850,a93c155fa0cdd6e3e9f03a09bcb0978b42cd81779ea741e280a81d391ffef845
1636,1764562480.7505007,0.000020057,0.000014777,0.000019116,0.000015298,0.000019206,0.000033201,27e0eb192d3d28889bb628d7e240e606914bf6e92a7a3322752c11630fc95b41
1637,1764562480.751551,0.000019997,0.000014196,0.000019245,0.000015368,0.000018925,0.000032721,e50e8f45a8befffd5d6a6cbba5fef256d91708cd348c22cc1cc2a9e36c09c8ea
1638,1764562480.752613,0.000020268,0.000014186,0.000019596,0.000015519,0.000019085,0.000032961,3a81975a89935a90ac38bf1fdffbe161bdc1deced70a2d131a8d7cbf31196b60
1639,1764562480.7537217,0.000020328,0.000014196,0.000022151,0.000015549,0.000019416,0.000032730,12416150b00f5f644b0da4fef1ef12e6411f55afe1733823eff7948fc3a5cd97
1640,1764562480.754826,0.000022441,0.000015849,0.000020558,0.000015228,0.000018575,0.000039142,48ee54525e06f94b2a922856b36699b9bcfa828235063d1def253a197b019053
1641,1764562480.7560167,0.000020398,0.000014747,0.000021970,0.000016550,0.000022241,0.000034985,72c941a17c577c93345e5d3f05eb5bb3b6cc70219b53150d69c0de7bb05dd1e1
1642,1764562480.7571616,0.000022000,0.000014837,0.000019016,0.000016150,0.000023323,0.000042889,12aff87f494aadcd89786010509815064efde5c0abbe12dcb3b39dce0fb449ef
1643,1764562480.7583067,0.000020278,0.000014798,0.000026188,0.000016250,0.000021260,0.000035656,705b7045dd3254eb6ac2b96be50c98d7006ca22eee751354a7f8c474bd15ab7c
1644,1764562480.759436,0.000021810,0.000014597,0.000018955,0.000016040,0.000020558,0.000037650,2a5105c19145726ca0e54d0ef6dc55eeb399c569d03f6c95e8cc01267304e379
1645,1764562480.760544,0.000019747,0.000014386,0.000021329,0.000017081,0.000021410,0.000034483,a90ef50e6f47eafd70231f362d215855fbcb793c1f926b4143e1ec324b81e021
1646,1764562480.761722,0.000021339,0.000015098,0.000022592,0.000017242,0.000024205,0.000036247,54c062a3363b280c990bd7981acb59f3b30744a075627f80e503cd3cda84759b
1647,1764562480.7629592,0.000021029,0.000015859,0.000021860,0.000016430,0.000023854,0.000035496,a4b515130e2732d5b46abb27fe64d7cf9e70843e6575bc2dff35c0dc4c136538
1648,1764562480.7642903,0.000022452,0.000015198,0.000025577,0.000019856,0.000028473,0.000037630,9eb0155743fa5a3440932f4abdd40497783796ff19201e59f5e029ec6e27a5a6
1649,1764562480.7661836,0.000046917,0.000030556,0.000021620,0.000020117,0.000027200,0.000048720,34b0dd66ab8d948b38aa153be416ea6a108c0b218113060ff8325c7b3b584539
1650,1764562480.7673457,0.000023052,0.000015078,0.000019596,0.000016080,0.000020358,0.000034263,92e5e1120ce60a682efdae76d6eee819f2e1da649080fac4bdaa33ac22b46006
1651,1764562480.7684383,0.000020437,0.000014647,0.000020347,0.000015228,0.000018494,0.000032751,e66031a7bdfe3153df351569c9631ff119ce43e17dda97596e6044ee2d329bb6
1652,1764562480.769515,0.000020768,0.000014798,0.000021850,0.000015098,0.000018914,0.000033763,0beac5198f3013562a91a8043a69297d78a18703aeaa4fed8ecfb653eea88e98
1653,1764562480.7708013,0.000022041,0.000018534,0.000034184,0.000016851,0.000021600,0.000044132,173c0ef25fb625d18e4236b08ee052a843dd500aa5b02c8b4075dddb7f964959
1654,1764562480.772507,0.000032880,0.000021830,0.000026359,0.000022231,0.000037950,0.000056154,dc227c1a09707a1458dd27cd9ece845c03ccc8da046077e33bf66ecc8ac91b49
1655,1764562480.7737782,0.000023514,0.000016250,0.000020367,0.000017673,0.000026038,0.000041297,b6df45e6f7310c812fe530af3d67917e6c3ae7a35923f9f11f2aabc7d53e4410
1656,1764562480.7750208,0.000028913,0.000015970,0.000019736,0.000016200,0.000019666,0.000034003,3d1c14f7ef3734ae1324ef9da41abc67edcf69d5ef64984ab6d78d2e78f3b9c9
1657,1764562480.7761111,0.000021389,0.000014827,0.000019216,0.000015478,0.000018604,0.000032791,bd9cc905f223a304de9adb71056f660e12776e43e64b0ddf83c650059c734870
1658,1764562480.7771962,0.000020758,0.000014948,0.000019937,0.000015328,0.000018604,0.000033051,18133b9d56a0bf5f704534e0c77bb5c8421d1adc6011459b86044e312e8eff4c
1659,1764562480.778278,0.000020688,0.000015499,0.000019316,0.000015509,0.000018685,0.000032550,317d17146e2c7d0c8a1f3da0c215c369c4fca4cc00faaa6f91258041ed557060
1660,1764562480.780016,0.000019846,0.000014497,0.000043671,0.000024555,0.000049060,0.000047407,df57c7edf8cc4ab5cd3b63f8f8e439a1cee8658c494fbe385c735b48ede6ba5c
1661,1764562480.7819645,0.000044773,0.000029053,0.000020278,0.000023093,0.000038872,0.000048680,85ea7a25eb3a9333e86e2038e750ba459a86c2b5a1656748b78dd65822af804f
1662,1764562480.78368,0.000021329,0.000014717,0.000043801,0.000030667,0.000064980,0.000051976,6dfee31b1a88f2cda5062da122717ada79dc318aef70fea4ae89be4d1d09515c
1663,1764562480.7853005,0.000043090,0.000030617,0.000020858,0.000016490,0.000020789,0.000046987,110788467f82a71d7503ba6aaeead297ad112d13fed45128b0065c9d95fa3a29
1664,1764562480.7864316,0.000021029,0.000016020,0.000019827,0.000016370,0.000019516,0.000034233,c7564da4a6b92db38fd81d83a2eab23d4c63c540c702f1d44389e3071eb50393
1665,1764562480.7875307,0.000020197,0.000014356,0.000020107,0.000015790,0.000019436,0.000033612,972d9bc4fdaa2e3d352d72ec58e9322892a2be62f83e22f1873485ba594fceef
1666,1764562480.7888844,0.000027290,0.000021209,0.000035165,0.000016901,0.000019677,0.000033913,b218625bbd5344af232bfeaa45a1f780c0023874f3805c485e442527181c6b43
1667,1764562480.7901673,0.000024756,0.000016751,0.000019877,0.000016120,0.000019396,0.000042118,e26b4422340707071300d4345ea44bbc419801d57975bdd7b92e79e5153ea9e1
1668,1764562480.791287,0.000021109,0.000014346,0.000019916,0.000016451,0.000019225,0.000033011,05000e4d633fbef932fb73fd05f76b9ea284dcbd4a8b6c865eecd3e7000cf298
1669,1764562480.792359,0.000020388,0.000014858,0.000019616,0.000015539,0.000018514,0.000032851,5381f120d7a405ded505f1346c95782387891a40c1a4f5b8597e81579e1c7f62
1670,1764562480.7934353,0.000020328,0.000014506,0.000019536,0.000015739,0.000018254,0.000032570,e2ebaeff0398a3e8b674dc8798445f6df115b6bb73a3f882f695cf137a1dc534
1671,1764562480.7956774,0.000019566,0.000014587,0.000032831,0.000053910,0.000073426,0.000117657,123290ba6de9f62e6f6224ec157bdde188fde1d4ce31b62267646767e73ba37a
1672,1764562480.7971861,0.000023192,0.000021249,0.000026409,0.000055041,0.000038141,0.000049862,af22b5a52c93342737ef193a6e97cbbb8eabc7ab22206e8dfe2f40805c5a77e8
1673,1764562480.7984886,0.000022141,0.000015358,0.000020077,0.000018514,0.000028272,0.000041797,72f7d967b174b4093ff65cbc888595100657fb10c0268e2811a9f153cc989ac0
1674,1764562480.800075,0.000020588,0.000014918,0.000046216,0.000015909,0.000021509,0.000033783,58ebbdc21a826332543ff19dc23ca6fc96b049bc7253bdaefbd44d1ba26d49a7
1675,1764562480.801235,0.000022872,0.000015399,0.000020077,0.000015208,0.000021069,0.000032901,c8120303ff1efd27086b2b3aa9d1cb8c0229d142ae22aa3e46381bcae50a7018
1676,1764562480.8023765,0.000023243,0.000014717,0.000019416,0.000015819,0.000019587,0.000033211,256dc01c83a3d3cd9f672540248bf7c4f0dbc02a66d3d4fc6fa4592d1290b65d
1677,1764562480.8035965,0.000020768,0.000014898,0.000019216,0.000015498,0.000018995,0.000037750,1f4b67c65025cd4efb094aca01e56e7337949e36f59732bd1c32e0306b357214
1678,1764562480.8047101,0.000020869,0.000015018,0.000018835,0.000020728,0.000058388,0.000032430,158558a32d366f356f8db8479cb42a5c6e0ec690a6b055413f4b4e2adf86c2e2
1679,1764562480.8058562,0.000028854,0.000019225,0.000019326,0.000015549,0.000019316,0.000032981,37b5e3edf8924d139162361fcd8f58e211347da51d00306c529ba015edba2e84
1680,1764562480.8071215,0.000021540,0.000015147,0.000022161,0.000017853,0.000022552,0.000038210,4cc3adecd572253e5e0131a5069e58f63d4df1cc771bf1c7925c7aa4ff15d2cb
1681,1764562480.8083029,0.000021931,0.000014988,0.000019977,0.000016491,0.000023573,0.000037710,503db24e84c154b835ee01ca823263063b7b58af5d5d36fdc1a978ae4b490a43
1682,1764562480.8094225,0.000020779,0.000015389,0.000019195,0.000015870,0.000020668,0.000034363,1c70e289bf4f3e33e0632c9c4cad1d7d5d58dff133dbc49999ae6723fddd309f
1683,1764562480.8104954,0.000020057,0.000014917,0.000019115,0.000016040,0.000019245,0.000032940,b8378e3ecb88b9ec9b9356ab2994af65d0db7909e9a0168ff1991fe1a720e513
1684,1764562480.8115485,0.000020197,0.000014697,0.000018995,0.000015368,0.000018384,0.000032530,67132c86f09a4b6cb3658ac1bf73a2f2c67fa621743f06f7caa3c609d8bbdd70
1685,1764562480.8126671,0.000019125,0.000014246,0.000022552,0.000015549,0.000019326,0.000033572,2210ea17e45857cab28b9b0357530bf3ab5ae2a6f6f9064fef390a5616d83105
1686,1764562480.8152158,0.000020979,0.000014697,0.000031157,0.000049071,0.000091469,0.000063608,f39c4b9abef322a96be461c517a9265d567b44f6a976a0b88287c9ef6c19ac66
1687,1764562480.8166466,0.000024545,0.000015398,0.000020508,0.000022963,0.000032901,0.000044332,5b24d38a9e5a72d1029ef5c12b6afd3e36bb9393d664f1c4724f52ee4172bccb
1688,1764562480.8177197,0.000021009,0.000015198,0.000019787,0.000015539,0.000019096,0.000032971,0c3b5f55e423c7a307f404a8ef11c19cae84dad2594e2c1afc7c0c389eaa7efb
1689,1764562480.8187885,0.000020328,0.000015829,0.000019446,0.000015068,0.000018505,0.000032820,f5e9b16d9dc6d0e8cb8e51a0ed37bb8df2a33f64de86a036e13ed1d4e41a67db
1690,1764562480.8200328,0.000021229,0.000014718,0.000023944,0.000021310,0.000023453,0.000047498,52ec32d0825d635634d766b59cda28e9c0faf252821cf9ee9e7966e35040c6a3
1691,1764562480.8211703,0.000020889,0.000014907,0.000019546,0.000016861,0.000021339,0.000041797,20a5ef36c6ee9bfe30049045a4f7002646f281589dc3d360fa995739e26360e0
1692,1764562480.8223412,0.000020438,0.000014757,0.000020148,0.000016951,0.000021490,0.000035876,27c2179fb668acf0d6f8e5351b1a99ae444340a3ea32cee5fd42daacbefaf9fa
1693,1764562480.8246675,0.000020979,0.000014867,0.000042859,0.000046185,0.000094014,0.000090948,1a7f69674e44c5edf1d959281057f10edb18698f0a1ccee93dd865983bee266b
1694,1764562480.8263204,0.000049391,0.000030696,0.000020739,0.000018114,0.000028773,0.000036688,575d4ab4263e3abb2ef356a71f49d88782496de394b68128b712bd82c25e9aa9
1695,1764562480.8274808,0.000021139,0.000014587,0.000019817,0.000017453,0.000023553,0.000035305,f7166141081d750a3413c5f6b42b043e00d485b1efa43648b8fa6d16622ca557
1696,1764562480.828569,0.000020608,0.000014737,0.000019045,0.000015749,0.000019085,0.000032470,98e1ead1f36f6daaffe95e081498743ca4ae75fb2a68e91dffcab54833e5ff5e
1697,1764562480.8296707,0.000020167,0.000014787,0.000023544,0.000015378,0.000018835,0.000032750,2079256f14c9b4a6741ca8976572e110e0ddc5af7076a4a55aa9f9aebe12f25b
1698,1764562480.8309903,0.000026629,0.000021519,0.000032360,0.000020689,0.000019716,0.000044733,7cf21bed5f1c3d3baa234b354e1292d0bf2e80769318ccd6fff10996e0252f68
1699,1764562480.832884,0.000029945,0.000016821,0.000024746,0.000033061,0.000060291,0.000062595,fe55a4891a098f8cceee96842bab23ccfb44a227ce5877d0d2d753e0359610c8
1700,1764562480.8345156,0.000025487,0.000015649,0.000019556,0.000034113,0.000049862,0.000072695,ae1a6cdfd2c6289a1ad54e536a912bc6f962117b149e9ea924486c8c2ec9dd1e
1701,1764562480.8356147,0.000020248,0.000014407,0.000018724,0.000015869,0.000019566,0.000033051,5e886462dd3ecbf65cadf715d36ef814b8871d990de2c7e8be04dc0a4ea0b5c1
1702,1764562480.836679,0.000019917,0.000014597,0.000018664,0.000015398,0.000018835,0.000032801,998bb720be398e72df82b816b8844f2fc503f67b4dd18578b3b4db22d319cc5d
1703,1764562480.8377755,0.000019396,0.000014768,0.000022952,0.000015599,0.000019245,0.000033272,bd7a6be137fa9995e45b3619b369f0654f8d32f184115323a496b2a659df4e76
1704,1764562480.8396926,0.000025096,0.000017763,0.000039643,0.000029986,0.000063608,0.000063758,27fe96401c75f4d1821b509410a1e2638d373aa368dc02a8cc8ec5a5e6795226
1705,1764562480.841526,0.000035466,0.000016690,0.000046176,0.000021399,0.000036457,0.000057507,0a0563ae964956e3ea6adc57c813cd0e8d9609ee39d11b2f46274475ce72397f
1706,1764562480.84345,0.000041196,0.000030486,0.000059390,0.000019266,0.000027230,0.000039333,061e75886bd6073b4ca6418d7e9f34937d5d83a275dc786b99b54e34b79e9d9c
1707,1764562480.8467212,0.000062125,0.000057806,0.000064019,0.000027321,0.000051305,0.000077814,de8b9377f9096c09aca2db4ae5e06306aaf90a858c956d45b4bf50a14f86f04d
1708,1764562480.848462,0.000033251,0.000018054,0.000023193,0.000021520,0.000038401,0.000047207,e5aab67f5a33b7192f9762694ce4ecb81dc3d8155669835bf3b4a2df355ca6ab
1709,1764562480.8501077,0.000023914,0.000015920,0.000032079,0.000032160,0.000048369,0.000089375,80a5df35a93ce8e4a1a60a822b95931fd2ccb4fa30d176435c6bb1397380c500
1710,1764562480.8514316,0.000025217,0.000016441,0.000020147,0.000018173,0.000027601,0.000043791,c01f13510cb4ada4e27fcb6ffaf48ca4fded1b053a16b72b4cac075e73e3ff1e
1711,1764562480.8526413,0.000020338,0.000015769,0.000024856,0.000017523,0.000022061,0.000034854,4e8caa9fec8bdc75f546a7229772b6600e81908e60b116a69b64a73d93e2fde9
1712,1764562480.8554602,0.000024255,0.000017432,0.000069729,0.000037088,0.000132896,0.000085889,66c2b4b578ca14c9ecac8e4f725c727723d5a0094373fb27d2e28497d697fdb2
1713,1764562480.8574772,0.000044272,0.000020418,0.000044071,0.000023844,0.000041276,0.000055422,d217f2f8a3d201bf080f4e9d80c44f005b5ce2db2c3d1c984371a6b86e84ce7a
1714,1764562480.859506,0.000039203,0.000029404,0.000037579,0.000027140,0.000040474,0.000047418,276fc223f2b81a3f8995aee779d613057f789a766b72b41cbc005a2d2aea2c83
1715,1764562480.861739,0.000032550,0.000018504,0.000086239,0.000030466,0.000077042,0.000089946,d7a8f32c50f775dc5ea7f031d0bccf9f1d2d5d30418abbae59962795a36cf3be
1716,1764562480.8642063,0.000059370,0.000024385,0.000031959,0.000021480,0.000056875,0.000065661,e037d91f1e5ad053b42d18f8ec9cd87346399619fe3f499ad1704cd08a595ddb
1717,1764562480.8660471,0.000025768,0.000017463,0.000042589,0.000022141,0.000038662,0.000061544,7c23d3a8aed386989ace0172a959f1f8639714d76140cd5b57bf8289a06f5c7d
1718,1764562480.8692362,0.000042298,0.000030266,0.000055422,0.000042578,0.000073506,0.000091089,5a9d2082ace2907c7de5d82737b2c6e3491d76e4fab4f92506a0f86ac5e09413
1719,1764562480.8717213,0.000036177,0.000018174,0.000036097,0.000043711,0.000082292,0.000091910,88d1052b660578d79465cb4a93ae8e2edbdb53f40bbb187924462176981a4b25
1720,1764562480.8736768,0.000039924,0.000018595,0.000039162,0.000022802,0.000053158,0.000054651,7de877286e77553a121d7713de4ce6a7b671e5295687ccb32e0e17556acd21d3
1721,1764562480.8755233,0.000044362,0.000018905,0.000023934,0.000021189,0.000039213,0.000060381,5145beb0d6a889996f44b4bbf626209ad5d9b1093e52a752152bb293e1391f79
1722,1764562480.8769534,0.000022401,0.000014848,0.000032861,0.000018865,0.000026249,0.000047117,b8d1d0ea48a0b68fcb5f52c09e60b7a0ac978150c3803609f7c9f189fa39c713
1723,1764562480.8784902,0.000023945,0.000015859,0.000030526,0.000020849,0.000036417,0.000044973,84c78a47c8f9c6b2e065ee3403167d6ae4bd9bdf84cccf8831daeb9e5d3cd0b1
1724,1764562480.8817928,0.000046816,0.000020698,0.000077523,0.000037029,0.000075429,0.000102229,2ce8b883e9663e97d419548cb4a0ae18f959734c081f98742ee70bb44222b04d
1725,1764562480.8843808,0.000054120,0.000023433,0.000032170,0.000026019,0.000052386,0.000085117,28d5c357a857c3c894d38c920b88aa5f9deffb0abf124a204a2b224fb0f22f38
1726,1764562480.886559,0.000025507,0.000015659,0.000036517,0.000040796,0.000051445,0.000111456,f3f9d2b84d3f1704c098511c3fde8eaea0f6de4d1cd7ea99fe3bd0fb01a7e9d4
1727,1764562480.8892684,0.000027872,0.000046456,0.000071432,0.000032780,0.000066303,0.000112759,6bb5ee1513e9321d8d056d3f146b22e215ca59b1a8d31c73c9f3256302054be4
1728,1764562480.8915348,0.000031418,0.000017542,0.000047427,0.000026509,0.000052186,0.000066834,22a4b87390ba7b2ca736966a2ca7bac27f0c6ae4507b0c80568dbd41d18e6289
1729,1764562480.894978,0.000037068,0.000020338,0.000078495,0.000040265,0.000063207,0.000109803,7aeac8a9ad44023adf3fdd83a60532572c54c7be9eabd0139ff82dba2ae88e6b
1730,1764562480.8978796,0.000031468,0.000018634,0.000055773,0.000037940,0.000063067,0.000102900,f8ad5a5dd91ea47ccea28deb538caa4f6fd5980bfbea2fff0cb889acb1cd5ecf
1731,1764562480.900067,0.000037720,0.000018634,0.000022652,0.000025867,0.000043991,0.000065922,f8ee45c4f230dc2d62e1448b1acfef5bd53eb1d7b5cdea14da353fdced8f60fb
1732,1764562480.9013495,0.000024776,0.000015568,0.000022672,0.000018073,0.000026359,0.000045084,e9b1fd9d2a5c641b69cb89d62ad2c9c2e6d0fc759cb25d97b87ef0808621d433
1733,1764562480.9027364,0.000024115,0.000015288,0.000028062,0.000017512,0.000025677,0.000042348,b51b34eb5c57fd16cabb892bfdd3b24b5a3084278a7fd93e47502996dbf30fb2
1734,1764562480.9045722,0.000027030,0.000016060,0.000052367,0.000023703,0.000052858,0.000083905,62285993d0eaa52b77ef76acf764f802b8a130f726050fbb7184caf1d8856503
1735,1764562480.9071636,0.000035876,0.000018574,0.000053529,0.000044713,0.000086430,0.000128658,ad953492f19f37c0833912c139f69fd946320fda45d062065787eeca448b0e4e
1736,1764562480.90953,0.000046275,0.000031769,0.000027971,0.000019807,0.000037409,0.000042609,8995632317df4c158e711ab6b348f291f4adec2994371adb14e11a7e2ea09ed7
1737,1764562480.911267,0.000028282,0.000016660,0.000028242,0.000020367,0.000035655,0.000053739,9a2d676d7d9c7ba3cc1201db3f5efbe68b9a0c2366dcbca6cdcff1f2d4cf8bc5
1738,1764562480.914485,0.000040975,0.000025146,0.000053068,0.000045093,0.000106547,0.000109302,925a4792bd437f2f8924f35eb0e82470f4160d6c7edc0d1f790369969be9b8c9
1739,1764562480.9185293,0.000044312,0.000028452,0.000108170,0.000074708,0.000182588,0.000213825,2dbd324ddaf463806dfbb0804e8c17e97a88a49ae13795dcff62bed2ef6aa156
1740,1764562480.9218724,0.000041747,0.000018794,0.000057696,0.000028833,0.000063898,0.000064649,8dd599f5f830a864a350d6804b631bc8f1cef7adda7fa5dcc01cd69ff62f9620
1741,1764562480.9251537,0.000064530,0.000031058,0.000052797,0.000041166,0.000096068,0.000109924,ea8abc242e09ffed068901f9729e3f1c2e196a0101b0e1dc21c18295f36de72d
1742,1764562480.927798,0.000031448,0.000018324,0.000083424,0.000041396,0.000072233,0.000076562,8fe91b63bb4a29a2ca2a215e6bb5bd0dfe2c3d827fff4a189f966ca69e5d5d54
1743,1764562480.9326737,0.000093333,0.000056074,0.000132164,0.000049051,0.000085448,0.000088974,dd53c379b1f55959e4cf46897e61350408641f9a977667c3e3f263e2f112f2b8
1744,1764562480.9360626,0.000065200,0.000024245,0.000103591,0.000031278,0.000073566,0.000072274,5d64e2b58ef31565d81471e78bc745b94f81c1e26b737f700588a840d9a9aceb
1745,1764562480.9387012,0.000056715,0.000022772,0.000042248,0.000026198,0.000048990,0.000054550,72fdfaded00623017e9321736eba0d29a0dd3c26e32d85dd0ea4785b5fbd44c1
1746,1764562480.941897,0.000044693,0.000018905,0.000106667,0.000056214,0.000138977,0.000145709,b1ad793c47f11fdc29330c4976503cb8b091add743949954cfe133f6eafb9238
1747,1764562480.9450905,0.000065842,0.000021479,0.000069148,0.000031197,0.000065942,0.000092050,b90c899d5c9e877e0f9f7a2505e53cf3a3e745aab4924ac17cf67becdf3e1b7e
1748,1764562480.9491868,0.000051355,0.000029204,0.000108220,0.000043360,0.000106196,0.000105074,d1a3df109a30cd1ce5863a1cef9195e736304903bc735b28e0d8deca0b2fb4a6
1749,1764562480.9524777,0.000082402,0.000032601,0.000045444,0.000041337,0.000063958,0.000088083,26a23224004b1570f43ec38eacdcc4f4c36ad9df520279c0acf49fac3692909e
1750,1764562480.9570687,0.000072684,0.000052848,0.000063447,0.000039974,0.000104253,0.000134088,6ff7adbec2b5b6b17907b80550a15d47e0cdd2f01e7ca6cd849bb9457dd8ff0b
1751,1764562480.960186,0.000039042,0.000021039,0.000048941,0.000048520,0.000123258,0.000122927,e3a6a4c0fcfd51258cbd03909c68275b42428478a32c9745b8a3e1b54925cdad
1752,1764562480.9629624,0.000032530,0.000017483,0.000076131,0.000041256,0.000071693,0.000116235,26a8ec3f87fa540e4ea49a5d57c6a2f091f1e10eef828ec1ba5dd98dbd9948d0
1753,1764562480.9660044,0.000042539,0.000018604,0.000081831,0.000040955,0.000086139,0.000110495,642e4a8ba24c4492ff96825c97ae5c676b47ca9f2427547029cf40cf018f0c47
1754,1764562480.9683146,0.000041897,0.000022161,0.000030686,0.000025537,0.000055913,0.000119541,b42c5d1c2a8fd65213ca47459300a9711adf511e287b49a7363dfb95cf303587
1755,1764562480.9698446,0.000024225,0.000016330,0.000027591,0.000019877,0.000032881,0.000039894,bf6a0d0831f782296ea075189e2399210a6dfb6a01d5383042ed14c9b37f2b2c
1756,1764562480.9717965,0.000026529,0.000015920,0.000028593,0.000027351,0.000065461,0.000073325,8f9c4fa972ea26189175ace2571235bde69d984579bd58cbda82897a9dc1bba3
1757,1764562480.9745305,0.000038722,0.000017663,0.000055572,0.000048780,0.000104754,0.000085879,f4a8b3160cad54d5fd0f8b1462e6a8b9841c762c2b61268a2d17f91a2f04f30c
1758,1764562480.9773786,0.000048059,0.000044042,0.000096629,0.000025667,0.000049922,0.000102590,23b14df0569ae1a6e182b50531c332ea930b200906d986221dd10410a250cfe1
1759,1764562480.9810035,0.000065551,0.000022813,0.000091308,0.000054130,0.000083925,0.000165155,2f7acc1c9d9b3e0a76d356b5d8003fa01de0ad70e07560d1cf6d8b77b33c763f
1760,1764562480.9847999,0.000048630,0.000020978,0.000045244,0.000051035,0.000126564,0.000135020,37ae046e99b7733bad650fb5d3fca5f725bdf899438362ed8b56f1b92d16d745
1761,1764562480.989388,0.000045805,0.000022823,0.000146381,0.000050023,0.000114882,0.000150678,d1a308fb4e750a6116e5250cbb113b94e2d5cfe75953f4a05f811f4ac42ce1ec
1762,1764562480.994142,0.000094244,0.000034163,0.000059931,0.000038390,0.000103361,0.000089856,cb28365db36d88f268d2d3cba78109ff876506d46766379029a4d4921f7d55a0
1763,1764562480.997313,0.000059400,0.000061443,0.000051545,0.000036958,0.000082693,0.000106217,dd7b70707a60a87f227ae444f16418cd2294330c4c250d1ce0f561d1d96ac700
1764,1764562480.999765,0.000038932,0.000023353,0.000051756,0.000023994,0.000048841,0.000057416,1f9c4a48b9ae87fb7cd71e138ed981c1fb5ed3c48a7f82446e3a21cf210391c6
1765,1764562481.0032833,0.000036497,0.000018204,0.000101528,0.000067766,0.000136983,0.000098782,a9d587db7bc731251015364ea44cdd3d4c84f0c4ce03c6ef7b4472932c98a7d1
1766,1764562481.0059156,0.000045184,0.000020588,0.000033682,0.000033572,0.000072053,0.000090738,ab00c33fb966f6f82ab57c1058d58be8456aa1b9d6214f74b99e17fad7621d18
1767,1764562481.0074098,0.000028803,0.000018053,0.000023463,0.000018645,0.000029845,0.000040334,d9983c72957634b56ea4d379da5e74b9288380800278c7c899504fb499e59b9c
1768,1764562481.009165,0.000025247,0.000016540,0.000032149,0.000020518,0.000034203,0.000045684,46de2abc40b375566cc1e2630b991e40b1151c5b85aec902527426658250dd2c
1769,1764562481.0105448,0.000029163,0.000018294,0.000027812,0.000017222,0.000021940,0.000035986,c007990a740b43cb25ad43d5a2c4c0b758efec38f57ce3886a08f8117f91e1c6
1770,1764562481.0118854,0.000024555,0.000017022,0.000032340,0.000019246,0.000032350,0.000039843,92ef5a59ee15f674282894607c187d3cef5486ff813a4afd6b7b6368f2622de7
1771,1764562481.0132835,0.000023654,0.000015880,0.000038221,0.000017332,0.000026709,0.000040475,c8a42c814475ab2cd83b6c0a3c989033cea545f14afda77631511aefb4fe3646
1772,1764562481.0149395,0.000029004,0.000016220,0.000036037,0.000019787,0.000035796,0.000054831,45b3ed271239de5aa58b7218aeeb06dab916b51cda005e957a0e3092b4152164
1773,1764562481.0164025,0.000027661,0.000017472,0.000025337,0.000017503,0.000026869,0.000055242,f97a6e12b9d135068d5044812f5e5836c87fa8ff823dc7f3a19a38e40c4c8282
1774,1764562481.0176127,0.000024716,0.000016630,0.000020377,0.000016500,0.000021089,0.000035386,e68b1b05cce029fcfb64a4448980d814e20b9ccdf7c49642b7a46b5c5941b1cf
1775,1764562481.0189652,0.000024045,0.000015158,0.000027921,0.000019115,0.000029745,0.000043971,832fa818dd85c56d634966a7673e85ad2671a737b5901464c47599628123bd4d
1776,1764562481.0202122,0.000022852,0.000017373,0.000020919,0.000015949,0.000022301,0.000036878,a5e4e30bf9027ba930a941fcd4b59691a7978bc01cb312a189ea14e043625943
1777,1764562481.0215843,0.000023053,0.000014838,0.000021861,0.000016821,0.000022321,0.000066032,1ff0f73e26e1452f355fe2be56d8095992ff8d94d3f59fc0d180c8f55e12b3e4
1778,1764562481.0240154,0.000022752,0.000015749,0.000032119,0.000052026,0.000120643,0.000096498,e4397ad194baac8ac277ba5b55355bf15218396d98fa55f46799030fb71e2cc5
1779,1764562481.0254397,0.000025657,0.000015428,0.000021710,0.000018224,0.000027040,0.000038120,1457e3e0b671bfdf23dc81f67c5163f71c4b1c2024f1ea7afa668676113ca9c3
1780,1764562481.0266197,0.000023814,0.000015058,0.000020348,0.000016220,0.000020318,0.000035445,ce0de44d8d83135cc18eea5e097e8cd4c63c2491c105b2cf302019833d116d0b
1781,1764562481.0277183,0.000020508,0.000015308,0.000020267,0.000015950,0.000019506,0.000034053,3ebc7c92a1817883b29ea15ab1c6ebb2423ba508b2404aab2702f6dfc54db693
1782,1764562481.0289996,0.000021209,0.000015589,0.000019817,0.000016009,0.000018774,0.000034143,ae05ee4f0bab0e4ce78dab2487764932448a93023c7f927939cebe6362553215
1783,1764562481.0301943,0.000020638,0.000014677,0.000027652,0.000021440,0.000056234,0.000037639,b47a522583aae65571e39e90c1b0e598bf60febf7f34836f1f9a6da095a81ab5
1784,1764562481.0314455,0.000028222,0.000022421,0.000022201,0.000016650,0.000026038,0.000039573,f419debaf3f6ec39f7b1d7c5a664c12f2f7975f819a0832850aaba27b461e33f
1785,1764562481.0326035,0.000021039,0.000014788,0.000019536,0.000015980,0.000020117,0.000032950,14974450c33d8bf8cf2a4e1407ddfa522253f91bc2bc68f4f21f3e41062d485b
1786,1764562481.0336988,0.000020418,0.000014437,0.000019496,0.000015499,0.000018775,0.000032751,3ce2ce7d1175e2319426fe9f0bd0221d8c76acec40eb128b472a89acef42333e
1787,1764562481.0347438,0.000019516,0.000020307,0.000018414,0.000015038,0.000018584,0.000032821,f27e01d2c2c2476778d9950dca5c293a446da99cb3f45a683a8370894df42a6d
1788,1764562481.0358653,0.000025036,0.000015138,0.000025236,0.000015229,0.000018514,0.000033592,819ce214c344e752c3a95bc87dae8518596890a5d2ded3349a9585b80e946332
1789,1764562481.0370104,0.000028583,0.000017462,0.000020388,0.000015138,0.000018334,0.000034173,f1dcfade640b388af7ab707db9993cfe3e14b7c5e62096be74de60b17fc40c20
1790,1764562481.0383081,0.000026339,0.000016751,0.000026499,0.000017923,0.000026128,0.000043400,d1d3ba026814b6cc1d9b314ec4388a5e2c05141157466bf679a9ca83276ea606
1791,1764562481.040478,0.000028984,0.000020267,0.000026309,0.000032741,0.000057155,0.000083094,f0693448511ee536ab5f2ae7fb8c0b56010cb8a1748614dbefc23fca011952ff
1792,1764562481.0417264,0.000023062,0.000016190,0.000019766,0.000018123,0.000023593,0.000036338,b3841bdff7bf20fa70430b08540e6f3852ad1cb363bdd338692298c7b4ade817
1793,1764562481.0428128,0.000020999,0.000016140,0.000019195,0.000016050,0.000019305,0.000033041,28640a34c95b1c291777e995026cacbc41e82f68fb2d581ba79be4d3a56921d8
1794,1764562481.043884,0.000020538,0.000014977,0.000019225,0.000015469,0.000018895,0.000033182,e8b277d3132763191e81ea062e2a19c5f5f302d1ff3b2cc22ef7bd6423b5d78a
1795,1764562481.0452752,0.000020568,0.000015940,0.000019856,0.000020928,0.000033111,0.000040415,1eab43ca3695f3f6699c7bd010972032d8c2b2409d0d836e1bbbead112f9cdee
1796,1764562481.0466037,0.000021079,0.000014747,0.000021289,0.000015950,0.000020808,0.000033753,81a3a5da430a4e1fd022d5c2c0ffcd2917f4ded423912dc50eafac031e1e3d45
1797,1764562481.047976,0.000028874,0.000021039,0.000021960,0.000018454,0.000024906,0.000039554,939766da98c4613308d44823492eefc374d1810518b1473687dbedd1d679e938
1798,1764562481.049505,0.000026849,0.000016110,0.000021119,0.000021861,0.000035926,0.000047758,b0950bc8719cb19a49902bd24e8994e830919e4c0b9b51412bb3e122a3ca8db2
1799,1764562481.0507455,0.000022271,0.000015038,0.000022522,0.000017953,0.000024765,0.000037790,ecfe3ecfde861ea526427f27ddfb5c53a3cee8c294f0d88312748e75e374796c
1800,1764562481.0519128,0.000028894,0.000015849,0.000019697,0.000016521,0.000020037,0.000039753,9c0a43c35b1a8697966b317d4b12ceb59aacc142687b2e82644eeb010902789a
1801,1764562481.0530448,0.000019837,0.000015088,0.000019506,0.000016069,0.000022282,0.000033953,839769a479c7af7f07609e49df76a8c8cf9339c644bcc5dbb692e98d29c03c13
1802,1764562481.0543025,0.000020789,0.000014627,0.000019206,0.000015399,0.000019345,0.000069889,3daaff780dc92330eb986f430ba1ef43f0420a17c6ef90ded2ca3cae3a471927
1803,1764562481.0554402,0.000020047,0.000014667,0.000025167,0.000016651,0.000020699,0.000033823,1a380bbf8d983ffd91276f73ec085e28614a710473fe418a486c6003a1cc8a5e
1804,1764562481.0566812,0.000022241,0.000015288,0.000018945,0.000016601,0.000023123,0.000037910,5813e6fc46cb48d20efba9bbd07bc687826b74dad09e6f3ffe1d5799c74028f5
1805,1764562481.057809,0.000020357,0.000014667,0.000019076,0.000015870,0.000019887,0.000033201,dbe3c8e8605184005354422309fce20fb0b3650c059bf437a9814d8f20b7804b
1806,1764562481.0588913,0.000021109,0.000014827,0.000018745,0.000015549,0.000019025,0.000033021,f31d85fdb81b0ae43be0c5fa63f46a01c2df5b4dda37d4699cfa559c3ebec637
1807,1764562481.0599813,0.000019697,0.000014197,0.000018544,0.000015829,0.000019366,0.000033101,6b3cf4cde12893d6e9df89a0a6c319653a502bf13be149d4cc4592143218a41d
1808,1764562481.0610511,0.000019366,0.000014346,0.000019486,0.000015469,0.000019045,0.000032801,bdd78b1bbcda0c0a93d97e35f6831a18d5025ec6c84b036e8eec067a4817b29f
1809,1764562481.0622795,0.000019476,0.000014406,0.000029024,0.000017722,0.000023253,0.000040665,fac1cb9432cb934c0c7462185c5f453b60eb1b78ae4c893c8068471438c05928
1810,1764562481.0634606,0.000021620,0.000014818,0.000022662,0.000016842,0.000021169,0.000037910,8612d5c3088ffe0ec2285cf4a4acdbd94d22af471610272f1d3c04801805818b
1811,1764562481.0647757,0.000021750,0.000015218,0.000028242,0.000018574,0.000025237,0.000040255,d579a58ff3e3c6f329ba4b690a94c7ffdb7486400e9002386a01e1994d459088
1812,1764562481.0659168,0.000024485,0.000014948,0.000019826,0.000015509,0.000019656,0.000034413,7b461193ff910414dc9b0f700e3f25bcbc9e8b3890195b81bdfc073bc91331ad
1813,1764562481.0683513,0.000020488,0.000013755,0.000021479,0.000049191,0.000099774,0.000092461,4076d431c58c14e0021d9041bb42b9020565de210d9043409d44a968c84eee64
1814,1764562481.0698023,0.000022181,0.000014096,0.000018564,0.000030997,0.000036697,0.000065501,121e065ad19e7cc6102439d748d380c2f89edc222b4d93d593a9bfb818d60e44
1815,1764562481.0708735,0.000019566,0.000014206,0.000029795,0.000015889,0.000019146,0.000033271,de281de43dffa6e2f66d4cf4e3ffdd877d77bd86050fa1de4b1ea1ad499c9b58
1816,1764562481.0719545,0.000023143,0.000014216,0.000019426,0.000015599,0.000045304,0.000033062,b5305e880b4bcb032c00dcc9d61fbab1e6e8fda6c5fa26a10f254f7af933e4d2
1817,1764562481.0731013,0.000019015,0.000014497,0.000020347,0.000016430,0.000022792,0.000036066,212694d8a047ef8da02091a61b7375190a0692e1833ba532d90c90bcee4d8cad
1818,1764562481.07423,0.000020528,0.000015329,0.000020969,0.000023754,0.000022752,0.000037980,25801b3dc86bffbc6588aa2577ecf33264f57ba2efb8739a343d10adb77a4307
1819,1764562481.0760558,0.000020959,0.000014397,0.000020287,0.000039323,0.000063848,0.000079197,6cc7d296f425c9d408441f9708b8b9cf47946151669dd7d6106412b922c85e40
1820,1764562481.0771377,0.000020288,0.000014217,0.000018364,0.000016019,0.000020037,0.000038972,ba6d012bd135f9810f84ac777609dac1da05750bb2ddb8eeba8c39a410fa1725
1821,1764562481.0782366,0.000019035,0.000013986,0.000018765,0.000018554,0.000026709,0.000039423,b468abb1890e9e5d3bad31cf648018a0076733574aa670ef58e579a69cfbe5e9
1822,1764562481.0794058,0.000019896,0.000014787,0.000019606,0.000017493,0.000022722,0.000042137,bffeddbe61825bd214f5e2084708cc96fed77b84890e3f2e1b4260de09e2be6e
1823,1764562481.0809512,0.000022361,0.000019796,0.000046677,0.000022232,0.000032149,0.000059370,abb679b8bad7f1dddd67b4c553e3a35c909e7ab277967ccef174413a6708e623
1824,1764562481.0832121,0.000029274,0.000016460,0.000043020,0.000051606,0.000099454,0.000118339,3433179c77bdd4dcb88173b8f0c01fe4dadb3dffaba205e47067f87bd563c3a1
1825,1764562481.0849986,0.000046325,0.000029244,0.000021270,0.000017241,0.000027471,0.000037409,65ef14f88a979d99704ef8e0896cf1c768bf91e71004f2781582ce6fb5aa9fcf
1826,1764562481.086347,0.000021680,0.000014938,0.000022021,0.000018083,0.000027181,0.000038200,1c58975b21f37cf93a248f90950fdd1a2a16ab6292e80063ef83e2f95407bff3
1827,1764562481.0878017,0.000021550,0.000015730,0.000028934,0.000033802,0.000084557,0.000050603,dbe613e90188d04457f112387fef9b942b526e3871acbe601b21dd105ee25465
1828,1764562481.089799,0.000037911,0.000019116,0.000038591,0.000037058,0.000054651,0.000074698,8b11c32aa7c44271e57100f989c5a10f066380e0c209b7791a6788dc2b632f30
1829,1764562481.0917735,0.000030967,0.000021289,0.000027390,0.000038541,0.000056344,0.000084075,7830f164de8911eb43bc3aee055302320d4e926059690d0b6a845569e2eb69ee
1830,1764562481.0930257,0.000024976,0.000016110,0.000020417,0.000017803,0.000022742,0.000037419,0546cb2aae22339c0ddd102edd713c8203a0e99c16efb251f651e8d1159e4afa
1831,1764562481.0941904,0.000022251,0.000014747,0.000019877,0.000015849,0.000020909,0.000035425,e49184a734126a1c5db30bb429e05fd31640513ae80929ce304a7e479bb57b08
1832,1764562481.095495,0.000021079,0.000014648,0.000025557,0.000016751,0.000023724,0.000039954,26887d121734c550454b12545460264d169d2b56a3e086b643b212b28638c257
1833,1764562481.0975618,0.000026749,0.000017553,0.000050603,0.000025176,0.000051556,0.000053609,9effc72c7085de1b192678268c0bfcf8dbe7658931b27d2bca02eace04d467a5
1834,1764562481.0997546,0.000026179,0.000019226,0.000034554,0.000027521,0.000070290,0.000075860,2177ffa71d6f35401782b9338697bde2bad017d5559aba14b9e8615cc3f0dd80
1835,1764562481.1013532,0.000031669,0.000019266,0.000021980,0.000020097,0.000038131,0.000044943,68c2350ffe1a5395a2204c5387b887f56684af50c1eff8f856960b9451db7824
1836,1764562481.1034133,0.000024064,0.000016250,0.000022852,0.000040866,0.000069108,0.000087792,a378c783088b23b8e3ea2c54433b877b89eb2f5721bd6e546ae0bcff16785703
1837,1764562481.1051817,0.000021570,0.000021560,0.000023985,0.000021310,0.000035796,0.000044532,a67fe70998437166d70e3291f3562b9b6b2dd02250814f41da3158562ae19f5a
1838,1764562481.107108,0.000022251,0.000015599,0.000026289,0.000022151,0.000044943,0.000057707,72ddf0629361f349b954649fca044e776b54fff7310f74502f4362557b5123ba
1839,1764562481.1088774,0.000022732,0.000016460,0.000025597,0.000035575,0.000050974,0.000071351,ac6f4a637602e39179c816f061a36b031f3329d487ca75162a677016b7456060
1840,1764562481.1104684,0.000021018,0.000015439,0.000042188,0.000021250,0.000033672,0.000040876,b81e3f119955d71974b3416d65cc6884d94fbadde84629384057988e12f6b540
1841,1764562481.112224,0.000033522,0.000020638,0.000029815,0.000019105,0.000028793,0.000044712,1323c4355d677f3f3f1a7f25e0ba2850938cceb02ee6e2964fc8fd6551456c3b
1842,1764562481.1136935,0.000023253,0.000019937,0.000026119,0.000020387,0.000035115,0.000048961,0699b300e13777678e5838dc0c1a26ea328b19125a38e139b52cc2e15c1081d5
1843,1764562481.1150076,0.000022792,0.000017863,0.000027741,0.000017823,0.000023884,0.000036939,09c49554b1ef93a46614f34b88d6ff4c438ad6e2c5de0100bb17202506a62f60
1844,1764562481.1162899,0.000027250,0.000015488,0.000021750,0.000016831,0.000029595,0.000038601,4fd315dd2c3cef39e8908bd57bcb41fb097258763014e44851d29ee57c91ec21
1845,1764562481.1174667,0.000021360,0.000015028,0.000021199,0.000016390,0.000021800,0.000035495,1a1543d159be201629ab1e9a01fe7159a6edd8ccbc38df19521904da86cc21e6
1846,1764562481.1185892,0.000021670,0.000014778,0.000020137,0.000015829,0.000020688,0.000033131,ab8f24677c6f5f881fc23192ac6c4f0d4a3d4932319c8110a9910c18a6d0a4ff
1847,1764562481.1197376,0.000020598,0.000014547,0.000026579,0.000016149,0.000020077,0.000033693,069dde1c1a86886153d665d47545e2314c8a0ba731e475605a8e9d62356a83c2
1848,1764562481.121661,0.000063848,0.000039163,0.000022191,0.000033422,0.000041657,0.000067946,2c8a8255b13567002f41761b664d22889e4898d262cc73b1e5cf7b657eeda6d7
1849,1764562481.1242297,0.000028473,0.000026239,0.000071673,0.000026158,0.000068326,0.000088162,245a3710debc27752f94bbc40b0967bf36d661ed2d160ea679d47c9180b31a37
1850,1764562481.127655,0.000043420,0.000023192,0.000051365,0.000035946,0.000059971,0.000115934,c7930d7c3c9305fa747e288d0a61695b28db5ad6af831d6f6d4ddd49549aa026
1851,1764562481.1307926,0.000048600,0.000020689,0.000035255,0.000051475,0.000099674,0.000120362,f4ca5018153743e910d739d307595e957766fa0553697bb5adb0169fe8c82457
1852,1764562481.1332765,0.000029936,0.000017282,0.000032430,0.000036097,0.000067796,0.000107779,8de5c036d0afb07e4d77a83f12ca95585802fc8c6dbc79feef29b7a25d969f00
1853,1764562481.1357303,0.000029735,0.000018153,0.000038080,0.000042218,0.000073246,0.000113599,09428d145ec64bbceef4cc9a16f6e423a87df524054345020230b1090bb2b71d
1854,1764562481.1378627,0.000029474,0.000018414,0.000052867,0.000028122,0.000063637,0.000078705,43847b7201caa68864b6c5dc480e4cd52840454c8cc3fd301644a43812a8619f
1855,1764562481.1404443,0.000051345,0.000034413,0.000059961,0.000041096,0.000075470,0.000124661,581ceeb764768a1357d9e13584222d41be9208a96a4ef206b56106cef8361100
1856,1764562481.1425672,0.000040765,0.000021169,0.000035306,0.000021920,0.000040054,0.000047067,c1ec1c7d69d1597c3c06298678d374a1406d0e759bbed6cb48c6e24be518a63c
1857,1764562481.144326,0.000034533,0.000024405,0.000025427,0.000019576,0.000031688,0.000045925,323345ee24aaf2ed3666e9cbe7c6f30746257e3a0e75f3781656120bea782eaa
1858,1764562481.1459005,0.000024766,0.000016430,0.000022973,0.000026429,0.000039764,0.000047858,6c640fefdcf3113807815ab4bdd4b3480d5d2e70428a9cbc34220ff3f6daaf52
1859,1764562481.1480916,0.000023855,0.000016350,0.000044733,0.000034353,0.000060993,0.000086329,a6e125a2beeb0a59e5af5b0a01331f18ef911833873b4cc1c5c61f9f6ab2b963
1860,1764562481.149979,0.000028493,0.000016380,0.000025096,0.000025357,0.000046837,0.000068607,1d3bbf521cc6fc647764562ddad2a419b094db6ecca973807ce36675d729babb
1861,1764562481.1512978,0.000023313,0.000015509,0.000022902,0.000027020,0.000028212,0.000043861,ec51d5aecf573a42838f463f34f3e60f81667a8d9d74a57c3edbfdf34d7f1118
1862,1764562481.1525798,0.000023233,0.000016110,0.000027171,0.000016490,0.000023554,0.000035315,8909c28ef47879ee3d61f7a1da9196139dfa4b39f0b4c80b381fdd5806494f51
1863,1764562481.1539342,0.000023614,0.000015699,0.000026619,0.000017212,0.000023634,0.000036899,5431b1b9a2150b31299771956660b06df1b64f03dc68cbfba4c0c917fb320982
1864,1764562481.155728,0.000032880,0.000016510,0.000053899,0.000019036,0.000030897,0.000059921,572a6982fb23115c8ecf17e15cb099924995994bcb131ab5e0af5a18e40e861f
1865,1764562481.1588142,0.000051585,0.000039102,0.000148415,0.000032981,0.000067324,0.000075460,92322de5d0299b6c7295c381db2a1f33bc257a437e6c4f41f0d7e4c19cf92810
1866,1764562481.1625683,0.000091309,0.000033252,0.000072183,0.000048580,0.000097500,0.000120963,a5eb590cb2b4170e9e60765e3606334c7e8f6717137881b19359733580ded859
1867,1764562481.165913,0.000066202,0.000032510,0.000048830,0.000038200,0.000120342,0.000113540,391233dd0b59822dfb845079de250c543c21f3a3d06338700aa751326e560f8e
1868,1764562481.1686547,0.000047127,0.000020107,0.000024775,0.000046516,0.000103811,0.000089846,a8e9b5ab99898da661a47a95e21f4cb62acf7c818e6cae877ccaa41305e85153
1869,1764562481.1710086,0.000025046,0.000016190,0.000054431,0.000025687,0.000053990,0.000051114,d30dd71633b5acb1c73977aff6ec567efa45d7f097dda1a757ef25591adfdee0
1870,1764562481.1731613,0.000042038,0.000023864,0.000038832,0.000023213,0.000045524,0.000053699,34b4aede2439460d026690d4f1c0cfb27a58215dc9d34f2c64364a1f72bc0e14
1871,1764562481.1755648,0.000029394,0.000016721,0.000045384,0.000038571,0.000061885,0.000106737,d3dcc5cb92883617d31d1cc86abf22fd230e374fb5a527003edf841320c1b2eb
1872,1764562481.1778903,0.000044182,0.000033602,0.000031458,0.000035706,0.000082222,0.000071713,db8a71b9bc5a0d459a1d7299ded8cde6f398e12d732d3ca35c010f53243cdf56
1873,1764562481.1797907,0.000026168,0.000016490,0.000033742,0.000024285,0.000059019,0.000070260,620816e8a4b61a20f8b409e1430b2a1da61a176e4c8ca5ca96dd3a9ea977fd92
1874,1764562481.1820347,0.000032590,0.000020799,0.000035175,0.000033041,0.000067976,0.000089575,4dfcb65de14d490228e3f080077c5b60cf73ab987bb731269b562ad73bbe93b7
1875,1764562481.1838706,0.000027261,0.000018253,0.000037169,0.000025276,0.000043370,0.000067144,405d65b8a32d4c006848ce7a98031b447babeb19c1461c60bb7215fea5a1c9f4
1876,1764562481.1855223,0.000034965,0.000027832,0.000023223,0.000020458,0.000030045,0.000049621,65bef394a4e8bae3e0bd19420595e8231f1f02b660fd5f16ebaa50aaa8b6e1f3
1877,1764562481.1867197,0.000022762,0.000016861,0.000020057,0.000016801,0.000020748,0.000036136,b3568fad95c0a02a2bec610019eb4f51c233c95cce94660b3a20465eac6107f8
1878,1764562481.1879003,0.000020789,0.000016370,0.000022291,0.000018444,0.000024154,0.000041186,7a42dc16989b8d15acce8b626661dffff2c45116e9853f74dc755f9c6faf4a27
1879,1764562481.1893103,0.000021200,0.000016079,0.000026469,0.000023814,0.000032671,0.000057847,db7fc05c7c9b07a582544a694c15fc26df18e59ab72cc95727f51dc79a82d138
1880,1764562481.1905415,0.000024185,0.000016581,0.000021380,0.000018274,0.000025707,0.000039483,a531ac55b351a8a59dc714c60cdaef5183a5673ed55e95ece472469c72e29698
1881,1764562481.1928585,0.000022051,0.000015308,0.000022632,0.000043350,0.000070400,0.000083454,afe2c42b68293e6bc0911b70804c0ce2d82d5eb0fa7707b940aea028cf146fe4
1882,1764562481.194108,0.000023664,0.000016210,0.000022302,0.000018134,0.000021560,0.000035064,519e4ae72d04d4e4245d9bf0ba719a0d16d28bb95a9b3dea40dadd09b59552d7
1883,1764562481.1954727,0.000021931,0.000015879,0.000022972,0.000021930,0.000028954,0.000045194,81044eb55714f7f01fe85b0a04eca768a11725d5ca4e7666d5580e9ee75b988a
1884,1764562481.1968727,0.000025588,0.000017132,0.000033942,0.000019256,0.000024976,0.000040154,de468c85d3daaf0ef237a1e509efc7dcf337958a266f81bf1ffe3947f27109b3
1885,1764562481.1983914,0.000029876,0.000019346,0.000030296,0.000023173,0.000033271,0.000044873,c1f690aacee37147d3efc161ff00433042f6f14fdf66a6510fc3f0c69b8e76de
1886,1764562481.2002597,0.000026188,0.000020307,0.000042919,0.000027771,0.000045464,0.000065411,14c971401382d19f7f7197bbcd80313ab5e440e0d36a24d056ffcf4abf8738d2
1887,1764562481.2019103,0.000030536,0.000016771,0.000023403,0.000020337,0.000035115,0.000052267,22088f5fa35cf53e8f355eb98aa8dafd48de4e2ad06bb782b766ec6634da8643
1888,1764562481.2031221,0.000024645,0.000015759,0.000020739,0.000020669,0.000020207,0.000035005,8fb5f9662e705ce670fb2eb92faf7efef158bd9bb4af46815710c4e65a71863d
1889,1764562481.2042005,0.000020738,0.000014417,0.000019105,0.000020689,0.000018815,0.000033372,97d7f41e0f3dfbd03ccbbc4b49e07bad7e82520d035a881722673550a71cd348
1890,1764562481.2053616,0.000027742,0.000021259,0.000021760,0.000015589,0.000018855,0.000033602,89a212c3f36fc45cf7a4b7379bae2f82d7e8f10630c2882d05e775339a72d7a6
1891,1764562481.2067695,0.000020858,0.000015258,0.000031589,0.000019005,0.000029184,0.000043771,d0ba26845d9c56f17a7cfbcdc90059522dddab75254688dc5cbf52b28eac2b0f
1892,1764562481.2089255,0.000027170,0.000017202,0.000029374,0.000027881,0.000060201,0.000056364,91979d81e8652cbc5e13b806d546f23612c9c04c2cb6e9d776295fd76cc4c7b1
1893,1764562481.2101505,0.000024756,0.000017072,0.000020448,0.000016340,0.000021380,0.000041096,70101ada3300ad8f7cba89fdb2c2cf7b956116199879cb313fd831c542f11c9c
1894,1764562481.2115538,0.000024254,0.000015669,0.000019526,0.000033091,0.000041887,0.000065311,734ccdfd4a083052166e03ab29193ea0b81403a77aef757dc531784ab03f15db
1895,1764562481.2127578,0.000027711,0.000016420,0.000022131,0.000015980,0.000019626,0.000033351,9d0d5184070ab29bae7e898ee8ed6b5476279930c80f55805644406ece949b47
1896,1764562481.214871,0.000028021,0.000021119,0.000026569,0.000035766,0.000066824,0.000068867,19f01d7e9874ef794d299e4d055877c5c918a61bc829753db166d7f000b0ce73
1897,1764562481.2165434,0.000023553,0.000022010,0.000046606,0.000020147,0.000028873,0.000037780,1bb5ae4f039ab20c3cbb0314223459b509dac9f0a1c7574c7ed544dcfbcea8af
1898,1764562481.2176702,0.000023323,0.000015188,0.000019025,0.000015919,0.000019366,0.000033252,35c18bf825b6459381c1bae982e2ed364b550c9d485a09586c64c5d706f3ba4e
1899,1764562481.21908,0.000021129,0.000014497,0.000023714,0.000024094,0.000038120,0.000047939,1dc9866fb5220e980d7d2778e206a3cf61f48857ee398906591e2e2b4fe189f2
1900,1764562481.2204723,0.000023333,0.000015899,0.000021399,0.000021159,0.000029604,0.000041336,bf9ef7d3de83629b5fb159988a832b444b014d0a27aa29577abb131ee26fa08c
1901,1764562481.2216792,0.000021159,0.000015068,0.000020368,0.000015588,0.000019075,0.000036116,8e06f81affa90bf4c5525667a0a7a51e5b37ea6fee0166d97a8f034a58c06007
1902,1764562481.2228942,0.000020448,0.000014587,0.000030486,0.000018685,0.000022802,0.000037089,59ce3cf0b77ab70cdd6a83a1ae56834c45eb684c4f818ed67594d1582cb0f6ec
1903,1764562481.2240245,0.000022863,0.000014797,0.000019196,0.000016170,0.000019687,0.000034233,8b6d94e0fe8b0805b342118fa33b77764b4a8ab05acae797965186b451ab67e3
1904,1764562481.225167,0.000021029,0.000014607,0.000021270,0.000015528,0.000019085,0.000032901,f3951372a7e32de31d3b3da34db4cb1a15dfddec47a04e8148e19e72e233ddb2
1905,1764562481.2262764,0.000020999,0.000014237,0.000019116,0.000015799,0.000019185,0.000033612,7561c091585fcf747b44199567522e7b8d1af506e3761ae0db916a08193665af
1906,1764562481.2273486,0.000020408,0.000014286,0.000024355,0.000015419,0.000018654,0.000032971,462074dae28eaa9619184967b0ff75cc6ae83e293ab1cfd1e3acf5d34fe43546
1907,1764562481.2291868,0.000022882,0.000015499,0.000020358,0.000030978,0.000051796,0.000061954,34bb5921a4e9f95f1741a9691106f6baa3ec22adf30f9273d3fbfeccc736466d
1908,1764562481.2307005,0.000020718,0.000014637,0.000025377,0.000033582,0.000042468,0.000067766,ea4be1b2cbe93e602ede0254f7635e397e2867e47a714cc335413c28e9071944
1909,1764562481.2320726,0.000023594,0.000023163,0.000022481,0.000018214,0.000025547,0.000038471,1bb7ae310a07c5a66721321c7e5b55d9e5fa22c5d9d4ede9b8f6210a954b020a
1910,1764562481.2341928,0.000043159,0.000031288,0.000042078,0.000017373,0.000023203,0.000043169,554acfefd45616ea325f9b5e672260b69084a61917f17c1f13773cc712d4ac43
1911,1764562481.235493,0.000041176,0.000030417,0.000020157,0.000015799,0.000020017,0.000034243,3c820a888d7d79eca71558b6733890ae6016dcfd687f5e319e4668c757cd3339
1912,1764562481.236641,0.000020859,0.000015008,0.000019707,0.000019185,0.000022281,0.000038271,85845a1e9cad338aaeb1c7a472afc123e81e0d089019f0713f1ee8f29ca19ab0
1913,1764562481.2380512,0.000020117,0.000014918,0.000041126,0.000016540,0.000020227,0.000035786,c9fe8e4b7e0781d35b16ba821493749eae008e812eb2e021b44e5c08708e8e82
1914,1764562481.2402482,0.000023995,0.000015559,0.000025087,0.000034654,0.000079317,0.000061634,866ceab0423a79f225b2f6cd916c2ea3fd6351bf25710c92c511793d87df5d41
1915,1764562481.2415035,0.000022462,0.000015379,0.000019295,0.000017483,0.000022872,0.000036688,dadddb7311ae5f2180c3b3be1915f1afd28764a2fd9bd16d8bb2820c94eaeded
1916,1764562481.2425928,0.000020248,0.000014557,0.000019597,0.000015979,0.000019396,0.000032951,b3610dcbb3f05b0f76221b96ba559daca8f9789e7679ac30e3b43aae739b280d
1917,1764562481.2440517,0.000019916,0.000014507,0.000027641,0.000019256,0.000035996,0.000042979,a5b607a9158f9d6a2a72a06887b651ac3df411c6358f87cf594c9c1454554c78
1918,1764562481.2452736,0.000022632,0.000016260,0.000019707,0.000017473,0.000024866,0.000036317,d37bc1cec6bc0372215f6057c93b263e501dfec243869c09eced294869c98b8c
1919,1764562481.2463927,0.000020357,0.000030356,0.000019677,0.000016450,0.000019787,0.000032720,b53d18c5d1da695c0bf6c7c36d26083fd008085e391095ef5ba4ce0cd547f4e7
1920,1764562481.2477214,0.000020478,0.000014527,0.000021109,0.000019716,0.000036318,0.000042389,e026a510295bf27b8b84f4bc69b02a700f901bad78894ff447c8df8d57eaaba4
1921,1764562481.2492013,0.000026038,0.000015488,0.000053028,0.000022151,0.000039353,0.000046165,0e85cb8451e431b1f18be4559e856ac200ce88a9edaa389cb76eb4aff28ce025
1922,1764562481.2512784,0.000023855,0.000015949,0.000021009,0.000040254,0.000064709,0.000078925,8d4b4ee2e4b36593bf095403383b40db7e519dfe55998c05bc755471dcadb1b3
1923,1764562481.252922,0.000041837,0.000028663,0.000020187,0.000016571,0.000021600,0.000034123,358daa1bdd7602ad801ded847c8bb91be4deb27927d4b266c015cdb913fb4706
1924,1764562481.254052,0.000021560,0.000015299,0.000019446,0.000016100,0.000019005,0.000033622,4fcc69c21fda128a17d636d5bf553598cd14e03c5650fbb8559a84ea06e9714e
1925,1764562481.2551773,0.000020849,0.000014697,0.000022482,0.000016140,0.000019256,0.000033752,4a041dbfcfa9c10eb7dcfe34267d30376aebd342d6eb7e159b54b3a89b86c18c
1926,1764562481.2570167,0.000028483,0.000016501,0.000034644,0.000051916,0.000034764,0.000062355,d753034381ac6bd086a4eaf2bd1362628e5fb4305db67f5841ad81abbd0e3cae
1927,1764562481.2586143,0.000029003,0.000020858,0.000022271,0.000018794,0.000028903,0.000051966,d48d199b9f8b052c34e02617cdafc297e9c05be3a581823df1e4569b565388a4
1928,1764562481.2598205,0.000023464,0.000016029,0.000020137,0.000016781,0.000020969,0.000037689,469d5032cfca43f30e20f7cc57a95e5a88bf7f3f468c1e3abc7e6f1d58f7cd80
1929,1764562481.261064,0.000022171,0.000015128,0.000026849,0.000018084,0.000022070,0.000038691,3b1098a1fde8b70093f289b3392c6208edee77a64ae1ba99cbeb508ec969dc93
1930,1764562481.2623546,0.000022382,0.000015880,0.000021039,0.000017873,0.000026028,0.000046907,8597097f40786498ded6460bde10f7f1b71afc642adaf0f69119ce76d4bb2e69
1931,1764562481.2640421,0.000021800,0.000015478,0.000021409,0.000024625,0.000048179,0.000047298,9ef088dc04ff4ab566486eccd66cab5a89916a03955695d5217b3452bc71c31e
1932,1764562481.2655783,0.000021058,0.000014647,0.000028272,0.000027701,0.000046295,0.000052216,ff57fe1193f9d5ca6c8862fc1aff38fab69279ce60b7fb9ce8c20d8d1e2cda2f
1933,1764562481.2668557,0.000025527,0.000015358,0.000019836,0.000017663,0.000025467,0.000038291,2348b7b18676fb4fa4a3084b8d1270ad0f20624667a32f0a53d3797275de423c
1934,1764562481.2680717,0.000021569,0.000014687,0.000021189,0.000017662,0.000021039,0.000037199,fa61f71dad28abc072f0cd14117108c36c0269aa1918a622a3a1211c839de590
1935,1764562481.269769,0.000022000,0.000016040,0.000029705,0.000023634,0.000045294,0.000047548,a3646ee654c3f24b9c7f44c8ff7becee3a331de6b02decb0266f3b094a89ebd6
1936,1764562481.2711403,0.000026318,0.000017542,0.000021389,0.000021029,0.000029355,0.000038942,bd459148d033b74bf4a9c3d373caab55eaf855ca0a06ca9c4f5dd8c9421e8dc4
1937,1764562481.272411,0.000023363,0.000016351,0.000023664,0.000018224,0.000023243,0.000045985,6677a80c31d9571ab0df650cdba282f746633574b7790f51e9f18907ec64a1c9
1938,1764562481.2737648,0.000022932,0.000016130,0.000023013,0.000021460,0.000024796,0.000044272,b9fab12d84dd9d907e35c14dd745c02bbbde2135fd52a0a8721e947a5a60a999
1939,1764562481.2749722,0.000022161,0.000016280,0.000020979,0.000017112,0.000020939,0.000035856,c72721bddbff7a2bc80bbd42ab01818fe3f960ae5637b8bfcbe212ade079afb7
1940,1764562481.276102,0.000022341,0.000015689,0.000020407,0.000016841,0.000020267,0.000034934,a6c8b960197278f9012e9e27bfe412a73ab947d24242005353416e948182d76e
1941,1764562481.27726,0.000021048,0.000015719,0.000021850,0.000016791,0.000025497,0.000034974,f3a79b2d98a5a466fcc5d79e8cea13aa1751cd54c96deec5bc23f0605f756b15
1942,1764562481.2792695,0.000021670,0.000015939,0.000020929,0.000048280,0.000085729,0.000079136,b9a3e8f1d647bfe1bc45b7020e7fbaff33fb2cb1aec63a4929cd2f8a4045ad8f
1943,1764562481.2812676,0.000022100,0.000015368,0.000040535,0.000032129,0.000070299,0.000051455,fd8d91ddfa362c9f9e9a3e4b785e946d2cc998064142d9035130bc22479887bf
1944,1764562481.2828887,0.000028853,0.000023183,0.000027811,0.000021399,0.000035135,0.000054561,056d65053287c50247b83b9d993aec9d9fffcdc5664bb23118717b5f7fe898e7
1945,1764562481.2841208,0.000023172,0.000016250,0.000024014,0.000017122,0.000021660,0.000035416,7a0ba2636f04456e92a600cd72259fe4e3e222d90530635107dd5edc5ed254d4
1946,1764562481.2853568,0.000023413,0.000016560,0.000023112,0.000017222,0.000022021,0.000035315,5fc1c437e766ffd66142e91e7b265a92c54736404d6521d2e1c821299280605f
1947,1764562481.2866554,0.000026098,0.000016230,0.000023182,0.000018474,0.000022341,0.000037860,4e02a006e09c3d23548dc16d8a7eafa21f9eb800a55e5ca7668741ae8973577e
1948,1764562481.2878761,0.000023874,0.000015820,0.000026729,0.000017061,0.000024105,0.000035726,c3a4e0465b665c7a7d52b4c6e6b1d6b5d27f89835f8a8ce0cac344429df852e8
1949,1764562481.2890642,0.000023273,0.000015599,0.000022061,0.000017081,0.000020558,0.000034784,d45c9ffb12d28003c834ecba13af7aebc8544fa758b53e989a7eefde52ce406b
1950,1764562481.2903054,0.000023213,0.000015699,0.000022041,0.000018855,0.000029484,0.000042018,dad12b418d63aa8e80ff796b83b491f102b2699a0878389602227a7e6c35d05a
1951,1764562481.2914896,0.000023152,0.000015599,0.000021740,0.000016901,0.000019887,0.000035596,66465e3e4240ae111644cc1c19512a689f83ca34b3631afc352a2855df48c4fe
1952,1764562481.292723,0.000023594,0.000015459,0.000022111,0.000017903,0.000023043,0.000036958,2b49dafc2587d80e603245c690b992b29b28c77669436219fdc29a377de7f60e
1953,1764562481.29406,0.000034273,0.000019937,0.000026860,0.000017172,0.000021039,0.000035806,0f8658ddd043518fb6ed8749f041028a7343ea5993c7a16438c0a1b42eddfa95
1954,1764562481.2960413,0.000029504,0.000020839,0.000022742,0.000027110,0.000053910,0.000050904,6fa0531297324b3769a3ca13c0c852dbce31bfb3c3451bc4dcdcfd7f6bfa7ef6
1955,1764562481.2973652,0.000024225,0.000015399,0.000024496,0.000019245,0.000028683,0.000039303,aa069bf02170ab7e3ad78aa61e200de938b2f7efa735b583ad686f6cb9fee913
1956,1764562481.298751,0.000025908,0.000016530,0.000021450,0.000019967,0.000030076,0.000042078,b5687ca62a2625bbbcb107e1aed9e9e6bb82047a9550d8d6f3343c3f4da25322
1957,1764562481.2999437,0.000023393,0.000015638,0.000020197,0.000017483,0.000020868,0.000036447,1b50b14443d0267c139e7cf43981d63dc489df84c663573655b8d702f0004e2c
1958,1764562481.301155,0.000022632,0.000015499,0.000021179,0.000017011,0.000020308,0.000039764,3c54d5e27116dd74b4faeeabe10776c2d6020edc20eeea1e948306cb36c30cfe
1959,1764562481.3023021,0.000022321,0.000015679,0.000020207,0.000016821,0.000020057,0.000034774,9f16c8579dee753390d2a67d0d421ecbda0cbefab0e110e80ef2dc50520510b5
1960,1764562481.3035343,0.000021820,0.000015228,0.000023524,0.000019626,0.000026079,0.000036808,fa7bae2e76a3d99f3c6d558a3ac8a90e8296bf1f2991d54f3e7ab11f0718d803
1961,1764562481.3049822,0.000028423,0.000023583,0.000030246,0.000017432,0.000022111,0.000038030,9d98288483485cbf81ec4895b5d3766f32907fc988e224c77bc63ba7df0765b6
1962,1764562481.3064673,0.000024866,0.000017121,0.000024436,0.000023854,0.000032009,0.000051365,3b82cbd515994b4b1267013b13021cb1d76b906e39f615bee14f814a92f165c9
1963,1764562481.3076904,0.000024014,0.000016931,0.000020518,0.000018043,0.000021480,0.000037158,9d8da14ecadea4211ab03f4e9c1fa9484c3f3706b0372e00b67edb5e33cbdbfa
1964,1764562481.308824,0.000023754,0.000017572,0.000020167,0.000016060,0.000019887,0.000034334,ca6e55538dedff6eba0063c831f79162741830c353a2018e15a3fb610769dd0f
1965,1764562481.3100364,0.000025016,0.000015739,0.000021389,0.000016650,0.000019966,0.000044672,8a38f6dfff69bc2818fb9ccb6a777ed52aa1f3861bbaecbc10a81f57fbb8aa6b
1966,1764562481.3112555,0.000024144,0.000015819,0.000021470,0.000029855,0.000022501,0.000043911,de79c09b1031e9b5e369abdd952e647f60fd2a908f4c563456015a5ceba6b585
1967,1764562481.3124166,0.000022441,0.000015128,0.000020578,0.000017482,0.000021029,0.000035425,f9a9ed20a4dc30235958a4b816b6aff4576b35de762f1842b498f8fafa0f2558
1968,1764562481.3141916,0.000023293,0.000016069,0.000031829,0.000025417,0.000049241,0.000052377,b67448ad5c3d4823097ce78523057d009836a7bb15716f75737d0962a980e343
1969,1764562481.3156264,0.000026329,0.000016330,0.000021029,0.000021820,0.000033071,0.000040424,92ba9a8db7db9b646f4326b8873a02cf63e2c104acd2820c57a88a64b20dc6e3
1970,1764562481.3170748,0.000022632,0.000015769,0.000028172,0.000019556,0.000031098,0.000044873,f58620ebd41c152aff99011654f49cfbeaf2fb95c827553bb8c55a64a08a292c
1971,1764562481.3184044,0.000027551,0.000021330,0.000023734,0.000017532,0.000020748,0.000035265,7fcc9db3433ed1b8f4ecbdb315059b9cb7b02f628a7dc29347d89e717ecaa465
1972,1764562481.3196874,0.000027530,0.000016882,0.000020668,0.000019456,0.000024335,0.000042238,499b085c57db7a38a06a0e0e028e7042f207bf0dabe6b7c7eef3f2741058cc1e
1973,1764562481.3208907,0.000021290,0.000020859,0.000021209,0.000017332,0.000022332,0.000037028,00d206de5dc3281074c5f928dfcd06b2649f6bcb9b66cc572edc31226b8fe1bb
1974,1764562481.3233225,0.000022672,0.000015639,0.000033021,0.000037890,0.000118860,0.000085017,a7f45a4ff9690395765c020c6727ec50c59cdb2fc498830fcda28c9349bc88dd
1975,1764562481.3251288,0.000029985,0.000030897,0.000021970,0.000021560,0.000029024,0.000044262,f04867b6c726158cc8bbefa521b24cf6fe8a4669683e0fed0572cccea41cc840
1976,1764562481.3264048,0.000022572,0.000016371,0.000021399,0.000017362,0.000022171,0.000035927,b0ae221b007caf7e52d8c9ddf44ab9cf40a7714e2bc86295c4443de4e5302f0e
1977,1764562481.3282866,0.000023103,0.000015959,0.000020859,0.000038662,0.000065070,0.000074277,77cafe671746c8409578454417ef2caeefc9ac2801df51ca1a25decb122aa08e
1978,1764562481.3298056,0.000023343,0.000016300,0.000033271,0.000029335,0.000035716,0.000052898,4cc07e355a8858b719daccc4b8875fa20b0d32b808be3c0836e93858450f46a5
1979,1764562481.3315592,0.000024826,0.000016320,0.000031338,0.000026178,0.000052226,0.000069308,7357b3223fdfc168c6f4c336f4dea800d9b42568b052e631519c06b45ac93d69
1980,1764562481.3329759,0.000027601,0.000018013,0.000021941,0.000019977,0.000027281,0.000042569,7d5c1a25b1216787dd50a8ac3fe5fa6b44f8b9620f6596933c96462a5fe0bb42
1981,1764562481.3341644,0.000023233,0.000016019,0.000021941,0.000016891,0.000020077,0.000039112,6a7b5eca77b38ebc0a06627a751b31fe96b7dd9fa9f612e894dd0eed858b2dd8
1982,1764562481.3353744,0.000023433,0.000015529,0.000020297,0.000016951,0.000020508,0.000035456,ea269c620e931162389d703f9087279c542829c3f5686e93e139d6590a560f94
1983,1764562481.3365119,0.000022201,0.000015459,0.000020368,0.000016581,0.000019816,0.000035155,393b0e280f795ad31b2af4964a970686dbd54ad008a84b64ae0f88ae66a48822
1984,1764562481.3376558,0.000021820,0.000015128,0.000020077,0.000017161,0.000020058,0.000034714,ea6e7d296e94fb8f40aa628bfac5c5c758157fd7427bcc2fbedc5e4408aa47d3
1985,1764562481.338817,0.000021810,0.000015489,0.000021670,0.000017062,0.000020959,0.000035465,fc1698fac4eb7bb35e11f329c7b841e77ccaaad81d238097741e26d86e971f6f
1986,1764562481.3400462,0.000022812,0.000015549,0.000022231,0.000017432,0.000020498,0.000039072,a2608c0980f70abb2c4b999070757959298c4b62f0557e94be47db07d2f6e4c9
1987,1764562481.3414955,0.000024295,0.000016811,0.000024515,0.000019076,0.000029074,0.000043901,97eebdc140df0820cc557a2bda5adc7b6802664c142b51ba465fe34f302c6277
1988,1764562481.3440337,0.000024836,0.000016540,0.000037009,0.000041546,0.000068707,0.000084997,5f551bd2f94ff7630ed501e2939c15c77323d5b7b61b4bb47a1fd21998b1cefe
1989,1764562481.346096,0.000033832,0.000018334,0.000026339,0.000035025,0.000123128,0.000064769,37df7de77d61034954a9c235d82f153cd76b39f84688e3b6b02bf93069d3edc7
1990,1764562481.3479066,0.000027340,0.000017833,0.000036126,0.000025898,0.000047528,0.000066703,e007679bf46516d03cfa682e582dc778dac56f299d6a54a235ced8b9d2c6d9c4
1991,1764562481.3506136,0.000032650,0.000017873,0.000025207,0.000044152,0.000084787,0.000076702,a064bd18a650259ecf0fad1083df066cf26a9418c539d364e27edcba9db9a7cb
1992,1764562481.3533258,0.000023934,0.000016992,0.000055472,0.000032119,0.000065911,0.000097641,9cdda5f9975e82ad57c0152291cb839f4062d93dcc1692d8098aca7d957a1391
1993,1764562481.3563414,0.000053459,0.000021811,0.000042007,0.000039994,0.000061724,0.000082012,fa6f8cfdc864619614fd3c4e1c4393b92e82125dc65805643d2d47108f1a08de
1994,1764562481.3581586,0.000037469,0.000020258,0.000028011,0.000022201,0.000039754,0.000057125,c62e846d4878ff209e99a7b9a96646d316cd1978558e2dfb18b3b403f9c2fdd2
1995,1764562481.3595312,0.000030336,0.000017101,0.000021520,0.000019205,0.000023544,0.000040425,13522d6c802a686abf11af2cf662470a8d48edf5074b3090b26c60c84b8b80c4
1996,1764562481.360703,0.000023143,0.000016080,0.000020729,0.000016641,0.000020047,0.000035105,72a18afd0183d3ac4ae06b5961a4a52981eeb5963f47d75883ce2a3ab426fcaf
1997,1764562481.3618796,0.000021871,0.000017362,0.000025557,0.000016851,0.000021820,0.000037400,603027ae31ebaa2251a372f9785020b493d728957761fa408c0ab1746b897183
1998,1764562481.363048,0.000022592,0.000015629,0.000021029,0.000016961,0.000020608,0.000035986,640cd56899c73137d7985b4e955097b23a3ae678f4b4182ea04c7bc55a91787d
1999,1764562481.366491,0.000022542,0.000015599,0.000080438,0.000094654,0.000269789,0.000117237,facb47c53667acbbc020f62a0964b7f4cf632739f87154921e75f8c233d36eb3
2000,1764562481.3686368,0.000034494,0.000017943,0.000028232,0.000039743,0.000063076,0.000084997,c7c16d09f7edf5c9929b577bdb03577bd0895e307420af5af1b46a7f64a1158b
2001,1764562481.3703353,0.000022461,0.000015358,0.000034042,0.000017382,0.000020778,0.000036367,ad7c8674be5dfd3c1c8bbf883d11caaf89e56e914d238176b50bb44f474d0a30
2002,1764562481.3727381,0.000024486,0.000017442,0.000026840,0.000038802,0.000090808,0.000062235,9844125ed55419187f5a59b60ca6af5b0d5d83091f29ce0a8dc3e9b2d87c3b06
2003,1764562481.3742168,0.000028703,0.000016711,0.000023534,0.000020899,0.000032179,0.000053448,08c76c706a70abd963ab97652c11085b422c41a56481e296f289e4972669d0be
2004,1764562481.3754163,0.000022963,0.000015318,0.000023133,0.000016501,0.000021810,0.000033682,301cc499aa8d9c1557f109fc07efa24ddac8fce719a03e6f4079d999b0596a8b
2005,1764562481.3772857,0.000022100,0.000014828,0.000074798,0.000021670,0.000027561,0.000045975,1cbd08d187872e7dfb933017cf58c2bd2bccd4d6de5cc3c48d33ee8783efdfee
2006,1764562481.3791986,0.000036477,0.000020288,0.000029083,0.000029905,0.000044533,0.000081220,7da9606fce758f25d70118a821bb3f33df987c819d42802ce1e861bfb14159eb
2007,1764562481.3805869,0.000027250,0.000018765,0.000021440,0.000017653,0.000025818,0.000039162,71c3e8080ff50b919cff223d6c5e81bfce08f05aeda6fefaae1505cfe8d21531
2008,1764562481.3818214,0.000021940,0.000015739,0.000023123,0.000017022,0.000021951,0.000034754,1029ae11653a1cfa9279aa915d1f4147dae0c68c7b8e62ce2394e30d453d6bac
2009,1764562481.3830616,0.000022421,0.000015609,0.000022291,0.000016991,0.000027050,0.000041056,f9ac62a3b59a7bcbfb0e37a848a18d1754b22791e44c1eb20b531e67e8d57765
2010,1764562481.3842478,0.000021510,0.000015318,0.000019816,0.000016250,0.000029324,0.000035235,a5e7a2e772901943bc33c11dc89590249172752a03be48292ca458a4dfe0a424
2011,1764562481.3854856,0.000020758,0.000015108,0.000027321,0.000015809,0.000020027,0.000033632,ec2823f94bd930a091e7b8177c5ebcfb0eb5f4097a77affad7551892ee7745ca
2012,1764562481.3868532,0.000024025,0.000015579,0.000024054,0.000017202,0.000024515,0.000037339,7311691aa545ff0fa0382e71750fe2c55d53d86fae9dbf94d1774e1c97f5fa21
2013,1764562481.38814,0.000022191,0.000015218,0.000023313,0.000018534,0.000024996,0.000040234,0d492a490199af098930ed8fa2d2ee742c8b0862111d8318765fdfd6ca9190d0
2014,1764562481.390074,0.000022862,0.000021399,0.000040274,0.000023123,0.000040445,0.000070200,9634efeee5e44ec87a768c0ab6462ba493eeee16b9ce6ff78fd067d5f386f6a8
2015,1764562481.3920538,0.000036968,0.000025087,0.000034344,0.000027931,0.000049742,0.000065160,a426a2180af30333a1c05d60ae67f7f642c10a3e4f08970a030cdd5f113cb115
2016,1764562481.3933263,0.000024064,0.000016761,0.000019587,0.000017923,0.000022692,0.000035516,b9df954e63a9c936f4ac42bea715b61546243faf7f04d27300140514bfe3acce
2017,1764562481.3954191,0.000021640,0.000014828,0.000032059,0.000025256,0.000053328,0.000057196,cebd183fec94589b70d7ba5a87c67f8d3fec23a857ccf7510bc00faa22671483
2018,1764562481.3968732,0.000023804,0.000014838,0.000025557,0.000026769,0.000033992,0.000048800,74f263d85f538fa6efdcb93d34e09b58a9be2764de46f820e64af8225a9b208c
2019,1764562481.3983288,0.000026038,0.000015549,0.000043611,0.000017813,0.000025827,0.000044091,a637e3c0acc7188bd1b8413232b266d8dc47cf456e99a11e191181003f2cefab
2020,1764562481.3996227,0.000027781,0.000016000,0.000019757,0.000017473,0.000025727,0.000036467,c4f592e3ef9a7d788befc26febd434540e83a435855a220972730dfc6939e5bf
2021,1764562481.4008462,0.000020699,0.000014857,0.000027000,0.000016059,0.000019345,0.000032680,3951f4c6aa5e05aeb751c0215e5602c8a72e6e861adf0abeb54430c21f5bb568
2022,1764562481.4024417,0.000031328,0.000017432,0.000024856,0.000018294,0.000027401,0.000045474,fc91a98fc84159762eab052e9de441cb9a8785d1b98af7a106c3b5ae4f90e84c
2023,1764562481.403947,0.000022231,0.000015619,0.000040746,0.000019025,0.000025827,0.000040945,e3c0d4a4dbbf471650de64a42101b7fcf632fdd87a6c0706c5b0a25868350748
2024,1764562481.4055097,0.000026589,0.000017823,0.000023895,0.000021851,0.000036738,0.000052627,1557bf549edfaf0963e26752430c148b870efe9e0a80f2b7dc61160702b28240
2025,1764562481.4079542,0.000024285,0.000015969,0.000022772,0.000050213,0.000105565,0.000077633,3e931997177af1e23effca987deb34478aee9babcecf4fc6577166c05de86184
2026,1764562481.4091763,0.000022431,0.000015108,0.000019627,0.000017532,0.000022813,0.000042238,4448fb9c7d67921e1637e759f983b7e445b6a9cb290a97395f9c95689f78c010
2027,1764562481.4102669,0.000020268,0.000014557,0.000019546,0.000016109,0.000019476,0.000033232,979601cf5d4736798a2db2f59777bf67268184dd3a8d452bcc00e5b16afafaa4
2028,1764562481.4113498,0.000019867,0.000014376,0.000019506,0.000015980,0.000019476,0.000032801,6e8cce8a6428c694ffba450a8410fc8472cd0ea49f9622079ba9f73dfdb1b222
2029,1764562481.412488,0.000019726,0.000014557,0.000021059,0.000015659,0.000019907,0.000033322,39a404fe4f28851e1b1a87a8edeab28fc1c78c07bb7f2ce034d843a4c44838db
2030,1764562481.4137864,0.000020929,0.000014918,0.000023904,0.000018995,0.000026299,0.000046566,08b0d81d743478fd21801e2e128c6a9514013f55a649d6a75cfb975948a5a2d1
2031,1764562481.41533,0.000022742,0.000015719,0.000021559,0.000020999,0.000025637,0.000064078,73ba3f41d0eebc33636b4066126556067f1d2aa878d3f199c3860f36fa534709
2032,1764562481.4164848,0.000023573,0.000016952,0.000019676,0.000016631,0.000021159,0.000039964,6b618edbbfb3ccdb24f6c1dd3adecd7e9a9f1b1e06cbcef9336546b92ba8ee6a
2033,1764562481.4180095,0.000020799,0.000017052,0.000043300,0.000017723,0.000023343,0.000039634,9ac65985a65b38f415e19064a9bd3657e791b0b504773cf1258b59d6813e646b
2034,1764562481.4199882,0.000042839,0.000029775,0.000021841,0.000034073,0.000044863,0.000068336,11c308aeb7b0bbd9937d60e4d0e45095dec917060217d41b644a434b5b40eca0
2035,1764562481.4211245,0.000020858,0.000014607,0.000021380,0.000016410,0.000019817,0.000034874,f373996791636d863a952391b232ad4bc2b834927d66554e0365f4e09abecb39
2036,1764562481.422339,0.000021480,0.000014867,0.000021640,0.000016110,0.000019416,0.000033242,30648f3fc2967397805be6524e342823fd67cc5a02607a10e08cc2f622c5d172
2037,1764562481.423505,0.000023163,0.000015388,0.000019646,0.000016170,0.000021229,0.000035536,3ef09c1c2059edf849673cda44cc508290aae0e777317eaa2edfd13874dd84e9
2038,1764562481.4257824,0.000020788,0.000014737,0.000025236,0.000043640,0.000120242,0.000075078,af3cd3bc48fe29715c98c7ca998607a9c431b8611b2e8c13908e23d5a5553e6a
2039,1764562481.4273694,0.000021800,0.000015028,0.000050564,0.000018825,0.000030737,0.000039443,033f7510ee670c48f867d089f06b7e3f7bee703a535f6c9fc469dfc40f16e2b4
2040,1764562481.4287817,0.000053579,0.000021480,0.000020608,0.000016290,0.000020949,0.000034003,33e6e917c7025fbde08a25fd80324ab59f0b68a1ec51980ac1b694228ab05d28
2041,1764562481.4299755,0.000022441,0.000015087,0.000020067,0.000016531,0.000021029,0.000037459,da7b4456bf4dac0aca3e300d1d8470e2c5bbe360e874180111fd2f930a24398b
2042,1764562481.43118,0.000020427,0.000015178,0.000022662,0.000016109,0.000020487,0.000047518,f794ae5fa98d4badbe8c7ef2780d80a7dc677cc15251c36f230f1116fc4de4cb
2043,1764562481.4323528,0.000021670,0.000014907,0.000022471,0.000016090,0.000021059,0.000034334,91f8be387d0dc717a546ecc2e8d3c7bbdf5b749f6b0f385734aad481186f9cfd
2044,1764562481.4337876,0.000022011,0.000015328,0.000040335,0.000016390,0.000021129,0.000034073,2016bf72a9fc2d47bf431a54231bbf6868ea7497d39e1ac01216466d52b9879f
2045,1764562481.4356341,0.000048520,0.000041587,0.000021610,0.000026128,0.000019796,0.000066693,696c92c37e96d57be9a1fe8feef3a58bfdb59cfa5ade9d9af32472af62cbe77e
2046,1764562481.436825,0.000021770,0.000015319,0.000021510,0.000017001,0.000021580,0.000036117,6b23bd3770605cad82e65b1fc72b311e11bfda1aa6f3d5d1dff812afc665377d
2047,1764562481.4385355,0.000022221,0.000027461,0.000057045,0.000020278,0.000032580,0.000039644,2f55162306e840b52cbe947dc507930997faa24abd68d5d199f42fe12c1b26ec
2048,1764562481.4406583,0.000047468,0.000031889,0.000026649,0.000037299,0.000053248,0.000081631,d61e67c9df2b5b7816ff4fc5750428adfbed1806bbd3e2fbb54d62a1065bd47c
2049,1764562481.4419315,0.000024014,0.000015519,0.000023052,0.000016551,0.000022752,0.000037359,54915e9e6a7405aaeb8128ceb1b429fbcdabca5b3dd1331fbdb1d089141787eb
2050,1764562481.4431114,0.000022010,0.000014617,0.000025968,0.000015919,0.000020367,0.000034333,f942f683a94eaf9705dffee74e61874123fb3aa1c337f2cd874a7eba8a71b43c
2051,1764562481.444233,0.000025096,0.000015589,0.000019225,0.000015549,0.000024576,0.000035655,9112b2fbbeb0a34545d8ccbdba19c186464b54fa1dc5480ab165114af0f5631e
2052,1764562481.4453566,0.000020137,0.000014196,0.000022953,0.000015338,0.000019005,0.000032961,9d8185dbf48e730420678178c547dd1f3c9cee36c66c690ffafd250704f9083e
2053,1764562481.446495,0.000023663,0.000015028,0.000019426,0.000015959,0.000020769,0.000035024,59b43dd667dfa30b81f76af1600cf7677fe1937750cc1542ee4279ce8db526fb
2054,1764562481.4476657,0.000021279,0.000015108,0.000024294,0.000017783,0.000020458,0.000037199,42114d78d687f3c7087d96d9a65dd1fbdb0fa5278c5402c7b3feb7f5b25c174b
2055,1764562481.4488049,0.000021460,0.000015609,0.000020397,0.000015679,0.000021469,0.000034073,b015894802f964004d965d1fb0f19fabb58b3ed4e041256700598a383f1f6537
2056,1764562481.45009,0.000022221,0.000014667,0.000032050,0.000016030,0.000020218,0.000034804,b35dbc98085d35ab62b6667e2c21ac605b76e4b5349253fff52155835fed64aa
2057,1764562481.4523206,0.000023654,0.000016160,0.000024235,0.000031458,0.000074498,0.000071572,e497ab0f041c7efdbd0495e8ccc4b0d1d102ae906a7e1de6343d73f2523eeed0
2058,1764562481.4536018,0.000022161,0.000015899,0.000022903,0.000017402,0.000022772,0.000038060,8a0ceca28a72b5a851e464858c4385ae3fee0bdfdfc37e3c02817d446eab3fe5
2059,1764562481.4554064,0.000024545,0.000016551,0.000032931,0.000035986,0.000046966,0.000089355,f6868a19b3b4f1edab427e05d1f5045084658bef16e0a223e40eb9b497a877ac
2060,1764562481.4570906,0.000030116,0.000038110,0.000024926,0.000022411,0.000034374,0.000047688,1ddbf33026a170ca6c510897e324585b23ed62f0cce271693221b246eedb9165
2061,1764562481.4584343,0.000023985,0.000015880,0.000024455,0.000019737,0.000029715,0.000044192,a7378cbcdc042b52c13e7e2680612669f7b02318fd9a36ab61bd0dd1398b48a2
2062,1764562481.4602485,0.000023904,0.000016621,0.000020748,0.000027741,0.000056174,0.000055062,974ec0047fc4e1a4ed72342e17fac7af501020bd0f1bb8ad77044dddc31539db
2063,1764562481.4614258,0.000021179,0.000015378,0.000021711,0.000017051,0.000022041,0.000036046,037409a107cbd65f7304807a16da039df4efbabb6ed202176b83fd950e2b8876
2064,1764562481.4632263,0.000023764,0.000015579,0.000045274,0.000030195,0.000043701,0.000047057,2f545328a55b054ab1b87fe1678803acdcb95e8da47d913d245a17c0d51d36e7
2065,1764562481.4653714,0.000046215,0.000032600,0.000037108,0.000028303,0.000039703,0.000065992,4e8c68b3d1b3e076f3faa1011dcd5527eaa8010255323827e8b294bf96d8ea28
2066,1764562481.467755,0.000027862,0.000018013,0.000021920,0.000050433,0.000093402,0.000101758,35b83751cf47e4e44c7662f9a401f920f8f36b66921165e032d200c3ef953345
2067,1764562481.469049,0.000024395,0.000016080,0.000020117,0.000018594,0.000026039,0.000037700,34af69ddc25f96438f28450717504d7dfe9ea97d8dc109702eac03b54c936024
2068,1764562481.470185,0.000021620,0.000015218,0.000020438,0.000016620,0.000020026,0.000034825,5809614fc871ff21ace49f2f379c490b39fa53b890ccf0e5ee7005a93d16f8af
2069,1764562481.4713957,0.000021519,0.000019286,0.000019687,0.000019185,0.000023784,0.000041136,5de4e063c9592c6478bb5c327a84497c2a5ac9df29c757976f69b2c77ea9e162
2070,1764562481.4734795,0.000021249,0.000015469,0.000052878,0.000050673,0.000060262,0.000097550,ce149be84d422fd4b05e8715ada9a631fccc7e956996d96de67549ae83d19c83
2071,1764562481.4753685,0.000035526,0.000020007,0.000023343,0.000032160,0.000044402,0.000061203,75ef0bcbdd708b0d8896ac4b6ca4472769eb690345ce4b22d09980550aad1cda
2072,1764562481.4765742,0.000023664,0.000015279,0.000020097,0.000017993,0.000021920,0.000037669,69129d63772fede3e1c663dba8c43fa29aa3ed925f61164349533770fa653e63
2073,1764562481.4776876,0.000021700,0.000015409,0.000019737,0.000016410,0.000020088,0.000034554,13729336f9735d369ef2fbd19a5c1178bb33cf568c348c6111ecc9d747ab5011
2074,1764562481.478808,0.000020869,0.000021831,0.000020828,0.000015889,0.000019526,0.000033963,d250d0ad72b71b81efd37e3e2f96e2a5ac514f8c7b0d2dbdfe70d6b84f4a7a45
2075,1764562481.4800086,0.000022321,0.000016290,0.000022191,0.000016931,0.000048519,0.000036077,0a3011bb6ac45394c1592e1b5aabe498c7f5d3f37aef125a335d83357bb68b78
2076,1764562481.4812284,0.000023022,0.000015298,0.000021459,0.000024095,0.000020779,0.000038902,fe3b82ff51f0442bc406f3f2518e79d0909e4ff72b76fcb6d7856e0454cae545
2077,1764562481.4833534,0.000021690,0.000015579,0.000023944,0.000040014,0.000065140,0.000096328,bce75444acc2047c3367a77b630595e44adec4c4777fcce6e3e8e8221485de18
2078,1764562481.4847262,0.000024826,0.000016731,0.000020327,0.000020919,0.000028964,0.000037470,0ceb009752505bd8fe3852520407bf6f516db29ad2ce7754ca0691ce2f5540a0
2079,1764562481.4858809,0.000020888,0.000016811,0.000028814,0.000016630,0.000020318,0.000034404,e02097c095a8329ec93fa3ad4400153dae45642df4fb9e4a43dfd584fc1122aa
2080,1764562481.4871244,0.000021069,0.000014968,0.000024064,0.000018484,0.000022752,0.000042669,72a911bd5840d84d394a6ea5cece0431c85340a29ee8577443448f78e166576c
2081,1764562481.4883916,0.000025016,0.000015770,0.000020868,0.000019036,0.000055352,0.000037850,b30902b2e9c3ea69784e04f1609564d62dced4a2f8952adf3a4c4a943cb0b15c
2082,1764562481.4896226,0.000022231,0.000015719,0.000021219,0.000017573,0.000022441,0.000037119,8e1201b7f36375e82067620dac8966bc7fcff23be3d89eb11a9d285a411fb8e3
2083,1764562481.490998,0.000022140,0.000015098,0.000029825,0.000017092,0.000025106,0.000038371,7a11b971f22d6cb0c631a84e1076eec816498d1c6994b4ad9ebf3699801e2e8b
2084,1764562481.492348,0.000031318,0.000022291,0.000023554,0.000016751,0.000023273,0.000040264,cd7a87327f6f65d4bc44e89ad52f673a1f706fb88e1e42f2154e82de3afd93e7
2085,1764562481.4935098,0.000022742,0.000015188,0.000020478,0.000016781,0.000021940,0.000035256,0e44137806e8424b9211e8fc91e3ba0c9d76d7b58d13612ce23e7b0ed6df3056
2086,1764562481.4946604,0.000021861,0.000014828,0.000020678,0.000016200,0.000020758,0.000034614,9b8e4a6831dd198c0008c8836524f17c4110d65c08231164cce0d28a547cdb3c
2087,1764562481.4958148,0.000020909,0.000015829,0.000019596,0.000016801,0.000020277,0.000035115,975bc60fdd32563bfb296c33b33ebc8d3fa60542811d2df201a35cd9fb78d756
2088,1764562481.4969704,0.000021630,0.000015168,0.000025637,0.000016049,0.000020818,0.000034624,3a234ca5f4071ecce032492636439a03dee68b540ba1b30776a57bdeeddfa55d
2089,1764562481.4985094,0.000023854,0.000016149,0.000035526,0.000022261,0.000049311,0.000066994,48cf4e52aab55878decbb83adde9d4021b838f3d67cf6dcfc91aadfaef551d3a
2090,1764562481.5000665,0.000028503,0.000016160,0.000026659,0.000018244,0.000025117,0.000044031,7d4c38c55d91a184b86092fc30ff38cb25ebb5cd0308be729e84ad96fe972927
2091,1764562481.5013855,0.000027050,0.000016540,0.000022552,0.000019156,0.000027150,0.000041657,2eae931195b46b67caa0774239478bd0e11efcae1f202276ee4670994e1e7322
2092,1764562481.5039415,0.000023424,0.000016561,0.000067705,0.000049852,0.000125322,0.000105605,89903653f33ef4a507ac032d77a077b9890101072e9e566e6e2b611bea38b696
2093,1764562481.5063148,0.000035505,0.000019677,0.000029194,0.000039082,0.000058268,0.000083514,b78893ddef79a6d6f8dc4f54e3bc613f5a345f54370fa415cf9c9d1f2dcb7b14
2094,1764562481.5077837,0.000026299,0.000017292,0.000034283,0.000018554,0.000031108,0.000041837,c0c582bb5dd5d75f6d1314171f6cab282c0cddaf6b177db4dc0d6226e02750e6
2095,1764562481.509616,0.000026449,0.000017733,0.000057747,0.000022302,0.000041677,0.000059530,c03720a2659e07f304bb1dac59ca3de91a4193a16e53aacd9ede9a50876ecda8
2096,1764562481.5121381,0.000028543,0.000027190,0.000059930,0.000025477,0.000051885,0.000071893,b30b427ecb400f29a8adaa1ee15f5fb159c335ce0f40616dd6e1da82dae0c4de
2097,1764562481.5142968,0.000050824,0.000033602,0.000029033,0.000024255,0.000037659,0.000071452,1fe60ef989ce37697cc0c6b7d97c353c6281fdafeb83775346fca2784d193d5c
2098,1764562481.5157552,0.000032400,0.000019005,0.000023934,0.000018123,0.000026749,0.000040064,9d70cea225b475aa750c7b735b8654f0db63087df65d11c38d8170f34829b694
2099,1764562481.5172698,0.000030606,0.000017783,0.000022912,0.000019325,0.000033922,0.000060101,c946d4926d857945d13118bfe3594504aeedbc91f09a3383da77b52dfcd8731a
2100,1764562481.5185137,0.000025016,0.000016089,0.000020618,0.000017101,0.000022130,0.000036888,e2857ec70b79eedf5cf7588b830cbe1f5db0c7af7f0a3c544a41eaa1f4e17a64
2101,1764562481.5196853,0.000023002,0.000015900,0.000020618,0.000016691,0.000021069,0.000035676,d4d16b02f3bad70dfbd88c72d43e21aa7b94a5de96756ee32f64ca3d36e6a3df
2102,1764562481.5209048,0.000021109,0.000023503,0.000023613,0.000017282,0.000020748,0.000035576,5f69f3ab37b70454876d71ed5ca6d14fdfecb084ff60677f91b6ebaed72db274
2103,1764562481.5234683,0.000027260,0.000017322,0.000055292,0.000049071,0.000113620,0.000128157,2760d88aae7a7e1fd6e280a7baf87b1da2efb14c8fd6c253bbaf79973b1d18a9
2104,1764562481.526222,0.000053188,0.000023744,0.000031479,0.000034834,0.000084086,0.000080939,9c130587087461f3a50215861e8eb46b351b5fa12807a9f88feda7e595b2120f
2105,1764562481.5280118,0.000043070,0.000030967,0.000021380,0.000017121,0.000022752,0.000037820,179286267874ddbcaac805ac77c1da934a42e8a7d411d83c889fbd2262775268
2106,1764562481.5292432,0.000022111,0.000015209,0.000023373,0.000017242,0.000024566,0.000038952,e0f8b16b7b7f9ba7684be70c5b3c48619bc121ec45f3ae7f44ceac04007c9e53
2107,1764562481.5304632,0.000023453,0.000015418,0.000020948,0.000016941,0.000021590,0.000037419,dc5a7a58b8149784b953eba993dd475b1415a833f5eeb1686507ebb29f0e1bb5
2108,1764562481.5316405,0.000021620,0.000015729,0.000021660,0.000016771,0.000021279,0.000036898,d4710c6244d477d835ff8418812f51e00f09f2bb185218f2ab905a9990727b06
2109,1764562481.532985,0.000020818,0.000016150,0.000023563,0.000018665,0.000027931,0.000044682,b6783c685f073f3d3e5ca49d3131fe819c16a61be90255065995d48d297590ad
2110,1764562481.5342479,0.000022903,0.000016972,0.000024205,0.000017713,0.000022081,0.000041176,cc1e0d6ecfa63366b62377f88b3d3281d8165f416f25245795e3d492bd9bce17
2111,1764562481.5355425,0.000021119,0.000016140,0.000030666,0.000019035,0.000024515,0.000041056,65d6e70173498731eef4f61d583adea34b18e4136f76f92ce3be17f12b707af1
2112,1764562481.5368197,0.000026239,0.000016822,0.000022392,0.000018244,0.000023764,0.000040004,29585f2a8d3945a4a4ac3047b7d901b4c7b795b69f2c1d779f383cb9b53efe54
2113,1764562481.5381532,0.000030096,0.000017602,0.000023724,0.000017042,0.000021369,0.000036287,ccad0a7632acfb47b30e4a2e072fb2162032714c5918a4dd8f5757455654d9bf
2114,1764562481.539334,0.000023143,0.000016140,0.000021710,0.000016250,0.000021039,0.000035405,16ec7813adc48604025323ec982116482476282d5b1061491db83369afa70e80
2115,1764562481.5405846,0.000022762,0.000015699,0.000023504,0.000018254,0.000024365,0.000037129,1aba1c4681f0d15bf524befd9b61034ed74be19007b0275b64c14734adaabc3f
2116,1764562481.5418925,0.000025026,0.000016681,0.000021500,0.000017382,0.000022171,0.000036678,e354f178f9be1797fb7143c8e33dc1c21040a74a66d148bb8e3382f8abda0fa2
2117,1764562481.543062,0.000023654,0.000016400,0.000020929,0.000017022,0.000021890,0.000035466,a2384043b5e6004ac69f3a2e647d488b27b92838424198f1eb6f8da3abda730e
2118,1764562481.544272,0.000022241,0.000015629,0.000023102,0.000021550,0.000020729,0.000034594,5236ac59f18b5a88af7f4eacfe2b8e489d20e4f39ea602898665be4b3184e112
2119,1764562481.545497,0.000023734,0.000016019,0.000021820,0.000016911,0.000022071,0.000035877,84d272fe941b21db8df2c3fa795ff93060a391904b75cf2159a8b0b43a55ce35
2120,1764562481.5469224,0.000022542,0.000016120,0.000043120,0.000018885,0.000034934,0.000042599,c7e963ef66fdddbb82defad38a8eb353b7bbcd3251851a78acf7beaea16ac73c
2121,1764562481.5484843,0.000034544,0.000020618,0.000033442,0.000019807,0.000028703,0.000041968,d21c7914175b75a54a5037dca5bf1f9376a01413868b5b82ca9f9aaeacdeaa45
2122,1764562481.5499866,0.000029364,0.000016480,0.000027471,0.000019326,0.000032129,0.000043059,6f392d24ce8a1509d7923af0da5bb3c1a2c63770007e873f820844a5cfeaee84
2123,1764562481.5512266,0.000024416,0.000015989,0.000022492,0.000017032,0.000022812,0.000039242,0c7bcd2a8632839ce7faeed77766492a517829cc9d7b08aeebb8a84cf5adb4d4
2124,1764562481.5523884,0.000025197,0.000015819,0.000020367,0.000017032,0.000020358,0.000035245,590d5629b8afa3ba7035c2107e350b77174fb3eb76416a66f3cc6f0705f8ecdd
2125,1764562481.5535495,0.000021079,0.000015388,0.000021640,0.000016481,0.000021830,0.000036307,cae6f97cb163f84dacd336feb3d6c7595e13dc98b8f5dcc8fd53ccb777a91be2
2126,1764562481.554682,0.000021400,0.000015158,0.000020017,0.000016901,0.000019706,0.000035285,61cc5eb6a08a89669d60d2b81f5a1c177055c09781a9a30f4ec9061e0affdc50
2127,1764562481.5558162,0.000020878,0.000020678,0.000021280,0.000016431,0.000020227,0.000035045,35ccc303801f18ca513915c392560735a4c09ca3f6454a7702090024b0d28338
2128,1764562481.557018,0.000021861,0.000015689,0.000021470,0.000017673,0.000020698,0.000037009,0ffa1c3dc96bf092f4cd69297007b11fcab9010675da82f6f11b53d5fd32c70e
2129,1764562481.5583742,0.000021320,0.000015850,0.000021560,0.000019496,0.000026849,0.000047708,f018bb354ee34cb8fb62f8c45cb7415f6669af9209045dc6d035cb9445be1107
2130,1764562481.5598464,0.000022742,0.000017302,0.000031618,0.000019025,0.000029505,0.000047608,90fc32c99ce845da05c9ffd89b8043946ffc1047c66984a1b46ccd525f7d1cdf
2131,1764562481.56141,0.000035526,0.000022431,0.000024536,0.000018064,0.000023764,0.000049161,1d806f8248edfd8d22410deeecb63a665e402436f7dd04fa73c1bb3748797610
2132,1764562481.5630531,0.000024415,0.000017924,0.000041567,0.000021239,0.000035836,0.000060391,9c4d45f8e7e1c1f745c0a667704453746c9a2d357243508ce60f31bda2765a38
2133,1764562481.5650167,0.000037910,0.000022181,0.000051746,0.000019787,0.000030116,0.000054301,0b209ea282058f278b27c3b8040a30bddbfd58560ae462388638ab0001f3e93e
2134,1764562481.5665162,0.000032961,0.000020669,0.000025036,0.000018834,0.000026869,0.000040485,af6da96602169d27b1c06de26f3e198d63bfa52a5d659168bc27166b443142d5
2135,1764562481.567911,0.000024355,0.000017543,0.000038461,0.000017913,0.000026198,0.000038311,13329b17c1f7ccf57eb4dd10fc32c3ef6e197008fb3041bb59120bf741c78148
2136,1764562481.5693202,0.000026098,0.000016741,0.000022371,0.000018574,0.000030036,0.000043941,0162fa830dd696909d9e47926841e21a3035ac16a5f5333648d62664950f7cc7
2137,1764562481.5706406,0.000022522,0.000016741,0.000027691,0.000017672,0.000024705,0.000041146,e9842d89add442f78310056689fae76ec8ec7604a58a46455bf87689fa8fc67c
2138,1764562481.5720494,0.000023464,0.000017893,0.000035555,0.000018795,0.000021880,0.000043320,58b664ef6c9bedd4d44934a0ffd90a8c0a2206d76368986f309a142bbd212d06
2139,1764562481.5737786,0.000031418,0.000018524,0.000032761,0.000020588,0.000039663,0.000092110,ac614122f1357a64ed7cad3ecc04404e1b3665e1db53b5924ab43dfb926eea8d
2140,1764562481.57517,0.000024926,0.000016791,0.000021340,0.000016851,0.000022612,0.000041427,4fed8f8fc73025a7b1f666801a77e094411e90302e932b551954440ed4f5df96
2141,1764562481.5764582,0.000021841,0.000019346,0.000021330,0.000024986,0.000066854,0.000037941,0f5900642e6965835b780ca8a144cc3253220597f00ffd924796596331831bfb
2142,1764562481.5777068,0.000021770,0.000015689,0.000021620,0.000017573,0.000023443,0.000036667,2ff18c95d9148085dec51c304f79817999dec62600d49839a608c4e9f0040cfa
2143,1764562481.5791225,0.000021780,0.000017042,0.000031859,0.000019626,0.000025167,0.000039463,81b431d7f3640a4b77022f35aa3a477fb2837014012e2273ee871d4636c1891d
2144,1764562481.5805757,0.000027421,0.000016631,0.000026890,0.000018945,0.000029765,0.000045444,f13236f2a1a07bff0135f5c185c7b7b5ac8bd3ea98be1e8ec03def0de292c999
2145,1764562481.5820873,0.000023373,0.000016531,0.000029805,0.000018545,0.000027150,0.000041186,6b19b1df3590d3724a0de4476bf7b95c1cb91be14a211def885375c91d0d9874
2146,1764562481.5837474,0.000024455,0.000016601,0.000026388,0.000025107,0.000038821,0.000063066,b74e5b99fbe708b07574e9677bb64e60aff9fe928d65379c06adf7e428c2728b
2147,1764562481.5853362,0.000031758,0.000024325,0.000030907,0.000018955,0.000027921,0.000040524,8d24093d94469a9c0b380eb699ad6bbbd37afb04a119f751979488b9eb07a594
2148,1764562481.586713,0.000032891,0.000018144,0.000026079,0.000017523,0.000024705,0.000038612,6b61ff7ce5c599121806f96ceeadf2b096add13f6b268cc0c06b3e16aae6aecd
2149,1764562481.5885367,0.000023082,0.000017112,0.000045053,0.000024816,0.000045975,0.000074939,de948f6b578621cafe7eb7b28c64cd35fbf30d73bfb3799dc3851b92ac0e244b
2150,1764562481.5909643,0.000043490,0.000019707,0.000061684,0.000029675,0.000063177,0.000077132,08b882a03604e1385166aa9ee0862f23c0cc17431f5f1bceac3283c100d16337
2151,1764562481.5927336,0.000034985,0.000018404,0.000023834,0.000025888,0.000033833,0.000056425,1d1777283bf69a0028bdf9a8e2c054c0f412f9081f7d21b6db38eba26459cd30
2152,1764562481.5944579,0.000029285,0.000016681,0.000023894,0.000025648,0.000049050,0.000048750,5c21379c7dabe09688fb1b6ddbe6a1069d361e8384a1646fe20d76ab335dd5d3
2153,1764562481.5966077,0.000024636,0.000016560,0.000031268,0.000032880,0.000073926,0.000115232,7d2c8cf9199b87917df04b79a80c12bfc0bacedb14fd07730e95dc7f1a7782e2
2154,1764562481.5984817,0.000025256,0.000017652,0.000039634,0.000020257,0.000036387,0.000078245,0ae5b59ec827a1762c51f4c3ad0fcccec583102995d394445d12f421e18dc317
2155,1764562481.599945,0.000028433,0.000016811,0.000022291,0.000019216,0.000036828,0.000047658,817de77f5de1b19cc4c592f6963d062e273f5783448ff29255a8d06627a799d0
2156,1764562481.6023064,0.000021850,0.000015238,0.000021961,0.000062185,0.000128717,0.000084536,56eb50df780e63d4ba4ffa04fdf94bd251981d51540fee25364d30d5be6f4e9c
2157,1764562481.6035295,0.000021179,0.000015008,0.000020558,0.000017352,0.000023534,0.000034233,a32862ddeccd56914e03fb0f67f73eb9de156d1a44f0f322ce52526f0d269754
2158,1764562481.6047487,0.000020789,0.000015168,0.000022481,0.000017322,0.000022942,0.000036107,e5df3248a4be7f94cf7402ef5087595be1f8e9ff2c926a3448a6b6977b03388c
2159,1764562481.60613,0.000026078,0.000016200,0.000029154,0.000018975,0.000026629,0.000042488,6a0c0f50323c92a34f0310338dd282a290647c948f14a7803d8a45502d2d2f67
2160,1764562481.6083338,0.000028122,0.000016480,0.000074668,0.000022111,0.000045394,0.000062074,1ba4c60d8c1d85481156f41fa968d0654647a6a7841c0ad5ec6ab3c6afd16b80
2161,1764562481.609985,0.000028834,0.000026329,0.000022201,0.000020528,0.000036567,0.000045454,a1c8383cc18bab7f4bbda997e76e1423fd508b9b1d9db99d983f222887960dfc
2162,1764562481.6111512,0.000021580,0.000016280,0.000021229,0.000016471,0.000022762,0.000035275,503adf0420368d14bdb136ec5430d3959c8a21c06b6b364da2fdf043085b4484
2163,1764562481.6122668,0.000023193,0.000015709,0.000019446,0.000016431,0.000019947,0.000033582,01d6e9ffc0d399bf8fa393b3e1e2dc5d68bb4617bd4700789f8672c70c5786cc
2164,1764562481.6134667,0.000020187,0.000015138,0.000020928,0.000016962,0.000024165,0.000036798,9efddb38b38afda9ba6e2aefe2e8edbab5fd6d006a82b7e2313952e1999b4b59
2165,1764562481.614623,0.000023043,0.000016130,0.000020829,0.000016761,0.000019756,0.000034374,ef84c3d8c750cfd7cb5d04e2c3c5c7523b52d1e03d47c22924f8bbb50c37d05f
2166,1764562481.6158018,0.000020808,0.000016300,0.000019886,0.000016311,0.000020307,0.000036577,d7178c3631946d1d8e413aa678ee8524739848b93d02f0f06ed8e120d274bbd5
2167,1764562481.6171427,0.000020968,0.000024735,0.000024826,0.000017412,0.000022532,0.000036418,a423a0b7cdcb9a85505571777e99fc4142434041912be3107a070e861fa4682f
2168,1764562481.6184604,0.000025356,0.000016160,0.000023904,0.000020157,0.000024876,0.000044623,a79457f7b1350c8ebc3ea6668b0479c0150e451073e288d545d51efbcf8c4258
2169,1764562481.6198418,0.000023373,0.000014897,0.000033943,0.000017683,0.000026188,0.000041447,c7371b7a41ef0c925dcaf37a8bcde4170c35ba1ccb8c1396246f61c0555c705f
2170,1764562481.6212208,0.000029044,0.000018264,0.000027111,0.000017833,0.000025618,0.000045003,9079e5e7438add7b05abd11741769da641540508cd93e48c4487e75a47cec824
2171,1764562481.6231012,0.000025868,0.000019836,0.000056975,0.000020688,0.000037319,0.000056845,23cecf825ea2ab7d12cf9c5ebd39f40ea68e1b9e9735e12474853d05a2ebc1dd
2172,1764562481.6247392,0.000035476,0.000018214,0.000030055,0.000018474,0.000027872,0.000050824,906272aac9f41258c38cdd53e296f1832bce4cb154ef33ac08915018db435c43
2173,1764562481.628369,0.000031308,0.000018815,0.000096448,0.000044482,0.000111646,0.000154205,39d7d6b0c388fd79a668c12ce88de6f735e63dff009e019698def768fa065871
2174,1764562481.6307096,0.000043470,0.000020077,0.000026619,0.000028232,0.000057797,0.000060602,2a76a8319d66e7b1b0e168b8b393911a3175645f95aed3fa8bf1560449cc322b
2175,1764562481.6327481,0.000032610,0.000017592,0.000029114,0.000022702,0.000036026,0.000054430,f7de714a4f52a6dbf89e30fa9ba16869ffd792404d17db0ca9788b1626b1549e
2176,1764562481.635036,0.000029184,0.000017572,0.000045635,0.000035235,0.000068046,0.000097150,526ea0e752723e5ef3e983f076776d5f9a4bb832cbfe532bf775363aa6a3b1c9
2177,1764562481.6377337,0.000035155,0.000020147,0.000041887,0.000044993,0.000064308,0.000134218,fdbbeff485daf18c3d7cbfb193fc9f31fc1fb57683c31ba9f5629f9e6db7645f
2178,1764562481.6404889,0.000129900,0.000025137,0.000028703,0.000036878,0.000061784,0.000083584,e1317dc7e0566d4af25da5a70be248994ade17ab8b0a5eb9feb3e61db947614f
2179,1764562481.641842,0.000025277,0.000015499,0.000023023,0.000017783,0.000025558,0.000037319,e75b4c784674963e500b7ffc3c58ebaa166900aaf6f8835f87182a3df4b58f77
2180,1764562481.643015,0.000022051,0.000015228,0.000021129,0.000016912,0.000022592,0.000034474,f2e9ae9d551adb152f01bf7a746875db98e3eb815f1c4db3a0f0a83b5ebb6243
2181,1764562481.6443467,0.000028092,0.000022251,0.000025988,0.000017733,0.000021590,0.000064950,4eb5ed5b4147583f78af7981a8ba61e42e890942704f69c59a6284a0814ef294
2182,1764562481.6470878,0.000025337,0.000026248,0.000122166,0.000042739,0.000086109,0.000124420,824722ba12bdb2ef4bbfa7c50e589a46213ccd7d1243bea20ced00b32b5d8197
2183,1764562481.6508214,0.000062605,0.000024125,0.000094875,0.000041727,0.000086299,0.000141241,bbb5b88248309e4261355c58b99fdcd9c8f747ee691394e57b8c92708adce948
2184,1764562481.6531417,0.000054360,0.000022161,0.000030937,0.000035185,0.000051485,0.000076181,a6e9436fb663331aea5da4ffc7df18324bd76b37af1debe6fbc079c5e854fad6
2185,1764562481.6556833,0.000028001,0.000016661,0.000083775,0.000034804,0.000055042,0.000091289,b1a0f02e6a5b455536f5a84e736c7009e8e375c87a65970d5d3e010250bb40f7
2186,1764562481.6603255,0.000070420,0.000028442,0.000092882,0.000053699,0.000093934,0.000138105,2df19f200509357f8a983d032711439acfb611296ffb175761e1d783d860b513
2187,1764562481.6641145,0.000054009,0.000024706,0.000068928,0.000061684,0.000143615,0.000202905,0c66269a20e5bda611c6abaa07895d05c56fdb132e593dfdddcb01d8aa4348f0
2188,1764562481.6676376,0.000046406,0.000026398,0.000069639,0.000042739,0.000104713,0.000116656,a39cbecba54ce9ad66fe7f1e0d7b3cd22b9e4e6ac53fd465feb8deac183051ad
2189,1764562481.6702735,0.000049532,0.000020878,0.000042408,0.000034634,0.000049992,0.000081380,846bef772f00dd316394742ab69dd511b5baa3d4a6d0de4d0d8824db7bb12ca1
2190,1764562481.6724002,0.000047368,0.000031999,0.000046075,0.000017963,0.000027110,0.000039633,182f03c4310239c28e4cd1fcc9aa6ad22e71f561a6fab64ed0ec6e352ea5352e
2191,1764562481.675502,0.000046376,0.000036488,0.000034314,0.000037359,0.000053609,0.000100235,837036f45ada594a8ed4fb5d86a68b87bc6acf14841375268cf3d52cd85053a7
2192,1764562481.6774175,0.000028703,0.000017222,0.000029584,0.000022672,0.000044131,0.000045434,80d82eca2cc45b2865ac99c757aafc0fefb5562598031787e5e4bd6df3c61bf0
2193,1764562481.679434,0.000028643,0.000018825,0.000032169,0.000022412,0.000047337,0.000062736,e761d96277be6d0ad615ca6eec399683aa87915b60939f48709099cafbc5d17f
2194,1764562481.6815636,0.000027000,0.000018123,0.000032059,0.000026098,0.000055222,0.000060591,cdcee7060c27966f5c4e22b0d9df552186224de4752174ccc29e0c259aa23920
2195,1764562481.683122,0.000030166,0.000017973,0.000022272,0.000019876,0.000034814,0.000042619,5d7850ee42f8915365adc14b73494420bb6a5861be53cf613c9cae12b1bd9426
2196,1764562481.6846654,0.000021951,0.000015699,0.000020648,0.000022692,0.000040845,0.000055202,02365a428730de0e50114f638ca9b05ca984f616eff7d2f30257171cdc923b2e
2197,1764562481.6859603,0.000022432,0.000015288,0.000026549,0.000016330,0.000022271,0.000033832,8ada38b4692b8333e0f01c8d359753ec8f510d02d231442d0bec9f684761fa18
2198,1764562481.6873858,0.000036527,0.000016711,0.000023894,0.000024325,0.000061454,0.000038140,c4b675c2c74998a9ff83f790e3d9b60200f02c1839ac22608033a20f470e1dad
2199,1764562481.6889966,0.000022050,0.000014717,0.000046866,0.000026418,0.000049060,0.000046586,c65ee93db2ee63e2a77643359bdeea4e97bd584c6257f999636c296f2ac1c505
2200,1764562481.691448,0.000040254,0.000030326,0.000033121,0.000037961,0.000052798,0.000085168,775076e49ed8c2565d0c85ad619c48b2cdda519342d99f7d57bc8788f7454024
2201,1764562481.692941,0.000028353,0.000018655,0.000020237,0.000020227,0.000038331,0.000047097,be7a10bfbdf5cba9e4a518911517f92a809f11bc66cc108a6c0266484307925b
2202,1764562481.6941094,0.000022041,0.000015288,0.000021089,0.000017613,0.000023413,0.000036357,16d5e8d415c6f3cc08a59a78107b878ca27d108ede2d95f79de0483ac7565fd0
2203,1764562481.6954799,0.000020067,0.000015168,0.000020708,0.000051815,0.000018765,0.000066553,dfdd57a9ccc4c91ecc54271432896ff46ff22575c19e7f40925c32a2e8499e14
2204,1764562481.6972032,0.000021841,0.000014717,0.000023243,0.000028553,0.000051224,0.000065311,267ea111620dead38f75668ac69f06169be99003f5f32b76af16ec98d554b073
2205,1764562481.6992698,0.000050774,0.000033231,0.000024936,0.000032310,0.000058698,0.000072194,d470d365a34597ae9377c073f9ad9563fe1c6ef9d4ae2291b3841abfd827378d
2206,1764562481.7006874,0.000023263,0.000016250,0.000027661,0.000023363,0.000030226,0.000055913,01219521717ff799dcb04289100c02a02c84872222a5d01c2db27930b01e9d87
2207,1764562481.7022796,0.000032150,0.000022161,0.000025787,0.000023343,0.000031919,0.000058077,712296cde5a03059f66cfc2e22010c40744ad75e30c5235bb7973eb244710ebe
2208,1764562481.703736,0.000023723,0.000016069,0.000028362,0.000021129,0.000031408,0.000052688,96a0fff110dde4ab75539e4ef95f074e4a2ce7f470c5df454048fd1a23730d90
2209,1764562481.7051246,0.000025637,0.000020357,0.000024876,0.000017452,0.000026029,0.000037580,32e0fa0e4c2f0af20b1654516860ee37954729ec4325b6edb870442570646190
2210,1764562481.7064137,0.000023433,0.000016030,0.000022151,0.000016831,0.000025828,0.000038301,ad780816fe2f5f6c4a28b5d9ac9ccbca4e218a6bb480a3942fb489ea3545d4c9
2211,1764562481.707829,0.000022402,0.000015249,0.000027501,0.000018725,0.000026970,0.000041045,509c53d0848f96e1bb6c71991135aee1516d6ffa917da0750d0a2caab182013b
2212,1764562481.7092812,0.000023344,0.000015639,0.000023133,0.000020648,0.000027100,0.000041977,21dfa4453c063cc987220342a6a53463e1d2d658cf855a69bd26788341404b89
2213,1764562481.7105806,0.000022352,0.000016160,0.000026970,0.000017072,0.000024215,0.000037329,25be3eff40f3f531842ea1454a6bd3e7b5397dd4884d889ef08a893ff4a3c378
2214,1764562481.711715,0.000021740,0.000014657,0.000019997,0.000016731,0.000019596,0.000035336,aa7179bc9a0244fd7557a76fa0df16dcb1ff7c7fc6659ccedd0af5aa61aa3100
2215,1764562481.7128427,0.000021390,0.000016330,0.000019917,0.000015319,0.000018654,0.000032741,6d6e48306d34a6bed9d2162d0025acb74e3fb08a473527f2cfaa6182a1642ae3
2216,1764562481.7139533,0.000021350,0.000014787,0.000019576,0.000015709,0.000018945,0.000032761,ed8b0377d667892fd15e7d3550755310534e8464b0468e2b66e4b42f44f00851
2217,1764562481.7150629,0.000020808,0.000014297,0.000020178,0.000015749,0.000019606,0.000033242,2a4b3dfe66e4b3b338bb9f19d0d5303a585adf0323c43bb8ae999eb03ab95f78
2218,1764562481.716461,0.000020718,0.000014877,0.000033332,0.000017222,0.000022051,0.000094965,f15f8b519a32b490011f39437c0ec3b5aede890b39247cb12a9d8be78c569576
2219,1764562481.7178273,0.000026799,0.000015599,0.000020758,0.000016270,0.000021640,0.000040505,bb98777b29f4b1adc3aad8906383914b60b4cb6c2f134c77d8b31cc9eb5b2da3
2220,1764562481.7200203,0.000050323,0.000031078,0.000040305,0.000029505,0.000042439,0.000038000,b2a2ec9c18d3c5045c4edfc952dbf189d5614c53d53d999cd26edb518472ba07
2221,1764562481.7214022,0.000042138,0.000029144,0.000020578,0.000016240,0.000020047,0.000033893,532f920a0957a4544bc517e8b327a46682d3f67028fe29b9f261100a3f18e9bd
2222,1764562481.7226624,0.000022181,0.000015318,0.000027651,0.000016421,0.000022381,0.000041857,263c66789cefe9c3d81a3535cc6868b6fe5f33b5b5da7f76c7b6dbef1a95a628
2223,1764562481.723848,0.000024846,0.000024315,0.000021760,0.000016751,0.000019807,0.000034384,71d7f04e32dc5fa017db66d5aecd32acf916d60826a77ef959a8004f6fb69693
2224,1764562481.7251472,0.000022231,0.000015348,0.000029905,0.000021069,0.000029184,0.000044121,aa000b89da3f062ded3c2e2406ddd9d6d9d5e83cfb17607b14b22f87c80119f5
2225,1764562481.7263265,0.000023914,0.000016109,0.000019866,0.000016991,0.000020859,0.000034083,83e68f06164aad049bf2426033fbe603e8667bdbbb98e4b05d4d008eee27aba1
2226,1764562481.7274513,0.000022812,0.000014617,0.000019806,0.000015589,0.000018965,0.000032721,9cd5d92474ef049d8c5136d0716850e9d18f880b50a543638a4413ce14a3daba
2227,1764562481.7300425,0.000021570,0.000014687,0.000023013,0.000050082,0.000127055,0.000094745,37de1a632e8a4fb96b17081d6297ee694fd79c37f471f0b8e1b8f48be5200a86
2228,1764562481.732183,0.000041056,0.000028924,0.000024655,0.000033141,0.000045654,0.000076912,4daa318530512446d6963788eaa1fef422c38894ec3aacf6774bcd9ac9a12b3b
2229,1764562481.7340243,0.000023564,0.000014998,0.000019315,0.000036097,0.000056224,0.000072855,ce98694f7c8681ddfe8a4619fa6a1c01d854949546266db1392ba561a3d20f86
2230,1764562481.7353516,0.000020989,0.000014827,0.000020528,0.000016851,0.000022302,0.000074507,a3ae4a1d7737120301cfeae05b25dc1ec6d7c7216f397dbba923a7e3fd1af94e
2231,1764562481.7366748,0.000022912,0.000015539,0.000020307,0.000017743,0.000039833,0.000034153,62d90af2c7ac08118fec503bc6bf50c2c8827dac3098b277ef9f74e7f1bd21a7
2232,1764562481.7378125,0.000021189,0.000014487,0.000019366,0.000041957,0.000019005,0.000033051,e3640e65e39ce114973d7ed7c8030571b18cfb6cedc08d3fc62768af3810830f
2233,1764562481.7390811,0.000022131,0.000015389,0.000021189,0.000019767,0.000026639,0.000040786,c83045bf9710b6b6b4b6fd352ab3ca4fb1c6e50cafaf02ad323e084fdadc2ae3
2234,1764562481.7415128,0.000021630,0.000015409,0.000030646,0.000057126,0.000126264,0.000126775,f1aa09a9835ae9a0c030ba658dd9d247fff47fbc8527ffada81ba85f41502549
2235,1764562481.7433338,0.000024054,0.000015248,0.000023423,0.000021450,0.000045604,0.000063717,6e3d63b9ada4a519d8424e04c27a9ccec6c9fd1f3484256bc21422c3952ced1f
2236,1764562481.74454,0.000023554,0.000015038,0.000019366,0.000017463,0.000022391,0.000034704,723a697b94c407294178c3e7aedffcaff519393af4e269d64ae564ae07215232
2237,1764562481.7467225,0.000020999,0.000014667,0.000051264,0.000037148,0.000091439,0.000083004,6aaff9d8c929c41a9f459c6ee89bc78791f580f32792dc963172fd5e8854dbaa
2238,1764562481.7485256,0.000028533,0.000017513,0.000022682,0.000029675,0.000056334,0.000072674,abdae170c93b42aaafc505834c02715ea8e42e0790347f198c90d102c8b3dc7b
2239,1764562481.7498674,0.000022001,0.000015208,0.000023433,0.000022401,0.000029835,0.000052778,6c8f624adf90cb62530dddf7c54188a1cd689596d109945cef880c2d73c2c5d0
2240,1764562481.7514277,0.000021320,0.000014727,0.000018605,0.000045725,0.000049852,0.000070761,b025dcfaa11129b041cab7a9b42dc351f8b82647af8116ab66cd3cbde414d05c
2241,1764562481.7526007,0.000019987,0.000014637,0.000019456,0.000019426,0.000023573,0.000033441,31483f3c9dfa9f9debe4fe9c0d3342f280691d2c2e15828b2ec02c1bb6dff0ff
2242,1764562481.7539423,0.000022011,0.000014186,0.000020497,0.000020898,0.000024535,0.000051946,3a9f55f2e2e42d145c9eb14b56d5e510080674c532e597e4acbd872397d83c24
2243,1764562481.755134,0.000020298,0.000015979,0.000019717,0.000019997,0.000023183,0.000050603,74959f402ae3dac0582345627f8a1975d553d954f9cb9305dd456df5464fccc3
2244,1764562481.756441,0.000019926,0.000014757,0.000019356,0.000020167,0.000025367,0.000051435,178a60ff7704108f284662ff2fdb02247cac2abe10d5542e3da39c11791cfc1c
2245,1764562481.7577126,0.000020017,0.000014397,0.000020588,0.000029915,0.000073495,0.000051195,8fedc41341efe2efb22124fb906868ca5d4ac60b37fcba9e6b0693570e8fa1b9
2246,1764562481.7591608,0.000020859,0.000019576,0.000025537,0.000024595,0.000036187,0.000062836,8d6da3227ad854f0430c22add6cfa2cd7319a703dc325f6046295d1622d86b02
2247,1764562481.7604268,0.000023073,0.000015088,0.000019526,0.000020418,0.000024756,0.000050844,b7103d298a866aa4cd2ac7c2ebb763507cab64d4b02815131ed2264422db8ba9
2248,1764562481.7616267,0.000019526,0.000014447,0.000019175,0.000020167,0.000023103,0.000049822,17b198d9a3277d0f45dc6a04c2c3e69b700e7350ae5d29816a4e13bcc5a56806
2249,1764562481.7628217,0.000019947,0.000014658,0.000019536,0.000019867,0.000022992,0.000050643,9bf1fbf60fd83551a643fbfaa8a1e409ae659690524263bb08141d911a906a1e
2250,1764562481.7640653,0.000023333,0.000015098,0.000018985,0.000019807,0.000026278,0.000051766,e85ffc1c5b6a3de93fd2095c0b29f140195dc67881d842850eea333fab34056f
2251,1764562481.76553,0.000019716,0.000018214,0.000020548,0.000023303,0.000071773,0.000048489,1740781d7ac200c45ef89717c8a32f65174d3e855d42132e4e891d29bef5d09a
2252,1764562481.7677531,0.000021179,0.000014767,0.000037149,0.000053599,0.000117818,0.000102229,29bacff5225cc1bbfc82d0c6a5b62e708a8066ab4af49095c9b5d2122721894a
2253,1764562481.7694607,0.000035986,0.000018354,0.000019686,0.000018595,0.000026238,0.000070260,7117f5b36ad2bf51af587b0a67d7d4aab735e365113206473e3f525fe42eb43c
2254,1764562481.7705917,0.000020337,0.000014547,0.000019236,0.000016690,0.000022431,0.000033342,b9819a3164fe3a2db991ef11bf98722194e0e8fe98ed25069fea7e1ee41f1f5e
2255,1764562481.7726004,0.000020819,0.000014346,0.000027832,0.000043160,0.000068166,0.000089345,0b3c9b8c402db75aa51bb6eea9f43f38127f4af8558663689d81efd97b3e91d7
2256,1764562481.7744057,0.000023954,0.000016009,0.000032901,0.000034353,0.000047227,0.000074016,ee960d261ec1b1b29551b013cb7c640d59e831c954481b892e4c383c1b14c208
2257,1764562481.775838,0.000028021,0.000016560,0.000024896,0.000019025,0.000027030,0.000039383,74789663bf83e52f22ec22ec20f5c9be549e1f7b9f5ce7d4b2c044794cbfc683
2258,1764562481.7771788,0.000031658,0.000016380,0.000022061,0.000018224,0.000023924,0.000039553,ca7f3e10b2f6e2a535de900d3baeca2ea941f0fc98307a67a9ef96359e9ea01d
2259,1764562481.778822,0.000021710,0.000014517,0.000019766,0.000036287,0.000059069,0.000075961,65495e6e502536813296c5b3389fb3a316e27e88590c5fe7f74e0ddad13d38eb
2260,1764562481.7802484,0.000021399,0.000014687,0.000027140,0.000031388,0.000037599,0.000064249,5289913a141f893fc1a3d7253369a632558e075035fb9fceb8ee65234e9b3a68
2261,1764562481.7814624,0.000023624,0.000015168,0.000020387,0.000016670,0.000021730,0.000034844,d8209c750fd48a5a1a0fcf5b5889c84b2907a646aefd5d00f26dc5fd7e18cb0b
2262,1764562481.7826679,0.000020397,0.000015038,0.000029294,0.000016050,0.000020057,0.000033973,bd104af7e3baab4e97e5bc579b66a469e33828f9d41e4c7f748304093e5945ec
2263,1764562481.7842057,0.000030316,0.000021249,0.000022442,0.000020047,0.000029023,0.000054331,af91b36c3bdb305d4466fd86dbe7e3aa24ecd73950817ffb5d36915c5140cb53
2264,1764562481.785446,0.000021700,0.000014617,0.000026379,0.000016560,0.000020528,0.000034214,fce9917e1f579a1564dc2b5578b93bda6ba9ad34e653a85a4cbf381d505658ab
2265,1764562481.7865605,0.000023433,0.000014938,0.000019035,0.000015599,0.000019346,0.000034103,b174edfb3c2a70333f7b927aa0e7acaad983aae75af37d9a5f155b9d27ce33b3
2266,1764562481.7876341,0.000020497,0.000014487,0.000018724,0.000015489,0.000018835,0.000032880,2b3a51af678ffdd208128ed841dd6999d8b8236fbefe3e805752e0741b87df48
2267,1764562481.7898672,0.000020107,0.000014637,0.000027461,0.000043671,0.000122977,0.000087201,e42f412dfa172eb975ac6e71983f4b9c6493e4a96b355b1a53551c1b78ba915c
2268,1764562481.7918026,0.000023634,0.000015949,0.000037769,0.000027340,0.000043000,0.000072785,8b5df87e3ebcea4461be2cd289882928ee75fac723ee57c2cdfca6083341252b
2269,1764562481.7933762,0.000032821,0.000023373,0.000020528,0.000019646,0.000032460,0.000039763,7f6a37d83ceb4bc7544e8eacd2264e8f9a2f1469f8cf01dc7840c3e432d1b568
2270,1764562481.7945135,0.000021540,0.000015108,0.000019195,0.000016591,0.000020307,0.000034964,18909a22386873fc75cd253e4781c96c581186afddb8e7547c692140576a8791
2271,1764562481.7956553,0.000023013,0.000015589,0.000019135,0.000015950,0.000019416,0.000033521,8c3cd1e7c7391f94580099ca3f904ec5fb769f10c61d9d1d2fb60d1c79196891
2272,1764562481.7971709,0.000021169,0.000014627,0.000019716,0.000023303,0.000044301,0.000044432,ac2b6ccf539440b9d4ace32a2c6f35170912f036f1aad74f191b66b01ad17583
2273,1764562481.7985075,0.000019967,0.000014968,0.000021169,0.000018834,0.000030446,0.000038461,63684c12421e3d8688118ffe8bcddc639809aab9c5b670720d12a2193c122801
2274,1764562481.7998898,0.000019977,0.000014597,0.000027381,0.000026339,0.000086510,0.000040595,bc0654da31d2d1e841b298011f1df6f50d0e0fe305f57b915f4488c47579024d
2275,1764562481.8010244,0.000022061,0.000014527,0.000018715,0.000016741,0.000021620,0.000033081,7bdd582c9e282462463ebe257137dc0b35f489a71d524cdc956b69998b0608a4
2276,1764562481.8021727,0.000020708,0.000014336,0.000021851,0.000016039,0.000019867,0.000039253,d28aa81f8bd15267fabb63c07c1546506e0521e102a0086148f68b96fcc4c849
2277,1764562481.8032584,0.000020428,0.000014487,0.000019416,0.000015509,0.000018574,0.000041166,3284fc524782596f50ff77a325ee28c6f9f5cb00ec00408c939e7efb9c80d1f4
2278,1764562481.8043697,0.000022893,0.000015819,0.000019246,0.000015889,0.000019216,0.000032520,57891e6a24783f869bfe728a3db17447b6d90a962ef09a3d58ed95195896e2c5
2279,1764562481.8058517,0.000019897,0.000015018,0.000030276,0.000019506,0.000024686,0.000039283,2a36c29a7ddfa29513b24f4881e85114f614e7e7cf4346e5e0b6f208615496f8
2280,1764562481.8083627,0.000025076,0.000017302,0.000038361,0.000047568,0.000093823,0.000095347,3b1dc865c4f0cf1327de9ccf0fa3ec4e9d7af51bfacb3a0cc0bb9173cb3ba731
2281,1764562481.8100023,0.000040976,0.000030096,0.000019375,0.000016330,0.000020598,0.000033332,742a507fef4e2f839aa62a99451ae96f8c14f23cb25cd0b9890be0895051db58
2282,1764562481.8110847,0.000020427,0.000014737,0.000019766,0.000015518,0.000019046,0.000032831,5b197919e5b7a3368bb72f9558f4bd9488af87a733b7872a5d772ea40955c973
2283,1764562481.812188,0.000020177,0.000014507,0.000019156,0.000015459,0.000018775,0.000032209,f8a8d363e3047361335ad13ffe4910e277d9e30f9c56162ec268f80fa54c1f44
2284,1764562481.8133216,0.000021019,0.000014777,0.000020859,0.000016010,0.000018584,0.000032971,a9aeee66385711023f71ce51c287649368f82852dee3d093366460506bb6bdda
2285,1764562481.8144841,0.000020007,0.000014667,0.000019586,0.000015859,0.000021740,0.000033652,65b3bb850d5159ba696c72acbd46bb6667f9e9df3bec6fd3037a5a36b0d0507c
2286,1764562481.8161712,0.000020778,0.000014928,0.000052557,0.000016190,0.000023543,0.000036006,14c46dc1c714d7614789ea70c3babc9b03122c996cd51ab68f9bdf710dc926ef
2287,1764562481.8183327,0.000066743,0.000041597,0.000025948,0.000024555,0.000043300,0.000053259,f1e597b394a8814f55b251c87654d0d0b1e34cbe95ab8f9867c287d857822747
2288,1764562481.820766,0.000022010,0.000015278,0.000023433,0.000040495,0.000067545,0.000080418,80add4b8c218bea56c4719b5d24d8e25bcb16743b14958b6f4ca83c5332e2f84
2289,1764562481.8219283,0.000022271,0.000014617,0.000020197,0.000016010,0.000020197,0.000034073,24803ab6cda422abdfb292aa83780cafac2cd55a8d0c0c42b7f46e2849b19e3a
2290,1764562481.8232136,0.000022131,0.000026749,0.000023964,0.000018404,0.000023834,0.000041757,f2961ad3d1b1e79e3d8a800e1bb8cb536d5228ab14e6e9abb4a9a3ed2fe9e5fe
2291,1764562481.8243663,0.000022432,0.000015549,0.000019395,0.000018044,0.000021079,0.000033141,49ad81dcb5a60c7d3c348f9d7a3dc2b2a11914b59e3637298834eab9bbbc2e68
2292,1764562481.8254812,0.000019807,0.000014587,0.000018795,0.000045434,0.000019767,0.000033632,98bba37bf522c3c624ed56d5981b0ecc6c237aec081bfdf44ae6bd111c9cb098
2293,1764562481.8265774,0.000021109,0.000014166,0.000018534,0.000016300,0.000019446,0.000034684,cc30e6d2d0eea02f6ddddedb34d75f4a249e534b7d7db71b7fb944102d40fb71
2294,1764562481.827626,0.000019817,0.000014186,0.000019466,0.000015759,0.000018704,0.000032690,012fc9d6d08a33764c1308045c90d1babd1f3f0fd39f8e184bedada4ceb52e31
2295,1764562481.8286846,0.000019365,0.000014176,0.000018615,0.000015469,0.000018614,0.000032901,de0ac8184c05feedef633e4c2d1be9827ead46834ce1d9b572d25a5586fea2a3
2296,1764562481.829768,0.000020077,0.000013976,0.000020197,0.000015699,0.000018845,0.000033031,fd3b6f03aa2a8125efc789ed4afd26ffb998a3742097ed0a301f4ff7c5a052e2
2297,1764562481.8317537,0.000047478,0.000014637,0.000028713,0.000024786,0.000082262,0.000045424,8d2a2ec78c9130aa1a956210df62a89073c6d6ac11ae9acdc99d3b230cb87f73
2298,1764562481.833499,0.000024555,0.000015639,0.000019676,0.000035516,0.000059641,0.000072745,4d3ca1f988a045456fc96e2533d10bd261f36366a3efd0a73fd305a9d254f704
2299,1764562481.8346205,0.000022912,0.000015048,0.000019607,0.000015969,0.000019156,0.000033111,5b44b95bd9da568df9424bda25ca427f0fd17eb599c3b64f824ac38f566c82bf
2300,1764562481.8356931,0.000020648,0.000014698,0.000019196,0.000015859,0.000018985,0.000032791,6dac9cf14aa3784e8e7d9d61e2ad43d08c97e554103d6bbb29cb7a4df71b7351
2301,1764562481.8367488,0.000020478,0.000019586,0.000019175,0.000015689,0.000018454,0.000032790,de053ad6b8f646339f732a998435a78f5a213e5214c10e3b498c27579134487c
2302,1764562481.8379009,0.000027591,0.000015108,0.000020658,0.000015769,0.000019175,0.000033182,b0f33c2d19638558072ad687a5d159d9831e293c61f009e16eb898360b70e0fc
2303,1764562481.8396225,0.000021449,0.000023073,0.000073646,0.000026239,0.000046586,0.000067524,51c95da485503d07cb94a64cce79097ffdb3997ac10dabaafb10d465a931ecba
2304,1764562481.8409202,0.000027611,0.000017342,0.000019917,0.000017242,0.000023714,0.000040726,6352bfa45bf6038541b957770d3e8351cd2f7b377dd889564d2cfdb0662e3692
2305,1764562481.8420117,0.000022030,0.000014887,0.000019366,0.000015989,0.000019145,0.000033562,4ed53daff2d120093b75fd132a7c13ed9b875b9bf27ae8a23eec3e80b2e41cab
2306,1764562481.8430772,0.000020809,0.000014737,0.000019215,0.000015729,0.000018985,0.000032751,1d6654cc19484dacaf4ac8af3c3f7ade558f925affebe1303568f3e3a280c164
2307,1764562481.8442004,0.000022000,0.000014457,0.000020728,0.000016360,0.000020898,0.000035486,0185347d27b0c5ac1a39039b6fdc56997c9f0892c860ed51517d9bf855a4f859
2308,1764562481.84531,0.000021389,0.000038181,0.000019326,0.000015548,0.000018293,0.000033011,13129eeed8810f765a366221dbe547a630c5f9e672d8a867f062305c242b9cb3
2309,1764562481.846939,0.000021460,0.000014507,0.000023383,0.000022512,0.000043751,0.000044632,2f1e7d9a53065871f3ca8690f7bae60d2e5d1aa57ea3f0d8ebf77d9c5b7cf005
2310,1764562481.8486145,0.000033682,0.000017302,0.000021330,0.000025768,0.000049020,0.000047497,c3f27bb342e258ae2b9093571b7ae4dc9a929ecae031670ef4623080fbd12a37
2311,1764562481.8497608,0.000022141,0.000014908,0.000020007,0.000016991,0.000019837,0.000033863,4b8cd58b2a0d3bc0d8c785ac530a90aa94ac01cbaab1c687eb745c68af3e7ffc
2312,1764562481.850916,0.000021610,0.000014767,0.000019606,0.000016040,0.000021420,0.000032821,587cc8e13594b0af8f03ec8f522fabbea8c6cf89bebed779b7abbd0970759319
2313,1764562481.852008,0.000020788,0.000014396,0.000019275,0.000015549,0.000019285,0.000033101,22484393f84af5c126a47868bf2877e703d99a6a8851c277a1d5523741ae29df
2314,1764562481.8530807,0.000020108,0.000014436,0.000019476,0.000016000,0.000018414,0.000032881,ac003f3d385cb7f03029f00e448a02f3559bd7c433072e22be40f022b705efba
2315,1764562481.8541918,0.000019616,0.000015058,0.000018965,0.000015459,0.000019476,0.000032449,fbb82ac0291851f9d5b077ca304c3456e9e98f56b31b54d9ec1eb706b2795c29
2316,1764562481.8558185,0.000019816,0.000014557,0.000029585,0.000042989,0.000049131,0.000087212,796ffbf31c5010abdd61869baca9a7423bb89dc3343a260c885a9f4af2d91174
2317,1764562481.8571107,0.000025046,0.000017782,0.000020999,0.000017001,0.000023814,0.000037189,7d5bbb23c0097140033168ad9966e2ed5dbeebddc6bc1804673b18be434b20ca
2318,1764562481.85829,0.000021500,0.000015739,0.000021139,0.000017362,0.000020679,0.000034543,97646d1cd6744460caaf63755ee3b43e2cfd82cfe68b9ae060b1e358b14d7ad4
2319,1764562481.8594234,0.000024575,0.000016420,0.000020127,0.000016170,0.000019356,0.000033432,cc3dfc0f66995f7cb06b3d32872643b5e92ca863d079856848bb198bd0a09358
2320,1764562481.8605108,0.000022572,0.000015619,0.000019516,0.000015699,0.000018574,0.000033131,981f5f0e79b15adc49ec3d81e6d7ca25e38d600cbef1fa40e388dd04de8a6d96
2321,1764562481.8615973,0.000021510,0.000015158,0.000020838,0.000015709,0.000018494,0.000032220,05e54da53fa00f58ffc81af4bc734de01f343cc928e6efaf24b4dc371541f71e
2322,1764562481.8627126,0.000022241,0.000014847,0.000019587,0.000042268,0.000018805,0.000032470,93ea31cc554ae16abe85770795e0e9e6e2a08e9599d3a2ade8d973b06ec44143
2323,1764562481.8646998,0.000021129,0.000071442,0.000029876,0.000018795,0.000024265,0.000041176,8eed5e0b74b4da25b599ed9a8d5b4612653fe8a3d678cb2d2bb269144ce401cb
2324,1764562481.865968,0.000023584,0.000017021,0.000022291,0.000017993,0.000022662,0.000035045,87c439c9646a13f4231fc561438391fb5c21d4e13aa2a4423b9ccf1c5d103140
2325,1764562481.8672445,0.000021730,0.000015558,0.000022191,0.000018294,0.000027180,0.000038431,03a214125c99877081774064d06ee043c5e65a1f5e080bc0ea0e2458095d74a2
2326,1764562481.8683894,0.000021690,0.000014788,0.000019236,0.000016932,0.000020718,0.000033953,4d9273a0613fff487ff71c75d650c2cae2873c123179d866cf2bad790e3edaa2
2327,1764562481.8710053,0.000020708,0.000015068,0.000037459,0.000040525,0.000068126,0.000089656,29bc69d365803e846ac043d6cc8998b3191c6bb090b090d11355c1c5d02689a4
2328,1764562481.8732471,0.000038070,0.000028283,0.000034985,0.000035926,0.000050863,0.000076632,1d91e1ba8483595a45b6f7427b8d4ffc82837cf225f71878bebadf1f01b93e93
2329,1764562481.8744962,0.000024706,0.000016330,0.000020227,0.000017342,0.000024185,0.000036998,6287ea19fe2437ad58e0b6e6ffda6a019cb6a8c132876439a8fd82d3bb6eee74
2330,1764562481.8755894,0.000020668,0.000014526,0.000019195,0.000016229,0.000019526,0.000032721,56039c4082d7ef9c93d39420ade7d8d667f3d4678ed19162853f689688ccc81c
2331,1764562481.8769422,0.000020909,0.000016550,0.000027281,0.000017131,0.000022332,0.000034935,a15fecb780a784a0092f9221529fa853c0ff6a2caf1f4542ac8302cda516ef25
2332,1764562481.878083,0.000022932,0.000015519,0.000019987,0.000015789,0.000020057,0.000032690,03e28787985b0da224aa5ae171023ab3334869335c6a7163ff4b2ac0cc3ba9e4
2333,1764562481.8800673,0.000020458,0.000014567,0.000030156,0.000040144,0.000087582,0.000088894,a0ce9bcbb3668facd5defc8d8a276a95be50a74825df39bc2b13e2d5c0dfd911
2334,1764562481.8816016,0.000028343,0.000016751,0.000023854,0.000020908,0.000036177,0.000044121,e6ef7b70fdaadedf0d14b75e142b282fb799e91761372eafbcf626e1be6eccf3
2335,1764562481.8829234,0.000022742,0.000015529,0.000026509,0.000018113,0.000028353,0.000037690,5403f985ea3a006e70971750a7ace1dd4de5d462feb6cf29d83da3ef1f232f3c
2336,1764562481.8842776,0.000025467,0.000015719,0.000021349,0.000019306,0.000025828,0.000060783,4f8b3d9df00bbc3ca62d2d30b6caf5465d776b9c8bb9ef3461988a3db2ca7acb
2337,1764562481.886104,0.000021761,0.000015248,0.000021680,0.000024215,0.000048600,0.000054891,44a5c794e04ab7f3d453209582b263e3a539f47218d0ad5a4843ad47355ba241
2338,1764562481.8873594,0.000022151,0.000015198,0.000020077,0.000016971,0.000021550,0.000034324,6cf2de7ee854563e1f1dea905862552c4fa688c24ae714c36a4f876572d70710
2339,1764562481.8892279,0.000021149,0.000014808,0.000055222,0.000033091,0.000038181,0.000067014,5a3a439fac1582e35e7d7c8853f04b9c3e4b2a721d86ee712faa9515778ce8fa
2340,1764562481.8908238,0.000030827,0.000022301,0.000033863,0.000018133,0.000025117,0.000036637,f8cb4b0663c106a200ecc135e0a12bd04a89bbe27af5c803d337f34172aef744
2341,1764562481.8923817,0.000025898,0.000015669,0.000027300,0.000022041,0.000038461,0.000070199,4ed303d253d50c4b425e40a4622f2fed950252455b91eca6bd6a5d901c3d77bf
2342,1764562481.8936687,0.000027231,0.000018534,0.000021329,0.000018353,0.000023092,0.000039002,2bf4af37c8675fe79a5f1753a2c15093f92983f7d5159cd37350e1ea64fa6c76
2343,1764562481.894764,0.000021470,0.000014857,0.000020208,0.000015659,0.000019817,0.000033633,3a6a7046cd737ca4b44e191acd675b9cb606a322fe6549d4821f0dde56d63d12
2344,1764562481.8958879,0.000020447,0.000014688,0.000026048,0.000015939,0.000019957,0.000033692,9f2da4e3c8c31f89fa011aa60233f2757e31bca48f6be0e9a06b1e128722bf59
2345,1764562481.8971736,0.000021761,0.000016220,0.000023152,0.000016500,0.000021480,0.000035185,7cf1337dfbe47188497abc491d06dc5bab680048749cbf1f4028318fdd6bb274
2346,1764562481.8985498,0.000025467,0.000015889,0.000020988,0.000017502,0.000022652,0.000051906,e79de66c5b33d306b94cbbdad747e4599d62fbd97bef2a6b3bf093bb11b09ccc
2347,1764562481.9009671,0.000021691,0.000014768,0.000021019,0.000059791,0.000130251,0.000052056,d7438e02f448ffb9f578209120d5eb2662f9d59d965a4d5326e49e1abd79ebee
2348,1764562481.9023376,0.000022702,0.000015028,0.000038842,0.000016581,0.000020838,0.000033792,85f16d6eb2cc28d929db6cdb081aa59de3fbd4513b1250209dd7a3758fbb6e20
2349,1764562481.9038227,0.000039553,0.000030196,0.000020448,0.000017272,0.000021590,0.000036126,4c33f174b2d0ffe032f2098bf560fb5ea45f613253ce73359927b5cd16b0add4
2350,1764562481.905093,0.000021409,0.000015118,0.000024074,0.000019085,0.000022492,0.000036798,7643b0fcf77db73ac51a12a0b2c39f72a44df198d32350eebb01c014d63a3fd4
2351,1764562481.9063773,0.000025848,0.000018454,0.000025708,0.000016290,0.000020027,0.000034273,992dc2f08b38569b4c88648c21543848e83430d7de496928ae80dda6d12c9d1c
2352,1764562481.907656,0.000028192,0.000021791,0.000021199,0.000016070,0.000019326,0.000034023,933354ceddbd471580604ca15750e2b9a9f9cc564e4bcc30ca82e1ba2a68b35f
2353,1764562481.9088948,0.000021540,0.000015239,0.000021400,0.000017071,0.000022041,0.000036477,22ed80ff7383ec6bac220be726c5e81e12f9efdbb27aa477a1d8886ccdca12d8
2354,1764562481.9100451,0.000021871,0.000014908,0.000020238,0.000016059,0.000019997,0.000034594,76f838183f51d6d6f7660d05d6ec668841ce81687226c268bfe0df6fed5f3d1b
2355,1764562481.9119139,0.000022361,0.000015880,0.000021079,0.000033371,0.000085067,0.000059309,8e31dd7661a74dd264b25ccc035c2a104151f3ac3ec9fcbc3d4f736df570a823
2356,1764562481.9130409,0.000020288,0.000014557,0.000019747,0.000016580,0.000020128,0.000033603,ea21dfe05807e33664c82a3088936dd6fc2763beed4f317678f0d988da910e65
2357,1764562481.9142828,0.000020318,0.000014587,0.000028443,0.000017502,0.000025627,0.000038040,b6025db23f2c2cc0ae6363e22586b1bc86be050f07b91fb8732d320a539de389
2358,1764562481.9154465,0.000023303,0.000014607,0.000020338,0.000016471,0.000021409,0.000033982,38f23e70ede6e078fb66c737c5ede92376842fc091d308050713ccd498ab8dc2
2359,1764562481.9165595,0.000020578,0.000014587,0.000020468,0.000016260,0.000019376,0.000034343,7ac83a1c2e3d33210125b7926bb384c744e99463df68579df543dda97b189a86
2360,1764562481.9176173,0.000020588,0.000014627,0.000019366,0.000015259,0.000019175,0.000033101,8bc0f29a57b5097cda41682a094291c3a1da1cfe9c16613f54fb3214e7bdd443
2361,1764562481.918729,0.000020217,0.000014557,0.000020107,0.000016270,0.000019586,0.000034033,08c8a65892c7b8495d44593aa0090b3c663ff2e55e57d311a659d72b982f7929
2362,1764562481.920207,0.000020328,0.000015318,0.000020418,0.000024816,0.000049171,0.000045424,40095ac36aaa63cf9a5ba7850dc28cb75b655f9e0b43222c6c21eb1320bfe9b9
2363,1764562481.921532,0.000020458,0.000015288,0.000023614,0.000031317,0.000029214,0.000064910,9d140bc1a5c774e0ab0d11cb0b24d123aee936d2f99399f8b5a0f30eefdc88f6
2364,1764562481.9234478,0.000026720,0.000018865,0.000027190,0.000039493,0.000058227,0.000069939,1464795518c8dfb167215aaaed958ecf846c55269025a833e9dea3a7ea5f3be0
2365,1764562481.9247718,0.000027461,0.000022982,0.000021721,0.000017282,0.000024515,0.000036548,1692bba4dd5ad645fdf684943edfbaf0181306150de4bf8d731225ccc4025f96
2366,1764562481.9261546,0.000022121,0.000015669,0.000023914,0.000023583,0.000032080,0.000049611,496a88168d5ab27981b5040bb218a6c5d79c65457d6882bd3c95929cea8d92e7
2367,1764562481.9273596,0.000021289,0.000014687,0.000019806,0.000017843,0.000023473,0.000035005,91f2fa6f271d3746e6b27b0cc307273ec3ba73f7ec9ab2db0cdf04974a9a5b6d
2368,1764562481.9284973,0.000020128,0.000015428,0.000019957,0.000016350,0.000022622,0.000034373,65653cb67abd607a570e57caeeb162b022e7149c9b23d307f6321bf7bad8e8a6
2369,1764562481.9296126,0.000020298,0.000014827,0.000023072,0.000015519,0.000019015,0.000033352,146a474c4928c4cbce7551af59f24f11970a80d58fcb925e1e105a89fef00d4c
2370,1764562481.9308891,0.000023974,0.000017683,0.000029515,0.000015739,0.000019556,0.000033391,8e7166d37690fceae70a7e384dc5468fdc6fbea9b67b38bbbb715c7e4cd1415f
2371,1764562481.9328835,0.000027711,0.000019647,0.000063698,0.000022892,0.000045644,0.000046035,eaff1a03e0fabd8fc9e947b46fdcd5face00aa8ee011a7a4a3dd411c0cb9fd24
2372,1764562481.9353788,0.000073426,0.000022331,0.000026198,0.000032610,0.000079648,0.000084657,c7dd5420322e160c4448320183d1c55e31c7ffd7ecbefa79e0214024d4ac3102
2373,1764562481.9365408,0.000023173,0.000015668,0.000019616,0.000016610,0.000019867,0.000033091,87591ab4cbacd7c425a88a27a7e3ddae75a197d1d64e4738d7e3bd5e667fbbc3
2374,1764562481.937657,0.000020929,0.000014877,0.000019746,0.000016300,0.000019186,0.000037359,7b9bba972a7355c6b2620cf1275cfadc11818b117d62f9c508e34aba2b6f1264
2375,1764562481.9396443,0.000021099,0.000014967,0.000028273,0.000046205,0.000061764,0.000085708,817bd9c49555d918f974dc8e46696e5a80d0fb6dbf4a6af036918caeb8fcab69
2376,1764562481.941841,0.000022813,0.000015820,0.000036908,0.000032099,0.000079256,0.000051646,06b065715eb5af8fe20216af6a3018a52beb160bb7c56b681e1005973faacd44
2377,1764562481.943188,0.000025457,0.000016160,0.000021049,0.000018033,0.000028272,0.000053579,b9045c3c9814707f5321af95c27e5ff0056b400974cc5605943220432f112f11
2378,1764562481.9449778,0.000021349,0.000014657,0.000018985,0.000038371,0.000059490,0.000075410,ccde56457dd5b35dd3a777b91c53428ad548df605b9bea8ba72f9da8a4526cd9
2379,1764562481.946133,0.000020608,0.000014867,0.000019376,0.000016481,0.000021970,0.000033352,94fac6b6736fa5d480a77f61fee14164163fe9a7225092285ef5c31574ff00df
2380,1764562481.947284,0.000020869,0.000014517,0.000020088,0.000017142,0.000021019,0.000034063,ba0095553194030d6c6cf6caae7ab342db12d13b75504447cbe3de490d2d9072
2381,1764562481.9486613,0.000023133,0.000015258,0.000021490,0.000017993,0.000023544,0.000036959,9ad75f4e1b4df540d76e31891a31121a801d0b0ef26a0f7e6318d2a9edc6ea92
2382,1764562481.9500463,0.000021560,0.000014737,0.000023614,0.000018785,0.000027010,0.000045755,79e9807bad7d767fb74ec328a72beacaff478d4ea674598cac4d13bb11bc5c79
2383,1764562481.9521139,0.000025177,0.000017282,0.000020558,0.000043350,0.000089947,0.000076301,f02a85cfe55291cdbaab7dccb1c3bac6f480b01361959bb3195dbecb128218fa
2384,1764562481.9536567,0.000026149,0.000029234,0.000019696,0.000016190,0.000022262,0.000033723,4373172df359927132bc771bea6918a2b4757c8fff87378318dd0bacb8f0a452
2385,1764562481.9547403,0.000021670,0.000014597,0.000019316,0.000016180,0.000019366,0.000032690,2de907df7724a139a38cc40edc99410ae7489ba9b1d1ebbfb39070c0602fe40c
2386,1764562481.9558551,0.000025878,0.000015348,0.000021209,0.000016170,0.000019185,0.000032981,60872ae10eca547e0792a7cf967172387645c3af031c03f903d0cd9014dd2f90
2387,1764562481.9573689,0.000022882,0.000015219,0.000025798,0.000028843,0.000040314,0.000050634,7ae646107791c55937c71e05cb3ec33a770572e3de4c9359852d216b302bf3b9
2388,1764562481.9587536,0.000024214,0.000016010,0.000021219,0.000018244,0.000055312,0.000039102,c37ece7c7583eb059ba6b75330e99c34b30b2b69fd0bc0c13850c8281c6b191d
2389,1764562481.9610558,0.000021189,0.000014978,0.000019746,0.000050553,0.000106818,0.000091920,d7abbebf30e31a5d39b5c1b280b95b762f76edcb269419d7049e47b6036fb4ef
2390,1764562481.9621909,0.000021550,0.000014998,0.000019146,0.000016320,0.000019507,0.000076772,727ab05313a17472ddb1dde705e5df640db8b564fb5ce62cd47c2d86387578fc
2391,1764562481.9639091,0.000021019,0.000014166,0.000041226,0.000032611,0.000040355,0.000070210,eec38c288f88b292fcdf3157209a74d4a39da3b912997c330d48149cc0594eae
2392,1764562481.9655964,0.000026258,0.000016801,0.000028643,0.000025066,0.000039002,0.000062525,b2bbd89958e064397d126a475e32fba9648a9dcc2fa27a450497441588865486
2393,1764562481.9674764,0.000025106,0.000016410,0.000036247,0.000022922,0.000047598,0.000057456,0143e7d70b8a5c1791cb66612fa100f93d1023619a3e72d7856340543ea6be87
2394,1764562481.9698036,0.000028212,0.000017993,0.000040976,0.000022692,0.000079777,0.000053930,70ff6a8ff8f7bfff4e2841c5875ae8ed7a3af10e18b33a972d8146a690702425
2395,1764562481.9712446,0.000041697,0.000030496,0.000020488,0.000021720,0.000023824,0.000041326,bc67885e85ceb4fb030543b57f8a68817bf69cd7b24f27842becd436a6cc81b6
2396,1764562481.972645,0.000026920,0.000020838,0.000026960,0.000019406,0.000024786,0.000039333,6884b9a553b81f8f37cfa358d6931dc64a34f964ba836e40e41702ac85137e2d
2397,1764562481.9739726,0.000025898,0.000029184,0.000021490,0.000016560,0.000020729,0.000033812,891eabf9014751697219690046ea5ab616ae6cd3ac336e55b920a8833461c5b4
2398,1764562481.975145,0.000022031,0.000015719,0.000022511,0.000016360,0.000020858,0.000034704,c176e705c53fce9202e4a0821a8eb833ed479195d8c33cddabff8f472ca17e0b
2399,1764562481.9763248,0.000022842,0.000015679,0.000020648,0.000016631,0.000020458,0.000034143,def44c3b1b35a2dd9184de5099ab00e20c5bd1d98b388d653f5298b1b9ef916c
2400,1764562481.9774487,0.000021140,0.000015248,0.000020648,0.000016461,0.000020538,0.000034644,2eaba90b4f9c9924825f9df481a571625a64ef1baefa8166ac22467862286252
2401,1764562481.9786801,0.000022442,0.000014536,0.000023614,0.000017072,0.000024104,0.000037460,d98df44bc980e847a64eea555b0d5f7aa45529563f51612bf50fa8c624faf061
2402,1764562481.9798243,0.000021740,0.000014688,0.000025347,0.000016370,0.000018824,0.000033082,9378bd6c417b7bbac67d5c394b95b41ffc8161a46746d6d9c1b4dab3a8541b47
2403,1764562481.9813879,0.000027951,0.000022181,0.000026579,0.000019145,0.000037980,0.000042298,7691b87113e60854aa4cb5b543a240d3b09cb343e1cf3a89fc23776485b6ba43
2404,1764562481.9826186,0.000022572,0.000014877,0.000024225,0.000016260,0.000021500,0.000034213,bc2486f5c1abaa3d67b757dd69eb14415d536cc798d3e079835f97a10954a71c
2405,1764562481.9838915,0.000023243,0.000015258,0.000019656,0.000018173,0.000025857,0.000039604,277b7db45056daae1a7124497a8d091fa786cd6f3d0788063d4860d16f8d972b
2406,1764562481.9861326,0.000021099,0.000014858,0.000025417,0.000051244,0.000102189,0.000084365,ed98761d786c45e4d66fe41f66ad727d67894392e273bacf7d1e8135f15f8442
2407,1764562481.9873815,0.000025908,0.000016720,0.000019697,0.000017783,0.000023534,0.000039002,c1502a7723ecdbfc6ebdbbfdbc24fc52d912ea0988cd8251f374609be73885dd
2408,1764562481.9885633,0.000020488,0.000014817,0.000024275,0.000016130,0.000019216,0.000032329,48916dc8379a09f822538b60254714322a325dcce05f6f26297f5a6c677577b8
2409,1764562481.9899433,0.000027972,0.000019105,0.000024726,0.000017903,0.000021680,0.000037649,8cb2d4964773134cee75aec2d8d2fb450f2d0925eda215a2c79881d9854801f6
2410,1764562481.992705,0.000025157,0.000020017,0.000055883,0.000040184,0.000076020,0.000086009,c4e891dcc10219211bb463bba938db2ab52a23850608665b2da78bd8fbc5f617
2411,1764562481.9950788,0.000052197,0.000032750,0.000025607,0.000028543,0.000062966,0.000078034,2bdcceb3b9e65c72496d0b79cc249cc144c28fb516b5590c55b27b5a583f64d3
2412,1764562481.9964066,0.000027852,0.000020698,0.000023404,0.000016761,0.000024525,0.000037579,fb9340e648156826a12c7007327260808cb3e13b4dc10d07af3a89530b611d7f
2413,1764562481.9977376,0.000029865,0.000019997,0.000026209,0.000016300,0.000019857,0.000033271,114ea1dfd2c1d639a583cd4d29b0cb354ffe0aba469c02066545a8a1b47c1ce5
2414,1764562481.9994206,0.000065782,0.000033482,0.000021230,0.000016491,0.000021870,0.000035536,12c7436000ace2856f31098914fb6ccf25793dbed07b54bd63cd9d50605466a0
2415,1764562482.0006173,0.000022311,0.000015288,0.000023865,0.000016390,0.000022752,0.000035566,97a7f573779bdf91da105cfc68864ffdff33678d26c1be2a83b9b23bb238c3d7
2416,1764562482.001979,0.000024064,0.000015098,0.000027781,0.000017793,0.000027641,0.000038310,98674852e2c4849eab1f9c7193ccc3499edb31c5b5950d28bbe5dfd6c5bd8fa0
2417,1764562482.0032265,0.000025697,0.000015709,0.000020518,0.000020297,0.000021660,0.000037249,306fe74da4dfa67ded7728d000a3350bd5a8d440ce5272cdf2f351b490322e98
2418,1764562482.0054045,0.000022131,0.000015398,0.000024996,0.000046736,0.000066002,0.000079967,4e9d568f89e28d587acc3ef6183a5afcfa9888fc28fe662dee17d442af9a7469
2419,1764562482.0072212,0.000025567,0.000015840,0.000032500,0.000042398,0.000040435,0.000045234,68a7e6f6fc8bfbdb96341fd7dd931e367e2b680d55585ea7244212a0e9b6e56e
2420,1764562482.0087988,0.000028613,0.000015920,0.000027682,0.000023182,0.000044071,0.000046747,71deb9c1de091d539ab28e8a8a55642ca90336b67cf766911df22efa82bf9329
2421,1764562482.0099976,0.000025798,0.000014928,0.000019396,0.000017492,0.000022201,0.000035355,608d248d3ca7781e665241afe0dee4a68cb140386157f6d891280dd5ac106520
2422,1764562482.0111015,0.000022151,0.000015168,0.000019456,0.000015739,0.000018734,0.000032690,8995d4f290dbdb6b1933edd409519651a59fa2eff11de37fc6ac89da7c43c373
2423,1764562482.0122728,0.000021620,0.000014707,0.000025838,0.000015148,0.000018284,0.000033041,0b24c0fbcbc7cd57476d1f2186d553d1888932f97276ce3f32e771df3ecc8281
2424,1764562482.0137727,0.000026970,0.000015118,0.000022492,0.000017913,0.000042288,0.000037670,c49987e2ce5f4bdef68bc2c7b38762ecbfa6662afd42772aa46e0eca49d1fc5d
2425,1764562482.0152903,0.000023544,0.000015779,0.000024956,0.000023353,0.000038932,0.000075559,5aaa3d999d1fefac94e81358aae9adce9006eac65c3d243a9770e17dd9be8a36
2426,1764562482.016647,0.000023213,0.000015398,0.000022992,0.000020367,0.000034174,0.000044923,fcd6e7290b7bcb46fe9f28bcca2de6bf2e8f29821f907d8cb221164cb5c93559
2427,1764562482.0180354,0.000022181,0.000015829,0.000020969,0.000016470,0.000020739,0.000033151,8cf502762aa2ce21216bed4642846e98fc67578cdd732db73730b08e269ebeb6
2428,1764562482.0194836,0.000020628,0.000014797,0.000024035,0.000021750,0.000064168,0.000066694,43695012f2f7582215e6b9c9c2ba4aaf11beb2511b1f3fbb008c38d2dc090441
2429,1764562482.02134,0.000022231,0.000014908,0.000024916,0.000045234,0.000081521,0.000086670,95c7419a9571ac7be96aee083985a23ed782874b0d755b1c9d86195828427a9c
2430,1764562482.0231113,0.000025246,0.000018384,0.000055463,0.000018874,0.000030055,0.000038802,5d0b2e3801f219a6a6fb453d9aec4713c32c9521a2d04f39b139506f42451de1
2431,1764562482.0254085,0.000046195,0.000030306,0.000030857,0.000023544,0.000046336,0.000062736,ac00222413b9d85cc2bbb173a31155b6e259532644f12adb02924da717c9af0a
2432,1764562482.0266647,0.000024155,0.000015909,0.000019466,0.000017522,0.000024816,0.000037740,d8e631c91e3629f18bdda9cd2fa3079c8eb8cde6a5f86677b3850dfc34106473
2433,1764562482.0278492,0.000022001,0.000014887,0.000019716,0.000016711,0.000021048,0.000034574,4f2cf1530849464fc432de1c72f4fb6169db4c83d1269d0188b2629fa4c3934d
2434,1764562482.0290186,0.000022351,0.000015188,0.000022772,0.000016851,0.000020347,0.000034253,6e6a1ae8aae6c4efe39d32c02ec6468639e8d480cdddd3a11935310edea39cb6
2435,1764562482.0302465,0.000022732,0.000015729,0.000023494,0.000016611,0.000021239,0.000034925,b8ba5a266b2d47e72aa0bfa33fb2178043f5a00712dda1263df93770a10df757
2436,1764562482.0319924,0.000022993,0.000015178,0.000040425,0.000026429,0.000045314,0.000067625,8f29015a35dac82889adfc77963a299c75a224ff25099fdf3ebef44fcb0d5318
2437,1764562482.0347018,0.000035646,0.000025838,0.000067544,0.000031097,0.000057527,0.000101518,db8a922ca225d6ef95212198cffe736b376f76a591bdc609807c418dac5ad4fe
2438,1764562482.0363648,0.000039763,0.000016761,0.000022561,0.000020588,0.000041747,0.000043230,2f471a7adc122809129c48a04a0c3d3c88949d37627d2ecf746f5b12cb20430b
2439,1764562482.0392766,0.000022972,0.000016551,0.000038732,0.000059140,0.000133076,0.000116335,c6cd90b063384943da3bfce46929eae9e1bd7a75253d0a25a3e6abb08cd16a7b
2440,1764562482.0412493,0.000035956,0.000020097,0.000028282,0.000021069,0.000042177,0.000047829,36abdb326285aaf9d49289b68e10a4404819328d474c6c5247e13e813ae47118
2441,1764562482.0428643,0.000024646,0.000016380,0.000023223,0.000022141,0.000044643,0.000053960,01f7f6b4807d29c78ee39db9edb20a5e11a1bec54afe6a3cd4fb38d6af1b0092
2442,1764562482.0441034,0.000027481,0.000024766,0.000020127,0.000016290,0.000022762,0.000038071,44a90fa42ef6fc0cc55e1d579b727baa751c4aeccf2fc1d7e2f477f7e6fe9ab9
2443,1764562482.0463755,0.000020087,0.000014587,0.000022562,0.000034033,0.000079246,0.000059671,4d4306806e821cc5678589de1561302ec564857ead59492e8e79df628c3c2c11
2444,1764562482.0480285,0.000022392,0.000014998,0.000034283,0.000023764,0.000040265,0.000044261,b466a9a1c505efc3653c24b50241b07a767f645cb4a727d95bd097f9ed96bcd9
2445,1764562482.0503788,0.000029875,0.000021981,0.000053999,0.000050603,0.000128056,0.000078836,857013eb7a8cb0be8785ec56d9184d2306b62813055e893029b971f944b7c9b8
2446,1764562482.0518847,0.000029274,0.000017703,0.000025637,0.000017202,0.000024215,0.000039883,12356f61498c325966c4eda8c6c77177ff9af6c36abc7e60ff9cb7db8be7b861
2447,1764562482.053324,0.000023474,0.000015388,0.000022461,0.000026930,0.000037169,0.000037099,5f11039b2668e490eef2a9b5f2d560acce1a76dcc61b43dcd3c4d68c95ff1965
2448,1764562482.0544786,0.000021510,0.000014928,0.000020178,0.000015509,0.000019937,0.000034463,024dba8bacee73754390b9647d308fab1330d59a7fa1508981ca1aa48e765535
2449,1764562482.0556881,0.000020308,0.000022993,0.000024555,0.000018614,0.000022902,0.000041216,c0a8d8cd8bef29c8375fa0946744e4e25526ebc734910bc91a7bad463b03eed4
2450,1764562482.0568259,0.000023363,0.000020398,0.000019967,0.000016130,0.000019807,0.000034093,bb74a0945c8595f68f3fe8f76f36f4fe416dd97c98f8088ca445a522d089bb33
2451,1764562482.0580914,0.000020809,0.000014717,0.000029845,0.000017673,0.000023032,0.000036748,feaacc43fdb5b895cb6caa123bf88ab2668464dff56abb5f6dfb941c4d965685
2452,1764562482.0593781,0.000028984,0.000016280,0.000019727,0.000017142,0.000021339,0.000035826,09a0c074400d3b984738bb6a75bc3f4900c44c78374374afda08b812b1a4e73c
2453,1764562482.0605276,0.000021770,0.000015098,0.000019035,0.000016690,0.000019716,0.000033131,9c50fe9e7ab6a7f9c89beae728324d4054f9760fc2a2c5327d380b7aeb630802
2454,1764562482.0617177,0.000025667,0.000021229,0.000020338,0.000016380,0.000019105,0.000033612,5a088d6900f194805123cb76e248d43c415cbf1643c38da18c98abf1c687e7e2
2455,1764562482.0628967,0.000020167,0.000017863,0.000019696,0.000015940,0.000019255,0.000033452,933677cea4f401f2b24f8b79e17a5d8c1d7b8182a151f7a9a2bd26aeab5341a8
2456,1764562482.0640047,0.000020458,0.000014497,0.000020117,0.000015759,0.000019346,0.000033943,3bb11128662ab19032fd945680d8442ce66eaabf19d55d9850308c9c65be1aac
2457,1764562482.0651433,0.000020458,0.000014607,0.000023643,0.000015829,0.000019686,0.000033953,e976f3286d50eff42310523d71752b0d67249d23939747a7bdb6c134974e4ab0
2458,1764562482.0664706,0.000021690,0.000015338,0.000021179,0.000016260,0.000022331,0.000042338,4df6a471434d3a13235b788cf51676fa807bb790cf037e0038ed375cdf25a6ca
2459,1764562482.0680065,0.000025227,0.000018073,0.000041386,0.000017843,0.000021410,0.000036567,ab14f7e7e7cd0c4838c8c20011f26d28c7796c5ce11e86db4d46e6a895044439
2460,1764562482.0693321,0.000040746,0.000029224,0.000019997,0.000015439,0.000018895,0.000032691,75022a281bc0d5d7a69e1a005507926360dce368d5ed7580fc385c0b891fe29c
2461,1764562482.070396,0.000020087,0.000014787,0.000019075,0.000015498,0.000018313,0.000032710,bbdf4e4135904491a7fe98355d3956e67e5ac4c2aa2e7d832d1eaf25dff38a86
2462,1764562482.0715616,0.000020478,0.000014907,0.000025337,0.000016420,0.000019707,0.000063217,1729add69dd5df7e8d483024e5a899f592701f84c84b78e2e22852d20a6fa9b6
2463,1764562482.0728455,0.000027080,0.000021409,0.000020908,0.000016640,0.000021189,0.000034503,0fc8165ba468f2c283ce814c11af74e7d115f8484b2df332b729554d4b8eaf32
2464,1764562482.0747454,0.000021510,0.000014777,0.000022101,0.000034934,0.000084847,0.000060773,49f78df4df71f9c14c2ce3b35184e1f642702b1075340e5ccf95a506ea464fdf
2465,1764562482.0759265,0.000028252,0.000014928,0.000020087,0.000016491,0.000023694,0.000035215,04970ccd51a9eaec16ea12975c9e6d6a7592d74c08a15860aff459a59f0a2249
2466,1764562482.0769928,0.000021310,0.000014506,0.000018945,0.000015308,0.000018905,0.000033251,c5a3c8e810c47385abe6d4848307ef4c103ed848c8b714004d20d8c0548e0e2b
2467,1764562482.0780628,0.000019305,0.000014737,0.000018805,0.000015398,0.000018925,0.000032841,892b120b75afa11f2169b2ba93cd7b3f05c7f0cef89bd3bb12a8a6be387b6c91
2468,1764562482.0791233,0.000020447,0.000014687,0.000019045,0.000015538,0.000018253,0.000039433,1efcda230eb68fd604cde93202373b7e658d119f3cef503f54d7da4155d294d1
2469,1764562482.0809507,0.000026268,0.000020308,0.000026569,0.000036818,0.000055773,0.000076552,1d63a4db7b002756a5a846d484a430dc90c6d1d29be74ebe9fb55f3626e9dfde
2470,1764562482.082141,0.000022802,0.000015539,0.000019286,0.000016841,0.000020278,0.000034374,b9aa1b466158414c1fd1216154c01221971dc4ecc72b8c529862f260ebb6d92b
2471,1764562482.0836766,0.000021550,0.000014878,0.000019395,0.000037550,0.000052837,0.000071993,90a8fd7b909badcb900904a266026bf8e055677045ce82664ae96e5770bc213d
2472,1764562482.0851045,0.000019697,0.000014777,0.000019426,0.000032329,0.000038190,0.000065501,2988c67c670b8b011fc53dcd89c979c1911e37eae0521f92a1093ed7f46c1571
2473,1764562482.0861871,0.000019867,0.000014506,0.000019736,0.000016169,0.000019245,0.000032660,b5168b5f8c1161e8dbbad0d10609c4a8972a59fc860670197752ae86c7e3a155
2474,1764562482.08736,0.000021409,0.000014246,0.000019336,0.000018635,0.000022962,0.000035406,e05f746cfa631c32db382f4ba529a905c37f858c1eb0c5f8a3b057f4e1b8011c
2475,1764562482.0887535,0.000029424,0.000022001,0.000025848,0.000016731,0.000021530,0.000039634,00fd781e0c72d22d761d566c774364163552244f53cd9c7d4179476faafa96e9
2476,1764562482.0899332,0.000023844,0.000016650,0.000024936,0.000017011,0.000021419,0.000036688,6bbd9c118e75f6d92e671bfbd5f76d20776488ee6df4991741c053ff9f3e2051
2477,1764562482.0910525,0.000020959,0.000014487,0.000019315,0.000016150,0.000020147,0.000033612,7f483bf93027e7f2b1b75bd514d3c9d6971cecd079d3dac5e4e8854b0b05ef15
2478,1764562482.0921614,0.000020558,0.000014367,0.000019737,0.000016391,0.000020908,0.000034213,772a594b56f61399e125c0b24e8b11d3948320f91cd36f7dfa597ab453f438c2
2479,1764562482.093218,0.000020939,0.000014517,0.000018864,0.000015669,0.000019506,0.000032661,b6b3460b7cfaa71ac92da1e21fad585b829c819863c4b68f87b8161ce496ea72
2480,1764562482.0942733,0.000019827,0.000014818,0.000018705,0.000015909,0.000018645,0.000032921,d683b947e371dea98fc5bd0236b4a77dabb619023ca8a7da0cdf08cf8d021007
2481,1764562482.0953252,0.000019987,0.000014597,0.000018985,0.000015488,0.000018495,0.000032891,299fa74e976c8cab09312a941d25db8d3381b31dddefe064b587aa203bcf4204
2482,1764562482.0973053,0.000019907,0.000014667,0.000026509,0.000035315,0.000054541,0.000070791,2dab8ff472689d47097c025c01f90f9dd7f672b4f5b85b1d067b98e1120f67e6
2483,1764562482.0985327,0.000022201,0.000014887,0.000019035,0.000016981,0.000023373,0.000033231,5b204a669f7cffb9e5558be41e05fe7dd6d00fecb34192fbe784dd5641c48002
2484,1764562482.0996304,0.000020157,0.000015238,0.000019536,0.000016710,0.000019656,0.000033202,cfcff09ce1aaee6c33ac477a28c1ffa397541c4d1b2762375f87ebefc0edbe66
2485,1764562482.1006844,0.000019997,0.000014377,0.000018875,0.000016230,0.000018644,0.000032640,47e719f66d60626f59fb7504cc1b3d0ac1991a2a0774a09729471dd0c8df1fdd
2486,1764562482.1017241,0.000019967,0.000014697,0.000018865,0.000015208,0.000018254,0.000032670,ddbfea84fef287310f619a2aa40d7edc30cfc0cd911ec3b1fbd3a9ef509f52dc
2487,1764562482.1027837,0.000019837,0.000015038,0.000018474,0.000015629,0.000019045,0.000032910,74b422354ca70a0bb48aea83abf65df9b282de410232e202f7aac51e1299122c
2488,1764562482.103862,0.000019816,0.000014176,0.000018745,0.000016380,0.000019827,0.000033632,0c4acdd18eaf9408ea84184d89f51d93093c8b795743107d5cbcdea668cc7520
2489,1764562482.1050775,0.000020387,0.000014557,0.000021480,0.000020959,0.000025818,0.000040284,35fde43e9b53412b409a52081b9dc23a6629209c6c0b48866e055ad6b130cb46
2490,1764562482.106317,0.000026379,0.000020858,0.000020178,0.000017042,0.000020318,0.000034263,403491764a2c2a06ca3850cd9cef2973f6afedf733f58b0c6cd6d2d6ac2ee52d
2491,1764562482.1074119,0.000020878,0.000014306,0.000019095,0.000015709,0.000018715,0.000032690,49e7aa0c8388a242147035ecdc5226753904fdc071cf3cac358ceb2477144f0e
2492,1764562482.1084638,0.000020297,0.000014377,0.000018955,0.000015548,0.000019175,0.000032570,2f046bbb7fde31bc39212987082ddfdd344f44830a79202757c82aff47a5d6db
2493,1764562482.1104064,0.000019516,0.000014207,0.000050433,0.000032119,0.000038631,0.000065311,b09f1f89fd8afbd5937730ce9e545f2bce5442d853296d23fe6f8868c8d20812
2494,1764562482.1116943,0.000032550,0.000017452,0.000019516,0.000015859,0.000020338,0.000033272,448b3b67337a8c5310e3bf796e75b1a99adbe5392f77cabd50769407401922de
2495,1764562482.1127794,0.000020748,0.000020007,0.000023393,0.000015599,0.000018975,0.000033051,67841c50e8c745b0384bff621ea9b3160e9f97cfd96945aed7f43fbb962fa1de
2496,1764562482.1141047,0.000027681,0.000017362,0.000024616,0.000016099,0.000020428,0.000034303,63c7393d4b4d6495971d7bc8f1633a93c8fee5703d05981e1c28ac5b5637e0f7
2497,1764562482.1156576,0.000021800,0.000015389,0.000020598,0.000023504,0.000054290,0.000045965,e73fb03355965c97ad5df2efd5477f9be8d4a261f1ad9cac935d1740622ee193
2498,1764562482.1170685,0.000026178,0.000017773,0.000019186,0.000026018,0.000025196,0.000068586,b269040b11ec81bfe7a95e0121b38b228e4d96756635dcee1a163fe29f01d48c
2499,1764562482.118477,0.000020659,0.000014546,0.000019335,0.000032320,0.000040775,0.000066092,c4ca6e21f2cd9baf54f42f853d3402e18fec86cef216b2353412782dfd82e76b
2500,1764562482.1199672,0.000019917,0.000014657,0.000021660,0.000031638,0.000037098,0.000064429,891dd7fdaabe2d8cfb7012a773bf30a15c47c501cc09cef4dbe349162b3dd480
2501,1764562482.1210926,0.000020348,0.000014757,0.000027220,0.000015759,0.000019536,0.000033001,0a883cb50fba951d3b903788730015000f598c4211d38206d214bbcd5ce7d81b
2502,1764562482.1224353,0.000021851,0.000015329,0.000025016,0.000021700,0.000027470,0.000035826,e59483b8dc473ae40dfc9662637f70b02d4e03663abc99080c29304fb6bdf70a
2503,1764562482.124188,0.000027090,0.000017643,0.000036728,0.000025548,0.000046977,0.000046005,6ec22335ddcf7203a4dd4c67071ecaca726afa28b69f8da59480951047230cd0
2504,1764562482.1261604,0.000031548,0.000021579,0.000037289,0.000027410,0.000054912,0.000069729,ec2c7034b86fd8d4889600b7b3159df85cd4d80bb5831cf0916b24e4befa6b77
2505,1764562482.1289887,0.000051385,0.000032540,0.000043461,0.000046476,0.000061133,0.000093924,9c7f987e0a65d4ca6a1a7202b73dec7307bee11d3afd27ff727ea0ce3fda5392
2506,1764562482.1309202,0.000033822,0.000017652,0.000074137,0.000020628,0.000034223,0.000041928,d373d987ef8d9b4fb62a767957c97134798f36b5b03a811dd071e1f29f604f57
2507,1764562482.132854,0.000028432,0.000019075,0.000026339,0.000021460,0.000038581,0.000043270,6e58b19d1a8c1c1c82f8656cef23f405eae5c853cac362299c714422592a703b
2508,1764562482.1345553,0.000034224,0.000019597,0.000028142,0.000020558,0.000036397,0.000050313,b44c3226576dfef1a4e33b94080f7e25809df8569b6bceb625c8b01a623e4f47
2509,1764562482.1360154,0.000027471,0.000017082,0.000021429,0.000021249,0.000027942,0.000048720,f3ad6e03b923977f82c6674e2998f837254742c7ad428e2648d73825ec19b17b
2510,1764562482.137119,0.000021089,0.000014777,0.000019386,0.000016210,0.000020408,0.000033412,c4e8cdf69cf22c2a1ab4c48d0aab1ba0129a5cc13b5863fcf4eb2c7b0191411b
2511,1764562482.1382477,0.000020558,0.000014898,0.000021019,0.000017312,0.000025898,0.000034765,41cb3d43730172f5e56620263bb622db29650191f443ca87bf94246a8a12f16e
2512,1764562482.139529,0.000021019,0.000014938,0.000026549,0.000016951,0.000021340,0.000036788,a205e049f00ffcb1e0bbd5c1aa9260fe47efbc1c34793a23ce8727b87112df72
2513,1764562482.1419067,0.000023794,0.000027331,0.000083494,0.000042228,0.000075179,0.000099253,b9d19e02381e4d19107df7da203888e72449ba18f7f75a08c73ee6a9039f0d87
2514,1764562482.1434307,0.000027250,0.000016761,0.000027621,0.000018354,0.000034734,0.000039343,35d6a464ea88d5f43c883a42918a4de2c16920b9b0f826b23847089e09c1c1c8
2515,1764562482.1449997,0.000024426,0.000016100,0.000024625,0.000022572,0.000039433,0.000054801,0eb55f2d3c379caeb3ed99466d6adae10f9b782e7688c39612404d39b0fd1a9e
2516,1764562482.146778,0.000024064,0.000015448,0.000028272,0.000027481,0.000045544,0.000083515,3411630bf8bfa30939a6b24eb460ef742ce6c1f0d86ea84665d796a99467873d
2517,1764562482.148838,0.000030857,0.000015769,0.000036788,0.000026789,0.000055944,0.000073996,bf495602a7e4a574cebc389f291d3ea183e0368425e2f12b8cd3f5cc3e5f9a4b
2518,1764562482.15073,0.000032640,0.000019906,0.000032310,0.000023713,0.000037389,0.000075259,10d650f37125b08caa3fd39c55616fe0628a1c0fdcc8480a9f7ec1f0772a5209
2519,1764562482.1525102,0.000029044,0.000017652,0.000038371,0.000023413,0.000033282,0.000062285,ac95ebcac45e9d436261ef14281958f8d97de03d87a3a28dd6fb50969268a47e
2520,1764562482.1543107,0.000033202,0.000018434,0.000035605,0.000019586,0.000027420,0.000059941,7539ae18c413ca4c26edd45c25cc3eb8a2558ba71e45ae12db4231516339dfa2
2521,1764562482.1560671,0.000028703,0.000017623,0.000030897,0.000023263,0.000037719,0.000044742,632242e100117a7b825e324310e533393f7b1a56cabc764528ccafb5635c7332
2522,1764562482.1577516,0.000026740,0.000016310,0.000028623,0.000029004,0.000044402,0.000057286,3e33b8aba409be6114554662b7940e8ac7e1a14a87a1923551b28a3de81160a9
2523,1764562482.159896,0.000024936,0.000016872,0.000032950,0.000041457,0.000065772,0.000081431,56cb72e95cf8d62aaab27941bc09e1aebfcfe71180c334cc466d56be5597fd5a
2524,1764562482.1613607,0.000026328,0.000015849,0.000025477,0.000020047,0.000035516,0.000042319,9b575cf4092b86f0396c7085c245e32de390abb7f68bdf7c3f7735214b573506
2525,1764562482.1639857,0.000026378,0.000016140,0.000088544,0.000045384,0.000149446,0.000077834,7fe334ec313fd6edf55052ed3ed3d0668683feda8d1fc8fce993554c704c8bf8
2526,1764562482.1677113,0.000081050,0.000030747,0.000055132,0.000057216,0.000107799,0.000164965,9b2dad94826c0ce8098a9346763023d189fda5f97d605cf59a46ffc55372d914
2527,1764562482.169485,0.000049371,0.000034093,0.000021680,0.000020598,0.000031869,0.000055162,e2026f30cc725bc6abb3c9e656412f4369777cc154f226c44992ed4a872f19df
2528,1764562482.1707027,0.000021930,0.000016371,0.000020909,0.000017282,0.000021830,0.000035736,8a97534f2fad3d61f6b5bcd8fb7c5d5b0588da295c403c5ecd026e246acb341a
2529,1764562482.1719189,0.000022532,0.000016631,0.000022111,0.000017603,0.000021309,0.000035596,c1fa464b9d3ade9645147a9a1fd30a50a41cfdc057f82ddabfb9ad25daf5329a
2530,1764562482.1741152,0.000021791,0.000015489,0.000025166,0.000043801,0.000067635,0.000086340,e98341f34a69f7d26101a19aa9fc48ac54332b67eb1ee4967cba8f29a42d4b96
2531,1764562482.176488,0.000041236,0.000031348,0.000043811,0.000028402,0.000054991,0.000062125,301133942d54908bae635eb4dda3a7897f53c1a19526d5f4e2d6de39c32c936d
2532,1764562482.178001,0.000025677,0.000016240,0.000022121,0.000021770,0.000030717,0.000043360,d83edcbcaac96c0552990e5c68526f6a6329e77a387d6adf38d6f870708b382e
2533,1764562482.1807923,0.000022070,0.000016130,0.000048900,0.000054290,0.000098752,0.000096769,e5f195ce11544c7776a5fdd266cd9557bee38a3cb7affc96108806d9f0b51fbc
2534,1764562482.18241,0.000033642,0.000017933,0.000027320,0.000020328,0.000029595,0.000040024,996736b186979a2b50573004b54a1e521130886cd1e18c887687f1b30ed20e16
2535,1764562482.1836982,0.000025016,0.000016030,0.000022341,0.000018054,0.000023313,0.000037028,28fa6a00f853e839ee96f43b7ae48dbfe36a755211fb1e6729e6b2ccfa9d019d
2536,1764562482.1849377,0.000023193,0.000016711,0.000020979,0.000017783,0.000022121,0.000035966,f7b1043c03b2a44fe3c8c74b85566b3cdb501cfd65f2f7da255b3711c60c9329
2537,1764562482.1861176,0.000036237,0.000015890,0.000020608,0.000017091,0.000020659,0.000035325,93006ccbafab9f624dbb38459fe6436ab22d6aeaff92e385bd0f599af794ecbe
2538,1764562482.187265,0.000021460,0.000015658,0.000021650,0.000017072,0.000024175,0.000034704,c639764e1cebdbd68f27a825f3b225da9cb3a07798df7d0badd4d5c1274221d4
2539,1764562482.188667,0.000022171,0.000016009,0.000028011,0.000017392,0.000021760,0.000043630,54faa53d96780ef00642ea894474f628c06a22b6d7bc6d605874f1fb183a405f
2540,1764562482.1901596,0.000042508,0.000018745,0.000022532,0.000019295,0.000025036,0.000043951,6a1078fae055001a77c31da110fd54267babd9497dd902a51ea14915f4152523
2541,1764562482.1923194,0.000022812,0.000016320,0.000021640,0.000043450,0.000079156,0.000084376,0015e8095416979fb56cb1ec37b769dabf55307c52359c476b69147cd750418b
2542,1764562482.19354,0.000022813,0.000015649,0.000020879,0.000017392,0.000021730,0.000035826,7ae1236b0719be63be72fd01181ded39872569b70b0861d2379a4dfb654e98f8
2543,1764562482.1947167,0.000021711,0.000015579,0.000020989,0.000017161,0.000020388,0.000035144,61fb21ceb9b343b541b93d8323b37e53623e191ad7279fa72cab4cb86f919cd9
2544,1764562482.1960218,0.000021850,0.000016901,0.000020708,0.000017983,0.000022822,0.000035606,0c312e47b9741383ebd1bdba6388eedcc7f80996dc4bb06b62b8d658626e5cfd
2545,1764562482.197402,0.000021741,0.000015669,0.000021499,0.000023102,0.000030225,0.000041246,c84452c0e84c2abd8c09073e856bd573b8151ae96cba12a4295d30bb943dfb45
2546,1764562482.1987884,0.000022691,0.000024084,0.000023022,0.000017783,0.000025637,0.000042568,b82364805fe6e6fa74b697ab4afac2c091df167d03e800ed6e09776b08334f0d
2547,1764562482.2003477,0.000024976,0.000015538,0.000043661,0.000018124,0.000027050,0.000041136,8a192b5e6be003c976f98c2779fd74807336709b5c5b4aaf18ec1e84e67b5657
2548,1764562482.2016525,0.000037710,0.000015018,0.000020127,0.000016621,0.000020678,0.000036447,465d98db730f8c98b359992c911e0ab98b0a3753b9310714b1f9e2cacb116f40
2549,1764562482.2032492,0.000021790,0.000014747,0.000019627,0.000027020,0.000047999,0.000065341,70cedb0dc76941b7e19145a51ae25bc261f4da06f5bdbd9a972172d24e1807e4
2550,1764562482.2046285,0.000023814,0.000016340,0.000027611,0.000023063,0.000028402,0.000054771,b63159475f49e4ef70b1062adc9154297450f7a69eb41139023ecb99bcb26a26
2551,1764562482.2059917,0.000029795,0.000019927,0.000022321,0.000021119,0.000026209,0.000054340,4914b33ca750d49e70e95b13fcc1b710f122bb2443d039b213a283445dce0b77
2552,1764562482.207214,0.000021730,0.000015348,0.000019386,0.000020719,0.000025086,0.000052597,39547501e962d4b5903450a269193bed27266503c998f62d439d376c3be4861a
2553,1764562482.2083983,0.000020988,0.000015348,0.000019537,0.000020318,0.000024004,0.000049953,d1f93d7742b8b348d366d26372491eb05e03060ae781c517b746f8c7241f3271
2554,1764562482.2095833,0.000020278,0.000014587,0.000018925,0.000020277,0.000024255,0.000049782,ecbc3769ed462c5487e3a320828389e3ef3257e83a9c6d093b0043c4dc60f92a
2555,1764562482.2107267,0.000020107,0.000014537,0.000019075,0.000020088,0.000023243,0.000049702,c5afd81e202fd63b9311ad142aa7610762d1ed92c2c2ae2b1e54e8a0644275a9
2556,1764562482.211899,0.000019907,0.000018294,0.000019085,0.000020188,0.000022972,0.000049953,1bd65f5459faff487e492196e6090830798bb8e65918e8a3ee3493e2c67ca4a4
2557,1764562482.213115,0.000019766,0.000014527,0.000024756,0.000019756,0.000022932,0.000054391,cf01dc8e474c010e555e7ae3e982e595ac1085ed71ce07234a24d3f603c531ff
2558,1764562482.214374,0.000022982,0.000015268,0.000026539,0.000017132,0.000022812,0.000036678,5f9b43ae1197f2e1c63fe102d4ed71acf0c8b60db6cadb7e2e967a1010311dde
2559,1764562482.215679,0.000026699,0.000019296,0.000019536,0.000020698,0.000023844,0.000050674,58c96f05f433cd167f9368c44284c61b3837440484afe586b2fbd8484d4e1e7e
2560,1764562482.2171917,0.000021430,0.000014737,0.000040465,0.000020709,0.000023543,0.000050724,60337381c3d6c4eb0db11444853a74e2179595866b957bafb6c58b94f5ad73a7
2561,1764562482.2184443,0.000026469,0.000015169,0.000020047,0.000020087,0.000022672,0.000049762,4e496cc07a377ce6df2a1ca532413380789306ad536e9e2740bf9d9457b4aa9b
2562,1764562482.2196853,0.000021249,0.000014978,0.000019857,0.000019896,0.000023263,0.000049993,2664979e7c027764db2f83c7915e785d23cf7b1ca766c155135f4290a6c71572
2563,1764562482.2209046,0.000021429,0.000019636,0.000019987,0.000020248,0.000023944,0.000049812,5d6683f185a0519f13a685cd0ac66441e779c12f334a7d5e2fbacbb59852e771
2564,1764562482.2222698,0.000021881,0.000014657,0.000029595,0.000021199,0.000028132,0.000061463,1c739adbc092fad9ac3d707c4872384d788071b0bf0aa43eea70bc596b4d52fe
2565,1764562482.2235851,0.000029445,0.000020628,0.000020197,0.000020578,0.000024735,0.000051675,ed0bb375b491f1743a4ed4c738220c5664db2315d949bf487d5c74498a3a5c06
2566,1764562482.224779,0.000020808,0.000015138,0.000025307,0.000019927,0.000023373,0.000049973,e848f7195ab0cc5f4f4dd0dd8701788b6d5e801369743f025f1d1932a41814f7
2567,1764562482.2259738,0.000025457,0.000015649,0.000019145,0.000019797,0.000023093,0.000049732,6e8b442904f99f8531b2dc6cd89bd84de079403275f2a2c4dc802d84787917cf
2568,1764562482.2272635,0.000020488,0.000014547,0.000019005,0.000019707,0.000022932,0.000054861,2c22e41a47fae1484fbffcbf1f149ccabbc34a0d8ca6e4b9cb8aecf49c6a73dd
2569,1764562482.2291267,0.000019276,0.000013966,0.000019526,0.000035836,0.000057687,0.000073075,5ff6d61aeff975dada160242a2ae5d3348c5bf5c292f2494492f5e4879e4d892
2570,1764562482.2308168,0.000022241,0.000015178,0.000023674,0.000018965,0.000033833,0.000037459,cb1ef1c29058c8bfbdbf1378b5b097e4d162bb4f84ea04902a29cda0c1b999f9
2571,1764562482.232241,0.000025207,0.000017302,0.000024996,0.000018654,0.000029163,0.000044221,342b7795734944e67582c96f8160c8d000c42689f87531bc7b666b80a74cb1da
2572,1764562482.2342658,0.000022071,0.000017092,0.000033262,0.000028183,0.000066703,0.000056203,907fab3da2325ea7cce9c18aaad09c81742b393a5e1a9c36718ed1181b73777b
2573,1764562482.2360647,0.000027090,0.000016080,0.000021400,0.000044933,0.000050093,0.000072604,927dabd77c7756c78f4706f545c3f99fce4c319075968e2376f18d83cf5dbf0b
2574,1764562482.2372715,0.000024625,0.000016270,0.000020798,0.000016010,0.000023824,0.000037209,201019215a37df2f800a7023bc7ec75fdbfbecf8b3fba4cd084e824f95ad6eb2
2575,1764562482.2385337,0.000021950,0.000015499,0.000024725,0.000016310,0.000020047,0.000038461,24b96c0a11ba3a7edcb2d4ae2be70dc8a3ca384a83ae363c32d56fa86274aa42
2576,1764562482.239767,0.000022471,0.000017933,0.000021530,0.000016981,0.000021891,0.000036587,f7ba9a01db7dc643d3d3acc16596f239423f28a543e6dd67527009c6e3d224fa
2577,1764562482.2409158,0.000022352,0.000014938,0.000019526,0.000015929,0.000019937,0.000033131,7513dfbdecd71829f3472a279d218461c02f032633ecd06e097a7d48458fbd27
2578,1764562482.2420208,0.000020678,0.000014777,0.000019346,0.000015809,0.000019586,0.000033141,0ba8bba8bac6fcce5120b60ff046bd684a7628e979a459d025a0d989350214db
2579,1764562482.2430918,0.000020077,0.000015318,0.000019426,0.000015669,0.000018965,0.000032691,4e8c3d1073de7727056d6afe2b033b7d419fa47614caa7b484c17659306fc408
2580,1764562482.2441783,0.000021389,0.000014577,0.000019767,0.000015730,0.000019075,0.000032820,e13df77a7db3a133269bb6a3cc23b37c0a5a3770cf4eee1bc2262f4f7cdeca17
2581,1764562482.2452383,0.000020347,0.000014607,0.000019155,0.000015659,0.000018995,0.000032701,1ba5c20a1bd04d6b32945776bd57a016de0e03520de977da3328ed274670079b
2582,1764562482.2463422,0.000019927,0.000014236,0.000020537,0.000015469,0.000018664,0.000032761,4e92fb05eaf06572094a73d7a9ded54a78014528d18a70ecab1c4f8d37e30f00
2583,1764562482.2475967,0.000022301,0.000015509,0.000021280,0.000018454,0.000026790,0.000038061,93267c6c8d9bc23e07076ef00dd1d63ebe7268019096546db0a491b4f35132f1
2584,1764562482.248744,0.000021900,0.000015137,0.000019967,0.000016019,0.000020297,0.000033371,6b19bc1ae17e37eeeaad161ce59ff1869924d8354a57b685f7e37982e2159b8d
2585,1764562482.2498226,0.000026068,0.000015158,0.000019335,0.000015619,0.000019466,0.000033542,c77f6263b45a0d43cff00577515d22411d0ec9da830492747c41dc25c261adef
2586,1764562482.2509158,0.000020808,0.000014727,0.000019596,0.000015719,0.000019506,0.000033431,cc700db0fe893a8bb897bae12e889d9c5a51fcfb595847a7137b2b90016381e0
2587,1764562482.2520297,0.000020819,0.000014798,0.000020127,0.000015930,0.000019175,0.000032620,f2070b0418b35a3ab303c9f9e787fe8e613b9ef871397d5ab8910f94263245e9
2588,1764562482.2530923,0.000020568,0.000015028,0.000019716,0.000015859,0.000018635,0.000032581,8816698e700b9627c6140b441ce1ec95dc960d0f4be78b5c7e7125f182e8dc1a
2589,1764562482.2542064,0.000019807,0.000014507,0.000019246,0.000015910,0.000019275,0.000032160,666c3cd8b4e9669055f2326ee1c7618110839190652f1792747465762e8b4e06
2590,1764562482.2555518,0.000020388,0.000025627,0.000025317,0.000018855,0.000026038,0.000036267,87c108418d94d331b64a622995bf71735db9a133c6fd881c3c3124f28a1e16e8
2591,1764562482.2568166,0.000023834,0.000016540,0.000021940,0.000017463,0.000020999,0.000036267,d6f2f4a2b60e94680c70b2e345d0fa4de40aace9dd3c6424cff20be03414adc8
2592,1764562482.258608,0.000024666,0.000016611,0.000021119,0.000025938,0.000058078,0.000054751,aa1029f8374a09bd719ca444727b07e6e9bb9317adcf7455a49a8b9db83d0ed9
2593,1764562482.2603076,0.000021610,0.000015068,0.000040205,0.000017462,0.000021189,0.000033852,c7dd6a54acea54ee2140afbb743b2f750e487f41117c380395e569e69b5ffcc0
2594,1764562482.2615235,0.000040835,0.000015398,0.000019647,0.000015990,0.000019125,0.000032801,620b48515294fb0bbcef9d5c321e000e891d14942613007dd4b0a4683a414531
2595,1764562482.2625895,0.000020628,0.000014787,0.000019145,0.000015619,0.000018454,0.000032349,f5c23b0c46df64773b465adc894be0b625114aa8c7fed52b55e44604cba1f8d4
2596,1764562482.2644193,0.000020729,0.000014386,0.000026399,0.000037008,0.000058198,0.000088924,c7e339d14055acc38bc2ac7845cc73a715fa6552f76ffdb5188267238ce33647
2597,1764562482.2656121,0.000022291,0.000015098,0.000019065,0.000017042,0.000021650,0.000033702,af3928caca46440791e8f629f71cb412d03f8005b8bb313547791a858292d8e6
2598,1764562482.2666702,0.000019927,0.000014397,0.000018995,0.000015279,0.000018083,0.000032580,251f8949f52eca3ecb76cc6f52ee2aeec1511ee6657f57617175eb1d4a6879fe
2599,1764562482.2677557,0.000020127,0.000014647,0.000018494,0.000015368,0.000019356,0.000033141,baf74c443fd5bbc92bae51f9afa675ae485aed030dcb34437c1a67e99ae49885
2600,1764562482.2688465,0.000025527,0.000014888,0.000018484,0.000015789,0.000018714,0.000032691,1b30f35d8d9edc11c1bc7f8199bfb14d90f47bdbc42c4490222a86033099603e
2601,1764562482.2701097,0.000019907,0.000014677,0.000018956,0.000020177,0.000031468,0.000039253,7fae89eeab37dc94b1ec8b21d67958059bec198f4317c99df89a8b004261e1f4
2602,1764562482.2711601,0.000019606,0.000014466,0.000018795,0.000015549,0.000018414,0.000032630,70fd06db9e5177d4aefab24b35a400cdd17c088fe0ec9206077e11b4cd77fce8
2603,1764562482.272326,0.000021009,0.000014486,0.000018764,0.000017542,0.000024685,0.000035756,fbeb4646b99195d3c46c0145e8ca6535f527e983c9b63349026170decd44d63a
2604,1764562482.2735322,0.000020277,0.000014587,0.000019305,0.000018554,0.000026258,0.000035886,55c19ac112394204ba87f43840f58d9126a09248272fb62da59808cc29dc5412
2605,1764562482.274637,0.000020098,0.000014417,0.000018294,0.000016140,0.000020208,0.000034995,2b35db81062560a18989174e08fd149c6cbb361cd26ec8ef10b7e7e0261ae99b
2606,1764562482.2756882,0.000020088,0.000014437,0.000019055,0.000015569,0.000018945,0.000032661,80fd944d38494a1cbb04bd9104be174313b831c5aebfa0bea5c497c1f593d2b0
2607,1764562482.2767527,0.000020147,0.000015118,0.000019015,0.000015268,0.000018614,0.000032720,073f7fff57493d9f2028c530c8e10844b4720e6bb71870df3d27a3f0c00b6913
2608,1764562482.2778063,0.000023774,0.000014577,0.000018624,0.000015498,0.000018824,0.000032771,d7c2cf2646828c1bd3a836ac908aa3b89ccbc875ae45415ee56b5dd2dc1dcead
2609,1764562482.2788665,0.000020247,0.000014758,0.000018765,0.000015589,0.000017773,0.000032680,2318b69398c44f608691fe2a39fadd14aecbf2b55b10add1b25f9f1bb46e1f77
2610,1764562482.2806754,0.000029554,0.000015990,0.000025988,0.000034163,0.000046536,0.000075369,93e5614463904f8ff02e73bc68ae07e41dfd7f90f849204b8b4dd2374c733f1a
2611,1764562482.2819583,0.000022853,0.000020297,0.000019687,0.000017873,0.000024726,0.000034554,593fa79b3995aa1d40b0b79b37f23935fb2442f0e447c403473e453026f8d04b
2612,1764562482.283056,0.000020829,0.000015568,0.000019446,0.000015820,0.000019997,0.000033322,d5e275d76564121a35849bc1ee9552ff9b8c6a5708f5d03dce384274fad5dfe8
2613,1764562482.284117,0.000020117,0.000014566,0.000019125,0.000015729,0.000019165,0.000032911,6bab86d911b55d092dd8aef999460cdcc86a251d736cfdc9318601f025569f65
2614,1764562482.2851872,0.000019546,0.000014466,0.000019095,0.000015679,0.000019006,0.000033111,99e9326d266b18726eaa1ab593ff9a43ce0c40312d0c9ca9f36175e6275b9b4e
2615,1764562482.28626,0.000019596,0.000014446,0.000019226,0.000016100,0.000019345,0.000033202,177add841c7af517f818dcad490c6873de4b4984943d3c8c7507c97592f76d1c
2616,1764562482.2873242,0.000020328,0.000014507,0.000019296,0.000015478,0.000018675,0.000032710,e1b36fb93d7a6cd37ef2cbd77f98053f546c2f1f78ab79009552e1c65cb66740
2617,1764562482.288416,0.000019837,0.000014406,0.000023473,0.000015939,0.000018855,0.000032450,d1102068cf1b3eb6a4206cbc73f965f9d8ba9ee8e6bbe9627df12340f4182beb
2618,1764562482.289726,0.000021370,0.000015098,0.000020869,0.000016521,0.000020848,0.000033381,3a56d676b6bbb23c50ea1883fdb25f0253241de0fb5adbd72ba7fd2b71eadc42
2619,1764562482.2908704,0.000020859,0.000015649,0.000028072,0.000022362,0.000064779,0.000033332,9ffce7da9a0b9fe7cd17e5ebc7076198c13b23c1f55bb5ba197afa9170f01bfa
2620,1764562482.2919483,0.000019986,0.000014066,0.000019436,0.000015338,0.000019005,0.000032670,1a0bcbcd3a3a42a5ffab2c1999a29ca9ad28e4096fdf556f6baaa39a7990af06
2621,1764562482.293015,0.000019205,0.000014266,0.000019286,0.000015749,0.000019396,0.000032610,77de5e70f5c69dce5e960586c297a43adee4c9efddaf6e81386ff2e4c68c145a
2622,1764562482.2945132,0.000019577,0.000014457,0.000020017,0.000021680,0.000042438,0.000040225,1923fbdc3aa99cbcd719e45cdc79d76ba1ddd4b5b8eaaa2bd2f33b999cd4cecd
2623,1764562482.2963398,0.000020648,0.000015098,0.000041387,0.000033371,0.000068286,0.000067385,aa911ea20f10d8f7991b56825018c67abf13d32eae650279a9556a8bf72ce827
2624,1764562482.2980614,0.000048139,0.000016451,0.000025487,0.000030977,0.000080719,0.000053729,46d210c51f11bb8a1447b9deb37952f873603c94fc8cf0d794599682780291b0
2625,1764562482.2992706,0.000022943,0.000015990,0.000019336,0.000016771,0.000022131,0.000035595,c5817463f18628db1c1cd1c353093bf0362071dbeb7f07fe533d4f9ddcfdd741
2626,1764562482.3003845,0.000022000,0.000015018,0.000019336,0.000015679,0.000019696,0.000032751,815aa505e9b3496a0623b880bfb396d2e54708a421f3169c439d12be8888dd01
2627,1764562482.301486,0.000020378,0.000014427,0.000019196,0.000016140,0.000020157,0.000033522,f28da6c44de43e4f2a1f06899eb72b092af1955c7a11efde60e8e43a72c390bb
2628,1764562482.3025427,0.000019866,0.000014256,0.000018735,0.000015619,0.000019096,0.000032720,c226f78ebffbb2bbdb3492249b25d93f20ac8c1e8d96f5a19ef02a3f9048599c
2629,1764562482.3036158,0.000019266,0.000014036,0.000018274,0.000015719,0.000019316,0.000032881,97508727b3030468ee1b2337da92829249f418d41879f3723e6f4b3220ac0073
2630,1764562482.3047543,0.000019586,0.000014366,0.000021129,0.000015499,0.000019356,0.000032840,9b5eae65692116685f3ad47ada5f87e5c59d3800c1d4c625535b40c9ada706e6
2631,1764562482.30598,0.000022211,0.000015418,0.000023313,0.000016631,0.000020808,0.000033963,485d34cf07dd5aad4e745c79d5438e41098e3a3fbedf964ca092e396f356a725
2632,1764562482.307791,0.000020979,0.000015279,0.000020077,0.000036537,0.000066943,0.000049521,929f3695948cfe1f7e172a06944efa6f709d34f67f99a0ea6301f30f7412560b
2633,1764562482.3089216,0.000020157,0.000014487,0.000019145,0.000016149,0.000019776,0.000033211,a38647fe8262858fdd1876b4f5fce9943764e6bb49ae989cb8b55c9713e25758
2634,1764562482.3100004,0.000019706,0.000014316,0.000019426,0.000015618,0.000018764,0.000034393,acf4c9f1fe787479257f7c6f3f9bb0348db149b118e5b4842ff7e4752d947f70
2635,1764562482.311547,0.000019336,0.000015028,0.000019496,0.000031688,0.000038841,0.000065852,5e3bd42a908f6561c27008aafad3492e888017e74648438344fd8763d73399bf
2636,1764562482.3127844,0.000020318,0.000014607,0.000020498,0.000017121,0.000026519,0.000035495,c7850c72ed15522c6caafdd4cc17c28d01e2539e8d310fcd3ca52355d2e41a66
2637,1764562482.3144963,0.000020939,0.000014767,0.000043591,0.000040014,0.000050544,0.000037169,d1eeb25c627af211fdee3c112680feccd1131829c1545e0a6f495e5788bc2c16
2638,1764562482.3157132,0.000022732,0.000015138,0.000020388,0.000016621,0.000021630,0.000033763,806f0ae90ffc57b050ffe1fd406e4019f8eab09e8afe7093c4ee5b2bd69b7c64
2639,1764562482.3168366,0.000020589,0.000015519,0.000019727,0.000016110,0.000020508,0.000033312,d6acd2605e1d4c45061dbae5d666f04f88b8821e36564c17bdb39e9ea840c98b
2640,1764562482.3182576,0.000021229,0.000014456,0.000019065,0.000020718,0.000042729,0.000041677,eaa9c05971fa237d5a936580015e19dc39635854637636d5ad6eacc53e0d3c52
2641,1764562482.3193471,0.000019977,0.000014597,0.000018685,0.000015799,0.000019146,0.000033151,9d90e7e775a4da1269dbd741b48e0fa762a0eb97954f9cba005f24c4937098ba
2642,1764562482.320441,0.000020157,0.000014506,0.000018885,0.000015679,0.000019266,0.000032911,ea68e956b61dfdac20facf21d8422ff09b4f84863cb4a007711a81d2d5cbdc40
2643,1764562482.3216743,0.000020678,0.000014698,0.000023203,0.000020137,0.000025567,0.000034754,d69a491ebc3904083e975da32802445a993cd8812284986f5e45abcfcd375a4a
2644,1764562482.3229194,0.000022311,0.000016511,0.000019056,0.000016761,0.000022130,0.000037579,e444c70fb0c91fa66a140e9e846dccd78e43c2115aac1f240c1d910b32c920c9
2645,1764562482.3242474,0.000019175,0.000015429,0.000018374,0.000019967,0.000032290,0.000040665,4333b0e6edc01a45b1c9e0249ce7d0a41f775e9d9de19913640da30140a92144
2646,1764562482.3253448,0.000020568,0.000014777,0.000019005,0.000015940,0.000020227,0.000033352,d4c08fb87d4873414ea4d3bbda181056a30e8ee552190cfd096e21eed468d2b0
2647,1764562482.326424,0.000020398,0.000014467,0.000018895,0.000016150,0.000021500,0.000033071,87868b124f06c697c5c1a82360a4aa293fae944a7848f2c17525cca7a34e556c
2648,1764562482.3274944,0.000020047,0.000014167,0.000019175,0.000015920,0.000019215,0.000032801,1b3695ab0b0fc1c341f129507c66334b84f94ee18ba48a8875fbb1b22a5c3c3f
2649,1764562482.3285453,0.000019526,0.000014287,0.000018905,0.000015779,0.000019235,0.000032941,94a45785f5c4a7f8000d54af75b6f1948304171d455f349892f653db00cef5c2
2650,1764562482.3296857,0.000020017,0.000014407,0.000019987,0.000018404,0.000023754,0.000041637,764ffd59a6681848beab8771421c55d9c0f22b7b8648cca354e30c3cf02ea875
2651,1764562482.3309522,0.000020468,0.000014818,0.000019526,0.000020938,0.000023242,0.000037359,67d13e411e5f25c4f2c457034e04a7c2a92e0e8643ff457f6cd7d51fb7ddb99d
2652,1764562482.332051,0.000020729,0.000014787,0.000018905,0.000016150,0.000019587,0.000033663,f4f6caf9beb4d5bf3f71e329d953ade1d0454a61b98b186ec7809a5b54ef2139
2653,1764562482.333101,0.000019747,0.000014207,0.000018885,0.000015549,0.000018664,0.000032890,f2453f598817f4535c9497671512978ef661b7f2b3d917f8af381730325c7b44
2654,1764562482.334235,0.000019926,0.000014287,0.000026729,0.000015679,0.000018725,0.000032580,44932b462deee1b11d8d2ac90328a5848f89fae8201c444ba94687a6c3c37ab5
2655,1764562482.335497,0.000024866,0.000015038,0.000020497,0.000016510,0.000022110,0.000037148,4cc9344d5a9832cfc3838b051985caa6ee71b0bcc6eb31643e9c9c61ffabdecb
2656,1764562482.3371918,0.000020588,0.000014918,0.000020117,0.000036507,0.000053309,0.000072885,4ad8ad7fb6d4431053461c6293099962e9b7f42c44cff513df2d048ff61bf0e5
2657,1764562482.3384066,0.000020378,0.000014908,0.000021940,0.000018604,0.000026379,0.000037690,b321a61397c6fa4e582523228f3b0b94c4b4fd852303275b2d80de883d7b4396
2658,1764562482.3395824,0.000021339,0.000014998,0.000021079,0.000017512,0.000022221,0.000036156,332b03be0318194dc4aca756dba675fa31c20879b4c50eaa39a7814e65410080
2659,1764562482.3406916,0.000020939,0.000014516,0.000019746,0.000015979,0.000020278,0.000034383,cdeaebf2f1ed629097f6709c2b089cff2bd175ab542bd14132c7a16e0c7ea68a
2660,1764562482.3417757,0.000020308,0.000019486,0.000019586,0.000015568,0.000019436,0.000033341,65c3e386d42bfae69530bf96f2f2c923d51562f21f4982413d8bddac5847ead1
2661,1764562482.3428652,0.000020338,0.000014356,0.000019496,0.000015819,0.000020057,0.000033472,77c0670f29adadb7b3a045be7bb4d111c75c64c25cfa351d932f3a2384e54297
2662,1764562482.3439415,0.000020167,0.000014066,0.000019556,0.000015468,0.000018584,0.000033442,15ee44314b28f1adb6d9a8002f5774f57d99114c4450d3620bf108adb27ff878
2663,1764562482.3450012,0.000019386,0.000014858,0.000019817,0.000015308,0.000018544,0.000033432,e6ae6e933f931cca5b62cb7445b2259708e21b75a03f885301dd6536320958de
2664,1764562482.3464725,0.000020168,0.000014437,0.000020447,0.000020478,0.000034444,0.000038711,a2ffc300efb79d7aa85331b62f599892d58e08e6b457db03593e0f6350027784
2665,1764562482.347878,0.000020498,0.000015008,0.000025718,0.000020598,0.000033402,0.000040946,db08ef285a1c5d30efc30cb0306915b548d5f81d2d0e4e644bd3ad3849deb3cb
2666,1764562482.3492727,0.000021570,0.000014798,0.000022422,0.000022662,0.000033512,0.000043030,04188b31cdaa661b834d4a664ad5c296617d24f9108a26a998598e27fcfc3a09
2667,1764562482.350539,0.000021470,0.000015028,0.000020838,0.000017923,0.000027821,0.000040434,0c9adf53719472a85ebafd93eb1087e6b71a1be4dd127f10244de07695c7b986
2668,1764562482.3516529,0.000020228,0.000014917,0.000021379,0.000016150,0.000020638,0.000034303,f3b38b908ad9898c81aaf65b8786378fdfaceda57a14e092d09186fa54746f93
2669,1764562482.3540056,0.000020248,0.000015278,0.000062485,0.000037450,0.000103692,0.000124910,eda205d786b45adcf7bc10e9ab2a08c1787967694222cbb82f1e512ceb446b00
2670,1764562482.3559017,0.000034314,0.000020057,0.000039964,0.000024074,0.000035846,0.000061714,4b74a70ffcfaa4c62d242f8605071e3ae6705e8e927dc52604cf546d985d7bd0
2671,1764562482.3580787,0.000025367,0.000016992,0.000030316,0.000039383,0.000066022,0.000080409,327eb7a207eafe8f47af541fbd933b464d977f2849b24f72a4f2fb3f9c359c32
2672,1764562482.360602,0.000028002,0.000016781,0.000031568,0.000026349,0.000073436,0.000061353,cf10c89ede152dbddfdb720e3a01027d0bb1e9d463a6265e3a683f211733adee
2673,1764562482.3633916,0.000027240,0.000017262,0.000060502,0.000052507,0.000072444,0.000114832,d4ede3a7654416c9ecb226f3aa3bc5d593e31792c81a92c8fce1a6ed14a350bf
2674,1764562482.3657935,0.000041366,0.000018625,0.000025988,0.000031618,0.000063638,0.000087652,f89e93cd9f7eae61867ff5ddcae4c2783cf81eb1fe8e7ed5a7ce43831844a0b0
2675,1764562482.3671403,0.000025747,0.000016350,0.000021961,0.000017944,0.000027320,0.000037259,295866a11b06019ca227298b9d7818a15a465987de6d7fa5c0217848a5b4eb2a
2676,1764562482.3683946,0.000023533,0.000015959,0.000023463,0.000017262,0.000025998,0.000037619,88efdf098e43323681a72c22dfac9714304dce90846aa6a1187b02a84377f852
2677,1764562482.369901,0.000023303,0.000015509,0.000032390,0.000019587,0.000033341,0.000050203,6db21ea4328be716a1bb677fe60f81bad9a3d8ce169811dd2ddf3f6fc68ee55c
2678,1764562482.3717394,0.000022652,0.000015789,0.000036046,0.000050643,0.000043150,0.000064539,3b8c6d40799cd09fe8f8955d30db93ea216e2efc881204d476f74f1d96fec64e
2679,1764562482.3731303,0.000026329,0.000016421,0.000020888,0.000017222,0.000025226,0.000038080,2944fceda8f1896c16c52e141a735ba7cfaeb9b126bb00ff82b99b739fa09450
2680,1764562482.3743649,0.000020869,0.000016430,0.000021390,0.000016711,0.000021139,0.000036137,238399f879878cffb83b2a081d99a370633213418582a5315c5d1299db5a1fe2
2681,1764562482.375457,0.000020909,0.000014557,0.000019406,0.000016049,0.000020218,0.000033462,f77493fa9cbe168cfb6440bf762b3e270cf3e6c9ea11089275a9da64e6bbd218
2682,1764562482.3768945,0.000019827,0.000017783,0.000044643,0.000018744,0.000026339,0.000043410,3e445739f4a7c7b5156a56fd478055f53907e3b4826bc5f11534f761ff65500f
2683,1764562482.378443,0.000032881,0.000026208,0.000023744,0.000018294,0.000025367,0.000037209,40184b80b7d64c3d8120dc4f538919af194fe1603eeb888148045ca97dba347b
2684,1764562482.37966,0.000021851,0.000015829,0.000020388,0.000016300,0.000020829,0.000035216,3eb652029a3dbccbc5b5f6fedc7aaa0c18029482b15951d1dbe25f096616ac64
2685,1764562482.3815367,0.000021860,0.000015418,0.000027311,0.000038151,0.000064810,0.000079738,19e733980dbc9115116e24d278259671aeada4265007af850d08209c814173d1
2686,1764562482.3834631,0.000023744,0.000016150,0.000045934,0.000025607,0.000063097,0.000065731,83a03c6aa46f0ed70a8898a51115e09c917661cdf964d85857a7f81330924114
2687,1764562482.3850675,0.000030887,0.000017633,0.000022291,0.000024706,0.000044903,0.000047638,2cd5fb808f8f570a6566db942fbcffd9f6984793ccf7115b26cf10a114e4db74
2688,1764562482.3864028,0.000024496,0.000015799,0.000020858,0.000018564,0.000024114,0.000045434,59b4a138a7a985685c19c516e8c2331cfbe8fca442908ef412da4baed3a12e79
2689,1764562482.3875258,0.000019676,0.000014357,0.000020307,0.000015539,0.000019526,0.000034173,cea63b42dc99913c8ac0f18d37d032d015254d968c264d789d45103e60fcc4df
2690,1764562482.3886466,0.000020168,0.000014747,0.000025327,0.000015479,0.000018574,0.000032931,982a7566995e11a4faabbf1e8da648d5028c89f15226458ffa7d7f3c1ee4a8cb
2691,1764562482.389929,0.000021300,0.000015729,0.000024395,0.000017392,0.000029154,0.000042188,c8c6826f01d7d938c2f5354008fab000d34dca8611d1f83d4ee19375fbd13f30
2692,1764562482.3912203,0.000023394,0.000015509,0.000026408,0.000016921,0.000023182,0.000044783,802b75bba12bbc4537f181b8f83e9c275cb7e408f72b643944b3d52ba2653959
2693,1764562482.3925092,0.000022532,0.000020738,0.000020668,0.000017823,0.000024656,0.000047789,fa6df01724949be34a28a413f31e4cdb4f2365cf8c7e320c55ef487f2e5f594c
2694,1764562482.3936667,0.000020849,0.000015108,0.000019415,0.000015559,0.000020278,0.000034724,d69b29e9bdd4f60d3d50e26ff914e0bffa2a709663005225ae2b891cf1d69404
2695,1764562482.394739,0.000019726,0.000014957,0.000019787,0.000015849,0.000019305,0.000033692,172c1c7d9f18322e405b8365f13a839f8850f2a955689c270fd48800b34be24f
2696,1764562482.3958256,0.000025377,0.000015810,0.000024105,0.000015057,0.000018044,0.000033011,baf13ee5f4aea78127c45e6ae43c8e67a5f0c70921c880b69008b704c295f480
2697,1764562482.3969538,0.000021880,0.000014948,0.000020348,0.000015569,0.000018224,0.000033041,dc946a0677dade10d8bcda12ce2f4a00ed662a65fbb09ad062c7bcceeb22a9f2
2698,1764562482.3981292,0.000021159,0.000015268,0.000023233,0.000015498,0.000021169,0.000037359,c9e51e12b42e2d21163a3da61fddb127e9a473d073e415b46188b20bf88545fb
2699,1764562482.3992875,0.000022031,0.000015359,0.000019997,0.000015599,0.000020568,0.000035525,13e24dcd0661c054e990627a7277eaddde136aacfea5d4abede9b1f31152cde7
2700,1764562482.4004025,0.000020959,0.000015088,0.000022011,0.000015559,0.000019035,0.000033542,cd16d10c5d8a4ed8357f2af257ad010db6466589ffd8dc23f07dd04ce11fdded
2701,1764562482.4016876,0.000022993,0.000020658,0.000022512,0.000015239,0.000019456,0.000034524,2fcbd8b32cdd6edbcee29b937a178a9b9aa102345f4005b19f2828aa18fc05e8
2702,1764562482.402844,0.000021760,0.000016941,0.000020328,0.000015909,0.000019606,0.000034424,8406bee6ae9ec7838c91d0a0500c5fa9aa884825a194110255e5d720f9a9222e
2703,1764562482.403964,0.000021019,0.000014948,0.000019436,0.000015499,0.000019265,0.000032840,045564adf311247124f786733f90a6fd6200f58a23566074645bbc9f61e12c8b
2704,1764562482.4051018,0.000021019,0.000014978,0.000020909,0.000015990,0.000019306,0.000032791,2b8761a606bac3cc6bef013e97e7ae3384d18633a95cf3bb4762448d044b928f
2705,1764562482.406399,0.000021089,0.000014817,0.000033141,0.000016651,0.000027400,0.000042799,f718314567987be9365377b0a025447da291e8cfb640139ba01e2fa6b17c1f3e
2706,1764562482.4078124,0.000025537,0.000016500,0.000023524,0.000017653,0.000027471,0.000046506,963394cd86709a85cbe251c488ae275d436afbc9801b90848501ead21e880d2d
2707,1764562482.4089534,0.000022812,0.000015298,0.000020708,0.000016380,0.000020578,0.000034354,a8639834eccb2116fc0a5ac30a73efa9deb1d7099f0dc9a3c8276a5a4f4d0dbf
2708,1764562482.4100125,0.000020327,0.000014807,0.000019336,0.000015569,0.000018194,0.000032801,2dc8d381b4a9f5caf5e18e4453ea082aae71560781fca3166831dd11db6fe8af
2709,1764562482.4111183,0.000020457,0.000014788,0.000019966,0.000015369,0.000019446,0.000033322,e163eb23f048a10863e9bfa9ff15b974e1937e369ae62a72a77d01ab35b46af7
2710,1764562482.4130495,0.000026059,0.000020718,0.000035826,0.000033021,0.000068727,0.000066683,fc2a787bad66b7031888484c2711a0297de82b9c046c117cb70083ea0d70eb67
2711,1764562482.4148667,0.000026739,0.000017281,0.000029003,0.000020828,0.000044462,0.000052777,88a86f09901d1d38700006e87aafec6389ec43e5d86a7c9494af87ebbc78662b
2712,1764562482.4171367,0.000025748,0.000016330,0.000029083,0.000041307,0.000074207,0.000061264,7bb41af923fbef1347f0102f122aae1460e40a714f99da1134483cb12f3fbd79
2713,1764562482.4183803,0.000023042,0.000015789,0.000019666,0.000018014,0.000026739,0.000037259,7632580a634cef0dc1f5db165b13de56c023bf25167ffb383a3b13949a23054d
2714,1764562482.4194899,0.000020417,0.000015249,0.000019455,0.000016100,0.000020929,0.000034835,18c825cd72fbd57e434cd4839e5c8842b7a587f3b2a2519bfab983ead62c3633
2715,1764562482.420558,0.000019817,0.000014798,0.000019235,0.000015098,0.000018364,0.000032751,bd84d5954102aa9906d1d85d15b7bd81564f76757ea60d698f888b4455cf9c2f
2716,1764562482.4216897,0.000021650,0.000014707,0.000021960,0.000015018,0.000018054,0.000033972,8ed0ea203aec6b63f3ee8f4eb79239de75a8836c99c6cbeababe8ace6c3cca64
2717,1764562482.4229228,0.000022963,0.000016551,0.000025457,0.000016029,0.000021791,0.000038211,edc523237f68c0ea00aeb06dfd02f57ea3bdb0758a68ac47d6fefc3f1cbffe89
2718,1764562482.424243,0.000029485,0.000021119,0.000025256,0.000016731,0.000023153,0.000048269,1aa7540b8db95a063e625c9bd549ba7a3533e6a7bf9a346ae7abe4bbc2e03062
2719,1764562482.425471,0.000021570,0.000015699,0.000019075,0.000044502,0.000025968,0.000037389,9162a3235b521c020c150a5b2eac3f09cfbe5116a74239fa053e0db102bd5122
2720,1764562482.4266138,0.000020237,0.000014326,0.000019245,0.000016170,0.000049180,0.000033292,2817522163d29c6f80af2ab89c098135bcb64477faff781e4aace53c9d43bab7
2721,1764562482.4284737,0.000019516,0.000014637,0.000019276,0.000023583,0.000053549,0.000045594,7f9eb0e25afc4b45dcc0dab7ad634eeef569a9a2906b31a0361ea69c993ca3b8
2722,1764562482.4296906,0.000019897,0.000014477,0.000020799,0.000017462,0.000025668,0.000034924,2c67dcd2df604b85d84d78300ee3096702f1e77a396b391e6b2f964c7ddb3f07
2723,1764562482.4309096,0.000021209,0.000021139,0.000024385,0.000022322,0.000026900,0.000036127,cae1b2b6e33417fb4b1e3716484c202fb24e4aa6acd1948c46835ac0add4d8bc
2724,1764562482.4324436,0.000023153,0.000020237,0.000025007,0.000019266,0.000032029,0.000046276,2eab6a841336005bda001e1faa42dffb72d475622a88b2daa28c0985ee3a55b0
2725,1764562482.4336205,0.000022642,0.000014637,0.000019817,0.000017262,0.000021068,0.000037339,da354ba2abc4631573d566bba7137ecff0b0666d7de29cdd6def1c71820e1351
2726,1764562482.4346979,0.000020077,0.000014387,0.000019296,0.000015949,0.000019937,0.000033011,56f9a5509b0f7ded361559256f20b0faf7e75a3692e9de54cdac2e2e5aa35e40
2727,1764562482.4357698,0.000019957,0.000022732,0.000019366,0.000015910,0.000018905,0.000033161,9befa5fa374f8e12b37809d3067c3c205049f84c5037153335be2480295ca2da
2728,1764562482.436824,0.000020578,0.000014777,0.000019065,0.000015859,0.000019025,0.000033162,58a4f8ed6333943f52c9de62778cc00c1f7c7ee316e5dfa19893c656114dfe0f
2729,1764562482.4386303,0.000020218,0.000015538,0.000022181,0.000036427,0.000061363,0.000075199,b806ee145da801cb31709550c5e5e7c0140158034cfb1125be4c374c568f1c57
2730,1764562482.4399292,0.000021279,0.000014537,0.000019867,0.000019005,0.000027901,0.000038731,ea4f2932a91a34e2ff538318cbc41e2d4a0961ad3709c95bae36273cda9338ba
2731,1764562482.4412565,0.000020507,0.000014848,0.000024555,0.000016240,0.000022532,0.000035115,4ce2f0dac26191df94e0e31a55544030e1a1a15439b656e6b5ef7f6381982d92
2732,1764562482.442984,0.000023583,0.000015930,0.000020849,0.000033933,0.000042579,0.000071321,ce002802858fe03b8f08532213a61660e8868ffb496bee9598771fbac52c6d24
2733,1764562482.444089,0.000020598,0.000014877,0.000019256,0.000015960,0.000020548,0.000033101,7bfe97d7121caaef6a2e29cc10d0e5e11e159a20c38f4ec4017d514c46727a5c
2734,1764562482.4451795,0.000020027,0.000014447,0.000019075,0.000016661,0.000019706,0.000032780,bf94ed0bb82e3f3e718dc76c1e85f8dab5fb6ccb18131422c3c18aa58d6155c9
2735,1764562482.4462886,0.000019726,0.000014156,0.000021520,0.000016420,0.000020017,0.000033191,50d8d4933e16732dc15a032a996a89b8544632179cba9c6c3fa130d3bdd0f923
2736,1764562482.4485924,0.000024135,0.000016881,0.000045634,0.000036428,0.000065201,0.000057006,965e6c8e5f8e7021ce543fad24fa2544ec136bd8cd1202fefede0e9481689618
2737,1764562482.4500544,0.000029434,0.000017672,0.000021320,0.000017884,0.000028362,0.000038912,092049e5baa7ca3a964f327b59fa181380a4001dc461d9a693a2fb1c0c8f63cf
2738,1764562482.4512267,0.000020858,0.000014737,0.000020197,0.000015960,0.000020618,0.000033642,15e67f2866a370042b2a7da97d49e537588510b531655de40bcb9c2030ad62ce
2739,1764562482.4529946,0.000020358,0.000015078,0.000019787,0.000021560,0.000054150,0.000044933,701981ea80c7484a5a6b3a258f8387137169c3bdf9642c1cc23695177b413079
2740,1764562482.4541442,0.000020177,0.000015388,0.000019766,0.000016430,0.000020137,0.000033852,9a6f6d228a2774fb343a8eba0b8d7257729d976f4441a8f3f0e7db2b6381c88c
2741,1764562482.455248,0.000019315,0.000014917,0.000020438,0.000016029,0.000019937,0.000034183,93ca74f945e6b1b6d43f23fb672e901422f0e0f4dd631d59c3354feb158be7d0
2742,1764562482.456507,0.000019786,0.000014837,0.000024916,0.000018314,0.000027922,0.000041737,11b7436b11bdee398ba642eef6ac90ad35530615e6d10fd5ba03ab82ab852650
2743,1764562482.4577038,0.000021761,0.000014748,0.000019707,0.000016531,0.000022371,0.000036998,4433289659119d5d069c05d45c348436c1d1b4cffe11968d4ba200b74f34a1e9
2744,1764562482.4588683,0.000020679,0.000017733,0.000024365,0.000016401,0.000023072,0.000036648,1a069f16a460564e6b8a0725dd8cda3a2ba4ed6fcd77b5e71ad87edb3408c3a6
2745,1764562482.4599361,0.000020298,0.000014557,0.000019466,0.000015488,0.000019136,0.000033302,a541a2c3dad213cbd29c67b31aa08de2ee8a72dd0b7e39b57216fb4be1dd9f8e
2746,1764562482.4610007,0.000020007,0.000014316,0.000019425,0.000015519,0.000019215,0.000032941,36b0184434ce37b6b36de2d72dd30b29f76e113d8b10846583fcaee66a12ac0b
2747,1764562482.4620712,0.000019396,0.000014717,0.000019255,0.000015248,0.000019797,0.000032690,b979926dcc3e6da631ef037556674168ed6bd752b3f15eaf0e2a49398aa8e900
2748,1764562482.4631488,0.000019526,0.000014697,0.000019406,0.000015248,0.000018835,0.000037600,ab30f9f3d953b4d4658249af0fa80a8adbf745ee02d0248b068ca90fe967cbef
2749,1764562482.4642835,0.000020598,0.000014818,0.000022692,0.000016100,0.000021500,0.000034033,7d2699edf3bffd1994c7d5c3a84c2de06686e410278105375cdd35ea05f8899d
2750,1764562482.4654217,0.000022482,0.000014777,0.000021129,0.000016020,0.000021870,0.000034684,a9abb9042434a7b2e898589f6cc6c5a60fa03064ed2f93b3d375562ea8c3699e
2751,1764562482.4665136,0.000020498,0.000014397,0.000020057,0.000015809,0.000019736,0.000033612,fb92d8909b8d51a2fca6d822d1dc7d24ae0647cb714234fb4c0be71a3e4ba191
2752,1764562482.4676533,0.000020678,0.000015338,0.000025206,0.000015980,0.000019576,0.000033132,5a73e7da2713f09f686a964a0b8c552968f21eca7eabba68a8e0e22851b2dc46
2753,1764562482.4689462,0.000021489,0.000015068,0.000020318,0.000019776,0.000025778,0.000040114,4177f35325943d81ad872b9d30ba72357e1fe621fc69bdf594903842ca848bc2
2754,1764562482.4701405,0.000020428,0.000014326,0.000021259,0.000016090,0.000023934,0.000039794,d102401943163ce8c51b7c71465277881a7101ac66acbd74b12953c2c8c2407e
2755,1764562482.4712288,0.000019776,0.000014567,0.000019105,0.000016149,0.000020137,0.000035485,27796613daeb4f62d31ba39361efb4d0e90a2fb83c9504ac477685801140dc13
2756,1764562482.4723136,0.000019176,0.000014466,0.000020588,0.000015379,0.000019246,0.000033963,3d0489f4c6380e8e1e65821286cff9d6f9ad49ca205cc926a70a66f3e50a8b0f
2757,1764562482.4735765,0.000020227,0.000014908,0.000024566,0.000018454,0.000026208,0.000042979,bc70f83b86ce6b39a014241f633033bceb56e3121e45ea453173e986a6c751d2
2758,1764562482.4748156,0.000022511,0.000014847,0.000021039,0.000018184,0.000027841,0.000040384,1ef6de2552de9982dc34a3a7408aabc81b16d49130d455f65e9602c4ed00370a
2759,1764562482.4760299,0.000021159,0.000015117,0.000019456,0.000015689,0.000018504,0.000032851,492d4328e86631a4fda98e2c4b9060ef38e97c230ba799ba2a5fd59ee0842622
2760,1764562482.4771724,0.000019846,0.000015058,0.000019666,0.000022732,0.000081620,0.000033071,b7ffe3577b45996e0bda2bf4155fce1391c624abb0872716e38acf7dceec6cc4
2761,1764562482.4782495,0.000019496,0.000014256,0.000018884,0.000015639,0.000019466,0.000032910,2e2d02e31e6f17f21fc27a4a51a9666eff3597066d18b47c981abce31deaac51
2762,1764562482.479311,0.000019386,0.000014407,0.000019405,0.000015358,0.000019276,0.000032771,b290eb9646e6012585d4a00e50db22a599b712cce750cc051469771c5add45ae
2763,1764562482.4803982,0.000020298,0.000014517,0.000019576,0.000015548,0.000019466,0.000033171,9987ae2f0e3f273fb6d0f35dad1685719950215cccf6d8cea70e9fae7f8e9d1b
2764,1764562482.481538,0.000019846,0.000014507,0.000021680,0.000016150,0.000021560,0.000035165,35bb1e6da1d8c03d1f1208ce544ced5cdd0e585105b3fc51e38ca59638813183
2765,1764562482.4826956,0.000020718,0.000014767,0.000022532,0.000016069,0.000022051,0.000034714,96f8a73764271e2be2afef743fca045c8af92cab627e5f4a926b14e35057a6f2
2766,1764562482.4841971,0.000021339,0.000015599,0.000028733,0.000022792,0.000031237,0.000053950,8eeddd8dd9afc1b593e410c17db053ccb8c1aec215230a83a5d2ab1f2254033a
2767,1764562482.4867148,0.000026278,0.000016490,0.000041226,0.000033461,0.000087712,0.000084647,d4df9c95cf7ae40d8379d84f1a41af8445cf786f6175c8d85d0e91075592fac9
2768,1764562482.4884157,0.000033592,0.000017943,0.000023794,0.000022301,0.000043891,0.000053519,4e6d4b0a8726230c415d364e6f8726ba1af822e5dce0c3065bb7c2228444842b
2769,1764562482.4900212,0.000022903,0.000015910,0.000023734,0.000023152,0.000044111,0.000048019,270a2be06efa2435070478c86752b78675b7eb70476b710440ddcac4b7efa7e0
2770,1764562482.49138,0.000021811,0.000015508,0.000020969,0.000018695,0.000043821,0.000036397,b0189ae72290239ec5531483564ad5acaa4a82ab0627ff9b39678880980da786
2771,1764562482.492761,0.000021389,0.000015449,0.000023033,0.000022111,0.000040034,0.000044342,ff1de6e02c4d35db4703f3ef581d5ae6a2c23ea6bd278a6ef6b437fd0507bb2d
2772,1764562482.4940753,0.000023133,0.000015117,0.000022722,0.000018945,0.000036798,0.000042148,623620efb7e6467d7fb950d62365f9eef0be883e6d2b29df9fb2c0cfcf47af90
2773,1764562482.4957998,0.000021029,0.000014497,0.000023122,0.000034253,0.000041757,0.000070761,404b5ee98e457701bd33f80af98a7f4f758b8e42f28e3fa89e738936c9b27c4d
2774,1764562482.4970505,0.000021700,0.000016510,0.000024285,0.000018173,0.000022502,0.000040285,56aa91f1447c67baf3c5529e8b48138fff5d10a1e48e3984798234b88aab2a7f
2775,1764562482.4983726,0.000021931,0.000015729,0.000023543,0.000018955,0.000027380,0.000043641,5c71fd33931b75250bcceb14787374f8f8178de04ca976b4b896d3b2b6947723
2776,1764562482.4996827,0.000022011,0.000016511,0.000022902,0.000017983,0.000022382,0.000035005,07f886ededf130e1a51835839522235b831d5465737a40baf485192333fe3fbd
2777,1764562482.5008562,0.000023955,0.000017943,0.000019376,0.000016971,0.000021780,0.000037489,433ecaea71f366fa2d6ea8c3a2157ab58d252e44d4be53e841071942479763bc
2778,1764562482.5019755,0.000020618,0.000015278,0.000019326,0.000016671,0.000020077,0.000033362,fc1c07ac3ca3120c06abafe8119a700fcf10c46205e108530b290811b11a7303
2779,1764562482.5030906,0.000019256,0.000014747,0.000019696,0.000016100,0.000020689,0.000033933,48ac1a3e6188fb13fb2ace4958e05fe18040c531052cea9c7b1e972c98dd170f
2780,1764562482.504194,0.000020197,0.000014798,0.000021099,0.000016320,0.000020377,0.000032621,ed1e61395fa615e0a0c245fb0de72e0b06b0ab906ca052363de373a2dee69f0d
2781,1764562482.5053813,0.000022131,0.000014807,0.000021079,0.000017792,0.000025196,0.000036457,10d915144d15d1179a7f153c6bb207e90bfdfe25d66a33b377c0969f14382b0b
2782,1764562482.506498,0.000020328,0.000014757,0.000020538,0.000016320,0.000020147,0.000033963,c3807d1ead31184a8be57d836ccb6384370e62813bfe376dfab6c9848409b3f6
2783,1764562482.5077624,0.000027511,0.000020288,0.000023213,0.000016781,0.000021530,0.000034704,ea660ddcb10b5bef3e9b0234da57c3627b59ccff4b4340f9e69a5b86a581209e
2784,1764562482.5088909,0.000021710,0.000015067,0.000020337,0.000015869,0.000019897,0.000033693,b8510eadce9b04a40fade89c5e2ae91d1003664a387a964d552133b8be54e738
2785,1764562482.5100064,0.000020799,0.000015369,0.000019686,0.000015619,0.000019987,0.000033602,d26b40a7099a3c6ea9f6af870924bf9aedc1c91b6cb63190c1d60089d0544ea1
2786,1764562482.5111163,0.000020328,0.000014727,0.000020708,0.000016069,0.000020958,0.000033612,69dd4b439face0a923d57cd305df102afcb4864c5f1046e8481cc07b6422a640
2787,1764562482.51222,0.000019717,0.000014767,0.000020558,0.000015669,0.000025457,0.000032881,d561eb5deed2a89fdfae878d9d32246bf05c005686e56ac7f3d0f35b97a6a549
2788,1764562482.5133364,0.000020107,0.000014536,0.000020849,0.000016781,0.000019827,0.000033802,6d715a09226d4cbb1d2e98b459bd55067d96b441bfa844a71da98fe9a9d3cff7
2789,1764562482.5153906,0.000020177,0.000014787,0.000034083,0.000038221,0.000066413,0.000083294,8ef7fe69a62389e0c7c4e608c2dcbeab8b98e953a726d9c6bc09d53d51062dea
2790,1764562482.5171373,0.000025477,0.000016030,0.000021680,0.000023212,0.000039463,0.000045074,cf2cc87931d36ebdb2fe79d65b4db31ff8bf39ec48b7908300d243303132d023
2791,1764562482.5184088,0.000021549,0.000015449,0.000020969,0.000019756,0.000026198,0.000038541,42cccdb528bb3bd910a388135caa0559d6d843be91217ea8fb72b0c242c088af
2792,1764562482.5195484,0.000021219,0.000014797,0.000020238,0.000032179,0.000025236,0.000033161,f515c1b837edbf54ba330ac5bee377c7edc7fc5d40cfb3ee64f2d1b600f80adb
2793,1764562482.521176,0.000019726,0.000014778,0.000020037,0.000028572,0.000067354,0.000055342,8fdc7ac4fa49fb07444cdf06a4813051727a24b3c38068459d1628275e648d67
2794,1764562482.522634,0.000020518,0.000014557,0.000027371,0.000021078,0.000047879,0.000050564,48d0929b0f8466836b4ef6f935ad10edebbfef7098809959799f6052f8ee790e
2795,1764562482.5239882,0.000023484,0.000015278,0.000020468,0.000019837,0.000032851,0.000039784,31e42d813574eb31a0d2069ac91e5ab662b99fb06a5d24eb5e334830fe88fd6f
2796,1764562482.5252614,0.000021019,0.000015288,0.000025066,0.000021470,0.000022321,0.000035165,f97fb68cd57ed6dea01c0bd2256eb589c98e4419be2c463b86d0c57da64b6ad8
2797,1764562482.526474,0.000022372,0.000015699,0.000019967,0.000016741,0.000021770,0.000037489,870398dc683157414461672f4587b016da8b9b9df35910fcbfb703052a30bfd5
2798,1764562482.5276554,0.000019886,0.000014647,0.000018995,0.000017332,0.000021560,0.000034905,0906c6bb9305f75c607943dc45fcc399795945174b3a344891386cfea97f4c81
2799,1764562482.5287528,0.000019406,0.000014767,0.000018504,0.000016661,0.000020348,0.000032891,ced7c928bede760d1d2fc617ba7705c3c022293d3ed1011bef6e4e1ec0a9ed8c
2800,1764562482.5298774,0.000025668,0.000014787,0.000025527,0.000015840,0.000020117,0.000032740,7309e96d7713be2fa42dc70afcb95bfb4e639ce55237a4af4bd4a3bf2723a93e
2801,1764562482.5310419,0.000020878,0.000014587,0.000020478,0.000016741,0.000021530,0.000034263,01939c9ff542b54ccfde62d94690247d6900798ee48d6260dcc29cc17e13b96e
2802,1764562482.532229,0.000019897,0.000014426,0.000022611,0.000017101,0.000021590,0.000045093,568799b712f7b0d91f9bac928f54a9ab7adf52e901790521ec610807c52ae40c
2803,1764562482.533498,0.000020458,0.000015739,0.000020347,0.000032761,0.000030577,0.000041717,74b533047ac73e516d79e0cd62fdd4a28640abce3014047803e334c07690d18d
2804,1764562482.5346253,0.000019977,0.000014848,0.000019066,0.000015629,0.000020307,0.000033021,a7c94828b1adbeb5e36a4529fd695a7cd318baf5061321eff68b87f44c0ab909
2805,1764562482.535706,0.000019727,0.000014507,0.000019075,0.000016180,0.000019856,0.000032670,406332edb236ed2d93a7c0bdd5d1b24a95c6073476237a69f3675a70071e0742
2806,1764562482.5367932,0.000019567,0.000015840,0.000018724,0.000015559,0.000019796,0.000033111,d0e1bd43db61b2f9997b7ed0686271c5b7ca0fd2e520e8aec7f50b5e16b329a1
2807,1764562482.537892,0.000019997,0.000014597,0.000019977,0.000015659,0.000019797,0.000033532,45e03d2ea734e97d2fe345c986f6319b20b4a9ee373865ad1617db7074edeac1
2808,1764562482.539051,0.000020117,0.000015058,0.000020157,0.000017392,0.000021800,0.000037840,4bb19f95f3e40e1a73dde68db7b291b88c4109ed1552a1ec700c63417bb72b52
2809,1764562482.5403402,0.000019926,0.000014698,0.000034323,0.000021099,0.000022051,0.000035236,f866a5aec7233de823cc0ab70a0c42caf092c67ef12d8d3b155e821164e2f3e1
2810,1764562482.5417032,0.000025447,0.000016481,0.000022722,0.000018223,0.000024314,0.000040424,41fc051d9536bf774d6deb356e540d6de5a8ec1d16c0d6bed027e2f5838618f2
2811,1764562482.542805,0.000021119,0.000016510,0.000019396,0.000015388,0.000019345,0.000033392,74fa00d01aae6001182681f9bfe6817af4d700493c6759aa9d4c132b9b62ea24
2812,1764562482.5441165,0.000020498,0.000014567,0.000018615,0.000015960,0.000020157,0.000032690,92195c07e8897f8329409a0ff96464cd461318521510f760e742d377ccab7421
2813,1764562482.5452464,0.000019517,0.000014497,0.000018875,0.000021951,0.000064709,0.000033101,4f904d692f4cfe690e1fc1bfef5777eee9519d02c54be62236f31e0947d1b114
2814,1764562482.5463293,0.000019537,0.000014446,0.000020558,0.000015328,0.000018885,0.000032690,8a82285e195818687622ee9990f67e173d62e6a1eeb6f17dded9c583d5751d68
2815,1764562482.5474849,0.000020778,0.000014357,0.000027170,0.000015549,0.000019997,0.000033672,c4bf39c036218aaee7002c39266a76a53971d1392127630313cdb686243b8ca6
2816,1764562482.54898,0.000021790,0.000015208,0.000029825,0.000019496,0.000032700,0.000050583,99d8a8c03d7ee3372ae0d626a0a8dcefe5f7e301e4a112c828be1100bcf86b18
2817,1764562482.5503416,0.000023824,0.000015498,0.000021470,0.000018384,0.000035085,0.000052267,60957edaa071d85a281ecd317f3be8f22695df10e5df4144db4e2c7a747fc6e3
2818,1764562482.551484,0.000020257,0.000014637,0.000019696,0.000017432,0.000020949,0.000036498,b39edd7cd64161555448202472491580ea563bb7262b18d7020b5728555ac9f7
2819,1764562482.5526264,0.000020458,0.000014998,0.000019977,0.000017002,0.000021319,0.000034573,0d80cb887167d1854094ca87b35ed41646850778393c7d47969db2f475a415c5
2820,1764562482.5537558,0.000020518,0.000014657,0.000019957,0.000016230,0.000020188,0.000036908,aae39e44baef9ed0b57b39087436b89e07d161029cef8b4bafecf39eb7d6c6df
2821,1764562482.5548751,0.000020298,0.000014837,0.000029705,0.000015669,0.000018705,0.000032730,eb35b55ec1af8236df68613bd47e3a7eb06aa2611c32223ac81db14445fb177f
2822,1764562482.5560095,0.000020448,0.000014447,0.000021810,0.000016400,0.000020428,0.000034935,ccad9c6c8486c55f068ec970f81eb7b8edeee14debe8904339a4d625efc7131e
2823,1764562482.5572894,0.000025918,0.000015890,0.000023744,0.000017833,0.000023233,0.000036918,d150631247fe9037e0a9aa67c47b6ffcd842c1907e6e563adae0769971957f62
2824,1764562482.558558,0.000022050,0.000015208,0.000020218,0.000018354,0.000025277,0.000035997,723e541f3ffa64ce9d127efa06f7d004215d458b79d46dd716b85023df21a851
2825,1764562482.5596962,0.000020037,0.000015148,0.000020497,0.000017402,0.000020798,0.000033361,4bbdd343e38afc7ee9d78e9a83bf6c26cc9f0e73a157ae63c01cc528759b4f9c
2826,1764562482.5607777,0.000020037,0.000020188,0.000018955,0.000016009,0.000018725,0.000032890,70d6309acc6d2025cde962a3c9b095af38c0f6e4eb4ab129b243452896e53c8c
2827,1764562482.5618668,0.000019696,0.000014337,0.000023343,0.000015890,0.000019115,0.000032640,ea5e0d61221b18cfa7553e098a4073369a3c6ab331fa84ba34f2f6396509689e
2828,1764562482.5629935,0.000019996,0.000014507,0.000020819,0.000016230,0.000019727,0.000034224,483b66c987522f509cb93a61e93c3b175a4d7a1d8b54447f5285481874553bfa
2829,1764562482.5642216,0.000020298,0.000020608,0.000024235,0.000017372,0.000025518,0.000038591,4832a01f3a2eadcfcd6ee65008af2208a6cd8c333bad188869ba4f825b3fb22b
2830,1764562482.5659163,0.000024014,0.000017813,0.000026288,0.000026299,0.000046556,0.000062426,4d7d6328c1a343e61bbbbce0c9e19106786ef573eb407d44d8bcf8e9230d71b3
2831,1764562482.5671937,0.000021790,0.000015869,0.000021009,0.000017732,0.000024295,0.000043099,674e6aa75b3e5c6e929bf1808bde7901a8b658046ed940c371bbee0c229b76f6
2832,1764562482.5682948,0.000020768,0.000014988,0.000019756,0.000015709,0.000018955,0.000033762,aceb1e3ea8e56bbe4ca73647fde7f58f35cab75fe79426d24fc71ea8669c4cfc
2833,1764562482.5693686,0.000020137,0.000014517,0.000019496,0.000015628,0.000019415,0.000033131,4ae9d0a7558c32748d6ea85987581c61a3062b389e7f0a6eb801050b96e4b60c
2834,1764562482.5704246,0.000020158,0.000014697,0.000019646,0.000015228,0.000018294,0.000032651,68a955c398859d27800963cc0e39bf439e9b8075356dbc42b29efad4e4ff7956
2835,1764562482.5715728,0.000022722,0.000017853,0.000024415,0.000015789,0.000018614,0.000033362,fbfc11ad79d52475714744e8d0ca5e2c3691e168bd76cef3e03fecf45e324a1c
2836,1764562482.5729177,0.000022191,0.000015849,0.000022181,0.000018144,0.000027080,0.000037980,d421386a2220c7242dac0bf48793c8432f5029405b2bef5122be13bc54cdddbe
2837,1764562482.574148,0.000021209,0.000015158,0.000024715,0.000018514,0.000023674,0.000036106,618876df63885c7c2b61401c25678348520fae48367dc8deed21f02796334c16
2838,1764562482.5753117,0.000021319,0.000015348,0.000019717,0.000016420,0.000019796,0.000034503,d332a0e33fa1950f4fc12c1544686589fd0ac461818d0a73270f07cbd12bf70e
2839,1764562482.576408,0.000019946,0.000014577,0.000019135,0.000015488,0.000019637,0.000032901,4cf61208cbac505d57bd8dc16770608657429678436edf6a9314a1eb0f36c135
2840,1764562482.577553,0.000020027,0.000015279,0.000019796,0.000017052,0.000023864,0.000035135,3380c6f194e58e557c782ffe1999d0a2ce584be7b791f75f76b2fada852ad0ad
2841,1764562482.5786343,0.000019997,0.000014276,0.000019146,0.000015549,0.000018855,0.000039784,abdc0bb8d8cadde0bec4951279a49a56cb59c6da82514987848d8578c1ca79a9
2842,1764562482.5797837,0.000019576,0.000014547,0.000025227,0.000016310,0.000020378,0.000033272,6f9d5c4dedebbb0090ee68055043a2c2cfe186cb5d9be868ed9e65f9da5b5ea8
2843,1764562482.5810392,0.000025848,0.000015408,0.000020919,0.000020698,0.000025838,0.000043260,56a99f7a70f6cec39df959eced830ffebed43f911544f2bb1bc2322cd0154bf0
2844,1764562482.582281,0.000020829,0.000015078,0.000021460,0.000018244,0.000031818,0.000038211,91bae713e9eb01320d9091bce4914db5f93fdbe6d6d18b2c327ef2a2f27f0537
2845,1764562482.5835247,0.000020318,0.000015078,0.000048560,0.000017042,0.000025216,0.000041457,851d09fd4d26878e5d7f3e897a30d5dced5f9642908708fae36f36d7efde2821
2846,1764562482.584671,0.000020548,0.000014447,0.000019576,0.000016090,0.000019856,0.000033302,e8f5bf111889c983e1d14f5f40429e50d502a0fa1080f95460fffda31ffe1042
2847,1764562482.5857563,0.000020648,0.000014727,0.000019205,0.000015509,0.000018474,0.000033592,a65072c869144e0ca0654e82e84da0e9f4c7f25f64b13e69e70b3d91b10f5d84
2848,1764562482.5868413,0.000020638,0.000014497,0.000018685,0.000015529,0.000019285,0.000032700,287de5958dc0f8526540dc4bf53b6d321c8a04ce9130734ba61dec8650aeeda9
2849,1764562482.5879588,0.000020107,0.000014226,0.000018885,0.000016109,0.000021980,0.000035366,a48e5703d425de8b97bc02c4c72fe8c350938b7ecaa5d30807acccac97de5e89
2850,1764562482.589216,0.000019977,0.000014287,0.000024104,0.000019677,0.000024806,0.000047839,efd80b6858a4bc55960cb957a7bacde39f7875a92e6f5295a1f55c697be99730
2851,1764562482.5903926,0.000021039,0.000015639,0.000020318,0.000015969,0.000020007,0.000034704,c9596ad07ef5d4548c7721741ed38e4a4d5c2d8f51a008a9698f273edf9ef0c0
2852,1764562482.5914862,0.000019606,0.000014737,0.000020078,0.000016320,0.000019566,0.000034012,3fd2bf48ba2acca763d2750305b221367ce30bdfd686cdea3bfe568a638690cb
2853,1764562482.5925636,0.000020718,0.000014567,0.000019176,0.000015589,0.000018554,0.000037550,795d36412138485ca282519bfce319375a3a9ce694664139e78d7cf130ed4362
2854,1764562482.5936375,0.000019657,0.000014808,0.000018855,0.000015569,0.000018875,0.000037459,35b4fa64bb83245d4fbfbbaf3c30708d1ee3fe79165e77b2f6622d14a3846bfb
2855,1764562482.5947092,0.000019846,0.000014557,0.000020628,0.000015629,0.000018424,0.000039573,068c8dc659bc9d8385bc6e166aa9f5ec2d8221b17ca1e065254cbb807b57fc1c
2856,1764562482.5957868,0.000019947,0.000015639,0.000019596,0.000014988,0.000018975,0.000040334,4b3da00a5af78fc5c65de7f25dcdf1afd10f828bfedbfbe30cd5f4b480cdd7d5
2857,1764562482.5969374,0.000020588,0.000014396,0.000019987,0.000018524,0.000020078,0.000034684,cd7104fcd17310bac3836430893a1c31d966b739bb68a9f24cd9d58acf5378dc
2858,1764562482.5980504,0.000019656,0.000014056,0.000019476,0.000015598,0.000020938,0.000034093,eda9699a245b78e861b59e5563780ea7ae98b22637fbd8c3170a17fe0338e231
2859,1764562482.5991204,0.000019516,0.000015508,0.000019256,0.000015789,0.000018434,0.000033031,06e4f1829796ec39b7a317871348a5a784348e911b0cd2430df9458bef4d4fbf
2860,1764562482.600192,0.000019666,0.000014487,0.000018885,0.000021440,0.000019106,0.000032931,e74d805f548ae277667c203eb930b4c5c559def5fb3f4ced018a3b54804c8724
2861,1764562482.6012552,0.000019716,0.000014427,0.000019927,0.000015669,0.000019496,0.000033381,404d42553fe4b7084cf526d7e291ec552762c94257ce92fafa567f9c6a492f2c
2862,1764562482.6023655,0.000020838,0.000014637,0.000019025,0.000016240,0.000019706,0.000033632,9f9adba050de47299bf54cc02007e5737f903ed58be9eeeecd7e5d9e3884e3b8
2863,1764562482.6034284,0.000019866,0.000014256,0.000019125,0.000015799,0.000019096,0.000032781,b7ba1ab379bf427ab52fd8881789370f48bf643bd533c494eca936dbe0adb0b2
2864,1764562482.604497,0.000020207,0.000015068,0.000019567,0.000015539,0.000018995,0.000033722,5a34a360861f05e6b4f6b75af231dc50ffeb7bedba9d98bd061c95d0a08fe9a4
2865,1764562482.605605,0.000020087,0.000014617,0.000019937,0.000016190,0.000019937,0.000034494,7471af1f6c81714b66aa96e3f117d4840b65d7ffca5e2a7931c800e277797f95
2866,1764562482.6066742,0.000019846,0.000014908,0.000019046,0.000015368,0.000018475,0.000032580,9f00de1d81b59aa034ca8897136b347bfe12aadddc9393da65d5d2de40c9e536
2867,1764562482.60774,0.000019967,0.000014477,0.000019506,0.000015839,0.000018754,0.000033071,e74d091c0abda59cba3eca606d181f21ce76f9d0cbd09cc256b4939aba98a9aa
2868,1764562482.608784,0.000025497,0.000015308,0.000018895,0.000015348,0.000018233,0.000033101,84cef304b8fd951b947fc69101e513b7066a65963e82b3f182dcd81d6c6fb79f
2869,1764562482.6098402,0.000020158,0.000014417,0.000018855,0.000015168,0.000018704,0.000032891,a7c529fc149c66c625369cfff699c755f83dc359af8182e732e0fa18175fbbc4
2870,1764562482.6109195,0.000019947,0.000014277,0.000019185,0.000015729,0.000019035,0.000033041,6dbbe56011cdb85de6e1cd229971a15c91b1409096c6517f7ff30062da4d9f2f
2871,1764562482.611999,0.000019296,0.000015168,0.000018925,0.000015639,0.000018294,0.000032670,e10588254278417917e9a034158eca911d358fb81f2231f6e7ce197788539e16
2872,1764562482.6131425,0.000019536,0.000014346,0.000022411,0.000017242,0.000021139,0.000034073,cbc3980c3f853ce4b93a92fe96bffb9e35cecc6cb999bbf64915be8d814bb937
2873,1764562482.6143048,0.000020188,0.000015188,0.000020227,0.000015960,0.000019967,0.000033532,36c2b1b081389fd5f2f11440bf5732773b025e21796c60ddb8fe8ee1772981a7
2874,1764562482.6153579,0.000019737,0.000014817,0.000019276,0.000015669,0.000018915,0.000033121,ca59c9182f6411c6a8cb61c1d39381c8bdd3e3b55b2c2db6bf6acfc13e6d1b94
2875,1764562482.616422,0.000019927,0.000014396,0.000019355,0.000015478,0.000018424,0.000032630,8756f8849f8e2094cfe154b0fbe116d4ee889e675227845720061b8752e89b82
2876,1764562482.6174734,0.000019236,0.000014697,0.000019105,0.000015609,0.000018033,0.000032901,81292206879fcd1991649a0c2396a29ccc32561461fbb7084231d20277bdf2c8
2877,1764562482.6185186,0.000019386,0.000014367,0.000019146,0.000015629,0.000018084,0.000032680,111a5fbcee0dfa046d8dc68fe87535b99b6bab1ef2352e049bd100674ba6e1b6
2878,1764562482.6195676,0.000019456,0.000014317,0.000018765,0.000015198,0.000017522,0.000032110,6420be2c6df8792786aa78b5e8bc6486d7189b52ace4b9f51ef660887e876cc0
2879,1764562482.6206238,0.000019126,0.000014357,0.000018935,0.000015188,0.000017863,0.000032691,b531141f7485bc0dc1ad93e388274a7d129a7d1d68f5196461815d0f607f70ed
2880,1764562482.621685,0.000019366,0.000014276,0.000020117,0.000015639,0.000018153,0.000033422,e557c7b4cff00ffb25a43b20c6bec9f8a3ad1e7de0b9099ce1f820ac25a3565d
2881,1764562482.6228635,0.000020097,0.000014767,0.000023904,0.000017583,0.000021570,0.000035296,a7710bc4e2100f0ed2256894ee94abfafa48447e129ebfd4e33b6229ba4633dd
2882,1764562482.6241224,0.000028101,0.000038060,0.000023593,0.000017082,0.000022481,0.000036688,49e2af235b6d3443107a9e478727e8d872c690181ab941c2009acf10f6215c76
2883,1764562482.626484,0.000027170,0.000016891,0.000039493,0.000039102,0.000107498,0.000095025,129d69cd72ff24ca8a364f39d8917d5603a1714e9a367d5ac036904c9879fbc2
2884,1764562482.62825,0.000032470,0.000018053,0.000036407,0.000021369,0.000037890,0.000045795,604ec06102026d2ba8b775b49c086a1c691f2ecae0162cf17079329496b80dd6
2885,1764562482.629982,0.000025688,0.000017122,0.000024615,0.000024365,0.000046356,0.000047568,88bf772ab7b90e553a0a79e77a0d316f0a5ddaa7c7db4c96a7e60b45dcc25da2
2886,1764562482.6316142,0.000023053,0.000016200,0.000022021,0.000023703,0.000057997,0.000067264,55831fb0fb1f296f575bb84f662db361b7d15b97d9c367ad109d204a4517cfeb
2887,1764562482.6328974,0.000021249,0.000016320,0.000028873,0.000018274,0.000023193,0.000038731,5c26da7813c218330a512906418da8cb6718f851ded7852588a6afeac929bb27
2888,1764562482.634238,0.000022522,0.000016280,0.000023994,0.000019596,0.000024155,0.000056755,2dd4523b051d318e8514a3a54b76a82e51209fe01603f63e1864f27e4796cb15
2889,1764562482.6354468,0.000020748,0.000014708,0.000021750,0.000015899,0.000020938,0.000041597,dd37a192e71fbd2347e2948506bd4f7aeada29e3e7290f504137e7cc0411a032
2890,1764562482.6367695,0.000020378,0.000015228,0.000023053,0.000022782,0.000031448,0.000037750,696af05727bfc4162943554a9a1da4e486874fff99458b0fb7f9ba9476495ade
2891,1764562482.6379392,0.000022502,0.000015779,0.000019717,0.000016411,0.000021439,0.000033612,4869d953b73b28dd2fb63c2497834142e05695b9e10b46dc71da16b31a74cbdb
2892,1764562482.6390588,0.000019776,0.000014587,0.000019626,0.000016330,0.000021180,0.000033822,7ecede33dcb0190ca0edb940e59b9dce9bc6d6acebb92a5722512b4861ba9671
2893,1764562482.6401358,0.000020037,0.000014867,0.000019616,0.000015809,0.000019416,0.000036598,960973862bea978c572b1b2d46808ddb23f6b2a9a1246bca524168a74f254613
2894,1764562482.6417434,0.000020337,0.000014707,0.000024846,0.000024835,0.000048870,0.000049411,24dc3c196c17ec3be6c8de5c90dbfa071905017c4ffead107edcc714d28d63fb
2895,1764562482.643373,0.000024796,0.000016100,0.000044632,0.000020357,0.000038361,0.000053399,f62af33dccbe53f77108da185896c7bf38a645e405026760d804cf6406ee5f38
2896,1764562482.6458697,0.000032881,0.000017101,0.000038020,0.000041146,0.000086820,0.000087632,831924988fbc65b7f123c1e0b16edef16da95f42c79a7f128e36b98b0c700eb5
2897,1764562482.6481633,0.000043531,0.000031168,0.000028353,0.000028543,0.000049822,0.000048029,6ebd83c7d68413ce7f72cc5642cd27ae0b854898ef1686ffd4445ba8541f365a
2898,1764562482.6496806,0.000022451,0.000016490,0.000026499,0.000019826,0.000035134,0.000049902,4dd8a340b93d380a4eee64356af81193ebc064911812c2511e6e2742c8b19ed7
2899,1764562482.6512883,0.000027310,0.000018233,0.000024866,0.000025067,0.000040104,0.000051726,963f8a0a5204fd2491e2f111845cd20c2fb8455c8c80458d85edb48f923c5d17
2900,1764562482.6525679,0.000022041,0.000015679,0.000020718,0.000018674,0.000026468,0.000042559,61523097b075270964bb72e57d20e3280fd040f5cf7c5f4bea23da99483a6f88
2901,1764562482.653747,0.000020819,0.000014918,0.000020528,0.000016801,0.000021359,0.000034885,b940e18b89781f9fbd5555fac06df3838f56dbf7fb1ff767026c35a85a65e881
2902,1764562482.656595,0.000027611,0.000015719,0.000089766,0.000030036,0.000066402,0.000054661,58c4d124239b194a5cb9ecd4c07c8ce938379516878ca90fe994f3317c252da0
2903,1764562482.6587968,0.000039022,0.000018083,0.000024395,0.000024906,0.000048370,0.000062816,d257177f0f1cf9b7f4e10ddd1f230bbd4db00e475ecb8bbbaa340adfd4c98581
2904,1764562482.6608822,0.000025467,0.000016270,0.000029734,0.000039994,0.000088223,0.000075149,8eb7ff9a949b559a86cecb32eed970a95bb13e67c301526a56a968625e1c1710
2905,1764562482.6623998,0.000021560,0.000014748,0.000037148,0.000020238,0.000036337,0.000043821,be447c836be4d0bd8bb355a65cbbc8f4a86b97eda271f46addf6525b28236839
2906,1764562482.6635888,0.000019516,0.000014627,0.000019716,0.000016671,0.000022201,0.000034353,6fa7ca653c50d88a8c22b49e1073ca379f89df795b924ae63c0b4c80b03728ce
2907,1764562482.664815,0.000019646,0.000014436,0.000021499,0.000020749,0.000026288,0.000042118,9c4c01b6dd56ca3268e25dd0e0b9dd6344130b26a8763b200162d5f2f5491415
2908,1764562482.6660721,0.000021460,0.000015037,0.000020829,0.000016380,0.000022942,0.000039323,198d822655eef1b6b22204ef260caa7de97cbbb87916247f7a929334bca28a88
2909,1764562482.6674654,0.000027311,0.000021269,0.000023905,0.000022702,0.000060432,0.000035375,2ee0543a5ef563e5879a24434ceb088b49f289c0bcf0d807be149bba055cefbe
2910,1764562482.6685703,0.000021009,0.000014877,0.000018885,0.000015789,0.000020338,0.000034614,0542aa7bf909a4562fe57d59c42fe21fe192fb9f417e23e329112475e51064fb
2911,1764562482.6696668,0.000019326,0.000014397,0.000019506,0.000015448,0.000018474,0.000032991,5399d9785a1a9264d4a15f86d64350ebb2f28137bffc3d9bb8b1523742aca6cf
2912,1764562482.6707253,0.000019266,0.000014477,0.000018805,0.000015338,0.000018625,0.000033211,337b62cf26fc71382e8a9e5cc159192919dd702a3281f4d6c91d5ed8f4078d00
2913,1764562482.6717808,0.000019446,0.000015749,0.000019285,0.000015068,0.000018575,0.000032210,0ba557e6f43c2f7957b0ba1e473b2a40552cceadd4484a98ddf04130f8915b6c
2914,1764562482.6730578,0.000028122,0.000022021,0.000022031,0.000017022,0.000024064,0.000042338,e8df4a8ba60c4c06cdb967bf76069eb6d48d139e8fb125a87ab15d1e6bb28938
2915,1764562482.6741927,0.000020368,0.000015749,0.000019336,0.000016260,0.000020167,0.000035505,5c76b601763b61cb83da60b501daeb06219dfaeedd3f2e0d3189e7d03a48263e
2916,1764562482.6752522,0.000020297,0.000014768,0.000018865,0.000015278,0.000018585,0.000033672,aecb3bff19f3ce30694fad4ebb44b97a6d8a985092873daf62ffe7d7f0b82b13
2917,1764562482.6763122,0.000019225,0.000014166,0.000018995,0.000015358,0.000019366,0.000032710,43ffab560da0c475fe81e46f542806ce9d612e6390d12a25f6391951b79a875f
2918,1764562482.6774402,0.000019536,0.000014386,0.000019376,0.000015949,0.000020919,0.000034193,0d22d1f53dcdd5d550cdcd3cd145ab4c2c2e3ee03b453e309ad9f6e3381ba54f
2919,1764562482.6784935,0.000019616,0.000014527,0.000018805,0.000015659,0.000018604,0.000032700,4329c83c19ba105fdbcd2de8008fda658e8651b741ba20af11b3adf16e6b0f78
2920,1764562482.6795564,0.000019486,0.000014507,0.000018975,0.000015418,0.000018986,0.000032750,ad737c8fe2e6e64be981ca7c24f8a48510ce1b8c50c2820f64b0a68ce26399f7
2921,1764562482.680813,0.000024175,0.000018624,0.000024014,0.000016921,0.000022622,0.000035436,cac86e039270f486d7b126ad357dd8888b74e4ceb4041e83085641116a82d72c
2922,1764562482.6819975,0.000023183,0.000019316,0.000019355,0.000016070,0.000021620,0.000036608,b4b3ef9f998141d9b347f50f53c8ce522ea66c9ff9be059fd0c043076ef211e0
2923,1764562482.6830637,0.000020207,0.000014647,0.000019496,0.000015348,0.000018264,0.000032760,0bd83e01c1ee64fb71d20b5f72e3289708b2e148bc33f8460f61bbf00444a433
2924,1764562482.6841688,0.000019526,0.000014637,0.000019396,0.000016160,0.000020148,0.000033462,c31c20e899ccd58d3fa2916dc181ed64b4a158d54f642ddfdfb7f89e37355bb6
2925,1764562482.6852183,0.000020037,0.000014467,0.000019446,0.000015549,0.000018775,0.000033382,961b8d568fde2c8035c31791809ef7d6b767a28e84ac2fa66e0925f894ad6049
2926,1764562482.6862845,0.000019667,0.000014456,0.000019916,0.000015559,0.000019195,0.000032019,957774039a1c1eb16e8bcd1e031850646b2759e96ddaba14639a6ddaa5b9edb6
2927,1764562482.687365,0.000019616,0.000014617,0.000019226,0.000015519,0.000018163,0.000032590,63ce112d86b2ec1ecf3a876000109a152571efd53f58b0f744df527f4a2cabbf
2928,1764562482.6884482,0.000019566,0.000014637,0.000019866,0.000015619,0.000017993,0.000032721,01b618f24168c52c09ee4091359be9a28267bfea92cb0a158eb41d60e2e04895
2929,1764562482.6898253,0.000028723,0.000023293,0.000024495,0.000019666,0.000027421,0.000043210,c17d76c3fb538e2cf10214a5440e0feaa8ee46c27981e247b7a89c1ff239dcd6
2930,1764562482.6909657,0.000022522,0.000016340,0.000019095,0.000015538,0.000019907,0.000033151,e963878fc1cf62ea5d1f5316325390a633deb70019f2f63fba5c63ebbd8fce97
2931,1764562482.692054,0.000020047,0.000014406,0.000019285,0.000015789,0.000018504,0.000032650,f0115cec25e827a0503fb6d3a5a21c5c9be5d7e11c344fd518a7a1864e206ea0
2932,1764562482.6931179,0.000019325,0.000014607,0.000019676,0.000015499,0.000018704,0.000037639,45963313a6f8ddf06dc9006d2cab879b265949f823fa533ecd0282aaabe1f5b5
2933,1764562482.69417,0.000019877,0.000014577,0.000018805,0.000015258,0.000018314,0.000032700,4f1889decddff06353ea3db10de9fad740ca4177763d2527704793f0bc6198a3
2934,1764562482.6952028,0.000019536,0.000014496,0.000018454,0.000015509,0.000028232,0.000032550,b51812d0e409c3521aeb8248ea83995a9af80065304f3cf43a0b6f0356eecff2
2935,1764562482.6962452,0.000019125,0.000014076,0.000018324,0.000015298,0.000018515,0.000033061,efc6d745e58e14e7c30d3c88fadedbc37a4133789581a420fe6427a0ac6e2a3d
2936,1764562482.6974466,0.000021490,0.000014727,0.000025137,0.000016119,0.000020048,0.000033352,54330b23efbd03d1d7f2c78cae87d7a895a7c8668f04d95bb481e30d43524e9e
2937,1764562482.698606,0.000022541,0.000016150,0.000018905,0.000016621,0.000019897,0.000033221,ca4a7dae42416cba5a21b684d0c664218a4b3aa38c851c33b66c286874dd8e35
2938,1764562482.7006092,0.000019907,0.000014738,0.000019396,0.000049131,0.000103631,0.000094665,fe417c9d6b79aeba9b8f3921a8d8d219f383615e87cab427c6340853f1465fc4
2939,1764562482.7020683,0.000019556,0.000014387,0.000035475,0.000017292,0.000021980,0.000034063,e53e28b046d07bb118c9dc6d69340d01ae49a39aa20bbc8db55ec9022b2f7e0c
2940,1764562482.7033334,0.000019125,0.000014257,0.000018734,0.000015719,0.000019226,0.000066303,0cf8fc85f105a48ad0adcfb98139c7d3f86f9d0128ad3ac81992c940cdfa4fe5
2941,1764562482.7048566,0.000019296,0.000014376,0.000019787,0.000032460,0.000039313,0.000066854,bebe5a024970680ebedfdfc3381edab2e955d621960d7bf20d3101b37a42995b
2942,1764562482.7062368,0.000021149,0.000014557,0.000021811,0.000017883,0.000025978,0.000042959,4dcc2540f790d3712b9403baa2c5d1946d0c53896de2955a5ac249e77b33c117
2943,1764562482.7073352,0.000020799,0.000015669,0.000019215,0.000015799,0.000019517,0.000033041,862bc2f4170c5cd6d02384d40676297c79db5d28589e105a81ee8281fcb9cd01
2944,1764562482.708412,0.000019886,0.000014777,0.000019286,0.000015509,0.000019325,0.000032821,2b56429dbe32410969f2b13af0d4c2bf361db6991d5eb59c7c7b4153e53411c9
2945,1764562482.709476,0.000019747,0.000014387,0.000019155,0.000015499,0.000018534,0.000032621,2c028ce4b61ca67d6ec488e9c70f10c4bddd8acc828632b6a1172e4723a16ceb
2946,1764562482.7105362,0.000019557,0.000014477,0.000019005,0.000015548,0.000019285,0.000033072,4ab727ccce625f35f8f20e1756768079072cad39ff5b02634a631d0551ab3c81
2947,1764562482.7115846,0.000019296,0.000014387,0.000018595,0.000015378,0.000018705,0.000032891,6af9507fce7b253197511921cf8f0a7327846c4ac5d53bd215a392de151c5891
2948,1764562482.7126372,0.000019566,0.000014257,0.000019296,0.000015248,0.000018194,0.000032711,0736dba5eaf8d6a2ea8226ced0fde7119c82bace800c23ab4ff203efa5813f22
2949,1764562482.7138171,0.000019506,0.000014326,0.000024666,0.000015850,0.000018394,0.000039954,494c6f4276b7fbd7159ba611238f9c1c97815a30068828355e470ee4baa0c5bc
2950,1764562482.7150035,0.000021900,0.000015158,0.000019786,0.000016390,0.000020878,0.000035185,52f79a5a5e53d78abd463097d0c6e2a675f4eedd6c606241ab9bd3234cc3ca94
2951,1764562482.7160788,0.000020187,0.000014507,0.000019596,0.000016160,0.000018915,0.000033041,1bdd74c8ae23116dce69f79683985fad838ac46dfcb18ef258f7be5d3218032f
2952,1764562482.7171383,0.000020107,0.000014627,0.000019025,0.000015649,0.000018684,0.000037059,a7c4bdaf86f109b61bc127db069f5c67f5ed42116120ccb33a437b1b14aa73e6
2953,1764562482.7182314,0.000020057,0.000014226,0.000020899,0.000015899,0.000023042,0.000032710,2e0b2ac87d763a0775b3dba2e5516c94a4eacbc6ca15d27e02fec466f57ad82c
2954,1764562482.7193115,0.000020538,0.000014968,0.000019005,0.000015338,0.000018814,0.000032781,144987f831e5ea48009a9c37cab887e5f3912674f442d83c7919e9b0d2419734
2955,1764562482.7203662,0.000019706,0.000014577,0.000019376,0.000015569,0.000018294,0.000032921,84518ec589a019b65d77384c767c278ab6f7f83f30974c5b8069780fa9fb59b1
2956,1764562482.7214277,0.000020017,0.000014286,0.000019045,0.000015569,0.000018444,0.000032300,6d75c985003364f08e1c99f13e2fcb76346bf0d63db5bf30b6c88b3b89015800
2957,1764562482.7225842,0.000019667,0.000014677,0.000022943,0.000016490,0.000020668,0.000034193,8bb9aa7a42cb26a8b46b04899b046f3b36c59c342d83b3d1cdf7cc2821c16b6e
2958,1764562482.7237186,0.000021069,0.000015008,0.000018434,0.000015879,0.000019917,0.000032571,6ab0986bd3ba927fc264a73710c4bd26449e7afa0a934f53a1da5eea455c2f68
2959,1764562482.7248147,0.000019957,0.000015318,0.000019516,0.000016390,0.000018855,0.000032791,eaefb9e53d8f2c6638d5be6be6345b37b701dea95664b108ad632e2cf08bc3f7
2960,1764562482.7260175,0.000021199,0.000014647,0.000020678,0.000016591,0.000022121,0.000035114,35e927dea53a52693bc38e3aaae5caa4a30cc4d31158496bb27f52f42e7d254a
2961,1764562482.7274325,0.000020809,0.000015008,0.000020819,0.000021410,0.000036417,0.000041076,6eeb305ea98098df7aeded1165d12fe3621cbffadc1f3dfb4f827cf2af78ba16
2962,1764562482.728668,0.000020468,0.000014858,0.000020407,0.000018465,0.000025166,0.000034654,208909e1ebb11d90f2bbfffa95a7ce930f0f00a7f477296753ce147d4fd9bbef
2963,1764562482.7297585,0.000020437,0.000014767,0.000020128,0.000016039,0.000018605,0.000033482,fd60ec7eebb54dcb1faec0eff8bc03750ed0d4b5a49b67b07cf1b8333027430b
2964,1764562482.7309978,0.000020277,0.000014487,0.000025858,0.000016751,0.000022912,0.000036377,47415497fe0e2f883152b7f01ce4077a8d4a09021527f325dfb6f8c8a6eb1927
2965,1764562482.732151,0.000022281,0.000015378,0.000019676,0.000016010,0.000019806,0.000040595,265276c6807d51128ebb13acd7a724fcf165ed089e675dd56673dfebea4f28e7
2966,1764562482.733236,0.000021109,0.000014947,0.000019576,0.000015539,0.000020267,0.000032600,f9595aebd9b062cc155a725958d2cd0c07e84fd622df851d7d3bc71429b90576
2967,1764562482.7343252,0.000020478,0.000014878,0.000020167,0.000015790,0.000019175,0.000032861,e03e64b9c0d49899f78ec0f940d288bbf4683aa69479643eaea0cf62b7e770d2
2968,1764562482.7354074,0.000020457,0.000014768,0.000019536,0.000015339,0.000018234,0.000033131,1010b478975ac2e569f01fd04d74aeb56f481c36874d97a64c300b8c8dcca18d
2969,1764562482.736462,0.000020668,0.000015028,0.000019145,0.000015218,0.000018013,0.000032580,81cba78a3a5aea50799e685abb1e59d3f53b048f67f5225aba619130475c09b1
2970,1764562482.7375307,0.000020889,0.000014327,0.000019416,0.000015148,0.000018113,0.000032690,64a5943444b1d806487499b74392e7335809e2a6e00979e822c1f64e2d777648
2971,1764562482.738673,0.000020898,0.000015339,0.000021650,0.000015329,0.000018103,0.000032119,58cb677ad4d6deb3f928702535ee66d08fc1540eef8c08eee5829d3d5120067a
2972,1764562482.739874,0.000024014,0.000016811,0.000026278,0.000016540,0.000021159,0.000036358,aec3f67fddecb979ab7fac788266d29c71e62c746961338ed79b37bd63e2a3a5
2973,1764562482.7409787,0.000022101,0.000015087,0.000019967,0.000015699,0.000018965,0.000033061,959ec0142694bd90cad2abaf923dcff602d959155031e1d7488236b5d0dd54d7
2974,1764562482.7420545,0.000020748,0.000014807,0.000019566,0.000015268,0.000018274,0.000032821,b285fc74040aef58e3dc5dbb24dc52fa64977f0aac9a2b34e0f7974d58be106a
2975,1764562482.7431202,0.000020938,0.000015168,0.000019606,0.000014997,0.000018424,0.000032681,8d78cbd42d3a0e20a8d05c44b1526e2137b034d51236630475073ad4ef3e2f88
2976,1764562482.7441976,0.000020658,0.000014697,0.000019206,0.000022382,0.000018474,0.000032831,73387a208aea02ec4b8d08877692ef27a24b96c88736663735bc46ef29dc1911
2977,1764562482.7452662,0.000020969,0.000015208,0.000019206,0.000015318,0.000018263,0.000032891,206e26d97ba06f56a33157f514a8020fc67506b6cfce334356f4bc8a952af2bc
2978,1764562482.7463226,0.000020948,0.000015148,0.000019265,0.000015108,0.000017723,0.000032611,fca355e31de65bd94267e4d06daf98da9d5ab327ddbc1447d5e28658db7bc8c0
2979,1764562482.7474344,0.000020798,0.000014597,0.000019516,0.000015900,0.000019566,0.000034634,62ba15ae3f4e326003d08c0d34734988598e15df0b542a3bba887b1e7d7bf226
2980,1764562482.7485352,0.000020728,0.000014717,0.000019936,0.000015338,0.000019006,0.000033862,6aa568c31a8dbca39e41ab21455dc6bf2323f2dc131b7f32f7724ca689678d54
2981,1764562482.7495985,0.000021179,0.000014697,0.000019686,0.000015489,0.000017442,0.000032601,ad66b001e3ae5c76f659adddb2754f70e8591ff8cea290a85f7bc1297a4bfce7
2982,1764562482.750676,0.000020598,0.000014577,0.000019777,0.000015268,0.000018174,0.000032521,e3265bb5f738d26e4af2e17b0349ca7e2ca7a30e07c1f00233339fe030df3ab1
2983,1764562482.751872,0.000021479,0.000021029,0.000024135,0.000016781,0.000022141,0.000035846,9df79c4f6d531b0914f95dd0f5c3e5b41fc4dde1ba2190ff88adc43f4b96061e
2984,1764562482.7529979,0.000023434,0.000016440,0.000020027,0.000015979,0.000018575,0.000032761,8b3532c1b621bf0d07fb71486966c208c1e2ded0f93fab0d63b328dc7b015aa9
2985,1764562482.754136,0.000020868,0.000015028,0.000021470,0.000015348,0.000018514,0.000037119,cd33bd5d8a72c38bc922e4c50d60cc8fd15946f9597aa76e6bd2af496c208601
2986,1764562482.7552226,0.000021219,0.000015138,0.000020468,0.000015178,0.000022492,0.000032800,c6f1083b3669f130a45803f782538bb97724cb8ea10e7feef374b5b712cf3259
2987,1764562482.7563882,0.000021721,0.000014827,0.000022262,0.000015579,0.000022341,0.000036037,9f987ed6246684d0541118765f71ff2a8ffcbbccde315ada088ee8a9df2727d7
2988,1764562482.757564,0.000021309,0.000015909,0.000022191,0.000016060,0.000021560,0.000035045,abbde409efb2ec1177681d37a215fb5727c280cc59414ff1e7ea3e8187bf8cbb
2989,1764562482.758859,0.000022972,0.000014897,0.000023794,0.000016811,0.000034473,0.000045384,6b9802973e92b9425e02b71eab0ded6a332f863cb5d9a7a20b887d8eae6ddb6c
2990,1764562482.7600045,0.000022982,0.000016020,0.000021399,0.000015058,0.000019115,0.000035495,dc243c8637bca8cfb9d6ff37394c41affcb7f29ceea7ef696d2320d1469e71cb
2991,1764562482.761152,0.000021089,0.000015138,0.000022912,0.000016090,0.000019557,0.000034894,85753d25012fc7e78e85a5e1a55602cad179950441b1263ecd435554e14dfeb3
2992,1764562482.7630653,0.000027781,0.000019496,0.000039993,0.000025587,0.000075700,0.000072905,ce1ceedc829428f0ac922dba4aa350d3009356a6ec877718a36bbee12a4e6b4b
2993,1764562482.764501,0.000030676,0.000017082,0.000024094,0.000017983,0.000028944,0.000036318,86324977ee6d613140f2a572627440016747b7a3a23670c3e4608f04e97c08f5
2994,1764562482.7657046,0.000023043,0.000015799,0.000020688,0.000017232,0.000021650,0.000038461,a7ffa20b3ba6299735f21c429fa8505e0a42566a62f39a4213f4743e88c67e74
2995,1764562482.7667983,0.000020197,0.000015829,0.000021049,0.000015619,0.000019306,0.000032931,ada7d552daa0517c73c0ca164c14b30cc458d5436e6f6bd666fd7ace19879839
2996,1764562482.7682586,0.000022832,0.000015448,0.000032871,0.000020829,0.000031348,0.000050694,0b0c106acbac1b85fa0278f8ee79d7454a8163e590a2c15695d03eda50747905
2997,1764562482.770095,0.000025998,0.000054881,0.000029073,0.000025156,0.000046746,0.000058418,d10fddeea64163d3e58dd27d856f11611a60d46ef0b0dfdd14bd876c12943ad3
2998,1764562482.7719362,0.000024134,0.000016670,0.000028593,0.000027391,0.000047968,0.000065101,70d7e34649b6ead59c7861dc4aa3bd3e0fc8a4230c005c34ff385cbe73807a49
2999,1764562482.7743127,0.000027681,0.000017322,0.000037740,0.000052277,0.000125131,0.000103862,aeed9a69bc2841af031dc26b30e80360a362bc2a4067834c5611a3e95e6985c9
3000,1764562482.7757201,0.000023313,0.000015699,0.000022732,0.000018474,0.000029324,0.000042839,26734b6d9a57b75422174286a330102fe876153bede3bf236c9b3112fd72c25d
3001,1764562482.7768772,0.000023454,0.000016170,0.000028683,0.000016000,0.000019797,0.000033452,ae8213ab126be9edae0b20f07a764d8c9752353de76ca1f30afd3794776e0869
3002,1764562482.7780173,0.000022191,0.000015088,0.000021560,0.000015809,0.000019245,0.000034103,45a583856969800bed7aa902eccacb75dc25ab3c9e93f8ffb946434b882592ae
3003,1764562482.7791562,0.000020428,0.000015408,0.000022061,0.000015699,0.000019486,0.000038931,96017ffe05f13be7fe517d85a66db398fcc9a70720cc9159a654882da9d3409f
3004,1764562482.7802877,0.000020297,0.000014788,0.000020118,0.000016661,0.000021560,0.000035536,959a851b00c25b15066ee5a6e3e53da623a56fe9c15e1910a34f715882c505e9
3005,1764562482.781598,0.000020709,0.000014927,0.000026479,0.000018684,0.000024245,0.000036848,a7cb44b7ff880093faa94293a5ac1af0b00bec701e1814451a1d1daed3631664
3006,1764562482.7829015,0.000023453,0.000015498,0.000043209,0.000016531,0.000021810,0.000035094,b369ced528cbe665d8a0005c15c07ba6aaefb38cc66cbfbdc27e9c43a0a07dd6
3007,1764562482.7842832,0.000024165,0.000016280,0.000030146,0.000018294,0.000024395,0.000073285,3d057cc040781330a2bc48d04ba0d722bb43fc11ffbd5d1c364c4c6eb4833ecd
3008,1764562482.7862265,0.000024055,0.000016059,0.000022381,0.000037710,0.000062996,0.000079266,4179bb33f33e7ab8d99615ba068df9ab8276e7cf55ba5610a97f52ec23903da7
3009,1764562482.787718,0.000027951,0.000017783,0.000028552,0.000019446,0.000036016,0.000043450,e3ae2177cab1d1e63841de4c6adeb96607c212dab2aa83f9efd9772ac6de550d
3010,1764562482.7896874,0.000030817,0.000016320,0.000042057,0.000027420,0.000055382,0.000055092,e5dcbc2fea9fb412125fcf7f9608c2c3832b1066ad1009a77bbd25b21fd503df
3011,1764562482.791903,0.000034624,0.000024866,0.000031398,0.000037379,0.000062686,0.000078765,e11e571efdf57b28db3cfc974609b581c2e619f154c5a76c9a66d1335b167e14
3012,1764562482.7932942,0.000024244,0.000016691,0.000020228,0.000017071,0.000032711,0.000037960,9ff8e948d466d73a34dbf549ba45adc162bb0c43c6c9575b52d51415d78be7b1
3013,1764562482.7945971,0.000021740,0.000015028,0.000022131,0.000017662,0.000031508,0.000041918,6819b973d9230dafd2c16adf56a6f849e568643d44a03ea55151979e290f872f
3014,1764562482.7957125,0.000022802,0.000016170,0.000020328,0.000016661,0.000020067,0.000033812,6daaa97d2a6cb3a644d7e2f98c8c4da4d7cb04466060eb5718010889ff2860f0
3015,1764562482.797746,0.000020468,0.000015208,0.000032129,0.000028793,0.000070250,0.000059791,91f69fd9bd83f203ed7a9c37151e70377a6cbea730517ed4061e176873917f6d
3016,1764562482.7990854,0.000025006,0.000015379,0.000019977,0.000017943,0.000024355,0.000034504,1cb802111373373d074599e90985a4d1b5e9a0e1d6e1c0a779ac87b7b723f2ae
3017,1764562482.8001764,0.000020127,0.000015319,0.000019857,0.000015278,0.000018955,0.000032750,796285b2c3435e6eca96689a794a59ef829d648454141c1315464c3db7096348
3018,1764562482.8012466,0.000019917,0.000014467,0.000019446,0.000015439,0.000018704,0.000033762,c9b344689c8449a4f76bd5555b5b38ea97ba676379a1334c10183fb635519e89
3019,1764562482.8023474,0.000019646,0.000014347,0.000019065,0.000015669,0.000019125,0.000033953,462a417f3d28ddebb5764be9c1a7facb33014835ba19c59700b9f4eadad52ab3
3020,1764562482.8034127,0.000019887,0.000014867,0.000019146,0.000015178,0.000018054,0.000032730,2e6562759d91521d8a0df50119cf49a9053af1d677e847d8267f21646d939ee6
3021,1764562482.8044648,0.000020177,0.000014066,0.000019385,0.000015008,0.000017452,0.000032740,591d341ac96bada66423202d187423fdcb48e8217e81c214bbc0e36fd311147e
3022,1764562482.8057313,0.000025527,0.000016200,0.000027191,0.000016921,0.000022021,0.000035726,8536d3d6060c4ac1893104b10e5f985890e8af877dea0fd412732cade0179bd7
3023,1764562482.8068898,0.000031248,0.000015969,0.000020398,0.000016130,0.000019727,0.000034023,38b117d87f1201d8a8752d5d5c571667b805390019e09c29ef82ee357d7c5c06
3024,1764562482.8079693,0.000020218,0.000014657,0.000018945,0.000015519,0.000018414,0.000033422,49f78637cad2d09358a1f23c7fcc4524697d5565033a970b5ab0ba6ff98b8440
3025,1764562482.8090315,0.000019656,0.000014416,0.000019136,0.000015579,0.000018815,0.000033291,a9d25af21ed3295250f87f4c7170cb3bb821434212335c3d73a9999839405fc3
3026,1764562482.8100874,0.000019065,0.000014317,0.000018634,0.000015178,0.000018444,0.000033342,69b3923d021620e98f38cf9ed96c97aeb463ce2c4cf6c4e5b0deb837379587ec
3027,1764562482.8112907,0.000019355,0.000014797,0.000021459,0.000018514,0.000023784,0.000040725,83583786a75a789a30222eeef95ab25a062cd007b781eba01769fa4577934989
3028,1764562482.8123972,0.000020517,0.000014807,0.000018805,0.000016009,0.000019717,0.000033782,efcdbe0ce9c4fe6da9f3efab737089bb70005486a59a6216365fbcc759e31c1d
3029,1764562482.814345,0.000019396,0.000014577,0.000022442,0.000030707,0.000079416,0.000099114,f6f9f9e894e3b0eb9d4d93c05b18a7e8dc868e50ae407ac8366aea7f19afe478
3030,1764562482.8156235,0.000022221,0.000014487,0.000022191,0.000022572,0.000032961,0.000038151,c831b59f738eddd88262aa91ccea76397bbf2d236a70c20ffd01941da01f0b7c
3031,1764562482.8167727,0.000021269,0.000014687,0.000021229,0.000016410,0.000023423,0.000036247,6d142796654228c7902f9751ad3f606a13de69a2c31215a4f606043e0a8a03e6
3032,1764562482.817945,0.000021470,0.000015078,0.000021490,0.000015739,0.000020267,0.000033682,23cae51242ea1cb263693c6bc105fb9baebd1898372fa06951eb38f582ef752d
3033,1764562482.8191392,0.000022391,0.000014677,0.000021961,0.000016791,0.000022191,0.000035656,bc51d6125eba025c865b815dc2c155420565f155c85afbfdecb39f964f74ec07
3034,1764562482.820326,0.000021149,0.000014587,0.000024936,0.000016761,0.000022822,0.000034995,fc06d4f1cfad70c210b4725a87e92680ee9eed139ac174a63c6429d456241bd1
3035,1764562482.821669,0.000022832,0.000015198,0.000022121,0.000019426,0.000033331,0.000044172,544db497132010bb6eefa85445bbad80050cbcf6e575cc14ee92547e5718c6a2
3036,1764562482.8232758,0.000021018,0.000015769,0.000037098,0.000024075,0.000038711,0.000056754,3e7dcd40cc02ce7c267a452add7065aa055604e2b9c13bced74d5ae8817572de
3037,1764562482.8261623,0.000026509,0.000017642,0.000065070,0.000027671,0.000069228,0.000128748,4afd58b31bc4ed340384defcda4a85f4771109bdd0c0942ec483778357d52c99
3038,1764562482.8278255,0.000041197,0.000019486,0.000023293,0.000020939,0.000035816,0.000042208,5834d86d41af643f36cf3dc6f9bc69baa031ee1652bc69c0dfa0793ad04bf859
3039,1764562482.829963,0.000023243,0.000015950,0.000024475,0.000039042,0.000067375,0.000090017,4742c2840842ed41759f61d8a3f5a9a9b78297e6380ed5184bc2be5220ee26a7
3040,1764562482.8315094,0.000023283,0.000016310,0.000030516,0.000019576,0.000036337,0.000041025,edd26a3ac6af603d94e49ddfa47417cfe1cab1531c16a080a3ad8886c5e1f7ce
3041,1764562482.8333666,0.000027090,0.000019306,0.000021289,0.000024375,0.000053138,0.000094856,db50d4feaf2263eb6d851c719abbc5bb822b541126a9ec2b71e0467dd9404064
3042,1764562482.8345995,0.000020819,0.000015048,0.000024045,0.000017883,0.000022922,0.000034614,969dbd2a324752771cfe6366dabf4093fd3d5d673dd9705332fa77fb48f8e82f
3043,1764562482.8358707,0.000024074,0.000017723,0.000025116,0.000016962,0.000019616,0.000034904,d5a6b501fa2e0a1c8ff272404ef93c66f7a15e09a7238f5760ef1a1cd2ae7f2e
3044,1764562482.836986,0.000023734,0.000015299,0.000019817,0.000015378,0.000018605,0.000033311,73fcc1f22704c191eeeb4fa59e2d1218a71bc2848f4e2b1db3367f1af995966d
3045,1764562482.8381658,0.000021220,0.000015378,0.000020759,0.000016260,0.000021379,0.000042709,270e84e30991074eb5971bc848e395dcc0300bf8897b9635656773a91e822d47
3046,1764562482.8393116,0.000021339,0.000015017,0.000023423,0.000015990,0.000020067,0.000033893,cde4570adb778aa0191db288104e02a69bd934b42ca07570cddd5857e48413da
3047,1764562482.8412616,0.000022521,0.000015018,0.000022953,0.000039033,0.000066653,0.000076993,99dc6bb71124f08d8af33044e5b45347b1709fb8765894376963d5ae86de4c73
3048,1764562482.8424032,0.000021851,0.000016501,0.000019336,0.000017262,0.000021740,0.000033542,59508c84248aec56a5d69512bea956129f1e1694ef00d50b8b6d16c8c55fe52a
3049,1764562482.8434975,0.000020358,0.000014627,0.000020448,0.000015729,0.000019436,0.000033181,f6ce75200e0a45f90683041209b255bd6409cd4b8d37a79faddbe4ff11db4434
3050,1764562482.8446252,0.000021831,0.000014437,0.000019696,0.000015809,0.000019136,0.000032751,653feca83e085369a4c163455fd2e46163479a94e1007c3e3e99bf13779686a3
3051,1764562482.8457432,0.000020197,0.000014467,0.000021770,0.000016441,0.000020628,0.000035115,d3a04a69f9b074bfce03b8c3c6983212ae4cc9d3bd1ffa4927e826be3fe67636
3052,1764562482.8470495,0.000029765,0.000015829,0.000026439,0.000020969,0.000025788,0.000044271,03e489e0e4a9c4adab879f46be94f991e517b65a70d0009d1c326a1450bf4097
3053,1764562482.8483121,0.000021811,0.000015188,0.000024395,0.000017703,0.000026208,0.000042197,321afe57f17d1eb5b36041a41550178880246acfcab7dd1436f378c7a94a3a42
3054,1764562482.849421,0.000022842,0.000014978,0.000020188,0.000015769,0.000019717,0.000033512,782500885b2737ec70273e06eccf52e6825024bec5abe78dd198567bfaadd0d5
3055,1764562482.850536,0.000019677,0.000015048,0.000019336,0.000015699,0.000019216,0.000033432,1ad55d6b0a4f3e1721fc828cc7aadd35d5f5e0976a8b3e291b7fd7da77b3d10e
3056,1764562482.8516188,0.000019776,0.000014586,0.000020979,0.000015268,0.000018715,0.000032781,f6bf9ef5494b311ecab07d7157df892001c748f29e602e86fbed4c9d13760c43
3057,1764562482.852674,0.000021049,0.000014807,0.000019315,0.000015589,0.000018244,0.000032270,286353ac7b457b0439ff1faea573b7bcb9ed34da5576df82d4bf6c3b6d91f76d
3058,1764562482.853871,0.000020277,0.000015078,0.000021680,0.000015228,0.000019045,0.000062225,a1a7aaa13d2d925d6ca7912f73aec1c6189d499cb79e89c5345f5d7698bbaf5b
3059,1764562482.8550365,0.000022862,0.000015418,0.000020147,0.000017181,0.000021149,0.000035145,df884e491baab4becf061016f811f61c9da2e3a55bd19eb1680eb4487ef0fe22
3060,1764562482.8566113,0.000021229,0.000015028,0.000031849,0.000017924,0.000029574,0.000043440,f90d15d70b76159a45bd90f7f176b1b0f7ce9bc97d5190c697c5fb2df0f3e988
3061,1764562482.857849,0.000024826,0.000015509,0.000019636,0.000016540,0.000021971,0.000037479,3411158990520666e7b9993e2edd8f068daee084aad4a2ae7f976730350e4dd9
3062,1764562482.8589454,0.000020988,0.000014717,0.000019446,0.000015729,0.000019125,0.000033982,9aaf4b1eed63796f92d032ee2a45e933f235aa703b55a5549d7c60d054e94ef3
3063,1764562482.8600197,0.000020608,0.000014357,0.000019687,0.000015639,0.000019136,0.000034434,512b263967405883b8b1ee87b47a7ef093cc5edde48eb48d9469cfc3deedd8bb
3064,1764562482.8612115,0.000020097,0.000014236,0.000019005,0.000015790,0.000018524,0.000032500,8eec26fa539be0cea38dfae93b4c7d4ca6aa6b35a54dd85cedc6c23a40c904e5
3065,1764562482.8623357,0.000019776,0.000014427,0.000019335,0.000022171,0.000061313,0.000032570,71d25b3599e2ee9e1b837b3773f09f9277b0f854745bbd4d0f8cc761e92380df
3066,1764562482.8635554,0.000025557,0.000015168,0.000024826,0.000018835,0.000021209,0.000036177,72376d1c73a445d21a3fb99eb3f7327e3d0f929ba5815a54f2ad24ba012730bb
3067,1764562482.8647995,0.000024585,0.000017743,0.000022983,0.000015699,0.000020308,0.000034253,0f481c17337f7cd9beab59729e3c490fbad4c55f5810e80185463ea73ebe043f
3068,1764562482.8660507,0.000023464,0.000015037,0.000025667,0.000016921,0.000024556,0.000037249,7c060507972df6777cddce7106450b623f9a7c6ea1ca5a63750a4089abc34550
3069,1764562482.8688128,0.000034243,0.000021530,0.000076732,0.000030176,0.000065902,0.000066483,f02f2e58f1b04ca0d3c5ceaa1f79f96551d9396b1dbc8a832d7632e27ef88ac9
3070,1764562482.8707063,0.000065902,0.000017292,0.000027952,0.000020838,0.000038571,0.000045644,320e0e0c1eae04025f2686d02257b71eaf202f403aa40ecf2757dd2446fba968
3071,1764562482.8724484,0.000035747,0.000017953,0.000025066,0.000019947,0.000036768,0.000042429,eed40c77a311474a486eafbcbcd5d4594e0e47940e239733064a2b0f79368221
3072,1764562482.8740406,0.000027380,0.000017151,0.000033271,0.000021730,0.000037780,0.000053348,84fb66b95d87466e5fef9d105b0dc691b1a8edddedf442932cd462a4a282d5b2
3073,1764562482.876078,0.000040014,0.000021209,0.000034584,0.000026779,0.000051765,0.000073816,73a25dfe8f20528bfc9fa926cf7856a2d3b0ec7757b48f2357636c4ff9cb9036
3074,1764562482.8774915,0.000026039,0.000016521,0.000025868,0.000018724,0.000029524,0.000039884,ef1acad82d6211d674e7753df2977f4cf08ce63208c7695b2a5ed6fff1f967c4
3075,1764562482.8790138,0.000023884,0.000015218,0.000043390,0.000018034,0.000022541,0.000037198,630ed8bf4e6c8cc353cf913bd32729d9bc2f30101d22eb39a19a00b482149442
3076,1764562482.88094,0.000042037,0.000030777,0.000028412,0.000021930,0.000036437,0.000059099,88bfac8e25d1d81b5b3c5e54530cd46054023b8051512db4c57fff0935f617b0
3077,1764562482.8831387,0.000023784,0.000015259,0.000020739,0.000045815,0.000090768,0.000093973,638b3aeadf1040caf28ae6b5c0e69ef6b7721390474c06f5d0e2fe7a69e40b09
3078,1764562482.8851748,0.000021039,0.000014878,0.000029134,0.000034303,0.000049011,0.000076732,78de8a7a3802c63b8ff526febc00ab4ba34e78d1c36807d88f7fd2bcf5d0d9ab
3079,1764562482.8864558,0.000022862,0.000016330,0.000024024,0.000018765,0.000025537,0.000037770,1cc35f57e430e078635c8e361eafaab18c81dd995e0ba132c017292b007c6536
3080,1764562482.8876615,0.000023132,0.000016771,0.000020899,0.000016521,0.000022922,0.000035686,e6a6b1fe93388be1bae7c6a26eeb930f49626622b3904d5af72f83889463f68e
3081,1764562482.8888116,0.000020678,0.000014627,0.000021961,0.000015989,0.000019977,0.000033822,e7ab5f4972f28907fc1b3bd58cc321c3dcca5a7f0079db4a018ce7fe50ea4735
3082,1764562482.8899786,0.000021209,0.000015088,0.000020718,0.000017753,0.000022532,0.000034534,ed606c07aee618ecea4da1ed313bd1ad2f9cf7d73691c4ae56c874ddb7114295
3083,1764562482.8910844,0.000020488,0.000015479,0.000020037,0.000015809,0.000019116,0.000033702,e7d6e089b51967b479dea0c977d7c72a8b43f06d28a1e16f43a0fc7d4653f29d
3084,1764562482.893253,0.000021249,0.000014426,0.000022742,0.000046246,0.000063277,0.000085568,7cbe540cc0d79c943399c3c09e99dde3b5bc03c45909207644427d88a26fa34e
3085,1764562482.8943815,0.000020908,0.000014967,0.000019676,0.000016130,0.000020568,0.000034243,9f8c8df7ce0df0ed87221b066eba547bfde3605b0469be73fb6edd4682406c9d
3086,1764562482.8954563,0.000020618,0.000014767,0.000019125,0.000015468,0.000019085,0.000032349,a931d049e389d1f3051da78a22b388e997b6d78951e505e31cf3f404d14df933
3087,1764562482.8966432,0.000019596,0.000014687,0.000021290,0.000015870,0.000019255,0.000034143,93b8413c0d2bad891175defc18ec354ed2a962ac9cd9c9650fed5b9bb419da4c
3088,1764562482.8978896,0.000020528,0.000015168,0.000022331,0.000021931,0.000075059,0.000036047,c2577c621e1a1d8beaa66a24fb8be114cb4fa9fba6da811ef0d5ed1ea8411ab0
3089,1764562482.898971,0.000021139,0.000014386,0.000019706,0.000015849,0.000019256,0.000033382,b5bc1680f81abfa94c9af1b132999417d5a75cbe4d58ca20aa7f717031d0b814
3090,1764562482.9000607,0.000020448,0.000014807,0.000019226,0.000015489,0.000018134,0.000033472,a2fd8f9e17810ca22cb85852ae39f881771c0fc48711a01883ffaffd81e4626a
3091,1764562482.9011617,0.000020268,0.000014457,0.000025958,0.000015268,0.000018414,0.000033021,7ea89b361c0b2c47eb809cc42409997f9b32239b57eba8bd4ccdd2e2956caa5d
3092,1764562482.9023228,0.000026088,0.000020478,0.000020799,0.000015178,0.000018945,0.000033803,b3468d8e7a73cd50f499f28c9f44607a3b34afe97e180f165281f2e8f7f7d9a1
3093,1764562482.9037085,0.000020839,0.000015388,0.000021029,0.000019777,0.000033872,0.000053780,2ebc659027b9e715be81ccc2aa7d67402c0582476335a7fe5c26464a34e566af
3094,1764562482.90493,0.000021439,0.000015499,0.000020628,0.000016741,0.000024114,0.000042489,11baac79715650f5028e57c148094dcb6f75363d86ba8703d3c45045f68001f2
3095,1764562482.906114,0.000020979,0.000015118,0.000028192,0.000015579,0.000019246,0.000034915,e873db71bc6b64619883932a42f9be276016693502f6595d45d1fd261ce0fbf4
3096,1764562482.9073453,0.000028283,0.000018544,0.000021449,0.000016942,0.000022281,0.000035024,5eb8c5698a25b039faad462b0b6c33848370cc33c2779d229b6bd23afbb39aad
3097,1764562482.9085245,0.000021509,0.000014837,0.000020498,0.000016410,0.000020348,0.000033542,ca2c6e7a840323a722a282ae32a4df220240c06d428e63cb925d4a337fca2f64
3098,1764562482.91017,0.000020928,0.000015378,0.000020548,0.000035586,0.000050323,0.000045433,facce250867fcc9d04b89fcb892d2e9b2c23b7b2b8b6333aead9449e92df303e
3099,1764562482.9113102,0.000021670,0.000014517,0.000019386,0.000016410,0.000021720,0.000033582,654171019458d696c50000bf34a74d1ec2dbf8a91e25dabe8341cb17b9016e5e
3100,1764562482.9123838,0.000019837,0.000014266,0.000019557,0.000015720,0.000019125,0.000032960,80b7182a253211ac4769f7646f9d29ede3e78f0c3fb02b680f8c001da1256bb8
3101,1764562482.9134996,0.000020538,0.000014607,0.000019756,0.000016731,0.000020057,0.000033412,c48c91678b072b02e3ea03fbcb0377466e1d4a870086118b1985f4bb47e154e0
3102,1764562482.9147663,0.000020848,0.000014708,0.000024215,0.000016661,0.000022963,0.000039222,9cd7892736ce4beda46034163dcd585801be054d318a3766de8dcdeb0ec05ffa
3103,1764562482.916465,0.000022502,0.000015319,0.000024235,0.000024405,0.000048659,0.000057797,c7a9b9d7395ff3b3d3b276d680affe78638d6aea09eda6ef467918e5908016c8
3104,1764562482.9176219,0.000020938,0.000014597,0.000019967,0.000016771,0.000020658,0.000033562,598aa4dd780a014cbcfb2fc90419f7c6d2add23afeda8fa6a979d6938e44faec
3105,1764562482.918709,0.000020868,0.000014677,0.000018975,0.000016280,0.000019837,0.000032760,2cf909f311004824baf0ee9b20b807f575e80995e27655451c01d869e5bf2051
3106,1764562482.919761,0.000019866,0.000015900,0.000018855,0.000015309,0.000018664,0.000032700,64e114dcaf005a2a6db53e319852d84f8a1335f3503fa32094e7ed582d67a333
3107,1764562482.920821,0.000019597,0.000014116,0.000018604,0.000016050,0.000018394,0.000032480,12e795fed9c134ff73dd4c0b685bdc3a7866921020e95f7ab78276d377316c7c
3108,1764562482.9219413,0.000020167,0.000014547,0.000021149,0.000016130,0.000020288,0.000033882,0fc44e9a9d29dd06ebc4eb52966d98d0b5aad1b3f6592768bbe1911380a230c4
3109,1764562482.923167,0.000020207,0.000014206,0.000025167,0.000017463,0.000021870,0.000035445,0942822c22cbc66b880f47c626c6bf36a0ab995583a1c3fa91a63d29fb721ade
3110,1764562482.9245148,0.000022441,0.000015879,0.000025718,0.000018404,0.000025116,0.000039212,309ff681a79eecdce23ea022bb68b03a9d02a3c0743e24edfdd6c23e54d9f9e4
3111,1764562482.926458,0.000025837,0.000018414,0.000024806,0.000037690,0.000061954,0.000078505,7e1ea41433362fa2f711263ff48c654cfa6500f6ba9b8fa9eceb12d3d6e83543
3112,1764562482.9277253,0.000023583,0.000015188,0.000022151,0.000017032,0.000024575,0.000035445,578ecff1ec587918fe86dae6efc1ac76ca9664afc05f4bf36df1d8914f8340de
3113,1764562482.9292073,0.000030847,0.000017903,0.000031588,0.000019426,0.000032741,0.000044282,7a3f49832b2789a515961ec44809a4d915708fa5f673d22cbfbade63058be926
3114,1764562482.9308167,0.000036026,0.000023574,0.000032871,0.000020659,0.000029825,0.000042288,43c630c6238d106ad3104545427deac558ddf07cd45ce95150c5a72be038da78
3115,1764562482.9322906,0.000030777,0.000018985,0.000021038,0.000019356,0.000037118,0.000043811,fd99864707556a524e8c3611601863807b8af5b1717a8fa3bb250d9b270f8686
3116,1764562482.9334588,0.000022231,0.000015679,0.000020899,0.000016591,0.000021470,0.000035716,698aab042f2d9dffbe4ab697b3ebe5f53bc7a8cd8afa29c170e4205f079ac816
3117,1764562482.9346209,0.000020719,0.000014597,0.000026198,0.000016321,0.000020267,0.000034694,7d6a2fcb965a0e1f36e2268b92efbfab01f0077a9363267dc58f747f96595964
3118,1764562482.9358459,0.000024245,0.000017042,0.000021550,0.000016220,0.000019506,0.000034364,8fec1db58ea915462f2b6917981af99dc5a1f23dfc1d5aedf9a461e374c2bf1e
3119,1764562482.936951,0.000022813,0.000015218,0.000020147,0.000015329,0.000018965,0.000033121,18c8cc9597e5057c83d40c2368830f5ed82ecdfee0a20ef49d317dec29c06630
3120,1764562482.9380512,0.000020468,0.000014467,0.000020278,0.000019316,0.000022782,0.000034023,7dc6cc4a8272d3213283958d68acf325ed78a7e3cffb3cb6fe71b7eae0cd5079
3121,1764562482.9403377,0.000020188,0.000014997,0.000043250,0.000049912,0.000098302,0.000096107,8c8eacb09c8482d1305cbd2e44f04133ad7c7a21e3570d7b16f830a878e62d4b
3122,1764562482.9419117,0.000043711,0.000030276,0.000020558,0.000020658,0.000026659,0.000042528,48d43a8317fdf3b84c47c32d1c29fcef2de1c9c2fba40d2de47a07799efdb4d8
3123,1764562482.943049,0.000021480,0.000015288,0.000019967,0.000016300,0.000019606,0.000033382,85f892fa4b0d1cfd6920c4e6e38481d4cd8446bed31bffecf0f9253e48c00b6a
3124,1764562482.944155,0.000020968,0.000014707,0.000020899,0.000016310,0.000019677,0.000036657,d1784d78f4725d615970af60ac0e8b71135b58b7f31203d41d26932145a0a091
3125,1764562482.9452207,0.000020808,0.000014526,0.000019416,0.000016570,0.000026079,0.000033061,67e772387260488cc52a85610f65fb4f07fdd5256cfbb4d086d3cc7a2c1ed4c2
3126,1764562482.946346,0.000019827,0.000014277,0.000026699,0.000016330,0.000020037,0.000034804,1474748fb3edf0e3ef62f6384a7dff0dfe68cfdfd7fd9130671ba01a12035e62
3127,1764562482.947548,0.000023793,0.000015138,0.000024956,0.000017633,0.000020769,0.000038892,067bd6cd9d4d91273f15b537210f4cb50eeea66be21c5a264930548de4edcecf
3128,1764562482.9486809,0.000022812,0.000015189,0.000019827,0.000016100,0.000019737,0.000034865,182eda56becc5c43ea4e4001325c7c5b9b2b8ae8b2720b26dc20099dfcc48d93
3129,1764562482.950254,0.000021159,0.000014818,0.000020338,0.000026730,0.000057586,0.000056124,e04b688f4fd06a666d55f7f544bf60277f57c1757410add00bc812ebe563c4e9
3130,1764562482.9514127,0.000021119,0.000014496,0.000019225,0.000017212,0.000021991,0.000033632,1a45f0cb7ad98da8b6b0828590f215d6e36e2dac73b28dc9bc419217623d9bb3
3131,1764562482.953096,0.000020538,0.000014406,0.000022151,0.000031949,0.000042438,0.000065831,5cbdf3b06bb0a18af337c7a1930b5b029f7229688999b8d9d87e8887483cd69c
3132,1764562482.9542372,0.000022461,0.000014517,0.000020207,0.000016390,0.000020007,0.000033702,dc9a51d8e59b31364278e4c75bf16b32c850d44f94970d32d52a059bdc08f1af
3133,1764562482.9553118,0.000020127,0.000014436,0.000019967,0.000015940,0.000018905,0.000032410,d6f7bbe54443d9b2fc966fcbe905f112fe19764cb40e67087fedb37641e1d683
3134,1764562482.9568756,0.000019807,0.000014527,0.000026559,0.000033963,0.000044853,0.000078094,de912e7babf3257df06cbda67a4e3aaca5a44380be0ee487a5d2021deb039e30
3135,1764562482.9580417,0.000021680,0.000015439,0.000019376,0.000016250,0.000020398,0.000034133,0c7a313537f897c83521137df5f25f1464a2db91ffc968b3cd86783f647c48fa
3136,1764562482.959169,0.000022621,0.000019997,0.000019496,0.000016090,0.000019647,0.000033773,e2955211fd5e2ddf82ea2ba4983f74020e6ae8b2ce29cbbc38063c35a5afeaab
3137,1764562482.9602656,0.000020088,0.000014748,0.000019396,0.000015770,0.000019005,0.000033292,4aaa8b003ffef53e0c1efe02faaf0ee81b32fa7641db5c2f9370a3c9b39c3145
3138,1764562482.961343,0.000019656,0.000014467,0.000018785,0.000015919,0.000019015,0.000033102,66f1beb53bbdeb5067867baf63379749064370c64416d7c1005fa3c97dbfb315
3139,1764562482.9624033,0.000019116,0.000014958,0.000019015,0.000015469,0.000018114,0.000033422,1764b4574b4f0c51be2b6cadfe7a64d2bceae39ef5c9f398b9a23f75c6525eac
3140,1764562482.9634829,0.000019737,0.000014436,0.000018635,0.000015528,0.000018945,0.000032190,f88b346134c3bcdef54c596a8af9201f23da44f8865d5a381c023d07567b4ed2
3141,1764562482.9646275,0.000019386,0.000014567,0.000021971,0.000016470,0.000020679,0.000034474,66f4cf4a5653f3487a8094b92514931e010f954f6317c0dbf834f7e0e9085fef
3142,1764562482.9660509,0.000020708,0.000014907,0.000037380,0.000019967,0.000027801,0.000045634,e996ca8b7b6d8d9902cfeb3802a49a842b9f7af110244ef77290faeef9283abd
3143,1764562482.9674218,0.000027311,0.000019817,0.000020137,0.000017211,0.000022491,0.000040444,077eafbba8f68a4e7925814e57af6e6730eebfc255dd7b7a49b8ab12adb05d1e
3144,1764562482.9690351,0.000021540,0.000014627,0.000022753,0.000023243,0.000044051,0.000046506,4bbf094c9c1c8e8cf77ed0809f76bc96d2429a57d8196870d88c260bc08ff429
3145,1764562482.9704018,0.000022872,0.000015930,0.000020327,0.000017373,0.000024705,0.000036808,7bf5790cbaa824980b99a7402f3689a427504da48453e85065eb2deec8ea8c12
3146,1764562482.9716413,0.000020749,0.000015388,0.000022431,0.000017443,0.000023423,0.000033572,3bc16329d437eb3a0a34b7e924c04540175e0dd431b7cbdd4e153f816ddbaf85
3147,1764562482.9728255,0.000022000,0.000015989,0.000020408,0.000016421,0.000021630,0.000033962,ff58eb22ab9bd964df5184a12415f5626ec80e7ca84fdfb24f79ebf90d86ef81
3148,1764562482.9740834,0.000023844,0.000023473,0.000020057,0.000016921,0.000023053,0.000035065,dceea5114a8a0b0d0e5fce47ea12b8b09a95d225e8ded80463abcd01946a5e27
3149,1764562482.975189,0.000020228,0.000014908,0.000019136,0.000017141,0.000020208,0.000033261,34cdc6abde926e45e8c04f23c6fadd1c0fbba1aae949970f9a2cf1a588548659
3150,1764562482.976273,0.000019696,0.000014467,0.000019616,0.000015889,0.000019356,0.000032731,73d84b4246a0680855c38a355b47ee3f0b96cdec3eb3ddbaf4df03f65647bbd0
3151,1764562482.9774373,0.000025707,0.000015429,0.000020869,0.000016000,0.000019957,0.000033122,1b8f70c5cec975328d5d05d11817e5093d68daaba4a0b48518644f796680f995
3152,1764562482.97854,0.000020318,0.000014878,0.000020007,0.000015369,0.000018444,0.000032199,9ef57f651539a487df1652cb09ce28f194d73ed19de853869c696158a3cd9181
3153,1764562482.9796994,0.000023293,0.000016040,0.000020197,0.000015979,0.000020107,0.000039232,9573a5ea07b0eeeeed47c082ce1ef4f30b012a380153e1316497da0e2ab8f725
3154,1764562482.9817526,0.000020939,0.000015869,0.000022031,0.000048460,0.000076551,0.000096598,13e945fb66ed7c410710dedbd6ad543391fdb54e07552fa48c633706cfdf4e1a
3155,1764562482.9830055,0.000020708,0.000014717,0.000022802,0.000016811,0.000022983,0.000036036,050b900f1fc2d7e279ef870d7d6da3a8b3d3c2f8590b15e42a82a67847b2ae62
3156,1764562482.9841664,0.000020598,0.000014567,0.000021039,0.000016250,0.000019506,0.000041046,8cc697b4960129086b2927d6f7649550f0c02dbfc3b1fd74ef5895186618b682
3157,1764562482.9853675,0.000021189,0.000014898,0.000022081,0.000016571,0.000022592,0.000035676,1426dda8a486bd8d1c3a4367cad02d86462d54c66480b1eedded3b1c8cab2613
3158,1764562482.9871538,0.000020759,0.000015077,0.000028934,0.000024696,0.000046827,0.000062735,217a1e1c8374dfa43be11f9d3f55fa50d5fe24ad965144b058f44d328bdb20a7
3159,1764562482.9891987,0.000024285,0.000016350,0.000047217,0.000035776,0.000052216,0.000076200,473c1b609cf103ad5e967c46de6f7d1bdba5982dfa86bdd742377e30e5ddbaeb
3160,1764562482.9909124,0.000037349,0.000018685,0.000022021,0.000022170,0.000032841,0.000045324,87b690e5e02920499105b12d59bd265c16550620dd7e64a89af7ed7ea062ef33
3161,1764562482.9921362,0.000022542,0.000015047,0.000030006,0.000016931,0.000023002,0.000034303,02ff4625bb629c24c83cb9fc48c6e345b8ef2955ea4127a78bb0ad9dc8edf41f
3162,1764562482.9934053,0.000023754,0.000015870,0.000023453,0.000017352,0.000025668,0.000036698,5bce67943782c30da1fe25cdc1ba7a43956beed9413e851aded08189c1705ed5
3163,1764562482.9947972,0.000022582,0.000014817,0.000023844,0.000022321,0.000038742,0.000046736,109ccbb0bbfe932874393b1bfd1e144098ee59aece351dbe53bdd300c1c43be8
3164,1764562482.9959822,0.000023023,0.000015308,0.000020788,0.000015799,0.000021079,0.000034855,e4495143f58fced328fc7518bba773d482fcc7a233aaf33f0b7361a2bc9a8059
3165,1764562482.9971254,0.000019846,0.000014968,0.000020979,0.000016610,0.000019947,0.000033192,7216301a6c2d77a198fbcde8fbdbf1a38927d3c548382a02909d00c5e5c249de
3166,1764562482.9982362,0.000020017,0.000014858,0.000020738,0.000016450,0.000023764,0.000033221,d48f58ab2f39fabb418cab8f4aa46756e3ee799e079718dcc3b4ebf6fabf99a5
3167,1764562482.999541,0.000020669,0.000026448,0.000022221,0.000016530,0.000020628,0.000037780,32d0a422b6089da4b3935a855d08804f40128ab5ad57624998d93ba55ae9c1f3
3168,1764562483.0015635,0.000020228,0.000014978,0.000022331,0.000035415,0.000080248,0.000059430,5924b87714a60424eaec5a823ff51f14b9624b3a9b69b20d8ec881004422be5d
3169,1764562483.0027642,0.000020708,0.000014937,0.000019366,0.000016421,0.000024505,0.000034433,ca3fbdebd85332b9ac505dabda0fe3645353cdf9f614651c573f1173acd7b2c3
3170,1764562483.0038478,0.000021280,0.000014928,0.000020207,0.000015790,0.000019275,0.000032901,0d92f76280024bf2b6e5f4b047ea3c296096d26634fd35ce8bd0ba17a0e532dc
3171,1764562483.0049467,0.000020287,0.000014747,0.000023955,0.000015980,0.000020217,0.000033953,b056bd20ac9e7411111331b8d6748ceeab17c563a7cc3d09c90487136baafacd
3172,1764562483.0065765,0.000021510,0.000022772,0.000025838,0.000034243,0.000049471,0.000068076,f26c5c45772e65218647b186c2bea793c7a0bc87000dff8196454036f05134f2
3173,1764562483.0077598,0.000022271,0.000015438,0.000022632,0.000015759,0.000019506,0.000034193,068c1309340095af09f5fd2dd78dcccee6fbd3c432bc80522db87003ed117bc0
3174,1764562483.0088887,0.000021780,0.000014547,0.000019406,0.000015288,0.000019767,0.000033742,0b1c23252867d0fe9e6b8b04e3f20437a37d6b31d85825b28ed0577620a41a81
3175,1764562483.0099325,0.000019637,0.000014537,0.000019155,0.000015198,0.000018093,0.000032730,9798d4406d1d0ec323e237da1b452ee6464a688d55397d7713f991d64ede75a0
3176,1764562483.01098,0.000019666,0.000014026,0.000019597,0.000015138,0.000017903,0.000032860,cba7f84d292022403f85078c70030518d742c8d5a35ae52c626e5e898d331d99
3177,1764562483.0120676,0.000019617,0.000014517,0.000019386,0.000015088,0.000017653,0.000033051,5ac3fa43135d24f5f17819507f46b8bbd97e4d02a11e04edd2d89669d9a0a02c
3178,1764562483.0131652,0.000019426,0.000014787,0.000022642,0.000016911,0.000019406,0.000037850,b1348e766d01ac945a3249a36a7a6203574a1fd48184ab7f572b58873b46af4e
3179,1764562483.014359,0.000023393,0.000015549,0.000020508,0.000016611,0.000020628,0.000036077,57798d79246f560f8a3cfbfd68864c5a6d6687cc0d53069e9201c66def26da82
3180,1764562483.0157578,0.000020227,0.000014997,0.000022332,0.000019055,0.000030907,0.000040294,112a50e6df65b7a3818bbf0f021110586e4ab85447dda21c3063eeb998fe555d
3181,1764562483.0172815,0.000021650,0.000015198,0.000032761,0.000034464,0.000045604,0.000071091,edd2ee730f299d752959881daadec570d4c90cad25376a6c0494cd41f3a6755c
3182,1764562483.0184221,0.000021369,0.000015148,0.000019576,0.000018103,0.000019687,0.000034755,7c5c7e12a86e47badb20e7c7c3dbf4513ee25ae5b97870a5f78f9cc1a2eae32c
3183,1764562483.01959,0.000019796,0.000014216,0.000020467,0.000015709,0.000019466,0.000033973,fb465db1b7c4b1ad612aaac4d195d81133923a5caaf5cd3c569645d36b1e1833
3184,1764562483.0207024,0.000020368,0.000014497,0.000021379,0.000015749,0.000019186,0.000032860,dfb2fd4c6e88b4d5e207a311f4cdeca11d06ab207c49c59c74b2b1b043a2ab50
3185,1764562483.0218773,0.000026739,0.000019115,0.000025497,0.000015930,0.000020859,0.000034173,2b0f30ab57856501585f1917b13f600c1391a683ba2ff30c687ac90196e1055e
3186,1764562483.0232153,0.000024495,0.000019125,0.000021039,0.000019886,0.000028502,0.000043290,5c68adc05359ab6074dce1090cf06d7c6406c8b60abd6df539afc19ba380d306
3187,1764562483.0243251,0.000020218,0.000014918,0.000019546,0.000016039,0.000021018,0.000033461,758b135bcce3e7419f12bcf7a13ac4f3dd920405635d0f6951e8555cf5950404
3188,1764562483.025406,0.000019957,0.000014727,0.000019316,0.000015678,0.000020477,0.000033652,79d378327200c94b8e80ed9e53249e5a14b12a9c3c875d61e976f8f5789134c1
3189,1764562483.0264857,0.000019346,0.000014176,0.000018985,0.000016049,0.000019026,0.000032931,c56db89d885e228e5a000ccb1612a4d66133602612a22f660e02db8ad12d43c6
3190,1764562483.0275948,0.000019696,0.000014717,0.000019085,0.000015579,0.000019466,0.000032991,8b5de3b93116508c3e863dc2b85fe2721f2ac70433ea07298d1361d4abc6e0f8
3191,1764562483.0286727,0.000019626,0.000013946,0.000018935,0.000016140,0.000019456,0.000033362,8eb62313e7be4b6b2af96e51c669c956624586952eb811bfe0af8063b14457cf
3192,1764562483.0298064,0.000020328,0.000014286,0.000027020,0.000016962,0.000021299,0.000033823,68f34c83f9a9c0c2c10e4c59f229e24baa0069d2350355f9fe305b128de43fec
3193,1764562483.0309973,0.000021409,0.000015088,0.000021279,0.000016170,0.000020508,0.000034714,019eeb5ce841113924778ab98fb3697dfdb0611d78c0b387856c0ad1e790f9f9
3194,1764562483.0321124,0.000020367,0.000015008,0.000019326,0.000016130,0.000019436,0.000033471,c261b0f0b81a5f1c47b7eda1e22797676acb48a73ff61130be17b70b7e1dedcf
3195,1764562483.0332186,0.000019787,0.000015369,0.000019796,0.000034093,0.000019646,0.000033151,8c233204f76cfb40f14130d6189f2a75fe8b8a9ab4380ea19373ea839adda476
3196,1764562483.0342824,0.000019747,0.000014327,0.000019025,0.000015899,0.000018925,0.000032811,2ae4ff5e7a3c1f1b0ca0e5df8a5deb57e23ac959a187915808206d60a8133f1c
3197,1764562483.035788,0.000019967,0.000014437,0.000024775,0.000034304,0.000040335,0.000066833,4870fb94304e1cc53058adfd78f0a5786de2026f8b50fcd6e35cef4b5b048a4c
3198,1764562483.036948,0.000021580,0.000014687,0.000019907,0.000016471,0.000019666,0.000033652,34c079e7bcbf0c36e10ab6bdad7b72277756f64989985ee78dc843c337cee809
3199,1764562483.0381367,0.000040905,0.000015008,0.000019836,0.000016110,0.000018915,0.000034023,0f1718e48bda3125fce8c92196475b41853715efcee33a0f6f7b8d59b383c162
3200,1764562483.0392723,0.000019947,0.000014567,0.000020277,0.000016200,0.000019556,0.000034604,a4b6eea75b64adc6cc8cf87264bcac6df4066f98aa1bfd10c1c062ea747d31aa
3201,1764562483.0404112,0.000023393,0.000015939,0.000019536,0.000016321,0.000019866,0.000033823,bbbc6702fd9cbcd3864a3d5eb30904dc12ad2a5caf2586b822c4de3a5dc72ce0
3202,1764562483.0414987,0.000020117,0.000014256,0.000019295,0.000015529,0.000018985,0.000032920,f40920f8f2e7897269f132e6207784655c253c79309881295c459cc8c0cf7ca6
3203,1764562483.0425537,0.000019796,0.000014637,0.000019376,0.000015288,0.000017894,0.000033021,6abadb8179bad3dbbb7196c8f836a5d5ecbca7f2ed97f4f291c66805cdcbe4a3
3204,1764562483.0437346,0.000020027,0.000014707,0.000020588,0.000016380,0.000020528,0.000033813,7c8b52d91363244afdb69d799cc8d11d32a259c293a251379183bdac1f654d3a
3205,1764562483.0456054,0.000024987,0.000015349,0.000020107,0.000036858,0.000059630,0.000075560,48285c864da5cda80f9138af21938e5668a12e1f8e0228210ca0d929a6582354
3206,1764562483.0467384,0.000019917,0.000014687,0.000019556,0.000016160,0.000020147,0.000033242,51241d416d2b7fb0f2e2663f3c4b2f7c7a484aafc0dab81d34568aed20a870f4
3207,1764562483.0480313,0.000024225,0.000016280,0.000023444,0.000016380,0.000020138,0.000039673,cdb3211d8d851c03a8be597a4a7741a556ee9ce27d5f51cc11ab7a2086f54343
3208,1764562483.0492294,0.000023844,0.000015419,0.000022141,0.000016640,0.000019216,0.000039343,0fed361fbbcd6b2a0d006f448548e28a79e73afcd93a09935da52626a5894383
3209,1764562483.0503545,0.000021180,0.000015569,0.000019967,0.000015598,0.000019966,0.000033402,715adda4f6ebbca2cb59618883633f392602169709b37e2a56b212a731412e2d
3210,1764562483.0519369,0.000020077,0.000014536,0.000024185,0.000033162,0.000037870,0.000067124,4fa9a48f94047f2e6e177237a767815c2147c87d50bd5c03cf4a57e0c889a63a
3211,1764562483.0540547,0.000020739,0.000014817,0.000032280,0.000052547,0.000085118,0.000107098,c96865271e2bea316c354a5c927c07182510c26f5931ac00d66cc657a5f095ea
3212,1764562483.0558848,0.000030316,0.000017933,0.000046727,0.000022271,0.000037649,0.000048270,f1609a1839841f9cd2e5b854d03a68abee85fae388ea6f6e4fb59df541fbbbdd
3213,1764562483.0575628,0.000034885,0.000020578,0.000021630,0.000018905,0.000030176,0.000044993,b73262dac0acf0a37186af63df95f8b9759eca9164740d1bb8012ff0fefebddd
3214,1764562483.0587544,0.000021781,0.000015739,0.000020097,0.000017503,0.000022141,0.000037380,0628a2a7ce84dfb061bbb77a2251bb6ceb0a517ce39f1be5b1f8756f043e79f0
3215,1764562483.059842,0.000023153,0.000015940,0.000019656,0.000015549,0.000019216,0.000033572,b4d7f5d8d3bafb662d34791437ff57cfb62acf4d80f64f6a560cae1446e0f044
3216,1764562483.0609298,0.000021500,0.000014977,0.000019466,0.000015619,0.000018945,0.000032861,d1e97836a1de0a8f825ae6e09d3e046c3d774d4ecf2c45573c1c848253048dd6
3217,1764562483.0622432,0.000019697,0.000014306,0.000020689,0.000016250,0.000019066,0.000032871,8f51b80e4ee7babcefa0603d5caa582bc3a5997c1ca256da3d1bb650baed2341
3218,1764562483.0634012,0.000020157,0.000014467,0.000020848,0.000021479,0.000076642,0.000032891,b68d1467aeeed34654591efde66d85d7c1062bfd1400a604885bbd76197a24b8
3219,1764562483.064595,0.000021249,0.000015348,0.000022922,0.000017743,0.000022732,0.000039994,1b8537a3216d1c7e5faed33869baf6d1b5b4f5cad8df35882e3a148bc12e710a
3220,1764562483.0657303,0.000022372,0.000015418,0.000020318,0.000015699,0.000020097,0.000033793,98600581dc06501985aaee86c87f1d303b18901d9e0ae3455f8facea74ad17b7
3221,1764562483.0676486,0.000020318,0.000015679,0.000022642,0.000031638,0.000077182,0.000060281,d202b7885c6bcf91e53f25dfb00094cec988a1df487ca307b81aed0dce94b33d
3222,1764562483.0689147,0.000023082,0.000015399,0.000020187,0.000018033,0.000022021,0.000034033,7a007275c2498a24d5a9b249669060bc7f1b3d7c9e955d2a74121b591f6b1adc
3223,1764562483.0700612,0.000020467,0.000015689,0.000019836,0.000017031,0.000022392,0.000035846,54c6418c8ae98f9a61483941aae37c5b527c6b5fc97f566828c3e9a09d6640d1
3224,1764562483.0711906,0.000020638,0.000015368,0.000022211,0.000016070,0.000019987,0.000034474,28e7fac4ad0303bdec78009301088d408bce26dbb32b3c79830954358ee59b42
3225,1764562483.0724669,0.000020167,0.000014958,0.000022512,0.000017102,0.000023263,0.000035065,7a0b81a8cb47118669f97d9a4828c45bec8e940f3f3081c7f87a3e13adba63bf
3226,1764562483.0736232,0.000021720,0.000015008,0.000019566,0.000016721,0.000020138,0.000034524,63c3c0087959883699b90f2d50fa35cf0ad42d3ab996dab5ac98e034a64f01fb
3227,1764562483.0747466,0.000019737,0.000014787,0.000019636,0.000015900,0.000020869,0.000033131,96978ce13a6e17291be53a6c2266c75c6705a6ea2a6c1f6f7aafa9094584b9b9
3228,1764562483.0758889,0.000020598,0.000014857,0.000019506,0.000015618,0.000019526,0.000032701,93585cc56425aa2caa88ddaa108c8599d11777a17a2c6704f50a36dedb4de486
3229,1764562483.0769567,0.000019876,0.000014387,0.000019386,0.000015298,0.000018975,0.000032800,e75d630cdb44f65ba218bcb540e128b17b98357b8527b7d5e67ab2399266b30c
3230,1764562483.0780654,0.000020388,0.000014677,0.000019365,0.000015729,0.000019316,0.000032530,8f647bfddd195b5cefa239afd6c1421edf3b88b8402d56253e1ba425b91fd31c
3231,1764562483.0791626,0.000020007,0.000014567,0.000018985,0.000015609,0.000019807,0.000039493,d751d04450e8532761ea3605aa7f839b49f68752279cb309f52f4e9bc0613205
3232,1764562483.0803854,0.000019806,0.000014697,0.000023714,0.000017743,0.000021490,0.000036878,87ae4c4cc9845f09f396f606eb416ee53acd4d725548280e87b25391af1e220c
3233,1764562483.0815861,0.000022041,0.000015349,0.000021720,0.000016390,0.000022933,0.000034484,394b23060b97b8e074cf25a6fdf5f18b2cf53b563edddc2129e1a20a8c4dd143
3234,1764562483.0827055,0.000020397,0.000015549,0.000019687,0.000016310,0.000019416,0.000032861,b6d352aa885e926915cc1c7213ba21c34493a2542cd6d83f46c8174bde6bec86
3235,1764562483.0837939,0.000020598,0.000015638,0.000019777,0.000015839,0.000019365,0.000032961,75b840d89380a980c3403cf7ff29ca21183de15018ae04c35cf4a0a4bcc97c2a
3236,1764562483.0848873,0.000020608,0.000014537,0.000020428,0.000015889,0.000019807,0.000033532,a06f4e01e91a5ec2fc8662a032662e9f6ddcc1f178c885eee51b6f7804ef1383
3237,1764562483.085981,0.000020117,0.000014547,0.000019196,0.000015799,0.000019145,0.000032691,1afecb756dbe07e5500a38dcba74d0503eee4e3352dd22915eb7f3508982f8e5
3238,1764562483.0875337,0.000019907,0.000014517,0.000021650,0.000027291,0.000054912,0.000046005,c50ffa0b765044d75e66a7c86ceb3bed363d55e0af977b20c07294f721a8ca12
3239,1764562483.0887527,0.000021340,0.000015318,0.000021369,0.000017192,0.000021670,0.000035395,a5c3e184ffb53561f8042cfa1b725ca27aa96a0f4a928e16cb9007ef7cf2c4d8
3240,1764562483.0900197,0.000022351,0.000015088,0.000021539,0.000017803,0.000023654,0.000035906,a9c151dc618fb0ccdb86175de41adefb319fb8d940b555537499a99a5b30c732
3241,1764562483.0912495,0.000020437,0.000014808,0.000021941,0.000017312,0.000020969,0.000034083,c1042947b10a6273c84781455effa6d5d8345e13583165f7777d063db3ef67b3
3242,1764562483.0931535,0.000022432,0.000014787,0.000021159,0.000040475,0.000062486,0.000079226,c5b19b55d1ca7b8d398ff311e79cb7e0bf2072e15776926a8084ec5f85521c53
3243,1764562483.0946455,0.000020388,0.000014657,0.000018845,0.000016450,0.000020498,0.000034544,793c5a62225b10d2628fac9e13b30585a2b064d43ffe21fb416c24b47846726c
3244,1764562483.095743,0.000019787,0.000014497,0.000019657,0.000016290,0.000021279,0.000033642,147d4e3e3cf431957524ac6155cce36d9c3260c15e469d79cd06630c006a6e16
3245,1764562483.0968423,0.000025868,0.000014818,0.000019997,0.000015449,0.000018334,0.000035195,03c0713b9a22729dfe3bfb772e547a3726efc63d60f5c097bf6b3c6d008b2b46
3246,1764562483.0980272,0.000020198,0.000014607,0.000023964,0.000016681,0.000023304,0.000034674,59e9e2f7dd5b5ca8dd84422a9a0b62591abb0cc25b6874e2d12d855262268c10
3247,1764562483.0992708,0.000021199,0.000014917,0.000020007,0.000017122,0.000019285,0.000037850,374ba7f01f15b1ca00ef9ea185740002a4916f56f5147615dca950d48a08f69d
3248,1764562483.1004887,0.000021029,0.000014547,0.000021540,0.000016481,0.000021089,0.000034564,503f0da3ed1aab716a2cc925e651824d44e785d5e2543522e8e62d1d2bae12be
3249,1764562483.1019704,0.000021420,0.000014878,0.000019686,0.000023333,0.000047738,0.000047808,5fd12271fc1aed4b3a49c5e9c1dcb0dd58e41041f1f340bb167f631f5c5a33e7
3250,1764562483.1031375,0.000020247,0.000014788,0.000023974,0.000016761,0.000021269,0.000033562,079190689cc308f4229a4eadbe99ed435cc2bfadeaa9ae2ef25f92479d72dd6a
3251,1764562483.1043231,0.000022792,0.000016069,0.000047568,0.000016681,0.000022852,0.000036317,e6e87e4619469ef5f77993fa0e2b25b107b0abaf5151564c9768667043786b7b
3252,1764562483.105575,0.000022171,0.000014888,0.000022432,0.000020738,0.000025897,0.000039202,252f2f4581ab2d6ff8a69df6c0d8bde95cc29431716a02c17fdedcb5c5e634dd
3253,1764562483.1067417,0.000021400,0.000014697,0.000019907,0.000016600,0.000022852,0.000034574,08f6edaa83aefe191b023041dc1a091af584a913bdd807a0bc08fa58c05ed348
3254,1764562483.1078262,0.000025907,0.000014767,0.000018754,0.000016160,0.000020148,0.000032871,88306e9054277ad879817aa5cf8dfe08da6526e6741a161fd2d1fc23a8c11b41
3255,1764562483.1092095,0.000021740,0.000014847,0.000019567,0.000019166,0.000030246,0.000038100,ae3b8dd0f3d1f2dfa2f89a1055171ed49da1dd12c7cdf8fa7c11769464ff8094
3256,1764562483.1107564,0.000021259,0.000015238,0.000031047,0.000023002,0.000037639,0.000044081,e1fd95e8b386d4ae82f08297702b925cf25d053192a589370934cf0156b755a8
3257,1764562483.1121025,0.000025286,0.000015829,0.000025186,0.000016851,0.000023083,0.000034053,200f63ea55d549a86dc14cb0fc8f0e04bda2cc296ecc7f2ee5c255cd8133fdfd
3258,1764562483.1132941,0.000022060,0.000015939,0.000019786,0.000017242,0.000021770,0.000035415,cd2879199e6dc322704ae98ac2675ba061bfbc07c93c5c2fd638c91d256e5f53
3259,1764562483.11502,0.000020518,0.000014657,0.000021690,0.000025757,0.000057716,0.000058729,2109489dde251820ee1060a6cd73f9738409c47c886ed551086960b67de8747b
3260,1764562483.1165292,0.000021991,0.000015819,0.000020127,0.000041737,0.000057275,0.000066973,a0195610434e3795388ed686b8e1605c778641e116e8f6b9dcfdc804a8b91604
3261,1764562483.1178055,0.000021089,0.000015539,0.000019516,0.000016070,0.000020127,0.000033202,41f50b02c9af9e7d3f319c0c2543892333592d4eca0c992c5ac9c37407c84e0b
3262,1764562483.1189084,0.000021549,0.000014727,0.000024505,0.000015810,0.000018714,0.000032861,649b0d2476ebfd68777ce8719afd653795829d43c8e05c3c80a737f43abebe10
3263,1764562483.1201236,0.000024926,0.000017653,0.000020288,0.000015960,0.000019426,0.000033031,82c8bc0f34766d76720001072acbd026d89c2af22085d70d112438a4036bbb86
3264,1764562483.121205,0.000021079,0.000014747,0.000019126,0.000015849,0.000023063,0.000032831,99382a63ea59507f899e9f411c51302ebe4ddb123aab087f949c6ea874420bda
3265,1764562483.1223717,0.000019726,0.000014106,0.000023714,0.000017242,0.000022451,0.000038040,afb4256b22346d0f0d48d51d74197b57db3034716a0eab22ddac66e9e3c08f25
3266,1764562483.1236026,0.000024856,0.000015299,0.000027581,0.000018424,0.000020358,0.000034343,4742af17ba899d45d99df8e647dcf5ae1d9c5d70b5f54a3f3813acd066dd8b2e
3267,1764562483.1261873,0.000025437,0.000021179,0.000042469,0.000048650,0.000075519,0.000112278,e178e60bfdcbaedf771d435bf5a9a83c9f74e9d553ff80ff9430c6deb206433e
3268,1764562483.1277854,0.000026259,0.000018243,0.000024525,0.000019586,0.000031138,0.000046826,2d88aaa3bbd23e402f35c54ec56a96a8769784696329f238ef66b5191984c4c1
3269,1764562483.1294513,0.000024656,0.000020037,0.000023944,0.000021640,0.000042258,0.000060551,6c10f7025b4a35924217d8f89d456200362da7f4db677b39a87c5b6d9bc512d5
3270,1764562483.130717,0.000023674,0.000016471,0.000021741,0.000017873,0.000023623,0.000035425,980e24e15c4badcdb9a83152d499dcd623fb1483a4c63a9fbda776c2457ae4c1
3271,1764562483.1321268,0.000020778,0.000016561,0.000032340,0.000018725,0.000027090,0.000038641,9d1d2a47637524da5a75583e2bc7c124ed673e16fad41d48ae16735e597cbb54
3272,1764562483.133891,0.000033803,0.000024104,0.000032821,0.000020017,0.000030567,0.000044782,8ac923467b664bdbc5bef80b3e9527a8b257632bee42847ded182946445544f0
3273,1764562483.135392,0.000029404,0.000016721,0.000024074,0.000018845,0.000028593,0.000045314,56ae7f1beb8c456ed2b473c2ec1cf5f8f599f2a0f4c4d7564bc41f7a7cb38d07
3274,1764562483.136652,0.000022191,0.000022110,0.000021690,0.000017913,0.000023554,0.000035475,36e703a621e0185f921f604a584e4c61cd2bdb5c060d02a5fd1e7f43be166ca5
3275,1764562483.137845,0.000021079,0.000014707,0.000022552,0.000016360,0.000019877,0.000034163,dea89fd27efd8b250a118d6121840bffc97687c17d37c494d30ff740e944d755
3276,1764562483.1390374,0.000022221,0.000014987,0.000020709,0.000018324,0.000023073,0.000041046,efa35aa67a9859d52d9bccae187784017e49ed7b94c7e54157698792973dfb89
3277,1764562483.1402063,0.000020558,0.000014837,0.000021169,0.000016871,0.000022702,0.000035015,38c327d1954878c86bcb53757634d785d93e91e281a24c785135b3255faa7daa
3278,1764562483.1413624,0.000021540,0.000014627,0.000020438,0.000017442,0.000022232,0.000037600,e811d451874a3afd6993fd92ea8384d471aba277a0d177417429e887f925ff7f
3279,1764562483.1425412,0.000020998,0.000015309,0.000022251,0.000016470,0.000021219,0.000034374,d5da1189f3fadc5c68a24ad70197dee02e05428d2ef74d853e51c51fc7691921
3280,1764562483.1437645,0.000023083,0.000015599,0.000022682,0.000017563,0.000023052,0.000037931,bf82fcbac018d01042facf02ee465c8c4eb12ce3a4b334c277e752800650b8e9
3281,1764562483.145178,0.000021840,0.000015719,0.000058969,0.000018755,0.000026479,0.000040124,c91615f90f0612dc68d6bb0ab87c16184a78bae2010c9be1d4afa2d7c1bdc5e8
3282,1764562483.1472938,0.000025337,0.000015469,0.000035346,0.000025597,0.000052668,0.000051405,66df539e045fd88974b8828a33bed8ac06d733df8538ed8d7fb2be97823da74b
3283,1764562483.1494162,0.000044442,0.000030216,0.000026659,0.000025247,0.000054381,0.000054300,3f091575cbe1d8057f4bc1bdd4cbfea5bcca4c8c5f31e3ef55804f15b4220f32
3284,1764562483.150916,0.000024015,0.000015719,0.000027681,0.000019616,0.000036147,0.000053288,6b55913f4362320ba7c76822958a3fff39afdbe485411fba1ae0503911cd0736
3285,1764562483.1526299,0.000022542,0.000016280,0.000046165,0.000023754,0.000044191,0.000063277,e068fe7f60cb0ca660b739a539cc713f996693dbae5876dc6fba3a162fdc703e
3286,1764562483.1547215,0.000035326,0.000028393,0.000028082,0.000024986,0.000040074,0.000064690,ff33cc419475c69367e29aea58c141081a335d99951a05b4b4f348b5eae4e25b
3287,1764562483.1565304,0.000033161,0.000018253,0.000029896,0.000025627,0.000054270,0.000072233,fe2ed804b40c2a8aba2c773d277443e37feb2c20e564bb3f6f3dc703924fc3a9
3288,1764562483.1581469,0.000027711,0.000017533,0.000033361,0.000020718,0.000038281,0.000046826,53d49409dc73929ad8025c4ab26cbbc286021bc30fd916bf5ca0e9e2e4546ef1
3289,1764562483.1603754,0.000027150,0.000017442,0.000028723,0.000025277,0.000050493,0.000048509,23c74f93320d9d4864df75466db19a91ca4696ec8e7f2a9f6e61ecd758b8941a
3290,1764562483.162736,0.000025768,0.000016501,0.000049271,0.000026700,0.000061503,0.000056795,53420a9291f0337ae9154c2a626048e9982eed3685ead606358046a7ac10e4db
3291,1764562483.1654363,0.000036207,0.000018154,0.000040575,0.000049972,0.000084265,0.000148695,623d9cdc8bae00877d467f66aa40cb6b73639f2b8d0a1b7f91e0e15ec6254c6e
3292,1764562483.1681151,0.000050203,0.000032761,0.000035385,0.000026960,0.000063717,0.000059570,dcfc017849e585e94a77e7dc9730044f6a500ebc0ac7fc660ba4a0cbb9502498
3293,1764562483.1695955,0.000027631,0.000017722,0.000021550,0.000018935,0.000028713,0.000044823,0f710db21137a3e003c425cd91867f60771ddb382f4a2de365ed13fe6c4ef0c7
3294,1764562483.1707566,0.000021871,0.000016220,0.000019787,0.000016370,0.000022041,0.000034023,967cd74b15deb8d52fbe8f1c19872863f47e28cdc2d109536d5e79a13469b03c
3295,1764562483.1719718,0.000021730,0.000015038,0.000021059,0.000020709,0.000026218,0.000042078,0f27aa1ef5c3a973b8631d242a1589d4d233d0afb7b441adbe16f3be4570e0b2
3296,1764562483.1730928,0.000020728,0.000014747,0.000020638,0.000017272,0.000020709,0.000035376,dee4a9389dc0e53e968558699e7e8a7a2db4b4da5d70149007eeb4e210a07fb7
3297,1764562483.1741893,0.000020358,0.000014297,0.000019226,0.000015820,0.000019506,0.000033101,49453d323b7528b94b00d046202495a8f906f4196bc0b53672e1ce55c9d88249
3298,1764562483.1752708,0.000019847,0.000014527,0.000019266,0.000015419,0.000018905,0.000034403,e299fa39796c965a59ec0c2fadcfe51b2c7904724d6a6ca64f37d268a014daf8
3299,1764562483.1763306,0.000020198,0.000014347,0.000019135,0.000015558,0.000018554,0.000032961,025be2110e8b65d3e0b58f76c040f3e081dbf571ed293e46af96ffd7b51d691e
3300,1764562483.1774068,0.000020347,0.000014377,0.000019216,0.000015598,0.000018985,0.000032771,b0f9e1628338b39825f587e66fda84e9e1ccef8d525ebd45af0f029c4c030fe8
3301,1764562483.178532,0.000020779,0.000015138,0.000019086,0.000023794,0.000019857,0.000039132,75f106ae70cd46f135497eb9110ec4577709064bde073462f46e4c3826e05ce4
3302,1764562483.1796885,0.000019917,0.000014898,0.000019185,0.000020177,0.000025688,0.000043861,c04c039ed77a10deb0418871eb08ebcdf9aa612e26719decee32312e97967664
3303,1764562483.1808424,0.000019766,0.000020037,0.000021791,0.000017152,0.000022531,0.000034283,51aea1022e8a8e2cd2540f2901814a8facca8d2e593408ca211353d3f62b460d
3304,1764562483.1819599,0.000023524,0.000014937,0.000019295,0.000015740,0.000019506,0.000033572,57754eeadf5eb248b8e644ab9a981a677eafef9b5ee0f79588b76de421234d3a
3305,1764562483.1830153,0.000020147,0.000014627,0.000019115,0.000015418,0.000019206,0.000033262,d20711e55f8c85d12388cbcba1b66564515761c5644d47e9f17ce0b8085eb0a4
3306,1764562483.184137,0.000020708,0.000014728,0.000019727,0.000016260,0.000020037,0.000033321,7cf3930d669be70f77fde5343ad46ed225a5a46a330155cee74f6dd07e51404b
3307,1764562483.18522,0.000021360,0.000015489,0.000019025,0.000015709,0.000024415,0.000033742,1fd427beac9694815c79b5e549eb1d0923f5e0ee64555e3efed76ca0191abb12
3308,1764562483.1862628,0.000019976,0.000014297,0.000019586,0.000015329,0.000018895,0.000032711,fe983958133f1f5633f8e4ee10d0241817809ed92a9fe9857e9d10c213097952
3309,1764562483.1873171,0.000020157,0.000014387,0.000018755,0.000015378,0.000019046,0.000032731,83ef0aa859ac7191e5c82b01905d9e5af8c34bcbb48603e3584f513beb56974d
3310,1764562483.1884687,0.000020508,0.000014567,0.000019396,0.000016160,0.000020508,0.000033542,be9812e0c43f7b9c7a9da056cba0a5763a4bd4be4ecb6afcbabef0a5d827cfc4
3311,1764562483.189592,0.000020588,0.000015198,0.000019156,0.000015759,0.000019767,0.000033202,53e9b44369b2a9d706e4557f9e2b1d34dddef833d8ca8d80508b59b86bcba8d4
3312,1764562483.1906574,0.000020237,0.000014386,0.000019496,0.000015489,0.000019256,0.000032230,fd14a4c5d6dbfc01bcbca4311b20bf36b74987f994b3edb02a5544a807192d5a
3313,1764562483.1917195,0.000020457,0.000014567,0.000019175,0.000015339,0.000019125,0.000032641,aa1a274cf6730bf3aa382f4c59717b06342c88be09d44221d67f97c6a648ecd1
3314,1764562483.1927645,0.000019937,0.000015519,0.000019126,0.000015579,0.000018193,0.000032601,6609f828e65ad42ae596b7165be76ea0c8421cf6a8eded57243b58a1d1aa056c
3315,1764562483.1939144,0.000020568,0.000014617,0.000023514,0.000015939,0.000022772,0.000035906,a0380e303df65f1a9af5119da051569d0744694f67befa13954f636672ed5a96
3316,1764562483.1950257,0.000021961,0.000014587,0.000019065,0.000015689,0.000018735,0.000032880,c327e2d6bed3f3626bd79c51f0a165229dc9026a6064b552b86c4c83c1d73552
3317,1764562483.1961603,0.000019366,0.000014136,0.000020197,0.000018153,0.000023203,0.000043370,037ecfe42c745b913c3393692253de4811ef8ba4979235b88ee0cb763cb0105d
3318,1764562483.1973205,0.000020948,0.000014817,0.000021610,0.000016872,0.000021780,0.000039333,ac6bfbf9c536ed85286e6be225f63c8229ef103c1d66cc1df6cf373049960e52
3319,1764562483.198444,0.000021359,0.000014596,0.000019425,0.000015358,0.000018645,0.000032901,9fc061189d77f5971a5374341e88e22d1f3e517112b501d3f2ea83a8fd381f6f
3320,1764562483.199527,0.000020117,0.000014507,0.000019055,0.000015319,0.000018574,0.000032670,20d76536cee5ac37f00b3bdf58367914160ae861dd1108f5fa4e686f187adf6b
3321,1764562483.200586,0.000020387,0.000014457,0.000019095,0.000015619,0.000018795,0.000032640,c23957fdbcaa0ae101ea019bc4a89a3718a8a27ce302f444182e7bda99846793
3322,1764562483.2016675,0.000020618,0.000014176,0.000019797,0.000015840,0.000019175,0.000033833,208cf43c81bdde97c9fb08c731587536c65b23317b6283f9344e82cb3b58a354
3323,1764562483.202723,0.000021349,0.000014847,0.000018965,0.000015519,0.000018574,0.000033051,195d3b931b97a2dfd01588415b2ef1948510d392d74cd0daf7978124169db525
3324,1764562483.20378,0.000020468,0.000015047,0.000019065,0.000015058,0.000018454,0.000032721,485abe548cda0b24d3f650a72fcb886a9fa94e21d63fa5096ac78d712f35634d
3325,1764562483.2049577,0.000020698,0.000014717,0.000020568,0.000016281,0.000020668,0.000036568,cc688bb8d8045d410e59ff3de01c6f70007de89c83546a814abd4fb38ebc06f7
3326,1764562483.2060695,0.000020187,0.000014587,0.000019606,0.000016450,0.000020908,0.000033683,678aed88c8ffc148e10a092cd288944407448224b2a43a86c8d5f9e8d86d94d2
3327,1764562483.207174,0.000020027,0.000014276,0.000018875,0.000015820,0.000019426,0.000032941,d4243c7aa99d4e59bda9d5efacfa3e63cfbf2c5e295a414632bc5b7c8807c0c5
3328,1764562483.2082655,0.000020738,0.000014407,0.000018484,0.000015278,0.000019316,0.000032630,bf9e4d1c80d5bea54f13543e6fab536beba3b86c87cb1af9db44235d7608b8e9
3329,1764562483.2093039,0.000019927,0.000014287,0.000018975,0.000015328,0.000018714,0.000032591,0be86a84fe10268f62214b69a4231f7dc3570467bd5cad48344b7de893be01a0
3330,1764562483.210356,0.000020628,0.000014387,0.000018985,0.000015349,0.000018734,0.000032750,5cbf27458358a2ebba842e47f8df88040edc967ef083eeff21603a0f805d34d3
3331,1764562483.211413,0.000020107,0.000014246,0.000018525,0.000015588,0.000018314,0.000032771,0e1b7e1b6de32e31a20763146a36eb49205a1a167a189e0fc27bdcff5ee91c64
3332,1764562483.2124507,0.000019867,0.000014166,0.000018875,0.000015439,0.000018334,0.000032600,77ba239637be85cb80b79b53805568a56ad0b3142b70bd9e97deb03d743ec1ea
3333,1764562483.2136497,0.000019597,0.000014066,0.000021439,0.000017823,0.000024486,0.000036237,29f51056a8dab2bd37a63411f10bc3d5d550fceac5816795169391f66a49ebc4
3334,1764562483.2149389,0.000021600,0.000015268,0.000018674,0.000016220,0.000021018,0.000034283,783f76387601ddf99c94c0ae425e890ecb51133fdd34ad09705aab8e60d4c07c
3335,1764562483.216065,0.000019997,0.000014877,0.000019125,0.000021429,0.000061113,0.000033031,1dfa7abf01141740f235e6040e8531a23e8d9a811d0f724bcf0a8eb444d61de8
3336,1764562483.2171497,0.000020067,0.000014316,0.000019165,0.000015619,0.000019386,0.000041356,039a136938772b728986fa21eef141ed52f6eb739725ac0e2d0667e73bf2b06f
3337,1764562483.2182114,0.000020097,0.000014266,0.000019115,0.000015629,0.000023714,0.000032670,ce44140e5bcc62236ee5bc89fe03763bec6738ac90a9c1fe419bb15c752929f4
3338,1764562483.2192526,0.000019636,0.000014126,0.000018835,0.000015629,0.000018475,0.000032921,f77b9eefc37ffa65f8c45d870c3861a346487c8cde4ab8634636b0e0562b0091
3339,1764562483.2203066,0.000019746,0.000014777,0.000019076,0.000015078,0.000018945,0.000032690,86926b6fd0a5d38ad3a9506736e58bf0c3aceebe561e0c9a058d657e740708a0
3340,1764562483.2214801,0.000020007,0.000014406,0.000020648,0.000016351,0.000025517,0.000033903,caddf9a9b2c202dd1111983c3332fbc94e09249e166cc2543d2868f26f2ec444
3341,1764562483.2225716,0.000020148,0.000014377,0.000020158,0.000015909,0.000019265,0.000034474,27261e5e95e9012e6d55709dfece39f644a4de19535d4ea210e3c3432dd75257
3342,1764562483.2236412,0.000020027,0.000014226,0.000018875,0.000015669,0.000018754,0.000032641,4cecb3c22a664e695a6dea412cb6026738297d1e05b0692701640f32d02ddea3
3343,1764562483.224697,0.000020708,0.000014517,0.000018654,0.000015349,0.000018754,0.000032631,4cee3abea6652fa53646890128dc3be66573e5af7fc2a2a52cd144399b98b6b9
3344,1764562483.2257464,0.000020718,0.000019406,0.000018805,0.000015499,0.000018554,0.000032601,f4b79650d765ecd37958efc52dfe60c3cbe8be8cbf87e45964e393436273d0e8
3345,1764562483.2268057,0.000026750,0.000014637,0.000018705,0.000015649,0.000018885,0.000032680,fe0c8043ce435b83fed4a39f8c10e9d91c7bd4ddd4ca65648ed182ce514f5d5e
3346,1764562483.2278633,0.000020408,0.000014487,0.000019096,0.000015368,0.000018624,0.000032641,16184ec49f1c8b91fe09c31f568edcdba6bc5319f7f060a7af348c9815795f2f
3347,1764562483.2288916,0.000019887,0.000014237,0.000019105,0.000015429,0.000017873,0.000032600,113461c984e6cae58624c08108c2f509069e40fbcfb9be6a61b5228539ea7aec
3348,1764562483.2305322,0.000019506,0.000014126,0.000024606,0.000022652,0.000045905,0.000050935,d37df6307437c7ad463fd131f0f9a921b2b71e125c1d94001fc69db6f52e7e6a
3349,1764562483.2320178,0.000022772,0.000015750,0.000019676,0.000033752,0.000044402,0.000067495,5ca8ea32b826b4004113b344b7a66cc71b9b717901aec70609d4dbdd5ab61c87
3350,1764562483.2331188,0.000021881,0.000015028,0.000019315,0.000015799,0.000019376,0.000032821,de18c8c8a757d8b4954e65fc8740422777b59818e86f6677644c45a60a0b15c4
3351,1764562483.2342427,0.000019706,0.000014286,0.000019907,0.000015589,0.000018935,0.000033773,87b4d163d4ba25a9c4d8ae145d30550d7522dcf2324d2f5439afbc2885cf120f
3352,1764562483.2354047,0.000020478,0.000014907,0.000020297,0.000016992,0.000021640,0.000033903,192572e6e5c3ff7a5ba7e159e0f65028757da13f68ba7a8a68b506f1df7a02af
3353,1764562483.236577,0.000020648,0.000014738,0.000019666,0.000016230,0.000020368,0.000033192,749dc1ee84829aceda9883ce02f2ab245580539f39d1c481b4abbcf37b2e15fc
3354,1764562483.2381554,0.000020087,0.000014918,0.000022892,0.000027511,0.000052968,0.000049271,dba976e4d243833e81164140bd770e1bdafe836992aee47b57c44e8270fd653c
3355,1764562483.2394054,0.000020588,0.000015028,0.000020408,0.000018434,0.000025367,0.000038712,d5ba01d1129086689806bda2a5701befd44d05199c1f52a508b19f37bcc74c6d
3356,1764562483.2405007,0.000020528,0.000014607,0.000018865,0.000016220,0.000019847,0.000033432,3f81d5aec8530a08f022c5018d0e34e1904773315f9691f03e187dc7aa008bb4
3357,1764562483.241787,0.000020197,0.000014376,0.000019225,0.000015910,0.000019245,0.000032239,724a8caeac024953f233d31a66c1a4f487129c49f92bd7179e3f06a43997ef77
3358,1764562483.2429183,0.000020408,0.000014526,0.000019226,0.000021871,0.000058889,0.000033221,09c62d4511ffc4065e82026b67fdcf77ae5c407bd094925fe1f5512769a898bc
3359,1764562483.2440746,0.000020528,0.000014197,0.000019105,0.000017222,0.000025066,0.000036878,9986b804ab4e79e3e40f50bd36fe5733ff84cdde9475a70d56af848172eaddbf
3360,1764562483.2452552,0.000020368,0.000015870,0.000021109,0.000016180,0.000027821,0.000033352,88bffb999b68e8fd355f26ba00e4a39f5d20d307b881b07a40d93b40a5625734
3361,1764562483.2468493,0.000021250,0.000015108,0.000022121,0.000033882,0.000043791,0.000071292,dc9c8035e96df583223f792361f9910648b977c6e3357e734db3ad59a6fe6a23
3362,1764562483.248123,0.000021860,0.000015409,0.000025157,0.000023013,0.000026619,0.000040184,4ff64be48ca6835575616999ec59aed3d1d134ac6be4948e07537fb0449252f7
3363,1764562483.249387,0.000024135,0.000021860,0.000020237,0.000019265,0.000024525,0.000040525,6df0a5facfd71be9ce4c9e42cad88c25ab20974b71f2af591a2115fcd1a54957
3364,1764562483.2504973,0.000042759,0.000014738,0.000018925,0.000015699,0.000019396,0.000033121,d0f913f4e5f285a788c132ce43384cf44e52d97af76b5a10657615366e547d8b
3365,1764562483.2515564,0.000020848,0.000014738,0.000019236,0.000015639,0.000018664,0.000033712,bd06e20e01f5962e6a501f2485fe06adb5eba05bac1bbf60678a1f56c3973b83
3366,1764562483.252685,0.000020387,0.000014707,0.000019316,0.000016430,0.000020457,0.000034454,e0a24bcdb3fa1b6d370aaac02bd66694221ecc1f5a557cf8d878bebea5be9e56
3367,1764562483.2538047,0.000020187,0.000014747,0.000019135,0.000016821,0.000020788,0.000033302,5d6ebd527c10bb7177eaacce641c0f1c1575a3b9e02274935981ea3d3862a610
3368,1764562483.2548819,0.000020749,0.000014918,0.000023934,0.000015880,0.000019125,0.000032710,9c75e2e6e17ba246a56e5136f50cc47d69d915fbef4c7bad347e39fcc47bd812
3369,1764562483.256047,0.000020017,0.000014697,0.000021459,0.000017011,0.000020919,0.000038310,c2e8b8a9f339b5dd656f93dd23ca4200ae683933a3ad185da01936cb8db73cc6
3370,1764562483.2571843,0.000022000,0.000014918,0.000019425,0.000015659,0.000020768,0.000035926,40e5e3b867b01e50e11ba30f6c5cf4f569d3c9150141a4b1e209b88e277d82dd
3371,1764562483.2582567,0.000020658,0.000014988,0.000019035,0.000015658,0.000019305,0.000032760,7047c6fd520cb7241f19cef6cdb975a8875f7bb7b82f70552106a7b74d6d6374
3372,1764562483.2593203,0.000020117,0.000014867,0.000019646,0.000016090,0.000018745,0.000032621,090fe9785918659cf40c95381b696343b0f694f11907d94a42bbce2a8208d5c6
3373,1764562483.2603922,0.000020418,0.000014367,0.000019195,0.000015529,0.000019717,0.000032961,be91c20011a3397022e302fe6b3debd9789e4fdf11751894ec88a1dc98382fce
3374,1764562483.2614622,0.000020177,0.000014487,0.000019516,0.000015428,0.000018284,0.000040164,d5aa6e24bcc234ad37730cf890208485518edb200ef0d91c17301299a210548f
3375,1764562483.2625756,0.000020659,0.000014627,0.000019266,0.000016730,0.000022080,0.000036798,043fbefb3c6b55ce65ca3a553480df57266343f48574d5c48219b28ba3b58afd
3376,1764562483.2636604,0.000020949,0.000014627,0.000019697,0.000015869,0.000018915,0.000032931,547ae69e8b6c64e65e842e5cc1d39e7218f05c8efae7f4815909ac72a361dc7e
3377,1764562483.2648094,0.000019816,0.000014497,0.000020407,0.000017402,0.000021400,0.000038120,ef18a17b076e09ac11f0644d7dc6be3354fca4b82d1dd96025a501391306d6ce
3378,1764562483.265912,0.000021480,0.000015018,0.000019005,0.000015869,0.000019787,0.000033421,20e556208ce41b6b4ece664b2e5220dbc53296be130d2bf2fdd5ed142f9f99ae
3379,1764562483.266982,0.000019977,0.000014437,0.000019076,0.000015509,0.000019065,0.000032660,42b9877a893e15e1c73a863acc60268e4c1eb06c04157cd093fa8a6463385a2a
3380,1764562483.268066,0.000020327,0.000014447,0.000019306,0.000016370,0.000019587,0.000033392,7ecd7a7afad19ea4fccc574a81d36107ebfbaa460e0c0aa3f28dc4f6e7bdc138
3381,1764562483.2691307,0.000020719,0.000014637,0.000019416,0.000015628,0.000018915,0.000037710,b6a440b6ec2165b28134b171891103d4a82b66f42fae6a30c3ae741e6003da34
3382,1764562483.2701814,0.000019576,0.000013916,0.000018754,0.000019957,0.000018284,0.000032670,961afa7d924873239021f08739f3d9225a4d667bc0d4a8d18bda0de7b05a21b7
3383,1764562483.2712514,0.000019336,0.000014346,0.000019126,0.000015719,0.000019366,0.000033322,482d9315642eb6139b01ff2a9984f3d7639311c319e57dc1a6837c0097d2637e
3384,1764562483.2723446,0.000019887,0.000014647,0.000020658,0.000016180,0.000019927,0.000033542,838f427b20cd55d986951cba16a7d924fa814cd76b2328e3adfc81e2da8222ab
3385,1764562483.2734795,0.000020338,0.000014678,0.000019195,0.000016991,0.000020868,0.000033672,0b832f8d85ed234a6e8df8be988ee7ba142a0ec508f15fdbe990fcede486dd53
3386,1764562483.2745435,0.000020067,0.000014757,0.000022963,0.000015578,0.000019255,0.000032630,1d044d3c87303970215c41645640761fffd0300858c8a0b2f47093d45df5c34e
3387,1764562483.275748,0.000021810,0.000015258,0.000021250,0.000017012,0.000021039,0.000035546,a4aff7099d476e2dbaeb138c8e60e348c05e3d880c0d1e27d461d56d1afc9300
3388,1764562483.2768228,0.000029345,0.000014978,0.000018845,0.000015679,0.000018835,0.000032340,dc4b3ddb2f9dced405844bef5d0df05dd55f7e36747852ac07339d3d0882380c
3389,1764562483.2779112,0.000020408,0.000014767,0.000019376,0.000016080,0.000018965,0.000032851,71c9af757123e453bb8a942affbe32b0c63d77f77654bf3fa208fb59f2b8e4e7
3390,1764562483.2790246,0.000019476,0.000014948,0.000018985,0.000015910,0.000020107,0.000032961,5648df9196a5b4cbc8336fc6669fe06b8d5ff560f48cadfa0a438b126cbba8ec
3391,1764562483.2802148,0.000019797,0.000015309,0.000023183,0.000016851,0.000020789,0.000036618,045578ad0e645c8c0b98bd90f433e88223c2dd9faed3d58585ff4951abbfac8e
3392,1764562483.2813108,0.000021459,0.000015659,0.000020007,0.000016069,0.000020107,0.000033231,b674a9855af574453c18a0054942ebe1a3f85cb426530e41ed578ad01817080f
3393,1764562483.2825341,0.000020318,0.000015208,0.000030847,0.000016731,0.000022251,0.000034594,006c7743e37f54cd6c25554994cffad9b0be30ee9d50c9b5deb0197508b07cfc
3394,1764562483.2839706,0.000031018,0.000022672,0.000030175,0.000016851,0.000022170,0.000035866,223e6566c3f0da5c94af60cf66232828af190d1cf62c2b5ecd91d6db95ef2f5a
3395,1764562483.2855024,0.000030276,0.000020207,0.000031899,0.000018304,0.000025547,0.000036767,bbc558de53e0f94c99bac6a86c3ba8eb647a93f7dcbd774e150abac1ce6ec624
3396,1764562483.2870526,0.000029364,0.000022311,0.000030697,0.000018354,0.000026889,0.000039473,0e33e15419025ab54a507169fb66a1cc5a758f59fd098c23de3bf57f4bbce561
3397,1764562483.2888417,0.000030336,0.000021820,0.000035475,0.000020057,0.000028432,0.000041547,7967366f6a2fe727fa4f1a891ad22988f8feb20bf49c735671b3590f37fc76dc
3398,1764562483.2907462,0.000032109,0.000020818,0.000041677,0.000020378,0.000041056,0.000059049,4a5855bfa918b083ea464941ccc71a76f54c71e279ba1746a52068b243b168a0
3399,1764562483.2923872,0.000031408,0.000023253,0.000030236,0.000020598,0.000036848,0.000046015,5cc7142215fb0d0c4755c30307edf5ff7f4006557e61d2452c0337c3b850a521
3400,1764562483.293869,0.000026950,0.000018134,0.000022441,0.000019055,0.000026029,0.000040786,a81204c7677eed282ef959a111499e5f47414bc7686f61cabd1a3cf2cbe1c66d
3401,1764562483.29572,0.000022151,0.000015589,0.000024035,0.000031198,0.000048760,0.000081450,929461a294e0461e4cfc8d3feeb3f943acb862302c41d07ee764d795a7e6da24
3402,1764562483.297703,0.000040034,0.000019315,0.000028452,0.000026098,0.000059510,0.000055773,9b808d31456bb516b16b41029de580b262464a0f700136e4df8eb7faa1c89d33
3403,1764562483.2993162,0.000024636,0.000017593,0.000024545,0.000024185,0.000038701,0.000059891,9714c30203b675093fd9172f48728ab189f8d3ca0dcb5e83b3ab238fe4dff0ba
3404,1764562483.3006651,0.000023904,0.000015859,0.000022431,0.000021240,0.000031648,0.000052707,4c60fc64360342033d282785b4741a1352531b87871dc8f62f492b54f66c56c0
3405,1764562483.301922,0.000023724,0.000015468,0.000025648,0.000016761,0.000024145,0.000037480,beaa5248e4fcb1d935420744972584de22a614157b606f9b3a515633fa02cd4c
3406,1764562483.3031688,0.000023043,0.000015318,0.000023073,0.000017041,0.000022973,0.000040865,b4f4f4a31bd876dce59843b51e238d625c2deb3146764476bc33fe853b8b1700
3407,1764562483.3047924,0.000021740,0.000015178,0.000083294,0.000018795,0.000026279,0.000045714,c0ff4147633bff52878c680fbd25b174c3784615467d125583a0d7b2ad930eaf
3408,1764562483.3072448,0.000044753,0.000045314,0.000042338,0.000031829,0.000061554,0.000081911,749b339f67320df53a42934ddb04d737141d7f18509bb89a3a417acc677e58a9
3409,1764562483.3093078,0.000034884,0.000021269,0.000063458,0.000023753,0.000040575,0.000051916,cb4dc41a7a5c7cd7019566d798156fbe9b4f3400b6f466f91d5c1979ce49663f
3410,1764562483.3123987,0.000039523,0.000020378,0.000041657,0.000046927,0.000089195,0.000130411,8b2faa1c59bbcec90d42b0503769863a668952b5bacbc0cb28e16b569608d0b1
3411,1764562483.3142405,0.000030186,0.000018925,0.000024255,0.000023964,0.000047317,0.000053429,8a81fbd484d86714363eae52742d627b777a449e96ecd0ca9bffbf8fbeabfbca
3412,1764562483.3155177,0.000026930,0.000016180,0.000021149,0.000018223,0.000025266,0.000037810,c601dc64d92f164095e23e225d2c8c782d1aa522ac850ba1852d6e0cc2e1de76
3413,1764562483.316955,0.000020999,0.000014768,0.000056464,0.000018194,0.000020779,0.000038481,7de3fbe5772c9f5d0d3a5a527611f91566cb5a98af5a53deec70423c71362df8
3414,1764562483.3188295,0.000044983,0.000030947,0.000021951,0.000020467,0.000033471,0.000044712,ace3cd80fac3a9673fe766bd110b0aebfcb625baaa7b32fc1ef9542a65445d42
3415,1764562483.3203304,0.000028452,0.000023303,0.000023464,0.000020838,0.000026248,0.000051215,46e7515e9e7c42b25ec75e383fc9648176abc0e7ee808ca9775f13bb89bec4bb
3416,1764562483.321543,0.000021961,0.000014948,0.000020628,0.000017232,0.000022342,0.000045734,e79bba134c0d281a0bcf88350437b994eee7e2e70288f92af0cd9caea6e64d3f
3417,1764562483.323059,0.000026539,0.000023653,0.000023323,0.000019286,0.000027010,0.000050573,fc698e53b7b2e46485a55174740860c6ba75d530765541836fe145f5e13d3710
3418,1764562483.3242004,0.000021179,0.000014708,0.000019947,0.000016080,0.000019617,0.000035756,953892399338c5066eead67151e80b1c43789acd3b14d31c8101ace404c729ee
3419,1764562483.32537,0.000019866,0.000015128,0.000019947,0.000019827,0.000022091,0.000034905,8fc5213be055b2ae122a989f9680081135f8fbe727eb6c485264d9982850ac43
3420,1764562483.3264773,0.000020307,0.000014586,0.000018935,0.000015849,0.000018825,0.000033432,cf1051c885b7a058565222dc0e1658917acee5de8e1d25452d8f6ceee7fe0600
3421,1764562483.3275526,0.000020558,0.000014396,0.000018965,0.000015769,0.000019135,0.000033753,55cfaf287b4d0eb5a1b420ff724e467d64441fb8a70dfcc72c64f87ebecd877a
3422,1764562483.3286223,0.000019906,0.000014637,0.000019145,0.000015609,0.000018775,0.000033582,39bc84a75ce9d6a0a7d30610dab94c1f5a1c90babc77f0873a5ae1798121380d
3423,1764562483.329795,0.000020788,0.000014016,0.000024104,0.000015639,0.000018925,0.000034364,577df48ca97e682c03f288da9a2fe9dfadffc9413b9bc539efebc29b0e123d0e
3424,1764562483.3320017,0.000026770,0.000017853,0.000022812,0.000033612,0.000058188,0.000062836,164ec140331cd76be3e922ab769ebe2d659235c32ff87f0968b9a68545122f41
3425,1764562483.333181,0.000021911,0.000015118,0.000020157,0.000016851,0.000021670,0.000033632,512021a1bfa915115d0ce02bcfbb28395e7555906da95047c3ab35fbbd508031
3426,1764562483.3343196,0.000021230,0.000015007,0.000020868,0.000020969,0.000021881,0.000033703,b2d55c02c550d988d98ed21ab7acfef612553a8bc02ef6986cea916021d76d58
3427,1764562483.3360467,0.000020378,0.000015028,0.000028212,0.000033101,0.000063286,0.000064188,166ce64d5a85083c5cc963247b432c2ce4e7444d32770d8a9cfd5aa4827eb369
3428,1764562483.3372889,0.000025287,0.000017533,0.000020428,0.000017071,0.000023002,0.000036818,6caa8ed8ced7df032158caa6574dee599d3e5457728c6aeef40e85afa5053b48
3429,1764562483.338587,0.000021189,0.000019577,0.000020618,0.000019035,0.000025577,0.000039693,4fef285c37444cfd7b695d09ee5364b8815e3a34365337a59a88bd7f65689319
3430,1764562483.3403103,0.000021310,0.000015489,0.000027160,0.000037048,0.000058709,0.000076080,779e867184a9a156db3791afca333550a9bff21569bd6a17f5770f18f16d2e4e
3431,1764562483.3416753,0.000023133,0.000015920,0.000024074,0.000018985,0.000032510,0.000041016,188b1bd2d99fce1892d921c0bc1de8a7836d7b9d1dc44f3f1b1c98cf73a56f91
3432,1764562483.34289,0.000023163,0.000021018,0.000020167,0.000017012,0.000025898,0.000035606,7cfd6c9795c20d61fd7fc4499888984459a9dab3b76a8bded8bcab52f1c889f6
3433,1764562483.3439922,0.000021600,0.000015018,0.000019115,0.000016330,0.000019926,0.000032981,c72247c9a97edc93e3dd8d98a11901d84cc1ed0d49f907f31b08c4884714c7e6
3434,1764562483.34532,0.000021420,0.000014947,0.000027691,0.000018034,0.000035536,0.000038561,a48c7df1fc6bb3a837033c09ce9cf32b65e7de7983ef34153729d99b504cc250
3435,1764562483.3482063,0.000023273,0.000016671,0.000066723,0.000035195,0.000075640,0.000122206,fc0c9d6651c6455573608a73e309be515c839d65a46613a009f70d471de20869
3436,1764562483.349973,0.000036357,0.000019636,0.000021680,0.000021489,0.000037810,0.000043691,f1e2e7d067be4fa2f19d0418f4ea6f4ff002600393df061b354727ce59031fb8
3437,1764562483.3513708,0.000026569,0.000016640,0.000021339,0.000022462,0.000047267,0.000062445,297da30e56d54e5c7f0d0bcc36a5b50aef1d4f555dbb04b0c4e259199b7f8345
3438,1764562483.3525782,0.000022301,0.000014607,0.000024636,0.000022762,0.000020518,0.000034063,43954c07d653e3f8d242a11de3e0a0047f1130a4d77344c14634f2ab960f0c12
3439,1764562483.3548512,0.000026559,0.000019677,0.000062646,0.000028643,0.000049211,0.000059520,64e2630823417f28827407263db44f81d37a37b223d66274f5fdd583ff0fadd3
3440,1764562483.3564935,0.000036347,0.000018794,0.000024846,0.000022161,0.000034544,0.000046186,c33d4a1b42d53ffa68520c232fcf6b39c24c1905aa814cc15e5433548cfdcf7b
3441,1764562483.358847,0.000021390,0.000015048,0.000020758,0.000048660,0.000085437,0.000085178,2920f9e3e839b6ca7233b8fe14582d33667cabb63e332be5083b27c79e5ec0a6
3442,1764562483.3600357,0.000022662,0.000016311,0.000019186,0.000016811,0.000022963,0.000034243,c8cd5f7183840a2573028e7d1c3a1969418d193ee5390d3fa15820c20119cbdc
3443,1764562483.361303,0.000021119,0.000015038,0.000018976,0.000015990,0.000019015,0.000073706,ac2a30cc9229233309f90f5622c6edb9e9aada526e4cf3626a2a167ef58289ef
3444,1764562483.3629377,0.000020147,0.000014256,0.000021770,0.000036186,0.000047888,0.000071091,85268c413def0f6a1eac0989924458d86ce6c9aaa4da1afed06fd104ad8dff17
3445,1764562483.3642063,0.000023714,0.000015298,0.000022371,0.000017392,0.000022392,0.000035396,61eb2f5a143b4eb511ed4c38933e8f49d023cdfa66e0d548d42b8dd4574b9650
3446,1764562483.3658555,0.000026489,0.000015328,0.000022612,0.000019546,0.000034594,0.000040274,244f6f3265e13fa29e85b8eb9c51d5c1d88794a181188c474d6130bba087f693
3447,1764562483.3671436,0.000024595,0.000016451,0.000023694,0.000016501,0.000024625,0.000033933,8c5f88fd4cd0951f1c7d417d4d21f8552b762cce36b8759c3fce955676cbef56
3448,1764562483.3682742,0.000023624,0.000015749,0.000019456,0.000015799,0.000019616,0.000032871,0ca2bf292969752d08a82cf5d5f62e5d75e910c49d66fbb6f2eae024cb94b369
3449,1764562483.3693519,0.000020999,0.000015209,0.000019416,0.000015719,0.000018815,0.000032711,81c503ccba1169167265161a4cf26e105c737b72a2eeabe4652cb4c1b75a03db
3450,1764562483.370423,0.000019847,0.000014366,0.000020678,0.000015679,0.000018905,0.000033282,25ea638eaac0346170ad43c45966c35b3bc926da1e28919c19f05ee43e0ad444
3451,1764562483.3715613,0.000021019,0.000014557,0.000020007,0.000016811,0.000020528,0.000033713,6f0d8282cc987707eeb89f515e8aff3b876df6d66d783c47e3634a0483b5467c
3452,1764562483.372895,0.000021179,0.000015399,0.000020779,0.000019456,0.000032830,0.000038742,81a6eed3342181ec708e3cab9082941e881a6c2cd1f38c1544663e779d699202
3453,1764562483.374227,0.000020778,0.000015328,0.000026970,0.000020127,0.000031057,0.000039643,d00388e6b4bc666f1d003f3cb899a120c6546aef4c42beff2d15d7778d87c90b
3454,1764562483.375675,0.000022362,0.000015769,0.000040966,0.000019536,0.000027130,0.000039263,8806a4ab1db5df4347c42dfe908f09c94ecadf236554449ff343a556a7744ac4
3455,1764562483.3773577,0.000045203,0.000030947,0.000025177,0.000021811,0.000040334,0.000047968,05973f841642f0906722e973f116085ac6c116cbc435215dc14183e37e665c78
3456,1764562483.3787975,0.000024826,0.000016421,0.000026108,0.000019747,0.000030546,0.000041687,ded75cdccad14922901203af2d6b281c5d0926889a89111de498b3b00460aa17
3457,1764562483.3811023,0.000028894,0.000016410,0.000049040,0.000029405,0.000073365,0.000107148,1d73e60af2d683ad290e6346c3289429ef9ba3ec73ca4ee879f439bfd2f0afe3
3458,1764562483.3831093,0.000034735,0.000019446,0.000033792,0.000025737,0.000048940,0.000059259,018b0212240fed690d7a2099afe179b668924e7488cfc51902b969e4684cdd5e
3459,1764562483.3848612,0.000035606,0.000023063,0.000027831,0.000019366,0.000029955,0.000039643,1022b927e7cf31e997591c42867afd4c594543924af8283c0e6dc91869158bf6
3460,1764562483.3868241,0.000024716,0.000016521,0.000037900,0.000031939,0.000061664,0.000060121,88f1726ee3b3962b08dbead4f26d4f1f0a1a498d57252e91f15e4feca8cfcb50
3461,1764562483.3882163,0.000024505,0.000016320,0.000022101,0.000018534,0.000025737,0.000037549,92c48a4be914747880a01f665c31b475ccddebedfa27df1c2ccf0ac148625b62
3462,1764562483.3895135,0.000021590,0.000015388,0.000024094,0.000017483,0.000024194,0.000036828,3a8f551d3561f89e12a741cbccce4fffe7953a9b4e8084dbc22acb0e3029e605
3463,1764562483.3907354,0.000021580,0.000015008,0.000021930,0.000018234,0.000023112,0.000041377,9b3f424bb049baeaade57e5592cf1cceb6a4d43eb2ddc1cfa57927c71b5fe5c4
3464,1764562483.392495,0.000039313,0.000023845,0.000037870,0.000022231,0.000040464,0.000056815,8805619505cb27471beccdfc5d518aa13550e92897194d191de8ce75a0eeb1bc
3465,1764562483.393993,0.000037018,0.000016781,0.000023082,0.000017673,0.000026339,0.000038571,4e3bf0e86c34f79beece2b7cdcef6a17d47349220684c83e3289af9588b7a219
3466,1764562483.3951507,0.000020928,0.000014777,0.000022512,0.000017983,0.000021871,0.000035175,943ab13556bd7f2b02cde7185d95a8561a72167bf42bb86d9cef778663e60b08
3467,1764562483.3964598,0.000023784,0.000016741,0.000024475,0.000018294,0.000023243,0.000039664,5520af57d9d37c1a064d10da2190a99d7b4238c7f8d2e9a652563382de119377
3468,1764562483.397626,0.000021249,0.000015629,0.000022311,0.000016491,0.000019937,0.000034394,9a3d3a9e42e46ad4f15cc3e28fe045d388f16c657244ded8c610d4eb038800af
3469,1764562483.398937,0.000021730,0.000015308,0.000025147,0.000018644,0.000025197,0.000041446,200701f434083ef68c5c247021addabc126163688a76dfbb403a05d7290bb038
3470,1764562483.4001284,0.000021230,0.000015799,0.000020708,0.000016531,0.000020648,0.000035716,012c4e5a6ad5cd7329b6e7f8e44c06ab54003ac64fd834f7f7b16ad250176a5d
3471,1764562483.4013622,0.000023043,0.000017262,0.000021630,0.000017703,0.000023053,0.000036588,9dc214a6e42116d611abede7129b8790779dc47b8991c4d8d9608688ebce28c4
3472,1764562483.4024963,0.000021049,0.000015188,0.000021580,0.000015819,0.000021209,0.000034213,5f57471cb247bcbec5e3827e08373457c24c37cca50b1b61633ba109bb575460
3473,1764562483.4036715,0.000021109,0.000015148,0.000023554,0.000017152,0.000022893,0.000035085,54b5458eeb02b3fba7cf1303ba8808405cc932abdbc4e7b94500f01352764459
3474,1764562483.4059243,0.000022682,0.000015719,0.000066032,0.000037990,0.000074698,0.000083354,2aed8a847aebcf94ea6e6619ba2f605cbf28647e7007f2c4eb8ac1ad6f3f816b
3475,1764562483.4083781,0.000039574,0.000019596,0.000060101,0.000030156,0.000057546,0.000076161,cfd305bb7f3f198d50b006acb84834265226174f4b4722ce742f23c97a3603be
3476,1764562483.4101303,0.000037510,0.000019105,0.000025457,0.000019466,0.000032090,0.000045784,b9e248b92b33d15987634de7182969d5883ff04800456407aa089c724b32b55b
3477,1764562483.411683,0.000023934,0.000015969,0.000021399,0.000021840,0.000033192,0.000055472,717e611dd5e0e5a9c7d3ac2e73053cd3c4d2c357004df374a53045d77d1f0998
3478,1764562483.4128938,0.000021370,0.000020578,0.000028303,0.000017362,0.000023874,0.000038492,26c34faff1b047fcd7d19d4cc8fe376df6391025086b46eeca44538f06cdc627
3479,1764562483.4142015,0.000020708,0.000015729,0.000026889,0.000016972,0.000022702,0.000035536,2e08ae25b4a7ef656dadca049f43b3b4093f1267d462c017f76c3166554cac30
3480,1764562483.4154115,0.000025207,0.000016601,0.000019376,0.000016210,0.000022361,0.000035595,4e87d104125468d18c26dd5c6f9b74e6f4b35de140c4950d7f1d4d60e6b594d2
3481,1764562483.417573,0.000020007,0.000014317,0.000019736,0.000054551,0.000100926,0.000093743,c7389b0f5de0c0f3a98160866873023c100bee5fa4664989a80d099a19c6297b
3482,1764562483.4186745,0.000019907,0.000014596,0.000019116,0.000016400,0.000020758,0.000033201,7b187355f3359ce8317175966a22bb0d7afc305d114d97e95af109b0ebd4fa73
3483,1764562483.4197755,0.000019696,0.000014297,0.000019576,0.000016390,0.000020487,0.000034042,287af072f142c61792a2562afa25c6a5ac4e03848335de3dff51246949a9fcb8
3484,1764562483.420859,0.000020277,0.000014687,0.000021289,0.000016490,0.000019055,0.000032660,816a44c0f2e5f7c0c8fd6ae58fa398618445701f243e6d61e917681675810f4c
3485,1764562483.422023,0.000019597,0.000014267,0.000023173,0.000016110,0.000021209,0.000035876,f1ecd0b04e8daf5be86bb28371e1933c3ef292b5ef0545f1567835344871cdbd
3486,1764562483.4231505,0.000021720,0.000015508,0.000020568,0.000016219,0.000020137,0.000037920,f128692948ea41a5e5575079523d9467f18ac1f8b43ef284918167d5ac51ffa4
3487,1764562483.4245172,0.000019967,0.000014667,0.000019035,0.000023363,0.000042800,0.000044482,e688425cd0b5b88621c908d161b1f47c3a349e5497c93a5c90c426f187a1fa9b
3488,1764562483.4255838,0.000019516,0.000014577,0.000020077,0.000015899,0.000019787,0.000032981,23d55e42212d2342d67e8e8db7694e4eb326ab590419996776697ddedfac54a1
3489,1764562483.426682,0.000020137,0.000014807,0.000018945,0.000016420,0.000020227,0.000033902,00d138f2d284a64a1d8ac0793ee57b0892566b422b155d61c610be22b6b3faa7
3490,1764562483.4277427,0.000020038,0.000015048,0.000018674,0.000015479,0.000018624,0.000032901,4ed1b95ae821ce3bc100b1399387dfbb737e47f55f1c704873188e279a7d5a39
3491,1764562483.4288106,0.000023212,0.000015018,0.000018624,0.000015869,0.000018544,0.000040534,1b4e24c8dfd765053328553d98f7e3f913f48374b2d71e8341d3fb994cda6a32
3492,1764562483.429921,0.000019797,0.000014708,0.000019666,0.000015689,0.000045394,0.000032981,7fff839f4bb52347c8e302231cb2d002ff3da000d6691e5a373d4429a7892758
3493,1764562483.4310849,0.000020769,0.000014407,0.000021279,0.000016811,0.000020628,0.000039373,7fa030eaaf343ddcd9a45a82d8c11e053ce8b34f7299ba1eb0fcc5832b176cfe
3494,1764562483.4321556,0.000019576,0.000014567,0.000018485,0.000016600,0.000019416,0.000033682,bc73af181ac51366120815b298615f9cc86bd12f1c042b44472512182c317135
3495,1764562483.4332085,0.000019196,0.000014146,0.000018414,0.000015678,0.000024134,0.000034263,05054dc9e36a4e637d6a9a11501b694b38468177ee86180ec70fe6300e53dbd3
3496,1764562483.434312,0.000020007,0.000014336,0.000018715,0.000017823,0.000022161,0.000039824,2815091ee14d2257f166eaa97c53d7ec7bfafcb6a1b06fa0b2c713339463e2b5
3497,1764562483.435791,0.000018885,0.000014257,0.000018805,0.000032060,0.000040866,0.000066333,ac0fc65771b7f5784c2ea987192f53295b0a90d6495ecb6cc4edbeee8de8e08e
3498,1764562483.437498,0.000019977,0.000014446,0.000019406,0.000032761,0.000051736,0.000069899,44ae4c5222a6cb8372b7d586b4a1fdf91e5cb35067ebaca7b7d2d60c872874f5
3499,1764562483.4387836,0.000022392,0.000020217,0.000020448,0.000020397,0.000031398,0.000041036,0787455d8ea772b60f1e574f825622d7c7f7f1399e5281ff5894cfab5ba864bb
3500,1764562483.439985,0.000021039,0.000014267,0.000019516,0.000017743,0.000023353,0.000036568,cfd21b6b0e4e529e96bea8625bcf376951675a7bfabb94f2ce94e87b9871bb17
3501,1764562483.4412296,0.000019235,0.000014156,0.000018945,0.000019596,0.000035004,0.000039603,9ba1b7a7f308e5e669eef55e156474ee3097f5f15f774384f5e64b42d8b5a819
3502,1764562483.4423368,0.000019436,0.000013886,0.000018614,0.000016010,0.000022742,0.000034394,705bb8b8c3ea870aa5c366c628bc032a4024dd22147831f18319a13b301d87a5
3503,1764562483.4434595,0.000019597,0.000014787,0.000019817,0.000021510,0.000026098,0.000037750,4ced7bf0b886544a55f1d4c7dd0f179cd74051f18bfd7582954d9c5820ccb7e5
3504,1764562483.444556,0.000019626,0.000014617,0.000018284,0.000016681,0.000020438,0.000032840,b76f30b92693f0bf4459ae1f148ab135e1a36460ae76956e05744dd89957b961
3505,1764562483.4456148,0.000019255,0.000014517,0.000019386,0.000016641,0.000018985,0.000033051,be21569d5fb7b2f8905f4e8ed286609a790919d71a49ddde4481d0d959171aff
3506,1764562483.4469535,0.000019346,0.000014106,0.000026229,0.000078795,0.000043731,0.000034023,3ab3a763e8c7f6c99509045a9a4c288092ba731bb34522897a6a9e0a3023e223
3507,1764562483.4482777,0.000023493,0.000015549,0.000022692,0.000023092,0.000022943,0.000036728,fcd9dd0e7b1c19424583f26de81b0c4fc2245520015963769bdb7e73954974e0
3508,1764562483.450009,0.000022371,0.000015439,0.000020928,0.000036718,0.000057155,0.000075299,b8f465238f992749cd577d67beb8088c2ed30e65d11881c7548d5f455d48c541
3509,1764562483.4512408,0.000020347,0.000014697,0.000019856,0.000015960,0.000020929,0.000032951,9c2491e5cd360c390c19b47c89e2ffbbb059c6d7c45d6c007d495698e501b455
3510,1764562483.4525764,0.000019826,0.000014577,0.000019717,0.000016590,0.000021159,0.000034234,58d95d43017756b3872491585228342f839229605eff5ba4c4ec8190fa9e62fe
3511,1764562483.4536893,0.000019766,0.000014638,0.000020117,0.000016371,0.000020217,0.000032931,b400c523fa5409d6529865858176f5a295123fed5d83f265365973968920f09a
3512,1764562483.4548042,0.000020258,0.000020047,0.000019877,0.000015960,0.000019466,0.000032911,e3f398f74eda4df68a6ff0bd23127bdc24c9fd5936c332da565fa96886f5420f
3513,1764562483.4560468,0.000020367,0.000014877,0.000023544,0.000017383,0.000022201,0.000036007,bfcba6696c298d25030db04a617c5af2f3cc90a56fd6e500aa28b0705da7d55c
3514,1764562483.4571848,0.000021159,0.000015208,0.000019667,0.000016480,0.000019887,0.000032790,bd65606292685729d06756f23b9b0d456378f6825f20648296ef08d312da0698
3515,1764562483.4582634,0.000019185,0.000014477,0.000018986,0.000016371,0.000019606,0.000032750,fb6dd1256c294fa834d80f3f43c572320cbc4fa936a43e147906d3c24ec2a5e4
3516,1764562483.4593544,0.000019126,0.000014136,0.000019496,0.000016079,0.000019466,0.000032941,64bb9e2e981758bf7da2e51cbc759d83c55f861d74f60b05da869c32b1d8792a
3517,1764562483.4605591,0.000019356,0.000014847,0.000018895,0.000015809,0.000019186,0.000033041,55a8a3630f6644a7a46542f36f1eda520b286fa9e1f7af1985f3381ee80778bf
3518,1764562483.4616997,0.000019516,0.000014406,0.000020097,0.000022742,0.000079256,0.000033001,ddf12a751ae791410e7938c5ab2911dc52e7bd1ef703017c2464d684e96b4da6
3519,1764562483.4628487,0.000019226,0.000021369,0.000019336,0.000015609,0.000019476,0.000033442,cea934944ae2d5a9539897948970dfce5fc00b32e9cd2eef962799c8214e2498
3520,1764562483.4640348,0.000019777,0.000014427,0.000024586,0.000017072,0.000020318,0.000034343,b6ef912b53b3ab8fc79f9e25678cd884c5c4d0f58b2ea48eec6d68a55eb49392
3521,1764562483.4651551,0.000022762,0.000015538,0.000020228,0.000015889,0.000019536,0.000036928,1987e0dcdd0f79963df4233cfbffdd6dda99a45b8d61390569897f1893a5c015
3522,1764562483.4662344,0.000019446,0.000014507,0.000019426,0.000015839,0.000020277,0.000033281,1cefec6f6060f2cad1456496221581c7f3ebbb9f926ec62b716a7c3cfdfc96cf
3523,1764562483.4673264,0.000019326,0.000014497,0.000019676,0.000016430,0.000019296,0.000033091,3bb30647eb0fcc7fbca83fd5415220d0c09ebc587ee6e58585c7b7ca2bc53efe
3524,1764562483.4683855,0.000020147,0.000014627,0.000019626,0.000015319,0.000019335,0.000032801,0fc32d37b72e8c0f78193ca8cf4ab0bec59055ab50fd6c29d7f6c00bc377802c
3525,1764562483.469467,0.000019436,0.000014607,0.000018945,0.000015920,0.000019306,0.000032871,38f7067f99c71a13fa90f990633c32d4e1c258d170f47809fcdfd4d735b578d1
3526,1764562483.4705384,0.000019546,0.000014637,0.000019556,0.000015839,0.000018424,0.000032700,fb86e590b33aaf40ed7894be9911742e1afafa89c5499757519ad6d20c8cd5af
3527,1764562483.4717114,0.000019295,0.000014406,0.000020799,0.000018965,0.000023743,0.000043130,26ec3fa3320e56a058ff99b48cd83cc2f9534390012b647f5eb0ac31eeac0bc0
3528,1764562483.4729404,0.000020689,0.000015509,0.000019947,0.000017082,0.000022020,0.000057526,1bb6b03ba57d50597b1a4ed3252bc28c144083c869ac6efd0fc8b2d46366fc84
3529,1764562483.474056,0.000019186,0.000014266,0.000019486,0.000015549,0.000019556,0.000033442,822454fbd400862911b81dfff84269cbdb877ee0a8e42fd0a51a0b6ec89d80e8
3530,1764562483.47514,0.000019365,0.000014397,0.000019426,0.000016270,0.000019677,0.000038871,276426750b5e5b7e4a3778ad4cc3d27aa2819c5487619ad33a7c4452817d92bf
3531,1764562483.4762158,0.000019225,0.000015419,0.000019506,0.000016380,0.000023032,0.000032720,cc90657a3dbffd93bd39488273bb96a8854bf090331ddc72a40128000cbd4a10
3532,1764562483.4772782,0.000019627,0.000015008,0.000019126,0.000015429,0.000018825,0.000032670,b0210cdfcac684b850416e6578436342cb2b9ca651b81615584f7c6c095be38e
3533,1764562483.4783223,0.000019235,0.000014567,0.000019326,0.000015459,0.000018574,0.000032871,0301e276cd6c258a6ab23af48e5151fa960b6089f3d43f649dc9bb91971dfdbb
3534,1764562483.4794111,0.000019316,0.000014257,0.000019185,0.000034173,0.000018805,0.000032650,d5b008db32b1be766b74a33240a79f1d788c2cbda393ec3ab2b62d05e32346a2
3535,1764562483.48065,0.000019736,0.000014758,0.000023523,0.000018635,0.000025988,0.000040064,2327e8eb2f60ffa736362d088e8d8174f3b668e69f3c7332983e11537a8940f5
3536,1764562483.481762,0.000020167,0.000014908,0.000019887,0.000015870,0.000019796,0.000033713,19326f5839c89963cb23100c40f47ac72e539c93d385c3571031200dd5dad068
3537,1764562483.482842,0.000020137,0.000014526,0.000018795,0.000015619,0.000019075,0.000033753,0a62d76c6bcf56ec2234ee4f840c2d81e029e7835c207be019adbfd279fe1274
3538,1764562483.4839077,0.000019857,0.000014376,0.000019156,0.000015349,0.000018875,0.000032711,c54c63ccbec01eb8611ec195491bb8c0edd18470e8fd503c0bb7aeb6ffcee9a5
3539,1764562483.4851432,0.000019857,0.000014898,0.000022872,0.000020938,0.000025958,0.000041878,35ad54e7d7ee527a95c3f042201665c5a3d65f500e94ee7c121b04d1290f9683
3540,1764562483.4865386,0.000020708,0.000015068,0.000026719,0.000018665,0.000028633,0.000045845,f553d39e6eadcdf1869aab56003641c344ad3dd623c170add0cada1c3bbf72f9
3541,1764562483.4877803,0.000022051,0.000015338,0.000021740,0.000018084,0.000022872,0.000040956,e8d8d8a6accec568862bafaa46977096e75b350313dd4ca51872127337268984
3542,1764562483.489018,0.000020889,0.000015549,0.000024385,0.000017873,0.000023052,0.000037910,b1c4cf48dfdba83791ad623b0c752e170cb17e95a4f924262053fbe4df7366cb
3543,1764562483.4904344,0.000023564,0.000016260,0.000020768,0.000018794,0.000027360,0.000043761,2032c667d4cdaba130be10b424105adf07cbf89186e3472fd89fac1595a7b0ac
3544,1764562483.4915714,0.000021129,0.000014897,0.000024916,0.000016110,0.000019546,0.000032740,1248024590ebdda7a4616313f8dbdac8a86ad90ec3f50ca8cf9c2691dfd0cb9f
3545,1764562483.4929435,0.000028743,0.000016069,0.000020378,0.000021360,0.000031388,0.000048770,82d1f3523191860e26f12a7423a4f97eb6f05967a220cfb97cbc09ebc88414f2
3546,1764562483.4942732,0.000021650,0.000015699,0.000033852,0.000018394,0.000024756,0.000037610,de546d0011daf284787d21bbfe931af8671a76c5974f504037ac69db5a72d5e0
3547,1764562483.495509,0.000023754,0.000015759,0.000022422,0.000017292,0.000022522,0.000035084,ab414c506b290496f2db9d41c8332596095b556122a94d588f5a309da27a6f7e
3548,1764562483.4966962,0.000021199,0.000015138,0.000021851,0.000020779,0.000024044,0.000035836,0fc127ed8903cd7ce5e9e12c2f9a400767680c07b850124c6fc91775c4dd2d1d
3549,1764562483.4980013,0.000021049,0.000024966,0.000023303,0.000019326,0.000027811,0.000040074,8926513035844a105461c7f28266a2d26ff88d0f8b773b0f07e13d4d5848525e
3550,1764562483.4993594,0.000028162,0.000019816,0.000021289,0.000017352,0.000024335,0.000038862,747ff0a479f878bcff23c80550d3ffd50d4c970535c95e6c4f3ab19e302136c6
3551,1764562483.5004556,0.000021360,0.000014957,0.000019486,0.000015599,0.000019105,0.000033542,b75c0f20040512e3bbd50fdd078ce7ee10cb73bddc22f0e0e36d367023603979
3552,1764562483.5015552,0.000020097,0.000014507,0.000020127,0.000015789,0.000019316,0.000033733,64f42ef9b53101636c0ac1ca774ba925022f5939f44b3cf611ae93fbf996ce52
3553,1764562483.5026708,0.000020107,0.000014707,0.000019947,0.000016491,0.000019366,0.000033311,ca40f954d1939a21a74761b53ad6bd7cd01f6bd1780416f774f3f9321ecd14cf
3554,1764562483.5037165,0.000019907,0.000014858,0.000019456,0.000015108,0.000018194,0.000032830,da3fa51f03e1cac8a81da33dc81b6e21e437f9816fe8a38c066fef9b102f327f
3555,1764562483.505053,0.000020758,0.000015800,0.000023393,0.000020548,0.000025788,0.000044763,6c01aa52a6a27c1c56c0300aca8bd846db4c634c5967db5500e2ef55a6517fe0
3556,1764562483.5063334,0.000027581,0.000021730,0.000023844,0.000015889,0.000021460,0.000035355,dd63dce8e089b6f0d182d77b0ef6beaca2ec0cf65786074d6542c54105a1aff4
3557,1764562483.5074284,0.000020738,0.000015097,0.000019566,0.000015439,0.000018975,0.000033161,f3062fa7aee8eacee48b1f8b9af9541cc8db90164830eb1cd060681c8868c6bd
3558,1764562483.508513,0.000020117,0.000014837,0.000019657,0.000015389,0.000018995,0.000032720,3ac3469f2ccf1892ef06db1f4e20ccf448eedbf376e7a0fe512f9206615fb5ba
3559,1764562483.5095766,0.000019757,0.000015488,0.000019356,0.000015489,0.000018574,0.000033142,7d6b01f046a91686ee67f12e43980a9a7848c4f0396b9082d2d43a8e66e3eb2d
3560,1764562483.5106528,0.000019636,0.000014567,0.000019155,0.000015759,0.000018975,0.000033352,911d6d614b34f6ae42cc1a3dd866b6753290bda6a38b226b77c571b7b1494314
3561,1764562483.5117042,0.000020207,0.000014787,0.000019025,0.000015008,0.000018214,0.000032921,87236d949bc13f36841f5fc68d71653fd05b4b9d3c2e7fd751f2dfe24ee5be8c
3562,1764562483.5127866,0.000019806,0.000022882,0.000018594,0.000015409,0.000018714,0.000033762,e141b17680a51914cb11e19e56c350b0e622cce7f9c42fafe38e55092e9caa55
3563,1764562483.5149312,0.000022732,0.000015780,0.000026599,0.000044573,0.000090086,0.000088674,af289ca77bd38c536973dd9acbc82cfe09f6865e7cc5625acb8192c263599364
3564,1764562483.516489,0.000022642,0.000015679,0.000019717,0.000019085,0.000032300,0.000039774,4fdd69334ff993f9833d7626660549962aca9e77d3a2b3dc2668a46d010a5f5f
3565,1764562483.5176644,0.000020418,0.000014516,0.000019416,0.000022040,0.000070370,0.000034013,f732037d08faa3aac20270f148391ea59fbc3517dd577d40065127d0ae1c8e49
3566,1764562483.5187275,0.000020127,0.000014838,0.000019015,0.000015408,0.000018655,0.000032931,9202959273731079b49e9531108da48312007564bfe7c77940693d95ea8ce787
3567,1764562483.519799,0.000019917,0.000015628,0.000019456,0.000016280,0.000019036,0.000032851,b3ca6d203522d96e015e3acb001aef857ec0cde17c10456cfbace680a51333ba
3568,1764562483.5208828,0.000020268,0.000014838,0.000024896,0.000015609,0.000019706,0.000033232,7c8be65bc6957ed3abdbe88e0bf569d73eeb7d383ac3f585b9356fce875d87ff
3569,1764562483.5221038,0.000019707,0.000014677,0.000022181,0.000017442,0.000020959,0.000032880,fcab3082b4c72bcdd08d3e9371f604ada04443ae3d376a3450b9d4e87998a46f
3570,1764562483.5232859,0.000028864,0.000023373,0.000019646,0.000015980,0.000020257,0.000034604,4723edade9532524dabd8737bda8f9197d25b6caa4746ffddb65d432bf8292d3
3571,1764562483.5252178,0.000019937,0.000014687,0.000020638,0.000042248,0.000076692,0.000082191,521729f8e0a67ef1dfea51efe93b1020f928c3660b8ca5511381c8425011e1f0
3572,1764562483.5270336,0.000019877,0.000018274,0.000019647,0.000030627,0.000036999,0.000066282,cf2788ebbe197b79a8dff1a17af9aa5c68bc193f2b11801ab833af08e265b072
3573,1764562483.528301,0.000020137,0.000015108,0.000020447,0.000015449,0.000021129,0.000034083,0cd4ef8fa8607e5b571eade24b5662fbfdb674616a03ed8f453305848b438fd0
3574,1764562483.529452,0.000021259,0.000014677,0.000025988,0.000019977,0.000034694,0.000033331,2f1497b403a13684a921f4ab0c97c4f1109208c83ea98d097305598999fe71d6
3575,1764562483.5307605,0.000025276,0.000017352,0.000024425,0.000015970,0.000020999,0.000034033,5768da924158ce8a66c3432b0ae12471145b14b827e63addb61cf89ab09a185d
3576,1764562483.5318775,0.000021530,0.000016220,0.000025256,0.000015879,0.000019226,0.000033011,c87901a59c4f6d096130bf3c1a4437c2e51dd11eddf44f0fb50414b915594148
3577,1764562483.5329616,0.000020658,0.000014838,0.000019285,0.000015318,0.000019436,0.000033182,2c8d48b3ff63d57a9e580efc04eec7627b8d6e8f4c923bbb602e24aa5b03a6b9
3578,1764562483.5340393,0.000020348,0.000014857,0.000018935,0.000015448,0.000018945,0.000032680,1e6bff1e8726e622cc928e3bba8a9dcbe04a1475191436d69f5022304547c663
3579,1764562483.5351784,0.000019667,0.000014216,0.000018694,0.000015398,0.000018384,0.000032861,a0ed56b4e11efcbed930b7c4de485535f2110b6322ed56d8b0f7a04225d6f80b
3580,1764562483.5365708,0.000019616,0.000014738,0.000019096,0.000032360,0.000038722,0.000034794,ffd66560d1e12993172f20032dd91f4ece98c59fdbb045db37291536f95fff0d
3581,1764562483.5382354,0.000018995,0.000014617,0.000021219,0.000037890,0.000059089,0.000073717,187e112aa34feb9844e516594346102f400e4e68803005a925c580898e51772e
3582,1764562483.539663,0.000029455,0.000022301,0.000020287,0.000019005,0.000029104,0.000043831,f75092ab585b4079c54ca35fe3c37d9e04d63f73ed3dcba901f70b458ddd5852
3583,1764562483.540774,0.000020087,0.000014788,0.000019025,0.000015940,0.000020748,0.000034464,12f8f1c03722e4209efc8ce9c47a2cddc4b5eb42ba0a7808af666210e17be058
3584,1764562483.5419185,0.000020608,0.000014907,0.000019476,0.000016841,0.000020087,0.000033001,2c6934ba81f208f847bb5f9a35520290db63eb923326f41325600fb59aac9b97
3585,1764562483.5430014,0.000019346,0.000014417,0.000018694,0.000015769,0.000019386,0.000032741,cf2b35b02862a64476c234c720b374156301647ddf280f6d50c39d80e189fb48
3586,1764562483.5446987,0.000019026,0.000013996,0.000019807,0.000035416,0.000052768,0.000071312,c553cd701f1913c6004efc72ce23514c7c0a782f13fd7869e9afada231cbeb1e
3587,1764562483.545761,0.000019335,0.000019736,0.000019135,0.000015669,0.000018695,0.000033031,a188b74523df90b531b51ca0f93bf16f188d56332548c80f5be9f5b5cd7d9d7e
3588,1764562483.547078,0.000019927,0.000022271,0.000029094,0.000017012,0.000020578,0.000034774,45916bf1870089920f6b24c3f250f96d8eb42813b50f031b9c55519f35b5450c
3589,1764562483.5483668,0.000027531,0.000020478,0.000022732,0.000016140,0.000020057,0.000033963,6703d6e46323c9e9de1019966543bb4ec6e20486888de5b25986120fcbeca73c
3590,1764562483.549459,0.000020438,0.000015319,0.000019876,0.000015889,0.000018695,0.000033762,abb26931829a6ae4ab16f9470533eb287d85c26b17522538be2f5de0262fa6ec
3591,1764562483.5505433,0.000020017,0.000014707,0.000019616,0.000015429,0.000018835,0.000032730,f1802a874723b9e5aef274e4817aefcaab98d3ed205766a1a55d443850de2efc
3592,1764562483.551612,0.000020447,0.000014687,0.000019476,0.000015719,0.000018534,0.000032731,1687e35517955ae7b0f611cb6e67f454385c6995e0c8312bc13fa54fee42eb83
3593,1764562483.5526783,0.000019617,0.000014507,0.000018785,0.000015839,0.000020108,0.000032761,1256188ea40d85ae93fcef92b1eb27c6a6786ef2ba35a8e7a3ca417928893b75
3594,1764562483.5537589,0.000020248,0.000014918,0.000019596,0.000015689,0.000019005,0.000032671,ed258889b23cb5e45f79d52ea91fa54c6d1921c1db1419a944208337c9db5ba7
3595,1764562483.5548832,0.000021159,0.000015278,0.000025908,0.000015168,0.000018304,0.000032690,4761243cf7700520054bb3df94b2ddcdc2fcc7484eb7005769871390d710003e
3596,1764562483.556102,0.000021038,0.000015218,0.000021400,0.000022231,0.000022622,0.000040835,ce172afd542264a87f463d1586c09fe295c01c8c775575f1a0a802565c0b63d6
3597,1764562483.55724,0.000021299,0.000014928,0.000019616,0.000015820,0.000023493,0.000034063,cc536a122155005c3a5615d1fb0d53dbab4414b27cffe0317f66d917c8d6b03e
3598,1764562483.5588481,0.000020137,0.000015108,0.000019787,0.000025177,0.000057196,0.000049080,e4475e3cac82dccda6a5331d07369106affc916609e2f6beb87ee3371ebf29d6
3599,1764562483.5599709,0.000019887,0.000014527,0.000018945,0.000015779,0.000022872,0.000034744,c199dcbe5afc890d77eef49b48ab2d1668097cf9e9066a80ebc9417cb3c8c5c9
3600,1764562483.5610378,0.000019666,0.000014237,0.000019076,0.000015839,0.000018764,0.000032870,a2fe64a316386d642d23d92d27d6d248ed540043ba59ad14ba721b41a33c139a
3601,1764562483.5621002,0.000019345,0.000014517,0.000018685,0.000015579,0.000018454,0.000032791,a11889450993f4fa97a4705ce59b4188f3e7460451b99e17877ba2eed6e721a0
3602,1764562483.5631895,0.000019045,0.000014226,0.000024676,0.000015579,0.000018714,0.000032720,d88c4391429fd90ce4aa9c4417c87c7121cabbf9b60bacc31d6230fb17ab8ac0
3603,1764562483.564494,0.000024926,0.000015789,0.000023704,0.000017142,0.000020578,0.000034032,b9b475b62073528e71322861333e5fc789bb03d6755202116cd9282edc753382
3604,1764562483.5656307,0.000022121,0.000015488,0.000019736,0.000018444,0.000019406,0.000033341,7315c168114c9e97f4676febb1da07bb618f0ac6b2cbd717789785f64fd03c40
3605,1764562483.566743,0.000019757,0.000014777,0.000019105,0.000015539,0.000019436,0.000032701,d702974231dfeea4a34539a25f685681c6acc87335a99064faf3b2dc9dc5a7c7
3606,1764562483.5678172,0.000023924,0.000014467,0.000018664,0.000015558,0.000018575,0.000032971,0dbfa46394da8e681e68593946b829d0981137a3991635a8de47503576965eee
3607,1764562483.568959,0.000020198,0.000014527,0.000018585,0.000017673,0.000021941,0.000039032,6aaaf94a0ebddc514476dba04da16256ee70eaf22d11b924b350e118463bb133
3608,1764562483.5707352,0.000019606,0.000014256,0.000018765,0.000034183,0.000050683,0.000086710,46b1ba04e022efe20ebc136609606b34a72c306774e8765a2cbd0d193326c2f3
3609,1764562483.5718625,0.000019276,0.000014497,0.000020457,0.000016461,0.000022161,0.000033522,06076164ee8fa35c33578fb3b3cabfa8cb62e250af278c8d85406f5f595495e2
3610,1764562483.5732641,0.000025086,0.000021700,0.000021680,0.000016701,0.000023503,0.000045864,8ebaaf99612781136d65f5fa10c53616c1ca20a2005b61fa2267213cae920399
3611,1764562483.574366,0.000023403,0.000014938,0.000019517,0.000016170,0.000020518,0.000034173,b7ef2e62bfecb716eda58adf54f14b737a76f04b21a7ac4942d0485165c6b15d
3612,1764562483.5754344,0.000020718,0.000014777,0.000019836,0.000015398,0.000018504,0.000033382,661bb82e4f3553ecf2f933f8159dbe47713ea07022e7b2d4f59a66c60252df6b
3613,1764562483.5764883,0.000020367,0.000014597,0.000018534,0.000015318,0.000018464,0.000032951,61e18fa323388f8647b6d6d3c2a4b64a7eacdc8e6761a7ade7a3b1e4d863bdf4
3614,1764562483.57759,0.000019536,0.000014527,0.000021720,0.000015338,0.000018324,0.000032690,e2a904e225cb135c71c6086eb5a52da7c7bc2a2c081589726b5d52e17964119a
3615,1764562483.578687,0.000022321,0.000015419,0.000019286,0.000014738,0.000018514,0.000033482,2a259c62865a09a8b2e3c6e3144601e9c7326b6bd7d17bc99019eaaca98543e0
3616,1764562483.5803988,0.000020759,0.000016521,0.000020789,0.000035346,0.000050193,0.000071893,e06e5dc091be78ba48b15957976499e0900ab0630c7571af0f7de25a2725c109
3617,1764562483.58169,0.000021579,0.000022261,0.000019957,0.000017733,0.000028472,0.000035526,768cd1288740a947852f9108e96c64cead13998d0b5ed7d44655e4839c6315c7
3618,1764562483.5830653,0.000020989,0.000025427,0.000020338,0.000022001,0.000033161,0.000041627,1ae295d641437abd75d8c7f41c38a9cd8d189b088f8b6371cd89e2c4a49daf59
3619,1764562483.5842245,0.000020457,0.000014216,0.000019266,0.000016080,0.000021830,0.000035937,d1bbce40d9bc46d243c9ec6287d0586124e1829f95e8b46af9b7c53a4925df9f
3620,1764562483.5853326,0.000020177,0.000014496,0.000019346,0.000016430,0.000021991,0.000037540,a08f083bf8dd1217cbf8c6ecd96ffd8c5e3f1217c39fbe7b2a2b69e992392560
3621,1764562483.5865316,0.000019736,0.000020648,0.000020307,0.000015378,0.000019727,0.000032951,d713a18f7d7b7650b43a1213ba80b45b1b4b03fc1ace1a5a2d4456db2b633a4f
3622,1764562483.5876021,0.000020949,0.000014737,0.000019617,0.000015258,0.000018594,0.000033102,a10fa9487a199606b0b2542a9bea5f6162576e8968c6d9ea20d6096be31975b2
3623,1764562483.5888946,0.000023253,0.000015820,0.000035455,0.000015789,0.000019716,0.000035305,a4128d62138869bdd764fddb58513d19f74ab87454aedc49d46ca5769265cdb9
3624,1764562483.5901678,0.000029935,0.000021931,0.000019997,0.000016110,0.000021169,0.000040955,ee082db421d53020b676f2a8e5ed67a810d4a88ab98af9e2ffecfa573cf208f0
3625,1764562483.5912619,0.000020659,0.000014627,0.000019956,0.000015328,0.000020147,0.000034153,763cfa42f4c0a2e77444e049eb3e493688d59a0b675f26e0b4e58b9ae4f9c51c
3626,1764562483.592326,0.000020207,0.000014406,0.000019446,0.000015669,0.000019145,0.000032591,31c741ff816fca8c2db607a39dc55b1a995cf6daeda437243155bc61202b4796
3627,1764562483.5933976,0.000019877,0.000014447,0.000019235,0.000015679,0.000021479,0.000032890,e0f8b35a75bf91331719483239ed4d6cbd2b7f78b1f0933b9f2cf7c7a2e0fad4
3628,1764562483.5944357,0.000020588,0.000013896,0.000019065,0.000015458,0.000018344,0.000032540,3864dae748d3f970c4aa0379769ad1fbabf920d9d55f29dde052cd53dd241998
3629,1764562483.5955756,0.000027361,0.000016661,0.000018945,0.000016390,0.000019266,0.000033171,0aefacc913f6dc236f6b992a950b65b941c7a778496d7792251831b3e165cded
3630,1764562483.596661,0.000020157,0.000014437,0.000020558,0.000015198,0.000018374,0.000032670,d4d77a020fae35ad52908eab9a0d51939ef2fd49ac94381329e8b1f88448b8ab
3631,1764562483.5980108,0.000033852,0.000027952,0.000026489,0.000015789,0.000020568,0.000035776,8a4c3cb783424a06fd23bb93a5db980cab564fdebb3ce4e5dda5163416dcd7b9
3632,1764562483.5992312,0.000026058,0.000019947,0.000021029,0.000034063,0.000020167,0.000034634,699461dbc47cc8faeb37fbf2ea3aa3012f7b42f685ee56b0fd0fe3bec115e171
3633,1764562483.6003273,0.000020518,0.000014918,0.000019596,0.000015358,0.000018594,0.000033001,cb70b618280aaca231ac27510ce2534d8c37cf526f390d110e71d5656e18972d
3634,1764562483.6014197,0.000020788,0.000014416,0.000019786,0.000015378,0.000018695,0.000033832,564546846439b091707bac93486ec26de8bcb7f58bc7aa74927a3e95264ebc53
3635,1764562483.6033301,0.000020247,0.000014627,0.000019917,0.000038831,0.000062195,0.000083444,1d7c3450f8e11ce542af2976fff425f6ff812c40ca19ec6db9361f6acad31bb2
3636,1764562483.604469,0.000019987,0.000014587,0.000019346,0.000017162,0.000021720,0.000034293,2a980dca95aa5c2c605f446dcffac1b11e31de742f43d7ed30f081f92befbbca
3637,1764562483.6056576,0.000019756,0.000014337,0.000021490,0.000016320,0.000019596,0.000033512,2230e536a47aa0dae4902c39458805a0c2cb2b4ffef9ab8032a87c80c4c6d93e
3638,1764562483.6069453,0.000020368,0.000015118,0.000024966,0.000016721,0.000021360,0.000035705,53fcee444ff000fbaab43574682b27b1fdd4da32020c8f86b41095e1fb0fa8fc
3639,1764562483.6080725,0.000020849,0.000014857,0.000019797,0.000015980,0.000019256,0.000033071,6d8529a10d228b66e9e7d44753173b99c7621156c461248d46cd7263738b9d65
3640,1764562483.6092093,0.000020868,0.000014316,0.000019857,0.000021610,0.000018925,0.000033863,32189085a83f2f9cf3f47236dcbc6eac922ed1917d0c437be2be9471d8db5321
3641,1764562483.610271,0.000019987,0.000014627,0.000018814,0.000015148,0.000018314,0.000032620,0f895791dd45db23cb29f0558533bdbc8aab85015741f5c4811673ecfeef68dc
3642,1764562483.6113656,0.000020257,0.000014276,0.000023644,0.000015168,0.000017903,0.000032680,3ac1b4fb943d622c61cb8cf4d81ab4907cd1fe93dc7cbf7c6eaad5a1162ddd21
3643,1764562483.6125531,0.000023434,0.000018715,0.000019225,0.000016079,0.000019647,0.000032480,f8e8fff64670acac61cb4435d20999f141e37f62ed66f8b2a078651d7a995a51
3644,1764562483.6138217,0.000019887,0.000020108,0.000022662,0.000019627,0.000022081,0.000037369,2a24e9d6e13e4dcbe828614a30adfc4a8dcd03dc4efe735593f2ba49faa83b69
3645,1764562483.6149473,0.000021059,0.000014707,0.000020258,0.000015869,0.000019335,0.000034534,cd76bf11bc4de9302dcd00a057705f5084a5ca98b7d165f55b873a34d945b771
3646,1764562483.6160376,0.000021349,0.000014536,0.000019857,0.000015869,0.000019206,0.000033912,65dcf35a1ca734d5b81706e3653ef180780fab296490bd20ba904c0c0ee8e1e9
3647,1764562483.6171107,0.000020759,0.000014918,0.000019576,0.000015539,0.000018624,0.000033232,0536860b5d0c48f0403f22fd49c3212a6d0077f2f17bed99860c29215b2ebfa2
3648,1764562483.6181886,0.000019606,0.000014296,0.000019245,0.000014978,0.000018064,0.000032850,c6d6eb4bf34ada3532a86d1b52be71bfd6b942fddcff9c44f8c9b289738ce7c6
3649,1764562483.619242,0.000019927,0.000014226,0.000018945,0.000015208,0.000017963,0.000032861,2f14a5100867eebf39391e70d5f740c7682ec7be5f94596286f121012488e4ff
3650,1764562483.62047,0.000020057,0.000014747,0.000020908,0.000016370,0.000020117,0.000032350,64cda8b134ad352fdf0028b5dbdc16511f7991ea0fa0c9d5d07ab838a111bc8f
3651,1764562483.621612,0.000020988,0.000014377,0.000019386,0.000015909,0.000018615,0.000032750,d3864c94373144214cfca104774fd246de54f1ac490f184bc2a37348d3eed37e
3652,1764562483.6227736,0.000019957,0.000014727,0.000021220,0.000016691,0.000021360,0.000034213,8122835488cdaf3a24fe2a57d4762beeee5a7fa7bf30b35744d0fc3c79928d75
3653,1764562483.623971,0.000022282,0.000014958,0.000022622,0.000016381,0.000019907,0.000036618,16706507a216879054d3e4d361d8109674367aae122b4c5c81ac7315343615fe
3654,1764562483.6267304,0.000023163,0.000015419,0.000046145,0.000051325,0.000121986,0.000135550,8b9e8a592099094d31466878e996db85af936f23a405f7b8614be24bf66dda2c
3655,1764562483.6290607,0.000030627,0.000016951,0.000032279,0.000045214,0.000085829,0.000112688,9ea628a8709af84a2b807e1cce66591d2d2bd756dc6ac6300163b2c139aeb05c
3656,1764562483.6305025,0.000025106,0.000015960,0.000024265,0.000019997,0.000030186,0.000041607,6d23f18067fc5d61456544e3430dfddd498714623823b776d420a321180d25c2
3657,1764562483.6324313,0.000023083,0.000015759,0.000034273,0.000036718,0.000053860,0.000101327,5452eab5923e17c9c79e4834ddd4d18e080365a40988d021543c7e60dc2dc575
3658,1764562483.6342914,0.000026328,0.000015789,0.000032510,0.000029044,0.000049261,0.000076732,99dda604622b2c60faef2d81f89e784d820f9bbc8332f503b30409c5cf76bf97
3659,1764562483.6366465,0.000027631,0.000016260,0.000027722,0.000035095,0.000108310,0.000083844,8e6fb6e22c0b797086cf40afdeea111ebb28ee77a67ae1ab7cbe60a6726149e8
3660,1764562483.6394227,0.000029755,0.000026569,0.000027511,0.000043240,0.000080248,0.000114872,ff96379fc610afc033f7e3b30b2f7df67dfa632da546d2350d599e615d754e46
3661,1764562483.6406605,0.000023043,0.000015308,0.000019125,0.000017231,0.000025857,0.000035976,6d6fc2811c61e15780aea291ff374744664271ceee95345b3fa6bc5d36790a59
3662,1764562483.6417534,0.000020808,0.000014927,0.000020337,0.000016190,0.000019907,0.000033111,64486060053528aa97c341b17335bc1ad9139455c9221d90b6b306767579d166
3663,1764562483.6428635,0.000024686,0.000014637,0.000019927,0.000016059,0.000020317,0.000033863,52396cd40a269fb31098d67358e05e350871248be276dc58141daca1a9abe623
3664,1764562483.6440518,0.000020839,0.000015027,0.000025417,0.000016891,0.000021930,0.000036147,ffa576f025290943e05f909cc88cbffbdcfc2700b3b84aaf25e809638f05a369
3665,1764562483.645564,0.000022361,0.000015719,0.000037239,0.000021390,0.000032370,0.000052316,8ac86bd5f0962aa6823efedd098ff22380382f38331b53ab6335cc21835cc1e0
3666,1764562483.6472397,0.000040034,0.000022512,0.000028182,0.000020919,0.000035075,0.000042218,3db3d58ce55333dca340237fbb63071f5a70ee756b0d889bc7a3fda88b57fb74
3667,1764562483.6486332,0.000026369,0.000017572,0.000022381,0.000017994,0.000026789,0.000044973,8a61da7d792c0a14dc960a9327e80f1ddfdd080264caa1482eb40553a4226fc2
3668,1764562483.6498027,0.000020639,0.000014857,0.000021550,0.000017803,0.000023103,0.000038501,2b69698d5ba99393f63d2d8f78ededbcb07579a8680d284b6613f11cc18fe4d5
3669,1764562483.6510773,0.000023022,0.000015478,0.000025036,0.000019025,0.000024716,0.000043070,6060d7b40f6264795ec6e4bb187455aa8777c9e8332d441cf6272d2f6aad6116
3670,1764562483.6523361,0.000023674,0.000015769,0.000026580,0.000017692,0.000023443,0.000036717,bbddedd80edcc91a0773e698a1eaee42f27de650327fdad5eaaaa4b56e8f6e97
3671,1764562483.653465,0.000023714,0.000015980,0.000020278,0.000015849,0.000018875,0.000035045,5725c06317aad1fe3c40717ff75809ab15281bab8e0c4588cfb002df80f17e70
3672,1764562483.654732,0.000021429,0.000014797,0.000021320,0.000021320,0.000027451,0.000048409,785979511caf59caf012ec5c08ec652d0e6c500dbd5bb093957495d9b38d4ceb
3673,1764562483.6561468,0.000020418,0.000015979,0.000027160,0.000022541,0.000030977,0.000054821,50cdc76205ffd7362b3d634dd9841b851917667795b9e3715346238f627a8587
3674,1764562483.6574361,0.000021961,0.000014747,0.000020318,0.000021550,0.000027180,0.000046997,b1b53c14a7ed538ba65146b5080ae6a7f159210b9f1243c08c21c1637df6594e
3675,1764562483.6586854,0.000020358,0.000014997,0.000020137,0.000019867,0.000024946,0.000043901,524d8201d1d852eec37fe4f6c07cbe8a0425e0b6c6ffa0652a478adda80aaa3e
3676,1764562483.6605766,0.000019967,0.000014516,0.000021970,0.000038241,0.000076781,0.000080028,1e4c9f907137188e49ee7d5e5ad92820422c91b2ce71192be727ddc2f92956c0
3677,1764562483.6621594,0.000021029,0.000015378,0.000038902,0.000022862,0.000033692,0.000043280,27c9c842b3da081d0715e758241107e449c09f0f36808b857a02dc3a8b767752
3678,1764562483.663449,0.000048239,0.000014687,0.000021009,0.000019346,0.000025547,0.000036557,660c84dff91bf2d92edf62b121163b72fdd073ea80c7a0111b8c24e087a72e45
3679,1764562483.6645567,0.000020779,0.000014947,0.000020858,0.000016059,0.000020518,0.000033822,ff1b9dff400aa55cc12819b69d6026d3ef3565899dba9b5c83085d43a198d747
3680,1764562483.6661336,0.000021029,0.000015239,0.000025888,0.000024335,0.000045705,0.000046426,7c470e234cf7c6628a80119f602a6318125bae7f18804a91bcbc2c831663b48f
3681,1764562483.667844,0.000022341,0.000015438,0.000020819,0.000034764,0.000060021,0.000070129,bf0c57befd04fbcf01016d70cfdd12e2e0dd8e64cdc642b9c716c7b3e0159157
3682,1764562483.669212,0.000022071,0.000015749,0.000019336,0.000016140,0.000020047,0.000033201,2feac009ead8202067771a956790ddb6453aede813d447e7c567dcdb3bde5ce3
3683,1764562483.6703167,0.000020057,0.000014958,0.000019356,0.000022922,0.000062075,0.000032961,7798b2fe7851e15295e1b8afb4dd97f439ce0ee11f21f92d3e42634964654477
3684,1764562483.6714127,0.000020638,0.000014787,0.000019596,0.000015219,0.000018534,0.000032991,850f9bff59aa2048b0c1b4c49e7116d4ca372aa4237cbf45c513faa4b6eb917b
3685,1764562483.6725802,0.000020217,0.000014828,0.000019326,0.000017643,0.000022621,0.000039623,871cf274037675536233b9347def4b2f6eb9be9adc4561820cf47913d920182c
3686,1764562483.6736767,0.000021419,0.000015178,0.000018844,0.000016019,0.000019215,0.000034333,5e7c6f749045ede3dbfbd528498a9b46e44f763f860c849d28674216d716ff76
3687,1764562483.6747687,0.000021009,0.000014117,0.000018885,0.000015569,0.000019486,0.000033402,763aef839393fe980d3013bc61d4d27133bc3b5f05984e66a50b96a44f21d0bf
3688,1764562483.675876,0.000021510,0.000014487,0.000025437,0.000015579,0.000018765,0.000032890,3da45fc6b00e480f3b540d8e4c8adf6cd74610a72a26ea8a416a9d4d206051d0
3689,1764562483.6769342,0.000020007,0.000014487,0.000018504,0.000014828,0.000018414,0.000033542,5af24eb58b949b71469fd03c9e4ce6fcbfdaf49c7d965d6107663da4cc939815
3690,1764562483.677979,0.000019707,0.000014086,0.000018625,0.000015128,0.000018314,0.000033181,5a54104ba1bb6d3df47c7fbe4ea776637acdf7bd72e9ca6c5a3dad69e2c51275
3691,1764562483.6790676,0.000019797,0.000014276,0.000020558,0.000019777,0.000033402,0.000032741,2121120fbe20e829a1ff6c037735951a248bffe802ddede218168b22ba31ad2a
3692,1764562483.6801307,0.000020488,0.000014627,0.000019546,0.000014958,0.000018474,0.000038181,9a4a4290b760e550d11c46d9cd0b466919e2dc65521700e9bbcd8373c3f976c9
3693,1764562483.6812806,0.000020178,0.000014688,0.000020518,0.000016470,0.000019727,0.000038722,151348a41737a5e6b8d07456eba89ca865a5ff525c05b87bd7be8e0b2a7fee27
3694,1764562483.6824508,0.000019877,0.000014486,0.000018634,0.000017052,0.000021750,0.000034334,71d1e6b99978eb748bda65e07c1e77074745f19f4d21647438ef35ad2a14cba0
3695,1764562483.6835616,0.000019566,0.000014437,0.000018594,0.000016290,0.000020388,0.000032870,00cf95f1d87e4457b57f3cdd9a1d0a0e974a7ff65abf0bcb11e2bbdad3df3a77
3696,1764562483.68463,0.000020057,0.000014587,0.000018635,0.000015759,0.000019176,0.000033011,4e9af5547e44bb9591efb198b7e84d35800b07da6b67654ffe9c5fea28edd675
3697,1764562483.6865616,0.000019717,0.000014316,0.000021851,0.000044743,0.000102339,0.000088604,3f9aa95423a83daa86e2621dd9299613904a9dc1c94965e82f5efd21ecc5744d
3698,1764562483.6877086,0.000021009,0.000014737,0.000020257,0.000016260,0.000019696,0.000033892,686e9da9540eb44e0de502563161db59ce3c17a824b01ca03a059fc9895faf5c
3699,1764562483.6888142,0.000020217,0.000015739,0.000020869,0.000016681,0.000018754,0.000033251,898cba4ea0c3c00672cdcbc49b6a7a7340e9677c76968c7561852a90e1fd9e56
3700,1764562483.6899564,0.000021370,0.000015107,0.000019977,0.000016601,0.000020548,0.000035536,c835b5b3f6620e21754ab4af0a374f102efa7e2115f933da03b8bd9b7928ddaa
3701,1764562483.6916177,0.000020057,0.000014818,0.000019025,0.000036156,0.000051195,0.000077513,4c900c29d3a0ce6ff08496e32370573dca6eedee3ceec7d302b476ecc1b81220
3702,1764562483.693053,0.000020248,0.000014336,0.000018915,0.000031188,0.000036217,0.000064589,06a2e4adf94164197de4432715617edbd6f740f4a695527fd0eb3fb44b6cd9a9
3703,1764562483.6941133,0.000020829,0.000014076,0.000019095,0.000015298,0.000018605,0.000037980,10e3365be68ef95ccd07912e74b02e5d357921aa2534b65c683359c5b620fd8e
3704,1764562483.6951582,0.000020017,0.000014777,0.000018975,0.000015499,0.000018605,0.000032861,6f93a4e74b9b7ebc2edb80c44e5daa74598d6864272c823ee17350ab881a3624
3705,1764562483.6962426,0.000020318,0.000014166,0.000020097,0.000014877,0.000018144,0.000032820,e1ecdace3e48842c7d86be0e8e21397920f9ea22e1db80e608765e282291c660
3706,1764562483.697442,0.000020227,0.000014517,0.000023984,0.000015900,0.000019235,0.000033923,f78da759e82c3e72ebc33d079efe928b9d524bb6682a3f6990c5f2c2670b60ea
3707,1764562483.6985276,0.000023604,0.000014527,0.000019466,0.000015649,0.000018083,0.000032610,1aa5121e13328e496f61aa809c2392690e919c00b182edcc8741b111898a4f68
3708,1764562483.7001297,0.000020759,0.000014637,0.000019466,0.000036838,0.000061423,0.000076802,39c2ff624f89f2c7924125b26100f91e5128a2f229147d5096b5706854822bd4
3709,1764562483.7012167,0.000020097,0.000015168,0.000019255,0.000016160,0.000023674,0.000033351,2119df51b700cf0ff5ca079a5339f4e6709f119017b1e26cb55f1e6fff3de62a
3710,1764562483.7022843,0.000019546,0.000014527,0.000019846,0.000015789,0.000019075,0.000032460,f463e9d61691a6b5cf9e05eb5e1f8778ed0fa7f623781ce1cd04b5edda84d513
3711,1764562483.7034369,0.000019727,0.000014267,0.000020458,0.000019116,0.000024225,0.000065891,8dfddeac4fd00841c2195357d7b3e075e561e4ad07afa86f9641cc2cf3475166
3712,1764562483.7046814,0.000020658,0.000014697,0.000023854,0.000016601,0.000050453,0.000035085,67287f8efc56a039d96d82b4d906074f04c75c4911d63e56447463c1e1e6d425
3713,1764562483.7064602,0.000024135,0.000020408,0.000023854,0.000050293,0.000055723,0.000073005,608925ffebf5b084ab9fa8e53194b426c69fd9e25f8fb6748e7124cb60902537
3714,1764562483.7079387,0.000021029,0.000015328,0.000034544,0.000018465,0.000028552,0.000055803,26d0fd640414dab3a82dd471fca6802c44be40e21edf003a47ee3c7e0baa2a66
3715,1764562483.7095897,0.000033161,0.000022251,0.000025717,0.000021150,0.000041226,0.000046366,678cb18f74589e01cf7d1ab654d913bb1bbb5aad1186d70c9e737ad9c1bb1118
3716,1764562483.7121449,0.000028973,0.000018554,0.000020648,0.000020849,0.000036638,0.000048430,4bb40f7d5f93bc05a63f573946d5afe9d27fcb56db3e4c53416caf18815d7791
3717,1764562483.713342,0.000021741,0.000015188,0.000021920,0.000015949,0.000019185,0.000037199,dec6edc396d9629a9103371353969c14416afec568f6c7c6ddc536f055d806b0
3718,1764562483.7146049,0.000021670,0.000014807,0.000023784,0.000017722,0.000025857,0.000039423,73cc41d0b4588a87f355761d65f0c835794f51c4b937f9488881dda81bcb836c
3719,1764562483.716276,0.000023544,0.000016380,0.000054430,0.000018334,0.000025677,0.000039192,063a99c5c41366ad18c43260cba0c78a2bb7f21be3dca42a214d32a356b7de34
3720,1764562483.718275,0.000039473,0.000018865,0.000050193,0.000027390,0.000075510,0.000047868,e46038ebb2e7664647a413c860f7beda2d7b13ed141fc534948ab14be5acfa85
3721,1764562483.7198036,0.000027882,0.000016641,0.000020308,0.000019466,0.000036838,0.000052537,03324ab5d53fd7852a2aa691caaa3a0d65fe31a9a0b0da40d985e4f8522ed91e
3722,1764562483.7209759,0.000021670,0.000015709,0.000019396,0.000016110,0.000021309,0.000036387,b77b7e02c33dfb65e5b90cf46bf60c344615d6dafe8bc5c74c707993ee452481
3723,1764562483.7221618,0.000020749,0.000014256,0.000020688,0.000015118,0.000020078,0.000045575,3246739a431c1d72e8c28528a8410fe1d2dcc678c91d745644bf86b492a4a783
3724,1764562483.7232993,0.000022912,0.000014787,0.000019537,0.000015709,0.000021009,0.000035506,bb2c11cfd87cba3372c98dae7cf23fd1a72c745ab36e262c6b806112580043fc
3725,1764562483.7243853,0.000019416,0.000014126,0.000020578,0.000015639,0.000019706,0.000033181,f9c59436048a16fdc12c60aaac1951e7bd10abeb50d683467873b1545a6b075e
3726,1764562483.726227,0.000024936,0.000016480,0.000032179,0.000036357,0.000051144,0.000079938,659c9ab4b5aeec2f81342685628a418d5d8a099b1675ef6549f507fde5b1a7df
3727,1764562483.7274446,0.000022341,0.000015609,0.000020307,0.000016912,0.000052316,0.000038531,34276d410712b833c1888f30e12ecb0a3e61fdd7c91b596ade23df1509eb1da5
3728,1764562483.7285712,0.000020688,0.000014567,0.000018874,0.000016130,0.000020478,0.000036197,85d9657ce51f152b612d7fa468c175205e9c0bd46b64d531312e387d2d75e633
3729,1764562483.7296789,0.000020267,0.000014507,0.000019767,0.000016290,0.000019797,0.000033492,3c37c282c982c65fed7ebc6f689301881da44bb8829ddcb32ef5b555ea42ff04
3730,1764562483.730811,0.000021670,0.000020367,0.000018454,0.000016260,0.000020117,0.000043901,2a314074d701f664be56bebd5f1b5f958f3aff2fe38e1317484d7db9080b7a24
3731,1764562483.731936,0.000020748,0.000015098,0.000020258,0.000018334,0.000025978,0.000033672,9a0de1f7e0f2fd1efff831f38f12ce3152997a5dfd729a691e221b2116bfa79d
3732,1764562483.7331963,0.000020518,0.000014988,0.000026339,0.000017182,0.000023063,0.000041086,863b7d1e5d63df8028fc37ae252e62f2b23550ca7140d0a7044818dce11f8986
3733,1764562483.7343907,0.000023934,0.000016120,0.000020007,0.000017372,0.000021189,0.000035796,988b690a8bfbbd65fdf9e7c090a6c0b2c7bedcb3462db068c1478f89a43a1481
3734,1764562483.735486,0.000021349,0.000015548,0.000019336,0.000016040,0.000018995,0.000032921,09eabbfb128e3f394fcbcde7e75fa05946e6f984367147edbc5cb01594d3d031
3735,1764562483.736556,0.000020127,0.000014346,0.000018825,0.000015478,0.000018945,0.000032610,012a861522f3fda766aed85140056c800f8b496099bd16723f41146c0549d0dd
3736,1764562483.7376604,0.000019927,0.000014266,0.000019256,0.000016351,0.000021099,0.000034233,a008c860b51d21edd7eac09023c9aa321c1d2d92085915b4ecdb55c0f050f094
3737,1764562483.7387664,0.000019887,0.000014507,0.000019817,0.000016670,0.000019526,0.000034103,cfda9ceebaad68af1088b5de5f8ff9393d2259a41ca081509026ea69cfc59f31
3738,1764562483.741106,0.000021900,0.000015028,0.000042479,0.000037279,0.000064980,0.000114261,184645b4dcbbd2569e8c21e0b7d68d9257df7df27b66e0fb59fc3779a75c73fc
3739,1764562483.7431514,0.000028182,0.000020648,0.000021299,0.000034404,0.000034925,0.000073105,4353d22ef0cbbf67979ba4132f6b4f42c60afb93e3492bb3a55bc3f578f22552
3740,1764562483.7450886,0.000021410,0.000015208,0.000019286,0.000037038,0.000057627,0.000072994,50375d54d986a3816936da573f72bb94e82661e34c7ad28c3afc9790b8425ab8
3741,1764562483.746179,0.000019917,0.000014988,0.000019766,0.000016550,0.000021860,0.000034113,4e797024efb180e79d6127e043bfe53c913de713a1d9b3f84f5883ff9835ae56
3742,1764562483.7473342,0.000020107,0.000014537,0.000020468,0.000018985,0.000023824,0.000039243,96fb6aff2c5e75850ad8dbdf7387761fc10f458b3717b5cd84e12b83a90090ca
3743,1764562483.7495024,0.000023393,0.000017612,0.000026108,0.000044392,0.000094274,0.000106657,bb267e516b14f55c0f6dc258fb628336e2eb9e7d4ba6bd495f5071b98d1c6d94
3744,1764562483.7511587,0.000025798,0.000019216,0.000021179,0.000018704,0.000026990,0.000036077,d45fc153a172840c1edb02c361a74c582768d49cf003a4884f13cfcea09d08bf
3745,1764562483.7522666,0.000021620,0.000014717,0.000020708,0.000016280,0.000020107,0.000033662,94403cf4344cb84c4a1d8c3b8a16b2865acd425985e6138691a57d3c3a033d85
3746,1764562483.753365,0.000020518,0.000016740,0.000019085,0.000015429,0.000020387,0.000033693,7fb1614422860b7a5e0f32c19d3c1321a21c09bcd442468b351cbb9b5a59d91d
3747,1764562483.7544253,0.000020107,0.000014607,0.000018304,0.000015288,0.000018845,0.000032920,58bc99913f935e4283750cc16d42d2efc0ca304544642deec76fbebd71644900
3748,1764562483.7556126,0.000020749,0.000015028,0.000022612,0.000016521,0.000021710,0.000037329,143a6c8528c2410d19bba9da1399df2ce84da0cbe55a3dae855cd7b8d037280c
3749,1764562483.7567296,0.000021630,0.000015248,0.000019937,0.000015910,0.000020498,0.000034503,de0376ac1a1887479745882d59c0a970be9bd353f2930bae7ca6a6f4ec490594
3750,1764562483.7578635,0.000019796,0.000016400,0.000019897,0.000016210,0.000021169,0.000034514,fc6035a91a86195a3b4103eb71aa52d823d9d0dbc55d4cc5db697771c85a9315
3751,1764562483.7590392,0.000021239,0.000015007,0.000020478,0.000016140,0.000021430,0.000035646,45d8136d4c375fad61f9fc6c314ea0700e10399401f64313fa96b220d8fd7483
3752,1764562483.760142,0.000020558,0.000014697,0.000019046,0.000015669,0.000018774,0.000040274,fa4664140f1341e2c53dfb14cdaabeea78ffbeec88eeb8d67f3b378905cc2c30
3753,1764562483.761255,0.000023273,0.000015419,0.000018714,0.000015689,0.000019967,0.000034443,ca1e7662ae6b94acf2736a9da28d5ea8e7c8c902fb19a85fc22481ce1344f920
3754,1764562483.7623231,0.000020227,0.000014267,0.000021059,0.000015829,0.000019906,0.000033161,403f8b9a5e2474681b8f827b537b402f4876616de660870bf78957ba25bd4c1b
3755,1764562483.763412,0.000019876,0.000014817,0.000019856,0.000015739,0.000019896,0.000033872,4a0799cb5fce5a2c428fe022f814bbb5a022ba2cb0d246f17a50a3fbcc4b06c6
3756,1764562483.764528,0.000020818,0.000016671,0.000018945,0.000015559,0.000019005,0.000034965,a51025b0caf569500a02ed4d15ff5e0e2ce9bdaec414da5904565a996641b144
3757,1764562483.7656024,0.000020738,0.000014617,0.000019686,0.000015338,0.000019015,0.000032951,cd4fdc5a502340703d5c2466ade4227c1d5fae8e14327db177c1a585e88243a6
3758,1764562483.7666702,0.000020257,0.000015308,0.000018574,0.000015409,0.000018704,0.000033282,04887e0b1e4c5a38831c251f078a2733eb7dbdd216702b421537d6860680876e
3759,1764562483.76774,0.000022010,0.000014958,0.000018895,0.000015428,0.000019627,0.000032730,cacdbdfe15e417d10610413ee343cd9329f10160a9ddecff56a2911a3bfe6370
3760,1764562483.768803,0.000025998,0.000021119,0.000018775,0.000015228,0.000018284,0.000032771,0c6ab0cc24c5bfb1cc2ad28032b0eb08526b97495fde9e325bde233c713544d1
3761,1764562483.7699027,0.000020909,0.000015209,0.000019285,0.000015789,0.000018955,0.000033121,4c1b2b6ef616deb1a62901b6a7720cece28a03c968a42ad802b4ed6dfbbefaa6
3762,1764562483.7710004,0.000020388,0.000014718,0.000019847,0.000015900,0.000019446,0.000033462,f4f9538345c9ea5aae15b6d97c6ce6a3cac4468fa12f68e0a7f87e4607790b1f
3763,1764562483.7720823,0.000019826,0.000014596,0.000020298,0.000016150,0.000020167,0.000033743,82802296edc823a19ec68f4535b89ffa16fcc34d618f2a3129040c41b8f51154
3764,1764562483.7731638,0.000020828,0.000014627,0.000019406,0.000015538,0.000019496,0.000033071,b71dc5b7697d68c008d55d2d1f31d8bf7bb3ae9a96d71eb7ddb6af23cc5e0772
3765,1764562483.7745519,0.000019636,0.000014597,0.000021730,0.000034523,0.000044752,0.000068166,e9d50d92c943365b8896e723514a6eacb1c0a4f7f5cb70a80779d5c6fa155e1c
3766,1764562483.7757692,0.000022522,0.000014898,0.000018985,0.000017652,0.000021790,0.000037620,1e3f0453f341fa1a1d96c6d3b98a619e820c207ed8d61cff42061307b2fb3122
3767,1764562483.7769089,0.000020047,0.000014727,0.000020528,0.000016230,0.000019806,0.000034634,08ae4164636f7c64be45ac1e61eb9c5cdbe5a7c6fe6b4130bfd89ededaf45ac1
3768,1764562483.778041,0.000020097,0.000014226,0.000019356,0.000015829,0.000018825,0.000038602,187a8b3686f6d04747bc4476fb78a04a20b1048227d30d63fceefbb43daef549
3769,1764562483.779219,0.000022141,0.000014937,0.000021490,0.000016941,0.000020808,0.000035546,b379ac37063b2ff1407bfed16577360085e5bd4aabb91498e1f00f9e02cbb636
3770,1764562483.7803292,0.000020989,0.000014868,0.000019726,0.000015890,0.000019827,0.000033742,fc561c0ad9a18106429c0e106c674c7024af94eadbed36f3d700d54d34f956b5
3771,1764562483.7823958,0.000019917,0.000014928,0.000028453,0.000038461,0.000070601,0.000077333,126b19ab76853c2d86a3f19fa9f1b8574bd556fe043758d59979510f45cd5d29
3772,1764562483.7838638,0.000024786,0.000015548,0.000022742,0.000022942,0.000036918,0.000047728,13d2e92400b7bf9e748f913528c0dc88974fb18d6e0bcebbd2c7625012005579
3773,1764562483.7851057,0.000022201,0.000015409,0.000021049,0.000018014,0.000024154,0.000035966,be675b0e05e88daea096bf207e3bfce9ead114198dc4244e234d24419a34173e
3774,1764562483.786943,0.000022832,0.000014907,0.000020919,0.000040525,0.000049291,0.000079887,bb7b227eee828eb2d2f693fd9ed4b9b4459cbe0652dc596e85baffebb12b68bc
3775,1764562483.788067,0.000022231,0.000014507,0.000020007,0.000016491,0.000020017,0.000036718,5954daf84797bd83a7b8ca5158f9cb3c59003ed2078efee31708b3baf72cfdaf
3776,1764562483.7892916,0.000021019,0.000014647,0.000026449,0.000016040,0.000028543,0.000040435,606fd596b16f8b9188cee1fdfba9740ec2574fd0b62f49e49683b0a21ec717dc
3777,1764562483.790509,0.000025207,0.000016320,0.000021860,0.000017743,0.000021029,0.000035666,2725c3099a9bbfbe4eb567ffba3ef6098d509f3e5df545dffb5f340c3297a10d
3778,1764562483.7925105,0.000021450,0.000016100,0.000033722,0.000023163,0.000053879,0.000054201,1d1274ca098bfdcbc9008670cfe3008ca0689ecbf43397d8d60dc1345a00b922
3779,1764562483.7941673,0.000025367,0.000016100,0.000027671,0.000021961,0.000038982,0.000049972,6108723a39e0e2af5f0576285649f85ab9111268ff858733fa0db214967325bd
3780,1764562483.7960596,0.000028061,0.000016671,0.000053849,0.000023624,0.000038622,0.000061414,30389edc9fe9e850a8d5536ee6905693bd492e5f5979608cc3f5b5cfc0241a8e
3781,1764562483.7983365,0.000028833,0.000017242,0.000038901,0.000028152,0.000060772,0.000084426,a6e6bf1736966bd71fce8bd88f4486f8a16b5052f0bbfc084871d62b20c1a0a9
3782,1764562483.8002641,0.000031559,0.000016891,0.000058047,0.000022000,0.000037059,0.000048440,34bfa02b260769df45cb0a9049722d625ceac74e577ef224965a9bfd93275884
3783,1764562483.802671,0.000030907,0.000018625,0.000035556,0.000024696,0.000064108,0.000064539,612a4d940988f340ad29980aed4549347d6b81f899c030921139a4654c1b877e
3784,1764562483.8048503,0.000034364,0.000018905,0.000032399,0.000030456,0.000055132,0.000066583,802c38cc5a8443b213c257cd0897b4418bd2c4018ca64da72fe95262ffbafeea
3785,1764562483.80773,0.000029935,0.000018184,0.000055052,0.000051105,0.000103521,0.000128948,1a1a20e2536f6d5f5b2732803588fbbd50cc92803b62fa48853c19ba8638b80c
3786,1764562483.8105004,0.000054320,0.000046787,0.000036037,0.000027711,0.000055453,0.000061775,95cb8a329086ef535ad1e92cc5109adf35ec075e59c2112bd799ccfc1af37391
3787,1764562483.8120952,0.000025678,0.000016501,0.000026329,0.000020017,0.000038091,0.000043730,a0c56b18ea2b6af08274c34194c0998ae273d0b4d71260e96195125a5912dfc2
3788,1764562483.8138502,0.000032560,0.000020688,0.000029424,0.000020628,0.000045644,0.000050514,b9a5c2d31c57d20b1fc8e541d218fda9ecc236c008586be8d404c4c3fb022cb2
3789,1764562483.8162189,0.000028192,0.000022852,0.000052087,0.000027631,0.000057907,0.000087501,420d18dff5b83f94b48f69f3be26ac2ac23812ad85847c34f63c2053c1763761
3790,1764562483.8185418,0.000037109,0.000019616,0.000067485,0.000034314,0.000079277,0.000077152,bac792da39c7cdd07586f9e2cab486f2f0cd05bf03561bdd360d92ac3e596bda
3791,1764562483.8217,0.000053208,0.000031689,0.000041988,0.000025567,0.000073035,0.000070981,8da10c3726565f33b76ab19e7bb1850a1fc5d1b5bb224103eb6afca6996e0135
3792,1764562483.8239894,0.000033923,0.000016961,0.000040826,0.000035195,0.000078555,0.000101027,2e4f6ccce661eb6fe2ff1a612da8ccb98c40ae88a7a7b1dc91e6a229d5dfa39a
3793,1764562483.826175,0.000029585,0.000019826,0.000023724,0.000040505,0.000061634,0.000105004,592c20e48ed75e5a71d0377dd18c441f7e4d1eb39e3f52e860a21ac1d9e0011a
3794,1764562483.8278844,0.000028092,0.000017933,0.000030366,0.000024686,0.000053489,0.000051716,d2227c4cd5ab3787444fb019da941b9f8cfc73f8931211afb94453be7c190ede
3795,1764562483.829529,0.000025668,0.000015669,0.000030847,0.000021400,0.000057466,0.000061083,900da2ef5dbfdebf894dc5cec9b36d75083f5768175f14e401814b327692a650
3796,1764562483.831557,0.000028462,0.000017142,0.000026058,0.000027862,0.000070791,0.000051716,1955f0f9d07fca0d8a885946363ce4efb0d76b14e469e98a46423f0d8ab0cc4f
3797,1764562483.8330076,0.000025587,0.000015819,0.000031879,0.000018344,0.000027090,0.000043400,8b6aaeb182fdc8d8c25c4adf6b9e89d0ef3c53a53a98a26d0386ac93e801d025
3798,1764562483.83448,0.000034744,0.000023023,0.000027220,0.000019846,0.000029345,0.000041847,356632e6d524ee0642f5a14ff9cd6b504de73df50c12a5e4682e7b1d5bdf952a
3799,1764562483.8366032,0.000029945,0.000024625,0.000069248,0.000022251,0.000040395,0.000054200,8fb494e79633e4240dcb77093ba5521938153a1e4e189d9f8a813c3c96fa9fbf
3800,1764562483.8394682,0.000054631,0.000025096,0.000046967,0.000024946,0.000049842,0.000073806,3d1111b223b6e26fafd1c55efa4fdf8776907325267124d7b993a1d988911f1b
3801,1764562483.8412144,0.000033903,0.000020719,0.000020899,0.000023143,0.000044973,0.000060792,dee4be8292830b89b12f0007660a6d19c887e833e6a3136ec4504478ddb41cba
3802,1764562483.8423836,0.000022632,0.000015199,0.000020918,0.000016480,0.000022281,0.000034904,061bde45521ea2adb5272ed7e75416a4ea29289f92117e7f69fbad16e7fb497e
3803,1764562483.8435817,0.000021680,0.000014817,0.000023934,0.000018484,0.000025958,0.000034514,8ece9797743e87ea33a2782618ba30e90e965df6e18da918e5b44174c724d92e
3804,1764562483.8450906,0.000022893,0.000016220,0.000035385,0.000018925,0.000030026,0.000044282,4500d50403baf1c525e4e836fb4548287ac0b854311cc9bdd4efcb49c77ee9c9
3805,1764562483.8474593,0.000027881,0.000017773,0.000078586,0.000027511,0.000048720,0.000067314,60f35da3f82d65f5041cf74383c2320b6148a5ff2dd23ec0efa9822192852a21
3806,1764562483.8500223,0.000044171,0.000021941,0.000037720,0.000030837,0.000061343,0.000075720,de5e9a1cec9347c2437c563522ddbf10a8a75d93c6e7c1e4350e577dc62752af
3807,1764562483.8520353,0.000035085,0.000019656,0.000021270,0.000030406,0.000093943,0.000050343,aa8d1713c33a772d758817501e026ba38f097467b9b7153e192c71d8dca953ee
3808,1764562483.853332,0.000022221,0.000015769,0.000021881,0.000022632,0.000029134,0.000041557,a229be2fde2080e865b1fd67cd114c919c66ff467a70bc35296630fdbe837374
3809,1764562483.854504,0.000021750,0.000014997,0.000019636,0.000016350,0.000020858,0.000035165,4457e293b4cc9b29bb858b308d9e0133d0ce6470d7690a029bce921589a97736
3810,1764562483.855638,0.000021399,0.000015138,0.000020748,0.000019676,0.000022732,0.000035385,362e404deb786378a8718c17fad6e3be8fed5fcbd8989b1a010da5cecb475fc7
3811,1764562483.8567755,0.000020228,0.000015579,0.000022311,0.000016952,0.000020528,0.000036246,f1d2ce03c2438a5d53f80f4ceda72bae11acf2998935f85db9189ce721d136ee
3812,1764562483.8580089,0.000023223,0.000016390,0.000019656,0.000017002,0.000022581,0.000037038,90a77337bed83d60c2e3c0431aa2721cc171a7492bb640aad4d2d72aba0ec53b
3813,1764562483.859194,0.000020337,0.000014797,0.000020398,0.000016571,0.000024034,0.000045885,35faa35c5a98c01794d03b51c000625e26d2966abbfba60ef58c29ff85b6b9a1
3814,1764562483.860366,0.000020198,0.000014437,0.000020699,0.000016831,0.000021640,0.000036377,c4462297b698daef89327a3eb615c4e05b52bd5c3608a006d0918a783ed150b9
3815,1764562483.8614697,0.000020478,0.000014647,0.000019306,0.000016290,0.000019927,0.000033122,f9496b8cc7b21fdfb005d67af6fc3a3418b4050c5d82ba9fd0455c273796c80c
3816,1764562483.8625498,0.000020578,0.000014687,0.000019546,0.000016039,0.000018965,0.000032680,146af96b08c9ea4e1abdddcf408ba659362f5529b049ad1e01b824720d7f5ee2
3817,1764562483.8636434,0.000021149,0.000014717,0.000020218,0.000015388,0.000018585,0.000033442,01b140e46f1eef11a6350c403c71d323a0f195848b1eb3d01835b504f810ca30
3818,1764562483.8647761,0.000020638,0.000014827,0.000020798,0.000016401,0.000022682,0.000034403,4acd1ab4aaa0a23d0641506f5d7fa7178f71e1d113e05e8b23c0739d3f4d18ae
3819,1764562483.8660479,0.000021871,0.000015759,0.000020097,0.000018033,0.000027391,0.000042108,01a4f72b17b5527e8e6ac42e5a8b5711765dbb2b49c6d2a41301d4cce97e3a60
3820,1764562483.8672183,0.000021851,0.000015769,0.000019917,0.000017231,0.000027731,0.000037529,617e256fdfb8bbd47b1f4fe5b4df5ea9e94cf509ecebb200fd6a8971ef7d1018
3821,1764562483.8684113,0.000020858,0.000014356,0.000019887,0.000016240,0.000020137,0.000035706,1d526c9356acc21478e86f38ce1a7b4b1ad11982033c3502b655f029efc958ab
3822,1764562483.8694947,0.000021069,0.000014918,0.000019676,0.000015609,0.000019376,0.000032900,fa7fcc4bd45a008539fb3e4111d1e3963bf54abfd6d9ce1075768785012fc1f8
3823,1764562483.8705473,0.000020227,0.000014227,0.000019416,0.000015649,0.000017893,0.000032911,909747193d102ef4508ee70529b5b90634d5c13997dffeb6018a2fae9cb4b75f
3824,1764562483.871606,0.000020608,0.000014477,0.000019116,0.000015318,0.000018584,0.000032911,257cc831ffac8d8e4a49f6662ee8d6c183fa6fc5d56b2e59b3041938fb2fc19f
3825,1764562483.8727138,0.000020358,0.000014567,0.000022211,0.000015639,0.000020368,0.000033302,13d9eb5eb7a428cedb01bc81c0719ab0d663acf1fd37516770a20619c252e2a3
3826,1764562483.8740256,0.000022792,0.000016270,0.000024025,0.000019065,0.000027250,0.000043861,8ea80d46fddc3e4e4cbdd4fb867281ab6862f22eecfad07a716bc17a0f31834b
3827,1764562483.8753145,0.000021700,0.000015929,0.000022150,0.000017362,0.000023604,0.000035405,63991c308a2fbf809f860ca2c21ee8e61551a75b518d79e3dc34ead30ffec91d
3828,1764562483.8765626,0.000021841,0.000015679,0.000027651,0.000017572,0.000021901,0.000037669,74ab0b211fdff81ab6e2002c0c92d4f0e829b35e4c7fc4cb784a876885c15ce5
3829,1764562483.8781033,0.000033833,0.000022381,0.000023072,0.000016921,0.000024265,0.000043861,27cd8accf1e878a98f4a457fc33b1e66dcdf37cb7e53bc678435993c0dea6bf4
3830,1764562483.879857,0.000021560,0.000015228,0.000020398,0.000025437,0.000051966,0.000051064,f545174e2abab8e7462a92d6fa7c1afc1453c334088c0dca3dc9658f81062617
3831,1764562483.8810925,0.000021059,0.000014697,0.000020438,0.000019466,0.000030897,0.000037859,72e1ea77da7d1e63026019919c7761a8d69028e75e14dfd90160f91288748c43
3832,1764562483.8824167,0.000020848,0.000014978,0.000022030,0.000019176,0.000031428,0.000044181,ede175c32c6563aa65c9d3786c600e1f7dec91c1e96e996748cfe953b1d6fec5
3833,1764562483.8838003,0.000022701,0.000014977,0.000022321,0.000021389,0.000025477,0.000041287,d299b781d4a0fa53daf64bd0d665b00e4ee580b2b8caf5206a3a0c6716c0cdf3
3834,1764562483.884934,0.000023924,0.000015358,0.000019576,0.000017012,0.000020728,0.000036527,7cd9be9278a3372f793f11196ac344f35276f2d6702dd2d5770d991b3d2194db
3835,1764562483.8873167,0.000022331,0.000014847,0.000028172,0.000038401,0.000106757,0.000066964,3c4b12a599b104c95a22057f07926fff1a7ad18998a54606dfd99e7e9b4b7f1e
3836,1764562483.8889062,0.000023243,0.000014997,0.000046415,0.000019145,0.000030917,0.000039132,96d4862146932ec3c83948223b5f56065c2067588c57f22a3f42ac7efdc904b6
3837,1764562483.8903437,0.000021260,0.000015078,0.000022091,0.000028152,0.000040224,0.000053148,d1d3cc8aea24fd703e50ab0e5a243def7c31227cdbda614daff27f8c7861b17d
3838,1764562483.8915725,0.000022141,0.000014847,0.000021940,0.000017513,0.000025076,0.000036627,a3caf9da4ecce13fe221275520293cdacfd5882d082d980ab7729a2d09338c7d
3839,1764562483.8927557,0.000021761,0.000015558,0.000019636,0.000016691,0.000022702,0.000035636,0c2edfb125959ec526594762ef06869509d73e1dc6e36751ab5436516a0c9ee4
3840,1764562483.8938286,0.000025357,0.000014576,0.000019546,0.000015970,0.000018404,0.000033823,4a22a60ca05f9ffed36a831e91ae462e1b2c8498fa523ee784447171c471ecc9
3841,1764562483.8949502,0.000021550,0.000014476,0.000020258,0.000015919,0.000018204,0.000033622,e5d5e1a10ce35940c6e16c4481a2784ce932602d93d3d2e3b903cb859dd2e497
3842,1764562483.8960645,0.000021900,0.000014797,0.000020638,0.000015699,0.000019757,0.000033662,c1d9cab07fc5ae9ecbe1f4a0b972abdf8f9867f52ab81208c48063fd1c090c17
3843,1764562483.8971481,0.000020147,0.000014486,0.000019736,0.000015609,0.000019226,0.000043460,eb3f95b14adf3ffbbda24f1b67ecacaddb8fc7044fccb01e76ce3e64ab46f2aa
3844,1764562483.8986382,0.000019756,0.000014587,0.000039663,0.000022382,0.000037960,0.000054220,9297f0d4bac7845d2d1b1347b8c96138959ad4ffc14703ceb1b891f6cc6ee665
3845,1764562483.9001336,0.000028472,0.000021169,0.000032119,0.000016541,0.000024135,0.000034985,4c11c105978ed6c59e89cea64522a527e74c30041fda4d35d6a47ac7e11d9fc2
3846,1764562483.9014852,0.000029174,0.000022231,0.000024816,0.000016280,0.000021841,0.000034895,bb4a1220ffd3a5c9396443f2a7e3255d01db150c0a165f05dd40d89242ff9628
3847,1764562483.9026701,0.000023183,0.000015549,0.000022742,0.000015268,0.000020157,0.000033462,83b40cf4eb42cfdc513dbeed770b47d7c48894d09ef1b2779fef7be1dd69cb60
3848,1764562483.9037945,0.000021209,0.000014707,0.000022802,0.000015078,0.000018565,0.000032900,2ad3f9da6194655fcdaee706a4fffb72a9a4108302276b2f622698f9f3db186e
3849,1764562483.905162,0.000028863,0.000017051,0.000032060,0.000017022,0.000024766,0.000044943,b3371542de4ef4f92003ffc4c96867505d9539707c3f237c5e0771cca504e2dd
3850,1764562483.9063983,0.000024205,0.000016581,0.000021740,0.000016972,0.000021460,0.000034894,455260a76a455f49bbb636b529277aab4d4fe2e4fb7b5f627c2248ddf25788b8
3851,1764562483.9076583,0.000021820,0.000015308,0.000023613,0.000015909,0.000022792,0.000034845,590a401b3369b9b4813703084c8bb12f03eb2bcde4be760c9a1a1a53ac788385
3852,1764562483.9089947,0.000023613,0.000017292,0.000021169,0.000016410,0.000024395,0.000036017,9717cdcb8d97473b5b3a2278ee237d04f6bad227198eeca287c767fe3ef6f24a
3853,1764562483.910178,0.000021610,0.000015498,0.000020428,0.000015478,0.000021590,0.000035255,26caf8a1cc0bb46b083a294d41e9fe3ace59a97dd7a0b2c6d89f38f18d31a159
3854,1764562483.911284,0.000020719,0.000014386,0.000020127,0.000015238,0.000019456,0.000033482,3e812b0dd21112510e68c0b8f9392762cc18b3db33da670e0f8d07b8367d98d5
3855,1764562483.912361,0.000020238,0.000014607,0.000019917,0.000015709,0.000018323,0.000033311,332edb1a7bce5746d4e7e3c8dd8f91c8d60e56604e9509adcb78c139f428fa33
3856,1764562483.9135587,0.000021219,0.000015018,0.000020899,0.000016390,0.000019997,0.000039303,99914a6cdc417dc02732f7dd28d268997de86a94266c71f6481f0d0de5ab586f
3857,1764562483.914692,0.000021039,0.000014727,0.000020548,0.000015839,0.000019997,0.000034013,d212353acfc37d3c7c7b3dfb90570cc04eb060636cc46d130b44d4e3535aaa1d
3858,1764562483.9158454,0.000019927,0.000021119,0.000022732,0.000015519,0.000020618,0.000034163,3fab50a1be09ec02a855bdb77215cf2f61ced7345844fef0d341fd385485b01c
3859,1764562483.9171245,0.000023293,0.000014577,0.000021089,0.000016470,0.000023984,0.000042649,9a652a68e1ecd7b747101ac73594188ab7f7e6c1c548dd46521b46c3cbd65888
3860,1764562483.9182503,0.000020478,0.000014898,0.000018995,0.000015800,0.000060311,0.000032831,a94566c24c9b4dc79454d7df33872c7b9c10e60fc01f5c9101ffe28c72836105
3861,1764562483.9202306,0.000019986,0.000014146,0.000026700,0.000039964,0.000067986,0.000077433,acffb24be739c9513006f153e09b5e2d2d6613171b87066c3adc8fb10a708f64
3862,1764562483.921666,0.000025667,0.000019125,0.000019637,0.000020458,0.000035897,0.000039092,4c9b9692e0ffdfe576ec3291822a594f38e6d10531b513411ffb79c19bc6a2a9
3863,1764562483.9229772,0.000026229,0.000028222,0.000020288,0.000019456,0.000027931,0.000041246,e37df243d31b7d0ceb8032e551f3307655a492b8c12fca9b0e65a62dc98df7dd
3864,1764562483.9241135,0.000020788,0.000014617,0.000024245,0.000016020,0.000020327,0.000033322,83689121dd3f20dca38726d0729076579fcf239ffd463c874c18cc4cfa317c1d
3865,1764562483.9262018,0.000025768,0.000020177,0.000024385,0.000045063,0.000081370,0.000092742,b7a7e9496c0777f34e99aef034fb0ee16c673a942801f9dbe35d922beb62ace2
3866,1764562483.9276109,0.000021069,0.000014507,0.000023524,0.000015880,0.000020858,0.000033392,119d862731839f03d0cfda12a8c9a48ddeb2172cc1187aef67ea2f1fed07bcd2
3867,1764562483.9293497,0.000022843,0.000021700,0.000025327,0.000024595,0.000103401,0.000037499,4ba1fd2f47e5948a08983aa17112edc9d3b34c8cfb6b4cd4e2a2ef4d2dc265be
3868,1764562483.9305224,0.000025497,0.000016060,0.000022561,0.000015839,0.000019767,0.000033742,1c6dc3f905b686151a7d460886784964350e27d7e82f369d7ff4c07dca004979
3869,1764562483.9320512,0.000021830,0.000015348,0.000022551,0.000022992,0.000044993,0.000044953,a8fe7316cc8d2fa1856c813dadd17d0373f74efbce9eacd1f4fcabbad38c91fe
3870,1764562483.9334679,0.000028983,0.000017533,0.000020528,0.000021600,0.000042689,0.000040825,61e9f0d813ac6df62cca281f9d8a5935666a783461bea20676475c6ec1af62d1
3871,1764562483.9346092,0.000021039,0.000015248,0.000021510,0.000016680,0.000021770,0.000034564,8d91c762e25f1ab15f6e7277acf07e362091f4382b838c1f08e0e75d6452cc76
3872,1764562483.9357924,0.000048390,0.000015909,0.000020628,0.000017212,0.000022421,0.000037509,f06737e4b510560fefb0e3213b447ee68b53f91f1c39b9d34ec1376e20cf197c
3873,1764562483.9372232,0.000020338,0.000014847,0.000019587,0.000021089,0.000042949,0.000042068,02ed83dfe39ca683ac8b626a6384677e161d759f3055bb496074a32db8759ee6
3874,1764562483.9383974,0.000020377,0.000014637,0.000022922,0.000017151,0.000021459,0.000035295,2626b85dc602cad44c63f0b9daeeb1c850006a19d0cbefd2ae3679001ad5c6b2
3875,1764562483.9396946,0.000022532,0.000014467,0.000020668,0.000018414,0.000033772,0.000040925,3df43618137ff8e36a0d131668bb140f00ba53dfa0a225991ca2c553a1cd9722
3876,1764562483.9419453,0.000020598,0.000022211,0.000026920,0.000045644,0.000075991,0.000079537,9f1cbf97e7faf1df6fff242ad4296574de17ae1e3b00ba4d5a1bb51f1e8a1890
3877,1764562483.9432766,0.000026148,0.000015078,0.000021450,0.000022672,0.000025978,0.000039833,57549a4578cd2686e4c23f11e4d77c41f8a6516e1aff71f3ddc4c327cc9989af
3878,1764562483.9447765,0.000021279,0.000014887,0.000019255,0.000032881,0.000040955,0.000067114,bab192a8758da9f1efaa86e41335f9a2bf6fb198021eaa7ba61803d2916c7d20
3879,1764562483.946181,0.000020338,0.000014777,0.000024234,0.000032681,0.000030576,0.000066803,363b5f21dfe203e5e1d44da01adacafd120a4790cf0ebbf40a6d7d2052acef37
3880,1764562483.9473293,0.000022862,0.000014327,0.000020128,0.000017092,0.000020888,0.000034974,ac222bad94dfbffb887aec6fcbf89a2a0186c8b49f4b9a96e65bba16903f3fc0
3881,1764562483.9484198,0.000020277,0.000014707,0.000019486,0.000016360,0.000020218,0.000033782,23f1ad7bf9ed607efa39b85de07fc844de2572fcc4acf87b87988cf42c020f7d
3882,1764562483.949838,0.000026679,0.000022552,0.000030045,0.000016200,0.000021850,0.000038772,24e103abaa5859fe4d4526a73fbd4f5a6ee13745b64da0158f3007b1c038148a
3883,1764562483.9513311,0.000028253,0.000018925,0.000021560,0.000016932,0.000021199,0.000036708,76ce8543164f931494552329e2e52bf40e71d2446b90b229fe74508cbaca350f
3884,1764562483.9525464,0.000021850,0.000015248,0.000020047,0.000024194,0.000067765,0.000035105,d7766dab435f45bdf0854f60e94d204d54b06e10d54a6c2a7825ebb8f939c1fd
3885,1764562483.9536557,0.000020659,0.000015008,0.000019456,0.000016410,0.000019837,0.000033091,cddcbbfd215663a379670be8e4e2a93761e80b653ef6cb4daa1e9e048ff31d08
3886,1764562483.954752,0.000022081,0.000014747,0.000019256,0.000015919,0.000019346,0.000033041,8a387b62d201b4c2110f6c61c88dba43334e72c7e919e7da1a77f8a2542b6ce1
3887,1764562483.9558532,0.000025547,0.000015108,0.000020678,0.000015649,0.000019336,0.000033331,b888d1796287362f5eb353b1932dbef4ab7130bef5bb8d51c83aca7b65cf95d3
3888,1764562483.9571497,0.000027711,0.000022942,0.000021861,0.000016340,0.000020408,0.000034274,f0abf4e468aa838fdac878d77da9254b18da67e8a624197feb7b7172e8443c0e
3889,1764562483.958345,0.000021720,0.000020318,0.000021209,0.000016580,0.000023363,0.000037299,a6f20fa78c9909067c25aa6dd1d521095b0168ec78991bcd159106da060ed9af
3890,1764562483.9594464,0.000021850,0.000017001,0.000019346,0.000015749,0.000018785,0.000033081,abab3f5e45c74fd192f05f31a8f87d1dd3bccd0cf56ee285034b7d5389e4821d
3891,1764562483.96054,0.000019737,0.000014397,0.000018955,0.000015038,0.000019136,0.000032911,b52c49cf1ddcae2fe39c6538857ba46e87e8159b64c5f34322843a1c4a2950f0
3892,1764562483.9620943,0.000020027,0.000014366,0.000040364,0.000015439,0.000019045,0.000032690,e7640378b898c200d7dc6f3e60a4850f1a71c774930bac368c6c15426ece6e0b
3893,1764562483.9632685,0.000022241,0.000015249,0.000021129,0.000016510,0.000026509,0.000033241,b714ce7edef553a8d9f719e49a560c0c8c54fc0d1e2a1d85477cc9718c2831f4
3894,1764562483.9644496,0.000021019,0.000015218,0.000022321,0.000015859,0.000020378,0.000035245,4f2af3657eb6357235740cbe0e022501e25f9523a04c1f3b76b5f10f5a346a6a
3895,1764562483.9662006,0.000025577,0.000020738,0.000046376,0.000021790,0.000038651,0.000049732,7fcf2a4d8ec20834a6dd8b6b6405b91331bfddbc205de600cf2f17fbba4f9997
3896,1764562483.9681811,0.000029404,0.000015819,0.000024565,0.000025757,0.000047848,0.000076922,5b5671b30716be0aa44bf290d068ccf0e063ec7eed98fb04f86288a6ce8c2586
3897,1764562483.969767,0.000025326,0.000043601,0.000023564,0.000017853,0.000030306,0.000045975,daa7862478f95d1222553cb1f8a9ee6cdd17e6b7c59208174e5728f4cd96dda6
3898,1764562483.9722192,0.000023373,0.000015518,0.000021780,0.000051475,0.000116125,0.000093403,4153fd5c4f6c07601d8854ce011426cfe9587131c255282ea27aa142cc41640a
3899,1764562483.973623,0.000020448,0.000014908,0.000024956,0.000019566,0.000033872,0.000040024,02d187be046ff1cf2aae427980774c0ac7e3578d8c74a2c6ada1a4dc5b049566
3900,1764562483.9750385,0.000032781,0.000022492,0.000022391,0.000017723,0.000027170,0.000037820,482b114347adee58ce4b417ae1d54731ff0f85427304ae237969c439e13d4a5c
3901,1764562483.9763129,0.000021539,0.000015779,0.000021980,0.000017342,0.000025958,0.000037970,d724e9f6b6cbdb1fc24f4b70002b3a0aceff2d015bfe2a044912c7c0b0efb9d6
3902,1764562483.9774752,0.000020648,0.000014698,0.000021619,0.000016841,0.000021149,0.000035595,38292d3d8524dd34662b0d0c9c954dce120601de95010da9e30523b4895db2af
3903,1764562483.9786048,0.000020848,0.000014517,0.000019656,0.000015799,0.000020468,0.000041016,4456c25a52aefc19a72013e08753ec4edd4effa9c319d9968b638056951f2190
3904,1764562483.9797525,0.000019767,0.000014837,0.000024676,0.000015508,0.000019456,0.000033422,297d053b754c55ac317f56ca8fe196b0fd0f2511d58251705a1a1b74cf2c81f7
3905,1764562483.9809632,0.000024386,0.000015879,0.000021580,0.000015970,0.000021640,0.000035195,17ed979216657da553b535df6f5db52aec9926be5d362860c127d0bce44e08bc
3906,1764562483.9821198,0.000020348,0.000015108,0.000022010,0.000016381,0.000020698,0.000034925,b564f629da6d14e930a9a2e0cca469a1bd5b301e7d3e547e49ac83b0469e273d
3907,1764562483.9834764,0.000020868,0.000015047,0.000022752,0.000022091,0.000032520,0.000054160,f1e41ee51608b8d6c918e0908694796e1cfdb6a52b9b1a9617e014ab204b9964
3908,1764562483.9846451,0.000022151,0.000014587,0.000019296,0.000015428,0.000020428,0.000036096,180ea02e77262094a8779c6c2aa285b51ff4fa16a0584a875f6631dbb06141af
3909,1764562483.985876,0.000019746,0.000015058,0.000026249,0.000016610,0.000022631,0.000038462,7e11c80950ddba8f92a65cc9c54708e2d09c980c664c8bfdf61b2622512fcfce
3910,1764562483.9870846,0.000023934,0.000016160,0.000022742,0.000016320,0.000021981,0.000038822,cd23b6acda647d690f58b9816db71e47b4d4bfabc7044b6dcd5078cb15c1516f
3911,1764562483.9884446,0.000022242,0.000015258,0.000026359,0.000018114,0.000029855,0.000039383,ec091dbd2fd3b235b190613dce5e39a7186cdc81323f14a92f35fc039b03993d
3912,1764562483.9899755,0.000023123,0.000028202,0.000022622,0.000020037,0.000031278,0.000051305,98c38a95a65f60cbb2c406a46b4cb2a1bbcf878f38d5c989ce01a2fbe08e5422
3913,1764562483.9911845,0.000021660,0.000026850,0.000021991,0.000017212,0.000021681,0.000039944,5fbe5ead35d5135c7d64ded1c6bca165a4ab00cb4d3df210d9c4e342ecb164b2
3914,1764562483.9923537,0.000020889,0.000015298,0.000027200,0.000016120,0.000020357,0.000034614,b195259c5107d9634c86da15e1cce8cfa8a380ec946d070fbc6887464588d92a
3915,1764562483.9937718,0.000026729,0.000019386,0.000027200,0.000023975,0.000026198,0.000039613,e4181ea26b43987816a26dea86d20f4807c40e0798b71d9289c1ebaec4ee652a
3916,1764562483.9951487,0.000023553,0.000015869,0.000026359,0.000018555,0.000029705,0.000042850,8d037a3c0af3b0bc54d43b794f61498dffeb6ea894d54dd770be33d975071e08
3917,1764562483.996447,0.000021550,0.000015369,0.000022232,0.000016550,0.000025017,0.000040685,a84ecab9c5a24877f243a8f98b223c05abeb13fb5a8c4751c8417df85af191c6
3918,1764562483.9976077,0.000022011,0.000014807,0.000019436,0.000016411,0.000022151,0.000038090,24e8d02b0d362f170d251006448ed4a7f0874144111f57ab36d3dffa85a8d9ae
3919,1764562483.998708,0.000022171,0.000015428,0.000021350,0.000015349,0.000019626,0.000033552,f9597fbd9fa291d2b2c6c374ba2b0bdbb93a21a96f8d4d147d3426d634213315
3920,1764562484.000885,0.000021129,0.000016030,0.000034314,0.000046316,0.000090637,0.000096068,fdcf51df3db0f223b9d1fcfe6d6a314a0a908a9cef5475468187c96ef2879f0a
3921,1764562484.0024474,0.000023484,0.000015489,0.000025307,0.000017692,0.000030987,0.000036156,7e8c531ed20791dad5a7abe8e7736330f082a1f5cb469c9794491b8cf5a17c7d
3922,1764562484.0040522,0.000027200,0.000018775,0.000036287,0.000020778,0.000037759,0.000046426,bba47abfa7c679d5f665c5cdcdbdfd97936dce77d6477952eee663d3c55c9b3e
3923,1764562484.0055773,0.000026859,0.000017322,0.000021129,0.000024736,0.000039543,0.000062075,72e59f3d4ba0cf5496c7bfdf164f8ea4b5352848eac65aed8999587a48c8da72
3924,1764562484.0078874,0.000021549,0.000015659,0.000032310,0.000044883,0.000091169,0.000093092,9be34eee574d5cf645d464d0c2288c37870fd403fe6dd8568d09880e26b2ac17
3925,1764562484.0095794,0.000024115,0.000015579,0.000023304,0.000022612,0.000046256,0.000052217,ce1bb8471a4219a2cb853ee5257d72ab6b9d05d78cde21d6c1679eebacf2dfe4
3926,1764562484.011703,0.000022832,0.000015699,0.000020578,0.000043510,0.000068006,0.000086289,94a0532d9c16f2e8de30a653ce91bd1a0bed136c6f8d262f94d0336210443137
3927,1764562484.012917,0.000021510,0.000016721,0.000023043,0.000016050,0.000020458,0.000033682,b735ba9f421cc73bb4522c3fdf8cb6829c4e53858b21206d08c0e99264626733
3928,1764562484.014214,0.000023484,0.000016500,0.000020578,0.000018654,0.000024355,0.000043381,2edf064f6867cf6aa8ca2d35ff5fe95c0640a260d33f7ddb6dd8056586a8b66a
3929,1764562484.016191,0.000021460,0.000015519,0.000033522,0.000043951,0.000080789,0.000078745,4a32b65772baeccdde4dcc763cf31f4cfe170504b471bb7d61ab001bdacfc6c0
3930,1764562484.0182648,0.000030156,0.000017382,0.000037209,0.000021340,0.000040906,0.000047307,8d5b0ecd5b0be2f02ded610163133394dddd63c12a55d5cb58ca3a18a8473458
3931,1764562484.020055,0.000034053,0.000020348,0.000024215,0.000021810,0.000041537,0.000057937,9da154244fddf61a75ef38e906417942c1fd981332e46c1bd597676f18f6d87e
3932,1764562484.0225737,0.000025467,0.000016831,0.000034855,0.000046847,0.000096227,0.000087632,4c5613c2264f14a73a0c7ac5eebab591a8a2b3267c1b00b00a7f183675970a74
3933,1764562484.0244684,0.000025357,0.000016391,0.000036147,0.000023904,0.000045765,0.000068317,1cb4e45e5ad88922793ee065f8c340017e4f26f49086edf976f960e32d9f0982
3934,1764562484.026579,0.000030867,0.000017703,0.000024446,0.000024816,0.000049241,0.000047118,75240128317698758d56e85e81f72d15ea944eb726657e0f93703c5455c447be
3935,1764562484.028781,0.000025838,0.000017162,0.000020057,0.000030907,0.000079857,0.000057556,2a7f8ccafcfb12afb13f7c0847eea030725024fade1c192ceb21eac5bff1b2c7
3936,1764562484.0300949,0.000022351,0.000015398,0.000021741,0.000020427,0.000026829,0.000039854,ad2db9e64ec640827867ee53839530f4e20c20878872e40071b947dc66e5d391
3937,1764562484.0319238,0.000021129,0.000015298,0.000039002,0.000027821,0.000062566,0.000058599,b4f472c148f327ff815411bfa8e8db0ac86efd57ff2d67ae2b23ce3610eaf850
3938,1764562484.033578,0.000029614,0.000020778,0.000029164,0.000025257,0.000047848,0.000048550,dfe2cfa1a3024978ed0593828842e5d97f33cab44dbd7144c1670515bdb82d59
3939,1764562484.034862,0.000024004,0.000015509,0.000020578,0.000017292,0.000024135,0.000036307,0a55524a7878740eb3660b30c9bd8dc8f671c4abd8d8192c6ea3cddc66379822
3940,1764562484.0360236,0.000021028,0.000014858,0.000022402,0.000015819,0.000020668,0.000035275,166c27831d6bb6f8c0f13a13828d359b60d0f8da40964320913a1677eae85349
3941,1764562484.037235,0.000020308,0.000015709,0.000027791,0.000015959,0.000019766,0.000041206,02f63617fa86eea49f0cb5fac7950df786bcf7edd8a35f2a9fcf37754d62beab
3942,1764562484.0389552,0.000024195,0.000015238,0.000021489,0.000032991,0.000042117,0.000072664,f61eeac933b850fce62db6f82797a43f755245218fcad399bcdc4d280d7a2d48
3943,1764562484.040387,0.000020327,0.000015479,0.000030576,0.000025026,0.000031058,0.000040345,ae1da50eda79875e379edce77d6be4353054b8fb2988adf6db6a118363a28d61
3944,1764562484.042063,0.000025707,0.000017402,0.000025697,0.000030086,0.000031017,0.000058358,fdb83e13e9d4411856edb1cceef3acafe5cfc4b2edc0cbee3e4603e766fb2de1
3945,1764562484.0433557,0.000023474,0.000017151,0.000023904,0.000021309,0.000026610,0.000042789,bad422640f41baec431867698a6288c726dc95d6a4f49c0745d1e8dcc980bf14
3946,1764562484.0445466,0.000021930,0.000016961,0.000020097,0.000016651,0.000022542,0.000037449,95ac61c803813fcf436cbd4759bcf0080e9f5ab7390d1cb333ee50ac76f8e952
3947,1764562484.0456753,0.000019587,0.000014467,0.000020287,0.000017573,0.000020648,0.000033431,e2a17a463d54461a5b865238cb1e790ed7825a919f1a7d0fbb51c700b3836f04
3948,1764562484.0468047,0.000020077,0.000014426,0.000020518,0.000016340,0.000020128,0.000033312,095dc091d0bb7f5ac0f4788f822c75ebfcf819e0b107c57d24757004c57e3eca
3949,1764562484.0480115,0.000021270,0.000014987,0.000024936,0.000016761,0.000020408,0.000041016,a46ad7b32c2ba35b6a4db322b1510baadbfa8e5574c4a9c58e92c1ad8cdc5080
3950,1764562484.0495315,0.000029725,0.000021309,0.000029444,0.000018123,0.000029164,0.000042408,a232eea5e66d90176f3e8ef3d81e0702da21c365619265b9b1a9b49065d28401
3951,1764562484.0508633,0.000025467,0.000017322,0.000019996,0.000016611,0.000023533,0.000038582,12386bd97f3ee08c198d011c74decd294c1b007a727834a50dd1f93062fff70e
3952,1764562484.0520072,0.000021099,0.000014987,0.000021530,0.000015679,0.000019506,0.000033432,56e5661c00194968900e5741dd264b0623ed828d2bc43e2bf0fce8b578d8c9a8
3953,1764562484.0531018,0.000020748,0.000014808,0.000019757,0.000015549,0.000019176,0.000032891,3e81ac17d6156eba6331e0a9ce3af8be356d41cb2e54d1f4ff8d3d3934f6da6f
3954,1764562484.0542107,0.000020137,0.000014607,0.000019546,0.000021149,0.000019125,0.000033502,63c87358750d9606b2d629fb1552abb72629752eda543f18cf860c27eaa2581a
3955,1764562484.055495,0.000019676,0.000014577,0.000029464,0.000016931,0.000020628,0.000034133,3605774e45f21777f76d4c5268cf046b9b9c63905793862ba500d04692a076bc
3956,1764562484.0567396,0.000023854,0.000016029,0.000021650,0.000016501,0.000023884,0.000035646,7c60fb538a2db6cb4eab44fe90bee510f9f0912e1033a36d78c91e939044d119
3957,1764562484.0590882,0.000025317,0.000015379,0.000055312,0.000049170,0.000091609,0.000080259,f831dd86a5aaa5b05a0bf5d6610fc93b6ac6dba5c866eaeb890d481397e86892
3958,1764562484.0605764,0.000048880,0.000016821,0.000020648,0.000018224,0.000025377,0.000040324,bacc2c25a454084aebf5062a3ecbf4a8e401adabb20343ce1b3ba4ba6caa97cc
3959,1764562484.061697,0.000021529,0.000014677,0.000019777,0.000015719,0.000019045,0.000037780,648462aa2f6a3f393a546e000dec5624d0cbed8e1198201b253b81b548440ee4
3960,1764562484.0628295,0.000020858,0.000019967,0.000021009,0.000015579,0.000019867,0.000032781,ab34bd8d286d0f4695a121f5f8863dfd6cb73cf74e91e4eb796e3db595e320ef
3961,1764562484.0639846,0.000023223,0.000015118,0.000020358,0.000017513,0.000020628,0.000034674,86677fcd3aee7b128440a960a2da8ec07fcd2d8a5cd1d2717c7b64423402a0f4
3962,1764562484.0654635,0.000020488,0.000015488,0.000022141,0.000023864,0.000046185,0.000046526,73369791b76da8eafe3ac4a60f3554d844b8aa51a22657a8d35cbe394ccc5477
3963,1764562484.0670397,0.000022201,0.000015088,0.000020959,0.000023112,0.000044823,0.000048209,dcda754c47942c8fc89aa9e562ff28ecfa1fb0f0bbf6f5469a0b95d49c490008
3964,1764562484.068221,0.000022572,0.000015168,0.000019195,0.000048529,0.000021650,0.000036668,221a0876dd72545816b150f007b6c4cac380fedaca021153605e90c7a2e6e0cb
3965,1764562484.0693026,0.000020548,0.000014597,0.000018825,0.000016220,0.000020348,0.000032951,3242bdd0e0309d0463b525835a9bf00d55cc78340f40baf37689c611f7f4b42c
3966,1764562484.0704644,0.000020568,0.000017673,0.000019586,0.000022501,0.000028243,0.000035195,a32f8f989586d5d68b40d5001c5f54d9732154d33d3c7081eceff97a5144a492
3967,1764562484.0715616,0.000020939,0.000014496,0.000019056,0.000015769,0.000019676,0.000033202,b69045423ce7499f197c32f0d8246f3d7b3b1c7dd82171ddea5aaf216b7adffd
3968,1764562484.0731866,0.000020338,0.000014206,0.000021950,0.000025167,0.000042539,0.000077122,ae63353cd0bd8d36a70e3cd539a32aa09cc368fcc355f75f86e0fb895e934411
3969,1764562484.0752811,0.000020739,0.000014847,0.000057256,0.000041457,0.000058458,0.000093032,0d3abb0d405f9e4fbc7fac2e9e6e967c7be70a6f9d43011086e0bb846adb5028
3970,1764562484.077134,0.000042458,0.000030186,0.000021350,0.000019636,0.000031468,0.000039253,a640da01f8640f6f5abca645867c1e206bb0118c1882c1f8ca429f76da717fb3
3971,1764562484.0783336,0.000021129,0.000015127,0.000019967,0.000016470,0.000022271,0.000034904,e8b9efd15986ee920b1a4f2912a67e8b4c3e597445731ad2c8c0f5df790a0bcd
3972,1764562484.0795445,0.000020378,0.000017292,0.000021470,0.000016019,0.000019476,0.000033181,9450d8981ebb728781a44adc6e9a43884e64f28e7d7dfdfa899656074a65e18d
3973,1764562484.0807076,0.000022311,0.000015839,0.000020097,0.000016200,0.000021530,0.000035265,f7920113138dec549c9c25d7c79f5a20c66f3ca7bdaab6c925776332333a771f
3974,1764562484.0822957,0.000020338,0.000027621,0.000023914,0.000023443,0.000046426,0.000053409,bb369115d9f58b27de553e482851ba24f5b8ee0d92daf9c55bdfb20d72b5e8cf
3975,1764562484.0840666,0.000022431,0.000015969,0.000022642,0.000020798,0.000049672,0.000046877,c40be95763f4977f8d744295e88ee784c2a56209b051a4ed904a6e24d359e07b
3976,1764562484.0852883,0.000021870,0.000015248,0.000021380,0.000017312,0.000022812,0.000040194,15bc5cdc4bf5deaed18b046084c545daa0b34e604e335dc5b2afec75250e5541
3977,1764562484.0863836,0.000021690,0.000014707,0.000019206,0.000015499,0.000018404,0.000033232,614c1059b729d3c5bb914a63397010bb078e9b2608f3ce769054888579c5d00e
3978,1764562484.0875182,0.000021220,0.000014667,0.000019396,0.000015859,0.000019817,0.000033622,6d27ed48a249bf7a69f1621d7a4322f7cd4d053061d4e213f2aad31fd25e5572
3979,1764562484.0886168,0.000021550,0.000015689,0.000019776,0.000016531,0.000019336,0.000032880,a9f235911a98be013e88b9318a28f8cdc4f37da2b793d9a3694ab3079bcbe8dd
3980,1764562484.0897048,0.000021009,0.000014918,0.000020208,0.000015488,0.000019056,0.000032981,09f3c6043a076078f549b40ac29d253cbb1e6517d383f1e7ae19e8b14642c541
3981,1764562484.0908868,0.000020888,0.000016230,0.000027121,0.000017743,0.000019827,0.000033652,34e71cdbe2f51bacdff2bb58bb38bc9395b93fa682aea9cb721fba783789111b
3982,1764562484.092116,0.000022261,0.000015048,0.000020177,0.000017132,0.000025857,0.000040185,47224dd564e0982ebe01745e96835e922cacfd6903f8cad506240134e5f4c9cd
3983,1764562484.093268,0.000020898,0.000015038,0.000019166,0.000016711,0.000024725,0.000034734,7bfc21edeb02a3587e8f1fb782ac43ea214cb30ec15c43c5fbda4ef5633f2d5e
3984,1764562484.0943666,0.000021199,0.000014627,0.000019126,0.000016079,0.000019366,0.000033412,5d511f4ecd16323f8b29fbcd3fdab591a634d7bcfd5bf942a2245c14cc9ca319
3985,1764562484.0954475,0.000020889,0.000014838,0.000019076,0.000015889,0.000019016,0.000032830,585facec6dc79fc96443780883f635760fadf2a51688648542283545d74b4c50
3986,1764562484.096509,0.000020658,0.000014627,0.000021469,0.000015408,0.000018354,0.000032641,135a6d29b0a847a6173fb475a0f2e3bea01f1b922097d2e1a0c48cc06f4b887d
3987,1764562484.0978444,0.000020849,0.000014948,0.000024816,0.000019977,0.000025988,0.000041907,e013259e0d512668d8b7e42fc97e95100df46e4f3daa0d0c7f76fd31736b70a0
3988,1764562484.099058,0.000023924,0.000015248,0.000020117,0.000016180,0.000020148,0.000035596,0a666a64a6177d69048ef1baffaedea22e013bbef0b4c3f4d46ad40f10921cda
3989,1764562484.1001832,0.000020497,0.000014487,0.000023493,0.000015679,0.000019836,0.000038712,720386843c58510b0ee29a7ca48663ae0bb69e79a34c38e4db2744a3844f941f
3990,1764562484.1012905,0.000021841,0.000014737,0.000019386,0.000015639,0.000019135,0.000032981,16d7edcc5d3e15c5a2422083464872018549dc70da46ed8a26a47585e8b866ee
3991,1764562484.1024072,0.000019867,0.000014376,0.000019236,0.000016440,0.000019787,0.000033182,709056b61705dc034d7d84cf9fd502216a424a700306e2d61d548550c64624e9
3992,1764562484.103466,0.000019726,0.000014366,0.000019516,0.000015408,0.000019196,0.000032289,106b077aad74512e0dc8fa99a75a5a63ba5f549e07a2211e2d9395ae515d7cd1
3993,1764562484.1051185,0.000021039,0.000014677,0.000027801,0.000040695,0.000045624,0.000066553,76fba54625b10a67c6dae103c6daf4ab1c0d0e5705baff5770a8d544122cda7f
3994,1764562484.1062963,0.000023233,0.000015278,0.000020448,0.000015819,0.000020037,0.000033251,054e8dfc77b465e14618f930ce59fcd52047338d90f7564e5c6915d4defc6898
3995,1764562484.1074462,0.000021419,0.000014727,0.000021570,0.000016050,0.000021379,0.000033592,76beb9cb34814099a522461039df3f138f9a164b527f6b9a69850c4ea73147b9
3996,1764562484.1087394,0.000022261,0.000015679,0.000020238,0.000018284,0.000032520,0.000045614,ceca20bd1fdc8492f00eee3ef196e4bece5457e43e634846ce3379e929978d8c
3997,1764562484.1114087,0.000061464,0.000021299,0.000038381,0.000041206,0.000091849,0.000099164,26a92b21e47bd767318d6df2e8138047285b1f1049c1030e440085d0898c3adb
3998,1764562484.113053,0.000038992,0.000029043,0.000021580,0.000016841,0.000022822,0.000035686,096f7712ac7828652c2c83ba6b80bb0e58981a16dcc4081adb18fa8bb0df8bb8
3999,1764562484.1143382,0.000021560,0.000015148,0.000022532,0.000018554,0.000032029,0.000048931,bc0e5cdf8609028a8a592ebe049e31bf8c36ef328bf01d9e992c49506a291cd5
4000,1764562484.1156769,0.000020978,0.000015168,0.000030336,0.000018243,0.000027741,0.000039112,823b276fa9c83eea28c7369c3fb2b7017eeb61bc95545a5ca1ea94470bda0577
4001,1764562484.1177146,0.000031949,0.000019406,0.000021239,0.000027100,0.000056254,0.000055703,2a8db1bceefd4c59255cce6d3d13ab6397ee1b09e232fff31b950b208b954c84
4002,1764562484.1190765,0.000020297,0.000016100,0.000036417,0.000017462,0.000025908,0.000034975,24c4b96663826ad94b5eb9ab4ee2098b27bf7418770415060d8ff81eeb4ad8eb
4003,1764562484.1202924,0.000037619,0.000016491,0.000018885,0.000015678,0.000019275,0.000034123,f3a93a59c7a7e8bac0f80e5f200522053a933794a1fe8eff5a6590747469da0b
4004,1764562484.1214004,0.000019947,0.000014416,0.000019877,0.000015769,0.000018925,0.000033472,17f1f46be162d657d2edf61c1cc3cdb2fce6fafa22c0ca5c072a00dd67958f24
4005,1764562484.1225352,0.000020537,0.000014977,0.000022912,0.000016140,0.000020398,0.000035045,2cb1ea81b4200fce9d4bd7dda768d164e3e8762307f4a083ef19a9e629375915
4006,1764562484.1238039,0.000022561,0.000015038,0.000026719,0.000016521,0.000022822,0.000038351,08e67ec0537f0b95b126f0e46d46f38f7e7af8f56e26a4c895573ac8e78a9f7d
4007,1764562484.1258578,0.000024294,0.000016551,0.000057356,0.000026409,0.000041617,0.000086039,8e425b25eda3b4f4d1fe6cf9a2f655d8ae9199b5aaa4380c4a5b4ec8fce5dd44
4008,1764562484.128584,0.000033342,0.000023002,0.000056795,0.000038270,0.000074026,0.000092090,313bfb9cc3e4a9eb315426bf442d6446d16073728e54d80e6a1b687dbae28593
4009,1764562484.1307886,0.000077043,0.000019206,0.000027180,0.000029334,0.000052968,0.000060101,d65488ba4a4cc5c8240b260ffd1b0973fb841462efc96cda1e78c9dd2cb511b0
4010,1764562484.1322777,0.000031739,0.000017473,0.000027170,0.000018505,0.000026048,0.000048650,29d49a76821fb49d179572af7810784e6a7ec10bb0f3244ac804f594c1ec7a30
4011,1764562484.1335232,0.000024175,0.000015879,0.000022431,0.000018043,0.000023122,0.000036146,59a85e74fc94989aca5dd247ec871c0d51ed90b526bba166e59f4ebb13f9f066
4012,1764562484.134738,0.000025387,0.000016400,0.000020368,0.000017232,0.000022682,0.000036858,ee4eaeefaaa3caddfbc97fa774b893907f7aa245364c321091b22cc7ee676a33
4013,1764562484.1362224,0.000028733,0.000015108,0.000050784,0.000015088,0.000018374,0.000033452,04c56af9d8b10762480c4cadfbe7c253364df9927fc7c80831d3d46caff76079
4014,1764562484.1383374,0.000055513,0.000043220,0.000023193,0.000026328,0.000087492,0.000048690,2aedb380a5bfb7abb2a90892a5d416a47ec4ecbcf24083637cd5447c61987c9a
4015,1764562484.139593,0.000025326,0.000020788,0.000020919,0.000017101,0.000023573,0.000037039,26b8ee4e1736e4f81c343e7564c7b64b96386cac31f604a0b96350b2d993536a
4016,1764562484.140697,0.000020458,0.000015098,0.000019927,0.000015879,0.000020678,0.000033973,540d7c7d638cabcd1d926237560ed99466c51a9b6d1406c2b6f611c812c14d41
4017,1764562484.1428514,0.000020317,0.000035726,0.000025627,0.000024154,0.000051755,0.000048269,6177ab60e331809549723a0d2711f503f3440de38e648db9ad8f45bc5f921395
4018,1764562484.1443298,0.000026329,0.000017092,0.000024546,0.000028583,0.000039473,0.000044944,02f98e1505a13766bc1a8c60b88497126c809bafe7694e91f802a47c0ca8469e
4019,1764562484.1464226,0.000024555,0.000016581,0.000051164,0.000032310,0.000052838,0.000104372,ba8e85c64a5ca387129f2746acae75495bb18a06536a9d7f667320dd3c42aef1
4020,1764562484.1482673,0.000040585,0.000018083,0.000029905,0.000025637,0.000052647,0.000068146,5098f673ee09c41f051966ee9a8b2c133dbfdcebcde8f03ab2b23e02770b9a69
4021,1764562484.1496596,0.000026148,0.000016510,0.000022401,0.000018474,0.000030526,0.000046295,31fd96aaa2b35b35c765df1183b0761b8c3ecbefabf13ca4c01b11c5f4422a3f
4022,1764562484.1507766,0.000021851,0.000014857,0.000021059,0.000015859,0.000021219,0.000034183,0b5cbce1411d885a694b5df0a11742d94f77b0fca2fa891220ea97007d49e7f7
4023,1764562484.1521704,0.000020929,0.000015739,0.000044802,0.000017703,0.000024375,0.000036567,fac3f40461c0a25025602b3505061c81a713eaadf06733beb36a96534ce3e83e
4024,1764562484.1553602,0.000039143,0.000023984,0.000074849,0.000033602,0.000074408,0.000101477,e34ab37eb4fd141aacc7798d91eaf38e070eafc8d10c6395368423e630065c58
4025,1764562484.1591647,0.000059831,0.000025487,0.000098202,0.000040304,0.000092471,0.000075860,268701e5e1cc504aa7eae731f21e315b18aad05e96f3fdcf81d143ff82e9e7e2
4026,1764562484.1612968,0.000051716,0.000018975,0.000037800,0.000025096,0.000048209,0.000056635,1151af55297b00cc3edea8fef1f4853089e6ba7263f209a3514a7a6b8b3ef412
4027,1764562484.163503,0.000029414,0.000017422,0.000036307,0.000033802,0.000108220,0.000079296,7eaa5dd9d49e088070232498491555bc2972dc66cc4019f101d1d0a00b475296
4028,1764562484.1660628,0.000032320,0.000015959,0.000037580,0.000044001,0.000076963,0.000115202,556cdc43544a9eef359333547c28bb9c8e0da2711db8401a6303949afb616996
4029,1764562484.1690695,0.000031117,0.000017282,0.000064059,0.000026989,0.000054200,0.000092361,50369ea45a517c9c754e5ef51915ccd21a32dff4660993f7e9fce0a6d0dbbc58
4030,1764562484.1716893,0.000042218,0.000017773,0.000051174,0.000029044,0.000064870,0.000084476,19eefcd340fe947980dcacd11d837b29dbeb1a1a5e2aa9b95b06ba74f00f0ff1
4031,1764562484.1739566,0.000052226,0.000032670,0.000075800,0.000022542,0.000038681,0.000049191,6f9f23f72a9345dbea7617847447c689520508e198e6459be2b6bdbcba1d4521
4032,1764562484.1770647,0.000063798,0.000047658,0.000033902,0.000047838,0.000102560,0.000096739,8f1fe36884834d6012ca38a78ebb0dc0dbdc4134da40e9c6551cd67c80ab96a4
4033,1764562484.1791794,0.000030486,0.000021189,0.000048389,0.000021339,0.000039974,0.000045614,4f641024755d438e3115221368d657484444ff662a9a24a41e1c7b57512ffb19
4034,1764562484.181114,0.000034805,0.000020898,0.000037990,0.000022982,0.000043280,0.000052427,0be2168e5ac1971a2d8b71432f0ddf1a2c4476b74a77e1036005f27615f34878
4035,1764562484.183171,0.000031338,0.000021239,0.000062396,0.000020809,0.000034434,0.000043981,3f92f5fc19295691e6835dc2940aff92da69d0de07f69e8c687263f83890148d
4036,1764562484.1856084,0.000054951,0.000025297,0.000040174,0.000022592,0.000050483,0.000058769,a225f2728c62d139d2da113a380d9a7b25b8391a0e01bc970fd2e595d0699e98
4037,1764562484.1872797,0.000034594,0.000021149,0.000031368,0.000018324,0.000024996,0.000039523,f3513610d283619a9c2f56f93522f7c608645a428afd15c0d7de512584c93849
4038,1764562484.1886687,0.000028052,0.000019767,0.000029966,0.000019897,0.000025678,0.000039664,1d132d07a35dfe3e4f12af918ecf8d35e3b1dfa7b63c00040c71bb3f4fe35aef
4039,1764562484.1901772,0.000028282,0.000022071,0.000030276,0.000017923,0.000026679,0.000037189,55b7de274ab068180cc15e361fa9153516f10f1c7c4a38b6d4969ce2765b7b81
4040,1764562484.1916347,0.000028693,0.000019656,0.000027280,0.000017573,0.000025306,0.000038171,135dadb9ece3b141b2f7e279bb51e3df501658d58ed94bb4a5d38eed600d4f02
4041,1764562484.1931586,0.000026659,0.000019566,0.000028993,0.000019746,0.000031859,0.000071953,f1a8712fafbac7ae38d6db3de0fcf4ed5464253fb2016533090b1e1aa4db287c
4042,1764562484.194544,0.000026158,0.000019857,0.000027331,0.000016330,0.000023293,0.000034524,483811ed2dae4a32e9050071d70eab32d62ae483f0a8083aaab38efd15911645
4043,1764562484.1961796,0.000027661,0.000020338,0.000037229,0.000022502,0.000034704,0.000061844,888a1a97cb1918ea6f2f5fccc131ba0db52a9f428be746bb3b2325e58243ef97
4044,1764562484.1977158,0.000024646,0.000015950,0.000043240,0.000024716,0.000032089,0.000053779,80f393535753d397ccc5de625ac9233abec37b722a95ca5cbebf08df9a6b51ed
4045,1764562484.2001357,0.000038061,0.000030487,0.000036888,0.000029795,0.000078586,0.000078876,27e53cdcb5cbddc1c91438cb85c1c9c7af7e6d370c9fc5522b138c74d1d2f2c4
4046,1764562484.2023382,0.000033231,0.000025758,0.000026719,0.000032671,0.000074989,0.000074698,64be843ea484ba843186f4ef85e060e8c3883ca81b60ffe38155c42d54bd2f53
4047,1764562484.2036462,0.000025307,0.000017272,0.000022181,0.000020288,0.000031027,0.000038421,8b52b863e3ad4da6f4b9bedd9e95a250e5c4b58d75b3723f5bd08d3b69730f9f
4048,1764562484.204893,0.000021299,0.000014687,0.000033171,0.000020798,0.000023454,0.000040635,106397f93a3e88e4aff03157a314c8bab5ce94cd81cc16bd80cbfc3cf90410fb
4049,1764562484.2062044,0.000025898,0.000015739,0.000026058,0.000018294,0.000024726,0.000041206,6c4109b05bed89310a92e66ad5b66562ed80be4bfd5cbc4841b0613d484d272f
4050,1764562484.208236,0.000022141,0.000017001,0.000050283,0.000038451,0.000052928,0.000090898,6f3f242d0eb94bf45a172e3c5fbf0fbb8f2adcc973e768dd8ee9ea2bc5b33792
4051,1764562484.2102242,0.000036448,0.000018495,0.000040405,0.000026499,0.000049140,0.000067565,98b259cfa2ab786c49fd2bbf83eeff8c6823874b1ee329c82d2d28086aabb140
4052,1764562484.2117229,0.000026109,0.000015829,0.000024876,0.000024195,0.000030336,0.000062596,95e5fb9eb6010189e1c48e3793af6def1d55b67c313983090ed75dc426db15c3
4053,1764562484.2133934,0.000030937,0.000017042,0.000080238,0.000020428,0.000027701,0.000045534,7ee1e3e72edf8f9f7aba08f6bd25737cd06f016b2ceee0f19b0f6a04e973be8d
4054,1764562484.215723,0.000062896,0.000035406,0.000048259,0.000022491,0.000041307,0.000054922,3e6d1eb017bb2309cc87e2a63d63bd20b397c1fd75633f76fb9d68ebcfc585fb
4055,1764562484.2184062,0.000043681,0.000020548,0.000029966,0.000031027,0.000072143,0.000085909,84a98ab31a46926c0bedaf600529144ab05e8ef50ebadd1acca8950f96d8ef09
4056,1764562484.2199376,0.000027812,0.000023013,0.000022221,0.000020307,0.000030947,0.000050984,b4f68b5e79ec869c6895cd6125013c0baf618698aa2b2c1745269269965bba34
4057,1764562484.2215548,0.000027050,0.000021079,0.000024485,0.000066352,0.000023563,0.000070581,59176b0470a04a430e86216d6ef09e92c4c0723f8d37c0c130266c3e1ed32d5a
4058,1764562484.2228148,0.000024525,0.000016029,0.000024745,0.000017212,0.000022642,0.000036548,1a7b513467f774dff28a480f7dc8088f67384b4e6df1079b818a14a37d4bd106
4059,1764562484.224089,0.000023684,0.000015649,0.000027400,0.000017953,0.000022842,0.000037760,5b54dba44deb6fd3446348df2e64575f3222faed229b57a39f0e3f4e2d7b5ad4
4060,1764562484.225683,0.000025477,0.000015799,0.000029995,0.000022331,0.000037880,0.000065140,5c24a4775c479034b71c9ff06570d9583fae8f9baa4f8daf47389514737abd45
4061,1764562484.2273695,0.000025056,0.000016561,0.000050073,0.000018194,0.000026178,0.000040165,7ec510dd22ea120bf79f6764ef39c091d5e62df0b98811844c3cca634ced90eb
4062,1764562484.230177,0.000062916,0.000040465,0.000048790,0.000034554,0.000078124,0.000101707,4424a2b2339118e50276fdec3f66e7c1a28dbf832d0134bdc021bbbec79011bf
4063,1764562484.2321274,0.000035466,0.000019977,0.000060462,0.000019937,0.000034935,0.000056254,8f49c8c03e1db9f0b34680d911031066924b45202f6354e4c85578bb8bc9d3a7
4064,1764562484.2343528,0.000028322,0.000017783,0.000057807,0.000024846,0.000051455,0.000075028,84af5e164cfcfdeabdc33613116d7265a8459e99d1eca9fa00911da5d4c6d487
4065,1764562484.2363045,0.000033361,0.000017703,0.000039523,0.000029404,0.000054120,0.000055824,3afcc62100936f8d782202dde147167bdc4919ff3998b912af952a0114a4f918
4066,1764562484.2385106,0.000027721,0.000016761,0.000049312,0.000028673,0.000056805,0.000073466,3c5b7b27d9b5b270e899b2e0030346d182c760c20d814e5ac08f1b8561207a1c
4067,1764562484.2403119,0.000030877,0.000018494,0.000026589,0.000019767,0.000034464,0.000052928,41532faa2722fb45fdeff865fa787c27a1cb761b8f53fa9376731fb003f8236f
4068,1764562484.2416542,0.000027090,0.000017112,0.000021730,0.000018354,0.000026158,0.000036257,e4fc50fee8453a4905b151bc7b976a25c38ceed9ffde830b9faf150c3d9383c4
4069,1764562484.2438982,0.000022271,0.000015128,0.000059480,0.000021309,0.000036588,0.000049241,2960b28a00201bff8141b0e0e4ca73002fbf59ba5c524e19dcbb0ec3fdf64ee1
4070,1764562484.245928,0.000037710,0.000019527,0.000055743,0.000020447,0.000037178,0.000046136,7523c59f7f3ec7be5fc7ec04b891526ae82e7032547bef7bd01b0558698a9d93
4071,1764562484.2491558,0.000066553,0.000035686,0.000059220,0.000044042,0.000102109,0.000136261,b12a084949105b8c010ad5063c6830e908d6f4e935d7b813941d9df2a2c39aee
4072,1764562484.251543,0.000040174,0.000021019,0.000024946,0.000024726,0.000063247,0.000085799,7fa2002bd88fe3178f1b87dcb8343ddae7219b8d1ae29ed0bd60c9c4e050838b
4073,1764562484.2536461,0.000033221,0.000017683,0.000032850,0.000021850,0.000044852,0.000056344,f04945bf65281820ff8e6546af2cdde7814d85a71e936e2c797c2a0b3752f326
4074,1764562484.2553396,0.000030857,0.000024395,0.000022442,0.000022541,0.000032630,0.000056024,b806b09c71c42a5224ae577d4fb9e783942d75f1f74a8c8f7458a3317f7366d9
4075,1764562484.2565696,0.000021911,0.000015850,0.000021761,0.000016811,0.000027320,0.000037440,64510ceaa4713c729ef2855a456f509b8e1210add9a7b8a2019d416c9971c79d
4076,1764562484.258848,0.000020928,0.000015458,0.000038762,0.000040044,0.000076702,0.000081420,9a07c7459c42a2143e10a435f63a301580bd128b73df1ad0faf578de8e16cdb1
4077,1764562484.2610419,0.000027491,0.000016991,0.000032991,0.000037299,0.000059169,0.000083164,b96435fd3b338a72df0e53603fcea4e62e594f9fc30f17ac55062a29cefebfbc
4078,1764562484.2627068,0.000025898,0.000016380,0.000024375,0.000022111,0.000039463,0.000053639,fe34e68e4bdcace54588bfd515696ffcaa0148a6f79cb025d0a32b2e508a4d8e
4079,1764562484.2641704,0.000025518,0.000023614,0.000023152,0.000018665,0.000025778,0.000044973,93b6f867e33c3b15b19ac5b202f2e0982127d39c3f64259c33ffea3c464c812b
4080,1764562484.265751,0.000023423,0.000015760,0.000027200,0.000017873,0.000025898,0.000039563,478c78c06a08d186c5fde16fc27355347d54c992c374aa9487da0d9b8dba520d
4081,1764562484.2670977,0.000023303,0.000018304,0.000020378,0.000023674,0.000087662,0.000039944,19f1f47e3bfc492c4fc6e150b0a3f7be55ff69f1950949a24a1e8742a50a890b
4082,1764562484.268212,0.000021791,0.000015309,0.000020277,0.000022341,0.000020157,0.000034052,23af4a76cea6e4333de485f33974859e804778451c9ef9dbb89bfcd6b12adebd
4083,1764562484.2692919,0.000021420,0.000015268,0.000019265,0.000015669,0.000019576,0.000032870,156938a0de3b7a6b5a83a011765a5073318d3274cb0db2005bffe89695565e59
4084,1764562484.270379,0.000020968,0.000014767,0.000023583,0.000015528,0.000019516,0.000032580,beb993e6f02bb1aa83a5b09758662f7b90f64c65ffb7420229ea0a22ae53bd49
4085,1764562484.2714553,0.000021751,0.000014336,0.000019526,0.000016120,0.000019616,0.000034083,75461a42435d53512d1207a389c7e65ae8ab871e120e297d98126fbfaeaf05da
4086,1764562484.272587,0.000021019,0.000014627,0.000020528,0.000016100,0.000020558,0.000034754,0da5c26ba86bc803b09a2ca99cbef90b0dd4e6b353b17d4665f9b60a3df5e913
4087,1764562484.2737079,0.000021069,0.000014908,0.000020558,0.000016180,0.000021350,0.000033903,279bcc6a6c3c600db9e54c76ef05575a8a1b046bb63bbbec48738f45cdedf8a5
4088,1764562484.274907,0.000021340,0.000016020,0.000020999,0.000019967,0.000027150,0.000042018,bb3d5fd9294953a61d27ef7e5d802d4d43759effd8e11f6ea87bf9657157c9c9
4089,1764562484.2761462,0.000022241,0.000014937,0.000020308,0.000018234,0.000026078,0.000044583,bdfcd8d4827b6e4bae0da5df3dd663b4e99a7153addf61742f011ec190e3e429
4090,1764562484.277303,0.000021400,0.000015509,0.000018965,0.000016480,0.000021269,0.000033411,f2dd68477df13fe69e8b6299ac715cd0eaa2167e0ec7d011c3c037e66102c5bd
4091,1764562484.2783847,0.000022060,0.000016090,0.000019666,0.000015449,0.000018764,0.000032680,f743a6466e88176f76ebf9623e8103420e9f5756c64b21a2580512d9588bfbe5
4092,1764562484.2803671,0.000023403,0.000014867,0.000034033,0.000037930,0.000093953,0.000072124,a8907d4bd3551264568d4221f02a5e478a6635a7090edb136ddaf383eb4369ac
4093,1764562484.2819946,0.000034093,0.000020478,0.000021210,0.000023834,0.000036317,0.000052427,e66c6101fb0387e5d89aa96148ab38755530c8b3a92de24e7bfd63dcc34df8bd
4094,1764562484.283159,0.000021019,0.000016420,0.000019737,0.000015919,0.000021730,0.000039192,716c2953880a9405203c7aeb8b66e73e0277489d626f56c32b5e2d90722ad91b
4095,1764562484.2842414,0.000020768,0.000014768,0.000019616,0.000016130,0.000019205,0.000032791,61c2592e26afcfe2a799054122d05aad20b29b526c4f2d4ad27c49d45c1119e6
4096,1764562484.285305,0.000020498,0.000014587,0.000018995,0.000015949,0.000019116,0.000033061,489978df85fb5cd83a5417f2adb1244af728b870cf61431d07ab7fd098ce3155
4097,1764562484.2863872,0.000020027,0.000014617,0.000019055,0.000016330,0.000019145,0.000033682,32a6ec03702ab403568bb3506ed56edc5801a11ba8fc1a41f7d92dc7090cb477
4098,1764562484.287466,0.000021169,0.000014728,0.000020137,0.000015749,0.000019295,0.000033351,87bb8b0316d730700daf6968b0a538617f5d6e3737e88ad1ddad3ccbbf9b4483
4099,1764562484.288961,0.000020418,0.000015168,0.000023404,0.000020878,0.000038731,0.000044472,37ec37d0943d039278cf250b830ae7f59845dd2240b607261404ca9ac5466780
4100,1764562484.2904444,0.000021960,0.000016050,0.000024625,0.000019947,0.000032760,0.000042198,16b5d791600f71f98d1d9bafed664cf90b7a011e7dedcd4400746ff6bac9a398
4101,1764562484.2918413,0.000024996,0.000016821,0.000025087,0.000018304,0.000024806,0.000038281,133872b266ad8a695d328990db7423180b04670ce7bd3dfe073ef96ad5ba712e
4102,1764562484.2930827,0.000024335,0.000016260,0.000021139,0.000017742,0.000023394,0.000037700,6cb211f7ae597e5819c92c3fd9ddfd2839c99368ed8a54401f3f342b95664b4f
4103,1764562484.294254,0.000021670,0.000015739,0.000020318,0.000017482,0.000026750,0.000035295,1d7dce7dc84b50ee102de56af574c9ba9745b51d5f7eabbc304c1ae672b5021e
4104,1764562484.295433,0.000021580,0.000015269,0.000022070,0.000017943,0.000021340,0.000036196,84d01673c2552e47431c95e2a14ae30c5e1d747cff8cfc4b6eed8f0be9d6e055
4105,1764562484.297311,0.000021951,0.000015739,0.000036988,0.000024435,0.000049421,0.000050884,c9d18b281c6b4d8b436984158d0fe54d54715dd25e55a3dda174bc0cac894ea8
4106,1764562484.299252,0.000026428,0.000017562,0.000033291,0.000029765,0.000064740,0.000064249,4a1b8d2ce398eb3fb132ed5418c36773aad7eb2c1beeb4fa50bdd1ffaf9d921b
4107,1764562484.3007245,0.000026489,0.000024385,0.000021620,0.000019135,0.000026369,0.000040655,13300ba39473deca14e8c0e1827c0474da981b5499d0bb674b0951826ece2074
4108,1764562484.3024254,0.000022291,0.000020298,0.000053799,0.000019596,0.000026910,0.000041878,5fcc3d343b4a4e5769a114dcd20e792509d9e4d040fef4dbab9374d5eeb58bb5
4109,1764562484.3040757,0.000054080,0.000039483,0.000022050,0.000017984,0.000022672,0.000036277,9d2ed064e8a603b8dd6cb3977988ec1d45bdb6d9550262cfa5bf79b069411317
4110,1764562484.3054047,0.000023503,0.000016139,0.000024225,0.000018574,0.000024035,0.000038962,e9ebfd4c16614dfe8a64d8276064f4e50dc82746896fe14d72f8054ffcdfcd4a
4111,1764562484.3075194,0.000023283,0.000016441,0.000025226,0.000040966,0.000069238,0.000085638,b24d63fb6fa700caa33efae7b339aa3d29092a3620c5186e14c3c028dd5e27fa
4112,1764562484.3095222,0.000028082,0.000021810,0.000024295,0.000023704,0.000052006,0.000087151,b1811aff449b1db1b829a39efbb17376e978f55eed47dbfbaec4d89eaed5e833
4113,1764562484.3108296,0.000022691,0.000017312,0.000021450,0.000018715,0.000026799,0.000039262,10e4466f6a812ccb86ec5b33cbadaf884e045beb9816a20c38af77428a9cb144
4114,1764562484.3120306,0.000023443,0.000016170,0.000020668,0.000017332,0.000020909,0.000036768,85ef5c7389a486bf1ad848cc791cb824293e2a63faf8131603044b156ee13c9c
4115,1764562484.3141992,0.000022081,0.000016019,0.000024816,0.000044923,0.000080448,0.000100376,e1a2cb834f464a5da108eecb78f5ba63dc485a3b53670c3ccb132b5fd68b3172
4116,1764562484.3157222,0.000022171,0.000015398,0.000035716,0.000020197,0.000034254,0.000042528,87ab5036e9ab0ca4be4d2cf6f521b21a88d55c8eb89cc8963b0a10e52686c044
4117,1764562484.317986,0.000028944,0.000021991,0.000028492,0.000023083,0.000043400,0.000093432,0c623bbc4461b1551c95e15b9b4eb05569e12ae3a9e7ff0cf32bcdc438e69c5c
4118,1764562484.319445,0.000024886,0.000016561,0.000020298,0.000020959,0.000032350,0.000048189,04124e9f4a30070b45f905059e77636c8a05e86d07a48032e35f9a7dbaa6437c
4119,1764562484.320738,0.000023303,0.000016660,0.000022411,0.000018704,0.000025317,0.000046736,cdb127ca65ae1800aa0e012b6568da9ba769773018d69478f9b06fab8e5e0733
4120,1764562484.322105,0.000026739,0.000015749,0.000034414,0.000020849,0.000026128,0.000046245,7f96c7310ba4f7c003fbee4ff9efe9a75d6dce1053eff5c0d9b1c6ccaea66617
4121,1764562484.3236578,0.000037248,0.000018444,0.000029184,0.000017953,0.000025287,0.000041046,5b0d8fbb4cfda35268e40fdee8d7c01cdc6bc84ea6055e18983c608102d98827
4122,1764562484.3248394,0.000023774,0.000014888,0.000021549,0.000015970,0.000020317,0.000036117,2311fe9114cb1a3f47c4290da1b84cd8ce2e9fda2a99e23f78066fb3c106eca1
4123,1764562484.3259923,0.000022922,0.000015679,0.000018985,0.000017713,0.000020428,0.000035145,7d6a91ee8366dbcf6be6179a442a4210f87b01a4afbe93fe2733b90af480a59b
4124,1764562484.3270843,0.000020739,0.000014938,0.000019415,0.000015849,0.000019116,0.000033602,727ec8241b51d407416a8674b1f6650cf593ad4ca56025efc0106d28faa5eeff
4125,1764562484.3281775,0.000019637,0.000014277,0.000019606,0.000016059,0.000019576,0.000032630,07dcb31d29dfe35d08485f742f31b0394f9ed5dde9200f269afb571b1e94d6cc
4126,1764562484.3292441,0.000020628,0.000014417,0.000018484,0.000016881,0.000019917,0.000033732,2f6842c84ef1753aca3688374f8d2cf526b7367d8afa2e6825684584cc70f509
4127,1764562484.3303974,0.000020467,0.000014807,0.000021239,0.000016852,0.000020918,0.000033021,a572ac83a4dc8ec8f728e1bcd6669de33c5eacf73c8db50d3de44d982cde020c
4128,1764562484.3315215,0.000020678,0.000014767,0.000020067,0.000017061,0.000020708,0.000033452,1902e0d64df5022828994092256df0a82cf13d2e53000b5bebbdfc0f49b7d215
4129,1764562484.333566,0.000020408,0.000014827,0.000039653,0.000039202,0.000066483,0.000048640,c990ed8fdb1b647c39e8ef51d8d1d40366ad0a1d9b7b5309e9a9f5cf4806a70b
4130,1764562484.335148,0.000027521,0.000016560,0.000025187,0.000019827,0.000041497,0.000049521,267969992b7c17eee48459890618cde2ff6310855ca08df1371f5fbfb139384a
4131,1764562484.3364067,0.000022983,0.000015729,0.000019847,0.000017502,0.000020488,0.000038932,210a9443151008208e43ea9f1620fa5767c187f4a3de01908cb85fcce6c6fe9e
4132,1764562484.3375745,0.000020237,0.000014817,0.000025587,0.000015980,0.000021289,0.000034073,d89d43c180a446b668cdfb01e59935ca6d7de39f5be135cac9f177bcd4c62779
4133,1764562484.339402,0.000022472,0.000068286,0.000039794,0.000024085,0.000026950,0.000041777,f160a2bd6e3ac82d0fb68ef567a2e5bf205214952ca40edeac2bd53862956093
4134,1764562484.3415794,0.000034544,0.000019957,0.000059420,0.000028984,0.000060772,0.000079326,356d8eee3017438d8157419e6534ec98ef0eadc83e26508edebe54c4c0cb1b9b
4135,1764562484.3429606,0.000025618,0.000016621,0.000057246,0.000017052,0.000023173,0.000039253,d4eef485da334b52facccc73d8604eac9385ad1e5eb0c986341c5292a64866ae
4136,1764562484.3450787,0.000043590,0.000030716,0.000020488,0.000024926,0.000053118,0.000049421,aa9344761e6b5fb220405c9ef3c1113a9217745e46667bd9139d9e5854f27d09
4137,1764562484.3463948,0.000020808,0.000014838,0.000025677,0.000021580,0.000027651,0.000053128,ba0c8c8a8b540974110b15c36f7cdeb69b42fd749df8eda82afe44e66a7b9788
4138,1764562484.3478863,0.000022351,0.000017523,0.000033211,0.000022401,0.000030767,0.000055823,1c3cdc8bfab2084c83ca88a62ee542edc9da4c03c7051c358dc6cbaf68572765
4139,1764562484.3492718,0.000026389,0.000016230,0.000023844,0.000021730,0.000029254,0.000054040,c2b876335eb41e23a6ea4224f29905f49a5b48e664dc4476f954a922e517cffd
4140,1764562484.3505862,0.000023103,0.000015839,0.000019616,0.000022942,0.000030507,0.000058368,e14f7d7ac38270763feb7c7c4d69209027521fe71c02f28bd220b98fc30c5e81
4141,1764562484.3528893,0.000021169,0.000015318,0.000041406,0.000088193,0.000089745,0.000056123,d1b17bf294b46252b465cb9baaf97f74adeee198d1987c77a206bd151ccfa831
4142,1764562484.3546424,0.000041277,0.000028973,0.000046606,0.000018084,0.000022201,0.000038391,27eeaa82fb27d87482dea32be95ff8cd03b615866d49ecb14fc034d7e090c025
4143,1764562484.357414,0.000072814,0.000036909,0.000043981,0.000023414,0.000046275,0.000058007,e91109cd5faf607449e38ace5d06ae82fbdd2d79760f6ac991a13ee8cf0d263c
4144,1764562484.3593814,0.000026849,0.000027441,0.000030807,0.000025688,0.000060562,0.000085498,d7f41eda9e60f5d61c77abe0187ce24c923b9379dc2be5ad6f15c3d53b0b21f6
4145,1764562484.360735,0.000023414,0.000015959,0.000019997,0.000018764,0.000024725,0.000041346,6f170f19a607fef4a694c93b2c556a5af8cee52e79e0d4a9a57c165de9abd969
4146,1764562484.3618786,0.000025768,0.000015529,0.000028623,0.000016551,0.000019857,0.000034474,97ab014a426286f9dfa303a656981ecda1ca0237e763786ca74b3e9cdea37359
4147,1764562484.3630376,0.000024074,0.000015188,0.000022301,0.000016621,0.000020578,0.000034513,0e6e0aefeb478a01a2a5259d3ea089a2d239ac086cc398ef858dc2002db81062
4148,1764562484.3643491,0.000027170,0.000018865,0.000029545,0.000015919,0.000022130,0.000033772,12c66382c18b81b1798bcb9d7028556ec463ff7cc6d6b147f626882ed1e26215
4149,1764562484.3657134,0.000026248,0.000018565,0.000025367,0.000016000,0.000021430,0.000037178,9d61544e0dc139840462eddb439142e3e9987c931f19610f7b287192d9f80432
4150,1764562484.367695,0.000046716,0.000023743,0.000047518,0.000023544,0.000049201,0.000048279,0267f6da2f62012790dad0854fac62ef39f620f045f27dc9de0e2647e08a961f
4151,1764562484.3699622,0.000044773,0.000030607,0.000022161,0.000034304,0.000059169,0.000073806,c0a51fdbfe98e696d8bf64b44f3f526e1487e91663ae89ec4b401f639f4fd89c
4152,1764562484.371147,0.000023143,0.000016070,0.000020518,0.000016190,0.000020537,0.000034694,6b9a5f200aa9e32780a8466ae74482d1febdfc021557a3ccb591a67416274833
4153,1764562484.3723574,0.000022561,0.000015138,0.000019676,0.000017292,0.000022912,0.000037580,1b2ad8d1563579b6ab79c43f77c23a7a73cbc548e9e01e6c20f00836f8bac505
4154,1764562484.37348,0.000020778,0.000015017,0.000020458,0.000015979,0.000019977,0.000033251,459d4ef9216681a5cbbc8b49868e9579fea3f97fb8fbe651aaefab53c4d4580a
4155,1764562484.3747287,0.000020588,0.000014867,0.000032039,0.000017332,0.000023243,0.000036588,cca5c53ff0e0bc7fe0b1e8ae5f3c5411187b3d0bac48c772bbdeb75b54619e12
4156,1764562484.3760836,0.000035776,0.000016991,0.000020979,0.000017131,0.000024696,0.000038862,9e9d5f283bc98f03dec86733d34ecd38d9476c3f81cf48d4de363ebd98b964ee
4157,1764562484.3772357,0.000022031,0.000015589,0.000020147,0.000022822,0.000020348,0.000035767,39d3bd5081da3d6aac6f9d1a3aef432953fd993eb0ce7a3c0bf815e8a6f860aa
4158,1764562484.3783066,0.000020889,0.000015469,0.000019386,0.000015459,0.000018634,0.000032821,67bd74d6925409022bf02398cd479c1d1f64d24a0e8fb8a1427d1d446dba4689
4159,1764562484.379419,0.000019947,0.000014276,0.000023273,0.000015579,0.000019296,0.000033732,ba7c459e6b73cf7f9280bfcf41802034723a6047b969d4c5a1f044da0ce949c2
4160,1764562484.3805804,0.000021280,0.000015429,0.000021951,0.000016380,0.000022642,0.000034764,0ca00a94b53a9c8078aedd03dbc2497958729cb66b9fedd010e7afc63bedff6e
4161,1764562484.381751,0.000021410,0.000014878,0.000024596,0.000016481,0.000021349,0.000035987,ce64f60e994c61546c949f6b15ee95ced75aad6aba9e0296c25fd1fc2a48b8a5
4162,1764562484.383028,0.000024636,0.000016831,0.000021750,0.000017712,0.000025927,0.000040615,782cf7a0eaf77056fb253e13f54cb1ab382307819dc98e49e7bd447db5cbcf5b
4163,1764562484.3841603,0.000024084,0.000015409,0.000020268,0.000015889,0.000019816,0.000044082,fc3761bd7147c0950af8dd22e87e8704200523a4cbb8de1de34a65aa6b257cf6
4164,1764562484.3855143,0.000026519,0.000015750,0.000026359,0.000018154,0.000028443,0.000040855,4dc1c8ebba3c786bfc3d1a44851277ff2b41b22e670cd961bf55cd9def599e4a
4165,1764562484.3869271,0.000025377,0.000021009,0.000023924,0.000018975,0.000032420,0.000044563,b043950783ba9fbbb73341954d4a1c16fbc9fcbbf7a09d1fe186b3914d9412f8
4166,1764562484.3882246,0.000022732,0.000014627,0.000023433,0.000017653,0.000022601,0.000046336,84a2416d1e95a24bf82d23d1c0e7273b2bcd6518c0e0c57155176d8b51779f4c
4167,1764562484.3894098,0.000022482,0.000014927,0.000021690,0.000016931,0.000022281,0.000033922,70b840577ce8b4966fb9232ed4a661e11f2a73d9ff1b4cf34d5a00b75b415e48
4168,1764562484.3908238,0.000021520,0.000015789,0.000022562,0.000019206,0.000026549,0.000041667,dfeb09d2f3496c282c1aba0ab648f6b1c8b19e306d8dcecb45ebde3e771477c0
4169,1764562484.3920197,0.000023223,0.000015508,0.000019456,0.000017302,0.000025126,0.000037599,cc5e1f8e49acf6b224c4c9150dfc1a726ddb601c2108d57e47e99c6e7057d5f5
4170,1764562484.3931165,0.000020438,0.000014517,0.000019266,0.000015960,0.000019155,0.000032951,0bd694914b6b26e79e7d6571d3eca16e4ec62f2aa15da2bcf088469188d0f202
4171,1764562484.3941858,0.000020848,0.000014377,0.000019416,0.000020488,0.000018865,0.000032760,93748c9afb35dc4e6bbe75ea0c8995c3e727af4f638b94cd804cbf3e200fb3a7
4172,1764562484.3952687,0.000019476,0.000014297,0.000019747,0.000016020,0.000021409,0.000034254,20a4c6c1c344b5de695267ed85ec89b4a27351b0fec0cdb44551004763d8b8df
4173,1764562484.396359,0.000021059,0.000014517,0.000020508,0.000016020,0.000020187,0.000033431,910aed35d0b96d2b203dd175ff4aeb1e9fb5543113e5239456f10b150c7c5b69
4174,1764562484.397445,0.000020377,0.000014166,0.000019086,0.000015999,0.000019757,0.000034233,d54abf6e5fee5b564638322e1666e678cad9707b49546856c3880cc8ab257a1c
4175,1764562484.3996494,0.000026980,0.000023573,0.000027090,0.000036658,0.000091209,0.000064539,e832eee2884eee9a64e6729157856819b9333681972d2852807b5d6d0f2b9faf
4176,1764562484.4009907,0.000021941,0.000015840,0.000019666,0.000019666,0.000025897,0.000043380,2935befba44c340b0864aa998b0a300f142eba1ace76e510846dfa2ada89c18f
4177,1764562484.4020972,0.000020568,0.000014947,0.000020227,0.000015989,0.000020007,0.000034213,9eaebe78c48c78251ca1011b7fbb224788b0edb15b2ffef40ef08bc2397e4604
4178,1764562484.4034684,0.000021590,0.000015198,0.000041738,0.000016661,0.000024796,0.000033702,38333c4b4ad073a588c1953670bd6a79068d343db0933804904da6b3fdb78272
4179,1764562484.4048233,0.000042108,0.000030206,0.000024605,0.000016210,0.000019816,0.000033091,c6291e257da2a37700a5df118ed1a2dd2d312957d450b9cdb76bf30de9ece5e7
4180,1764562484.4061573,0.000022522,0.000015539,0.000026399,0.000021800,0.000027480,0.000051245,ca16d95693752f80cc76e83f0d0993f13b3ce9ea632d3fd9c898244c2c8c098c
4181,1764562484.408224,0.000026549,0.000016370,0.000034023,0.000030787,0.000064699,0.000121775,9cb91e7150710892b241fb3c672b0bf609c8cff6c226a7b319f5e857689a979a
4182,1764562484.4095497,0.000024415,0.000016080,0.000019316,0.000018745,0.000026169,0.000040736,72b3f1d8897c9e0e290adb31bd730bc474179cf021c7e380da031bac8afb5fe6
4183,1764562484.4106526,0.000021279,0.000015028,0.000020427,0.000016170,0.000019577,0.000033853,84ea7054c5585eb4e1d3d9483a4d3e039a560c149a513e372c193010a3c55472
4184,1764562484.4117362,0.000021780,0.000015178,0.000019295,0.000015769,0.000019256,0.000032680,cfb6ec3b75a8329da6d003db4f81cb11f3fb56943f5f895b120aa0d7016c4388
4185,1764562484.4128842,0.000026258,0.000015749,0.000030557,0.000015539,0.000019536,0.000038501,1dd4178bde34d9523ee7804e2ac619542c206fbb7fa09e0426fc58e65815249d
4186,1764562484.4140637,0.000021931,0.000015810,0.000023693,0.000016390,0.000021560,0.000035225,3efcb3e8890b51f095d2492c91da621d92acb429177003168a48c5536d5760fe
4187,1764562484.4153235,0.000023995,0.000015769,0.000021189,0.000017903,0.000023544,0.000036147,63aebe3157ed2151c20d2f32015f693f6e7b0389e27dea57f8fb5adc87927281
4188,1764562484.4169579,0.000021499,0.000015048,0.000021991,0.000033061,0.000042098,0.000068637,45d7698c8ff0005ba026429e490c9800d65fae623d7c634501113c08c8cb6438
4189,1764562484.418223,0.000021761,0.000015048,0.000021931,0.000018243,0.000026849,0.000039092,2fe33a221f9777174338d9b4068d0ad3118e57da17040914e9e4b430b5f12df2
4190,1764562484.4194806,0.000024315,0.000015519,0.000019917,0.000017282,0.000025287,0.000037780,68f7038f464986c63e0002ad26ca11121ef0fd7536abb419eddaf742f9e99e6b
4191,1764562484.4205883,0.000020969,0.000014858,0.000020047,0.000016380,0.000021079,0.000033733,5ad9be62cb65a8f7eb3cc4e0c2111c3b90b3bd019afc2ed9f098f9a70dce0b7b
4192,1764562484.4230468,0.000021039,0.000014927,0.000033381,0.000034664,0.000101989,0.000057156,e31b833ab6f173a65f43a519f87d06bc86e1062ac27dd04810062fbb9a70ceb9
4193,1764562484.424678,0.000030547,0.000018685,0.000020527,0.000022401,0.000042819,0.000048088,580ab29d7ce908ace71983edcfe1222758e2e03e8676572e9a769c7b1647ec01
4194,1764562484.4258862,0.000024305,0.000026368,0.000019365,0.000016931,0.000021930,0.000034283,aa665e01db2e5aab2f1637acd6ed466e7784c92fae06f96752661461c202012e
4195,1764562484.4269753,0.000019606,0.000014507,0.000020107,0.000015869,0.000019296,0.000032851,672231ffac73bedcbd35442cb206bc91009399b9045d3e24f3c47e75194c8bf2
4196,1764562484.428038,0.000020137,0.000014647,0.000018945,0.000016039,0.000018585,0.000033221,c29aeba81e668eec64231258b5c493406df9ae172369d6b2143c7140535f6d7b
4197,1764562484.4290988,0.000019486,0.000014096,0.000018634,0.000015729,0.000019055,0.000033642,4e32e8b115e6dac28aeff504f7639e402a48b394d7bc731c46f6e816bfa26254
4198,1764562484.4306276,0.000019696,0.000014477,0.000029214,0.000033511,0.000041747,0.000037809,3eb2a389faa11c433cc9291be1f41ae22bd82fa5370a6a713f87cd49bda0a26d
4199,1764562484.4320047,0.000024045,0.000015269,0.000021971,0.000020718,0.000026689,0.000053499,d27ac68461e9105299d92f67277af250d0cf99eb936b174f1b1be220d9a1bdce
4200,1764562484.4342253,0.000021059,0.000014707,0.000040725,0.000033602,0.000081701,0.000061494,ef9c3a592673c1a647c6a9aa32972958b4c56836caea61427f3729c2e74e492e
4201,1764562484.435766,0.000039853,0.000028904,0.000019486,0.000017112,0.000021320,0.000033422,5d489adbfff20b11d876853dbb916b3e69296773afdd8bc5b3817e56aae128ed
4202,1764562484.4369462,0.000021019,0.000014958,0.000023503,0.000017863,0.000019967,0.000034043,0206ac47c2ccb58948c3168bd51b0990fa89550e2c9bd2737d529caadf470bed
4203,1764562484.4383714,0.000026088,0.000018434,0.000022752,0.000020157,0.000033322,0.000048841,8117bf571dacc7f78786f9eb533b6d4f9009c919b62b2700e5e0cb1e14f985b5
4204,1764562484.4395792,0.000021750,0.000015268,0.000020818,0.000016871,0.000022532,0.000034654,0fc737f0f50046a43dfd01ae43792a5720309f09a605f09da66645c0bef56872
4205,1764562484.4407496,0.000021299,0.000015148,0.000023433,0.000016741,0.000022822,0.000035385,787a3b1546c7a3f92aca856a2a5c53504a55b61fb1a04ec10a9f46bc33ccf2cd
4206,1764562484.4418817,0.000026970,0.000015328,0.000025517,0.000016280,0.000020358,0.000033562,840331d56b8ff7c5a0168439ed4632f5fe8877a933f4a9b8475ffdc57e82b7ae
4207,1764562484.4429822,0.000021700,0.000015249,0.000019687,0.000015839,0.000020207,0.000033522,f73553e56fd69070db5312e3261968f4fc7f17f97e5fa2bc3dd5b3e0fdd86615
4208,1764562484.4440742,0.000021159,0.000014857,0.000019586,0.000016049,0.000019196,0.000033612,b2b1f930ccd5fdd1f02da156f4c0bad9bbc92a86bf0c6415275820b7e9cc474b
4209,1764562484.4451554,0.000020969,0.000014667,0.000020388,0.000015899,0.000019366,0.000039643,8996072a4201a18c70bebbda331adc5fc37f219f3dd0e4e422c9f2aba1c28d96
4210,1764562484.4462645,0.000020238,0.000014486,0.000020268,0.000015789,0.000019025,0.000033472,a9aea95b28221bfe621d40605d24336594aa4a1ee84b7b68e2a4341b72c642ad
4211,1764562484.4473772,0.000020878,0.000014968,0.000021540,0.000015990,0.000020969,0.000034845,34c830b4b37499bc6b006ff8386fcda82d2157ec3311e7ad3f913f024fb05217
4212,1764562484.4485204,0.000021169,0.000014998,0.000019727,0.000016200,0.000020958,0.000035696,944a655f3ea4aa1c845c99004b351ea34a4517a0e5d81b8813efa6f41f447549
4213,1764562484.4500253,0.000020708,0.000014828,0.000044412,0.000018013,0.000024275,0.000038291,ce39e5b23de40669aa47f3d4883223c778fc95ce4c2cd793fd5b7fda52254b9b
4214,1764562484.4514215,0.000042428,0.000029896,0.000020939,0.000016010,0.000019376,0.000032841,2cdbad5ba17cae8c8d70607e48942a997492eefc42c6f7d0c20d643ce9e4895a
4215,1764562484.452537,0.000021179,0.000014917,0.000020048,0.000015960,0.000019346,0.000033542,a792548848fae3d3f6633acae99303b49c9b3d1f32771b426ca68a0e39e2271d
4216,1764562484.4536366,0.000021320,0.000015138,0.000021970,0.000015679,0.000018855,0.000032910,b00a7cbcf571d87a8e4a8f890e7b28168da1a63f19de53fe7f0d0a6f180a130f
4217,1764562484.4548397,0.000021299,0.000015619,0.000022181,0.000016170,0.000020267,0.000033392,ab73afc6bd186da03f0409eee190229a49e30d6883995734044d8e4bc1cef9c4
4218,1764562484.4572022,0.000023944,0.000015879,0.000031788,0.000033753,0.000070390,0.000058248,ea95472c24d1923712d19f7168bb62e078aac5fdb33562fe05b529055aa29fdc
4219,1764562484.4584875,0.000025727,0.000016781,0.000020338,0.000017422,0.000026348,0.000036708,720a0821d6993c4d1b8820c0f470f389c10b0b41d9c2bc26384a17abfd54faa6
4220,1764562484.4596047,0.000021580,0.000015138,0.000019847,0.000016600,0.000020679,0.000033783,13c12b0f51faefbafd105b17cdf463e0235c4e605d127f22172b1a95dae73fa6
4221,1764562484.4606998,0.000021369,0.000014587,0.000019567,0.000015719,0.000019936,0.000033062,9221774714691233ba04df0482611625f83c58a3258c92fc0c2d33a1ce6335cb
4222,1764562484.461789,0.000020898,0.000015288,0.000019426,0.000015840,0.000019316,0.000033231,636f6cd6a299e2e9c48b015caade68634dbb4accf728809798b24b602807b452
4223,1764562484.4628937,0.000021279,0.000014557,0.000019536,0.000016421,0.000019295,0.000033332,bffad47b26afaceb455ffeea2c38f96a349ae1d5dde1a45a2223bf29667b7975
4224,1764562484.464083,0.000022793,0.000014807,0.000022882,0.000015719,0.000019245,0.000034524,dab6af69f350ab4612d05587e8998c0b0fa3d20dafa2e146dcd9b49d5bcbab82
4225,1764562484.4655144,0.000022571,0.000015509,0.000024355,0.000018274,0.000025427,0.000042228,c3159d05e6d88d908d77f380c187649442cfcda241b4fc4795fdd3526dfb46d8
4226,1764562484.4670432,0.000021870,0.000015409,0.000042789,0.000026299,0.000086540,0.000040524,22c43a3c82c0732e00b6ea9725161b0f8bb55cd6d6c11e25370058f4ec9e2261
4227,1764562484.4684267,0.000042649,0.000021109,0.000019847,0.000018925,0.000024075,0.000041798,d2cab08efd4303e6dc80a89a10a5a3c17967e1d44e3459596f68c6871840b645
4228,1764562484.4699082,0.000022572,0.000014898,0.000019706,0.000023414,0.000046426,0.000045514,c654b1654173bda593587ba392f867cfad0adbaa1cf159cd0858a7eb613dde81
4229,1764562484.4713445,0.000019906,0.000014867,0.000042008,0.000017633,0.000026429,0.000039062,09c91714ae5b77c43f7efe6d95d091213e3aab1798d96018374ba45f69d91ce2
4230,1764562484.473073,0.000046085,0.000031248,0.000023543,0.000017562,0.000024526,0.000049612,8082e87d484c2acbcc289a5bdd618e146a433cc86b1c3412c193e49dc9f6c55f
4231,1764562484.4746702,0.000023293,0.000015749,0.000025958,0.000020127,0.000035416,0.000048239,3fa476c9de5f9b058d5a1c58c922a4e7a56890a51d0a7a99b5666606dff063aa
4232,1764562484.476059,0.000024825,0.000016741,0.000029184,0.000017522,0.000023193,0.000040174,298f6187040ba11f3b748fbe3d74f79d27ccead50d0da72609c8762c88a8e8c6
4233,1764562484.4772131,0.000024295,0.000016751,0.000019366,0.000020949,0.000020097,0.000033903,98d6db497e867d6ba9eff46cff0b9425ff97422ab54a86ce00bfa0ec13d0bc59
4234,1764562484.4783082,0.000022050,0.000015058,0.000019095,0.000015929,0.000019306,0.000032921,ba9e6822a07df35a74af3201ab3d75b30c9c0f1ec4205f7d7d221afdd7c962b6
4235,1764562484.4794497,0.000021580,0.000017082,0.000021490,0.000015919,0.000019416,0.000037719,d760e2435db7b5f773a49f429232a5625bcb5e5e3a99f664c49d9c33562f967a
4236,1764562484.480722,0.000024215,0.000014988,0.000020689,0.000021249,0.000026930,0.000043501,5b9d4078ad1694e8306f03ec3a4fab23886d17a75f21f0bc7540561468680665
4237,1764562484.4826305,0.000040676,0.000024446,0.000023643,0.000039683,0.000066503,0.000078605,f3e290543c30f58ec3e2d6c3a0ffb9676e74b10332c73f255d6c349408a850b0
4238,1764562484.484086,0.000022612,0.000015408,0.000027050,0.000023784,0.000036828,0.000048149,0b4dd20c6525bea5d99eadcab4beaa45c4b7c5ed5ec821b59f775d71c1df0821
4239,1764562484.4857383,0.000023233,0.000015639,0.000025998,0.000021309,0.000041837,0.000053729,dec12c3b72c9499365fa1f2e56c5b662f197e4a9779a8037bbe7a1d518e1bb42
4240,1764562484.4871473,0.000023824,0.000015609,0.000020438,0.000019205,0.000027151,0.000042839,6cb79673195ccb651a5993dec5efd84239ad03cdd010e586eb03d21af04fe27f
4241,1764562484.489313,0.000022371,0.000014857,0.000023854,0.000050262,0.000080118,0.000090998,5605d836044b6f317587867f89aa6167bc430f31e48ba6e2fab8e9eadf543b08
4242,1764562484.491058,0.000023854,0.000015298,0.000031949,0.000026650,0.000046796,0.000061194,e1e9ecf73448aca4176aa91c0badebd4fe63c926243b1ef2bf282571e3c8ca99
4243,1764562484.4927208,0.000025066,0.000015940,0.000021089,0.000026359,0.000045003,0.000056935,cd780337addfe416825cef89b9d5fb6efce6d0da3f6c750627761713de34d56a
4244,1764562484.4939244,0.000022662,0.000016030,0.000023503,0.000017763,0.000027050,0.000036558,0f07f9d93e84cac54aa1bb176e0244e4b16632bb7bdd202cef6d2517ba02a264
4245,1764562484.4953146,0.000021390,0.000014928,0.000021410,0.000017973,0.000027291,0.000038751,39b717a6a39d94a7688b946577f7f62ad9d1462031eef22cced59050023b5d7d
4246,1764562484.4969063,0.000023864,0.000015518,0.000034984,0.000025758,0.000079938,0.000040665,0450264c713980603eb4e4b6f74d640bb706a33ca976c64965f1f30041eeb248
4247,1764562484.498313,0.000025988,0.000016511,0.000022061,0.000029685,0.000029735,0.000054220,24813d7aac0add78bc9a64bf1d25e11f6f36b9e63e4c1ec3c3a2e2628a38dbe0
4248,1764562484.4996295,0.000022101,0.000015889,0.000020278,0.000018555,0.000028783,0.000045905,6f6982e99de85efc093c52d657e319c601c99cc931d455b3f90b1caea596edb2
4249,1764562484.5008707,0.000021660,0.000015479,0.000021750,0.000017993,0.000024255,0.000039523,9bc24b1cecafb533cbb1ed622849ed47f4783cf54c02dda53536e1b2facaf41f
4250,1764562484.5019639,0.000022070,0.000015198,0.000019215,0.000015739,0.000018975,0.000032941,751386acafa8a0c86f9e914b9f77d3b68574fa819a1841c7cae4435c1e4224fb
4251,1764562484.5030901,0.000020287,0.000014537,0.000022021,0.000015439,0.000018895,0.000032850,1f0399d6997c7737a0228b24a30c68a65680ceb72a3b9bbadff9ca69c7b51be7
4252,1764562484.5042937,0.000021520,0.000014717,0.000020548,0.000016661,0.000021500,0.000036888,3ec32003bbaffe814dbf9da2db219f4bc172c37853195643c19477171bef4109
4253,1764562484.5055277,0.000020859,0.000015178,0.000026719,0.000015870,0.000021399,0.000039022,a6c05673870b7ebccbeea4cd7bb887ce43f007ee2c6783542c5fb4838691d651
4254,1764562484.5068219,0.000026619,0.000019095,0.000021459,0.000016050,0.000021300,0.000033612,48a9f8712c108eded671fc6f8b5aedf6830ab3bff4ec534751807a6e29ece0eb
4255,1764562484.5080326,0.000021770,0.000015148,0.000021029,0.000017302,0.000022732,0.000038872,b1522432a22a6c7f818d727612515960c1bdc006b239e34bd73790ed8f035d77
4256,1764562484.5091512,0.000020808,0.000015008,0.000019636,0.000015138,0.000018524,0.000042298,7f93b854eace4ac6381116ae37f1b3406428c3d82a3d1439ea093dfec1fa0c39
4257,1764562484.5102391,0.000020678,0.000014306,0.000018875,0.000015759,0.000020147,0.000032981,675fd7fed3b809ca5be2daebbf95de60d346e5a2296211ae8099b13249515ac5
4258,1764562484.5113223,0.000020859,0.000014296,0.000019146,0.000015658,0.000020157,0.000034784,e3484fd41bd239beaed1ea475829573d6a2a36cab70fce4a8261d3dd54513fb1
4259,1764562484.512399,0.000020648,0.000014958,0.000020297,0.000015809,0.000019516,0.000034714,9159850dd3b0d8c7a62abd4a264b29bfd7668e9394c7497c95eb7f6a0626ecd1
4260,1764562484.513672,0.000025366,0.000020477,0.000024375,0.000015870,0.000019786,0.000033572,d02be8cb97c833e034fe0cb1378af5408142979ee03cf9a9b795f95e9449d905
4261,1764562484.514891,0.000022130,0.000015238,0.000027821,0.000016501,0.000025117,0.000036858,a95dfa852e7bfa33b611aca59f59343e568b4e88d94465dc174fbe05f54e77b9
4262,1764562484.5160992,0.000024666,0.000015829,0.000020558,0.000015969,0.000020568,0.000034303,0b85f18f7a8e2e4a6ea003663dc9a1c9845f8f0430862956bd8da46df3451d90
4263,1764562484.5172248,0.000020929,0.000014457,0.000019405,0.000015539,0.000027130,0.000033471,573d3ac1ad4c597c4d0b0640512f4772c584ea6af25bb2d5ec3fb12c445cb52a
4264,1764562484.518296,0.000020398,0.000014307,0.000019466,0.000015829,0.000018394,0.000033312,2faf0ad5913929832bde20e16e240147fcd05dfa7c760d05d51bdbdc4291d6c8
4265,1764562484.5193439,0.000019706,0.000014627,0.000019115,0.000015218,0.000018144,0.000032770,b44e86c4a59d73836dce125a89bcdc986b8ac4c8e0da85a82edbdf0dd9ef36fa
4266,1764562484.5214677,0.000020328,0.000014577,0.000029965,0.000038561,0.000063818,0.000088874,8cdb1cf09f5d8cd16cf00d6999c0100cea26f0865b3b3cf53407c4e34fceb72e
4267,1764562484.5232062,0.000027240,0.000019005,0.000021700,0.000029685,0.000054290,0.000057305,eccb91f31b05b33ed72d2cfe2d8ecf61565a6e505d9cf818cd4cec85369df3f1
4268,1764562484.5244884,0.000021721,0.000015509,0.000019977,0.000020999,0.000028813,0.000041707,f09ff947e62fbe3da6016637bf092cf1352323e73e26dc8bed4df4474730146c
4269,1764562484.5262165,0.000020668,0.000014967,0.000019666,0.000025707,0.000057366,0.000057206,5daec55d928cea86eee81cb036c4b60e2da19edc199ab18dfc8b24237c16804f
4270,1764562484.5273712,0.000021359,0.000014617,0.000019736,0.000017011,0.000023914,0.000033933,7cc79002edc7b9b63b2480c9f0ef5115e14ef6f0908271c7f788354f9d639f62
4271,1764562484.5284848,0.000020368,0.000014607,0.000019697,0.000016721,0.000021600,0.000033863,f4c1ec7ed30d646a53f2f0b1554e1122099bc067f7d0ab984a5630ec14b3cac7
4272,1764562484.529658,0.000021430,0.000014667,0.000019937,0.000017472,0.000021470,0.000035185,7d4574c480e6656834ad9d72fecbbeef11514c0c0a1bb5eee51c78239549f71a
4273,1764562484.5310464,0.000024705,0.000019205,0.000029304,0.000017823,0.000025167,0.000038391,cb11b2c0ab6c2f84dbed22795b8accacb5e7aa28a42fc802df411c153b8ef7f0
4274,1764562484.5325515,0.000027631,0.000017282,0.000028924,0.000020418,0.000025647,0.000050944,1131000447f17bd0ff648ba4e1048aad3b3f26cdf36b781b30c752bc9b70723b
4275,1764562484.5350192,0.000027301,0.000017493,0.000043901,0.000036838,0.000077202,0.000067244,5ad7b8a1cdf654e64c7e3cf51df1110c7d48dfb9614201d20e8a1867d89db9df
4276,1764562484.5368214,0.000044402,0.000031238,0.000022782,0.000020358,0.000035355,0.000043811,5e711d9f00e96e1f77d602d63207473c6b6ace54fec37bef007ff4b8d25256dc
4277,1764562484.538214,0.000023975,0.000016080,0.000027491,0.000018564,0.000026079,0.000038411,342ace4efda4ea5e0f4d47763c828a81ece6089e1f1cad6bfb1204b2f2c69ff5
4278,1764562484.5405884,0.000054861,0.000042539,0.000036547,0.000021199,0.000031197,0.000046175,8749e8a77113ad85456b18776462870776ab1ef1ee219e13dfc67fcab2a8373c
4279,1764562484.5422332,0.000026198,0.000016010,0.000023554,0.000024195,0.000034604,0.000051445,486c682ecd4ea370424c76384e863f0673af4fa533aa5633e82c491063675d10
4280,1764562484.5442493,0.000021279,0.000015559,0.000020438,0.000032360,0.000084135,0.000068416,fdd32070089e96c30d167aa83ed9ecb395fbbad847b4523c9b7b20c0f0a92e06
4281,1764562484.5453966,0.000020919,0.000014487,0.000020287,0.000016591,0.000020778,0.000033331,20a428884252bf14294ec5896e43ada82061f3ab67c0279e82de19ef8d5c0806
4282,1764562484.5471008,0.000020929,0.000015098,0.000028402,0.000035475,0.000049100,0.000040304,3ff0bd9ef1fce5f7c0372bcc10985f244c0e8cf6d7b215a50d9462e9a09ee35b
4283,1764562484.5488014,0.000026780,0.000016571,0.000029845,0.000024005,0.000043961,0.000059329,a3da1e869eb988ef3f7135a43a4a43056ac905cb780d21870f0274b1578083a9
4284,1764562484.550884,0.000053399,0.000045394,0.000029855,0.000022783,0.000037409,0.000053509,c4c1a3ea1302f2a1501c9cc0b92fab5c9360d53e4f0e2a91e930e5002de119a7
4285,1764562484.5523593,0.000025006,0.000016721,0.000043981,0.000016952,0.000020157,0.000034644,21a9a398f5773edfec13961cfdb6f8bd3edfd46a10889576c842f07d5f23a8e4
4286,1764562484.5537653,0.000025477,0.000016701,0.000024426,0.000017352,0.000023383,0.000044683,6b40158169f1f5909c56df7450f02d9152ab070f1ba18c112a83af4919b53566
4287,1764562484.5554545,0.000023513,0.000015739,0.000029745,0.000024936,0.000048600,0.000047247,6ba8d69e5187e59f0f11e338d1e4f89524fa132248ee1062211558076cf5fbf4
4288,1764562484.5574157,0.000025137,0.000015879,0.000036267,0.000027771,0.000064199,0.000073826,e02435ea76aca081e6ffaecd18b73cfb42bd64707b40ea5a2aa7525bf1518426
4289,1764562484.5590072,0.000027932,0.000018835,0.000023654,0.000021600,0.000040194,0.000047067,f05cd2e53b890f453ad330df39507c187a2c3be1ccb60923fd69689745d916b7
4290,1764562484.5604074,0.000024556,0.000017082,0.000024656,0.000025357,0.000035506,0.000048079,b4d46f52250f0352b3ff43dfba2aba907b2e45af8d3274bd5403d3382609f442
4291,1764562484.5616052,0.000022953,0.000014867,0.000020588,0.000016550,0.000021009,0.000036798,389b88b5fba9717e18544074d20cd480aa6855e672de5f814db96858541c2c71
4292,1764562484.5628505,0.000021269,0.000015238,0.000024505,0.000018775,0.000025878,0.000044532,f4d1aa44da3f19c6a1f151eda8cc2bddbd3efa6c06fe5034c1a382eb260fc967
4293,1764562484.5644832,0.000026158,0.000017332,0.000045193,0.000019826,0.000031028,0.000055152,84fd06ca08d2855a26302e0f15f8d7e642947310f5a327ca1025aa288198860c
4294,1764562484.566849,0.000035105,0.000024756,0.000035836,0.000024676,0.000053288,0.000072945,cc943b2c6f50164507ca717b94d58e14a9d183cfe83f6c2cf81fd564aa9bc839
4295,1764562484.5682971,0.000027731,0.000017592,0.000020719,0.000023092,0.000030025,0.000048339,2ae2c46e2a4216013aa42da621a595f90f63f6d1dc5f261937c278bf9b7c29cd
4296,1764562484.569641,0.000023784,0.000015779,0.000022402,0.000016771,0.000021821,0.000037920,fe01fb2675e1c46f1ced6013d2553680780347e3d90ca11320eeecb5f23da01b
4297,1764562484.5712926,0.000022211,0.000015238,0.000021129,0.000032049,0.000038561,0.000066784,1982ed167a2b0fc2746e3f9717103d0ba541d8708e18cc467b4631aeb889f63c
4298,1764562484.572709,0.000024135,0.000016560,0.000034534,0.000018565,0.000027210,0.000039854,6fab1d18b437b78b5ac57783a098976efb56129a9d9aa793c8508bf95d32163d
4299,1764562484.574757,0.000070140,0.000021399,0.000031418,0.000045474,0.000081641,0.000058629,ba299a10270a0831a83d0e0e6346cc96365128d8ac465d36b7427ce96a347c40
4300,1764562484.5760345,0.000025307,0.000016281,0.000020247,0.000017993,0.000024896,0.000035646,a1f849d65f7f4295632b9d0f0e33f6300d8f3f1f432e8a7fd8864c006764934f
4301,1764562484.5773892,0.000021781,0.000015288,0.000041146,0.000015839,0.000019927,0.000039573,c5e5b6f1eb161810999418ae17f7ac6a55ca4b47492035989d29ad9d21f5af04
4302,1764562484.5786784,0.000042047,0.000029464,0.000020037,0.000016631,0.000020067,0.000033321,16f4a85ab12c8f3934eca122117903daecd339f395068caae682525dbe8a0a26
4303,1764562484.5800607,0.000020588,0.000015087,0.000044582,0.000015629,0.000019145,0.000034865,ef2a2da5b20902a0700acbedc54a207fdd74f897b7baf64f44349653d174e4a7
4304,1764562484.5817215,0.000026509,0.000017412,0.000024946,0.000020709,0.000030126,0.000059159,20db9d865cc2809161ecce95e9c95b035d3762c651c86cdc9f05e468f4f05fe7
4305,1764562484.58382,0.000030666,0.000017082,0.000020488,0.000041597,0.000069688,0.000096979,1978e4f13c0fc413245eda1837cfbdfc67c3c9473f4edbb7279edc683dce7190
4306,1764562484.5852604,0.000022712,0.000014758,0.000041106,0.000016891,0.000022572,0.000033592,aa345bb8e8db62637464482cf7cb18c237c04ad3fb030084417bffa6ea0e4a1c
4307,1764562484.586899,0.000039804,0.000029926,0.000042759,0.000016500,0.000019747,0.000034514,f330c2792dae65a182d17c34bf9de2040ce8b66e783ec8d61b6d008f84af03d5
4308,1764562484.5882766,0.000025517,0.000015929,0.000021309,0.000022812,0.000034915,0.000048229,22e5d283090b1edbd486db5a8c1b85e7e5aba0ab8f5519e78650f14dcfa63a5e
4309,1764562484.5897155,0.000023053,0.000015188,0.000025047,0.000020358,0.000028012,0.000041367,cb1300b0050cb116c9c70a034650838f661df407afac8b5276dae2e850a3eb64
4310,1764562484.5910702,0.000024144,0.000019566,0.000020608,0.000020678,0.000027030,0.000048360,685a44c3c676543c3001827429a9881f819401d41ba48fe9d8a4bb859485bf11
4311,1764562484.5921848,0.000021459,0.000014977,0.000019607,0.000016551,0.000019857,0.000034815,f62c810eb70cfa8c076ee81c86a3cf81014af669fe80c76be71688b7a9671728
4312,1764562484.5932715,0.000021620,0.000014767,0.000019556,0.000015959,0.000018925,0.000032720,d0fae7f8261fd399341def3fc8f217c977d11314639ce35b8aee4ea7e7c84592
4313,1764562484.594335,0.000021099,0.000014557,0.000018654,0.000015388,0.000018644,0.000033071,c5b9f80c36e53afe30814de749a3472e844e1e8e78bb0b895192feda21640f40
4314,1764562484.5955682,0.000020117,0.000014867,0.000025026,0.000016601,0.000024675,0.000038070,c872d29a36740654b81d344fbec3c5b069624cef67e8bdb971d8197b7cee637f
4315,1764562484.5968053,0.000023423,0.000016731,0.000027802,0.000016079,0.000020057,0.000035125,59d15e78dab09f11022216adc690c92d1687b8aa2f108f5706c23288dbcd0d04
4316,1764562484.5984094,0.000024886,0.000016541,0.000025157,0.000019837,0.000036147,0.000056133,9d5c54c25a5ea86420257c5290684e426baa0e7b1900be191d2b885d4407dbaa
4317,1764562484.5997703,0.000024936,0.000015338,0.000022472,0.000019747,0.000030546,0.000047017,7a3667c91159884334b90d3b84a79532829587c1f6ab5a379063f3b5909b3b48
4318,1764562484.6009865,0.000022862,0.000014998,0.000020608,0.000020648,0.000024365,0.000036087,0afdb661450591c3ba0ba845c40774ac62363089f8c7ffc2b31c67587859ce77
4319,1764562484.6021857,0.000022281,0.000014477,0.000022060,0.000019095,0.000024715,0.000035296,b840eff888fdde7e0f3477cb3725cbed137ece2ddfdb3f1f75095e958adee043
4320,1764562484.6033013,0.000021169,0.000014918,0.000019666,0.000020427,0.000022442,0.000032900,d2d395c8d08012122a454bd854a78866522cc557a5c84fd45374e45573267e9d
4321,1764562484.6044571,0.000020497,0.000014627,0.000020708,0.000015459,0.000019576,0.000033602,892ccb0245100dd42021f1ad246bf2a502e9266e44e0df263f3bd8d5736a617c
4322,1764562484.6057303,0.000021160,0.000015679,0.000025437,0.000019937,0.000025197,0.000041236,b8df5a91bf772fca066998fc7bc90995da1503511225175bfbf844c06eaca307
4323,1764562484.6070905,0.000033121,0.000015568,0.000022121,0.000021049,0.000030447,0.000043009,46310b4a9fba8b0e2f78960b2a9c081bcfdf84f04a8100f93f5c3a1fa485d0b8
4324,1764562484.608202,0.000022582,0.000014747,0.000019927,0.000021059,0.000019336,0.000033352,aa94bf714bf7bcc1a531e05cc8279cdb8f61a66752eec0bb6e7528e9c839a2f3
4325,1764562484.6092722,0.000021399,0.000014607,0.000020168,0.000015619,0.000018895,0.000033161,9ff8d2f542747b648a9be2962b74fa4815d0700d5c0985174bfc5a74cbd743dd
4326,1764562484.6104043,0.000021139,0.000014617,0.000020378,0.000016882,0.000019917,0.000033702,997a4d504d6037adfce86207e4e7e12a70530b9da0f043bb8577cf22ae1ff35e
4327,1764562484.6114988,0.000020699,0.000014767,0.000019817,0.000015739,0.000018945,0.000032971,d232827225761518d873cf382202a535405b09749692c4f0ffbcb0528821e51c
4328,1764562484.612612,0.000020779,0.000014627,0.000019686,0.000015379,0.000018775,0.000032630,8f7aaaa936bc294d08a34e77b944ba217512670b980f83f5bb3271a5e0b7be45
4329,1764562484.6140804,0.000024626,0.000019266,0.000032531,0.000018114,0.000023954,0.000040555,3bf48cf4cffb48584caa38e1c91b412b14dbecb1a446cd4b42845aebc8472777
4330,1764562484.6153708,0.000029655,0.000022381,0.000023453,0.000016300,0.000020738,0.000034925,6afc9655b44fcd79c3e27917c31962d946d2d4b99a80e2a308366a476ad926e9
4331,1764562484.6164896,0.000021760,0.000014918,0.000020017,0.000016159,0.000019636,0.000034414,1617fff5f39fbb1c26c7ae6ae8f54e6f07ef0ad4c94477e3ea071b9f305d92cd
4332,1764562484.6177351,0.000027161,0.000018704,0.000021209,0.000015720,0.000020718,0.000034925,3a754ddfb6b54b71008b2a91b538c95c913a3d231a67c8b47d2e2aad698355b4
4333,1764562484.6188717,0.000027210,0.000016110,0.000025406,0.000015458,0.000018584,0.000032951,614057a2512f2d13dd7dc19429f5510098e9d47d7cc5db74b53b178d444e090c
4334,1764562484.6199644,0.000021800,0.000015068,0.000019085,0.000015820,0.000019546,0.000034764,26cf129f296f31b2656c376463e11034be4acbb9ab0cd39fbf2276b8fb644562
4335,1764562484.621078,0.000020007,0.000014266,0.000018925,0.000015759,0.000019295,0.000033843,b8796f4179317af7e29af07418d475b41170bf88df516b814fe4ff2de0cb3935
4336,1764562484.6223707,0.000020248,0.000025006,0.000027381,0.000017964,0.000023373,0.000042027,2c2e90d486386e1417dcb57812fc861f45db8f7d05ef7c84975b581624000f60
4337,1764562484.6248937,0.000028583,0.000021530,0.000059180,0.000055833,0.000080779,0.000092681,0089f863c95d5b512cc8181be2566c5e6197298844ace5164bc0a79d0813c4ed
4338,1764562484.6277378,0.000046005,0.000033111,0.000029274,0.000047588,0.000089406,0.000099414,4c953c7de33677ad932e3d6f1631161ddee642d322a2e2fd519d75d0443077e2
4339,1764562484.6294274,0.000026919,0.000016350,0.000043761,0.000022642,0.000034153,0.000042729,12ab92a9580689d98fc99edbcfd2838e5b4c2bea0871aa4116ef778c1b90a7c8
4340,1764562484.6309805,0.000025327,0.000015639,0.000043230,0.000021299,0.000030827,0.000041407,cdfef8c88c65fb7fe27f33cc49c9f58a7cc484696687dc579526ed6c185f615b
4341,1764562484.6337922,0.000028643,0.000015729,0.000044682,0.000038541,0.000072825,0.000067635,1d15050feb2d3a24d3c4ab10fae060c56baa613fab4989eb0a1b3365eb6091b6
4342,1764562484.6355453,0.000027551,0.000017191,0.000025006,0.000022342,0.000048159,0.000055984,98ebdf0467d671749ad063eb7901d39c0805a2ae65eb660dd1f25d00fe2e1092
4343,1764562484.6367548,0.000022301,0.000017072,0.000021260,0.000017071,0.000023243,0.000035245,7babd8ae6f615931f1cefd181892dfac950800c04be343db1318325297d31492
4344,1764562484.6384523,0.000027951,0.000021579,0.000026689,0.000020197,0.000031659,0.000042479,0a4d4636ddc744159eab20137921e9e96a6fdf29f7834bd6524a52fa272f0e19
4345,1764562484.6398258,0.000023063,0.000021049,0.000023434,0.000019105,0.000029325,0.000041977,1d06f2b973110ee57af1ea3a4f281d7e7b0ed8b15748cc732949c24c83762c06
4346,1764562484.6411276,0.000022692,0.000026719,0.000021970,0.000016631,0.000023073,0.000036477,99e0b581f1a2afbec581e36750c15b6a1ed1ec130fcf26a303dd17a3ed765c0b
4347,1764562484.6422515,0.000021159,0.000015168,0.000020337,0.000016020,0.000019626,0.000033542,acbc21f9f3b886627433b485fd435dffa6769c2bce47dc3fe239b61bfa1dd5fe
4348,1764562484.6433783,0.000020258,0.000015028,0.000021439,0.000015709,0.000019135,0.000033562,479cca5949217dc76d9dad31c76d2ed154cdf9a6071a5f04106416d8ba94ae81
4349,1764562484.6445131,0.000020938,0.000015168,0.000021419,0.000016020,0.000019456,0.000034173,4a06f6c77a5f0ae86cb73d5ccb6a046403d66de516104c2d83d7cb408ae3ec46
4350,1764562484.6467037,0.000022953,0.000018354,0.000034765,0.000050102,0.000102449,0.000077543,d384368436ed886c262101b2131328c35ed47c2a41c2c0fa81a108a2a39cbbf8
4351,1764562484.648667,0.000036537,0.000020638,0.000029424,0.000026899,0.000051635,0.000072835,57448f799bc1235386cb350d3c2cc6e1fe7ef1bb844075e6d3bcc5748b705c7f
4352,1764562484.6504543,0.000023914,0.000020858,0.000034183,0.000025427,0.000074468,0.000104763,a11599abe99cb73f86141b575da11c8b948e1a44e2e9d8a0bcd695f3a0d52430
4353,1764562484.6522343,0.000029064,0.000021600,0.000028954,0.000023884,0.000051024,0.000048490,77d4609f283698d261904aeae9ea88bd19fc94ad311add575768bb5bba65d45e
4354,1764562484.654097,0.000027712,0.000026559,0.000037820,0.000023444,0.000041827,0.000049411,5397ad453a81461920147dd6dd29d9d954d5848ec450f7614bb2d03510a50516
4355,1764562484.655958,0.000034313,0.000018143,0.000068537,0.000022992,0.000037880,0.000050824,c878a060f68c79c54e974cee31d46d9bbef4354a77b1fa2b99d2da5e68c927fc
4356,1764562484.6584144,0.000038792,0.000026449,0.000028432,0.000031929,0.000064540,0.000073666,9b6c0630381d0041d7914d1a1374f69d7a427a265631ee41bde544031e770f0e
4357,1764562484.660002,0.000024675,0.000015900,0.000026298,0.000021290,0.000029154,0.000051115,d95c6e59bafb16c569556c282f4beb53ad03c558b7ac01e74b2000fd2653217a
4358,1764562484.6612892,0.000027390,0.000015258,0.000023273,0.000017132,0.000022772,0.000037790,0594ffd43e991982e2edce6754295a4116d5393f59fa3c2da39894b548b42b01
4359,1764562484.6627972,0.000023564,0.000015519,0.000036317,0.000020748,0.000033441,0.000052747,09b3a3dbe767d84a450d9f50d2afa1175f8ccd7304f87345fee030beb23b6526
4360,1764562484.6642964,0.000027401,0.000016861,0.000026649,0.000021480,0.000031167,0.000049021,0c4796dfa7cb83dac1653dc4a6cff3ea41710d5e447f74f4abf7002cccdd9b23
4361,1764562484.6658895,0.000023112,0.000015649,0.000041577,0.000021680,0.000035896,0.000042048,2d278e7d18b0e56d4eb3eaa2d01a2273cae5e8ce9f633b7c6792c91768ba55a9
4362,1764562484.6682625,0.000035395,0.000017953,0.000028012,0.000040655,0.000094505,0.000096709,7578fdae1b669970edb246f4d3aa2d83ce34c4a9c39dbb2c685440034a61ac3a
4363,1764562484.6696208,0.000024846,0.000015047,0.000019887,0.000017262,0.000025597,0.000038932,a9b3f0bbad3f51cb0dcfa871ff1a7910486b5c93d66425b2571a259ce2e53bcb
4364,1764562484.6707585,0.000020278,0.000014897,0.000019786,0.000016941,0.000020168,0.000035766,77a55c6479996f8fcd29939104c0fd378d0aaaefc17e52b3341a46bda7cb5eac
4365,1764562484.6718771,0.000021099,0.000014577,0.000025227,0.000016100,0.000020278,0.000033832,07ff46de1ef4b2c463061fad16005612e678f08f507c8911080be005582aea30
4366,1764562484.6729875,0.000020398,0.000014637,0.000020928,0.000015859,0.000020638,0.000033472,18410db1f48816b992f8d7638cfe404de320f9ed0ce6f0489cb11aaa4a0d917d
4367,1764562484.6743894,0.000020197,0.000014457,0.000027591,0.000027791,0.000027080,0.000048760,2878b7791378de041a0235b51e50e4fbb119ca6124ccb322400f98fae9397e9a
4368,1764562484.6756382,0.000023273,0.000015098,0.000021139,0.000017682,0.000024786,0.000035255,a0978c2b67407b0c3da8394b20ec9486991a063e082bfbef8a39c6833cdc2acb
4369,1764562484.676989,0.000020799,0.000014387,0.000021069,0.000022933,0.000034594,0.000055462,46f85e24557e6793a120ab82f0d9258668e99e5d0927461e4a1169a8610f9bb2
4370,1764562484.6781814,0.000022141,0.000015308,0.000019926,0.000016831,0.000022261,0.000038882,110faffd548b06455297b2370acf3e345625fe42de97c37d3cccc21c12d7cacf
4371,1764562484.6792865,0.000020648,0.000015819,0.000020297,0.000016040,0.000019556,0.000033202,db2c889f6aa6ecf1e626fafbd87d081ea8ccf77b3a41bbf6ebd2243e0f7a9e43
4372,1764562484.6804428,0.000020619,0.000014877,0.000020888,0.000018313,0.000021299,0.000038110,de26a241006bf1b85eaa3c0d4492344e69eb50df1e6910b06a9319769f0baf02
4373,1764562484.6815577,0.000021690,0.000014957,0.000019887,0.000015799,0.000019796,0.000034564,180091b912ed1c7e575d726941e0489481bdff3802be4105638e29d94868f7f6
4374,1764562484.6827173,0.000020748,0.000014246,0.000021930,0.000017222,0.000022401,0.000035766,6765fd5e565f39cac012277bdf3ee910af7768f5867e47142d7262d1f5886a5e
4375,1764562484.6846752,0.000021881,0.000017772,0.000028202,0.000034724,0.000079858,0.000069949,340d3b2e91712f0fd093570ccb2d518f944bb7747a0e2418a99168c325ff07e9
4376,1764562484.68625,0.000024796,0.000022552,0.000021299,0.000020819,0.000034664,0.000047979,ec473d5d5cd2fb6693ac080e4c18d8a246698dc47fff270d2619195f1f272f94
4377,1764562484.6876736,0.000021119,0.000014927,0.000021039,0.000024615,0.000037349,0.000040825,a937b8728c0d666fd200d5f1f87bc821a19b0a56c69f444def874091d2099497
4378,1764562484.6889656,0.000021279,0.000015519,0.000024565,0.000018164,0.000024375,0.000036488,069cb7b4d4cf9fe02edd9aa05b464b1e3bc4fb619a6647210102420dd9c7a865
4379,1764562484.690274,0.000022722,0.000015168,0.000022783,0.000019636,0.000027791,0.000042138,436a0a13e89ea3ab700c827fd2b92b4bf4f1246ccc360a21f9700cc5598ae84d
4380,1764562484.6922126,0.000022221,0.000015588,0.000021269,0.000042058,0.000071031,0.000057977,fbed9c2457a966f51de2e6c89b41e47ee715b32e79505c82afda8ddc485fe30e
4381,1764562484.6933587,0.000020708,0.000014577,0.000020297,0.000016500,0.000020457,0.000032890,e58ab24b9239acdd4a6ef593e2ed4cb070f52e6a6ba75a4433a131ca22e8ea74
4382,1764562484.694485,0.000021580,0.000014737,0.000019426,0.000016841,0.000020858,0.000033482,8d1e75f75c42bc8869c08c6c7702957a8b6dd031092f80d0110454d5bf0de326
4383,1764562484.6955585,0.000020017,0.000014698,0.000019997,0.000016020,0.000018905,0.000033211,0f70a0a4f09d7076ab4025152c96b5a443339243ec1e79282acbf566327b963f
4384,1764562484.696671,0.000021600,0.000014897,0.000020077,0.000016270,0.000020298,0.000032570,cc7bbc1325b75cfd89f91e623689387da3f5db7b569931ff9f2dfff5b746492c
4385,1764562484.6977894,0.000020377,0.000014928,0.000019256,0.000016039,0.000019776,0.000033602,bccaa4243ee92880a2afd2fbfcb668b6087aa5039297df217006d1822977d362
4386,1764562484.6988757,0.000021028,0.000014928,0.000030075,0.000015568,0.000018865,0.000036618,c6e9e21959257afb0928f6749613e22977c1749e900bb4d044aae72fde2bb749
4387,1764562484.7000253,0.000020838,0.000014527,0.000019246,0.000016971,0.000020998,0.000034734,3550dae48fc28b2361a161dde002a15d28bc5163cca09083ac27aa6a930b0ac6
4388,1764562484.7011118,0.000020128,0.000014637,0.000019346,0.000016270,0.000019776,0.000033642,d336875ba7655388a102fa6537676e5e4eb5542b2583e809c7f9628bccd9e50f
4389,1764562484.7022018,0.000020388,0.000014788,0.000018905,0.000019165,0.000023703,0.000032470,fc14c16e2dcd0413e4eb3e9dec06d87c33d7115d0f24244bb7880aaa153120d0
4390,1764562484.70332,0.000020037,0.000014697,0.000019356,0.000016090,0.000019647,0.000032511,57c2a39120ba9d44a4fc00d52233afebb9c9916f87b4c4bf224b893f3147aa16
4391,1764562484.7044735,0.000019626,0.000014286,0.000021199,0.000016401,0.000020007,0.000033111,4e40334f3ec9a93d35319ecbba436f465e4475f7b9d37f20087b4fe33c972f55
4392,1764562484.70567,0.000021270,0.000015258,0.000019446,0.000018904,0.000023253,0.000040365,2072250c397ac6f9aa7b004138b0f573c57156eac3dfd01cf341a2da20ea21b4
4393,1764562484.7068212,0.000019927,0.000014547,0.000023082,0.000016260,0.000021210,0.000034213,7f5fad46b6e27dcf200b5d857b7e237f4c7d34ff51b8b54060a34d232825aed5
4394,1764562484.7080512,0.000022031,0.000015128,0.000020698,0.000016290,0.000023333,0.000037409,c1bf53142eae38a01a0876fa06b1edc6a37548c5370eafb67dff979f8139a98b
4395,1764562484.7091424,0.000020839,0.000014146,0.000020148,0.000015789,0.000019697,0.000041547,cace1ae866559016aa53d9bafa758780d7480a13128b7254c7beaea312437462
4396,1764562484.7103202,0.000019807,0.000014517,0.000021290,0.000016711,0.000036407,0.000034333,c0261960c0a759e16651467b5bb3387181ef3584b538b925d14bb91f5949b38c
4397,1764562484.7114859,0.000020417,0.000015027,0.000021389,0.000016281,0.000019856,0.000033001,87bf5db7f85245f58d6cc2f50c15513d1e485e13152b5653038d0a7169000ac6
4398,1764562484.7135417,0.000020408,0.000015077,0.000023323,0.000041516,0.000076341,0.000079658,424707c1b0f19b8dfaba4262b0981721cf3850ba6b78626b39d0ff279b349edd
4399,1764562484.7151582,0.000021419,0.000016040,0.000030506,0.000024445,0.000046386,0.000060331,3098d963f7435156e29d5fddd9ef1830eff95163f2ffbf170ccedd39642f5fbe
4400,1764562484.7165968,0.000027120,0.000017693,0.000021389,0.000023353,0.000033021,0.000047628,23cdf196d9b571755523cdc48bcea52fc2a3f918173c84e3c30c43a6c3cdeef6
4401,1764562484.7178068,0.000020779,0.000019385,0.000019707,0.000017973,0.000023724,0.000037990,0ffb789940f1c3bd03977511d0dfd94a021bb1c84ebc0b64f73a04a4ed0fcd8a
4402,1764562484.7190208,0.000021169,0.000015018,0.000020067,0.000019296,0.000024575,0.000039112,b9964b2508b5cce9ad3325488378e91795e62c17ecd7d80dce0906d8f8dda433
4403,1764562484.7201796,0.000019647,0.000014787,0.000019236,0.000015949,0.000019156,0.000032671,17be3c35f143aa44ef4d9c93491727e1f2163f72262ad479f3f4ea1abf8290cf
4404,1764562484.7213273,0.000020177,0.000014907,0.000019676,0.000017192,0.000021790,0.000034143,f40cdc63d30782b9e2d861e05c3ebdb9f209c9ed8769bbf3f7cc2d096868e7bf
4405,1764562484.7225966,0.000019526,0.000014216,0.000022241,0.000021981,0.000029274,0.000044001,59f567070340445a567e6257881c8608fb0dd2be8bd91bd9cd89dd1947a24339
4406,1764562484.723799,0.000021079,0.000015388,0.000021770,0.000019295,0.000025888,0.000037329,8c80aecac9b62af91fe58cdcd4b7db48b91552afaa052e5901dbeeb2eda65430
4407,1764562484.7249131,0.000021350,0.000014948,0.000019105,0.000015949,0.000020588,0.000033221,eeaa58c518cc0af7e9eb457b9be8ba92873ac6a3e56004c736076da9322155d2
4408,1764562484.7259848,0.000019145,0.000014306,0.000019245,0.000015659,0.000019496,0.000032911,f1842d4db5950616e680d28bab4442c434b9d592e7030f90d9c2d030df9e18b9
4409,1764562484.7270555,0.000019626,0.000014277,0.000019797,0.000015449,0.000018544,0.000032940,c4068f77c30d99352d8c358d44884a04ce94daa2ae8752165e66642e79edff99
4410,1764562484.7281504,0.000019777,0.000014517,0.000020398,0.000015979,0.000019656,0.000038892,0eac61eecbd1cf40401e127ac1d386e430b0fc90b9ab67100e71c1d876085acf
4411,1764562484.7292385,0.000020528,0.000015279,0.000018945,0.000016760,0.000019987,0.000032851,534b542afc9ef4ca7bbe916462771f6cc9f86526d12394f4842baa62b6bc56e2
4412,1764562484.7308393,0.000020478,0.000015047,0.000026710,0.000024225,0.000048951,0.000047768,a15f6e9c17f1a775926d8382bb4ab46dae79db8c72fde9be05a5ce7835fcccec
4413,1764562484.7325833,0.000024044,0.000015589,0.000023173,0.000023534,0.000056154,0.000046095,43e57d76e36bf03c6c652b84b74d4865b49ffd305c0247fdec94b3dd8170232d
4414,1764562484.7345257,0.000022191,0.000015780,0.000019406,0.000040915,0.000063908,0.000073857,4d4407e575cccaa8d61918007640a9e0314e88becc426bd16bb7f5002b3b13ea
4415,1764562484.7358398,0.000020248,0.000014587,0.000037309,0.000016921,0.000020528,0.000033912,b784418a56a2e0e7f4a3764c306615549b20a54c5fe18cd0a749d994cdc7e09b
4416,1764562484.7373552,0.000038712,0.000029224,0.000022161,0.000024585,0.000079507,0.000039403,59d3e1bdb6dc89ec4ecb3e635b25d14be90b493d67d23c8193f2adf1ae08a0de
4417,1764562484.7386205,0.000021139,0.000015679,0.000022382,0.000019456,0.000026739,0.000036968,7ff726fcde2f53f62e038944e113332d3f89a10123198b58093bc4e77d66a92f
4418,1764562484.7398355,0.000021099,0.000015269,0.000021519,0.000018244,0.000024095,0.000038681,aa3a80dc60ca9123e83edc2e83019df36220224739d327e7c26dd39430e32ac4
4419,1764562484.7410228,0.000022422,0.000014898,0.000019556,0.000016430,0.000020257,0.000034093,b8a1e431be003f9e3179c9f783b1ad770c806abeb47aacdeaff2bc48b5bd8f7c
4420,1764562484.74235,0.000019967,0.000014557,0.000019676,0.000016139,0.000019596,0.000033653,ccc2b147ed9bbb7a9b4f0eadbd34d12d3a91e5857b5fd97d17334c0c86043825
4421,1764562484.7435143,0.000019907,0.000015248,0.000019676,0.000022793,0.000079607,0.000033933,09ab6613b22a522ce085f15460812c89b607707e5f588c90f6efe44f94483f43
4422,1764562484.7446377,0.000019646,0.000014757,0.000021310,0.000017552,0.000019246,0.000034423,c4228624e442a0483822c42f9d8cc1ed8cd71ceb187a1fe15cf5dcd526dbb15f
4423,1764562484.745767,0.000020027,0.000014316,0.000019616,0.000016921,0.000021419,0.000036327,5e2625bd0e3da872f1e5208f15d7550b3fdb0eec97042c8bb78ce59008fd0b70
4424,1764562484.7469397,0.000020217,0.000015048,0.000021420,0.000016691,0.000023784,0.000037719,4622ff014067b53c524414428e2c634227cbbca0b095b313f2e780e726549fa1
4425,1764562484.7480526,0.000021059,0.000014556,0.000021750,0.000015869,0.000020238,0.000033312,6648ea813ca2782f51796e001c51e83f0477e18b18bd49a222a57bd4e66f42fa
4426,1764562484.75003,0.000020889,0.000015097,0.000032950,0.000027240,0.000059260,0.000054340,a9c71dbf6762257dfeda77eb8dc5c3c52e4331651b2988ed5875188199f8b952
4427,1764562484.751934,0.000026489,0.000018323,0.000037670,0.000026740,0.000043160,0.000063508,fed1fe2c0568de12a69b983172dc53eee195ce19b09d5a337b3cf2ec5534e797
4428,1764562484.7544465,0.000030306,0.000031208,0.000022953,0.000038451,0.000083174,0.000096369,b3a08eb4ccee2738ad208fdb05b2f89218069672f4d2d49460055c640bf23af8
4429,1764562484.755686,0.000021690,0.000015027,0.000019987,0.000018203,0.000024835,0.000035125,dab88bd50c6ceef0ab470f8aaf7b9aecbd938d4e5476a9b22fc7c095ad55cffd
4430,1764562484.7569969,0.000020688,0.000020738,0.000023824,0.000017813,0.000023423,0.000036758,207d3bd6ce17a1ec9c7c523d85406aed1c6b3ae783b44ba68006f2e0904aae69
4431,1764562484.7583313,0.000021700,0.000015549,0.000021530,0.000047778,0.000033412,0.000042659,2a66b228c8fc4091f36b715276f8654b33d7b1bc0e49d53300e15b7a277cbe7d
4432,1764562484.7605324,0.000021970,0.000015379,0.000021600,0.000048079,0.000108831,0.000080850,7bbb8f74540a53bd324501e8aaa3171c95094e69e89bbca122b9a515b4b49e90
4433,1764562484.761648,0.000020488,0.000015068,0.000019506,0.000015669,0.000019787,0.000032480,f77b332cd21513c5c693323a4b82da74b90f7f4e257a22a66fd4f7c52cd9d82f
4434,1764562484.7628396,0.000020178,0.000014627,0.000022692,0.000016310,0.000020768,0.000034243,d833afd1f54a0b20af465227fcc99b43cfef63863a84faba745be8b15740eae1
4435,1764562484.7640674,0.000022562,0.000016019,0.000020468,0.000016811,0.000022001,0.000037529,baeb42b5b97bee32b772a07fd4e980172df88b546ff56d1f509c0cb5b9883ff3
4436,1764562484.7654052,0.000021340,0.000015458,0.000021891,0.000019636,0.000029054,0.000044793,875925d2faa06e6f25aff6bd3d27da29920186d1c5a4f8ce1f4438d614dcc9d6
4437,1764562484.76679,0.000022331,0.000015398,0.000024856,0.000018404,0.000029455,0.000043070,495ac0151b70f1d9234654ba09d6a70d95227faa571f29e4ae24603df03eb919
4438,1764562484.7686641,0.000022672,0.000016511,0.000020017,0.000031167,0.000073105,0.000049141,73c115013b29ee9b14d2ebd17eb6509aa6c1670c62754984116c49b81b339c56
4439,1764562484.7697809,0.000019957,0.000014647,0.000019896,0.000015920,0.000020869,0.000033632,a851f5c007b54a03d1309e0867719f635f60f6fad587ab7cb6b3fbf9c4e8f169
4440,1764562484.7708876,0.000020287,0.000014968,0.000019877,0.000015979,0.000019626,0.000033131,00117197c56c1ec68474fc6fc32048aa498048cf2827bdba2629abca43979474
4441,1764562484.7724378,0.000020367,0.000014627,0.000032921,0.000019326,0.000034724,0.000055102,85c459caa00f109c74433beb65c62604a59e2cf5ff9a227a55d7d59c80ed4c2e
4442,1764562484.774102,0.000025106,0.000015950,0.000024335,0.000023654,0.000041247,0.000054551,7c67b65e8ac619e839d51b3cf804d2aaff8e42ca1858a0abbfa44ee19b9230ca
4443,1764562484.775701,0.000021961,0.000015890,0.000021620,0.000022912,0.000047859,0.000050463,82beb82ace4606748e224f76d2eb651a18a2df429bbb1b4e91bb8a56ca187abb
4444,1764562484.776926,0.000021350,0.000016761,0.000021109,0.000016961,0.000022161,0.000034734,da23dc370f179f6b32e1550e633452e30d6db1a11522693c3c5bfb0d5fe21be5
4445,1764562484.7781,0.000021940,0.000014857,0.000020197,0.000016340,0.000020218,0.000033322,a0c01113db0e1717de4b0e79a9c744cb134a257ee5fa1424475e99dd10f6fc26
4446,1764562484.779249,0.000020578,0.000014787,0.000020608,0.000016290,0.000023474,0.000033672,8cb67a8134f08e6da181d0ccc2b86c1909edc3630ceee406b968b92b612beae1
4447,1764562484.7805042,0.000021019,0.000014917,0.000028352,0.000016530,0.000020759,0.000035966,791275d0cb3044c7e1724eb5e0014ee17d31502ca71c99eef81058811df03075
4448,1764562484.7823496,0.000023183,0.000015869,0.000031639,0.000023804,0.000061143,0.000055342,387a74d565a3d147b054615cf5f92952dabd1ca51ff755b97c53dccf7ca6775d
4449,1764562484.7836683,0.000026940,0.000017001,0.000019496,0.000016841,0.000025017,0.000039874,79466c76aecaf5babdfe3ba6e95b10ec8e7197efa3f3652f99be649d99476719
4450,1764562484.7847617,0.000019887,0.000014757,0.000018995,0.000015729,0.000020457,0.000033402,a26e69179178daf2ba9bb526e1d147cb4d8cd8c261e5e7a8803f6594269eaee9
4451,1764562484.785864,0.000020257,0.000014587,0.000019486,0.000016411,0.000020558,0.000032650,4661138fbb3bab625842ec751e4e0924dd12fe72a952a33db6d9ad8257aa1971
4452,1764562484.7869332,0.000020147,0.000014638,0.000018905,0.000015910,0.000018925,0.000032750,edc7465c0beda360bda91688f37c49b06b2d9b4d2898d058052756cc99fe5879
4453,1764562484.7879932,0.000019877,0.000014517,0.000019406,0.000015669,0.000018464,0.000032820,e92a09150473b230092069d41d3ef4b299aa76fb577a6405ba47039e992dc64e
4454,1764562484.7891793,0.000019697,0.000014697,0.000023183,0.000015589,0.000021250,0.000043611,826d2551c8f4e136174acadab16cbced19c5e3352616c4683f54dd7ebae9e19c
4455,1764562484.7904122,0.000020458,0.000016601,0.000022642,0.000017112,0.000023914,0.000040264,16cc8026e0df458bddf7f9e0ef96c20feb52caf2e5c4a85297feab82964ba65d
4456,1764562484.7915525,0.000021029,0.000014667,0.000021600,0.000016471,0.000022782,0.000034273,f56aed62fe07f0268e89093bfc8f82d2ad2ba94d448723dbcfdac848d89423a7
4457,1764562484.7926373,0.000020948,0.000014627,0.000019215,0.000015439,0.000019476,0.000033271,280f3cdfe6482099193edf82a4f918f9d2a5ffef2ae35a55f33810d42c751da5
4458,1764562484.7936993,0.000019997,0.000014487,0.000019246,0.000015508,0.000018835,0.000033051,d90521d52abfcc8c45d67d880eec13aba7c266b7a06e18a784cbd3e02ce68b91
4459,1764562484.7947438,0.000019776,0.000020478,0.000019596,0.000015258,0.000018124,0.000032570,42f7dbb10b8754e0ffba299cbd38dab40a37c629dc10693c29948caec1dddd47
4460,1764562484.7958498,0.000028523,0.000014977,0.000019857,0.000015979,0.000019926,0.000034254,e8e98480dc6a685026a3b997c2ae2542842f8a2997e6ebd23dfc3a8ac1655074
4461,1764562484.7977588,0.000020658,0.000014566,0.000035025,0.000023964,0.000051264,0.000046946,33ce07630d64c0bbd3bd8962b22e2817310e5edd5fd2e48ceccf9e1f00d8ac96
4462,1764562484.7994726,0.000036377,0.000023764,0.000024586,0.000021900,0.000046616,0.000049070,52b6dc9c157400878c77a0203b3b2e1fc45e7f02463b18dc18d8c8e8560bae48
4463,1764562484.8006902,0.000022081,0.000016411,0.000020077,0.000016931,0.000022140,0.000035956,398864032ba32073c0bf4b80d0c1723898b97ab98dddebe6e397b38577b5c568
4464,1764562484.8028524,0.000019245,0.000024315,0.000019697,0.000036047,0.000082653,0.000063989,c78953377e8346f37d77ac4b5d6d3470707f1bf1a07a602dbf9071f0671b7d6a
4465,1764562484.8041961,0.000020488,0.000015018,0.000036828,0.000016511,0.000021129,0.000033232,72eef1b34a1fad665469a1260908e9d321f32d947d206ab4a55ca37aa915340d
4466,1764562484.805791,0.000040244,0.000029455,0.000029694,0.000019947,0.000029845,0.000051926,1e9176e793ba3e3397f3eca207f7b9402ce62409536289760a2df1b78b1f92a7
4467,1764562484.8075383,0.000024596,0.000015128,0.000022472,0.000032280,0.000087952,0.000066633,d4c85d03aa1c79872f7bc9430fffc152e6dc93274282ed540a5f0263210e3853
4468,1764562484.8092704,0.000022181,0.000015479,0.000020017,0.000036077,0.000052196,0.000072755,8eb4278c29c22fb43d780084b39295c082d30141b2b724a4d90c9abbb3d9a562
4469,1764562484.8103805,0.000020608,0.000015108,0.000019877,0.000016090,0.000020228,0.000033673,5e9668211a4a7291501d84c7fc0a39fa8b1daec47a2157b87e7684785303260b
4470,1764562484.8114588,0.000020057,0.000014647,0.000019616,0.000015899,0.000018864,0.000032700,1f38a416d8008a0b3e2511d89ecb6f014edac508b8c3558058f77a039bd7764f
4471,1764562484.8126607,0.000019977,0.000014807,0.000022652,0.000016831,0.000021339,0.000036818,3e84bc7ebcf21fbd99cd8b129520257af789d899f1d39275ef5a482f496b40c9
4472,1764562484.813896,0.000021550,0.000019025,0.000021329,0.000017562,0.000024045,0.000037809,35c1590891181786d8fd58a39c33f4cd8ad320931b8fe94d0fb3fb179d1428ee
4473,1764562484.8153045,0.000026429,0.000022542,0.000024245,0.000025567,0.000026168,0.000039814,105870bf5eb18a842306d445b0d35ff0da9dc94aec12a139bf9f96a96040ebe6
4474,1764562484.8165052,0.000022872,0.000015588,0.000020327,0.000017492,0.000023634,0.000034604,b5b73355cd9394625723a2b933bc6221b60a7949141ed645353e0e9bdc599dce
4475,1764562484.8175962,0.000019777,0.000014958,0.000019546,0.000016521,0.000019846,0.000034163,49d522319f05573848c5bb9a1744b4dc82e8c3212071992878d4c0bab6ca90d7
4476,1764562484.8186617,0.000019837,0.000014497,0.000018985,0.000015779,0.000018594,0.000033221,86aa9e252a372e7722c418abbe9f582dcee899276ab28384aac8a50eb1fe2e87
4477,1764562484.8197477,0.000019947,0.000014888,0.000019546,0.000015780,0.000018995,0.000033392,7b862f3ee042f241ac14bc19e4bfc397c4961873ff2a48906e3a8e49eba2260b
4478,1764562484.8208573,0.000024335,0.000015639,0.000019286,0.000016380,0.000020418,0.000034444,490ad862c8371ec447ac01e96669e3bfb2aee3dc77427f60f16e566c23b2fe72
4479,1764562484.8220937,0.000024896,0.000018645,0.000024986,0.000017042,0.000023393,0.000035926,55e99e51c5bca5f1f443a8afb606a276deca23d3dcd9849e30b0ef44689e34b6
4480,1764562484.8233004,0.000021821,0.000015278,0.000022502,0.000016941,0.000026880,0.000039052,dd953d0254d61f28d98616602bc5a18eecd1efe1fa0e95ba2869b595c09e4745
4481,1764562484.8244796,0.000021570,0.000015158,0.000019235,0.000016140,0.000022582,0.000035676,66533d466d64db904d9426e9d81555a50526db2351add1c7aeb42af01cb0834c
4482,1764562484.8255706,0.000020669,0.000014838,0.000019136,0.000016380,0.000019496,0.000033211,be9206a1028bacb3114cd1d1fc51ea982995104045e572ce9773d1b92d2a3b45
4483,1764562484.8277957,0.000020217,0.000015098,0.000019697,0.000048851,0.000107258,0.000051506,660a2191a69cec4d57c3b14c01f416d493a7f439f5f251b5d86ed3342fa5e970
4484,1764562484.8289757,0.000020528,0.000014807,0.000019256,0.000019747,0.000025497,0.000033692,f15ffae94fde2ea354fbab9280a273a0cbefb3b59f40456555155c69056dd5bf
4485,1764562484.8301299,0.000020308,0.000014657,0.000022061,0.000017042,0.000020959,0.000033542,f254fb3fbcaef8260de2555cfb0cf46b73e77abf55a6cd72827a4f7983da9878
4486,1764562484.831308,0.000022582,0.000014967,0.000021890,0.000016310,0.000020728,0.000034424,204adcd07d8d9b50de780e453bd39ab89e1141f99d7f1266489b43421b84c149
4487,1764562484.8326347,0.000023433,0.000015398,0.000020989,0.000017873,0.000023172,0.000034925,8fa6ca0ffc2f6c272e9b6a71a7fdbd8b9c256d9f765c6631e2ef638fe793e0e5
4488,1764562484.8338184,0.000023303,0.000015088,0.000019055,0.000017261,0.000021970,0.000035145,a4013bc0e7fad453ebd83977dd8a8777a70119505168a2f2fdf43617f0a2c2c4
4489,1764562484.835893,0.000020478,0.000014757,0.000019747,0.000043661,0.000083244,0.000082312,1c4a21d3eec42e9ee7ab19604ad9ff4a213c4ce354caf041d920fdef13024a86
4490,1764562484.8369994,0.000020829,0.000015098,0.000019236,0.000015959,0.000020368,0.000033672,ccb814efc9c61f7d509b7a0668709e9ce0b70a955530e580416bda7553b06bf3
4491,1764562484.8382382,0.000021399,0.000014957,0.000031528,0.000016000,0.000020007,0.000039994,760f35d867ace387bc43f258b86a64dfec8b4529e9e5162c9f17b6fa8452d530
4492,1764562484.8396292,0.000026489,0.000018494,0.000023524,0.000017362,0.000022211,0.000037298,9414e4ff2e54aec74c14873597731b15cefdd4c5561ad6bdda0001a7a55a1274
4493,1764562484.841586,0.000021650,0.000015178,0.000022091,0.000046787,0.000084126,0.000097570,3f8a27dd6d1804bc113b1e16f0568455f3bf65b3e2db56c4e0b541dd8333a72e
4494,1764562484.843297,0.000023042,0.000028783,0.000020879,0.000026880,0.000033582,0.000047117,7dc08e87163d565d14277292708af0618660fad1229c60b09e00669ba48637d4
4495,1764562484.844993,0.000021831,0.000014497,0.000019045,0.000034674,0.000047198,0.000071162,f956763bbf666eba02c1b7268c6254e05497a0f5355002a83a128d45c96e9b83
4496,1764562484.84614,0.000020398,0.000014708,0.000019276,0.000019967,0.000026078,0.000038842,0d7111f132b39c911b30c5c2cb7ff7e8d4c5ba520a1354b4c558ee5df59aca21
4497,1764562484.8474202,0.000020829,0.000015398,0.000027771,0.000018183,0.000026108,0.000040595,604467b3a9ae18c5217f177e0af3e8bc734de86596c6eb2448bd9d3790d94a11
4498,1764562484.8486788,0.000022001,0.000014958,0.000021821,0.000019646,0.000026409,0.000040115,6f6ccd976508a682de295ed0a940e6e270b38089ea9c1c60bc38d6392f8f1ef8
4499,1764562484.8499486,0.000023714,0.000020127,0.000020839,0.000016641,0.000021199,0.000041667,25d3147d2651f7daa0627bdd0ec0b304df8c023138268cf242186ff583a668be
4500,1764562484.8510773,0.000020598,0.000014878,0.000019606,0.000015699,0.000020929,0.000035796,baa1cc4c4e4bface180cd20c34c517e5e827c5427d446f6a81aea512cfd69ad6
4501,1764562484.852143,0.000019937,0.000014417,0.000019106,0.000015398,0.000018835,0.000036908,3bb65917ad52086bdd16a3926a265f60eb509ba35ed3b028a745fd403c7d4d19
4502,1764562484.8532002,0.000019496,0.000014477,0.000018895,0.000015689,0.000023323,0.000032960,6681a72fd82d0313b35435ad0eaedffe53fbfaafe0dd3f309a09ee4cf778696b
4503,1764562484.854298,0.000019376,0.000014486,0.000024335,0.000015709,0.000018905,0.000033762,14d087e83b7523f5a33da7b0ef300eab11417ad7ec7fbc63198ee24235c69aad
4504,1764562484.8555424,0.000025728,0.000020498,0.000022491,0.000016731,0.000022231,0.000035075,7aa545aff8a0215135710baa43e24fff8f6ef82b9d100385a47da0c0c55f9e60
4505,1764562484.8567412,0.000022892,0.000015759,0.000025818,0.000016411,0.000021259,0.000037620,b9af3f75e5fedeb6365d3963ac8795b2f1cee5e9da79850535a8908d51682ab3
4506,1764562484.858794,0.000025718,0.000015399,0.000022251,0.000044001,0.000072454,0.000097951,8eb8fcb7b45d8c77b4a4d5d33400a6b02a0bb3186a3171dd734d3569534fca36
4507,1764562484.8599646,0.000021209,0.000015178,0.000019266,0.000017262,0.000022561,0.000034213,05f72c8005c787cdb745208c7b3d602b96afea68b109e0bd5163f0ac31ff1f30
4508,1764562484.8610504,0.000021530,0.000015188,0.000019225,0.000015709,0.000019326,0.000033211,e313bf91c0e0150eb24f2320eb8696e662ee79e3b7119cb9c663f60847e31082
4509,1764562484.8621688,0.000020237,0.000014647,0.000023383,0.000015429,0.000018725,0.000048409,28226b7803291c2b364ca859e26cc91e67c77354ec0b20ffb16cd2f3f9bcd061
4510,1764562484.863402,0.000025317,0.000020478,0.000020297,0.000016390,0.000021850,0.000037089,b33a45fe510654d931cdeb736bd15fde247f9d3b7d65650c0bfa849d039fad6d
4511,1764562484.864517,0.000020989,0.000015018,0.000020518,0.000015819,0.000020428,0.000034073,3ad3f618b65c87fcfbf9d431ab296003a64530e1bc34bc2e0ef332f120f502c1
4512,1764562484.865924,0.000022942,0.000021319,0.000025958,0.000018194,0.000030657,0.000045324,841523f6951af2d64eda59539e0cb77a125d9cab08d6d0ffd56daf2e4e3e9eec
4513,1764562484.8670416,0.000023965,0.000015409,0.000019396,0.000016119,0.000019446,0.000033472,b39a5da72b8d06009d01aa1d31c1d3600f2a327b7a8fbb1faa56832592ce756a
4514,1764562484.8681686,0.000020858,0.000019005,0.000018885,0.000016290,0.000019456,0.000033131,868b0d2e6080f7d3ea17eb4e91e8990b922094e3b145a3bc42e588439297dfdf
4515,1764562484.8692489,0.000020407,0.000014476,0.000018484,0.000015478,0.000019557,0.000032610,07fcf9169515060a72dbbc568ac7bf7281fa0cee7bfd888fe50df152a66616f4
4516,1764562484.8703232,0.000020248,0.000014727,0.000019136,0.000015689,0.000018664,0.000032500,a0df9e4082bfde4493a3433724e113c6fd5977f1c0349fdf3327f6685b76d03f
4517,1764562484.8715205,0.000023714,0.000017282,0.000020768,0.000015228,0.000018615,0.000033071,24acdd3c36e116f8827cb5898693731fdd2308f96e006c5797e3538d170878a9
4518,1764562484.8728368,0.000023784,0.000016911,0.000027591,0.000017392,0.000022471,0.000035726,153d48c6b2c07b98d7e453e09da2b1baa5a870095468ab41b247abab02ba77b1
4519,1764562484.8742712,0.000024625,0.000026509,0.000023073,0.000016971,0.000035195,0.000046946,d6dc67bbbed9cc064742254e4ee178cee3df324ab72c1b66cd02b60072280652
4520,1764562484.8756106,0.000021830,0.000015609,0.000027661,0.000015779,0.000021500,0.000038451,a65f3ca8539c401e85283004028e89c7ae632e2c07971cbc254bfd4a4baf049d
4521,1764562484.8781846,0.000021950,0.000015649,0.000040344,0.000048580,0.000098331,0.000081240,bd85481e559ee35ed0449c23963d49a1fb558fc0231c5710a7de0e3929bf234c
4522,1764562484.8803186,0.000039493,0.000029123,0.000030546,0.000030957,0.000058508,0.000066282,7775efb10d423570638096cd30a3302307bb761482f9eadef50bdf6f7860b3e0
4523,1764562484.8821971,0.000023854,0.000015468,0.000029404,0.000035295,0.000049442,0.000072233,3faf0baa97d0c75b2710a684bd466ddf31d369cb47c62aac304067f46323fe86
4524,1764562484.883638,0.000028613,0.000018935,0.000022912,0.000018184,0.000024966,0.000037820,201eda069666cdd76f5f610451c6b677cc2b479cef6c71af7aeed307f87378da
4525,1764562484.884751,0.000021871,0.000015398,0.000019016,0.000016160,0.000021019,0.000033682,98461fda1e7a5b756064ec3cdde9046efa5caae51995d681d8589047de470c44
4526,1764562484.8858485,0.000024415,0.000015017,0.000019085,0.000016090,0.000019957,0.000034684,3b4974173e7632a806ae1c548d5a678659946515b23470d45f4b683c3f876710
4527,1764562484.8869524,0.000019957,0.000014537,0.000021189,0.000015699,0.000019226,0.000033362,d78a75a51364b5751f0ff0ad175c1f8d94ecac834c2546c5899b773c61bb0838
4528,1764562484.8890188,0.000020308,0.000014898,0.000032350,0.000039363,0.000067956,0.000082542,434f580ab859b67db006088e3875ecfc0718caab22281bdf536c5d1942074b3b
4529,1764562484.890767,0.000024094,0.000015769,0.000026659,0.000026148,0.000060993,0.000052898,2b51593d227657275d8c002c66d9368f642c9216d81c4f2dbe39601eaec85704
4530,1764562484.892058,0.000023965,0.000016350,0.000019727,0.000016831,0.000023423,0.000037419,a831137bc584b87f45b93bcd8a4f2b71b47cb1e3892c950cd456e418e7a88837
4531,1764562484.8931475,0.000020908,0.000014868,0.000019296,0.000015930,0.000019416,0.000038732,c5bfa5009733337126fbc6921bb5c40b8a3cd7e50fb2421a9740bc9db6736a2e
4532,1764562484.8942018,0.000019596,0.000014287,0.000018654,0.000015749,0.000023162,0.000033382,d45695e86f30e56f205b7b5d2a53be4fc7f2d2489511c088773413c4ac132d6f
4533,1764562484.8953092,0.000019015,0.000013925,0.000019486,0.000015478,0.000019385,0.000033381,ecc9fd64b2fd0a46cfaa851599d11f61efa4ec408b9bec72f9d609a14014381c
4534,1764562484.8964016,0.000020177,0.000014687,0.000019877,0.000015939,0.000019456,0.000034183,48579cbae7ac33af3546d92809bf110b60bb4dd9d48ec2500912e176aa081ec3
4535,1764562484.897484,0.000020037,0.000014427,0.000019867,0.000016080,0.000020348,0.000033852,14477ddfb1ff3a111adf65234b45a4dfe5c7eb8e6238ea4d414b95463f085cba
4536,1764562484.89864,0.000020107,0.000015148,0.000021319,0.000016500,0.000022191,0.000036968,36a423dc31aa78c256d7b7b50e1da49d4a250f3291c563191ce9488c41114d9f
4537,1764562484.89972,0.000019997,0.000014607,0.000019025,0.000015579,0.000019115,0.000032800,1ca3793d0d583f679b85535129266167eb31bd44fbcb89899b5d4c6a2c80fe2d
4538,1764562484.9007676,0.000019526,0.000014857,0.000018815,0.000015308,0.000018615,0.000032751,fb650a27c65d3001268e99aea6762a4df75f37b91c6a78c1cff3afb5b78318ed
4539,1764562484.9019186,0.000019446,0.000014937,0.000033381,0.000015249,0.000018644,0.000032590,0b3c73916804804c55ff996714139dd14c29b7f116791f3d28088794965cabc5
4540,1764562484.9035838,0.000047818,0.000031328,0.000021700,0.000015769,0.000018965,0.000032871,d2b5868a5fb414dbafb43d10ce6f030a92d6ceaa1d40783396abb2c5d475dece
4541,1764562484.9047227,0.000022572,0.000015107,0.000021940,0.000016140,0.000020258,0.000034914,3bc5e42b5878b1fc0f50309204139acd9a32763ebaea2e594c2cc6d839d5ef37
4542,1764562484.905843,0.000021038,0.000016781,0.000019987,0.000015709,0.000019757,0.000034714,fb6fc8d4c0b6e5b1faab516d29ab0ae434fcbab785d291ca63f45c83040436ea
4543,1764562484.9069936,0.000020598,0.000014717,0.000021119,0.000019296,0.000024445,0.000034304,2e2cda9c963dc1fe092bfa9a55ec10b2983ae4b026b4b116d7f9b7a57fa93003
4544,1764562484.9080877,0.000020999,0.000014707,0.000020037,0.000016139,0.000019666,0.000033592,642a74cc5e44a97fa566af4f31ac96eda6555f966f573ac9af7fadfc22a8c8f6
4545,1764562484.909245,0.000020769,0.000014337,0.000020618,0.000017612,0.000027932,0.000038661,9e87979d23a33832eb18ef4a4135336128fa7386c91b3606c69a4829cf6869fd
4546,1764562484.9103513,0.000020358,0.000014237,0.000019586,0.000015990,0.000019466,0.000033562,b4bfd7a3427cd16015a20227a953dc7f746cec75cee034d2f91dd3a7e71411e6
4547,1764562484.9113998,0.000020348,0.000014587,0.000018624,0.000015469,0.000018344,0.000032320,74529ba7bbc6d00f1c4bfe7c91ffb99d977205fcfd36aed1dca56b4cfd84a2ff
4548,1764562484.913027,0.000020218,0.000014066,0.000019426,0.000025136,0.000053219,0.000047498,51578632d3a33673fadc93fb6593e0cea3d945f54965ed5621b0d8550afffcea
4549,1764562484.9142265,0.000020468,0.000014717,0.000020778,0.000017693,0.000029034,0.000037179,351efeeb8aea3dc990fe6ae37b1668c9cc6bfd05b66e3c8883c12252ec9a84c7
4550,1764562484.9155366,0.000020899,0.000014587,0.000022902,0.000018985,0.000026900,0.000036578,e5a00abeaefa13f763f0eee15cc8d3fa41f78d717a94cf442ae480436224ba73
4551,1764562484.9167309,0.000020759,0.000014607,0.000020598,0.000017152,0.000021991,0.000035605,065e516f820b63b49e5aa4a70c76ed10a94d920d59171a66507d2baa1532ab8e
4552,1764562484.91849,0.000020108,0.000016341,0.000019245,0.000028423,0.000065200,0.000051164,573e8710b4e2526963701784dc09e78e4945f484f2b81d95df46e475237e1557
4553,1764562484.9196146,0.000020277,0.000015168,0.000019246,0.000016190,0.000021890,0.000033281,eb73c98d8630d4a887fc763976677f921f4c0e44e17a6a1de43095097aec0f35
4554,1764562484.9206963,0.000019557,0.000014246,0.000019075,0.000016300,0.000019606,0.000034243,6de47314608cc2f11c6600d2931d42afbb48a8cae525dc6dea7fca21a2044080
4555,1764562484.9218278,0.000019886,0.000020729,0.000021439,0.000016541,0.000021179,0.000034724,d0f970496cfc5fcc95990a1cc84cba79f2e04d14b8c7eff6b12f3ea7be6e856c
4556,1764562484.9230905,0.000024826,0.000016541,0.000020638,0.000017492,0.000025498,0.000043109,248a8800a952d3aa8f5f13905aed1a07dabc3ef14dbdff4e238f9a444b894369
4557,1764562484.9249363,0.000020728,0.000014928,0.000022642,0.000038572,0.000076762,0.000075159,ca348eeccae5bf82803a2a6f155ed699b5e0c5117bd89b23fcdedfd654829c13
4558,1764562484.9261408,0.000021279,0.000015929,0.000019075,0.000017953,0.000027711,0.000040354,a0e4617b5fd31fc7375e486d3f47eb0cf5a94701381b1a923d7de4bddf710a26
4559,1764562484.9272392,0.000019536,0.000014336,0.000019036,0.000018254,0.000027261,0.000037279,1203bcf3374a9f615c925f052d506da83e547bd144a64c9f9d46f6ae08df46d5
4560,1764562484.9283118,0.000019737,0.000014397,0.000019546,0.000016791,0.000019847,0.000032840,cca63d4bd8c830ed2764cdf450fe44342669176081c71e6de811ce94a1f4ebeb
4561,1764562484.9294078,0.000019947,0.000016511,0.000019035,0.000015849,0.000019677,0.000033692,a2ad29ee264faef5d4db32ec495441fa35bcfbaaeb58461800838875bf91bc23
4562,1764562484.9304814,0.000020127,0.000014456,0.000020718,0.000015779,0.000019246,0.000033291,dc40a5bbbe308b2aba5d0f55b698ac75bc55e064343c366a1519fff50ac24af0
4563,1764562484.9316351,0.000022111,0.000014387,0.000022452,0.000016110,0.000021900,0.000033622,5eba37f2d9587a25970c3a70d002908586760dd719bcb09b16c071ceb782e3d5
4564,1764562484.9330866,0.000023704,0.000015479,0.000026980,0.000018875,0.000030056,0.000046826,87710fd9b6468de7394111831f96f93464539a5c9fcc4f27514130ed4bc057ee
4565,1764562484.9343054,0.000024014,0.000015880,0.000020498,0.000016781,0.000022973,0.000038281,248cdc84b0dfe4962e53c29bf1e5167075750eca44a96def8e608b58f794e74f
4566,1764562484.9354084,0.000021981,0.000014577,0.000019225,0.000015689,0.000019757,0.000033101,07a521a95a0320d2dcd42851d746639431bd92979cd8a10145c98bb5c9ba15a1
4567,1764562484.9364948,0.000020608,0.000015279,0.000019196,0.000015699,0.000019106,0.000032971,277d55761cf91ecccce90ba21ed8849c92c1c7e87d82c7dfe8f5b698596fc84a
4568,1764562484.9376361,0.000019967,0.000014657,0.000019205,0.000016510,0.000020438,0.000035155,d8099e678caf69c9d5904af9feb26b0f05c4c1534114924e3517ebffed8b2ed9
4569,1764562484.9392502,0.000020408,0.000014887,0.000029334,0.000032821,0.000040004,0.000067194,593960ba140c10c2eb702fc88f32fbadde7758931881f1203039a9debaac8c41
4570,1764562484.9412293,0.000029565,0.000022421,0.000026700,0.000026720,0.000061614,0.000060041,1917377d7267dc1c08009dc7e56c5e0e5c496db34787534c081d8e34ecaee13f
4571,1764562484.9427643,0.000022331,0.000016400,0.000020328,0.000022041,0.000036969,0.000042428,0cf5594603f51088c27c057265e4863425f58e7459abcb0b9f557c3e0f46874c
4572,1764562484.9438696,0.000021599,0.000014668,0.000026780,0.000016200,0.000019837,0.000033512,5d24f05a7113a98caa09678900f2b569fb18dd17b8ef73330749622bb8c8649d
4573,1764562484.9451902,0.000020348,0.000017443,0.000021570,0.000017683,0.000027120,0.000046345,c0d021d08253920dc4bb2904f3da0d30e0d8d7e5162597c88b831a92369223b7
4574,1764562484.9464366,0.000023063,0.000015770,0.000027110,0.000016651,0.000023734,0.000036307,952528a4e1f7399ded19385faae394930925c0e964a620543ca0a74ef0048110
4575,1764562484.947682,0.000021850,0.000015238,0.000021019,0.000017302,0.000024184,0.000038762,c051ce27e2ce9e66a6412217661e1e4a0ff84c56b17f5aee535e9cd10595855f
4576,1764562484.9495463,0.000021830,0.000015940,0.000026519,0.000045715,0.000065121,0.000084937,d8cfebef70c0bf8c1d801165d187f38225ca4a8b5d8d080624bffdc98d7ad468
4577,1764562484.9507692,0.000024255,0.000016380,0.000020117,0.000018124,0.000024706,0.000034774,3761c129b8caba26d48938cfc44a6d5f36d60669e81fc7ee1a834b5de2044a7d
4578,1764562484.951864,0.000022341,0.000015158,0.000019556,0.000016570,0.000019376,0.000032901,e49c02f28f8a77d13d39fe96b508a56240bed4426397ee88e25cd1279ca548ad
4579,1764562484.9529462,0.000020728,0.000014757,0.000019636,0.000015849,0.000018334,0.000032580,54616725231eb69795f196e61d5bc38eaf6e96949ef7a86d57c87e4ae5716b0d
4580,1764562484.9542084,0.000020388,0.000015097,0.000023984,0.000016661,0.000019316,0.000034323,f366e842ccc8fe321936aefb83454899fef24098e1aa3d0de3e421dc887291bc
4581,1764562484.9554114,0.000020618,0.000015008,0.000022472,0.000022992,0.000059951,0.000035576,3b2b3c6e6946960795f6454dec3d004a4d294334026ddd552aa050a2ba58dd15
4582,1764562484.956979,0.000021910,0.000015599,0.000044762,0.000017472,0.000024014,0.000036167,2604fffd1ac895d56c5567927395b8233b2d7f7ffc5d92628a7aabccac1fce50
4583,1764562484.9589043,0.000042398,0.000029234,0.000020488,0.000032009,0.000041136,0.000068808,4640451ca996f1c8974fb16d8969252f456c06446fa602eba7f0e3b10f43438b
4584,1764562484.9599903,0.000020979,0.000014607,0.000019326,0.000016270,0.000018905,0.000033081,b44298e232e9d36be8a7403a3606cb3e6c60d87330c907a42dcf2b41ab0d8578
4585,1764562484.9610999,0.000019766,0.000014517,0.000020468,0.000015699,0.000019216,0.000033312,436e0c4b01b47934dc9fa4c33a09b975903c164651ce71f1ee3640a6028b6e94
4586,1764562484.963296,0.000021430,0.000014977,0.000024855,0.000042850,0.000088464,0.000092280,86f6eb6639c2ad582cfb51963a973954e6ae6e1d0b7641b0c3ab9b1a823dbf8d
4587,1764562484.965042,0.000027751,0.000019175,0.000049903,0.000027421,0.000037449,0.000073105,dd172f2c68739552dd5b9a09f88f3a89b50d152fbc2c70fe00859381509e29d7
4588,1764562484.9667633,0.000033902,0.000023433,0.000024035,0.000026860,0.000053640,0.000063958,cfb572d932a6895eb11a5b9de24d92211d0e8a8dabf8d7b5b79cccad4128c429
4589,1764562484.9680722,0.000023985,0.000017051,0.000020177,0.000017191,0.000023443,0.000034975,2e9f978c046c34de324d66aab8c83a03c656725a175b86cd5f58347a4a475ae1
4590,1764562484.9694004,0.000022191,0.000014747,0.000019115,0.000015779,0.000019295,0.000066673,11b7fdf4b8350f2b5b77956bb97d8cda6c04e82a197ec3f680cc2cc71bef49d5
4591,1764562484.9717207,0.000020027,0.000014236,0.000032630,0.000051505,0.000107168,0.000097961,f5da527053d302fdfbb63605c565bec1a39afcb3a5f020360e63dbad1c6fb5e3
4592,1764562484.9731276,0.000033692,0.000019196,0.000025808,0.000019786,0.000027100,0.000040174,3f7714ac5373d6566531f0aea041bc1f93f22750b42cd74d0798c4ffbeee1e62
4593,1764562484.9743583,0.000022081,0.000015549,0.000023163,0.000018865,0.000025928,0.000039533,7cbedb7050b744ff449092142fcce29257b0afb50f76bad04760ff3e4179d609
4594,1764562484.9755101,0.000021229,0.000014708,0.000019175,0.000016480,0.000021700,0.000034874,df0a4fe31af700a770f916418e5ecd0a096958e8f76e503d4f8c4eb437d107e6
4595,1764562484.977644,0.000021269,0.000015028,0.000023132,0.000043851,0.000091039,0.000082903,7d597135a27c7b0bea6346d144973aa3d4c1974e8db4eefa9c075a81ddd8a05f
4596,1764562484.9788964,0.000023654,0.000014977,0.000029404,0.000018524,0.000021199,0.000034293,ee99bffcf7950cb5606e3ca64067776b075aca3ff15d020981b5807bfa77b403
4597,1764562484.9800584,0.000021990,0.000014878,0.000022441,0.000017171,0.000020548,0.000034214,e34d4771df3f8084a4b67f0774f148ef59edfcad1f7d4f33a11a9b8f7c7db9a1
4598,1764562484.9814804,0.000021470,0.000015188,0.000029004,0.000017532,0.000028663,0.000039423,57c53c12686afc192394504beb33dd0486462d6116ad76be6724eca7ed5947e5
4599,1764562484.9827118,0.000022090,0.000015499,0.000020739,0.000016380,0.000021039,0.000036558,2ba0d3d42236342135e4d7fde978ce9298be6e3cc985abb705346459bb6c5092
4600,1764562484.9841774,0.000020628,0.000015569,0.000039483,0.000016270,0.000020368,0.000041326,ed1b32584cf28ae501bbd3211a1bcbe49fda71ea8a07812b244100bc3ed7b779
4601,1764562484.9858882,0.000039944,0.000029204,0.000026640,0.000022071,0.000042789,0.000043530,dc31ab14625d5588ae8402b5539357a4ee20773af4bc5e696c2a219b7b2c1eb6
4602,1764562484.9870625,0.000020638,0.000014767,0.000025858,0.000016771,0.000020668,0.000033462,3bc330e87c6f7f02dc9a492efaef618757b5796be2dd088b755b3bc6b7184b89
4603,1764562484.9887846,0.000028463,0.000016421,0.000039573,0.000019506,0.000026389,0.000080639,f8b24623e09bdd272522b2f67636ba0c6d6ee16175a576a6fe9f933481546e4a
4604,1764562484.9907138,0.000034574,0.000019215,0.000040245,0.000019486,0.000031107,0.000041998,e56e51f693385e90497324927e0347edd34f64f9a57867560c39ba311a303bf3
4605,1764562484.9927776,0.000032319,0.000017522,0.000035837,0.000021289,0.000044792,0.000058729,3661a703b6b9080eddf08cb7bc9b2dd96bc7ebaee6d0fc900c80e204841c8ae8
4606,1764562484.9941723,0.000030867,0.000016470,0.000020728,0.000017692,0.000024315,0.000044302,5dce8ddb418cfdc7176bc4fb79bc3f941054bfe650f1475faa6ad35efdafd94a
4607,1764562484.9953272,0.000020838,0.000014627,0.000045284,0.000016431,0.000020107,0.000033482,4a6911641a414166154ba8e5d4b14922d5b6091da1e4fe63f9d73f57efceb175
4608,1764562484.9966018,0.000022973,0.000015439,0.000021250,0.000017994,0.000023653,0.000041777,7e125d55d03549bb3c4057c916c88c8995e54dffd98881e537abf3a80b87d35c
4609,1764562484.9977977,0.000021209,0.000014587,0.000020578,0.000016701,0.000020799,0.000034524,11e13fed37592d259b89bdc84ed82460e5c9538cac203eb2759708cbe212d673
4610,1764562484.9989805,0.000022532,0.000015138,0.000021470,0.000016981,0.000021920,0.000035326,7378893e6e680ed2bceb589526a9fdbf75d62750442477aaf8c0bbe556687a5e
4611,1764562485.0002139,0.000021039,0.000015028,0.000024014,0.000022571,0.000028482,0.000040364,e5c68f981f143dbfafecb4186037df645c845cd42ecaebb55a33f20ab63f3c2f
4612,1764562485.001777,0.000022241,0.000015218,0.000033913,0.000020367,0.000031939,0.000050904,3b89d5616533a09d225a37c30b857d459dff8d54e8f5d676ea560732001b65a1
4613,1764562485.0030613,0.000025978,0.000015478,0.000023023,0.000017672,0.000023544,0.000040845,53ab97ee2282ccca1517b1dcd29647ff6ea0f7288371016fc729644bad0138f5
4614,1764562485.0042553,0.000024555,0.000014777,0.000020127,0.000016290,0.000020258,0.000036207,d58a9c16a3a971d3f2800f2dca132413da5b08d4ca608cecd8481792bc96fe54
4615,1764562485.0053725,0.000022351,0.000014687,0.000020167,0.000016170,0.000019877,0.000035315,6e5476e341ea06ccd8e4944796af2386b6121ab03ddcc966dd47bbb6f5f4502b
4616,1764562485.0080304,0.000021971,0.000014777,0.000043160,0.000056675,0.000121455,0.000108801,57868dd15fcaac1a0970b5a09ae70ee3e1bad5551af3af8b5892e5da8adc065e
4617,1764562485.0097294,0.000026058,0.000017252,0.000021389,0.000020087,0.000038040,0.000045454,0619ab0a05addc141c01d21f8c1469bebfe505ccca420debc4afc5b29e3a479e
4618,1764562485.0109987,0.000030326,0.000016190,0.000019947,0.000018534,0.000023253,0.000039373,a58aeb3c83bcb530b7c31751589002540f61c8b2484afb2508cf4b1c9314ec9f
4619,1764562485.012903,0.000022592,0.000014096,0.000047998,0.000041176,0.000058578,0.000080870,bdbaccba053aa0e0ba784ca3308473f41b42c942472344c44e469e9b2eae5de0
4620,1764562485.014288,0.000024986,0.000014737,0.000020087,0.000019977,0.000032950,0.000039613,c6ec5bd929633ad55f85fe3572308c2e97818fbe81136734e638226a51922ada
4621,1764562485.015656,0.000021650,0.000015108,0.000030116,0.000019316,0.000027701,0.000040655,380517f1418703e76c4c3d39a5168bbfe6d2274ea972bc1b9c33865ae406c393
4622,1764562485.0168605,0.000023574,0.000015499,0.000018835,0.000017182,0.000022431,0.000035636,6bf6301b98274fb1798eb0cb9c51ac69dac8532d501a6037b485dc981613690c
4623,1764562485.0179634,0.000021429,0.000015248,0.000019586,0.000015659,0.000019126,0.000033231,681ffc80f6530303ce1314a00c4e1d12611eaf66999849be832c5ce3e5cad8e8
4624,1764562485.0190742,0.000021820,0.000014527,0.000019056,0.000016059,0.000018955,0.000033612,1545192f5c5ee90270382adf63824bea3879d65c46d198075324456ed049a664
4625,1764562485.0201411,0.000021149,0.000014377,0.000019316,0.000015338,0.000019236,0.000035716,90ac233dd7d07db3cee1d266f0201c9ee5fdf75eec8cd509b9a1416085b2428d
4626,1764562485.021257,0.000021199,0.000014376,0.000019576,0.000018915,0.000025708,0.000034524,1e9f31d4412cead0f235bed5d4e74e47fa69e77145cb5ef44a79d8c8f93caa31
4627,1764562485.0227447,0.000020568,0.000014677,0.000024235,0.000023023,0.000044382,0.000047177,b96f359e282f7d55d36621da2aff259e6ebfff0996b88b0137acb30321c023e6
4628,1764562485.0242126,0.000024365,0.000015479,0.000020398,0.000024776,0.000052727,0.000061333,fcb79401c6968af7838037ad9ad0508a6763244605eae1b09f200b6c74f3739e
4629,1764562485.0253808,0.000022271,0.000015829,0.000019596,0.000016541,0.000021249,0.000036096,ee121c4fde1039eb808badd956df7b655dea51e4f81c024d5457bc2d25e0972e
4630,1764562485.0264623,0.000022131,0.000014247,0.000018784,0.000015799,0.000019446,0.000032840,507b36e34b2cfec471f8b27bd1d3dbbfac4499d4e935b67434a082900dd9ce11
4631,1764562485.027788,0.000021129,0.000014287,0.000019345,0.000015729,0.000019817,0.000032630,9c4be7f35b90a0b1404220ca35804a30ec0875451d189216776ff4f04e7108a2
4632,1764562485.0289423,0.000021360,0.000014527,0.000020228,0.000022201,0.000061103,0.000033302,0ef58bdf57b39013dda4a7ce2c57a21d40fa1c5cf96db5b333074a693eac6323
4633,1764562485.0300717,0.000021430,0.000014678,0.000022632,0.000016841,0.000019426,0.000034815,7e08f853c12be69b49a34353a7f700fd1dc3f5ac28e1d2bedbf3cfb812e00fd1
4634,1764562485.0312521,0.000022762,0.000015429,0.000021239,0.000015999,0.000025828,0.000036367,b1c04c59fcd8f04674391f37ebd1e9b3f9341d69bbc3a05cc34f38ea93354b00
4635,1764562485.032978,0.000022922,0.000015068,0.000019115,0.000025978,0.000052707,0.000054621,131a14fc214ba10c4a85121316a3b2c2a910813aca34811832118721fbbb0968
4636,1764562485.0343883,0.000022782,0.000014878,0.000018565,0.000032860,0.000047858,0.000069999,52f6c40e567c4f7ac91a41aa3542de8110c383cb38974f44c9a3afebd1d7ada6
4637,1764562485.0357895,0.000020879,0.000014547,0.000018895,0.000031709,0.000037490,0.000064660,db9d1f787682eea41b7daec3ea1a642214243cfd5da9015f389071e6fce396e6
4638,1764562485.0369065,0.000021249,0.000014718,0.000020087,0.000016821,0.000019877,0.000033461,b6583f409d4294cd68daaa5e81acb348fdb18d4bde7a3f83adc7bc0a1d327a92
4639,1764562485.0381246,0.000020608,0.000014467,0.000020849,0.000016610,0.000022902,0.000035585,5e95db82603c76f7ff8b24d5ad8f72f43eeec2bd7323de62d0cf4f57f278d104
4640,1764562485.039379,0.000020728,0.000014527,0.000023023,0.000017212,0.000023373,0.000036237,96cc191cfb7dfba8842863753049699ae15140f8066fbc3d95bb8f8fedbac401
4641,1764562485.0406437,0.000021280,0.000015559,0.000026599,0.000016931,0.000023364,0.000037119,72f15f4d1106005b963fba1f7088e6881686a195237933389d1a9211a6dc8222
4642,1764562485.0424669,0.000023333,0.000015679,0.000022151,0.000029845,0.000066834,0.000114381,67d2bb92e8dd9658d4cb452acb6bf3d6cf34d3a488f72878a215e09d4f0af3f2
4643,1764562485.043625,0.000021640,0.000015639,0.000019426,0.000016791,0.000021810,0.000034113,a8d9b32f96ec4be64ed2992472ba2ae89af7507c17596481ad5095734e543c7b
4644,1764562485.0447412,0.000021239,0.000014778,0.000020678,0.000016390,0.000019576,0.000033732,0f23f42e04fd4fc60062976f152388805b0085762e4470b8bcac04c3ecaa8ca9
4645,1764562485.0458913,0.000031749,0.000016059,0.000019286,0.000016330,0.000019906,0.000035526,5c395a365ee3ca3107af38afda9aabb8968fe83be50e668646cf5bb7c6d06c8e
4646,1764562485.047341,0.000021079,0.000014917,0.000024746,0.000027771,0.000037840,0.000042719,a88e94b4e7bc062ec5d3251749e4a700cdd8348d68134cbab509939a4fcd0084
4647,1764562485.0486827,0.000021570,0.000015088,0.000023494,0.000018744,0.000028292,0.000036948,ced29eafc98638576e1bca952beb1761960e33fe71e2dd88c698a09d4fbcfb3f
4648,1764562485.050752,0.000023363,0.000021269,0.000023123,0.000037659,0.000066523,0.000081440,3b9bf2daee6b8a6dffb2c4833bba7c4b24ce10cdf2806ece9dbbc9bc6c5e6240
4649,1764562485.0520413,0.000023744,0.000015929,0.000021530,0.000020027,0.000025547,0.000044062,e3fa5110b0f764443aa18c4fb8e3d5001d4958226a5df47eba19185ec80a3379
4650,1764562485.053204,0.000024505,0.000015279,0.000020097,0.000016521,0.000020668,0.000035526,6953e0b3d89e294b6ce0ce4022d2fdb6a5e05a1cadf6fa485023744be0ffdc6c
4651,1764562485.05433,0.000021439,0.000015949,0.000019817,0.000015429,0.000019426,0.000034604,be899a2da910e479e774e40872d354c9a07599ae6f71006e4dc65ab9bd69956d
4652,1764562485.055532,0.000021600,0.000015188,0.000024665,0.000016791,0.000020748,0.000037158,9789b68293c8270a1f4378ec360a1e0ba210d6110622c9de8201afb0b4dc9942
4653,1764562485.0567193,0.000022672,0.000016100,0.000019886,0.000016079,0.000019976,0.000034784,dc0aa3d642fe494260e249c03309649c01ad3c80eb4d7c2389a6ade3682f47ff
4654,1764562485.057953,0.000021820,0.000016350,0.000023894,0.000019145,0.000022431,0.000039643,92a42c1341c11b262c995b966d06d65aced2f90a86d2c5b80b77bdfb321c464b
4655,1764562485.0599651,0.000022411,0.000015248,0.000022281,0.000034564,0.000074557,0.000058808,f4c3a4a9ce0ae7adef126556ceca85508fd4feb19e6840f95638a40c568094f6
4656,1764562485.0615015,0.000023223,0.000015148,0.000020568,0.000017853,0.000025066,0.000034915,1e76cbc40ca80510e811b9a440506d0df68418b4b30da68e4af7b3e605d71eb2
4657,1764562485.0626054,0.000021129,0.000015008,0.000019517,0.000015799,0.000019876,0.000034103,1acaf975ceb1b1ea260b6a13962aabe835038c6aa04deef5e26b530469d51b5f
4658,1764562485.0636997,0.000021019,0.000014797,0.000019907,0.000015929,0.000019166,0.000032531,8b8e605f546e491e5758777c3a0d4f671c0231b1d19411e3abc14d523e8e5608
4659,1764562485.06483,0.000022431,0.000016330,0.000020929,0.000015839,0.000019756,0.000033512,ed2792df88e3aa32c4e81daf62d4a819f0a99b30c9ad67be3adbeba74156b82b
4660,1764562485.0660236,0.000021460,0.000015018,0.000023614,0.000016771,0.000022622,0.000036046,975bd1044cee31147963b8b25947de57e98c8a6fe9432d01af0268fbf99dfc8c
4661,1764562485.067158,0.000023203,0.000015369,0.000019056,0.000016540,0.000019796,0.000034775,bec6c0346b06e271fef7b1fae767a3cf4814a08eca03a1296ba06bf9a126519e
4662,1764562485.068247,0.000020237,0.000014526,0.000019075,0.000016270,0.000019767,0.000033712,ade3dc6eeadb4440e96c5bde898f9812d600e90cdad95c0496aaa7bbb7e42716
4663,1764562485.0692925,0.000019676,0.000014687,0.000019176,0.000015459,0.000019045,0.000033242,33015757e3d72df1db1b4788143c78e22da712647b852d81cdb0b9d82f2f72f5
4664,1764562485.0703495,0.000020108,0.000014617,0.000018765,0.000015428,0.000018854,0.000033221,777ff46be1535b628f5b3f1a5654162a5e60e4f7173de60dec64d7345b1c9204
4665,1764562485.071431,0.000019667,0.000014296,0.000019436,0.000015959,0.000018955,0.000061914,2ac48b50314e6a8a8e68f912554bdd7c616d7ecf5173066390ac1ce8adf9a343
4666,1764562485.0725448,0.000019757,0.000015458,0.000024074,0.000016250,0.000019526,0.000033122,4d282d558ce36c8a7f411ce5c09db4ea5c62cd50d0207abaca3c09b73b0c5947
4667,1764562485.0737,0.000023263,0.000015248,0.000020117,0.000015880,0.000019055,0.000033823,f71786c1b04911e23dd957fae8a6ce32f23bc837cf0fa84f2cfc29418c0edd13
4668,1764562485.0748153,0.000021900,0.000015399,0.000024615,0.000015870,0.000018865,0.000033161,8916a75e8d410d3ba29cff6bf6f38edc196da9e4bba6144f24cdc003889c8811
4669,1764562485.0759282,0.000025497,0.000015208,0.000019156,0.000015589,0.000018985,0.000033823,524ae12706fb51295b925dc9173c8645f1d52a3d8a9f4dd7c395e54e7d737f4e
4670,1764562485.0778716,0.000020478,0.000014797,0.000040194,0.000024485,0.000049953,0.000046426,e7018c13fb80656aee708377ed67fbfaf11e419caf3115957ac3c71c02ff958a
4671,1764562485.0792003,0.000040715,0.000029585,0.000020888,0.000017683,0.000023353,0.000042889,948df792670187e9cc4ebd5f1045d29dc721f165ceb54b0e3dae8f2537155e76
4672,1764562485.0803745,0.000020979,0.000014887,0.000021830,0.000017071,0.000026529,0.000033793,73fcd2fbb3557ab205bc44fe123b0383bbafdbb10352550189d3d01db603d67b
4673,1764562485.0817418,0.000020999,0.000020578,0.000026859,0.000018555,0.000026148,0.000036958,a42dcec06a6a49555a06d6ea0401b46375da01c4bbfaca1ab659da01896e28ce
4674,1764562485.0839188,0.000025768,0.000016941,0.000021079,0.000042489,0.000069699,0.000087311,3e306a8a03f66cc1fda780804818f1543038e2655fee05c21c1707efe5fc8f59
4675,1764562485.0855882,0.000023403,0.000016400,0.000018945,0.000019075,0.000029825,0.000043490,1141afb27297e9385ca50896b12a796631c7bed5f9944f9cf1acd7de94d88e89
4676,1764562485.0866947,0.000021018,0.000014497,0.000018685,0.000017101,0.000022211,0.000035425,d59794a1cbedae058557d97d2703a954657c837e82cf97fe246337e79981fa1a
4677,1764562485.087783,0.000019817,0.000017542,0.000020167,0.000015969,0.000018995,0.000033341,274cf47e1536e723169904e6a217a90cbad1cdaa04d1206ead8da52cba32c4ac
4678,1764562485.0889823,0.000021470,0.000014978,0.000027932,0.000015809,0.000019055,0.000033803,9b6ba0b6e1cabc4d6f128ab97903fa5f3af8a0e8fc6900fcf9e9d3f74d7d808d
4679,1764562485.0907395,0.000023874,0.000021360,0.000034785,0.000029375,0.000048459,0.000064449,2bbabf7c57f51f1b4702d7018b723faa7a49f9ba5659ad099925b4c79f1dfb98
4680,1764562485.0924492,0.000024616,0.000016821,0.000025326,0.000021890,0.000041757,0.000059460,32183762782fe0b0787ead6c1420e5b2055d563794af38d14e94c516050658f3
4681,1764562485.0940769,0.000022782,0.000015379,0.000022812,0.000034414,0.000044853,0.000069468,8cc63d54135295e69bbb4548380e48fbfa456fdcae8ec7bb0a7702e23f3b5142
4682,1764562485.0951798,0.000021279,0.000015098,0.000019506,0.000016631,0.000020217,0.000034023,e6728742def269f10f26c25d1e40c99b94c1374592bfaffd3f595b73398c47c8
4683,1764562485.0962923,0.000020117,0.000014507,0.000023023,0.000016110,0.000019857,0.000032991,f1e72d0177826b85e2e851c58d636314e34c20e6fe6ef076c11d6e00326e4c36
4684,1764562485.097591,0.000022211,0.000015199,0.000028994,0.000017382,0.000021961,0.000036578,11c050ca348c27933297aa31e021aa8c04e3eec3c1df35a07020d0188008b591
4685,1764562485.0990717,0.000029815,0.000019386,0.000025918,0.000016701,0.000025968,0.000038260,78859619646b65355337080e60f0da2e61ab609f454b08c773fca10e9680688e
4686,1764562485.1003637,0.000028142,0.000020247,0.000021730,0.000016951,0.000020749,0.000042037,04a0e19edaf0fcc231b406763e19a1c4c48ae6293573754f1cb9b18ff9099a89
4687,1764562485.1015952,0.000021480,0.000015178,0.000022041,0.000021329,0.000025788,0.000041076,d9a4e873ee4a635ba0a35ffe35cc37a72c2e8b437c0c8e209d9fe87ca6bfa798
4688,1764562485.1027699,0.000021841,0.000014748,0.000020348,0.000016160,0.000022021,0.000034734,2830a06d5653ed230d9b29b81d3427c2edee1fb3e744068c9f025df986129289
4689,1764562485.105171,0.000021570,0.000014648,0.000031768,0.000051345,0.000099093,0.000069167,e37591c7a867ab8ad3d65f31863eb7d93c72c2a2bc253ff1d774c02562916779
4690,1764562485.1068616,0.000031658,0.000019455,0.000022481,0.000030928,0.000055443,0.000052888,ec7bf16f3737bc495feb0e22e0add69335051286add9f284a7af8598d31fb311
4691,1764562485.1081505,0.000021579,0.000014857,0.000021630,0.000020307,0.000037589,0.000042769,a47202b20172f8c071856e15a68c824ad3356847cbe37397d06c3dc2bcb69817
4692,1764562485.1093383,0.000021019,0.000014477,0.000019366,0.000018895,0.000024115,0.000035976,e617e1b66d4368951f63eb3eca61b32805a13a9d119e0a0a684bc9fcfde7b621
4693,1764562485.1104681,0.000020748,0.000014758,0.000019366,0.000016460,0.000020418,0.000033582,032661a1f02e6fefa96f049ae6bff76811b7228a628d176e0e036782f96d7d91
4694,1764562485.1123726,0.000020548,0.000014196,0.000022301,0.000038592,0.000080789,0.000068487,ccd62d9a6199d0b8f6cdad036310b76a66da7795f5450dc099b1a955230ee710
4695,1764562485.1136997,0.000020958,0.000015027,0.000022742,0.000018454,0.000025647,0.000035886,a6d3c3ee8ad4f498419b60c22a442e59cc1261c5b13c63fc79b46a4701913c9a
4696,1764562485.1149285,0.000021390,0.000016641,0.000022972,0.000017242,0.000022962,0.000035345,671f35e510c1eddf8bb1124dbb91c8e5bb357c409118de7bc4d29e862b4ff902
4697,1764562485.1161506,0.000020959,0.000014988,0.000020799,0.000016630,0.000020538,0.000042358,dd7cd0a888b55b5479f21a275b54b3af56d1183648c60cf0ffd8e813d648219b
4698,1764562485.1172826,0.000019926,0.000014938,0.000019907,0.000016170,0.000019867,0.000033612,ad0614522146a53df95f33296fb5cca64a24f7db9346c6f8bc0504e9ff147a7f
4699,1764562485.118355,0.000019796,0.000014637,0.000019656,0.000015799,0.000019125,0.000033682,5c10d5833e5a3e1d00a80aea0c9577a114be9308b8cf9437b168e75dae058118
4700,1764562485.119437,0.000020067,0.000014546,0.000019587,0.000015749,0.000019115,0.000033862,52a252e0985ac586ad4e82b4f418a2705e8ba81456413a3a53341bfdb85b2e6f
4701,1764562485.120659,0.000020067,0.000014807,0.000020027,0.000016660,0.000023203,0.000052286,2a5c273c83ff673e0bee5512410f8db7a81649f9a20a43291801f2182ade36fb
4702,1764562485.1219342,0.000021079,0.000015208,0.000028944,0.000015849,0.000019947,0.000033342,67534e0bdea14b4ca9c71df45b1ef0b269463c2f202c06d1eedfc78f110672b8
4703,1764562485.1232424,0.000027801,0.000020839,0.000020918,0.000019185,0.000028934,0.000039342,3be1c601cf7fd694c074f2d9d6b5ac939b4cc90c29f1bdfa124b6162cac95d39
4704,1764562485.1254287,0.000021019,0.000014987,0.000031227,0.000039323,0.000073877,0.000086850,6cc1c63001df31931dc9fae575848b20b55c025e086e92f097c0013d15df661f
4705,1764562485.1271117,0.000025227,0.000016821,0.000024966,0.000023303,0.000041005,0.000044302,7b99b82123227060349a644ede8e7b19449aad7e2164843d2294a23c5b5bdf32
4706,1764562485.128823,0.000023504,0.000016160,0.000059681,0.000021210,0.000036307,0.000041437,d403ea8b9837b0223feeccc86d57e6607a9aaa44b5c7a8c2fb0cb4ed9b4a03fc
4707,1764562485.1309607,0.000072804,0.000045504,0.000023543,0.000018704,0.000034113,0.000045794,c81f59f10d9080e5914a838acaa875483e9656633fc9c8565e67f2c4d63d853f
4708,1764562485.1321988,0.000052688,0.000016340,0.000021309,0.000017993,0.000023334,0.000035205,144d076a122428b3d21eb8f2c49ed7cbfe84311fe464ac305c813dd26228675c
4709,1764562485.1333296,0.000021149,0.000016040,0.000020618,0.000016550,0.000020678,0.000033021,a0ee4c0c7452c68dd0444efe9f7ada100a9a0d5c4a2c0d406bf3db64c8889382
4710,1764562485.1354918,0.000020739,0.000014747,0.000026720,0.000045694,0.000105846,0.000096428,36e7986f3510ad8ba5d4051a6552303ab7c6784dde3adc8130b080d6d48a533c
4711,1764562485.1376796,0.000023283,0.000015939,0.000064690,0.000024215,0.000043149,0.000049621,a1971188a30fb30638a5897919ee0a94432d7d647d6781dddd3d0420ef198d78
4712,1764562485.1399565,0.000049732,0.000032300,0.000026819,0.000028001,0.000061123,0.000074207,c05b637b380a208ada352c09446ef9db6cb38035f30bbfa66cd9d8ac0754ddc4
4713,1764562485.1412537,0.000025006,0.000016370,0.000020799,0.000018464,0.000029274,0.000039463,9e3025b2c8dd70b40a12553344b52d25db7a08fc1648a91be20de6cb5dd98e4e
4714,1764562485.1423979,0.000021039,0.000014436,0.000020168,0.000015729,0.000021109,0.000034604,14a26220263163b5d63ae255fa7752244583b2c01540d96614d0b96bc67f6bbc
4715,1764562485.1434865,0.000020308,0.000014356,0.000018915,0.000015899,0.000019546,0.000033682,bdf195057108806fd8060ae1e9399e94d1c179010d9fdf7275a0d57f78bbce71
4716,1764562485.1447272,0.000020037,0.000014637,0.000023985,0.000019275,0.000026118,0.000042649,2f6a81502b3482300f88f7f3d1164d40741e16b9c5c86eeaef2f5274233aa03a
4717,1764562485.1466665,0.000034694,0.000024966,0.000053088,0.000027571,0.000091178,0.000064008,67c271cff6a853f4334b39ab8f3353cab5afba59f3bb233393aa76eef001b88b
4718,1764562485.1487465,0.000039243,0.000022461,0.000030987,0.000026860,0.000046276,0.000064289,5ff043b37323f9087ac58a25f32442b03c510e7df698b6c8e8f5389401bae006
4719,1764562485.151214,0.000031989,0.000030376,0.000046747,0.000028553,0.000034684,0.000079097,9aaa90fd8e549502d21b10bd282616780e2f058050c5997362f4a3f2a386f3e7
4720,1764562485.1528285,0.000027281,0.000019777,0.000030918,0.000025748,0.000084466,0.000043089,93fa6c0bd77073815697417abe0b9d4dbb116ff983372223006acc176caf9fd1
4721,1764562485.154529,0.000026709,0.000016931,0.000033442,0.000025587,0.000050524,0.000060221,eeb8311eecf8c995a2375c7257bbb6589bb709f1524c4d3f20e3b63be571e3ef
4722,1764562485.1565733,0.000030977,0.000017332,0.000040485,0.000033522,0.000046115,0.000063438,d5395aa5bc47a87a155e21e5b0f5386cb9f516a9bdc66be892a1dc73cc7ed371
4723,1764562485.1593506,0.000031669,0.000017643,0.000056254,0.000033281,0.000052578,0.000071432,4e5ee6e65e56ef8ee409f6c087054b971f9049a3645f0ce7099eaa0af8898bc3
4724,1764562485.161522,0.000049361,0.000031889,0.000027140,0.000025006,0.000056375,0.000044842,06f6ec3063d40022de227f42b3a01b021ed5c119ad05235bd799e7fa1476288b
4725,1764562485.1637676,0.000024676,0.000016130,0.000030476,0.000041095,0.000066012,0.000088604,26c8ba240ad5f22848b041cb6abb6fdd92d74f11b67e6bebdb3ab602b4db0f7a
4726,1764562485.1661217,0.000029495,0.000017342,0.000032571,0.000036177,0.000093913,0.000104012,53a2fd148a05cf1960c64f87ad0d6d4572e9844ae8ef636ddf2522103056f068
4727,1764562485.1679995,0.000027942,0.000020077,0.000026499,0.000030747,0.000055502,0.000074087,afc319430324f3ea229942091796f85c01d60b035a3e77d4e72de63fe61309da
4728,1764562485.169412,0.000024245,0.000016530,0.000019997,0.000019326,0.000031579,0.000046967,44f583a448d0878998250ce71ae956c35ac4aab4fb7c281e56f1c00a78002de3
4729,1764562485.17063,0.000021309,0.000015699,0.000020337,0.000016341,0.000020127,0.000033782,fdc3f9596ecc408a051a00f3915c7753f8cbb629b60fb486d35f6a85670c7e8a
4730,1764562485.171849,0.000021189,0.000014547,0.000022942,0.000019395,0.000022952,0.000036347,1f716bcce4d6084724dc238374f898a51254c77d5c67c80b81cac21cbd64ad6c
4731,1764562485.1733322,0.000025497,0.000019265,0.000038150,0.000022001,0.000028052,0.000048881,98738e8e409495264148d8ed3c4159004ac299a245f3be6540cba05ab0bd50c7
4732,1764562485.1760051,0.000039533,0.000021850,0.000048480,0.000033862,0.000096698,0.000096378,b7dc0d5cd1d68ae1e63ec3cf40156505cc597ceba93d5d55ef1181d43048fffa
4733,1764562485.178192,0.000028372,0.000018143,0.000025537,0.000023654,0.000061804,0.000060521,d014ea68f66e6dc6cda2867cc4baf1b9ee433e2680e444cb55b6e5491a66518e
4734,1764562485.1797593,0.000023985,0.000015980,0.000026880,0.000020178,0.000035375,0.000040855,003f13e7f0fde2e144598569ac9b59a1713d158c90a8994491ccb9f15b7a6101
4735,1764562485.181241,0.000026318,0.000016671,0.000025157,0.000020197,0.000034213,0.000043971,9eb362ca2fb8926efde01875f4e6efea89c6406ea8aaa4945191967f826f2706
4736,1764562485.1829236,0.000024987,0.000015799,0.000037469,0.000021139,0.000034353,0.000048519,49bd94f0972516fe9db5f56a94addf1a9a041528be8335bd4b48d08c20964b65
4737,1764562485.1841943,0.000027571,0.000016620,0.000019607,0.000015739,0.000021099,0.000045283,3480c24dca2fe521354cff4073fe52e9d8e2a68c27804403347a8a96d096feb4
4738,1764562485.1853168,0.000020718,0.000014727,0.000022802,0.000016460,0.000020949,0.000034443,ec9ddca5f5fb8374d89db52bb4b281d4b49230243e163a26a8afb661733bc775
4739,1764562485.1866848,0.000023674,0.000016290,0.000022511,0.000018524,0.000026619,0.000039813,30f3fa85a6d554c1af6f17c4e459022cc47b127a1bc50b93854946ce937d85b8
4740,1764562485.1879709,0.000023693,0.000017673,0.000020248,0.000017883,0.000026098,0.000043360,a3dbed0299960972fa85fab690336dc7f4898f7f21e1590d9f75c5d26b554909
4741,1764562485.1903083,0.000022341,0.000015599,0.000028202,0.000039853,0.000095306,0.000079026,e0c57a96da89c69010f9b5e54db12f34cdcb63c4f56b19eb55ab089f5f9d787a
4742,1764562485.191893,0.000025207,0.000016210,0.000022040,0.000023032,0.000043320,0.000050703,26e7481e688b47e8f494e4871ee2239d4891e145f42d4f453687114f016de65c
4743,1764562485.193026,0.000021359,0.000014968,0.000018895,0.000015919,0.000019877,0.000033993,da234b5e9d97eaacd2736529fb15272c779e1050cfc7059616e54ec09320315f
4744,1764562485.1941342,0.000021700,0.000014466,0.000018875,0.000015709,0.000018745,0.000042439,11785ee525b180665ba7016010d545bd02a2df70d9194554f2d0dd9fde18d89d
4745,1764562485.1956306,0.000020748,0.000014396,0.000023263,0.000068827,0.000020388,0.000073546,b1c4828f22d6fd81236b15e8427abfa92ce094a13c47ca320a7dedbdd82f7a5c
4746,1764562485.196816,0.000021610,0.000014627,0.000020478,0.000017452,0.000021300,0.000035656,2896220ca0849a63bfa2fa34350b076a365a416997b4ab1c43e5bce9a4b8db49
4747,1764562485.1981368,0.000021560,0.000015178,0.000024685,0.000019907,0.000027310,0.000043270,f798d97347aba7c251f79489496cd4aa3b08b32fa1d8c75c5a2b16abceb6146b
4748,1764562485.1994622,0.000028543,0.000020929,0.000020107,0.000017753,0.000022592,0.000036127,65b84f9ac9d8ca9a31c7b8bd4a220584b0999f694ea26cdfdb7943ba4782febe
4749,1764562485.2005882,0.000021940,0.000014817,0.000026089,0.000015869,0.000019396,0.000032740,59280b35e7f3cc5238253f220f48bbb7f660c327d5e1b4b7db6cab87bd736600
4750,1764562485.2017448,0.000022822,0.000014757,0.000026228,0.000015388,0.000018585,0.000033151,c847d4f1a11a7db77f9401f7c23acc0df8066f75df43fb3c480c8e0f06c0d73f
4751,1764562485.2029068,0.000024415,0.000014808,0.000019396,0.000016591,0.000020197,0.000034404,0d399e4a6cfe5c3b2e82f806cfd9b1b54a2c98fbbfdcd25b785067b3fe8f05be
4752,1764562485.2045357,0.000020247,0.000014266,0.000020207,0.000029866,0.000068677,0.000057286,14aab96d9d93b1b934f6b2659468f64d0454d874d3a0f2de2ce9c48f6f9da732
4753,1764562485.2058148,0.000020648,0.000014487,0.000020828,0.000019216,0.000028914,0.000038140,5fb8f520bbe22c7507ece6b5e79aa2768b2f1be870dad88bb7cbb8d4692d22bd
4754,1764562485.207215,0.000027922,0.000016862,0.000024205,0.000020819,0.000032881,0.000052076,941dbc7227d4bf7658da1a332cd34eacdbeb1bcbeb5cb7a34495265504ad58b1
4755,1764562485.2084017,0.000022682,0.000015148,0.000019937,0.000016610,0.000021670,0.000036137,33b9a1eabdf292d3d1b28a83216412540d16f0b2295d1a09235ba5d697599bd9
4756,1764562485.20955,0.000021209,0.000015288,0.000023293,0.000016701,0.000020027,0.000034604,c749fedd4203617c5f32d63d9b0be8c292873794c82b9d8b223228d30f1bb4af
4757,1764562485.2107806,0.000029705,0.000023483,0.000020678,0.000017513,0.000021329,0.000036328,e949f06aecc25d65abb9051c6691a497f4b338ea16682f3992ffdf966fde6e51
4758,1764562485.2119448,0.000023303,0.000015830,0.000020117,0.000017102,0.000020578,0.000035305,4d0c93b27f043ac9b62921eddafef619c792da5b633dd185ad79e920f6bc6f11
4759,1764562485.2141256,0.000022271,0.000015569,0.000022522,0.000048400,0.000097781,0.000094054,29140eb1c022d0919d5e69b8df334e9ab2668acf3accf43db7ef292a6a671efd
4760,1764562485.2156687,0.000021559,0.000015789,0.000021940,0.000023393,0.000041066,0.000045935,8810ef2c66dd51f5c488c10f048124e8c7e350ecf28cd46a808b5e099607581e
4761,1764562485.216978,0.000023944,0.000021339,0.000020227,0.000018283,0.000024655,0.000037409,870e9c2b0316ea0aec0a78672998181e10b618a7baa58855c6c958052c7ef73d
4762,1764562485.218141,0.000022973,0.000015679,0.000020437,0.000017643,0.000020337,0.000035015,61d47b7ae7856024fb856243d0c7b903ee4ed8588160f8112dff9c13cb7d6a50
4763,1764562485.2193117,0.000022622,0.000016270,0.000021499,0.000016831,0.000020278,0.000036006,76f9ee1ef22a71168048dd3ac8538f51815ce334afa2735e28746b717186e3a4
4764,1764562485.220466,0.000024486,0.000016060,0.000020738,0.000016420,0.000019226,0.000035285,f211e0f895846c949d80cff5fbf68d9322971f4fec20807d25583faa11eaec4f
4765,1764562485.2223434,0.000023053,0.000015940,0.000023934,0.000037840,0.000053589,0.000077353,bc5f9f4e453e5acc7d7b698dd9bfe3876f5ac83bd463cf58d410d6f5541397dc
4766,1764562485.223637,0.000024094,0.000017001,0.000020909,0.000018935,0.000027671,0.000037790,77ae39d4ba060a9b3552253ac8d19628b77e4d1a7596b594da69389e17a92ce0
4767,1764562485.2253218,0.000024105,0.000015549,0.000022391,0.000037690,0.000054110,0.000094024,6142e355c707427317e6f960440e1f42032f89e202dc9db3e02ad124c913fa7b
4768,1764562485.2265542,0.000024535,0.000016210,0.000020938,0.000018283,0.000023132,0.000038381,1129fba322b973041f74d0fc8a6beef17ada8d6ebb379a3850bef6c461d3988c
4769,1764562485.2277374,0.000022982,0.000015979,0.000020338,0.000017001,0.000020408,0.000035957,e51123ff2d8ab75297814f5f2e7719395e26471f96181785b4890c052504b6be
4770,1764562485.2288961,0.000029585,0.000015869,0.000020608,0.000017101,0.000020218,0.000035425,d9fe47438a14ebec38804a1bcd69b73d5d687bc8b70074a086451d92f27cd62d
4771,1764562485.2300904,0.000023734,0.000015879,0.000022111,0.000017222,0.000020328,0.000035175,da0cd8751403106b74433c235492b556ca69c12c5eef2dc7fee2ac5aea4d8c81
4772,1764562485.232027,0.000023033,0.000015880,0.000024625,0.000037179,0.000053329,0.000079107,076d50ba5a28df5474a55898d58ace320e5f3e4cee56c5eb21f2f7804d85593a
4773,1764562485.2333043,0.000023904,0.000016340,0.000020928,0.000016971,0.000023593,0.000036497,612c717e2aaceafa5b6041e27ff5fee6b73ae73cb30108c508c201d0d12810b9
4774,1764562485.234461,0.000024034,0.000016050,0.000020368,0.000016781,0.000020057,0.000035024,dfbbe704c329e9df31a88466f2b72d63a9d307a721e53bcf8e94a9255f92f188
4775,1764562485.2356179,0.000021971,0.000015449,0.000021369,0.000016771,0.000020718,0.000035856,8879079a041215f9650cbf343f1e7606d3da0911c17b1c20251262841935e3dc
4776,1764562485.2367818,0.000023694,0.000016010,0.000020328,0.000017002,0.000020899,0.000035916,116a69b82498cb51ad6688480a5f3c496850f06598d87a1577ae0067b79a3e9b
4777,1764562485.2379317,0.000022622,0.000015599,0.000021019,0.000016681,0.000020298,0.000035436,f0e2af5633a108d308deb7cad26eb92eaadb9687ff81079a2f924f6138b00410
4778,1764562485.2391095,0.000023253,0.000015789,0.000021149,0.000016942,0.000020518,0.000036488,4999b6eafc184f493dccde06502f9c8de6bb6025b6de1805d1156fb502c13076
4779,1764562485.240271,0.000023654,0.000015829,0.000020468,0.000016801,0.000020337,0.000036908,c541310bf8a693cf6fb62609cc7a11e25d908d6da0a0b91a2977dd4e0aaa9f26
4780,1764562485.2421865,0.000022441,0.000015810,0.000020868,0.000049902,0.000082232,0.000085949,79cf1a506b03e816b5cdb7d4ad756c810af676410b6fb5a1532e0e61e3b69edd
4781,1764562485.2436697,0.000022501,0.000015629,0.000039102,0.000017983,0.000022131,0.000035575,c32302b3e41d6060a13f395e2df6d04dd905b7a5bd2b3d4e8dbd0b7b968d6fc9
4782,1764562485.2449136,0.000028693,0.000015709,0.000020578,0.000017362,0.000020518,0.000034534,841dcf5c3e8e8af17121605228660fde3cc5aac06f897f4089048c537c65c24b
4783,1764562485.246505,0.000022882,0.000015438,0.000025577,0.000033723,0.000039393,0.000070460,68fb819b21448ca90cde51e1c1b7716d809989e8068b579cb291d2feff4daea9
4784,1764562485.2481093,0.000023513,0.000016230,0.000037539,0.000023033,0.000033813,0.000077483,6c02dda8294a7f0874a23f7e8950a74c906814ee961f01f8cefec8c4c3b4fd81
4785,1764562485.2496905,0.000033842,0.000017743,0.000025958,0.000023013,0.000030115,0.000056494,6dfe37f4abbf2269797fb890bcb574884dd69a63381448531ce01ef1d7863a69
4786,1764562485.251015,0.000064510,0.000018775,0.000021660,0.000017081,0.000022071,0.000037639,2b791c2cff7d49c9b3fa2889a0b8473215b0f20a3ecb4d28c6c0a3e963eaeeec
4787,1764562485.2522056,0.000023564,0.000016100,0.000021360,0.000016431,0.000020327,0.000036226,8af6bdb20489dc8b926da63cf27984dfc2c8342a7bd972a21ff44c1577a91473
4788,1764562485.2533786,0.000022962,0.000015979,0.000021350,0.000016691,0.000020839,0.000036257,af1851b7488d780a856b69265fb5ead31d80e37570c860b3bcf1bcbe2f361d12
4789,1764562485.2545214,0.000022332,0.000016029,0.000020417,0.000016481,0.000019406,0.000035726,4a6b863739634ca26423a3b3b22bd45db01cb9b7bac444c53a6847790b19fc82
4790,1764562485.2558007,0.000023884,0.000016090,0.000022993,0.000017643,0.000024556,0.000047698,882d17b8301b723f034901d87fb7cc1a5b0faff266328289d527926b9b30d8e6
4791,1764562485.25712,0.000025407,0.000017593,0.000022842,0.000017963,0.000023754,0.000043811,47a1d3ea55b1aaccccf1eaf5afb44a3d8e09ee73649ea487d345b9a0691a4135
4792,1764562485.2584693,0.000031198,0.000023253,0.000023894,0.000017071,0.000023294,0.000042609,2526283dd83b8a0fa8b81a461278e3c25ffbb51d573b48895012626b4cbe5996
4793,1764562485.2596712,0.000024305,0.000016270,0.000020818,0.000016320,0.000020127,0.000036637,ef9d15f9fbf4f986c91d4d3d3967260aba1d74fd4cc0eeddfe15d31fb79d20b8
4794,1764562485.2608585,0.000023072,0.000024646,0.000021349,0.000016731,0.000020247,0.000036157,0a0d3ed2ae83418204f1eee25f47c5c8ead53e69c3936002c7f2492e67833bd7
4795,1764562485.262024,0.000023293,0.000015859,0.000020638,0.000016250,0.000020258,0.000035435,cc3e2822dc71f9cc6a8e218f037ec5d405e6adfdee53e13eb9ac4bef89a74eb2
4796,1764562485.2632222,0.000024315,0.000016099,0.000021119,0.000021831,0.000021550,0.000036207,44b33826339da4a2e6209d3b24022d5adea53d74d216d263c8b25a15ca73839b
4797,1764562485.2644136,0.000022581,0.000016300,0.000022221,0.000017072,0.000020338,0.000035796,47f13f776d3b38dc068ebfa78bab953aa48e27be1a7f1098f6e54f81dd1e9da5
4798,1764562485.2655883,0.000023704,0.000016380,0.000020638,0.000016651,0.000019897,0.000035767,864176f271711c0047fdcbb757947fb0cc1b2489da6c290e64ec71c2f4fde673
4799,1764562485.2681878,0.000023223,0.000015729,0.000043561,0.000051986,0.000095246,0.000094936,da87ebd5ca914d237a3c52e3e67f948108993e606fb340984044b746afc28eaf
4800,1764562485.2697842,0.000045894,0.000032109,0.000021079,0.000017732,0.000022090,0.000035736,5f5019eaecaa69ff400455cc2ce6b55c3ae1a0b5d07dc7af28bb0f493f2bbe95
4801,1764562485.2710226,0.000023123,0.000015619,0.000021079,0.000016942,0.000021289,0.000035807,4412df649a9ce0c14c6bf6021c50f21332beaac739b7af20a68c94728ca8faff
4802,1764562485.272233,0.000023133,0.000016291,0.000021731,0.000021029,0.000020929,0.000034914,e6df9c93a40223e21d112a83d2f6d89e55c01bff625e2228c4998aaad5b3195d
4803,1764562485.273497,0.000022531,0.000016250,0.000021429,0.000017512,0.000020939,0.000036638,fa47f298cec40a6daf054100fb129742cb5292833bc0da7d13af8ee9ccf46274
4804,1764562485.2746751,0.000023233,0.000016080,0.000020467,0.000017372,0.000020348,0.000034875,863018dd365fc959b5d4fd49fcfb144f1ddaed3f0771a49e4a2ccd73f23ba32f
4805,1764562485.2758634,0.000023784,0.000022001,0.000021440,0.000017473,0.000020718,0.000035696,bb1d12b04abe218f7452e452a880f76189b97b141c2ac3372136aa24c1da67df
4806,1764562485.2770066,0.000023053,0.000015950,0.000020838,0.000017002,0.000019797,0.000035325,08d15ef8cae919e2b3b78e20948e97cab7d56ce01e33a0fd3288e693820aee87
4807,1764562485.2781796,0.000022332,0.000015819,0.000021400,0.000016390,0.000019577,0.000042779,4c36025713ff6853a95659c91dbea900c90bf672be3c57b3001972f7573315e2
4808,1764562485.279509,0.000023614,0.000016411,0.000032380,0.000017112,0.000021039,0.000035476,68d59d424b40bbc9c5e2b61f558c6f76470a6a48d94a51f745f2913684059407
4809,1764562485.2808816,0.000026660,0.000016711,0.000028593,0.000018995,0.000026289,0.000038551,38a6224107c434c91400a5568ec20d887b9eddb3e3291f65dc2a1f22df18ee24
4810,1764562485.282088,0.000022832,0.000016109,0.000020437,0.000016891,0.000021409,0.000036517,403b5194275c24abe4a751cc4f28650f0b2d9f6550d45467203a8468e63e479c
4811,1764562485.2832513,0.000021810,0.000015909,0.000019997,0.000016981,0.000026008,0.000035114,f22af06ea447d3078d17fbdfb6642cc159dd547dc81dbcf5b0ae62f3d98bb58d
4812,1764562485.284385,0.000021730,0.000015549,0.000020157,0.000016861,0.000019627,0.000035065,76a0ba14971370aeb19af4d872aa9f1d4d6e4f7896d6073a1c25efa3fee28050
4813,1764562485.2855325,0.000021079,0.000015108,0.000019987,0.000016781,0.000020278,0.000035245,711f757bcdf11d458d71ee276dea4d4d70ec7f6b7859cf09cf51401ac8dcc955
4814,1764562485.2874346,0.000023464,0.000016190,0.000021911,0.000038692,0.000065181,0.000044482,4b2a7b64411249a28dc78c57fa886a70770fdb888c92c7e49e232c2e0bbea34e
4815,1764562485.2891777,0.000028492,0.000017944,0.000022531,0.000036899,0.000048029,0.000073405,0c26211e8d46be8221ecafe2881d023b733ae1bd4eacfb6319b74d7af30c8969
4816,1764562485.2903707,0.000022391,0.000015780,0.000021119,0.000017362,0.000021049,0.000035245,3c691f8611163a5c6def0e9b56ef14d17f0db018ffa8c504ad02bdd3748d51ba
4817,1764562485.2916305,0.000022492,0.000015910,0.000024836,0.000016892,0.000020768,0.000035546,f904e1ffbb45e8e524f50a8920128ba248833f5169b0f1fd139cc67f1162bab2
4818,1764562485.292932,0.000027420,0.000018084,0.000021410,0.000018054,0.000022000,0.000040495,2b558cf36d844e743c0a8a9addd2f8d1403435ba3aaa4b9b78a41f253a421fe9
4819,1764562485.2940896,0.000022131,0.000016670,0.000020427,0.000016540,0.000020067,0.000035014,259efd5f0052b17a84174c6c38ec2eb6358b8f6f7692df6275c58ba55ab10947
4820,1764562485.2953677,0.000021439,0.000015709,0.000022342,0.000021069,0.000027010,0.000039172,b7fc3b8ef425872ee3694a8b980fce1e91e7d04ed2b6bc0d05f0957263af603c
4821,1764562485.2965474,0.000022682,0.000015669,0.000021369,0.000018213,0.000021600,0.000036458,a359789693424a066bc22bed4d08920c2fe54fb3805ded72672899688cf4bfb6
4822,1764562485.2977796,0.000023043,0.000015739,0.000021680,0.000017502,0.000021450,0.000040375,fca95ea2b3feba404251d75d6b598875cbd572fe71d6a2aa348888d609be2048
4823,1764562485.298947,0.000022712,0.000015749,0.000020507,0.000017533,0.000019977,0.000035385,d9aa27ae5ca0d6f8d8f91f16f4c5e0765155112524d011516f2c422aaac0ca1c
4824,1764562485.3001838,0.000022882,0.000015619,0.000026268,0.000020598,0.000024345,0.000046606,6dd33703b0d706b54aa2c6078dcb626f2fed818b2d29006c10d8e17aef8c26d8
4825,1764562485.3013384,0.000022582,0.000015770,0.000020508,0.000016440,0.000019696,0.000035836,bc11557c133e1fb40ebcb5ebf116e24b4dc6697c3d468c5a52ee3bc154bd0401
4826,1764562485.3026001,0.000022671,0.000015599,0.000020288,0.000016390,0.000019245,0.000034674,f8c8f574ade35299a5951bffa61e76e1941af0ba99ca0e0f0a0f439be0ff494e
4827,1764562485.3039227,0.000022161,0.000016059,0.000021640,0.000023955,0.000072003,0.000035426,aff62d628be48c065584ae746cde80f03728493b2a8c390bd258fc30708a2b11
4828,1764562485.3051052,0.000023163,0.000015699,0.000021931,0.000016941,0.000020297,0.000035746,d976ecc01925db6b91edfef7de39195924369222068080b5613bc90404ee0838
4829,1764562485.3065019,0.000024826,0.000017161,0.000029615,0.000019406,0.000028883,0.000043561,0a2d6dde98a354e333d1cf130d9886d11f468569169c84c0d62e0296d6fcd04c
4830,1764562485.3080175,0.000033943,0.000025176,0.000024154,0.000019777,0.000029535,0.000046415,6714ca065d48009f6c44f9df924e937c98d4f065034425967282ef6b0741e0a4
4831,1764562485.3094387,0.000023203,0.000016080,0.000026449,0.000018995,0.000029384,0.000040845,6ae4d07b672b11aee9361711f1a830e9544faafd563969b2085111d28150a030
4832,1764562485.3110845,0.000031027,0.000024796,0.000022792,0.000021751,0.000035105,0.000061273,436c75b5593e16dd0ac5f30b8b9df37e692410421472a8cc4bd15abf49f8e308
4833,1764562485.3125792,0.000024566,0.000017332,0.000037479,0.000017693,0.000025978,0.000040635,55c950e9502793df38112059bbcfea63dba965991d8c53f74f7d5ad9e3290e32
4834,1764562485.314753,0.000034914,0.000018875,0.000066012,0.000026880,0.000040224,0.000070661,80945c0b84a3c99d058f28af23699fbbcb0d615bcc87967e1285294d173052c9
4835,1764562485.3172045,0.000037860,0.000021670,0.000056384,0.000024826,0.000048630,0.000059359,90595b5105a26047115a44b811fa9307f855c97181cca91aed1194e54eaf41bb
4836,1764562485.318905,0.000039583,0.000019636,0.000040244,0.000022211,0.000036838,0.000047768,85c68d6c62854b371c000117b883f561527cd22fe02f4c222e9808dd55074240
4837,1764562485.3208656,0.000026840,0.000017142,0.000035796,0.000024165,0.000039603,0.000055042,fe254b9386da6133338d633729aa88360e746834d08ff5a823dc380a9cde425f
4838,1764562485.3228137,0.000040845,0.000024976,0.000030978,0.000021039,0.000038411,0.000074257,8f5f6907e15adeab0cfdbb032e5ed4b5a8ecec53fd12a610878e1a276ffab5a8
4839,1764562485.3242767,0.000033532,0.000019657,0.000022481,0.000017973,0.000028363,0.000046877,48090860df0705df499ab7dcd64c7734c457b4278aea18ae8c81829c484ec972
4840,1764562485.325781,0.000023594,0.000016391,0.000048169,0.000017703,0.000023814,0.000039543,186ca489469b8d64c700f86045783423e2ec6bffaa9a516e39ca64a23ab1e921
4841,1764562485.3278034,0.000046736,0.000032860,0.000029274,0.000021670,0.000033682,0.000050113,ddcd6153457edb76251c18ccf3e6300d12d4b13796063a37d107eb6b0383af7d
4842,1764562485.3296638,0.000026709,0.000017653,0.000039042,0.000022852,0.000045003,0.000067996,a7d6ab03127016eea289699d891beeedbc6f578f3c86fe0354ffac9edaa637d0
4843,1764562485.3318295,0.000029194,0.000018995,0.000038691,0.000029996,0.000056694,0.000087802,47f39c1ae8e2c6a3b2cd90f605400d9ccb3576a168d63358932756915234c9eb
4844,1764562485.3336313,0.000031158,0.000018544,0.000034424,0.000025327,0.000043260,0.000046756,68ea09288673a6479e34a93c2d70ae7ade68854d9c9d255e98af2a79b5f9c5ca
4845,1764562485.3355968,0.000028222,0.000029905,0.000028463,0.000026990,0.000040905,0.000075199,1ec473fa3f6028e286c30ade5210047a1caefa76bd5fc82c2390a9ebc29d6860
4846,1764562485.337065,0.000027080,0.000017853,0.000030476,0.000019216,0.000026799,0.000051475,72f320d6e304fc588d7be2b7a9b38ffd002a4e2eeffbf75128414e320e38ff34
4847,1764562485.3395803,0.000027851,0.000022651,0.000045744,0.000035956,0.000080859,0.000077984,6f52c47f83b4b31fb65198cc3e2a4ea63207dcb5f09eeb745385aa536fce68a7
4848,1764562485.341152,0.000045383,0.000017833,0.000029775,0.000020528,0.000030697,0.000040995,e59e5f9bd2b1d6aa450d826665b8392d28534fd6f128e5df7d468c1d1283c345
4849,1764562485.3424692,0.000025697,0.000016671,0.000024195,0.000018544,0.000024765,0.000037208,bb423ab5b6a92aebd0cc20fcea8e9cf634003c28fd7b57946fd7e863776af073
4850,1764562485.3439689,0.000028623,0.000018154,0.000024846,0.000020538,0.000033322,0.000045925,3824d844764cf2cb8f48babe42f96833ef6bf2139d30e385801615d6784d2749
4851,1764562485.345663,0.000026369,0.000017182,0.000057867,0.000020869,0.000034243,0.000043871,402976b360788f8439fcf2f0da3300574fc6b38de00562a1b9d4ee0c9e1c17ac
4852,1764562485.3490188,0.000047397,0.000020778,0.000090026,0.000052146,0.000096859,0.000144066,74ffb0af4c8290c3b73946ef810eafdceb16a43df3353a63898e69e3c930c8cf
4853,1764562485.3520322,0.000052927,0.000036227,0.000116796,0.000052246,0.000077584,0.000122185,98d3ce50bda2ee580b550f19b0ca0eb8c5a5240c7eba1bc38086d390b0143048
4854,1764562485.3559585,0.000038220,0.000024164,0.000086350,0.000044102,0.000136052,0.000147402,27857db189e160a92dceaf5b8ebd8c89a2794ed9ba6a2465a839e170fa222983
4855,1764562485.3588111,0.000047878,0.000019436,0.000032199,0.000036939,0.000083424,0.000119411,a13becb9a353492e448a00ad8cb4aa215256f4a061826bedd624b89b6cda2f04
4856,1764562485.3607817,0.000048289,0.000031768,0.000022471,0.000024045,0.000034614,0.000053779,c018515f74a1e917a6b89c0b291560b133ada068f705e9d78e93d186310e8500
4857,1764562485.3623068,0.000023203,0.000015589,0.000037519,0.000022391,0.000033292,0.000047568,172298be9d2369938ef74f5eb3526f5dc6a27d24a34c927eb091c3515d2df3a2
4858,1764562485.3646014,0.000029505,0.000020368,0.000047578,0.000025838,0.000047357,0.000063748,2c894762ded63dfe919d1041fbffc726687f77f9fe5945516c2675e6b054bb1a
4859,1764562485.366773,0.000034313,0.000017632,0.000042989,0.000033141,0.000059440,0.000089535,bbbd7847ef6a72fa22466dc2050eae8f0ae600d06d0e8ca2477b301a8cdb4d74
4860,1764562485.3686576,0.000034494,0.000020368,0.000025437,0.000027791,0.000042569,0.000055532,ef09765c3fbed09b5aaedd668406fc7353ac1abf42713caa791eca15863b6081
4861,1764562485.3715558,0.000030447,0.000018524,0.000051165,0.000054621,0.000109523,0.000107539,5ca18ffab4aeaf44b01066b730dc1a6f675667b20247c3f091e90da368462d4d
4862,1764562485.3733313,0.000032239,0.000018625,0.000021941,0.000023593,0.000051665,0.000056805,a0e6c84d5efcafd5674ef83be593a9e4bd1ddca64fa5a68ddfb2917360126524
4863,1764562485.3746462,0.000022923,0.000016290,0.000028343,0.000018674,0.000027080,0.000042669,fa2fa66ea82c0222c4b62eb4575392e52b518a6793c5a6e3e8f9baacab33603c
4864,1764562485.3762538,0.000025958,0.000021861,0.000031588,0.000019997,0.000024826,0.000046546,532bd637e1ff21a825cc3fa09119a250e6eda3a2cedae279764f18d24207bc85
4865,1764562485.3781285,0.000026839,0.000017713,0.000052718,0.000020148,0.000030997,0.000054100,206d86867e3714f7a601b0fc5a0b67bb7baaaa8159f569c7331a8ec480f86d83
4866,1764562485.3807018,0.000050914,0.000034253,0.000028593,0.000030707,0.000051375,0.000086901,f229546f62430ab678e1dbcaa174abb0089d387873932b2d46a9945c73f2aaeb
4867,1764562485.3823519,0.000032109,0.000018685,0.000025417,0.000023834,0.000039774,0.000072604,7c8473d5c77a59457c36918cce716b4fdc4e747af76ba6a09ea850b9738ba38f
4868,1764562485.3838842,0.000024435,0.000016671,0.000052026,0.000024865,0.000035285,0.000043050,d90edcfabc07e1632de1eef79990448440dc9c932307022ec48eb108d2c6b3ef
4869,1764562485.385547,0.000038601,0.000021250,0.000026790,0.000021820,0.000030857,0.000045154,17f46ca754a0883c8ad4719d7e916cd7b8c92871069633cf6e0aff89a6a97663
4870,1764562485.3880682,0.000028543,0.000017081,0.000041727,0.000036207,0.000068617,0.000128989,8b92105f72f9f6847a6a403e65ddfcbee49fc50c0cf9ee32e5997a82e24230fe
4871,1764562485.3910718,0.000032099,0.000019025,0.000068827,0.000051555,0.000115714,0.000157080,5fe1dbeb229bb8e1644654b36a521c6066dca2eecdb67b253435a4c9e0ffd6b6
4872,1764562485.3935027,0.000036067,0.000018374,0.000038661,0.000031458,0.000054951,0.000105134,25cf0ce5e65e6e2081925216676a55a60d19c3ce0acb30ce3364e47aab9549ea
4873,1764562485.3958015,0.000039894,0.000020558,0.000032050,0.000036958,0.000069869,0.000110434,248ff2e29fe95a638048e592917680e3dde6e0555ccc9b46def21f9285d17b77
4874,1764562485.397914,0.000029355,0.000017241,0.000044622,0.000035225,0.000066723,0.000099574,415df188553de7d600c60a81b352608f44877c8bbb9b06cda02df243cef8ffb3
4875,1764562485.3996022,0.000026660,0.000019045,0.000022972,0.000027691,0.000040565,0.000069268,206f86236d01e99551e1fb7d3e7b92c96a39f8fe76ada730667a94d75647938f
4876,1764562485.402371,0.000024485,0.000016831,0.000048139,0.000054020,0.000106667,0.000111346,4ef3cccb513a048766af33d8223f5226ac995b14a38cf0b0be3c4e6f915ab085
4877,1764562485.4054906,0.000045654,0.000033202,0.000077523,0.000042328,0.000102880,0.000125682,754c0241c39c1911ac4d467c1c377be86117dd33150a28704d8f75b482952a4b
4878,1764562485.4084067,0.000044532,0.000020027,0.000056545,0.000033041,0.000069238,0.000094384,430c2c4a15e7e5f6ab9c7c0e003bade17ba1b6b08f72fb2a143162dbbd958173
4879,1764562485.410486,0.000045374,0.000022361,0.000051475,0.000022551,0.000036117,0.000046707,3ab314d7baf8cf2462f5db9ea36c256f536c9bf6b545542791214c08640cd3e3
4880,1764562485.4136713,0.000051335,0.000047508,0.000036206,0.000042509,0.000073446,0.000122055,e365e69fd0f4c88ade89e63ac4b3b377fd83ec79d8d2f88cd22801ea8b2c924a
4881,1764562485.4156814,0.000046496,0.000026098,0.000026389,0.000025117,0.000039142,0.000063808,5933805315e6048af638c90f7e68c598c7b15e8f37cb9df2ee6626ab9060a654
4882,1764562485.4169774,0.000024455,0.000017773,0.000022952,0.000018354,0.000023583,0.000037159,9832eda415eaa370b7ecc636dc6e929115e9c89ac24b6add69e1a46fae34e582
4883,1764562485.4183877,0.000024916,0.000016841,0.000025107,0.000020518,0.000027952,0.000046146,da24b7a984516c7795564bb6a6176187689d9475d3c5500962727689b0da1c76
4884,1764562485.4199173,0.000022732,0.000021149,0.000038651,0.000020308,0.000028873,0.000045314,a427333ce762a3b4d1b66ec2ab7e9d1e9786391793f213e369c50b63ec613512
4885,1764562485.4213612,0.000024836,0.000016521,0.000038622,0.000018724,0.000031078,0.000042408,3b1df5377a7c4c2a5ff2e8c264444dfa0433c9cd7c624ba0c7e31a5cb3e3b6eb
4886,1764562485.4234152,0.000032971,0.000022982,0.000038481,0.000029795,0.000048580,0.000063968,244ff38e59e6f19936aa83c947ec345908c5c0200bd0bbfe7d75b76b5aaa3cc0
4887,1764562485.4249542,0.000031057,0.000018775,0.000025658,0.000018654,0.000027931,0.000040074,00fc2b846720352e9cfbeff5275019b49a3457ba533164a681d28f141da6fd5c
4888,1764562485.4263275,0.000026219,0.000017062,0.000025076,0.000024846,0.000027371,0.000041957,b0bf64c5d63e2a45ebeaa1502ed3cfe72daaf0c334f52821332fcce770b70377
4889,1764562485.4280517,0.000031017,0.000019556,0.000028292,0.000019246,0.000060732,0.000043300,b395aad2dc3a9024808a329d899e2959e527a6de6c9dfdea2aac93256ec1b507
4890,1764562485.4297204,0.000030706,0.000017682,0.000029164,0.000021460,0.000042118,0.000056184,459df24612e27ade19a2298613bb812f633153a4c8426f94008eb5b294e4e64f
4891,1764562485.4312015,0.000029395,0.000017933,0.000023133,0.000020017,0.000031679,0.000052457,b88ed3300fb65f26825aaaaa73a93ffeb197f65a791f392375ebc618afd1bb87
4892,1764562485.4324803,0.000025457,0.000016851,0.000022571,0.000017312,0.000021710,0.000040786,56938eb555c891242090d2e02aae16be10c2f115338b32de7e3e5a7f159d73dc
4893,1764562485.4347289,0.000025287,0.000017813,0.000026920,0.000034023,0.000078234,0.000065440,71aa2699c9f5e369997715eadf749abf15c7a93b2667c244bb68dcf4e2a39e53
4894,1764562485.4363785,0.000030587,0.000016841,0.000031418,0.000022652,0.000034694,0.000047387,067477f58a62782eaca2aa90309c001fcf4129122890b4d768f71cdba48340b3
4895,1764562485.4384634,0.000028283,0.000017733,0.000058849,0.000033282,0.000062115,0.000088694,36a2b974ac275f9dd669fd1de9e41b2990dd4b7cf9e8e37bc0a36220b12e5447
4896,1764562485.439917,0.000025968,0.000017152,0.000025107,0.000018734,0.000026218,0.000039744,378e968a3fa904fe2833b90e7aa887019a754dda5e2b35505cdfb2b50281a96f
4897,1764562485.441407,0.000023864,0.000016360,0.000035395,0.000023714,0.000029174,0.000040986,7b929e1126740a04ee9adbb80ffb0256332d01f004c15435eaa6785ddf0c8f65
4898,1764562485.4434516,0.000032139,0.000018454,0.000045665,0.000026870,0.000041337,0.000066783,714c4382aa34486dcfba6030c396c621269a5a37d6c90610134dd5ffe19dc072
4899,1764562485.44497,0.000030837,0.000018203,0.000022432,0.000018674,0.000027160,0.000043190,a8a761814a1d6b2c53bdded33c9569346f446991d4e109584b40aea79b8f8105
4900,1764562485.4465892,0.000024425,0.000016551,0.000025728,0.000019275,0.000028332,0.000040174,b4712b93f96ba43b1ddbf1dea681670702b19fa33b045cad5641ce7d90f3a054
4901,1764562485.4481072,0.000025537,0.000016641,0.000042178,0.000029054,0.000072063,0.000045534,9b032ae6d0395b9e772f1c148dd804511cb8625d7a566313fcd618581bb2544c
4902,1764562485.4496424,0.000025316,0.000017181,0.000026519,0.000019856,0.000035356,0.000055342,cc7258cc24ec64341c6cc8a980220cf52ef13170cc7104ff405d01966e303a62
4903,1764562485.4518087,0.000030837,0.000029835,0.000049010,0.000028613,0.000045745,0.000073596,e634cea61fa3008eef2d767274f07df4627f9966c18056dd78b42736703ca630
4904,1764562485.4547865,0.000051926,0.000035075,0.000052336,0.000035586,0.000068957,0.000106096,46763bde8b009653844541e344a07a77fdb9d5aa8494ce710645ad2bb5f65baa
4905,1764562485.4569685,0.000039032,0.000018965,0.000029835,0.000030106,0.000064620,0.000089084,f2157919adfbf5812ca58c4163a246adb1cb8a10f0b864d8b03e521f374146b8
4906,1764562485.4589047,0.000028102,0.000017172,0.000037188,0.000028292,0.000063837,0.000093663,6c851550802bf657a4aefb80e733aac19911fa0fb615d17f224da2556b92115c
4907,1764562485.4604075,0.000025818,0.000017382,0.000024375,0.000018865,0.000031027,0.000042628,fa9c590119946c7a089ec1a4996e00bf672ec0ebf550b33fff39ecfa30c3f06e
4908,1764562485.4620984,0.000022371,0.000015719,0.000029304,0.000019686,0.000033362,0.000044944,7860c9ea34b50eccedd2b87cc790d527c5288ce254b7e3596dd026859b90bd5c
4909,1764562485.4639785,0.000036076,0.000018895,0.000038952,0.000020579,0.000035906,0.000045253,6ca71f15ec1e15bce291a458481ccc7e963181dc215a9809ed60d3ea3d39dbd7
4910,1764562485.465753,0.000031328,0.000017743,0.000024094,0.000022261,0.000036878,0.000059620,d57998a35c65412f5d6170269b6d10e080c37348ab09af5e6677b83b30459fe7
4911,1764562485.4673703,0.000054080,0.000020729,0.000023774,0.000020618,0.000039974,0.000054461,1702270d4c1f5f11fac9902793d151ebfdf8f83f3d7580f95f5271254ff22083
4912,1764562485.4686196,0.000022872,0.000015218,0.000020207,0.000016341,0.000021229,0.000037840,a0cf9f01211cc99197ceeb157f1cd1ca5b21dcb382d0df23f83513bf1b2cabcb
4913,1764562485.4708667,0.000020377,0.000018555,0.000049742,0.000047928,0.000068476,0.000082783,a7ab0fc55047d840f4cfdce4a887791b211e61788cc49836becb8ac6144f4f73
4914,1764562485.4726622,0.000029294,0.000017392,0.000025647,0.000024606,0.000042057,0.000054530,b5ab8469e082e31b93f21dad05efe5ae212728fd0a317c75f8040ce8e4e0df0a
4915,1764562485.4740174,0.000023964,0.000016681,0.000021750,0.000017402,0.000028172,0.000042268,41cca8eedcf42289f7b72fbe88627521ad93dead508dcfc248963a8e94f19629
4916,1764562485.4751396,0.000020077,0.000014858,0.000021640,0.000015669,0.000019817,0.000034915,04df09ead54aefa9d181cc0ddb4f56f458b50d211ebc68833e59fcb39f70a2b0
4917,1764562485.476295,0.000019926,0.000014898,0.000028343,0.000016240,0.000019586,0.000033132,3d61d58e5ce8e2b88df01105385d0017b8c34a5145cd8a56a2385ec02f5aae7c
4918,1764562485.4778106,0.000027541,0.000019155,0.000036417,0.000018935,0.000031609,0.000046286,991fd28596bbc9e8fbf0cbc86ab984a8acb0cd9456d2508590765aa333209d79
4919,1764562485.4805067,0.000029855,0.000018724,0.000090197,0.000047157,0.000099995,0.000123288,22d98767ddbdcafcf5e4d89aa87017afac21b73b221267422c5a1a00e456e0fb
4920,1764562485.4829242,0.000040154,0.000019195,0.000025827,0.000031679,0.000069719,0.000092190,9899d7e9999a927fb0a3f886d420f97ae54202a5d29d2dc5155110023d27e9b0
4921,1764562485.4845622,0.000025707,0.000016401,0.000039313,0.000020417,0.000042789,0.000054170,f357d1ba44bea504c86137366340211b3986227bec7af47bb0c9c782c72864c0
4922,1764562485.4861507,0.000038771,0.000021069,0.000022051,0.000020188,0.000035125,0.000048119,4b7b99aa0a14453608d4b9e7196fed923dcd787b75b78ef78343b2d091d9f2d4
4923,1764562485.4887874,0.000021970,0.000015028,0.000044422,0.000038421,0.000097099,0.000086811,808813b633d95da8041757d98fe860d595c43ee427aa9535f650a949ab65b492
4924,1764562485.490705,0.000041727,0.000030115,0.000020418,0.000022602,0.000042849,0.000048008,5cb70723f5b49d059454b9375ebe1c61c9040aa1ef35538647d7924de3b0eaea
4925,1764562485.491907,0.000020789,0.000017933,0.000022783,0.000016661,0.000021840,0.000034885,045acef2614e49c803c5f8121df1079ad15d26836b84cc43810d72bcaa957427
4926,1764562485.4930453,0.000023284,0.000014998,0.000019436,0.000015809,0.000019957,0.000034374,c1b2af5016ca1bf07af13f7a09720f7d232750557dc0af976aaf08f75cbb747f
4927,1764562485.494139,0.000020207,0.000014587,0.000019906,0.000016070,0.000019226,0.000037740,27df2bea8014d6db1468b9758567ff0bce4b2a5dffff459ca1d7f486802156ca
4928,1764562485.4954376,0.000020588,0.000014927,0.000039904,0.000017933,0.000026359,0.000037740,4a9b10c0d213e81e13d125740d66d7ae88bdf518e03a25630102e1ede517ee7c
4929,1764562485.4968064,0.000026108,0.000015930,0.000021239,0.000017783,0.000028964,0.000045444,db47829ec3d29c86c3408fc3082dbf67082f02989b66748018209526af692234
4930,1764562485.4982438,0.000021520,0.000015849,0.000034865,0.000018745,0.000028913,0.000045605,0a902ce62fe5f0ea32e0c06e06cdd2d018f0ec4013ad5312be53fdc66c19ef67
4931,1764562485.4997392,0.000024636,0.000019766,0.000026830,0.000019546,0.000038191,0.000054901,66fe821808a5396d777509993344c1c87ecf44daa245c144dbce0393d6bde8ba
4932,1764562485.5011585,0.000024906,0.000015899,0.000021369,0.000020137,0.000032991,0.000040595,5f8983f0f1bfe2e39a2c960afdb854bb22755056028bcfa8670b91032cc42672
4933,1764562485.5028145,0.000020077,0.000015358,0.000053198,0.000020247,0.000033773,0.000041356,6147c853c65674386c458e5a4f3278c4e8f24c5948ed4c06c292d0837ec9512d
4934,1764562485.5047774,0.000029434,0.000018034,0.000027611,0.000028924,0.000051225,0.000103922,279a2b4e0dd2fc607b80c278643e029e2fae87b0449d66f358c0943e638852a8
4935,1764562485.5063057,0.000032701,0.000019035,0.000020578,0.000028472,0.000041687,0.000055141,1e5a8f81a31dc4b197238a6bff198451b211ab59a544b96e85152a0d74f76092
4936,1764562485.5076234,0.000021801,0.000015919,0.000025236,0.000016580,0.000026710,0.000035556,afb786488bafe1832ab2f372384678cf5e42c69fe64079cc5a8964e063528fe1
4937,1764562485.5100434,0.000024395,0.000015379,0.000030476,0.000031418,0.000060872,0.000070380,fb7d01b7b99dbcbff209e208162f1ed2a2569cc710c2ab432e7001148f0fddd6
4938,1764562485.5120187,0.000044602,0.000030857,0.000026028,0.000024786,0.000041517,0.000058298,56282046fc3341ed050154e90196b2f842b95123821c75eda155f7b26a74bebe
4939,1764562485.5136118,0.000028042,0.000017031,0.000020418,0.000026268,0.000045394,0.000070089,693ea0c891aea79b1a977f4bde8dff45473d91058787c1d36281517d3e0ba9f7
4940,1764562485.5154128,0.000023414,0.000015068,0.000020608,0.000031018,0.000078816,0.000059711,df7b4f995735e5a5358246f60551ce7371c30aa3da59b440a5856d93b98eb6e1
4941,1764562485.5165596,0.000021821,0.000015088,0.000019907,0.000017363,0.000022361,0.000034003,e056a9b7f844a1b22867522f32471eec179f3136f460de3851b27b355617e68b
4942,1764562485.5186315,0.000022091,0.000015970,0.000044221,0.000042799,0.000087852,0.000141451,7819265f68e2916dca817f60e29b8d8f7b3b24e3a8585c0572e3077dc4376186
4943,1764562485.5210295,0.000033462,0.000022802,0.000061684,0.000029314,0.000051505,0.000075219,99ea1b9e5958c371f9057e985c6e26ce80f5855a1238dc5fc78ccf976e2fbaab
4944,1764562485.5232542,0.000028803,0.000017182,0.000037269,0.000030336,0.000064159,0.000097510,32c5850f7001423357f2305d70649293dcf5afa084d0c761c2ac65aed6aeb38e
4945,1764562485.5254219,0.000045123,0.000033082,0.000049842,0.000019005,0.000029264,0.000039534,7be81d4fb71031654d96cffabb7908d37cb4ec23e4fd7b8458504da3d6c531c8
4946,1764562485.5276098,0.000066102,0.000018655,0.000024295,0.000032420,0.000042118,0.000085067,457118923e8488116850188b2955561122952d03b16e04f14aeb250d0d7c53ab
4947,1764562485.528964,0.000025036,0.000016430,0.000024335,0.000022722,0.000026269,0.000049621,fa851614c774b433f583fbfc16acdb3e7d378c2aede31c02c808a19f241ab1be
4948,1764562485.5313456,0.000027080,0.000016170,0.000024265,0.000042429,0.000097340,0.000076812,cd13bd5ce13480f4ae22d3eec495700eed0392e811412f96b3fe08abc8805208
4949,1764562485.5327117,0.000022963,0.000015889,0.000024265,0.000019686,0.000027261,0.000036638,cc49637b4ea3f4636fe3b397aaa842c4bfc8cfa78131681d6c89f390f2a881d9
4950,1764562485.5346844,0.000021489,0.000016220,0.000031779,0.000043961,0.000075980,0.000076230,1dd63895fd328d7c03bcb42eefdeed2fcfcb22069bfd3e3fd82ba45089cfdc65
4951,1764562485.5359607,0.000024254,0.000016521,0.000022131,0.000017001,0.000023253,0.000034113,61c4a1ee28319b1dcab26ef75b4594a446ba0752560cb5aaaee22f4b38440fdc
4952,1764562485.5376441,0.000022641,0.000015989,0.000032971,0.000021850,0.000039553,0.000056644,a8a0257c33bf94b4200000b5693ca0087271afbe0c82eacaba564cecb0be936b
4953,1764562485.5392215,0.000025166,0.000016140,0.000024446,0.000023694,0.000036458,0.000049141,4919da9ac594e976f4fdcdf8d82ecd6169629bba56f9d968ea6ea19950067e2c
4954,1764562485.5411236,0.000022582,0.000015378,0.000032560,0.000022562,0.000045354,0.000048259,c88c50a3d2e66a5057cc604d5bfba4b6122b40efda5636e069f666ec634d609e
4955,1764562485.5430903,0.000027451,0.000016430,0.000034614,0.000027220,0.000064480,0.000056094,d413d0b129085d59d6c1e2e83425e5cf8d54a5530683e175b111031dbaedb2ba
4956,1764562485.5449975,0.000030537,0.000018324,0.000030537,0.000022061,0.000040865,0.000052957,abf306c96687b495e986711ad2e1cd623040aa91e039d4bba14969d393db9778
4957,1764562485.546912,0.000026108,0.000017523,0.000037400,0.000020959,0.000039664,0.000085638,35105944e8b5119ed792d6e76d5a20d370b714796a1c4e4ab7b1781e7d57ee4f
4958,1764562485.548535,0.000031408,0.000017723,0.000026208,0.000019696,0.000031538,0.000058167,1c272b55a8b7d6a5c11a3f86eb213cfbeca827f44e84ea8b6ffb656127e74ad7
4959,1764562485.549935,0.000027901,0.000017262,0.000025477,0.000017963,0.000024034,0.000042559,fe1e45db374102959f79a257a1572c4e680c88cec8f503575394ab4dbfda009e
4960,1764562485.551416,0.000023283,0.000015830,0.000023303,0.000021159,0.000033341,0.000058468,90c9b0e1ea125d600e48fc6171f9a30088114aba6ed2170040823e5a79bc797b
4961,1764562485.5528212,0.000023704,0.000016621,0.000027009,0.000019066,0.000032550,0.000043550,edfbd5f096266c246c7fd6afc03c2541c323b98adb0613ef9fd222ee225f687e
4962,1764562485.5551298,0.000026609,0.000016661,0.000034253,0.000026369,0.000064279,0.000086349,2944814e81d35a68fd3fc80448b94195f00cb3e0d5327f1e62a50b25dc3feb4d
4963,1764562485.5568702,0.000023764,0.000016560,0.000026339,0.000026589,0.000046305,0.000058718,180bfc11c5ec8b0bd5be370bb4d67f19a2516f32f02fec97e547b1eda8c53742
4964,1764562485.5581362,0.000024936,0.000020588,0.000021660,0.000017342,0.000023653,0.000038090,5bf1423ae5eac2b64c4b7daa4cfd3b6e41865a19035bfc1e035e365591462981
4965,1764562485.5599747,0.000022752,0.000016039,0.000022622,0.000023503,0.000045664,0.000049291,2fedf759ba13847c43a8135ec823b610cc29163a8362e9a89403facef6b74e68
4966,1764562485.5616035,0.000021480,0.000015909,0.000025377,0.000034834,0.000045233,0.000072514,4e5ccb3d28d85ec7c1490bc62f2583bbc55aa8e11706c39491d613238d22e556
4967,1764562485.5635555,0.000024104,0.000017072,0.000045865,0.000024816,0.000042178,0.000095036,536125e6fb1d942322a1fc6fa74642e83af07de05271bce4e4172b57c2774eb4
4968,1764562485.5656655,0.000030937,0.000017953,0.000035445,0.000030777,0.000052657,0.000078475,e45f01b95927a98ac27da37942429fc19e99483a2d8b92c16225008ba8b3cdbb
4969,1764562485.5679386,0.000027771,0.000018785,0.000029344,0.000024656,0.000053930,0.000051796,f2180dc65105a19d6d0190825e838519bd81a8a94d57633c349d01ccc352eb96
4970,1764562485.5695918,0.000025948,0.000018364,0.000031258,0.000022992,0.000040044,0.000049121,743c99ac5db889dba8cd3d09ec7f9699c9d9e1a745e566909308c9d206b6497a
4971,1764562485.5720518,0.000034664,0.000025487,0.000054771,0.000035095,0.000104523,0.000103551,1ff6123282369d6dfa6ccc8b733fb9c7b5229fe2ebbf211de06e39bab1d967a4
4972,1764562485.5741751,0.000028202,0.000018504,0.000033101,0.000025577,0.000055111,0.000075850,8cc9ca481cc972b0b03fc5027d8e4d7bfba8efe971125399ba7bc587262a666f
4973,1764562485.575749,0.000034043,0.000019686,0.000032780,0.000019065,0.000029685,0.000042088,143be6d93f4eaec8be96322564bd6d275ff40e7e5ebabf7c5237a6667c8fce55
4974,1764562485.5776308,0.000030726,0.000019476,0.000029615,0.000025427,0.000046216,0.000088583,5e89584844bd8a92fe2ffa3c97c6fd501e15f8aab3b82276e67f2af1f511fa39
4975,1764562485.5797765,0.000027450,0.000018053,0.000047738,0.000035606,0.000071683,0.000096238,b2bbd55ab2e8c337a32b3f8814985ccceb9b2be971c00676b525a4caf0aa2179
4976,1764562485.5819848,0.000037048,0.000022000,0.000023253,0.000041166,0.000063798,0.000103341,18e9b9e1051c63098a8f9d8038b2a6c1594ea6765afcaf4b12d87ca38acb2c11
4977,1764562485.5832555,0.000024856,0.000016450,0.000021790,0.000022472,0.000023443,0.000036167,62c67fcffceb51d5a0f4696d12d30ba5fa2a6111c524a26c8f0dc113ccd892a9
4978,1764562485.5846195,0.000027351,0.000015990,0.000038641,0.000017432,0.000021921,0.000038441,189c1432fd7edf9ec4c4d2e5bb6a6ed1ff22c6c8dee139ccb1db2bdab131b085
4979,1764562485.5867133,0.000065130,0.000025257,0.000040014,0.000024906,0.000046596,0.000055192,2acc9aaba7783598e6f6e95295058157569258648fe8441c5b6b1e488a6db5a9
4980,1764562485.5890741,0.000043621,0.000022151,0.000041426,0.000023353,0.000040124,0.000089846,fc3be8632d89b4653414ce13fe740a2ade4d4202ffd5556593d615dd91d6aa12
4981,1764562485.5915456,0.000031929,0.000019847,0.000032930,0.000040134,0.000076973,0.000103601,f24f512463199a6afdc2c8609dac777ca7d6a73f010b106ba36980d6d3655dc6
4982,1764562485.5937338,0.000034424,0.000018654,0.000044172,0.000046486,0.000063738,0.000104273,60c86dda846bc76a304befe904e997b15e7fe956e2f95abc3d3c28dfd9b87eb5
4983,1764562485.595547,0.000035856,0.000018965,0.000025267,0.000023253,0.000040224,0.000048760,ea4685654d341788c6b7cbab044ca60272db137532467b8d33e3c409ce4e7f35
4984,1764562485.59686,0.000022221,0.000015739,0.000026008,0.000018845,0.000028082,0.000043340,3d14d66b42a6adc26ad8e32aa5d51ef5687fdd09b008fd5a517bb935d7cb072b
4985,1764562485.5980878,0.000025146,0.000015248,0.000021059,0.000017272,0.000022461,0.000038841,ed949d5ca17ab7774fcf6ee12a6e66138f481885333c69d7dfbe14b99a2d726b
4986,1764562485.5995307,0.000022822,0.000015689,0.000021370,0.000016952,0.000033612,0.000075700,cf265da63121b00a30a78c0017afa3149177fefdcdcb7fa3c1b59041da2134ac
4987,1764562485.601008,0.000022782,0.000016871,0.000030947,0.000019566,0.000026790,0.000040014,5a6eb3839350e3ddaf746a24cc69f30854bd1b0b0d7d7d19bb070c3d65be5eb2
4988,1764562485.6024325,0.000026800,0.000017462,0.000023894,0.000018655,0.000027902,0.000041046,f4f70b7f0970f053fb73c2d9714519c5459b2a56c4dc78a07dc97a2ca9b894a4
4989,1764562485.6045468,0.000025517,0.000021630,0.000038932,0.000029274,0.000046446,0.000066382,32abd6b5a3bc96963d352295407343499cb444cd9a0ae642e686bdf0a0d9cb0c
4990,1764562485.6070282,0.000040735,0.000020598,0.000061213,0.000023734,0.000044702,0.000086540,58e5a7281f6ce18f1bbb010609590b35a72dc6c75a9644bffe5e8e1ed18f85ec
4991,1764562485.6096246,0.000050553,0.000019837,0.000031218,0.000035706,0.000074518,0.000118028,a0f037cef5b237d9fafbf089601996903dd1347bdc4e397d943818c8a155585e
4992,1764562485.6114976,0.000028132,0.000017853,0.000032660,0.000021891,0.000037028,0.000062074,c2c4c30ad0e477b922df22c1a8bcc17d9eed0b04df9e7ec033f7fbaf8426426c
4993,1764562485.6141639,0.000028543,0.000017813,0.000030467,0.000047989,0.000104443,0.000082853,eae2118158cf42f4abc7e15b75a20d87d03dbb703e5df09cbafaca467f01078d
4994,1764562485.6158774,0.000028242,0.000020828,0.000024856,0.000020688,0.000038371,0.000043370,ac6d5a76c4d5a66afa4d78ebc76b94294af53e0d375b80c51bf657ac79cad389
4995,1764562485.61745,0.000025267,0.000016711,0.000044723,0.000018574,0.000025678,0.000060903,194fbb25da73a4180304de3268ae26c45dace8f9087701943431e22041b191c2
4996,1764562485.6192896,0.000044663,0.000031748,0.000034454,0.000018865,0.000026189,0.000038251,d9b7819beb4abf9682707cde002fbc547b9cb06d2d119b71e74424985db99531
4997,1764562485.6210556,0.000036297,0.000022622,0.000035716,0.000022832,0.000034433,0.000042949,86296af4d5e36c6f946e8721d5f02a5c71a8580f077bf09255703e5e97789764
4998,1764562485.6231134,0.000031919,0.000024175,0.000047528,0.000021720,0.000038641,0.000070170,751c6663776271b16d46de156a659811ba71e6acbb9aad2ec9db0218aa780dbe
4999,1764562485.625603,0.000032880,0.000019647,0.000106256,0.000023804,0.000042850,0.000049903,2ec43d6acf4257d17eab11ca2b017ed7ad74c8e88e66c1d3ebac015d7d664c89
5000,1764562485.628381,0.000070630,0.000024085,0.000040064,0.000040174,0.000065611,0.000092591,585ed7e9456841fe64b66766efd417950dc7af08c563568445709992e135f93e
