Iteration,timestamp,client_keygen_s,client_enc_s,client_dec_s,server_enc_s,server_dec_s,server_sign_s,final_key_hex
1,1764450342.711312,0.000966084,0.000050363,0.000084726,0.000081060,0.000172077,0.001975687,1c20dd9bfaccf97f6b69117e82eba1c10dc6eff14b39a49cee9459f259a8e912
1,1764450465.3776693,0.000887058,0.000045694,0.000031599,0.000080759,0.000142874,0.000306285,cf72e54ffe3a204cef282e63dd5c827dcaee23f4c717cb309111296f05ba0d0e
2,1764450465.3796012,0.000024826,0.000016581,0.000067234,0.000030416,0.000031769,0.000040334,63cf9beaddefac89f15037ae5ba38ea8b50dd43ebfefc95b5e9ed24238c718c2
3,1764450465.3814344,0.000041156,0.000022021,0.000023303,0.000031007,0.000033202,0.000042989,d0756bdaa1b18e2bc16e49ebb2a2fa150898e0780e3c81463e961715e23ab0d9
4,1764450465.3834407,0.000024125,0.000017372,0.000026098,0.000052246,0.000051004,0.000067936,054a2a449df8323872747f2dc64ba600c32fab45819b7338a217cdac5d1fbb91
5,1764450465.3856816,0.000023864,0.000018183,0.000030777,0.000069989,0.000051114,0.000093593,6d88fcb129ecab98bebf8dfc15d3518b1376c925846ad732e5a2bdd49e8a8990
6,1764450465.388058,0.000025577,0.000016771,0.000045223,0.000064189,0.000060662,0.000079678,269c98d272275696573ddb4bee4fb2bbdc46ca3acd51e7248693a166e2fd4965
7,1764450465.3912425,0.000032901,0.000019195,0.000049511,0.000091850,0.000080699,0.000090697,f86174b92ffc755a04209fbebf7d159b2efe306641d875f9900bc7f9e6726179
8,1764450465.393665,0.000035656,0.000018885,0.000025617,0.000058307,0.000060381,0.000081160,a8be44a1dd460c65eff1e30d90bbfef9d1ef43419016e6011cb5a12b13a7b7ca
9,1764450465.3956003,0.000025948,0.000015869,0.000046946,0.000028132,0.000026468,0.000038441,be03875dc6e2a3dda7393f9b3d6f7e65a745f4cb77d2443b26d2d3ec4484b31a
10,1764450465.3980167,0.000034173,0.000017432,0.000049792,0.000031187,0.000031879,0.000086199,34bb1503ff8a8ce1303bd01d5af13b71cd240c2cb76e312eacdfb914206c0c31
1,1764450473.268633,0.000584469,0.000048449,0.000027621,0.000065591,0.000063126,0.000087562,addc2965b7163023873c0e32f7d1c791d1b5a5c5ad3da26e5a17a47abcaee10e
2,1764450473.271191,0.000024886,0.000016641,0.000130361,0.000050313,0.000047408,0.000068597,6cd49aee562c5f63d738ec3680d68d573121e1bda70a151fca39178912155cd6
3,1764450473.273033,0.000063868,0.000020387,0.000024085,0.000030486,0.000031969,0.000040294,03f741fd746d17feeafb3e446a1a7adb331a7ede2dc9395f4a571894c35b28cd
4,1764450473.2749817,0.000023914,0.000017032,0.000022682,0.000071832,0.000044392,0.000068687,8d824479d7926a57d6260e2d58af1c996ff3368b0623ec67f2b8badc5f65fb09
5,1764450473.2763345,0.000021921,0.000017883,0.000021169,0.000024586,0.000022301,0.000033882,d836f8351276a0a618b8e86bfca1fb60837474ec5c9df8550128bb60cd83a2ac
6,1764450473.278052,0.000020939,0.000015959,0.000032240,0.000036427,0.000041356,0.000035486,308287a618ac96ca26e99eed889d6b44b9b7e5a2f8b8494eba0916aeeb2f14a0
7,1764450473.2801726,0.000032140,0.000025627,0.000034884,0.000056334,0.000053368,0.000076802,c5df7e35981349d569e995781e04f198d8519ff405109e09f26eb4dd5861dfe1
8,1764450473.2819397,0.000030125,0.000018223,0.000024626,0.000033833,0.000031438,0.000046395,5b6cbbfd4a08ebc2e2ab0ce35fdb2470cd30ea9e9003a6aa8e3537d118851ada
9,1764450473.2841141,0.000023533,0.000015509,0.000052006,0.000056845,0.000064609,0.000077643,de3559c7bdf4aa82a30a7f8113b7ab589135229261f5e11a8016a6c979d08ae9
10,1764450473.2863643,0.000033472,0.000017913,0.000023413,0.000056134,0.000051655,0.000076141,b1518a8c01c71e8996a45a744d168f8e53fbc090d1a8b886f5d73f4e4158c2ab
11,1764450473.288688,0.000023122,0.000015789,0.000031729,0.000062936,0.000066853,0.000084886,1ead677fa45d3573164a53f1f3e9bfa61db8d4fcce205cddff5cbec2894aa80e
12,1764450473.2904387,0.000031689,0.000021670,0.000024094,0.000032189,0.000032790,0.000042448,b55640f7ec6a1d5879aeb4e793a9974d63732e372e720d8274a4e71d6cd9ba03
13,1764450473.2918918,0.000023704,0.000015088,0.000021750,0.000026199,0.000025126,0.000036768,64cfeac2177519d5a77c5bbb6ebd8b5d4750d62f53a0c8307306c78086a343e3
14,1764450473.2954025,0.000029855,0.000021089,0.000100916,0.000053008,0.000095517,0.000076872,67aabab69d31e9386b244b8b970606d36749f25925c2a09922768e6614995de3
15,1764450473.298746,0.000033191,0.000017753,0.000064268,0.000069579,0.000076782,0.000143886,5d303ea0803c6f2acff79bafaeca14e5f7e213ffe41315075b07dd036440ca6d
16,1764450473.3017678,0.000072123,0.000029044,0.000044452,0.000081110,0.000171978,0.000105825,2733444078aff6f05f6f35b8eba38997dead11e2175946e4f402234514ad30e8
17,1764450473.3050685,0.000041627,0.000031288,0.000058357,0.000092711,0.000077173,0.000116004,a32bf051d736f4121e8f43d84d2976cbda26d31ed493a5f0c6936fff98bfd72e
18,1764450473.307774,0.000035315,0.000017372,0.000033441,0.000060732,0.000063778,0.000093633,a1b8fabaf0a559b49696a12984babca33c07faab6847cfbd35526533b6a33a96
19,1764450473.3097687,0.000027240,0.000016119,0.000025377,0.000049451,0.000044913,0.000068978,dc2269008b35a1429fefbec0c97d588f69226b1779009e5e1b33282e6cf7dbe6
20,1764450473.3120546,0.000029494,0.000018685,0.000054741,0.000035987,0.000043300,0.000051235,22ab7cca1b05b2493b7c0bbd1cda7590463b0f998bed972b556d800190f920c7
21,1764450473.3150325,0.000048079,0.000022662,0.000057947,0.000048320,0.000066903,0.000091238,47c59d8fd5e5006f1a84ffb823bff928e1bc3d6f3cabb05c66a9170374e163f7
22,1764450473.3174868,0.000032880,0.000019346,0.000033462,0.000058388,0.000056925,0.000081210,d9a32a9bbe9c5f695eabe42bbffffc0c9502d5be84b4348e9cd00013c42b9ecd
23,1764450473.319962,0.000027270,0.000015829,0.000033471,0.000050463,0.000068236,0.000080639,374c2b9a220adcd170eff0af34142d350f8e0b3cb8459c1d9132148b0bc699b4
24,1764450473.3230083,0.000027100,0.000019876,0.000082242,0.000084216,0.000090357,0.000109241,079e3e93efc1a5f9b25d810d0aa42fde6ebc9b80f0a7386a5b23064a77a2524a
25,1764450473.326273,0.000046185,0.000020759,0.000037279,0.000071512,0.000125822,0.000092060,9ffce2fee0900935040db3f6c6e6be906255634f1ef4b926a59e537d69148aa8
26,1764450473.3282225,0.000031889,0.000018354,0.000025627,0.000037670,0.000039042,0.000050654,a6ea76601527c158231d85943a53ecb8f9a9d458399efc83eaddc1b6679263d3
27,1764450473.3310277,0.000026169,0.000016050,0.000063427,0.000080078,0.000082463,0.000140048,330a479360119cf4c228e60b1f92fb945f2ecac3715f70b55fb1e26a858893d1
28,1764450473.3339043,0.000038301,0.000020749,0.000045003,0.000061734,0.000062075,0.000086109,b89b07fd1c18903d6570e8186586ccc1f3f341513f4cb9b1affb0fa66acb7b7e
29,1764450473.336596,0.000037930,0.000023153,0.000038621,0.000056134,0.000055573,0.000080939,8f33f5d2507cc7605bcd5a25d82f4878495a9a5ef9c05b29fd9f5f1ec5178d12
30,1764450473.3404236,0.000051445,0.000023934,0.000092100,0.000074768,0.000101748,0.000159184,c2e840d9e55da1c86232e9c2b4eb0310ffb2c63856e426202986386cf92d8a88
31,1764450473.3427427,0.000053619,0.000034674,0.000026709,0.000036598,0.000044492,0.000051455,a9411fe1b553188b0d7888cdd655c7ddb6bc5ff16ce205ad8e88c483073bf5fa
32,1764450473.344428,0.000024505,0.000015860,0.000027090,0.000029935,0.000032661,0.000042058,59655f6ea9e4d4bd15c0ea00344fee5de79ed8df7ace23c961f5c369a8f376eb
33,1764450473.347191,0.000037209,0.000018834,0.000038561,0.000111325,0.000068927,0.000146209,0d47ead140b5a37e199f7c32dbc928ace3a1760262a49f0be19ad9a5f35a58cc
34,1764450473.350753,0.000048620,0.000032530,0.000066293,0.000044392,0.000051485,0.000071332,c9e6c3e5b753d2661b846944f62fe8f3952453b4d8df876e76014d6e19f821e2
35,1764450473.3539398,0.000056344,0.000047477,0.000057807,0.000058318,0.000076882,0.000088924,b4099d0c810907e14ce3b279af5b29d291b2e5a64e1490fc607cdf545ef3d54b
36,1764450473.35674,0.000033933,0.000018905,0.000033642,0.000054571,0.000079597,0.000064730,5f2f31e26dd562ff9b23352e5360c712ca1f0747259a2a99651fe9fbbfbb32cc
37,1764450473.359767,0.000046025,0.000032350,0.000046646,0.000048590,0.000062525,0.000059700,ca0cd4fa7fe6178a5f99042c04bf146adb647038f7230cbd7472098f0d102d0d
38,1764450473.361945,0.000030005,0.000017242,0.000032269,0.000038220,0.000044111,0.000050733,1b15218fd84396a2912e5ddc6d2eb2eedf590294c0eedd93e47333e9cae42680
39,1764450473.36446,0.000034304,0.000020698,0.000047909,0.000040304,0.000048780,0.000053980,bf237f5fe797e24c79ce0e26b14769ce1fdd293ceac23081329a1f066a60d44e
40,1764450473.3668745,0.000033102,0.000017682,0.000083694,0.000038010,0.000041727,0.000049762,5eacaad310079fc5e984fb74157755f0d0b500d8911ed4c319cba8144d95c212
41,1764450473.3701975,0.000065121,0.000028873,0.000051295,0.000077152,0.000079146,0.000121685,51a799d1dad96fd842ddb2bf4976a3980d9feb28013563f34a2e47fcd04a117e
42,1764450473.373079,0.000052737,0.000051054,0.000060852,0.000036668,0.000044151,0.000051305,73536a2280273e9f73236da5af35ea3133e85b681f1245f62cf5db0909138172
43,1764450473.3755505,0.000037980,0.000025758,0.000025016,0.000055332,0.000054140,0.000079898,947d28d95a1761da0e2e5f8578c18eae49bc8333605c18743dfbe311ed0bd0b8
44,1764450473.3778539,0.000024125,0.000015699,0.000039463,0.000058598,0.000060722,0.000087631,cde08f14f338dd031bdb8a7c490606c97769169f2b3b7013ecf5b8857e325de2
45,1764450473.3814073,0.000038391,0.000027791,0.000070771,0.000056825,0.000092361,0.000118258,066451db3582225d0ca2ee054c3d08135e798199ff7a2db19756cd7c3af0d1c1
46,1764450473.3835268,0.000043089,0.000018504,0.000023854,0.000038351,0.000043400,0.000051615,153f88256759dda7238f6e96f85ed7c844b0ef1c66e541ef82737d4631a528c9
47,1764450473.385053,0.000023824,0.000015469,0.000026269,0.000028042,0.000030847,0.000038571,22475c7e6f1858d4d6ce97a01f375152ecf161741692cedeeb6d33f544e77160
48,1764450473.3876288,0.000024736,0.000015639,0.000051755,0.000077664,0.000070380,0.000157851,03b3b5574d092331a0d64ce36d7642e010021136d2cce91f4465a55c43344ba3
49,1764450473.3905158,0.000032079,0.000019226,0.000059650,0.000067154,0.000074998,0.000098081,2bd35c448527d35365a49b1c99b6643a7eb6e88947949a9dfa6bb0f5fef2a62c
50,1764450473.3937733,0.000056365,0.000033462,0.000028452,0.000065781,0.000073405,0.000079186,beaee943acbdfd8959f090179823aabcbcd25f4e3b2a6dd3a2c65d87eb1779f8
51,1764450473.3969758,0.000040264,0.000040415,0.000059310,0.000063036,0.000084156,0.000096809,01b5adbd13c769cc062e7492340cf7ed88c422d85a5137a864edef645d704e96
52,1764450473.399655,0.000039022,0.000018304,0.000037158,0.000044743,0.000054291,0.000060001,d2c5f7d0d3ef3466390b1646def555c6c90866ab1bd14c88e54c12ee56b31dc8
53,1764450473.4017982,0.000026589,0.000016050,0.000022311,0.000033051,0.000034984,0.000075299,ac695da962e670de1c8aa3b53defdb27da9f2a10a76ac5e7b34e026a43d4e9d6
54,1764450473.4036644,0.000022232,0.000015939,0.000034062,0.000032560,0.000041256,0.000047097,0eada4f616e6efb1a26da8ba5c209f48e7b9a32bb9a8c643ab5ac450db250a32
55,1764450473.4062326,0.000036979,0.000018925,0.000043781,0.000037269,0.000041406,0.000084656,610502a5a4411e4ce013ffee793085d8a2eb644f6be02d3823f1d89e644842e3
56,1764450473.4087036,0.000028973,0.000017031,0.000030106,0.000061263,0.000059169,0.000081100,2453c848e37f66c4b518da5b0755b927a5ca460dc04daff940732fb41844c399
57,1764450473.4110823,0.000029534,0.000016721,0.000032640,0.000063006,0.000069808,0.000083444,b199e2b154f81602363d5ce3adaa85531c43c895e98478b1cef542a7823ccc9d
58,1764450473.4136653,0.000028552,0.000016831,0.000053198,0.000056424,0.000070280,0.000098421,cd0197aa4084ba1c78e7f55decf9715fdababf24e5564707497acb156dc226db
59,1764450473.4167879,0.000034343,0.000019195,0.000042598,0.000045774,0.000053008,0.000094755,117eae46c809b8286ccf073e88a1aee07a1676a2a67248fa763b0e5cf72d01ca
60,1764450473.4194288,0.000033723,0.000019165,0.000028242,0.000067254,0.000077563,0.000103772,e47a62e0768ab192e08541c8a30552dc23d6a69780401757706c743bba5c779b
61,1764450473.4228876,0.000035615,0.000018695,0.000086971,0.000078866,0.000094815,0.000083774,07fe170f90f4c2cdb384819e0db2d5408bbe9fa02d31eeae86e1dd89d3e74424
62,1764450473.4256258,0.000041296,0.000021901,0.000029034,0.000060752,0.000065050,0.000085528,5351b7ae35ede83ac1ee9b11f9965ff6d5c5dad59cfbae602e169e2d119e6180
63,1764450473.4281058,0.000026619,0.000016190,0.000040705,0.000053259,0.000050213,0.000091629,0fb42f0c74f4edaebe3257a0803ee0b3a47c2a8dbf8742765268ebe5f24ce760
64,1764450473.4309797,0.000030086,0.000016991,0.000062295,0.000047588,0.000057667,0.000117356,0dd8b9cd5950858336ae5170bc7c35d7623df84fea95780f49f682fc02717516
65,1764450473.4335961,0.000040455,0.000018504,0.000026138,0.000061494,0.000057957,0.000101497,5c2e00082481c6642964bc0d53079ea4f8c2b88f7024cca44835a8514b9f8d73
66,1764450473.4366057,0.000047638,0.000032160,0.000096919,0.000060161,0.000058949,0.000092291,f614de9d4419107f4d47770c861cb41750713e907e634563f43021d5a9a566af
67,1764450473.4406312,0.000050824,0.000027340,0.000097320,0.000082091,0.000105034,0.000092080,a31188739793d0492618ada4e5d65fe2e7edf59418b021c22e5ee0ffe1957d1d
68,1764450473.4435353,0.000046726,0.000020849,0.000025046,0.000059790,0.000064388,0.000078746,7e773c1f68ed7737dc3d76c78e017760030799d6c2c609545a732059615b3afc
69,1764450473.446468,0.000025587,0.000015679,0.000074668,0.000065330,0.000053188,0.000086961,8c52f6d939aa55d4819edf9f07d3d437b3f898ba97b2fc2edd790dc1c235199f
70,1764450473.4497745,0.000047668,0.000020257,0.000054951,0.000053769,0.000070470,0.000091960,c05edc505056dce22dcc24815d142a3f6ea4db935ff762499df6b898f153bb4c
71,1764450473.4521127,0.000028713,0.000015929,0.000053559,0.000054761,0.000058498,0.000074137,428617fa47f8973230d8781342c573c0c39caceabc2c3c1864166ebdfda02424
72,1764450473.4544008,0.000034093,0.000017392,0.000033311,0.000053710,0.000048840,0.000097981,af6bd62bdd7aa2a465899a210a0e2cfe26f724c66fb5f659a707c80911326da6
73,1764450473.457047,0.000031959,0.000018644,0.000045564,0.000064038,0.000065961,0.000172188,bd07a48d446e6cb23887917527db6e0708a98ff688f7de0a0abe2974db55975d
74,1764450473.4596748,0.000027992,0.000016000,0.000034052,0.000063828,0.000061524,0.000117837,9940d2b0ceb55eae4926a37f9cde2b52af94c80a7dd0e66c210fa4c07a3dda62
75,1764450473.4627278,0.000028392,0.000016421,0.000062525,0.000056635,0.000054942,0.000082943,550400ef6656a7b8cfb01820fa590c7b25b6b65c02fbb90b9d9b8e1929e9e2de
76,1764450473.46548,0.000039122,0.000019196,0.000038571,0.000057546,0.000082262,0.000091278,90b033778121bdacbfebd7f873f457a6e86d4d48428ce5020948b3fc8359862f
77,1764450473.4675124,0.000029925,0.000016611,0.000022562,0.000051425,0.000048089,0.000040294,34646b1f71787b8a0dd959158809df3c36d17291610bff5ee87c243d70d7ec3c
78,1764450473.4700687,0.000021540,0.000015589,0.000075028,0.000068165,0.000075329,0.000111787,f2f534851192e00c570de03e99a7b15eddb7ee0d3b2a75c765a140a67dc86b24
79,1764450473.4730191,0.000044703,0.000020217,0.000048950,0.000074027,0.000073115,0.000122767,cb1694d46e8ba703d6761bf7473cb6e9a0eaa2c57cfa1e68993dbb673abd75e3
80,1764450473.4753928,0.000059941,0.000035726,0.000022962,0.000036888,0.000042990,0.000056073,1a828fdc3a927a290deacc47d02d3e65cd19c7553b775fce98209ca741446aac
81,1764450473.477502,0.000022572,0.000015338,0.000042468,0.000034383,0.000047508,0.000063628,af700fc2f4b039e76a8967d053ee9c60a0f4bd1d56e42475245e17265d0053a4
82,1764450473.4804244,0.000030096,0.000017412,0.000054701,0.000091589,0.000099203,0.000107479,cb581bdeca11b5d37e953a442fc29b795c81c51656818d4908f0fae2f8626507
83,1764450473.4839654,0.000032340,0.000017342,0.000060903,0.000090617,0.000109702,0.000123679,191b61029edcb2357816e0588182a7fff76dc6d1f3fbe437481b61464a5c4a8a
84,1764450473.4862552,0.000038020,0.000018164,0.000034664,0.000042819,0.000055292,0.000066272,48033cd5ff0f368b3e561f24d35336d576bb34e946a5d90d7ad25a7c7ffa7ade
85,1764450473.4895475,0.000037419,0.000020348,0.000060852,0.000099334,0.000075900,0.000142724,5847a460271274cdf18314dfd310690b20333c010384fd8801120be18a6dc032
86,1764450473.4922876,0.000038141,0.000020708,0.000028754,0.000061023,0.000063678,0.000083594,12c7681b00cb964604a06ad2d3d61cfd6eb1ffccba32779981c4c07e4a35cbd6
87,1764450473.495081,0.000042468,0.000031559,0.000042839,0.000042428,0.000050614,0.000075669,fb7dba9542096b43caf08b192c6ccf0473e955673395a1cb24d139541096fe0b
88,1764450473.4983838,0.000047829,0.000021490,0.000058598,0.000045565,0.000062506,0.000072274,6eb5138eaca7ab48bc8e1b15e498e937dad41bb0aff9f6eb7249245041ad6859
89,1764450473.501391,0.000040735,0.000027991,0.000041076,0.000092100,0.000096999,0.000137263,2da2f033a089a93e9438f8780ff637fc86fd5211aab8e55553c965a0406c7c04
90,1764450473.5040362,0.000037389,0.000020147,0.000051706,0.000049731,0.000051685,0.000056404,1f7712de3befddaf5333f06becf2e9419666c433058fddc51f374227adfa5426
91,1764450473.5074615,0.000043280,0.000028693,0.000064118,0.000073425,0.000068657,0.000113390,5ce767c2d8871e2cdffb20e7f76264cdff6c1ee1d035001d0568fb3acaf18228
92,1764450473.510762,0.000045574,0.000020848,0.000039132,0.000061644,0.000061433,0.000088383,7a61e9492e56cdeeb264c2d56f8de4354169b0c181d83d5040a555c2bb2ac0c4
93,1764450473.5145462,0.000029965,0.000016631,0.000070360,0.000080308,0.000165877,0.000125963,202b3b098468ca241a9a420fa081a37f820f8570c50d954b26ca2912567110ba
94,1764450473.5172002,0.000043210,0.000019847,0.000035025,0.000039082,0.000048299,0.000054521,e1f3339491ad7a18d96f4da9b458927c628b5b1f4dcf95178075545dc6f8972b
95,1764450473.5195177,0.000034003,0.000024726,0.000034654,0.000063297,0.000071232,0.000103842,a26ee2c5a2168a3fb27b4b39cba606f65e2bfc6888dd028dcbd50821aea866d8
96,1764450473.5218098,0.000026349,0.000016631,0.000031969,0.000051706,0.000064649,0.000087621,f70cdbcd9ff611b929ab5330f04aab9f940a2ccb1eb6b5e2beb0ec697877c279
97,1764450473.5239809,0.000029234,0.000016911,0.000028402,0.000036968,0.000044933,0.000051625,1e7cf846629bc813510f4785c45c94512d825eb5030d8aeaca16d01282980b57
98,1764450473.5261407,0.000047227,0.000018865,0.000022161,0.000036036,0.000048058,0.000062786,51d0a732e3ba5d1b196da1f0b925d328246a87dd06c52d214ef8411e5866cb97
99,1764450473.5281668,0.000026128,0.000028373,0.000035155,0.000046687,0.000056224,0.000085598,b66ebe87fa8d28065eba9bad2ca9a86ae3bdfc8ae795fa8c1bdb48ad2cc155f2
100,1764450473.5312514,0.000033221,0.000024395,0.000084135,0.000070701,0.000066744,0.000103601,442b50dd45a84bfb118a7910d90bd1ad399937df68b1f836ba9f1d1f01dff928
101,1764450473.5340035,0.000036588,0.000018755,0.000047548,0.000069047,0.000058488,0.000076652,9147328980d8cf9e880af64db371de2dc9ba22d748f5cd136418ea6f5de0b64c
102,1764450473.5365198,0.000050213,0.000031798,0.000036517,0.000070871,0.000121153,0.000125171,63f127ab24f90162c441702d7aca241151b7d58921bca8557ea4b3f9db082c0c
103,1764450473.5393517,0.000030346,0.000023173,0.000093202,0.000048539,0.000050924,0.000094194,955d32356b638551e0cd958ef7fa2874b3ac5f5746d5a40fed02fe7fbd8edd8d
104,1764450473.5425081,0.000067725,0.000034583,0.000036978,0.000040184,0.000045514,0.000107058,1b6d256fc4578a8ead6105f8c75afbb1e8e9483a49d5a78bb31abcaa5000a41c
105,1764450473.5460975,0.000030296,0.000032080,0.000067044,0.000063698,0.000065721,0.000091749,0aff3e3a2eae6ca45f5daca22cf04208442a98597a91447f35231a19ef5f5be1
106,1764450473.5488873,0.000040655,0.000018414,0.000041396,0.000073586,0.000082191,0.000122085,10f88e662b0483b844259ee6de58999d6419f288b6b53b4457d5a3d01eb5e7c9
107,1764450473.5515585,0.000030055,0.000016661,0.000031337,0.000060182,0.000062215,0.000094344,9a65ac1efe804f03b017f69585f0b8a5c4562ef5bbecef5df613310e8cde17bf
108,1764450473.553952,0.000026930,0.000015959,0.000034614,0.000058248,0.000057637,0.000087732,dd3aa75acf8a0465ddd34f7e0f07358a17f65de3439a68ee8293c6527a85efdb
109,1764450473.5567372,0.000027782,0.000018704,0.000051074,0.000056324,0.000080739,0.000102809,67ec06fa7df5d8f82b6e0c68e1ba24fa2f8dc447edea15d9fddfeeac7d8f964b
110,1764450473.5589535,0.000032039,0.000018043,0.000029395,0.000053850,0.000062485,0.000084155,18203e6227666c9441dcb16d9e6f0aa120f3640f2ab3ea4d111817f7637539ea
111,1764450473.5608811,0.000025958,0.000024566,0.000032971,0.000028402,0.000030787,0.000038441,873fe70940e7ef7a6bb34c6ecb98e4e2329d8811713a8fd45c6642295d421ba3
112,1764450473.5637424,0.000031248,0.000018254,0.000080849,0.000051345,0.000050022,0.000088694,b533264d0caffa577a64d5502728185de51718f71eb0b27f1116c43d569656ba
113,1764450473.5663807,0.000060462,0.000068326,0.000027271,0.000039874,0.000048459,0.000054941,64c87a78724f6c568baab48bcb2830663d46c78793597376fb14b1628ce82a6b
114,1764450473.5684028,0.000024916,0.000017292,0.000020348,0.000030597,0.000035876,0.000049411,7880407ef52ee754597844657e2232be41372db1222f5467f13a802db6254ebd
115,1764450473.571148,0.000021750,0.000016180,0.000073896,0.000067475,0.000057907,0.000082151,e280f53ab49b06159bccfe98447e482dac1b4f0f659a8ccdbc3ae6f9b7aff3ca
116,1764450473.5748115,0.000051916,0.000021290,0.000068396,0.000081110,0.000102940,0.000126413,cf7eb8755ca0e3279005099fd48fe7fb1970d94239a3a0ba22485fe249921189
117,1764450473.5772712,0.000047497,0.000027872,0.000025547,0.000061544,0.000053599,0.000075018,ec17753ef3d267eeb741cdbfbc3c54e8db13c4541b4e9fb890a546040923ddda
118,1764450473.5806036,0.000026479,0.000016480,0.000071451,0.000062475,0.000086550,0.000125722,8a15f208cdce74f3f39c6dead33a36e4726a71afec1d70dbd454e3c50145815b
119,1764450473.5827978,0.000039764,0.000019366,0.000025608,0.000038080,0.000047849,0.000052928,9d20b2cc8d6a4ec8514a3eb872252627d9176e41f8588766f27d1a57453821d8
120,1764450473.5845165,0.000024044,0.000015990,0.000024425,0.000029164,0.000032390,0.000043089,fe5329409f016e8f0f54c851e57f229d3df5814e451c64f9de94e32131d29482
121,1764450473.586824,0.000023694,0.000015529,0.000058098,0.000038852,0.000040214,0.000059620,02a5dc2561783612f7f20ad3569fa62d124aa24199a4c44b6e1bf25261cd79c7
122,1764450473.5908844,0.000075580,0.000040464,0.000052246,0.000048790,0.000061103,0.000081881,d86509d0a7be862a9bbe5614f1f2266c7ada825c72651178475f0ccfc2cbbfe6
123,1764450473.5934744,0.000030146,0.000016951,0.000030176,0.000057285,0.000059209,0.000092772,b3036166287e0edfed01fa7772f51259697dbe201b40145f9cb8c6e806a62454
124,1764450473.5956094,0.000026419,0.000015989,0.000063307,0.000038040,0.000044221,0.000054981,503610706655e3f69747187f08d50f2b9bc828eac2bf82e42b6a38aa0beb97d3
125,1764450473.5999095,0.000040996,0.000018294,0.000104714,0.000098773,0.000134598,0.000105545,d48c0e96cb14f2109a685238283db74fc77a1ddd7f0254c03ec7839ae90c896b
126,1764450473.6048234,0.000064439,0.000030246,0.000118168,0.000102279,0.000153654,0.000149145,7b5bf67a7f135a3f0476b080ab402aa8b0cb949d2dc7cb2a5004e12e61bcf184
127,1764450473.6087666,0.000069929,0.000030607,0.000094785,0.000058869,0.000065451,0.000083123,ac7e1fb9fb013b2e808e76bcc4475e4f57ccfcf07fb81734270816ead95b269d
128,1764450473.6133065,0.000098552,0.000034995,0.000106967,0.000053258,0.000062265,0.000082722,27f1a16d8d4e5e09b6e5f0acceb7ef56eb0a851236ed5e96f9efedd535ed9ea5
129,1764450473.6175072,0.000062846,0.000028392,0.000067925,0.000091299,0.000129730,0.000134528,ed1d8fc6e675f620831b2e114b606bba3f8e1a2edac1b5b3bac16df36d3c9b9a
130,1764450473.6206234,0.000043189,0.000023464,0.000105575,0.000048389,0.000060802,0.000065592,1b909e8589caff33ef2e6768a7f83692c221d87b2f97709d251f2bd8a377818a
131,1764450473.625038,0.000076081,0.000030747,0.000072223,0.000091259,0.000132384,0.000155186,147a73e06826e4e3b9ab7a4cf1cd008c3e0133f1b9ae315d4d4c29acf158fb41
132,1764450473.6290972,0.000045875,0.000024586,0.000100044,0.000066162,0.000073516,0.000154074,1cc7d770e4fc31f5c76d4d776c9cc6100dadae3bb265f160e1e1f12ca4e0f4f6
133,1764450473.6327507,0.000061934,0.000027480,0.000068105,0.000079196,0.000108590,0.000140139,f2e5e1a3d1f5a979d9b14e7a59ef7db9c0b2494bcdf3988901f69290b5b4c80f
134,1764450473.635725,0.000045104,0.000024345,0.000062025,0.000048820,0.000058568,0.000082072,1ddec7a0e1f53c32b690b514957fd5d7dd802f253a9913f8993f62bc151522b2
135,1764450473.639371,0.000044652,0.000025006,0.000077403,0.000062796,0.000079868,0.000088112,671226d0efb7c309aae2105a67ec3641bef7d3ed6b21251fb7ee43b2cf4f443a
136,1764450473.6436267,0.000072494,0.000024616,0.000101027,0.000059711,0.000094474,0.000098613,0a6a901fcd9dea5605c024d23ddd77cbb56b85555af8bf5a974e82c3d7a3225f
137,1764450473.6473713,0.000052016,0.000021901,0.000121454,0.000082422,0.000111296,0.000132605,29bf7a4ff30970a3edb68e4ba892248b27d05c64bc712f219a646ba4665a051b
138,1764450473.6514416,0.000054380,0.000028814,0.000068476,0.000075079,0.000100135,0.000124861,d18f269a451d0357fdb3cb7f2a13818ea44688cc9b0c40ebd145d01eff73d308
139,1764450473.6551692,0.000036808,0.000019165,0.000079366,0.000057566,0.000063007,0.000108741,9a7b77ad1f6b131ee7e5d90a14bd00dd19de1de2d18d97fd05ef38b701d9e217
140,1764450473.6587548,0.000079898,0.000026289,0.000030326,0.000074618,0.000072985,0.000119751,3411b2c2186e36ddaea6e2a1593045c48712b2a863dab8b2bf9e40ed5747077f
141,1764450473.6605275,0.000027822,0.000016861,0.000027822,0.000032019,0.000035225,0.000044563,3d6d76a9b8b80f3b79039a193af7315b6417d8604aa154db831ded74c642929a
142,1764450473.662872,0.000026929,0.000017021,0.000055382,0.000035085,0.000071121,0.000045393,cc8381e29523022cbccf936c355c4f07a8162ce63b37a0e3b05d0fd974f7aa50
143,1764450473.6651087,0.000032450,0.000027140,0.000041517,0.000032500,0.000036528,0.000067986,8ed58a0c3ed87d288858bac3b9117a7a9f6479a3bd3702fa18b0906aca22d2c2
144,1764450473.6681588,0.000037980,0.000019296,0.000066753,0.000054390,0.000068186,0.000066934,a58a71e669eb82cef157409171942b3aeda71de5f62330179f6d21032b74da56
145,1764450473.6731892,0.000051284,0.000022762,0.000121304,0.000101247,0.000104362,0.000175343,e0d0d83056d59e62084b1a61402ea9cc4abc951c04eb0f86f2bc8cc44c79ab38
146,1764450473.676148,0.000044462,0.000025557,0.000046726,0.000096999,0.000069389,0.000089756,baf512c9401f62f0cd0485c26a090eccc2c4d4c89ecd1b33116a05c3d217b007
147,1764450473.6788974,0.000031398,0.000017082,0.000075730,0.000045293,0.000060261,0.000070640,deac51830de1df0e474ecff7da89a47dc6054a11f66f957419fd146f1ffdd0f4
148,1764450473.6819386,0.000036738,0.000023012,0.000045624,0.000056875,0.000070741,0.000099664,cbe1b93516bc55d3f29a242b82b93ff7ff05fec444ad990e7af0fb33ca0aafd8
149,1764450473.6850994,0.000050703,0.000032761,0.000029244,0.000049912,0.000067114,0.000085888,86af188ad0b40ce9b32a17e1dc20ce9f90c316d3c6cc17ab023ef6187cfdde8f
150,1764450473.6867917,0.000025898,0.000016160,0.000024064,0.000029104,0.000034514,0.000043240,bc26866c12236c73c5fdeef95da62cb5807d47a3b97a0cf222f6bc2c98f9af46
151,1764450473.6886475,0.000022722,0.000016120,0.000033031,0.000033813,0.000069588,0.000051054,9e6d34db81d21c8c325669c1f6898a1d88d3d5f8ca229f9d229f8e3a392fa1f2
152,1764450473.6916113,0.000037810,0.000025046,0.000044903,0.000064930,0.000078966,0.000110605,7ed82b26cdb06209204289e1fe64b9a2e0be79c7bbd8a0dde14c583704030937
153,1764450473.6935277,0.000030766,0.000017703,0.000023273,0.000035155,0.000041516,0.000048399,4fa1ef57519ffc790d70d09cbbe361989e0c10fdc1f80482f042b09fc4e7489f
154,1764450473.6956758,0.000023473,0.000015198,0.000051024,0.000037229,0.000045875,0.000061103,d06d7fb1e5ba737b1c5c394922596c245da4a75df8c5c4f6ccd0852880559275
155,1764450473.698109,0.000050574,0.000033181,0.000046546,0.000040965,0.000050694,0.000065861,eed1f40a04c38b90aeb0de006d93e41b8d3dd2dda8e5120aa59d5c9f7b5e236d
156,1764450473.700626,0.000032029,0.000018104,0.000036938,0.000057005,0.000052487,0.000077874,2c319431191cfc6249c3b25032c92d9d5ba13088d554567f76062de5f11c4c1b
157,1764450473.702769,0.000032520,0.000018054,0.000035425,0.000049982,0.000043280,0.000078786,765154769d6e96d7662733643c21e67f0bb4ea2920c9a718ffdb23efdcfc652d
158,1764450473.7060103,0.000027190,0.000016581,0.000086610,0.000086230,0.000097831,0.000115203,296be11d454ed22cd27620d4bc9a08de3837b283b8d0f10fdeb38b4b0575a20e
159,1764450473.7089581,0.000039412,0.000019226,0.000028643,0.000053118,0.000058568,0.000089164,9da7aed363841fcf825e28783e6fac735da509123ae6754bf422d3ea623abe68
160,1764450473.7115908,0.000026109,0.000054350,0.000047618,0.000031999,0.000041507,0.000043550,28a7148621a713adbefcc596018f142003522157f9ac4ff06a8d2f444847bb09
161,1764450473.7148688,0.000053259,0.000036497,0.000059220,0.000058448,0.000077903,0.000075309,fce95909c42a468bed2fbaa9729d718f17bed2357699807375d2399773344da4
162,1764450473.7171078,0.000030055,0.000018264,0.000024826,0.000056464,0.000055803,0.000077153,f6b5a3737b834940071ad413c474d60c6f0a95196a5840a0488547990a508bf5
163,1764450473.7196681,0.000024946,0.000015989,0.000035656,0.000054450,0.000077423,0.000095316,4327ead36c68ec68004077b3ca3bd3c119ccedb128b6fafca03b1ebe3e3de97e
164,1764450473.722689,0.000026609,0.000016300,0.000044553,0.000061083,0.000074137,0.000110144,4a9a57f0fb09b203d221ae520c589e373379975fea6a24cbe39316a3636218d4
165,1764450473.7252727,0.000035155,0.000017142,0.000032731,0.000057576,0.000064199,0.000079977,ac20183441e393c67a5081f81d4ae38e7fc249b2f205ed001d762c5094d9e744
166,1764450473.727562,0.000042649,0.000019506,0.000029715,0.000038872,0.000047488,0.000056404,6fb1c4b1f9f25153231666c7f7b4f607dcb13b56126254dc3b6ff62274400eb0
167,1764450473.7294009,0.000024245,0.000015699,0.000035255,0.000033642,0.000037760,0.000039784,a5a92fa45fde2923e3d1d05f58f092331d6ab17669ad8e115961c229805e7c6a
168,1764450473.7322304,0.000031539,0.000020268,0.000053779,0.000091559,0.000079957,0.000098352,2aa6d4bc4cfd12feca797bef3a8729ebe513e089581933245d91b7fca195c43d
169,1764450473.7347643,0.000041286,0.000020047,0.000028883,0.000035425,0.000038181,0.000059479,7b9ccb7465fcd12725e6dda4215ba19b5f2eb0f14f216e8bab235f80a5f1990f
170,1764450473.7368212,0.000026739,0.000016611,0.000045284,0.000035115,0.000039233,0.000110564,4cf94588252980a255f9b18ddc4ded0a7f2ee1f05235cb15a8ecf0ca552a9bc8
171,1764450473.7388985,0.000030236,0.000017262,0.000047337,0.000038211,0.000037139,0.000049321,5ff2bbb7ae65cd3541ecf78bd172416edf661c4a7726c9295aa5dda37f0295f1
172,1764450473.7420058,0.000029063,0.000016530,0.000057346,0.000060562,0.000066453,0.000096659,ea6d0dee923a882b24368c8c9d414580ec14223315c1447564b5cad7d7e27adc
173,1764450473.7452192,0.000060692,0.000036066,0.000058068,0.000045444,0.000050934,0.000055292,0ddc6f98190a9ad12b34efd4637ff6951db4b6265513e217cd34146dfe200e41
174,1764450473.7489908,0.000044011,0.000022541,0.000069809,0.000078084,0.000098382,0.000098302,f4e37943373cff6864c5ff3671c4168c76c85f038cdef52ec0e62825c89fda80
175,1764450473.7516518,0.000052758,0.000023994,0.000035014,0.000042378,0.000051235,0.000127465,6f9835ab213b194506c8d6f8efd6252b6c7dd627ac41a7ba62f078a3e7e7ff01
176,1764450473.7539833,0.000028543,0.000017231,0.000062375,0.000058568,0.000059850,0.000081450,c6efc8da522501849f5d64bc3bad121daf85d7e0f93784a5409f061059960673
177,1764450473.757664,0.000036497,0.000019787,0.000073826,0.000059720,0.000097119,0.000070390,c03561ff52fb8c93bbd690461604244fb7d6233a3f8ff0744b6e6d500eff73f6
178,1764450473.7603292,0.000037519,0.000019706,0.000024615,0.000070140,0.000128337,0.000079607,f66bad2dc8fbb4d6fc2f1dd1dc8c7dc3fc811d5a22b7ad5e309f37495fd1bd77
179,1764450473.763804,0.000030837,0.000018073,0.000102570,0.000047468,0.000067735,0.000104012,58ff5f0577e8e1c529756fde9e130f97752a26590167b844d22096c38d811c9e
180,1764450473.7675521,0.000091438,0.000047468,0.000079046,0.000099303,0.000070269,0.000056374,87af0abe82c499b6913a62e5c7c55fb21000ff098a462fe57d7ae4889a239598
181,1764450473.7701018,0.000047818,0.000030266,0.000036637,0.000038651,0.000034393,0.000052627,6da04eadc3545db3a95ad195346e659e94572f414b894ee21d3d41e1d20b6120
182,1764450473.7729342,0.000031509,0.000018144,0.000045584,0.000050202,0.000062194,0.000077052,dd8a0d051cea13d267aba1554dcd3eae2e8e6cd307995525107324c21eae69a9
183,1764450473.7754579,0.000049592,0.000020107,0.000030497,0.000040525,0.000055242,0.000065230,e5049cd33cb8461f192e97883d7430e594eac667d76561f2baaec66ccb54a552
184,1764450473.7771719,0.000024526,0.000024495,0.000041997,0.000029455,0.000028723,0.000038691,8efe9a1ec2274d2c7469d5ff16c3ba9225fd2a0d965d678322b88a48db043553
185,1764450473.779695,0.000043580,0.000029504,0.000053819,0.000046135,0.000049711,0.000060491,853b32719eb60a38552a56b7fdc21e5f1699244c970c05cf644e7f294b96b488
186,1764450473.7821565,0.000036227,0.000019236,0.000029545,0.000045384,0.000052888,0.000074347,facc958594c0a98c729d0fbccaf5a5bfcab87902bc3d1a7de319c8ec15c2134b
187,1764450473.7844882,0.000028844,0.000017011,0.000034033,0.000053780,0.000053519,0.000073817,958416e05b35176f4a249d557f8afa09a407e9b1953575bddb5ce70852b41e14
188,1764450473.7875352,0.000034583,0.000026849,0.000037960,0.000062726,0.000059480,0.000098943,521699d8189fec1cf2a4916597f84d6c736ebdafc5bd23eb8021eaec565e9179
189,1764450473.7905958,0.000052808,0.000034593,0.000041637,0.000071693,0.000081300,0.000127866,6a17cabdbb921843adb6251782434a7f1c1f64a168256bc4c1da4bceab536c9f
190,1764450473.7928507,0.000027771,0.000016971,0.000027271,0.000055663,0.000052827,0.000099785,6697f38f85c67039c1678b5fdffb81bda8ef30d1b3ee89728e8ecebcf8e3e434
191,1764450473.7947562,0.000025006,0.000016350,0.000031949,0.000036447,0.000040395,0.000049522,25916617629bbdef3a58a67bf20b8ba5feb19b9b2810c14bae6b3ef1f0be0aec
192,1764450473.7971997,0.000025797,0.000016190,0.000035315,0.000060201,0.000071833,0.000084887,b174bdcaa2492582c7f27af98be041a6df2e61742b0fffa58deea82cce400209
193,1764450473.8003166,0.000054130,0.000047698,0.000105164,0.000049562,0.000063097,0.000068817,b7980b582b23bb85e02b9f0284f60bd5b525ceea81ee252564a7eb6ab48d7a94
194,1764450473.8027914,0.000036447,0.000020017,0.000032310,0.000052337,0.000049872,0.000082993,0065b6495b5462db51f96371a9bf271685eb2627d7e43008eeb4151d7c010839
195,1764450473.8065948,0.000041898,0.000018314,0.000070741,0.000058528,0.000087832,0.000108100,9d5a01eb61e826e9dc4317e13605a1825497a51ec257e8653d25f07c63c34753
196,1764450473.8090127,0.000038962,0.000018985,0.000043871,0.000044432,0.000091228,0.000059229,d1f76651d70043a0ec624d13d4e6b0186fd40b49be1645df00cc4870c400b239
197,1764450473.811745,0.000043180,0.000023303,0.000029976,0.000056905,0.000049391,0.000087853,ed9ed650d6d90fd6c3edebc5652b3822cc2fb1293c8d410326a206fb58595483
198,1764450473.8144147,0.000031579,0.000016801,0.000037198,0.000066914,0.000061925,0.000107619,89f5677ceaf1e812a0ad884f2d9cf83e4cd493c134d9ae22e4029b3a82cbbba9
199,1764450473.817054,0.000027420,0.000016501,0.000044072,0.000044502,0.000037990,0.000091469,650ac6e4e67c715bdd59f7921e35641dc8855ff5cecc5f8030059142c39c83a5
200,1764450473.818645,0.000025477,0.000016871,0.000023182,0.000030326,0.000023092,0.000035856,69c4f4db550f2354b5669f1c3f8dd69423421561533d46c9652c80486009252c
201,1764450473.8214614,0.000024205,0.000030917,0.000091169,0.000052667,0.000054100,0.000094474,500e3394c194eca12a3c67f8637c9ca82b81b03dd191f27768e6157b9b2d93cf
202,1764450473.8243735,0.000042739,0.000021931,0.000057706,0.000044252,0.000064249,0.000055983,265bc9e2ad96c289a6bf4baa167826c09291095a290cedb125694851d725b4aa
203,1764450473.8279393,0.000046456,0.000029875,0.000093453,0.000067104,0.000062385,0.000081932,0a765ed145712b4aa4321081f02ef115b26cd0533211b4324dbb1d7c620d593e
204,1764450473.8310878,0.000048920,0.000018545,0.000044682,0.000076040,0.000082383,0.000135620,0f02635a689e67a3b4320fa134b5c6a09a813bf6074cbadaa1b4a8591443cceb
205,1764450473.8335874,0.000043891,0.000024244,0.000030376,0.000039834,0.000042398,0.000055983,8bfa27682dacf63222b18673a9b0e94eb5625d008cad68125a42f8dfabd30e11
206,1764450473.8359466,0.000025437,0.000016110,0.000025377,0.000081190,0.000067635,0.000082593,545825cc4788638ee5d2bd24fe5ab9195f6b1d635627acdeb04cc06fbd59ff36
207,1764450473.837955,0.000024175,0.000016200,0.000042889,0.000046175,0.000045775,0.000059710,646e816b5f92632faa464aaeb85e3ecf0a1a59b77e704ef6938205a4fae0df29
208,1764450473.8397925,0.000028933,0.000018084,0.000031168,0.000039643,0.000034344,0.000045775,7a481306e0a8f4fcc4837a8f23543e2535807df8a84daedb59c632622f146789
209,1764450473.841655,0.000030146,0.000017051,0.000028122,0.000033151,0.000034073,0.000048941,9fb1063fd7b4ab38499ec53a04d229ae4d872098e620554198b35f690ba071e6
210,1764450473.8442752,0.000025106,0.000017422,0.000053929,0.000077563,0.000082242,0.000116124,086dd37b476f35d742ca0723b73624f7752dc8d3f46146cd9595d0b1c9b2ef07
211,1764450473.84785,0.000030817,0.000017603,0.000123768,0.000067825,0.000101949,0.000095216,367eff80fb425d5e906688b1cb3504d5718425f9a3eeb39f56c9aab5c43270d7
212,1764450473.8509219,0.000070891,0.000035275,0.000025737,0.000063397,0.000082963,0.000106045,78653416b2b68017dc83aca7ffa50600b90f65cff6d98eb23ddf99b3a61db554
213,1764450473.8535526,0.000025467,0.000015759,0.000046436,0.000049952,0.000069709,0.000060221,320514a64d0aa42ff60902434c23ac4325837def8845ec72b480bc0f616c6625
214,1764450473.8566418,0.000044212,0.000020047,0.000091789,0.000042048,0.000053168,0.000058488,e7391ef5ad5d91af9a394af22970952ba8ac63377bfedc37e3f2d294a31df842
215,1764450473.8602426,0.000045043,0.000023253,0.000061053,0.000051335,0.000090317,0.000077823,b8a430a546c8c734bc7a1bfa0c99e7c5242d2ad9555d89b12c53e9af1d6ba7ac
216,1764450473.8629498,0.000050243,0.000022362,0.000048850,0.000034503,0.000042127,0.000048299,a293bbe6e81ee640ca8f3077c8eb0c29a3964f830d186b2545836a87a5708ecb
217,1764450473.8669937,0.000040164,0.000023974,0.000067134,0.000077684,0.000104132,0.000120473,4f50221d9b7657a07ae01a3a137a83f9ad5bafd2e41fa1b4a228f2a17d184029
218,1764450473.8699841,0.000050603,0.000031779,0.000047277,0.000062726,0.000065461,0.000052767,653863131f5f239a9f99b89d8ef605a60f6bce004482e274f94e2233b3ee5d28
219,1764450473.873246,0.000039022,0.000019676,0.000062235,0.000079928,0.000085458,0.000134959,c9fe646431b2a0138159564ea7900aea759e2f62c94e0b9b88ca495fbbdb2e10
220,1764450473.8755934,0.000031017,0.000015909,0.000028813,0.000057035,0.000054099,0.000076451,7a5e536339f5cb92d9daf3134ad9b0f21988c694f01b1511abfac0e358483203
221,1764450473.8787482,0.000045434,0.000018834,0.000063748,0.000053599,0.000069248,0.000090157,f046a2e88ecaf9bb4803a26a0b76c33acc07e2e7b7a4dc743b5f6f705e1a4222
222,1764450473.8818946,0.000051615,0.000029014,0.000046466,0.000053699,0.000060202,0.000114411,0f49b539a03482296d9eae6c45737b8ddd24adb3fa30dcd3bdbec3a8877f63a1
223,1764450473.88432,0.000030947,0.000019125,0.000023434,0.000036798,0.000049432,0.000080579,7266f5349f18eb18a3d364a9f3abbf4dd6318f7520282b3e32e2eab4c931a198
224,1764450473.8867805,0.000025547,0.000016931,0.000041176,0.000058258,0.000057316,0.000090167,f8b0e5611a41d71d5b160f3c5d5a3f8937b08649dc32bc3387150841b8a6fb43
225,1764450473.8900115,0.000033091,0.000018835,0.000059480,0.000068266,0.000085808,0.000107648,9f8ce7ede7639cbf9b48dffa1626413dd33c48bbe6199e607d7083f45ca1e431
226,1764450473.8923059,0.000031628,0.000017443,0.000023283,0.000057757,0.000057186,0.000076842,d7f41201799cbbb08a6b4caf241d20d36c77ef6e7ff1fd348bdd2233dc7d567d
227,1764450473.8941064,0.000023494,0.000016350,0.000026709,0.000075509,0.000045023,0.000069608,75483f4ecf0f52f7889dd0bacbc9e1a7567d552f81ae271cb2b4275f08b0c01d
228,1764450473.8963387,0.000026940,0.000016701,0.000053539,0.000037659,0.000043571,0.000061804,b6d71d698721f80ffe3cc25f49c63f58b96bcb09a926a3c5e10a4102ee5909df
229,1764450473.8992858,0.000039112,0.000018254,0.000045604,0.000064650,0.000077543,0.000087231,1a972652fd9486c8ebc51157a94b093606024bb6768f6e94c976eba21c78ef78
230,1764450473.9020948,0.000027991,0.000016601,0.000030536,0.000064469,0.000068497,0.000074558,3a4ad818d82956ca12fae91953eead196575e5336e5c9b89525c698b3f598288
231,1764450473.9037466,0.000025036,0.000016330,0.000022832,0.000031068,0.000035115,0.000041827,fb35d3d6d35e1be5f32547ac62fe7a4b09249c0b19ff3226e2edb47f881bdfbf
232,1764450473.906099,0.000023413,0.000016831,0.000036097,0.000037650,0.000062195,0.000059931,3b8e145668f09099d4151ace9abb953a1d10b321234c8a28fadc53e7f1300764
233,1764450473.9088912,0.000029735,0.000031207,0.000027191,0.000079427,0.000083925,0.000132766,d2b70fc7a96d47cc6d8bc4e937528747c33bb180d04139bb9144c032d1a5ea11
234,1764450473.9109325,0.000024215,0.000015268,0.000051956,0.000038201,0.000072133,0.000040504,1cb1ea6689cbf01d381749c9c815cc28bb794a5bb8b3ad9e28cdb84ff4212dbe
235,1764450473.913237,0.000058839,0.000017873,0.000045454,0.000045694,0.000044863,0.000119701,caa2b8ea8352db23ac811fd0a5a9919cee0f0448c48701018ac5262b1067291b
236,1764450473.9153447,0.000029966,0.000018444,0.000030987,0.000040414,0.000051785,0.000073797,e9b8217ee9374dc0d7cc18fbc2ec0c9f478c0bad85dfc90fec4698a2f976b734
237,1764450473.9170964,0.000023754,0.000016240,0.000021590,0.000031478,0.000035746,0.000041186,c9b9f4e6dbb110270fee1a007a71f8b64e9ee50ceeabae18aa1734a109073034
238,1764450473.9194536,0.000025087,0.000016490,0.000031799,0.000060502,0.000058668,0.000102890,8ada782070103cb079b89501db7514bd5d4cda07f340f2c18e35df208da95ce4
239,1764450473.9229743,0.000052707,0.000034333,0.000080880,0.000057877,0.000072514,0.000095707,1b76870b486084279dec7f9a39e740efe1b018cf8476073cba87ccc4244c1cc2
240,1764450473.9249485,0.000038541,0.000020137,0.000022822,0.000033391,0.000035205,0.000047758,8949ab3df5715762091bd59b2103be9ddae8efbbe26f4ba48471ba7fb93976fe
241,1764450473.926817,0.000024856,0.000015969,0.000023153,0.000037289,0.000047688,0.000054932,f68ea0f2c11cb1a36a5c59b555e2b85fe1d7713488f7e75848810d04d0662910
242,1764450473.9280853,0.000022201,0.000015438,0.000019537,0.000024565,0.000022271,0.000034744,df64009c77859851e029ee8b536b1b8bc75feeb07304089b6d8b85a71a9536ff
243,1764450473.9299798,0.000020718,0.000014436,0.000028493,0.000051004,0.000042729,0.000072504,3f70d71acc58484ddd2e4995f6a0503064251a771342201fc8e8346f6069952f
244,1764450473.9326184,0.000028883,0.000017692,0.000061683,0.000042619,0.000056304,0.000077443,94b7ea7cf74516ad19d6f353cc85807756961f858c1e2d9d35813009fb3040dd
245,1764450473.935158,0.000033471,0.000018154,0.000027431,0.000064339,0.000065460,0.000081371,1754d5b46cf424ebb1517406240f7503afea20e2d5a1913d30de3a0d7c56088a
246,1764450473.9375737,0.000025136,0.000015769,0.000041707,0.000081501,0.000062085,0.000102930,2b0f965cc576ea8dfce2b254b927308f969900eaa8a02f9aef839c07417f6ab2
247,1764450473.940196,0.000029925,0.000020628,0.000041877,0.000109372,0.000078004,0.000069348,7e8d515300ff2e06f5b1ac4f072fbe0c18c0ecd807e2d6b16e5944af4fcbaab0
248,1764450473.9433212,0.000028814,0.000016801,0.000050873,0.000075840,0.000074958,0.000179381,19a30529568738426cbf564673870dcd4cd4fc8c0af61a885452c514b76f48f0
249,1764450473.946428,0.000039413,0.000020478,0.000062726,0.000070179,0.000089435,0.000114551,49579d9fcb23c3a850d8301d812b8a48721408a07854da01d04b3c69005711a4
250,1764450473.9493206,0.000044011,0.000020107,0.000048820,0.000062977,0.000095587,0.000089385,ae8f50571f337a9b48091d7dda770a6890c8c9b94e7df030987ab6d38e29f887
251,1764450473.95242,0.000054501,0.000023283,0.000024264,0.000071442,0.000085548,0.000107028,1a3aab162038c0429a2be9fe25c811dd9e998d0405790c202c3d19497afd13c6
252,1764450473.9546616,0.000023483,0.000015408,0.000034514,0.000055452,0.000060592,0.000106727,5f8e90845796bc19ea8ee225645a862985cf73fb12b68b11129368d06d912dd7
253,1764450473.9572506,0.000029985,0.000019196,0.000035446,0.000067725,0.000069188,0.000099854,61b8cf30012958ac89bd9040a3fb46367f2d94659e63941e20d1519a80886e3e
254,1764450473.9590774,0.000036818,0.000018584,0.000021049,0.000030917,0.000032981,0.000040515,0b11e4863dbc70196aa4b5db52756b83010c1745be367c23ac065c56da1303b0
255,1764450473.9618077,0.000022511,0.000015739,0.000099734,0.000056935,0.000052517,0.000104082,832537023035463b8ac7ad39ddd76630f74e96eabab2d2069c6ed3a790fff5e3
256,1764450473.9651086,0.000040034,0.000019576,0.000081821,0.000083534,0.000070159,0.000114231,21cd782506eb3c81036896becf2c47b356be2a21eff56014f80ccc6abdacc426
257,1764450473.967968,0.000038441,0.000019025,0.000026729,0.000087542,0.000092270,0.000142303,4e6eed0e17de7fa26846d3409410d4ec51d5c149f4ba5eff618099c872d233ee
258,1764450473.9699419,0.000025878,0.000017733,0.000020698,0.000049351,0.000043591,0.000068496,92a1d56247543c3a915c73d080ca8eed6e4f3d41614b873c85cb64c2b7a26d87
259,1764450473.9717176,0.000022822,0.000021029,0.000041547,0.000031358,0.000033532,0.000047107,89852228ed80604b0003d34d3722fa25db2bb620230fa6d103f8f8d73b81dfb5
260,1764450473.9741135,0.000028603,0.000017472,0.000026710,0.000064399,0.000081330,0.000094434,17f2d2fd873a47c7f696389ab53cc00736298cb9c79de9905d23f00c4fb9d525
261,1764450473.976271,0.000029345,0.000016690,0.000021961,0.000053889,0.000048059,0.000071672,fd6385295a4c0dd2925239910144045ffb1d243f31ad5c9c7abdc152b23ef4d0
262,1764450473.97838,0.000022201,0.000014747,0.000037559,0.000053830,0.000053369,0.000075930,8fea359afa44533347c459f3173dfab80006470a7f4abba230e36166ff42cb6f
263,1764450473.9808488,0.000028252,0.000015739,0.000039102,0.000051455,0.000060983,0.000056464,120f28eda843f3e10f4d84ab56e33a11afda27075f140e9bfe34cfd480ed349c
264,1764450473.9834363,0.000050944,0.000032500,0.000032239,0.000044903,0.000085678,0.000053339,1657dd1130c399f60687db1bdc6702cc2f36aa762f2b215fadf4597207ef10c5
265,1764450473.9856203,0.000029935,0.000017342,0.000035256,0.000037459,0.000044793,0.000051996,524ed2f2be3784b3819f1ce1aac68edbbf49f5c8f5b4145904270e111315fa9f
266,1764450473.988001,0.000048229,0.000030997,0.000027390,0.000035595,0.000038421,0.000061043,41667ab3f13d3c596d261caf55e230c9448e97f5b35b367a9fd80a67b5eeab3c
267,1764450473.9903584,0.000032359,0.000016410,0.000031999,0.000043119,0.000050574,0.000074698,3718e982fe78dc82bfa80fb6b094e70e15319f407ca4926d3c48a1b29014af5b
268,1764450473.9926374,0.000042849,0.000029805,0.000027821,0.000036528,0.000035275,0.000052046,da19128a8e9601ce2562e1dacecdec4fa9ba4e6d448fda01c0f7bce7858e7947
269,1764450473.995042,0.000028512,0.000022351,0.000040826,0.000067234,0.000066263,0.000085948,11846c4edd2535e7a7d6258f7d070020a3e278c48584a5cc1ab2ac41d045508c
270,1764450473.9980593,0.000029935,0.000016691,0.000034203,0.000057065,0.000054801,0.000134949,3fd50b5567649515fd9edfad0553e9bcd2382fba0ba29928d9cd7cfd909dcbe5
271,1764450474.0006585,0.000044462,0.000026359,0.000039423,0.000037489,0.000044332,0.000053729,947a35b507595b028e0fe619a11c01505b02fcbdf1865604e3487e50fed7e932
272,1764450474.0026553,0.000025828,0.000016831,0.000022782,0.000050753,0.000046325,0.000079226,3492657aacb16cb3923b5726591cc9f09da773e1b2db8c7e3fb54d62b624fda3
273,1764450474.0060837,0.000023424,0.000017542,0.000069949,0.000072233,0.000070149,0.000111065,4b60b878058383e1cac3e368685d66918d88b6f8bd65480db7b02767327f9e59
274,1764450474.0089962,0.000047798,0.000023754,0.000041927,0.000045294,0.000058578,0.000065742,4bce6562d3400e8736e16e874815b1d73341d6b0a1a2d02d4c8313effcfdc1d3
275,1764450474.011248,0.000036448,0.000017172,0.000024726,0.000031508,0.000036257,0.000045124,2f26c817e85bde0f4421aa3236ff4b319e83dfe6c2642cdf688509e4a47e13be
276,1764450474.0138035,0.000024485,0.000015819,0.000040965,0.000056685,0.000073055,0.000101938,f7a69a6ee1273db2b516167d027de3b8ef8badcdb6dc0940e285217333aff717
277,1764450474.0162609,0.000035545,0.000017642,0.000045635,0.000042138,0.000049071,0.000073015,3e5c5a5a161fc91130d567d6f0cbbe070d7e5165c76eaaa48ccf7cc87b68210c
278,1764450474.0182188,0.000040615,0.000024204,0.000029194,0.000030377,0.000030366,0.000044251,82bc6faa4485338502a04bdb737c3501e3e7844f2280387dccfcca0557199cde
279,1764450474.0203674,0.000022712,0.000015409,0.000040094,0.000055142,0.000049621,0.000075289,891da5808785e8ada06ed2260976eba3a7aa50b1edd0fcccaa3ec428cf12bb74
280,1764450474.0231726,0.000031438,0.000019116,0.000055934,0.000049923,0.000050904,0.000076041,eb80354ad9f3a196004aa163f8c5033470b6c9b04feae4f877d84e1a10b17c3c
281,1764450474.0249007,0.000031979,0.000016821,0.000021279,0.000031818,0.000034083,0.000042950,6018b9a04fafb603ce7900d3fbf27bcfc8e43ae41a8cd6d10ef865940a273303
282,1764450474.0266273,0.000027831,0.000021850,0.000061844,0.000026379,0.000026479,0.000038571,6f3c2b8a9e0b975ca0794b3374ced9bea791e3e36c76d36820b8f49fe98603d3
283,1764450474.028959,0.000032149,0.000017252,0.000031418,0.000059851,0.000062425,0.000079897,99993ad5cf205e76583667084e1a3c1b5bb814b062ba42e5860ae0dee2031228
284,1764450474.0309064,0.000031668,0.000017653,0.000034684,0.000033853,0.000038922,0.000054200,20baca48684519c11d96fc2dfa1b90359fb6ccbe72bba7a485b809138ca73657
285,1764450474.0330598,0.000025858,0.000016320,0.000027531,0.000046636,0.000047478,0.000059821,636fbc1c0fc4198779acb4cf818600f09152556c25244836df9203533884ed2e
286,1764450474.034711,0.000024476,0.000016340,0.000030967,0.000030145,0.000030466,0.000040846,0639493e7d823620888aaa1000ef85374bd7fc0d508aa869cf887ab3a682b4cb
287,1764450474.0371733,0.000026600,0.000015539,0.000044923,0.000059009,0.000069758,0.000082973,bdbf33051aca9499eecbcaa97a790efada6eb30f25428e69802b33c5a52f85a4
288,1764450474.039482,0.000033773,0.000018494,0.000049231,0.000039403,0.000045914,0.000077302,53f9ea5b3df054cc18f49485f3e575f92fdbeb4ca308e40509959551764b39b1
289,1764450474.0417993,0.000028262,0.000016150,0.000046736,0.000036017,0.000036197,0.000077113,0782b3bd54e690f619c20fbc2fafd6db8cbb58074bae7734ee51a4ccb4d3f09d
290,1764450474.0446262,0.000046025,0.000024205,0.000057065,0.000058598,0.000081300,0.000092481,5717de39b19e35b1a158fffc385fde9f6e4a40eb926e537aac2ac762176ee6bf
291,1764450474.048058,0.000041286,0.000018985,0.000093653,0.000069649,0.000098162,0.000109793,66756da987092c99bb751066d1c141e2e8549559bc83664ba038eae0a335dfed
292,1764450474.0518465,0.000070891,0.000049011,0.000044492,0.000074327,0.000095907,0.000113499,8a2fee760cfd22ee02cd5e9939b6f7160c6524537e079392e99e8138bbd2b4f5
293,1764450474.0546007,0.000030186,0.000020007,0.000024556,0.000060101,0.000066793,0.000075188,fbe475486a2956f96fc13934a71e87793204820888d58e598bde6176201a9663
294,1764450474.0571594,0.000023664,0.000015539,0.000072835,0.000054912,0.000051194,0.000085087,8d293b3729077ae92ff72639457f5aa49f681f90ff7a95730165a64f7cd0170e
295,1764450474.059801,0.000037689,0.000017452,0.000027401,0.000043670,0.000049150,0.000091048,453c9f6d543ad9f6b7bf7318969d071a801e998b226c679fdcddc58ea10cb296
296,1764450474.0622973,0.000026919,0.000029905,0.000023573,0.000052387,0.000045925,0.000075038,cfbacf1dc77d685f68967d19907695a1e52f9b848857fd09e2ec4027218a0251
297,1764450474.0651162,0.000022571,0.000017302,0.000055793,0.000062906,0.000082372,0.000122696,d44c2bb63a6e12f2374b49afdb613129ea01b2d6d9eee8ff97e1c673f72db957
298,1764450474.0673304,0.000034834,0.000018614,0.000040625,0.000039092,0.000042589,0.000049952,316add97bd0132c9a129b0017250b4b84458dec6505495f06d1c14c3cf38ab4c
299,1764450474.0694077,0.000033893,0.000020197,0.000021259,0.000036497,0.000041978,0.000054540,1e4576c7a43fec14711e9bb0580cc002fab3f4656d0eb33033d4f5d19b7164e6
300,1764450474.0720344,0.000025757,0.000019015,0.000053639,0.000060552,0.000063407,0.000097961,f1ef64bc773db8984bfc67f82c1624960c0b9c3f370d5ebcc3d4bcdb1d765de1
301,1764450474.0751016,0.000043761,0.000026669,0.000034133,0.000054631,0.000076822,0.000069027,a56bbd58335115f4797069568a298e7d9aa081fae0a847246b59c078a34021d4
302,1764450474.0778263,0.000026790,0.000015910,0.000026579,0.000058287,0.000057997,0.000100095,a9ded10a5f7c48b4aaf0f638b542045c13388b19e1682d0adcd12b85a027397e
303,1764450474.081389,0.000025547,0.000018845,0.000066883,0.000073085,0.000093773,0.000125852,a31c91ffce94d2fa42d6a7b4e447fd1c20a8b8dbcac9eda2cbca545a8a3f8652
304,1764450474.0842166,0.000050654,0.000026219,0.000025998,0.000064178,0.000085938,0.000089676,9d80a201b866f22ab7bd97d218bac42451a489d340e521086e21fa7b2518ea17
305,1764450474.0864341,0.000026449,0.000015649,0.000026379,0.000056203,0.000053569,0.000078275,e29d1e99abcec89eb643f2ffbb94cff4330dc0aa09d845351235b292294d4767
306,1764450474.0889807,0.000024275,0.000015659,0.000044301,0.000057586,0.000063818,0.000105645,cba7debf0a5988683d20971de2df841d2e2e1acf1d25bd9b41ba5f53df3c05bf
307,1764450474.0917957,0.000044082,0.000029875,0.000025998,0.000071061,0.000063357,0.000053588,5e29d82b21f4f3fa14a2c2d53db7d695e3388f42287a8f3ff15c38932dc9f1cf
308,1764450474.0937388,0.000024025,0.000015148,0.000028673,0.000034013,0.000039052,0.000044122,6925568074e4142a30b29be5186e4436812c1dfcefc933d0db7708a2b204dec5
309,1764450474.0970576,0.000038741,0.000023353,0.000084266,0.000052867,0.000068357,0.000099383,7e2120aea646246d50921b89ee0da4f161294a98f10277bd6970f4a38a0b1e52
310,1764450474.0999708,0.000039593,0.000017993,0.000055052,0.000047939,0.000061674,0.000071412,72d04e31f034d83acf2bfaf00d25fd9ba8dcc4ffca936cd7f2f4b932804a8426
311,1764450474.1024983,0.000035676,0.000016851,0.000033753,0.000077613,0.000091760,0.000118148,06e5fae5233449a0031ed9eff4d01619492afb7e5aee88c8900b48af5e10b14b
312,1764450474.1050708,0.000027351,0.000017282,0.000030126,0.000068838,0.000077994,0.000124419,0bb31722574acef40e241011b2eb2338546e9e937cce5e64d3302f7d42e09798
313,1764450474.1077223,0.000028072,0.000016591,0.000047738,0.000044061,0.000051966,0.000062806,3a688c7fa1022a14943678aa16952249bdce7f90ca28fc6c1251a6dc646e2d10
314,1764450474.1095045,0.000030366,0.000018093,0.000024946,0.000030556,0.000031067,0.000038280,670d888cf9a65a405485c3d15e5402ce7abaf40d4267e8d9ab4613589f18617f
315,1764450474.1117084,0.000025457,0.000015208,0.000033522,0.000057776,0.000055983,0.000079597,9773962fd05c2849c79da4098e530c7bd585c31c4fb38493e6b957fbb76cea7c
316,1764450474.114627,0.000026629,0.000016480,0.000063287,0.000070339,0.000090347,0.000129609,453675c1bab8888c2ad70be21fe4c97cd481900cd8294511d09c94a3a7c5a957
317,1764450474.1174152,0.000030397,0.000017733,0.000028503,0.000061313,0.000065240,0.000095166,27135dccdf3e0f5849fe84b470ba0d5bfa59b789688b3106929c313a32604d13
318,1764450474.1194406,0.000034874,0.000027892,0.000026459,0.000031488,0.000038732,0.000058959,16c76bcc1bb93e4c1463e3680c762e64520deacf689b9878f86dfadd5baa20a3
319,1764450474.1219795,0.000023584,0.000015449,0.000038561,0.000088172,0.000080759,0.000092571,bf22801590774c21918427f5a083291b5f68fa82f2d32971ad6d84d9847a7261
320,1764450474.124663,0.000040384,0.000018885,0.000058899,0.000043300,0.000052407,0.000075790,75d025a5d11da323dc2a57fbaf918f95b3f29e87aa3808ec4c14d7863b930520
321,1764450474.1274247,0.000040705,0.000020357,0.000035776,0.000053148,0.000050273,0.000100486,c44e56cc4009de442bdd3aa392069b292bf0c0d47bc1219f5ba5066b7af9e371
322,1764450474.1297083,0.000027470,0.000016631,0.000052787,0.000035226,0.000037118,0.000098802,499fe9062942dc0785c8c8768bcc8f0b2ae930b5d2c5b638127024ab5ef6fc82
323,1764450474.1328027,0.000031559,0.000019205,0.000039132,0.000051455,0.000065281,0.000088002,acebee137b9538d1e5f803261d7af33b399554d938d82e1409fafe3221c5db16
324,1764450474.134688,0.000027781,0.000016901,0.000033291,0.000032861,0.000036658,0.000043961,87a89cb8c20348f2126757d44b92f6a180ebabbdb2e104a655948acce840fec4
325,1764450474.1373534,0.000025106,0.000015889,0.000093132,0.000052146,0.000033753,0.000050123,796313fe323d79496e39bf02b4cf1ca9d9b1c1301d94e40ad13bd003b1569768
326,1764450474.1410966,0.000044342,0.000021320,0.000058769,0.000075569,0.000090978,0.000128487,243a6126275de9de8b4fef7734e2e127dd53827a7a7dbcfa79c69389617dcaec
327,1764450474.1439857,0.000036818,0.000018124,0.000056494,0.000050453,0.000060402,0.000084566,786a0a8ee9a8c6e39efe6c0bd4a122aea8e379b3077e94db8a8112ffa0d43efc
328,1764450474.146902,0.000047768,0.000030787,0.000030626,0.000066373,0.000084917,0.000055312,ed9e5c85a15c0233ecb022b163c5a2bd914c71d34f483f671062cfd2886de659
329,1764450474.150012,0.000032991,0.000027161,0.000058888,0.000067354,0.000075971,0.000126714,e1d175e919299a78069fe6be981b790c0bf703e080ab55a1f3b94682c571d0d1
330,1764450474.1526556,0.000052156,0.000031368,0.000025307,0.000032029,0.000037689,0.000050483,326774f9c1729872204f2a253e0edb99fafddd980245b7bfdd7b3ca9de330914
331,1764450474.1550655,0.000023634,0.000015178,0.000041897,0.000065601,0.000069919,0.000116755,836ebe6c240c1d66a354a0337921fc222d6e39f70470f05b543ee7bbcbae029e
332,1764450474.157796,0.000033872,0.000021329,0.000029264,0.000051756,0.000064258,0.000097049,302559597de02a447155f81f9189a51af4fd0c0c083770ad784ee4edf7cb537d
333,1764450474.1599536,0.000025377,0.000017011,0.000023603,0.000084656,0.000046335,0.000071582,808ddd23d346e7cb50e90b5e9bf18499101b2242b3846a11de9a3121ab1d239c
334,1764450474.163642,0.000029535,0.000073015,0.000058087,0.000067044,0.000062285,0.000135410,dc7e62124c3c20e24c9448331bc03d2cfb969716ceb0d9c263e9ecdab2bd9bb0
335,1764450474.1665814,0.000042138,0.000018975,0.000052897,0.000037389,0.000044342,0.000083033,d9657b4df61ce14dec9880022e53c7a98bbffcf1e59f7e7ef35976a47fe173b0
336,1764450474.169045,0.000044883,0.000019326,0.000024094,0.000056835,0.000056455,0.000077814,d87b87ffbc6b8a9d5ebabeab30ce291df3cccc1d33b55e8a5d89d44440a69a41
337,1764450474.1706748,0.000025828,0.000015860,0.000024997,0.000026649,0.000025647,0.000037249,3169df341de4beb47526c901288506bb42a22c55eca5fd05cd58bf4d529abc71
338,1764450474.1731765,0.000029384,0.000018694,0.000058288,0.000049101,0.000059720,0.000083624,574ada6973d5deb3825e981402a0ef85108a8104c7664ef0a6cb36624b058701
339,1764450474.1759825,0.000060492,0.000026349,0.000034725,0.000039443,0.000043821,0.000077112,b81535e24188d880b64012c3ad57ba45b5f5934e7b9ff3e91afec6de7ad82874
340,1764450474.1781645,0.000037089,0.000017211,0.000035315,0.000044442,0.000041567,0.000045504,a85aab5b22b3e69cb15e26257027b4aab4c599ce403e3477984e93382c235f74
341,1764450474.182017,0.000054961,0.000032720,0.000055422,0.000048771,0.000056685,0.000108239,6d73e56b13b19bba851d95402cd9c4ed3e90ef9aa90c598ce3f4354f0dd34b33
342,1764450474.1842873,0.000035416,0.000018324,0.000036007,0.000038952,0.000044762,0.000053599,a84ccc51113659213c4cf96919edf3e63b9abfb66a74b37de34cdef54eaa9ad5
343,1764450474.1873002,0.000061363,0.000017502,0.000101748,0.000061063,0.000060933,0.000097831,7eaf23748ebf0cb1c10dc3d235503f5efa48db7dab21082a1c0193f4b74eee6c
344,1764450474.1907227,0.000050062,0.000021670,0.000070720,0.000049882,0.000058488,0.000061904,b5eb867de059f6a898e02d2e76557123bfcbbfed4e123ba9de8f9a5ee7ec08d2
345,1764450474.1934419,0.000033932,0.000018224,0.000033872,0.000087272,0.000104833,0.000128617,783314d45b9b291daaa8dd8bd8a665b23707a2229d820faca0bfd758acc1c520
346,1764450474.195628,0.000027702,0.000016260,0.000027290,0.000053299,0.000057627,0.000075019,dd5450cb150ee30089aadc514be1ec157040e7879818a8b9ac5fae1fd06f50cb
347,1764450474.1991956,0.000045895,0.000032310,0.000076251,0.000050513,0.000088202,0.000090887,362e73fec61480e64e55caa1e088b664ab97e1776af064fb26e6ea9d3df42cdd
348,1764450474.2014577,0.000036838,0.000017663,0.000024576,0.000040244,0.000053809,0.000062766,8ae71c049f2705a1d604a4199970e446ddab77b3e9c69de0f4fbb9ae48d333fd
349,1764450474.2048464,0.000022301,0.000016100,0.000071222,0.000035605,0.000049361,0.000069839,0a886316053af8be89ee38c79e29d54eb6fb24c825cb0730839adaeda5368212
350,1764450474.2084475,0.000042368,0.000020398,0.000048249,0.000108050,0.000206671,0.000132815,ad6c7b381182539213955d6b1b0f4cb125fe9cdbad4a6d724d89af0774159147
351,1764450474.211305,0.000028483,0.000018885,0.000040465,0.000058899,0.000061594,0.000092701,0988e20e4753d4d5a7cff6dd3588383994e75564def19c052fdbd302607924d2
352,1764450474.2139635,0.000041928,0.000029695,0.000045233,0.000038842,0.000043620,0.000072274,63d34d85bbe87e1f705ffb63646ffd7b11cb8417a3e025c7f2b8fc3cef7c2de6
353,1764450474.216314,0.000039703,0.000016871,0.000043530,0.000041787,0.000048329,0.000059519,478e6fed4fe08f85c995b7e48d15dbfcaf6a23e426c9652f606aa4af7da7681c
354,1764450474.218114,0.000033762,0.000017552,0.000021379,0.000032480,0.000036798,0.000052386,2f60650e7da7d1bca0aa3f8de02911bd0ced4f8b80ae789d40834223e4f5a927
355,1764450474.220073,0.000021780,0.000017563,0.000032350,0.000051976,0.000049421,0.000072534,b4887ed4c56e68bef67dab1ba29f17ee123e47fa909b2e6c87d1b7f57dbe50fb
356,1764450474.2229962,0.000029845,0.000017453,0.000046987,0.000059660,0.000072845,0.000082643,a15c926a7ae11e7acd0e139aa4287b439a70d32244cbf836023eaa023d1111ab
357,1764450474.2251568,0.000034865,0.000019847,0.000027511,0.000033272,0.000039884,0.000054441,7ff8bf7c6a44ba32b4d918b5f71332e13a8ef40e9926b3af795f130edf1ba1cf
358,1764450474.2269988,0.000027030,0.000016531,0.000026348,0.000038070,0.000048630,0.000058368,a048ac33471f203e22bdcdba3794d933a61cadabc6717a30ab89a2414aa47913
359,1764450474.2295363,0.000034324,0.000021249,0.000048510,0.000042178,0.000056915,0.000081601,02df5e183f1956fa64e84b61ad5d898a140f0fccdb8c6d4c5c5dee29af3760e8
360,1764450474.2324822,0.000031227,0.000018183,0.000050704,0.000061955,0.000102219,0.000105174,4e1ac75481920f9626815d63c79e16d6245c045e5d7663d69fb88e1aebbf38cd
361,1764450474.234372,0.000027751,0.000017101,0.000024165,0.000032019,0.000033472,0.000047538,697f76b01729a1951e21dfa810ef5e6a347cb54791b3a42a74fc27d040b62abb
362,1764450474.236118,0.000024676,0.000015529,0.000021309,0.000031778,0.000030025,0.000051645,15bbd6f696de164206a48a504fd7249183c9bcd4e7caab37c154a335084f05d1
363,1764450474.2382927,0.000022251,0.000014597,0.000031548,0.000058708,0.000059761,0.000085288,8b703b722e5570c6a7da473a19c3c0c4c2f0039d00d260df524218311bcc15b5
364,1764450474.2409317,0.000027250,0.000015689,0.000043420,0.000053298,0.000060271,0.000067264,d423aae4b5b2321551d2f01b8e0c19c8638851ddaf34e476688f195f436f89aa
365,1764450474.2433238,0.000033572,0.000019105,0.000031348,0.000057597,0.000053098,0.000081781,c591568d5cb41b2c5d5fddd021cb557227e4029d8ed40b9716892019a87ac4d5
366,1764450474.2467463,0.000026188,0.000017122,0.000083123,0.000046185,0.000087992,0.000095206,e5e1f30daee2a1f0cee8cfb318a1f3c126e862a6dae60604bb16d4de77da0ec8
367,1764450474.2502208,0.000070670,0.000051205,0.000042128,0.000080538,0.000125021,0.000116946,adebfb4741ef621879d3490fb384d11c10457e38a13736e4c9a13fee5d96d26f
368,1764450474.2534115,0.000036247,0.000026409,0.000050924,0.000070650,0.000101407,0.000120813,6459dcb200db031f556b330fd4bba1219bc4fa86d827665d91b95fcc8f93dba3
369,1764450474.25617,0.000032310,0.000019116,0.000032229,0.000081721,0.000086008,0.000094354,13aeac17a83381dde4f429d13e6e30d2fe360919a91ae72c4d953befe6b06b14
370,1764450474.2594335,0.000029024,0.000017452,0.000053869,0.000072955,0.000086289,0.000117847,8208cb9af1d52e0de55bdaba4f249154280a195bea84c23cb1c6f37cce9e9977
371,1764450474.2617984,0.000048790,0.000032890,0.000022802,0.000031759,0.000037880,0.000051485,8c4eab007f226d2c5f14395d05c39f4674295ec4cbd0a4063fbc28e6491c9c99
372,1764450474.2637818,0.000024966,0.000016380,0.000044442,0.000035605,0.000041737,0.000057957,ecc68eda27545b919840dddaf950723363237f7e913987a6479a9f7a4b187888
373,1764450474.2666528,0.000038771,0.000018574,0.000045915,0.000050053,0.000068697,0.000079116,c56d80a0c7380b202d069eac8456c9f14bef5344d3cf323dfd75cd8615f3defb
374,1764450474.2688358,0.000028001,0.000016551,0.000023754,0.000062064,0.000064780,0.000084596,34e34af000690528113bac297d1673fa8695666da076044625785306706ed599
375,1764450474.271043,0.000023113,0.000015949,0.000038301,0.000070640,0.000063317,0.000083123,e6e429d6377d4de216004bda3d4721fa0d23e9c29b2f1a224199391acfe2ebe9
376,1764450474.2740626,0.000032480,0.000026508,0.000065380,0.000062896,0.000068977,0.000121545,ad0e26d9180ae2eb809fdde60947f0dab536f257f638578e10cd3a454540ae24
377,1764450474.2763467,0.000037560,0.000024185,0.000044212,0.000036377,0.000039272,0.000049331,2dc544e55480332ce4934a2d41f455068385aa8ae3603ff0957a44dd8b9a400b
378,1764450474.2798202,0.000040524,0.000018103,0.000123338,0.000076281,0.000060181,0.000098051,cb020404155d0182e1f4f6793245df12044a50af2580321dc1a1f4f72bf92fd4
379,1764450474.2842727,0.000074949,0.000030126,0.000077693,0.000049161,0.000063778,0.000105404,706f595680f6f925009c4587ba71ba7b5ca893e8ba3d4c9b8a9af19db2397bfb
380,1764450474.2866218,0.000033191,0.000017602,0.000026629,0.000061283,0.000062305,0.000085267,a9e566902111e8f79edce5e3baf34e4ab2e9b4cedd573fcbc10983beaaa2a5db
381,1764450474.28971,0.000043681,0.000029765,0.000072974,0.000049591,0.000077332,0.000064980,a82fa7e45756465c1393b0044785ebc74037a3e6e0dc0d33a7e697a5ff95d2b6
382,1764450474.2921817,0.000043330,0.000021098,0.000030226,0.000058599,0.000058839,0.000050082,e93cab855af91a07a17a2d727a1a3de458cfc887f6c478ba36a0493b738f982c
383,1764450474.2938948,0.000029825,0.000017342,0.000021760,0.000029795,0.000031698,0.000045945,0fc01e203571056cee3ea7ce19fac30872e8ac3c1cc02838f2e709d05ad28d67
384,1764450474.2960238,0.000027480,0.000016169,0.000041857,0.000037369,0.000043470,0.000060412,767d291e9368f18bf80c45c096750a873f2432beed1b858af956da30028bde00
385,1764450474.298469,0.000041436,0.000021199,0.000035205,0.000052427,0.000068387,0.000088593,6c1c62dd59503908f6cce11b0f2d5924726802b705e7ea3df949af70c80b358f
386,1764450474.3005505,0.000028753,0.000016169,0.000030907,0.000031268,0.000036277,0.000045815,3d247a431eefb0665a5cb7d2163e6bbd374d36d976f96bed971d8c4a4317ddf8
387,1764450474.3024178,0.000026248,0.000016341,0.000023042,0.000033071,0.000036838,0.000044312,2e120573775b96c47fb5eb7a9ac234e85275992305e3b92ca1d6bfe998e21da1
388,1764450474.304345,0.000022261,0.000015057,0.000027121,0.000036979,0.000039322,0.000067865,ee19c9edeb7a115c83af97736c3590d3c8d447049db3f0526bb04dc43db9b275
389,1764450474.306745,0.000025768,0.000029033,0.000092450,0.000036788,0.000037770,0.000048399,f08eb644a1a4ea7903fb7085825f498359f19f84f186cd8c1facc5e7153cc3a5
390,1764450474.3093655,0.000050153,0.000021520,0.000032169,0.000059721,0.000056965,0.000105004,12814a1c93fb7321d2861e10859ab2792ef19be942837ba61c128863362718aa
391,1764450474.3114507,0.000026309,0.000017041,0.000028102,0.000058387,0.000057176,0.000071421,e7b7c6a3ecd7ee89bc616f660c4a62715c5847c67f3c47c9c4f9499b3d9c8db9
392,1764450474.3151643,0.000029264,0.000024385,0.000075510,0.000082422,0.000118789,0.000140039,f7bdfc026bc208a36120dba9455f79ec4ba9b18bb65fe371cc291674ddc71536
393,1764450474.317857,0.000045294,0.000018864,0.000042318,0.000037058,0.000044983,0.000083133,1f367513c8bcd0245d343f59e4483d7aa167d35f1dfd8572ed9caa62ff8caa2f
394,1764450474.3206754,0.000042639,0.000026649,0.000025327,0.000058908,0.000059600,0.000085578,bcc495ff95a10f40842ef8baefc377331a70ffc004cd46672beb324c905bd211
395,1764450474.3235216,0.000030055,0.000024375,0.000044773,0.000062846,0.000064740,0.000098782,1d307493c80033a137560bd026f527b0624ea10328be7fe4dade86a238d3c592
396,1764450474.3252416,0.000030236,0.000016701,0.000021078,0.000034153,0.000035265,0.000044482,de0639c937f2850bf694e74b47bff62a15bc2926078fdd20992cfe79de8ab90e
397,1764450474.3274014,0.000027100,0.000018394,0.000022943,0.000056965,0.000055553,0.000077594,d1d0b13f28b983f0ccd94ab4c1fbc53c9eb03489d0c76c0259c1c3b3bb04764a
398,1764450474.329026,0.000021810,0.000015378,0.000029925,0.000027591,0.000028883,0.000038330,5762adacbbd24d53221ff710335a64f7e980e31942dc2889e849e7daf09fbbee
399,1764450474.3314526,0.000024395,0.000016240,0.000047358,0.000058218,0.000077172,0.000090277,4a1bf7f8c9db14bb755410d93a62bba3d8f50b7cc1dea35eabdeabb9cd70cdda
400,1764450474.3337636,0.000038731,0.000018654,0.000026268,0.000054641,0.000052457,0.000076481,f395c0a069666486d7e8fe27dee0ca082938d2f32be8695dc2ac1875cc73e618
401,1764450474.3359232,0.000024035,0.000015960,0.000023233,0.000053890,0.000047829,0.000071992,d4ed29972c14a4b79f1e5ff8134aa2f06ea55702b8bdced18d159157efce2770
402,1764450474.3393264,0.000024275,0.000015067,0.000107619,0.000077713,0.000085719,0.000121544,e32122a5de34b9c2865c840a899687fca0d095f728df9026a6db75f4fd065f97
403,1764450474.3421996,0.000050473,0.000020518,0.000038531,0.000044052,0.000046826,0.000071883,45cccedbecf61e981443571590ec7e6826d47162f24d71e85df012b5a236eb19
404,1764450474.3447006,0.000026960,0.000015719,0.000044452,0.000060562,0.000061574,0.000081060,24b253c813861a3fd535856d48d9b4737f4f9c0c114fae27a8c2bf3774fe58f8
405,1764450474.3487117,0.000059851,0.000024135,0.000086159,0.000092360,0.000090147,0.000116244,522102718e209150451bb9328f39a70441b9db7b9838de42962a567166328f84
406,1764450474.3521898,0.000040294,0.000023885,0.000030757,0.000092631,0.000133186,0.000103391,0c21202de802c75ff6d5c8d4130f55e5d0f65a6bae7413b557b7f81bd5776260
407,1764450474.3553298,0.000027311,0.000016421,0.000089585,0.000086820,0.000103211,0.000133306,b98b49e343c2e4a43654a137221c664eb15fbd04ad929abd0886bfe9c917d910
408,1764450474.3588035,0.000054681,0.000032760,0.000049221,0.000058789,0.000079576,0.000105514,235fff0f971a10649cfeb06a15798a5479ea31220beb1fc0d489738778c43618
409,1764450474.3617258,0.000045434,0.000038311,0.000030205,0.000070941,0.000089515,0.000092611,02e61a504b5c3b9dfb9b499882adb5d85aca4b0343d02236b224fcff5c578eb7
410,1764450474.3650393,0.000033803,0.000020788,0.000091018,0.000064348,0.000077282,0.000138015,10bef55e02ac1ef11c0aa64f6a213fd1610f8f2e738abb817e2e935b5b13328d
411,1764450474.3681934,0.000039654,0.000019245,0.000038351,0.000124239,0.000148624,0.000135741,3b7da203e5344caca45074b097f84894442bdb074b39bd6dcf7502f597e714a4
412,1764450474.3704617,0.000029394,0.000016621,0.000030466,0.000055753,0.000050484,0.000072373,59fb8d70488eab251c395733296946a7ba4835cc1865029d5ec5f1d3c4d0bc46
413,1764450474.3740995,0.000031578,0.000018754,0.000062786,0.000070260,0.000069288,0.000132575,27b1ee22d1961a3d809f78aba4b2e803c52dd496bb3a3f7b58ffa7cd5e441cbe
414,1764450474.3766267,0.000040585,0.000019396,0.000027811,0.000057907,0.000061263,0.000081130,e5f21e47ea6ccb5f2807615a4072a3c1419e0584bd32f4b1f3cc0793bf8e7b59
415,1764450474.380105,0.000043520,0.000029505,0.000101798,0.000075419,0.000067404,0.000113950,c36edc96395d66e7994a67031aaab409c00fad8bb338bf3a6b40cd6429bca39d
416,1764450474.3832533,0.000055633,0.000050934,0.000031328,0.000064308,0.000076912,0.000090487,c5fc5785b1722978e19e3ab9ee845dd94f44fb769c92d830a6e5fa1686d8b86a
417,1764450474.3861995,0.000026689,0.000016410,0.000042568,0.000116525,0.000105544,0.000114011,1591d12a99e94f9723a68935b0cd8a2b337c3faa2c4dfc947df356424b9228c7
418,1764450474.3885741,0.000031237,0.000017853,0.000042669,0.000044773,0.000051295,0.000078735,698844192f5f953121dedf5d090a73267c53cbef312c294190454956924e8377
419,1764450474.3912945,0.000032991,0.000018144,0.000049652,0.000063337,0.000089715,0.000082973,7908a589fcd829034b88c8c6a0239130d2d3c3e1d6e553627d840149fdaa6873
420,1764450474.3936694,0.000051245,0.000031609,0.000023433,0.000032099,0.000032500,0.000052126,134ab01bff901e0bd1992271448d34e892f64e59fe8a7d2575aff803bb79ed40
421,1764450474.3956032,0.000024765,0.000016621,0.000024304,0.000049060,0.000042428,0.000068376,36f7ff1841ab155c75a8b07913d4b51736f26a8da1e1d8db6f7efddd4098e7aa
422,1764450474.398299,0.000024365,0.000019886,0.000072684,0.000061143,0.000076732,0.000112658,e4b970852efd74ce46d6c985001f82a5a261d4a27191c7f1ae61ad8df7a1e917
423,1764450474.4012291,0.000042849,0.000020999,0.000029825,0.000079517,0.000087211,0.000102058,6a9219cd33fd9f59c72a1baa9860ec58c6ae9aa6e4009f320c5e4fd069d75de6
424,1764450474.4028034,0.000025687,0.000015709,0.000019886,0.000030897,0.000033031,0.000040084,84e134e79d1aee98b358475e8babc67ba17a54359bb65ac249b2b7ccd4c9951c
425,1764450474.4052668,0.000026098,0.000015248,0.000036478,0.000066643,0.000047668,0.000069970,fed9a15cdd971c126aded81cc4151833ad01937c66e767607a01cd4ff34ce48e
426,1764450474.4081626,0.000039884,0.000019937,0.000064058,0.000065241,0.000074468,0.000106507,442399fd47587072598afbf4f5229d07a4e9e934989d392008781ca162868cc5
427,1764450474.4112985,0.000047648,0.000031078,0.000034224,0.000043420,0.000050303,0.000069118,be49f92d62d0382651ced7c8f2c7a4f8f50342422aea34e636c61f27a841dd97
428,1764450474.4150493,0.000026128,0.000016119,0.000084736,0.000070671,0.000093573,0.000086991,203e61bc79ab9e78a8a62279ca48afd31ca466d08fd0cf14f3ce631be78853a1
429,1764450474.418127,0.000054190,0.000022492,0.000033402,0.000047929,0.000054130,0.000073906,9e53f989e463654f1ef2327845f81b302fcb7a712a793bac47a3ac58da9d5bd6
430,1764450474.4210088,0.000029675,0.000016621,0.000097680,0.000061424,0.000062065,0.000084256,892337533852c86f075c30c0a5cb7fd5ad49ba682f4d5600f844570d21ff5d70
431,1764450474.4246545,0.000066904,0.000023904,0.000059791,0.000073476,0.000104954,0.000136332,67a0e16d2eec54e47f8d9ce5f7bbabc4f59757e912fddb3da44821068546e8d0
432,1764450474.4271896,0.000033502,0.000024295,0.000038050,0.000046326,0.000056384,0.000058498,2627af2659595167c9dfbdf45651b05df839f11e83f2979bbee4d72ceacc753e
433,1764450474.4305108,0.000035465,0.000020237,0.000059140,0.000072043,0.000091048,0.000112057,f649a3d29497669204168000beb73c0739eb58c0bac9dcc587e9539afb9e4227
434,1764450474.4330478,0.000049061,0.000024496,0.000031628,0.000040455,0.000048419,0.000056094,7656b511e7c16dea7045fddbd6cec96afc8721fc90876674274f676dbb54bc34
435,1764450474.4357753,0.000025938,0.000015919,0.000045795,0.000095076,0.000064169,0.000090366,d79f3cc424e24a827d4f74992fc39d77dd20cecf9e8efd00b39b07cf8543e8b6
436,1764450474.438237,0.000042939,0.000030046,0.000026008,0.000048700,0.000093042,0.000057847,a9c7efa462eecb665176937917850d826b157058127ada69faf8990bcd6807f7
437,1764450474.4412012,0.000026659,0.000016320,0.000070019,0.000086269,0.000096468,0.000146841,ce4e07e6e8ecd45467345df8680f51e47d24f30c396f07b65c049629a987ed9b
438,1764450474.4437683,0.000042549,0.000018925,0.000025687,0.000060101,0.000057497,0.000083293,e5a0f77fb7fc53061230563dca7ca12186dcd7ef38c0ec1c0cbe3c3941494b32
439,1764450474.4458225,0.000024826,0.000015418,0.000032941,0.000039683,0.000037729,0.000043230,d17c65b45cce49e5f5e2e278a1e8d0bbe1ce4722c3e780abd707a567918dab85
440,1764450474.4485373,0.000027731,0.000017492,0.000075229,0.000045344,0.000068497,0.000064980,1a91ab0a40a6583224f2c4b79183e37cf0c151fd169f2fbdf1ab330adf3f66f5
441,1764450474.4506202,0.000031137,0.000017382,0.000027761,0.000036628,0.000041256,0.000048499,fba5602547544b2f7d1ed39a54d29b120a495504e7baeb502bfe8004122116b9
442,1764450474.4532874,0.000025096,0.000015509,0.000028072,0.000051164,0.000081360,0.000093092,b9afb728477c2ed8e19d8363304d0618b7bf5e739fa06e33f16d342fb77571c0
443,1764450474.4564736,0.000027932,0.000016320,0.000058157,0.000060442,0.000061764,0.000084566,fc335d8a934f2e13c6b17678b782294bc9c5f7a83cc94a2163887d367e206a25
444,1764450474.4582934,0.000029024,0.000016651,0.000023393,0.000032590,0.000033502,0.000043220,1c77a0e78fd2b6634956d29ca53a1cca124e3d58d6a47e9061fd6c93a7c87f71
445,1764450474.4607236,0.000021810,0.000015579,0.000063888,0.000057927,0.000054651,0.000102189,9e70f9062160cf70b3ec72e859e18e1e3f0a0527a2be0e7a6e43c4114bff6939
446,1764450474.463301,0.000031528,0.000017212,0.000047818,0.000048159,0.000056695,0.000072674,460deba852705109819432216512f2e46807eaffc800c6566cf958c7f2984a76
447,1764450474.4664862,0.000039473,0.000021349,0.000037049,0.000058158,0.000075499,0.000098151,2c3b101f349d3319ea0c02989f83a5945ddc48f3feaf2182876b267c8dbb6253
448,1764450474.4685066,0.000027020,0.000015719,0.000023283,0.000033622,0.000043310,0.000041156,12243fe9708ff9cb22903fb755a7b4c93af10d86a94b9187edf2bf292f266463
449,1764450474.470231,0.000024285,0.000015388,0.000022672,0.000037229,0.000034554,0.000052397,d0146dbd387007cb1709f590084ff8ec53129662e419d87abe75c9ffb71956e5
450,1764450474.47257,0.000025497,0.000016841,0.000048489,0.000039703,0.000046997,0.000064288,4816194d34625c6300a6e88c68a5922e69f1eda7bd582953326e91b2a47f8255
451,1764450474.4752731,0.000042098,0.000028914,0.000032640,0.000050323,0.000063107,0.000065651,0f165e5779bbed24f1eedd3db7b43d5d1b5f6063ba1ea90d09be23d465dc5596
452,1764450474.4777167,0.000026128,0.000016250,0.000035566,0.000055483,0.000042909,0.000075861,8a89b512b014ab6f241f36cd1b100255cc7d191bead12d56eb30917fbc05678d
453,1764450474.480412,0.000024635,0.000015969,0.000058217,0.000079256,0.000067044,0.000077192,2fa67063a9c8f954c2fdeb5d3aaa24b5b9fc277162a351e2470facac24ca832f
454,1764450474.483494,0.000042359,0.000018374,0.000056545,0.000040505,0.000032359,0.000074948,992330471acc7a4309ef0e9cdc33f4e611a590f0a0b0df6297108f21267fb17a
455,1764450474.4852052,0.000027972,0.000017643,0.000023554,0.000030446,0.000027010,0.000046906,71bf9904604bdcce18a5fea27f6333cb0d7269dfc3b18f0d5265f7b639140079
456,1764450474.4866219,0.000021479,0.000014757,0.000021490,0.000024506,0.000021199,0.000034734,ab20d112e4c39739ddbdfd09661c7499041ffc53640d138b85d9f663d913fe60
457,1764450474.4885747,0.000021089,0.000014527,0.000059300,0.000038321,0.000036057,0.000057025,c58fb599491e744ab567b042d03009ee69ca1f5e93f0c257e6d57a75bc717ed6
458,1764450474.4911933,0.000044543,0.000030156,0.000045864,0.000050182,0.000055592,0.000057607,3d25b74f887e5605a700fb022514a3553afcad6799e24431f9b128f6aece7ec3
459,1764450474.4932106,0.000025136,0.000015739,0.000043220,0.000034283,0.000037980,0.000043760,397818de6fb9ac84a5395430045ea2e0d71ccacbbc906f06f27151a691aeffbe
460,1764450474.4952507,0.000028492,0.000019926,0.000025277,0.000043791,0.000049642,0.000047748,c34be3bbbcce1cd96c525fe325ffbee5bb3ab855efb44b2ed174456e253f6a06
461,1764450474.4968047,0.000025657,0.000016460,0.000021469,0.000028462,0.000030116,0.000046546,7a7c799dd78293cb8c9ed2ae4ad201e9774524f899bb1d419b963e6f91e2c3f6
462,1764450474.4988678,0.000035195,0.000021119,0.000034253,0.000045143,0.000053920,0.000093883,499dd4530f3d72ac183a067533311588eaeb595e43d3362a6b7bb897609c2f72
463,1764450474.5009801,0.000027711,0.000017793,0.000022442,0.000034664,0.000033361,0.000045634,373f63e3c36fa30a56cb5f3ec7a26b2539ab44b3c4137a6a65140a0c33b7ae17
464,1764450474.5033798,0.000024164,0.000033542,0.000065701,0.000053018,0.000047187,0.000077643,93c7a90008a1ac7db5e809e2ad69ddbfa8e232be2f3ee79dfd160efdc481bb4f
465,1764450474.5058353,0.000026529,0.000016410,0.000068998,0.000038140,0.000042158,0.000051906,6b352d05832f9afbcb6cd071a6f76a35589dc0c47772a56621c05702a7fcb3eb
466,1764450474.508431,0.000041066,0.000019677,0.000028152,0.000055492,0.000071593,0.000091379,5d1f1aa2910bbf769e07fe129e7c425676bd309a1fb7f0d8341d4f14d55653b0
467,1764450474.5105467,0.000026288,0.000015739,0.000028272,0.000032971,0.000036858,0.000044042,160449a0da5588a4cd1ce3eeb214baf866d21c95884676799455d9efee47c9f2
468,1764450474.512018,0.000023594,0.000015399,0.000023904,0.000027561,0.000026860,0.000037770,628add2ca5af9795437969c7ff55754ac60fccde620b0cc3cee5dc24cd824eaa
469,1764450474.5144362,0.000030666,0.000015298,0.000042098,0.000063407,0.000068838,0.000096648,6c0565bfc3ded356384907ce35c6159df51fe6e729dc675b7b4cc59e1ead5c4a
470,1764450474.516995,0.000035125,0.000022371,0.000031568,0.000067174,0.000054541,0.000078384,1d5c8d76618b8efa012d7112695547d22482240431b11c5fb2ee3b5de22cfd06
471,1764450474.5188746,0.000025016,0.000017001,0.000036347,0.000038231,0.000034604,0.000043440,320310a17da4daf8fbce093b1995bd8134e3c769b271bc40f15fa017ca13c3ea
472,1764450474.5206919,0.000026048,0.000016050,0.000030025,0.000072113,0.000030096,0.000042498,20c0d786913328200366a9eebc5b6e173e4761f0015b29d1ca6fc2119eef1e88
473,1764450474.522722,0.000034523,0.000026940,0.000041968,0.000032851,0.000037229,0.000046867,b4bb3bf8235e39afa6c5bb149a4ec5c1276f2b41a29b9a9e5357c1c851c9e9f5
474,1764450474.5261137,0.000033242,0.000017803,0.000061353,0.000108400,0.000118880,0.000161588,99a81b1bf6cd520b95d428c0a263c74d6b438351519d8766db82fc017f9856da
475,1764450474.5282252,0.000032249,0.000016680,0.000023994,0.000035436,0.000033622,0.000049361,6bff993a6ccd9cde80b219b96d0d3a0065ac702c567a4106a85b8a7616b9e6ec
476,1764450474.5307937,0.000024646,0.000015208,0.000063477,0.000066943,0.000060832,0.000091669,45f44aef3588ee9153c5c499aeea11bd3a646c974f73a154244ab5b779deacc4
477,1764450474.5337605,0.000062215,0.000031799,0.000039744,0.000053749,0.000064118,0.000081311,1ad794d4e22daa53ffcfbb217acdbf1878f8d7c09f1ced9a29d5f3c624ce44fc
478,1764450474.5358949,0.000030046,0.000015990,0.000023754,0.000034023,0.000037038,0.000042799,126029543f51d73a4905113e545affcb4babac01652feba8cea8471471037396
479,1764450474.5390382,0.000028513,0.000018354,0.000084716,0.000056013,0.000071522,0.000091759,f7d90d2abbc1ab76ae82070d99f32a350cfdb925cee8ea3c76dd396ef605863d
480,1764450474.5417817,0.000039744,0.000020268,0.000037930,0.000048319,0.000058188,0.000077303,eb50c94573c742f4c4aa77e911cf4109f7780326c919630309ca6ff9e158ac9d
481,1764450474.5436852,0.000029995,0.000017773,0.000027851,0.000034553,0.000041506,0.000048640,a747abc7e19cbd167a5c93d601057c00a2925e3d8ae8ed8800d05968eba6df39
482,1764450474.5458496,0.000030537,0.000016481,0.000042518,0.000043510,0.000053469,0.000060302,51d013ec5134bc28383c45f8c78f9a5ec35713f3a5913d8803d6c929b4188fc2
483,1764450474.549582,0.000037129,0.000018555,0.000065151,0.000074297,0.000094885,0.000114722,012b482b8fe99c8e57482d1e8a2127ed7f57598ba9627abba49247256bc6eddc
484,1764450474.5526679,0.000057456,0.000025197,0.000049832,0.000047819,0.000055803,0.000069449,38e9fadaef2ac20eea69fba73028c93dbc0461270fe06089ccd4d2612d8f7319
485,1764450474.5558422,0.000042498,0.000021029,0.000044602,0.000068838,0.000081811,0.000113780,abe4fba7920f32d84bbdd26575dc15dc7fc42a156bd8a264dd1b213c88d6eede
486,1764450474.558555,0.000045684,0.000022471,0.000028764,0.000047929,0.000059750,0.000077603,119991d3219e171ecb5b58d46e5fb5b1fb0c11e615c0fb733087b8d4019d40ab
487,1764450474.5607772,0.000025407,0.000016550,0.000040806,0.000056004,0.000053319,0.000073205,9a13ebf37825d180eb19837873360e089ffec08d873f9246870550a990b9bcec
488,1764450474.563096,0.000032460,0.000020858,0.000047017,0.000038751,0.000049281,0.000062676,44ecb90414975b916aa734feb7c6e029b93a52fcde6a77d498b34e73e132164a
489,1764450474.5659313,0.000041177,0.000020708,0.000041377,0.000045193,0.000050613,0.000128037,45b57d0f549aa7d6c35aabba5f477ee081eb562f1cf762759eb38992f9b34a32
490,1764450474.5681427,0.000033091,0.000023774,0.000025488,0.000053989,0.000070881,0.000071943,6baa1e485b5189c915a93711af3f4c587639c6194fe7f045b9185e6292eb07f6
491,1764450474.5697222,0.000023373,0.000015268,0.000030807,0.000030516,0.000034454,0.000038982,f88275e1059adad075413734ddeedba31c45ba78ecf191f02bea283fa2055e4e
492,1764450474.571961,0.000024886,0.000016390,0.000047828,0.000041847,0.000046406,0.000108951,28947c307b2c4d58bd20d20bc91707bd47e73deb44c2f4495f8a3c6b5e8e8ac0
493,1764450474.575083,0.000047798,0.000019095,0.000038211,0.000073866,0.000072304,0.000137474,0f3c63c152dfffac5b2ce8931a431bf6e8d4265e234ac063127be2d5711ddc47
494,1764450474.5767663,0.000028843,0.000018394,0.000020778,0.000030587,0.000031949,0.000042128,9d66205f23a31a391c93783d2532eadfacd3f09135c265c84068f09eb9ac6905
495,1764450474.5780425,0.000021379,0.000015048,0.000019987,0.000024595,0.000021490,0.000033983,2f764790ba2246476949d3819afdc4b1dc005f68244fa79f4403b25451b87911
496,1764450474.5800984,0.000025177,0.000016791,0.000032140,0.000064589,0.000054961,0.000062886,ab9044486f0059bb83c8e91183a832ed753824ff86ff601d551a0c347fe9faa2
497,1764450474.581906,0.000024755,0.000015919,0.000044001,0.000041948,0.000031528,0.000044602,5c0a4e3bf7c25405d1a17dae3efc4d3633860794953af81a8ec2418621a13470
498,1764450474.58421,0.000030086,0.000017492,0.000057656,0.000040054,0.000047378,0.000053940,7467e7301365925e334b007188ec6f7e3c0df9ac165cfded032da51dc038b6b4
499,1764450474.586678,0.000027181,0.000017072,0.000025797,0.000055252,0.000053459,0.000092501,9b24e73074e58893a0624807751b47deff0351df340f55f031fb9568f244ebfc
500,1764450474.5905445,0.000044211,0.000034213,0.000070360,0.000052757,0.000058518,0.000063457,93846f8e7fcda033660136cc7a7e9d414fcc6a58aa7aad20e6f6e3cae4ebc95e
501,1764450474.5928462,0.000030947,0.000016821,0.000029524,0.000053158,0.000071162,0.000113529,50508cf00b0a7d2c87f14f45b2d0b31c4fd9945266edaa7f9f5e79e0da157d43
502,1764450474.5956414,0.000026099,0.000016290,0.000065541,0.000068987,0.000080259,0.000086149,e87f255c0bef2565f580faa13faa2ac48673ba0798d0b9ea5f764563786a32c8
503,1764450474.599303,0.000036247,0.000020047,0.000087692,0.000075049,0.000107428,0.000113851,895055c02314f726906229cc8f8d4abb3cd6331d734a71c8dac2b3e3f2d593ab
504,1764450474.6014955,0.000035114,0.000018614,0.000022492,0.000034795,0.000041727,0.000056084,7faf79928d0e5b2c2e98b89c0eb0239f569a17fd25fbb555d9a887762d572262
505,1764450474.6031127,0.000022191,0.000015038,0.000040936,0.000028613,0.000029324,0.000038441,0eb14c42819844942b38e3cd5f5f2324da05b369d4a0710060ff29b63374a6ed
506,1764450474.606061,0.000034053,0.000023724,0.000053860,0.000053138,0.000103401,0.000089836,93de9c9a24d794827f9aab60ae1d53d869b5370211828dc0e230fd47fe72762a
507,1764450474.6090062,0.000042769,0.000019777,0.000028863,0.000062876,0.000101317,0.000074909,28a64c5c0dd8cdfd4be33bdffe3a925e7a32c9f83a1ef68b36e121c8122cc9a5
508,1764450474.6112342,0.000031949,0.000019185,0.000021480,0.000053128,0.000051815,0.000045825,b87808303face5cd8a2ad91611334bc0d213a9ec414f92d0a4be50ff4e52cd9f
509,1764450474.6137211,0.000021269,0.000014567,0.000063507,0.000077724,0.000080980,0.000094855,d26746e11d4cff41c7e7396f1de01e7781a1235ef9024ba8aef93a724174b535
510,1764450474.6165385,0.000035616,0.000018725,0.000070109,0.000046066,0.000056003,0.000065010,1a25c4bd4ceabb41c260e4d3740f409a2451058a6861ca5d8b9fb3eadbccac05
511,1764450474.6186514,0.000038892,0.000016170,0.000042318,0.000031599,0.000034934,0.000042849,2037e641a0503241522f70764afaf0e4bc292d7fc1766837c7c78fe6ee9ec4e6
512,1764450474.6207702,0.000043821,0.000030236,0.000032660,0.000037129,0.000038321,0.000062475,af6f14ac42c403f7cee3f7ec2c16040d357d4de27b2106eb380eb0c83db5e144
513,1764450474.6232367,0.000029404,0.000019106,0.000058117,0.000038561,0.000044021,0.000049221,5061832aef27e055362e8a840a361a59c1dd70f407040e761c81f91f048f3422
514,1764450474.625486,0.000029655,0.000017082,0.000026689,0.000057756,0.000055803,0.000080599,92184cd533d61e5ebc6e667904a57f697fb0ea7e1d930011bf7c78eb05326822
515,1764450474.627724,0.000023493,0.000015508,0.000035044,0.000059339,0.000066412,0.000078244,76f024d035ea110bf3a6c83eb17ef38085208d20419d0674db4e3183a50f4e5c
516,1764450474.6301436,0.000025186,0.000017743,0.000033762,0.000061574,0.000062325,0.000089555,3926c1baf4415f4bb909a98f93c71bb2f4fc318e785ad212b870ae423fc94cb7
517,1764450474.632483,0.000032250,0.000016350,0.000039062,0.000052597,0.000068276,0.000097861,7783c04af12d7d9b753889bca2f72542a6fa03694bc7d4b10f54a860d64bec81
518,1764450474.6347926,0.000026729,0.000018013,0.000042018,0.000055002,0.000051245,0.000075920,8044a600a83e18b8b4e42ff5907ab51529b0f5e42397f071f43a5b603cd08fc0
519,1764450474.6363692,0.000055493,0.000017112,0.000020648,0.000027992,0.000027892,0.000038150,60ab800781c562a0742b6bd30e5750a5a1ef965ff9747d01801397c3633072a1
520,1764450474.6380239,0.000020668,0.000015078,0.000033001,0.000032029,0.000035286,0.000050193,72a6aa259d1e3319be4b2fef3b31b32f3343c02cdb346887396f7d9cc56a54ae
521,1764450474.6402285,0.000030285,0.000015889,0.000048369,0.000035305,0.000037309,0.000079877,898ad73dc8744581f9a8dbf753172b5bb5073040d9b7c44974caddfa26b9c46d
522,1764450474.6427605,0.000027481,0.000016500,0.000042498,0.000045575,0.000141902,0.000065722,d3b6dab2f4cf6098710e416dc536112bf6fb3b4475d9147294a276ec31276d67
523,1764450474.644811,0.000031398,0.000017281,0.000048740,0.000036628,0.000036567,0.000048760,8270ecff16111b4d226240c962b4a2f0d34f36216b8bcd194cbd2a72a8d1bcfc
524,1764450474.6469793,0.000028853,0.000016871,0.000049452,0.000047438,0.000046556,0.000057236,bc672c313a41774ea7a0ec3ee6c0f034ab1bcb1f8eba15efea9bcaab89c2e59a
525,1764450474.6496818,0.000035606,0.000016841,0.000031518,0.000050153,0.000053108,0.000089926,eee2d17bcb4590890d761fcffbcf86cc17b333b1817dbd849848ca69f2599677
526,1764450474.6521075,0.000026359,0.000016120,0.000043991,0.000054170,0.000049762,0.000043450,845795dae786b656e36bd0a6a819797d9c475547d81addaeedf871d9e5b01ce1
527,1764450474.6542904,0.000033922,0.000018734,0.000035316,0.000037239,0.000048430,0.000065180,764f6d3892ce93e301f53db6d422e505a4cfef28b32f5fa06e91d998f97b4e1e
528,1764450474.6570396,0.000028984,0.000027411,0.000046596,0.000055252,0.000054782,0.000087010,cc95bd174c3d797705e9b803b22568349b0067ade70512c30e35ba853e21e871
529,1764450474.6597204,0.000036066,0.000022792,0.000027601,0.000051225,0.000071512,0.000065100,9bf8c1990c49f9f04b701dc3e40605027fe5651a62905bf64226cad4bc13bf42
530,1764450474.6617916,0.000026970,0.000016661,0.000024826,0.000032731,0.000028793,0.000076331,552fb555af6325e966ea0c40d5dcca31678f0167816cc1b9e371ad189f5e8367
531,1764450474.6634805,0.000023494,0.000015659,0.000030576,0.000033101,0.000040886,0.000059369,5bea55f0b7c866ca26a88050276bef954098459752923595b55a7ae67f7cac01
532,1764450474.6660051,0.000034985,0.000017302,0.000040365,0.000044683,0.000055693,0.000081270,51792ac042a94ee759926ec0c2e9e0d76bc89d486932a1f838e1fa82c9a48075
533,1764450474.667773,0.000032520,0.000017062,0.000034283,0.000030687,0.000030927,0.000040936,2c69eb1549be8af51200675b9563866680021c73d39b2a1f3582f34818ffdc60
534,1764450474.6693978,0.000029375,0.000016721,0.000025477,0.000031137,0.000030497,0.000046005,d2dc83d6c53103a5b254a7296a57b3b1f04a1a43c76aa48a9d217c40f5bd2c91
535,1764450474.6721172,0.000025847,0.000017201,0.000054540,0.000059740,0.000063117,0.000098251,2b24220b999d6a9663c57df02ec4a498abf68f75ef355305d70ede0db64d67dd
536,1764450474.6752806,0.000057115,0.000047458,0.000032100,0.000053759,0.000049241,0.000062045,177203e4e384af13290c28207a62b5d2be1f38347b7dda3e5aadc814d43cadc4
537,1764450474.6781068,0.000023994,0.000016671,0.000025708,0.000058087,0.000058918,0.000089154,93e6ae99ba0867c6e8da2aa3aaaf728d303539dddea006edce21cad70cbbb40d
538,1764450474.68034,0.000024405,0.000015759,0.000037359,0.000043220,0.000055743,0.000065230,98b9c7f2905d998f70194ce45fcf8638ffd59d295fccd93dc50682e3c0ec339c
539,1764450474.6828923,0.000032951,0.000017473,0.000066433,0.000044653,0.000050814,0.000069148,946d16c555d9fbc629cf0f3c3f5fe262dc7a34fd2079df6e18336b2c162d7a48
540,1764450474.6851435,0.000040545,0.000019847,0.000043741,0.000034694,0.000038982,0.000046506,9dcd77d4b5117fdd7c04ca88dae05b8195bdab983b7ea7109bb9a8ef75b06f60
541,1764450474.6876342,0.000044021,0.000029815,0.000031148,0.000048860,0.000043660,0.000071512,24b5b234c3cdf209775ab8e072fd572b05fb38d99be9aaa92a0fa414c5d76ea0
542,1764450474.6898437,0.000029735,0.000017873,0.000067885,0.000036868,0.000038812,0.000052457,963b210fe79836cec12b7d2ece8d97739960ee7166e83fb75e1d95e0d5012a62
543,1764450474.6920633,0.000040655,0.000022231,0.000024365,0.000053949,0.000048269,0.000078425,c63d9b18763e3991ff6a6fcad0960b2f104c3b5122992a68022317368e058186
544,1764450474.694338,0.000023784,0.000015689,0.000078625,0.000033942,0.000037710,0.000083334,e23e2f2f7a593d7c303f619c866be1deffc31e8ca6c5ac3044ebe6b3bd289979
545,1764450474.6974344,0.000048539,0.000021249,0.000049040,0.000072413,0.000080489,0.000115563,39f5a02f2d178b9d0eb0cb6de23f8cd9b83a17abc241241a6a93555c480f0a65
546,1764450474.6996367,0.000046896,0.000024195,0.000029194,0.000034353,0.000037799,0.000047688,b50489f822c35ec6698cbd7e4057918a61b7582621169d52c26917ae4abc8fdf
547,1764450474.7012281,0.000026559,0.000016491,0.000023053,0.000029114,0.000028794,0.000038692,e5104a4c525941cfac6445271df1df0d58efe03492d58df10ceb3b997011be4b
548,1764450474.7026794,0.000023613,0.000015819,0.000021319,0.000026950,0.000025918,0.000037700,267e40b19817efe20f3497f2f3b62050175f0e7dbf6b5054b0983849f1a608f7
549,1764450474.7043538,0.000023413,0.000015780,0.000033281,0.000035114,0.000029284,0.000062375,79892be896d11580284691f1fe1f6113ac7b3364ff31b423cb05f3eaebb39540
550,1764450474.7064445,0.000030406,0.000016610,0.000068777,0.000031438,0.000032751,0.000046316,46808db91cde914a798153c4cbcab0dbad5e73acd65e7c36e11e8fc08dff2b74
551,1764450474.7085474,0.000038902,0.000018314,0.000035025,0.000032971,0.000036668,0.000056956,b46f086b7a839665a13ded41551180cb6a3d93fb6c7926a2137ce0e0d181a869
552,1764450474.7102416,0.000031217,0.000016951,0.000021860,0.000030216,0.000037619,0.000045575,0ab6af154e5842fda4f050f1abb7f180ef7095a8928c28b3cce8c18e7d7bb740
553,1764450474.7117019,0.000027040,0.000015729,0.000028112,0.000027440,0.000026889,0.000038772,7858b2ff496fa57a3a3504fca4d26d1cff34fbb0433ece2665d57d4a40cfc50d
554,1764450474.7151313,0.000026238,0.000015458,0.000067925,0.000070630,0.000101267,0.000122656,2ecc74b02f1a6fd41b11ea20e398a833365331897ed1a6f26d107a0ab5b095c9
555,1764450474.7179556,0.000054811,0.000027230,0.000032550,0.000061443,0.000063788,0.000062055,57d13cad64994487060b2ee4f636155122c0175f9a89a82e6595507bc810ee40
556,1764450474.7197943,0.000028172,0.000019185,0.000019886,0.000029935,0.000031308,0.000049672,219f792200af12114abf513b517790311b8c915041337529a699b446f7fed17e
557,1764450474.721374,0.000021640,0.000015278,0.000031388,0.000026188,0.000027581,0.000046937,a3a45fd5125379e7b2733b1977878cf70eadff980a2474273584c157f02b7fa6
558,1764450474.7234797,0.000024836,0.000023193,0.000050242,0.000041637,0.000049681,0.000074918,e20224840a954231dc85b9e4769a44c1bdce6129844d13c823ae8a959f2b345e
559,1764450474.7258286,0.000026860,0.000015649,0.000026840,0.000048590,0.000065090,0.000062366,9b5a6249e3297b16c26af642f5d107e0789feab99916984f6ea9a145992013cd
560,1764450474.727675,0.000040494,0.000028242,0.000020007,0.000027691,0.000026710,0.000042378,7bc2caa41bf7dc253fc22d78e4ec60b53a3cabbbb478296c4cf6fafb8c176bdf
561,1764450474.7299027,0.000021199,0.000015288,0.000036738,0.000058047,0.000053679,0.000100475,fdc5c185edeb3973bca647bc73892a505b749c66b50b8be2522a7090b7a9eeb3
562,1764450474.733057,0.000029414,0.000017602,0.000051055,0.000090837,0.000090046,0.000075690,4fa72e08e7909a34762f416f74de69b1d90ace021d642767ef68a3d9971577cb
563,1764450474.7352548,0.000028974,0.000016781,0.000027671,0.000042268,0.000046456,0.000080408,3f4974ca5ddd23e77af7c8f3ecfcc4e157aefec935046575e1fa7eada29abf36
564,1764450474.7375007,0.000024265,0.000015819,0.000046375,0.000029695,0.000034884,0.000046386,e4e349d0bcf18e503f144970b877a1ea239a57affa288856b5b08d38eba109a4
565,1764450474.740747,0.000051766,0.000037789,0.000091930,0.000081821,0.000074097,0.000143565,6303d8d755a5ae5dfe60e5f727363e2c5252537a8062200e54e9aa15966da4f1
566,1764450474.7434008,0.000053048,0.000031348,0.000025898,0.000058288,0.000072554,0.000100345,7690756c2b27f08aecec9f84b35de79c219cf4f4b2f822c6036e7b1977c8dec5
567,1764450474.7450378,0.000025186,0.000016530,0.000023714,0.000029575,0.000030617,0.000039993,c229b03e0853452b68454a6b08917d1abfebb1316df463da852e21ff85aed329
568,1764450474.7465818,0.000025587,0.000016049,0.000026759,0.000030376,0.000026509,0.000039674,915b53c5bd0fd1e3310a2b120200fea876abe59cc2b8feee536ced84c50a8d0c
569,1764450474.7485192,0.000023483,0.000015488,0.000032900,0.000034093,0.000037109,0.000048119,209dd1bccae4856118fb3322d9ac2f0f889864d227db76a65120872fe59adae7
570,1764450474.7510054,0.000025828,0.000015959,0.000036177,0.000054110,0.000093132,0.000073846,089720c1f9f2a669c59d81266d47a0e9eea732ee47bd347b74e0ffd8a84e7a9f
571,1764450474.7541611,0.000050864,0.000033352,0.000072163,0.000059751,0.000054811,0.000088644,363830bb100432b141fa7b6acf1391c3d53d7fde4c0007179987e40e4359f3fb
572,1764450474.7572057,0.000059991,0.000034654,0.000050553,0.000050524,0.000065641,0.000076421,4ce76c1fea822789e70de5393ca41bcade0f5bec3839f0792167d96cf8b31e37
573,1764450474.7592645,0.000029314,0.000017272,0.000021490,0.000069738,0.000035675,0.000075640,27e2b60705b59cef5b4007ff772feee34659f97c90a169b586a150689da823b7
574,1764450474.761665,0.000022702,0.000015438,0.000026098,0.000051796,0.000043501,0.000071933,6821a813face9500ebf1372ae24deb808ed37cef2bb496ba984054e1899d99fe
575,1764450474.7642639,0.000034755,0.000022832,0.000069157,0.000043189,0.000055372,0.000070881,b915caccd70dc3e4ed238e13c05635b05875ac7eb037065bcce51ce8bcb12e63
576,1764450474.7672179,0.000057276,0.000033222,0.000045754,0.000034153,0.000045564,0.000055392,da33742f12ac869d1dbe1316a6ce329d408872a7f5f0ad657f5c4d0123436a62
577,1764450474.76941,0.000043490,0.000022882,0.000024806,0.000052227,0.000045865,0.000077653,0c77b8ea1c59caff1e530e954625ea82045f32c06862a973c036e5b61a0f6f18
578,1764450474.771716,0.000030045,0.000017332,0.000035456,0.000053008,0.000050322,0.000086320,bd9d159678bbe7655f53d8e2e67def0f58228629cd20100bbfe250e52c9d3a14
579,1764450474.7741077,0.000032110,0.000023975,0.000047358,0.000062505,0.000060020,0.000086570,d4aeb2e6473c1e0b0de926aaf94576bbaaea817f0eb22ffbb1d5b26e26ea4c43
580,1764450474.7766185,0.000048390,0.000019897,0.000026188,0.000057296,0.000051826,0.000079187,38d4e73ef8707cadadaa36c6ef398d4690fd9b08b49e0bbb0dc717e234ebbdd9
581,1764450474.7787106,0.000024285,0.000015618,0.000033362,0.000048610,0.000041617,0.000068317,7f45fd47203310d99bb55a39a27bf79b8d169f6f103761642997c973aa1c926b
582,1764450474.7818036,0.000032810,0.000023353,0.000087451,0.000058127,0.000074307,0.000093633,a4970a43ef7916ef88caf91fa74210056c9c8fd6b0caa56ec77f7fe22fc0c13d
583,1764450474.7841654,0.000036147,0.000017873,0.000023543,0.000034624,0.000039362,0.000045744,12dd648f5c9edbda0eaf9f779883419a10fcad582292b00ad42499cc1a756285
584,1764450474.785926,0.000025196,0.000015949,0.000020679,0.000036958,0.000046385,0.000054301,338697387b1bf3d3fa77a6fde95819bf999ce97334e62501b3766c9850b09117
585,1764450474.787812,0.000023223,0.000048680,0.000032570,0.000079397,0.000055272,0.000041176,965489e4b6da67def134b00d17f9eb9144eef880804fde8dbb44469ac6d157c0
586,1764450474.7897532,0.000027130,0.000016350,0.000067645,0.000032600,0.000028493,0.000046586,2ae2d144288c9c76d592062dc2886a56372dce0b3a13bd9f6b6925a987de364f
587,1764450474.7925737,0.000036087,0.000018284,0.000028723,0.000079317,0.000089405,0.000130691,ed75261f9907597d7d53019e4781a830fca0fc1cf9d9930829189be79672d322
588,1764450474.7948852,0.000025887,0.000016771,0.000048168,0.000050273,0.000046265,0.000071181,a7d85fd194e5b434e72867997c84223312ad26ec005f4ae97c8f4f7bb0e78164
589,1764450474.7982337,0.000061644,0.000044923,0.000096158,0.000055743,0.000067284,0.000101587,ca664536ba71e316b38aaa20cf6f5c466779b5c47ecc7f4d0ae22f4168c9869f
590,1764450474.8006396,0.000033732,0.000020427,0.000029094,0.000039443,0.000045564,0.000053980,418d8d01123600871ad15c251d5bcc2485cff6a014005ceb07d7b3dd83a47e86
591,1764450474.8030314,0.000025066,0.000016010,0.000027481,0.000069698,0.000052988,0.000072263,a5c4d136287ef5c36859fb4b78a5bbc11ae051cc47f4e4e093f1bde6337ef2f9
592,1764450474.8059416,0.000030616,0.000017252,0.000044061,0.000075389,0.000073947,0.000121724,a843ba96a6e374593cf116701a3ec24c91b54843d18655a84c9d2e6638b5feb3
593,1764450474.8084238,0.000047066,0.000019947,0.000025668,0.000059610,0.000049612,0.000084245,63f5d079fa71bfde8eb22708e515eb2e3d92ff632b5746c6e1eacff6eec04c80
594,1764450474.811087,0.000024876,0.000015979,0.000064750,0.000034884,0.000042569,0.000045033,beeeb82aafe4cc030293e4d6c8848d874149b4da0422a7c3ddbd36b2b5e1d0dd
595,1764450474.814021,0.000028643,0.000016801,0.000048389,0.000075690,0.000076551,0.000118398,f813ccac984ebf8377958bb28851759fb0f9b22917eff31164d237c2915662a1
596,1764450474.8169835,0.000031618,0.000018895,0.000068978,0.000065270,0.000068146,0.000051626,7e2aea4efcb51683b22113022b81274103dd87ddf00b01f29b36e653b260078f
597,1764450474.8194253,0.000038321,0.000020879,0.000032601,0.000055853,0.000056053,0.000093393,7ac61a9e4c482e82e84b65fe1502a0af7e5b28fefe7c7f973efb8a4c79447db6
598,1764450474.8217058,0.000031519,0.000020477,0.000048019,0.000030596,0.000038581,0.000051064,f40ac5ff72643787ea1482baf876d0aacbfe4f90dd49dfe698fcb309632bb8cd
599,1764450474.8246682,0.000035476,0.000020207,0.000053459,0.000038280,0.000076120,0.000064258,5e3f3357b56d697461c500ec754cc46dcae320e50f70f7a62814c164a4d1600e
600,1764450474.8270628,0.000032591,0.000017192,0.000024135,0.000053779,0.000053198,0.000075329,6d967123a3f128245839732b49c375fb91c6be0d238155ca33d234f0689d344c
601,1764450474.828655,0.000027501,0.000019185,0.000024996,0.000026388,0.000026308,0.000049352,36922725ef7c4617678c47d762d8f8853c916b9dea7fdad0232dfe864f776138
602,1764450474.8307872,0.000026149,0.000016520,0.000029765,0.000059349,0.000053739,0.000104493,d28ac5c1cf0a826e12664874fe134a58bda9bca4b0e805b6d11adaaca31e8c6f
603,1764450474.8329697,0.000024705,0.000015950,0.000028763,0.000038551,0.000045484,0.000061744,aa9f598427605ac0fab0aa877e050be447199b9dd51b410f67dd99b458e3ba99
604,1764450474.8355873,0.000031619,0.000027661,0.000041657,0.000056455,0.000050313,0.000070841,8566f054abd92103de403ec6a3f5a0ffa9927cc7c7755b095aa4f9a7f1d07656
605,1764450474.8385975,0.000052206,0.000039553,0.000054591,0.000049992,0.000086269,0.000079867,84804de34c8e53e36dcc489478bdbbaace273e8e4e181d3b9d75d899cf2c931c
606,1764450474.8416424,0.000032500,0.000017823,0.000068266,0.000039002,0.000047508,0.000069288,112c0d09efa07cd7b1b0522ee5594b803dc8661f566909a87f8710e6a52752f1
607,1764450474.8435845,0.000030246,0.000017622,0.000042849,0.000028312,0.000029134,0.000037789,e5b099ab052729cc564f4cfdf861105695ad9def212e9851ebbe66cc639b64eb
608,1764450474.8476465,0.000043250,0.000029735,0.000094745,0.000112337,0.000215949,0.000138386,80d315e677d63e32eea24803e4a8572c4ffc8d62928cf98bd762a43cbcaf7e43
609,1764450474.850257,0.000039573,0.000020497,0.000027882,0.000043911,0.000047618,0.000068717,e41d45e98f7e1761d4bfd25943bda95e2bd57a8b8858fdf4d260e7498ea804d6
610,1764450474.8531387,0.000026779,0.000016290,0.000100295,0.000063086,0.000066362,0.000057807,dcf84b2d96c902fcef26aae6112b43baeb34341390efa60c306c1d0c7a2284e3
611,1764450474.8568857,0.000070289,0.000026640,0.000056955,0.000075870,0.000084636,0.000105204,b7fdf2f95712124dfd8533826ec0050f5d3fb780cb6dca8c2025cb2644b6c673
612,1764450474.8600163,0.000047808,0.000022060,0.000038030,0.000071041,0.000096007,0.000123818,acf51342693dd9213c230dc23bb72023b89358eadf1ba364131c2834bfb32092
613,1764450474.8625002,0.000030877,0.000016601,0.000049221,0.000044532,0.000060111,0.000079828,b282ce9447b227eac051dd555d288314ba804ee0a5b56c951678b43dea258a58
614,1764450474.8660195,0.000038671,0.000019265,0.000092441,0.000073877,0.000081260,0.000124019,6045d407817aed995637dd9f16a6ab94e2a9f0b37a6b8e55bcd7bc981345f812
615,1764450474.869058,0.000036448,0.000020608,0.000056634,0.000066102,0.000065300,0.000088824,7aae8784ff8ef11e0ef891e17250410f8daa48475b73bd45ee90b9832558e216
616,1764450474.8721595,0.000033803,0.000017853,0.000065702,0.000060642,0.000078605,0.000121033,f5825cf0cdbcd7baa67029800c97a512cac806506f3c558445493a9cb659c039
617,1764450474.875482,0.000054240,0.000023965,0.000053418,0.000067064,0.000072043,0.000092741,81df647b9405a7c244ed5d9a23a424b061bd26298c8c317c0f3049069b862594
618,1764450474.8796058,0.000046215,0.000024706,0.000147101,0.000096749,0.000080910,0.000094184,70624d1ebb2787ee853d6137a416b51e396438d36485a96ac58e3166744c395e
619,1764450474.8845048,0.000088834,0.000035946,0.000076501,0.000107538,0.000124741,0.000125342,9fd7b5f49011dda3584868b9e480067afdc0eb1bae1c613f5f9f1594f2cc3720
620,1764450474.8877213,0.000041477,0.000018454,0.000103551,0.000050293,0.000060552,0.000066282,90ef0ddaa611934ed0b2d22084d7b40b069eaa17b0c729b220f5a686724a9a6c
621,1764450474.8917468,0.000061023,0.000033131,0.000074317,0.000076972,0.000110674,0.000117156,190509573e5f582c23990dd32025fa7cc458c573f5558acb5e02768f3a51421a
622,1764450474.8954458,0.000053379,0.000024956,0.000107929,0.000049050,0.000057586,0.000068607,dbac8783c63e9aa639399859fb8e7779f5f372218442fb50b35cac225f446f2d
623,1764450474.899614,0.000059489,0.000030366,0.000083324,0.000053919,0.000057847,0.000065592,06eecdfb3ca86504343aa6fc19139f0af18083eeb9cb243919951bf3ba8ac11b
624,1764450474.9031053,0.000050574,0.000035906,0.000057496,0.000045594,0.000055673,0.000063727,aa31e0b8be7ef173a3d2b4894d408b1bd54cbcf1d1386d00786a55cd9d5fb4cf
625,1764450474.907831,0.000043810,0.000024696,0.000118279,0.000078485,0.000107048,0.000128006,bc5e166b366286bab8c34a6c2e192102f8d8a4da13db429016abb3ffb66e70da
626,1764450474.9109952,0.000067405,0.000026008,0.000065291,0.000048199,0.000058458,0.000063827,d4f09cce88878647189352b8a642bad4bbc3a5754ccc55d2b88483451456e7b5
627,1764450474.915381,0.000044622,0.000023663,0.000135090,0.000087040,0.000112528,0.000126413,3ec2ad249c28cd9781d971b58f81b750f9c2066897461286dd95172e195b1b0a
628,1764450474.9190435,0.000054190,0.000024355,0.000123267,0.000047668,0.000055933,0.000063267,ba312ac02f012461c9bf1f2c2b0d1c40de4db01eee16040e2364610ebad80be1
629,1764450474.9227588,0.000042879,0.000023704,0.000066694,0.000072224,0.000087211,0.000121364,951e25f4b2e6695956a02c092fff35ffc020ac0fc02a78c3f212d181cd8ebcab
630,1764450474.9259584,0.000046246,0.000026929,0.000075430,0.000053659,0.000071311,0.000063778,c60dca3ae93f37cb20916401571e8b3a1d7def0077ec57f92d0220c61400931d
631,1764450474.9282074,0.000042999,0.000018755,0.000049621,0.000038942,0.000043641,0.000053208,76d82edb2bdad9f5a00e510d0c71b9a1be5458d5d1897c73bc912fc860e56105
632,1764450474.9316802,0.000048529,0.000032911,0.000050353,0.000083354,0.000133196,0.000149987,5e88fc48efb5fd6c05d5dfec66c72808549f5ca2cd1463983a91cd77c79773f6
633,1764450474.9340622,0.000034604,0.000016340,0.000038512,0.000038792,0.000033061,0.000046176,33d5965f2b2bd39d7c814f318c825582a70e2e02897f37b64981750681069662
634,1764450474.9360316,0.000030526,0.000016982,0.000032801,0.000037209,0.000038832,0.000049261,ea8a7bdfc9b268ab991b7a3ec016edb86ba8a88170bb65c7da2f73bff852312f
635,1764450474.9390872,0.000057686,0.000032250,0.000057345,0.000044251,0.000057416,0.000076631,99f42aeeb63244b96974fc11b6c30c8c9649887d595d8e5cfdb06d2b69387cfc
636,1764450474.94219,0.000057646,0.000025477,0.000084396,0.000053308,0.000061935,0.000081601,bf19360053c191f989ed862c73943e3d872ade6d1d6880ea852dc22e216beeb5
637,1764450474.9477718,0.000056123,0.000051084,0.000145268,0.000129960,0.000179421,0.000185192,da8516d5617793b58ddbcb79be32b23d5f5f43373020223bcdaf2b2aeb921761
638,1764450474.9517255,0.000085978,0.000035045,0.000068507,0.000109141,0.000118559,0.000080900,f457a8c13980475726d8ffd2227537a217b28d474fbc1e3f2052d92e12e790fb
639,1764450474.9555805,0.000047257,0.000026739,0.000074738,0.000057797,0.000133827,0.000095225,30bf0e3f3b91a7cb7f65915c3e0bded52651187f55651914df88b354b2055c1c
640,1764450474.9585943,0.000039242,0.000021159,0.000030897,0.000060662,0.000085357,0.000098101,ba322f01b6f3c8079e76f8eb57ce2217ce80b5bb38d6867e9b412bd916497c4a
641,1764450474.9620013,0.000029084,0.000034494,0.000072173,0.000058699,0.000063357,0.000085868,876fc2216a0959e786e35a4dc28753537a4deb35593f13abfd8a0224fd580448
642,1764450474.9649837,0.000084025,0.000025657,0.000026879,0.000053859,0.000064650,0.000099413,6318aa579f0e603dc185aba5505ee4b435be0da51b84b6bb88405af2e5b3ce77
643,1764450474.967203,0.000027100,0.000017883,0.000046115,0.000040205,0.000047538,0.000061444,b7785667434b84a3ef1ba800e7aabba440883d22ec790cf0117d7cddbcd70a0d
644,1764450474.9699998,0.000060702,0.000034885,0.000040194,0.000062165,0.000054371,0.000080098,6730ce0b0beab69a4c3ff7a24f972e750d7498dfcf4c4463ab2ca2c987ed6dc0
645,1764450474.9729068,0.000031098,0.000018194,0.000041567,0.000056243,0.000069338,0.000079496,745e31b2c461fc45559a46ad413054f920e92bb0756eb777fca34c271ee0cb86
646,1764450474.9764876,0.000036397,0.000020157,0.000061414,0.000093723,0.000093132,0.000119841,d66372dd272c599524112e7965f8912015ba5eb43b87ccc8b473c7a66cc8c5d6
647,1764450474.9782197,0.000046586,0.000017252,0.000021820,0.000030397,0.000030887,0.000038551,c7abb895284ead46d051e84b84c9c6a215bcd6b85c9667765f9751cbb1984c9c
648,1764450474.9801126,0.000023103,0.000015849,0.000031017,0.000032951,0.000039272,0.000068486,847301d1e932101746f978f034a6ba78ec4d614e7d417d0a108a2b8a0c5c49bf
649,1764450474.981824,0.000024045,0.000015859,0.000036868,0.000037850,0.000031739,0.000053278,e347064fdcd775e3e32ecfbbdb31b68d87f4a90254955d37f20c14dd3026ef5e
650,1764450474.983712,0.000034924,0.000017623,0.000023153,0.000036206,0.000039312,0.000042319,8c8417d4aaf31689a3217fc32785f48070f3f6691328f4e219d2caddd93a7c56
651,1764450474.9852586,0.000025647,0.000016260,0.000025927,0.000026670,0.000024044,0.000038661,c104f6c7fd7e619aee3583020f4bd6c9c73749682b7a4e376799daeacebe6adf
652,1764450474.987319,0.000023964,0.000015679,0.000034504,0.000048680,0.000042108,0.000071642,aa24e89cd6fdb01526a2eeeab54bf81e15c0438452e8e9a17b397ed0e2e1f53f
653,1764450474.9893832,0.000031267,0.000015929,0.000030025,0.000033181,0.000029765,0.000041407,2bc19506bb4cc13e3f816485d1a2b20fedd0fff2f8d22325ccb15a3294275c3d
654,1764450474.9915028,0.000027251,0.000016631,0.000040926,0.000033452,0.000042188,0.000048841,a5bf72e9d555bcfd0f7702769ae2d17df580729aa2a8f4ea2bc56695e9ca1e7e
655,1764450474.9938004,0.000025738,0.000016651,0.000022040,0.000053749,0.000051495,0.000079357,fb62dcabb07b2df733d174bda73a3f2bdfba61e7708714c05e08b9472b86ad54
656,1764450474.995193,0.000022071,0.000014918,0.000020818,0.000026218,0.000023313,0.000035766,c1d50dd46306cb453914fc03fc1256dc7c14841640630c33d81bd0a68ab14879
657,1764450474.996764,0.000022191,0.000014797,0.000024445,0.000027771,0.000032641,0.000042078,b9f249b9d91cab2d53939e2a2d7ac370ceb4b73f3245ce5909dbc26458fe3a2d
658,1764450474.9986336,0.000025928,0.000014517,0.000026760,0.000031458,0.000030967,0.000067475,a4e872fd07973201d7b722c2500b55a9c20f34eb6a1ea8f8bac2a3891ae177c0
659,1764450475.0007029,0.000022431,0.000015378,0.000047698,0.000036157,0.000034404,0.000048850,c36876e94388e5c73e804d38ed2e382498a05d6824dda72e5495b666192bf83f
660,1764450475.0029433,0.000032009,0.000018695,0.000029585,0.000063998,0.000046205,0.000103511,2acdd8c5d272a907eef280d9f19e1cebfe6a57b01f8fb704679e55b742fb7443
661,1764450475.0060084,0.000032520,0.000033893,0.000042448,0.000051525,0.000062685,0.000082653,ca16b0b29f32cc68d541ac85020da361e4e63152dc525bb1118c07b7a4833064
662,1764450475.0089905,0.000054591,0.000019556,0.000046175,0.000062184,0.000077743,0.000156318,69d08841e4442b5f2f8bb0ab5c23c35032d76e91ea81a64b0c8c22ae9b3dbf59
663,1764450475.011464,0.000056044,0.000027391,0.000021209,0.000056664,0.000051875,0.000080719,d170019d6879dae1f396c1909f303f40508598fe6da7cc6e3105285ca08d742f
664,1764450475.0134387,0.000021480,0.000015348,0.000035626,0.000037650,0.000045364,0.000062305,c5b0ec9afc4ed32fe1247aac2a83ac60ba1ccedc3e8789eaafff93d045822d99
665,1764450475.0162706,0.000027991,0.000015309,0.000046817,0.000055793,0.000052256,0.000128497,9828aa68bd525500cba7b3cd80fb4105831077373e3c9614583550e266de405b
666,1764450475.0187652,0.000032289,0.000028322,0.000026349,0.000060631,0.000054901,0.000077383,788d4dac13b0d70f3f3d949ea83b1da176ff1f08c366f67aaff88e8d0a691246
667,1764450475.0201902,0.000022541,0.000015178,0.000020087,0.000026689,0.000025137,0.000036297,27df9cf872750e0cd37ce845d4c8e1ff8a92814c522ad0ffd799412feed58d7b
668,1764450475.022189,0.000021930,0.000015238,0.000033922,0.000051946,0.000049230,0.000082582,953b0769bdb0ea06d2c0995dc17300d34132470008a8ea5b431f44edbddb7793
669,1764450475.0249891,0.000028673,0.000021780,0.000061384,0.000064790,0.000058358,0.000122827,4ed4d587b9182a34d416f4cba095acbb76594945c7a34e610c550bfb220e109e
670,1764450475.0270352,0.000034524,0.000017853,0.000021801,0.000053148,0.000052607,0.000078625,10ae555b125492d430afb0cc87a433848509011f2b677ea59234f2662800cc6e
671,1764450475.029323,0.000026669,0.000016230,0.000031499,0.000055572,0.000052827,0.000090888,0d942c0afe4ec640bdb0438cad34b1ff38d8e378034eb8070675b4cb17ec2a2a
672,1764450475.0310466,0.000030506,0.000019436,0.000026118,0.000029695,0.000029174,0.000039753,b23b6bceff74cbc388c1683a51a592ace46aee02303914133a20a015e5f0f519
673,1764450475.0334501,0.000023283,0.000015278,0.000036137,0.000057175,0.000071452,0.000082502,17ed978ded834a5aea63dafa0d13a724ebb76f5b7dab95c4f08485626749b506
674,1764450475.035212,0.000025487,0.000015879,0.000027020,0.000039433,0.000043009,0.000048630,8f76b9b9df75ae61a4620fa7c13931b0ce2f5464c9cf88f49d194c912d0abfe5
675,1764450475.0366118,0.000023774,0.000016450,0.000020317,0.000027741,0.000025257,0.000037720,2736455026c41a2b4b4e3f4d23076df55f250454e499288375dcd3018c5d457a
676,1764450475.0381293,0.000021189,0.000014948,0.000024946,0.000028493,0.000029444,0.000043821,42924642521148f4e29a11e8e205ff5c9fa8a13d11a2440c7bce7c9a12ecd58c
677,1764450475.0398579,0.000021640,0.000015298,0.000050413,0.000027000,0.000025747,0.000046966,4b19cd982fd8689c8b026d2837eca06c828425eb4ab76bc8388cbeb4002846b3
678,1764450475.0424566,0.000048870,0.000030336,0.000032130,0.000052156,0.000055703,0.000091349,5b4f78d4937866fdeb3233f3caa874a8e5413103644789dd682856defa6c33eb
679,1764450475.044161,0.000026158,0.000015548,0.000021330,0.000032871,0.000038111,0.000048028,488ea3ded0d890e1c86f61db4a7f696339111b1dcb57aec7be9032b3f1791373
680,1764450475.0460975,0.000021901,0.000014978,0.000023113,0.000053649,0.000050583,0.000074728,d2ca21853f148ba6ff2c68c07f4ff075faade4fc9550a341627840381304565b
681,1764450475.048599,0.000025477,0.000017533,0.000045885,0.000071182,0.000057536,0.000101428,04838d48f67862f677d055da664a39b6e97e613371f9bb1cf9efe774f5f3cd06
682,1764450475.0511808,0.000035606,0.000019987,0.000035696,0.000065431,0.000077743,0.000085017,17832f2cc1c37ef8d8601ed7d16568703bbf4400139469451e9876444b80a6e9
683,1764450475.0536225,0.000028583,0.000017653,0.000045003,0.000058838,0.000064358,0.000078134,3ec56410a5af9fc4a33ae3446c49141822c11a48709c9bdcedc9e79c39abfab8
684,1764450475.0557423,0.000040866,0.000020337,0.000025828,0.000038852,0.000037509,0.000047037,e6f4e632b3752903c60eb584ba4d2ea63cfc78a7f306098ffa34597033761fab
685,1764450475.058328,0.000025537,0.000015849,0.000050904,0.000043901,0.000076241,0.000092611,1a2a6f37f803cd4d7b3c12d09d208cb54072385d7939fc8ad5c9b20fe300ae72
686,1764450475.0615377,0.000028953,0.000016270,0.000036127,0.000063437,0.000064550,0.000098322,739ee15708f9166d31fafdbd0772a61c3bb7bc57aec7e068cfe9278d15d57ba6
687,1764450475.0631757,0.000025828,0.000015859,0.000028022,0.000028162,0.000031669,0.000044162,fc9316f0f94e2ea870d59cd0032c42b5adb334753ef3bcb1d01422bd0520daa2
688,1764450475.0649905,0.000021730,0.000019015,0.000033141,0.000036598,0.000043931,0.000053669,8167295e5a47a2004ad58dc487049d8a0f5bd7457728a9a07dc0b62cef00d124
689,1764450475.0672135,0.000033643,0.000018063,0.000073285,0.000042930,0.000047437,0.000084847,25c56b31f93364b99d623da7f1020beda5ee56c2b33fe7bd653324bfdff5b55b
690,1764450475.0699,0.000037820,0.000024936,0.000031538,0.000054601,0.000070200,0.000055102,7532c0b6d09660bca3b5eb92292fe21ea501b69bbe77f0ce116a3033f87e55bf
691,1764450475.0722318,0.000031347,0.000019276,0.000046305,0.000061183,0.000060642,0.000084727,284c3efe6818ac8aad3aafa211c7cc64f38f77a405829bf804cf69d97934dbfd
692,1764450475.0741508,0.000026930,0.000017403,0.000054080,0.000041206,0.000031087,0.000045855,0a4cd6720285c58238271154433e61e8fe36b469e18081214193589cc30a8604
693,1764450475.0767293,0.000037429,0.000021420,0.000035095,0.000043490,0.000045234,0.000047377,5090910ae6c8674206c431168947b49438c6ba1c81289d0e0c0946bc8fe63ff3
694,1764450475.0790277,0.000030857,0.000017482,0.000027391,0.000062435,0.000126634,0.000070680,b27a47e9414fa3cc487448bf804d707ad2ed599c150b3ea09841c6f53f468c6d
695,1764450475.0811489,0.000028262,0.000017563,0.000039403,0.000041407,0.000050283,0.000073495,0a0ef3e8947d73d8f3ea4ff6d533456bc8a1c1a3a7d1711564a12d3e2b3fc6c0
696,1764450475.0837204,0.000026439,0.000016611,0.000031468,0.000045935,0.000062295,0.000081290,f729eabc7ea56c40755bdaca09f601e6f9e2813baadaba91754d3f45a17c8b89
697,1764450475.0853415,0.000025206,0.000016461,0.000019396,0.000028202,0.000028272,0.000059389,bec7ed994c0144200fd9ddc0b753bf46a8b702a687c9b3089c4ddbcbb9098df3
698,1764450475.087327,0.000020477,0.000014697,0.000055382,0.000047648,0.000039462,0.000127846,e33a264e4d526f3f5ebb587c2728d0febec1858efc40658f265bccf5413f3fb5
699,1764450475.0890338,0.000022101,0.000015288,0.000024235,0.000028552,0.000031267,0.000041667,37484f8674bca8dfe6818f47ded5a230360077ec8e6cf4b34b5bc88920384e86
700,1764450475.0907986,0.000027431,0.000015279,0.000036297,0.000032971,0.000037329,0.000049682,6f55170fa1162b766dd877e466d318701d9f8e366a785570983a6a1533223ff4
701,1764450475.092815,0.000028753,0.000017642,0.000027801,0.000054190,0.000052858,0.000072043,34440826be6c71d1c3188ddf081ed01b04db2573aa269a79e62399412f8567bf
702,1764450475.0949633,0.000029584,0.000021059,0.000023203,0.000054090,0.000053519,0.000070170,4c7fb4ce7c5c3d307706595ce40d81e0cd53dfe9f65cca11eb371603c95764f9
703,1764450475.0968347,0.000022051,0.000026169,0.000031569,0.000035255,0.000043741,0.000061354,165dbc08af4c2e6594f79430e053027c19124760aece1ce78bebf9dd22d2aba0
704,1764450475.0985355,0.000023363,0.000015609,0.000038962,0.000031498,0.000034865,0.000042869,318e8f12d23f1b91aaf7b0b805e1e18b486bd6815e48bbebf3934765b31b616a
705,1764450475.1008277,0.000024976,0.000016080,0.000029384,0.000061584,0.000056675,0.000090728,0871f42673c47af6af7528a428a28d71f138d64b58e82fb4814203f9627716ae
706,1764450475.103044,0.000029775,0.000019075,0.000022622,0.000052868,0.000048019,0.000079447,1be6ae9e5bd92542e44c0d32d6bdd8869c131bf2f1e1362ce0a8b89f8b2fc80b
707,1764450475.1045992,0.000021730,0.000015258,0.000021260,0.000029395,0.000030887,0.000047358,dc4f2d5a77ff50ace38baab7888b5f0deee8273db7af6f8158aa68bad8ae3b64
708,1764450475.10693,0.000020778,0.000014988,0.000055082,0.000051686,0.000047047,0.000099163,e18d14de97c97a04cb37102bd1eb903c3e7f8f60dc7dcbb69b6329fccd6ca969
709,1764450475.109795,0.000032330,0.000019156,0.000047488,0.000067445,0.000091469,0.000107789,2ceffdfdfe6406d2331aa84c4b545194c8691a37e15c4a6f6a95f2bce92e8c81
710,1764450475.111663,0.000031407,0.000021500,0.000021159,0.000030687,0.000033302,0.000047678,b68b316127adf9e348bcd621702a7c282872eee03612f449e03f08b72d76da77
711,1764450475.113781,0.000026990,0.000018153,0.000033232,0.000039693,0.000045825,0.000088012,ad2b06ecdd68578350c2674cb07fd5c070e1e62a56545c0b45a31296387974ec
712,1764450475.1153977,0.000026088,0.000016290,0.000024957,0.000026189,0.000027411,0.000037630,8e196de306904148294bb129f6c3d45810c7e2270f1b235d504297c9a3a5228e
713,1764450475.1176805,0.000025908,0.000019637,0.000037189,0.000053038,0.000061193,0.000098241,26067415d9a44efb3c3fb63b077e3c2c1fc4e82d1f0c17df5b4c4dabf2d8af87
714,1764450475.120002,0.000029705,0.000018093,0.000021119,0.000053870,0.000060051,0.000047428,d1c2afe53ab5b89cf4b95855debb03f04f78408423842178aed975554b959a5f
715,1764450475.1220098,0.000021119,0.000016140,0.000023623,0.000052948,0.000051816,0.000082833,e788c4f2bbdcbd310c1c30340ea6b29db8e7edcd0ab9d4f3d92a84cd89cac630
716,1764450475.1249108,0.000029345,0.000016050,0.000067003,0.000105685,0.000076220,0.000091589,b8cde7936f7f481ddf9539f962d737acbd470d1ee19f295fffcacfd187078fbf
717,1764450475.1270697,0.000058729,0.000031749,0.000023473,0.000036978,0.000039513,0.000050062,d8d86cc16b1a681f29950ffc7ae40867daa2ba1f89ef8f5aa99bd2172935ef5c
718,1764450475.1287637,0.000028282,0.000016811,0.000031358,0.000024896,0.000024475,0.000035015,e158053a326c02d92d7d5cf45335b5c703ff7e73196901a4ba8d6a1ebd8b65c9
719,1764450475.1310616,0.000023484,0.000016019,0.000048049,0.000058808,0.000042629,0.000084777,455e99f5f767cc59ee76aa1a31c756a908fef46a4a608926ae5df564255deb25
720,1764450475.1329575,0.000025558,0.000016871,0.000033222,0.000034173,0.000036087,0.000043791,c3b8665793510041b8879847c2a0cbeebd2c2468ff1a3362f44588bc9c282432
721,1764450475.134921,0.000035005,0.000021700,0.000025247,0.000030857,0.000035325,0.000060442,6708c6a1b7b871eeecc9bcc440b04a0374727f3e99f6bcf28a7b5e85a2644614
722,1764450475.13726,0.000023994,0.000015589,0.000055052,0.000066573,0.000055392,0.000075960,a4f4a0fc70c05cbf9d86f0629672c6335c2f8418bca4f14845845a804b8cea30
723,1764450475.1397285,0.000035315,0.000018655,0.000040114,0.000060331,0.000054701,0.000101547,840a3e5dce1a19497681b52d01fed177744d6e1537af9c0a5b0a32045ab988a5
724,1764450475.1419978,0.000027110,0.000015839,0.000032781,0.000044662,0.000054741,0.000102539,9222040825731c846f42012cac6edb63a1cb9947e544dbc71328651afd8d6a4b
725,1764450475.1442618,0.000029604,0.000020828,0.000023183,0.000052747,0.000064449,0.000078445,53cf85e62cdfef5d2b2fad7c30366a26e686d7030794e5619676fba3abde5efa
726,1764450475.146405,0.000025757,0.000015809,0.000046265,0.000051855,0.000046936,0.000079808,08b4a815b31238b35431598b2a181b961a4b561dcd81f3398a89170d444b9147
727,1764450475.148646,0.000037720,0.000023604,0.000039043,0.000039122,0.000042187,0.000049782,9d980fcda015255733db3beec66ebeeede9c8b005af12c3bd69473033eea386c
728,1764450475.1510983,0.000028192,0.000018284,0.000038802,0.000062606,0.000074849,0.000127104,0f468f0c482fe8e2c62f5f07cafa160866e87bae1c8e745c228f24bcc7d8a1c4
729,1764450475.1537945,0.000031538,0.000020598,0.000037219,0.000057245,0.000080348,0.000064158,9d147b89dcca14910a6510e0767fd7259fc1a5ccb001422b24da1ee574a4da7c
730,1764450475.1560721,0.000028703,0.000017312,0.000024836,0.000053609,0.000052597,0.000071622,08badd405e9924d9cf4a84dc2de1d5e06e7e90d81174906a2c34cf6c1988eebf
731,1764450475.1581159,0.000024615,0.000016981,0.000054150,0.000039473,0.000042779,0.000058618,315e5ee69d59e8d44bc23127947360e220fa2e93d4a8c59a3510faabe377a055
732,1764450475.160283,0.000034695,0.000024505,0.000036968,0.000032711,0.000037089,0.000044553,8c5cd4c4d9398bf74e78a4869e59ef30633954631f95b13b5f0bf5dc7e68bb25
733,1764450475.1626098,0.000029234,0.000023153,0.000026029,0.000058097,0.000059269,0.000078455,9f13404e1cd783d2414fbad5888d9ab0493e0d44c2d429a96c41996314a42157
734,1764450475.1648993,0.000042459,0.000032310,0.000030096,0.000062666,0.000035907,0.000075760,cc34810214037265a8c0eadcd58f4b3a81ddecccc4410a527cf15e762e59a52b
735,1764450475.1671708,0.000026328,0.000016952,0.000038060,0.000047308,0.000078104,0.000078736,9868ea62e989071a8745f9aba4f6a1a563faf7c8a2c0d82510179a7730773ff4
736,1764450475.1690981,0.000029163,0.000018525,0.000030036,0.000035335,0.000032309,0.000045644,5099ec46b72640ad7deee0a92acd7159a7b85cf5a90f367bb696be39d7b3f105
737,1764450475.171045,0.000027521,0.000015849,0.000036728,0.000033582,0.000036948,0.000043750,58c9adafbff2673fa6a0fcfd133b2d3b7886601f387db14f5b4b775c254bb55e
738,1764450475.1726665,0.000027902,0.000016761,0.000041487,0.000029124,0.000027330,0.000039343,910841f872030c62e6bb9ed9caaed994a204321de2e58ce268fccd5c81544f56
739,1764450475.175483,0.000032590,0.000019075,0.000047036,0.000069448,0.000069589,0.000062345,fe272acd28a2bba7f08ece0aba7ec86befba8278d15fb5582aad13a8c2c0806f
740,1764450475.177404,0.000033933,0.000020718,0.000024285,0.000032199,0.000033673,0.000039843,ae3c0e740d87878bb38bd6afaf637751702b65e1443e821b5ade51310e7375db
741,1764450475.1795018,0.000024485,0.000015769,0.000034564,0.000051335,0.000049943,0.000072023,95ad5168b7a16b0192a1f8c8a3ca287a4f1c84020505fa8a5fcb37cbbfe8c117
742,1764450475.1818473,0.000026709,0.000017733,0.000026269,0.000059169,0.000057436,0.000088634,ba06d757bf4d7d38fe494631cfdca5af983778b8f74fd4ed161f8bbbda163be1
743,1764450475.1844168,0.000024145,0.000015338,0.000041397,0.000042007,0.000047979,0.000068497,d27feb9afa46a00c1cc7e837d1e26d9fab24751b14427d9b3c71aab8cb3807b6
744,1764450475.186228,0.000027641,0.000016430,0.000039693,0.000029845,0.000033061,0.000047127,37f9069c9ba8ab68cc1439720bc605b840416a9487ce94ce27069216c797068e
745,1764450475.188188,0.000023483,0.000015559,0.000030877,0.000038971,0.000042979,0.000065321,29fcbe1233d3c80e9960a1e0a3cab585329475719b164468a504500188bff642
746,1764450475.1899407,0.000024085,0.000015619,0.000025778,0.000053158,0.000046726,0.000072805,3f5bbe7a125af7ffc71c5925da13a42797be5ca49f0e2b0b2765d334a71b9f96
747,1764450475.1930966,0.000029314,0.000027661,0.000070830,0.000076521,0.000122255,0.000084837,5c2c562450ba13c85889e43bb7f0655dd6d1d0b1e08c1166a3f7049db62af49e
748,1764450475.1957884,0.000040304,0.000018985,0.000030226,0.000058258,0.000057586,0.000094364,6de6481fd04827fb76554bf0d68031c46dbc10d48896457b40e82ae601a6f1da
749,1764450475.1983237,0.000028583,0.000016170,0.000056935,0.000050733,0.000071142,0.000094284,fa0c63e00149adf4708ee7fad2b6c17e72ae3f801556b1ba580a29b9baed5692
750,1764450475.2013502,0.000040124,0.000020107,0.000072043,0.000069989,0.000090026,0.000103171,c14d8fdde496bf9bd8fe6e7bd41e541230d22dfa5f848b3ee2540f9250cb79eb
751,1764450475.204465,0.000045764,0.000030346,0.000039863,0.000052437,0.000071011,0.000089785,20daa93d0769633707e0769aa77abe81d5438795ac6e0070e438e37b1061ada9
752,1764450475.2071948,0.000028543,0.000021029,0.000045123,0.000071943,0.000076331,0.000110314,ec3bc65ee700d4471cf25b78e5e9838e31d43dbabb6ea1353f9c53c941d9f09c
753,1764450475.2101033,0.000040175,0.000023123,0.000033732,0.000047267,0.000053068,0.000116645,6d924e07c51eeb071c8d07768d228a0a6ca14f8095a289e5c377d90d521c023d
754,1764450475.2123115,0.000026339,0.000017602,0.000023744,0.000052818,0.000049542,0.000080609,5a20d227c23f45a5334e193c231f7ddf66ed89b0433d4d09f86eaa978b373956
755,1764450475.2140799,0.000024495,0.000016490,0.000029224,0.000031709,0.000038451,0.000057195,f7c5e5bd6c669b7f784bb1e4333762864ebed4bbf9a52eaa44f310c8996e5bda
756,1764450475.2162037,0.000023052,0.000015569,0.000024726,0.000061975,0.000068737,0.000071142,cb63b91f963872d9491498a4e23f41625939f1c2033366b8bd191b582583d2b7
757,1764450475.2175763,0.000022521,0.000015479,0.000021269,0.000031719,0.000022311,0.000035436,cc93235c2ab0ab73e021c8e7eed7e18b92ad5af7038df0ca0e5c1c7814a0f2cf
758,1764450475.220321,0.000020408,0.000014818,0.000129419,0.000098422,0.000073176,0.000075039,ae31786634cc81b3af73b971a3016f81b0989b42e1237ce79bc3d43a13b25062
759,1764450475.2233512,0.000038250,0.000019336,0.000036077,0.000073255,0.000091750,0.000125883,3fbd4047acfc8430a43c7c0049e636a7b43069e2a881a1f2de70abb275c947d7
760,1764450475.2256653,0.000029024,0.000017022,0.000032360,0.000052166,0.000059761,0.000065491,85d0551150de4a69c608c658a774196bdb1b843e1906e95608288f7f399668c4
761,1764450475.2281804,0.000034033,0.000018043,0.000027901,0.000067615,0.000071733,0.000094805,37dbd600058d30920020bc4c34e007c3b4facdd074bb03c780c36143351fcbd7
762,1764450475.2302592,0.000023142,0.000015578,0.000024746,0.000053749,0.000050413,0.000086650,1847bd582da34025ba48a64257297883549b2c9c8bc0c341e847fcb29bd273f1
763,1764450475.2322125,0.000023964,0.000015508,0.000050553,0.000031609,0.000030376,0.000041877,1213caa75350be8a124f1d11fc7341406f231eb96fdb9c423df4b6a1431e553b
764,1764450475.23444,0.000031168,0.000016340,0.000029905,0.000039863,0.000054932,0.000071442,4594519517f4d206d0dbfc170ac83eea5fff5cac0b0b792ae60413375222d500
765,1764450475.2362883,0.000028883,0.000021690,0.000022591,0.000030667,0.000032610,0.000040865,aebb108ca06c30a6bee7bbe9b6b0464724fa9a90f2c811f34c8a32b213e1499f
766,1764450475.2380302,0.000022712,0.000015739,0.000023093,0.000029495,0.000034794,0.000054220,e13fad8830f5e2b1c578fa55b753c0d7b03b921e5d2433427fa0d6392c3064ff
767,1764450475.240604,0.000022361,0.000015269,0.000068026,0.000075340,0.000072794,0.000118198,fc8746773642578d78fc001fd78e50fdbdfe72a0060c32fcf87d475c9b83aa8a
768,1764450475.2434795,0.000037039,0.000020398,0.000033181,0.000069589,0.000058548,0.000123218,9a501b14e533051602cbe633ebc3d839a566b45dfa8f5c9bf54e1490b2925167
769,1764450475.245066,0.000027701,0.000016831,0.000023514,0.000027781,0.000027451,0.000038240,6c95516075a5786f0ec17a773c9420ca80cf0c0d3b8711263647dcce4d8552fa
770,1764450475.2475479,0.000023935,0.000016311,0.000041857,0.000060782,0.000068226,0.000070250,2404933ab223351f2b102b539e47e1ef4dcb1f9f0e90ae1411b834971c20f863
771,1764450475.250396,0.000031158,0.000017422,0.000069919,0.000050032,0.000066613,0.000086339,7cddf9b7a89e120594020df08a6a2ea0ba328999d874b4f9b5770b02cf4b4833
772,1764450475.2522545,0.000032440,0.000017903,0.000024034,0.000032390,0.000033141,0.000042439,2cbf9dc635298ebf0a53050bb4a77dd3c7b66866bb9c71aa05057ea18ddd9a6a
773,1764450475.254268,0.000024556,0.000015218,0.000037329,0.000038511,0.000039593,0.000078085,fa4f1e764295a83a1fa8f611c56c7be3e1b9a70f9deff6131c28bc5e96763a04
774,1764450475.256865,0.000034113,0.000018414,0.000070150,0.000041647,0.000044462,0.000056664,5210529d699d5e7d15d715b1fd086bc459cbb43d62dcb083b3150bbacb562e3a
775,1764450475.2597122,0.000045864,0.000026249,0.000026699,0.000051886,0.000059270,0.000081370,507b4e3edd205272ef1878f7337257c01080c5476d930f28a3d650ca20a73406
776,1764450475.262196,0.000026910,0.000030336,0.000034564,0.000051094,0.000044452,0.000070280,45ef0f975013b887520c12cb13e1719129b86058d263f65ae72d36f22e368de8
777,1764450475.2642794,0.000031859,0.000024906,0.000031718,0.000040325,0.000060191,0.000044562,4b4096908e486bc739eedb5a0276b0936464103bb165b1e3f2a1a775fe7ce45f
778,1764450475.266908,0.000028042,0.000016320,0.000043881,0.000097340,0.000090818,0.000066162,f4d733ba6603ce72d16bc369c41e3622280400b9d0a9b3309bd625af4290f787
779,1764450475.2691784,0.000027681,0.000039684,0.000030506,0.000032490,0.000025217,0.000041537,7d00b9c1ee21652d838b217786f8758898a215f05a076e82ccb3f32ff82612ec
780,1764450475.27153,0.000023784,0.000015669,0.000028242,0.000042689,0.000114702,0.000054511,cbf1e04c016e01b17fc628e27d3081e6cd43fb1538b38173e56117e1d6ecef20
781,1764450475.2742577,0.000026870,0.000016170,0.000080469,0.000033773,0.000040915,0.000046586,ec55da727504e031e436a3c96cb8855cba5224bd17876de395754ac5f2f3fecd
782,1764450475.277452,0.000041867,0.000018434,0.000028583,0.000090808,0.000094305,0.000151780,82e877acededf2ed0b6de8045757fe0bba8e463302254834351cef22de6e05b7
783,1764450475.279655,0.000025367,0.000015579,0.000028152,0.000053650,0.000057075,0.000086480,318f5ea49abecb7cb339fabfe6010bb48954079b5638ba3a1df474ff1f465e4f
784,1764450475.2814682,0.000028733,0.000016861,0.000028943,0.000029955,0.000032069,0.000040696,616ffe22e2fbeb4ac9b3cb83b73aad622288fbe2a771f7a12f74f7c1e882a245
785,1764450475.2842135,0.000028313,0.000022792,0.000044151,0.000051745,0.000071201,0.000082032,02a9a1b3bad82556646dfa73ced822cc855f8839844ee0732301779081610095
786,1764450475.286005,0.000025387,0.000015959,0.000021469,0.000066653,0.000046236,0.000069669,7e788d2fb574d2fda57b48c2b2de19c97ab2ced85578255e76277e4fe8777acd
787,1764450475.287567,0.000021349,0.000016570,0.000030417,0.000032720,0.000033602,0.000050914,131f3f95bc9cb742098f39750558a32222ed27acc9eebdf25a128ce494ea5ded
788,1764450475.2900097,0.000051506,0.000015489,0.000053359,0.000051996,0.000045143,0.000081891,8ee0acbb07f7ea2d80b7058ba5b19490a70eb909380946085d7657567147555b
789,1764450475.2923617,0.000035937,0.000020808,0.000024285,0.000047938,0.000048840,0.000065351,e644d0166ad8cea451781f132c3698626eda19511442099ff57e926501ed36bd
790,1764450475.2947996,0.000022772,0.000015568,0.000043751,0.000065370,0.000063657,0.000079627,58b0c6290400fd6b55450fb0d4a02005abc1e29bc9ab7d23dd55eaac23b39358
791,1764450475.2970338,0.000042328,0.000031188,0.000023593,0.000034864,0.000038250,0.000058478,fd3a60671381d7f0ddcce200154fb0727e9e06ed42a35d133665ed3c7da38790
792,1764450475.299263,0.000024405,0.000015959,0.000063127,0.000043190,0.000062435,0.000051836,51a9ad0204ffb4d9bd79f3e047f367f7e14fdf900f18adc4121a34096c867a0e
793,1764450475.3013067,0.000034985,0.000020778,0.000026048,0.000032089,0.000031829,0.000064990,0706c54ea02ad0d77db8a63fbddf054efbf191c5596ea896aab1196d466de9c7
794,1764450475.30339,0.000027591,0.000023453,0.000021229,0.000051395,0.000046907,0.000071542,d10c6b93aaf0ce0a5036c8f323c567d3e4150ea325873a7862bdf59f350a01d5
795,1764450475.3054323,0.000022031,0.000015218,0.000023824,0.000051596,0.000048459,0.000078475,bfd469cf5ff1a698188ce754d7ed06abfd21fd152b29b6bb96acae04f60f54f0
796,1764450475.3073907,0.000023524,0.000015489,0.000041807,0.000036027,0.000048169,0.000067976,910c082f10add477a66195034bc4f6b5fe308a15eaaefb7cdce560312519efc9
797,1764450475.309626,0.000036568,0.000021781,0.000029354,0.000048129,0.000064389,0.000083815,5b1ce576b4880a85576e9eb5acb3a320af39ad5ff0ac7005bd65666608397f9c
798,1764450475.3112645,0.000026319,0.000015969,0.000020778,0.000029013,0.000031508,0.000045534,914d4d7368dcb1527579bff11987108bfc1a286b04df99ca5fd06d34b9ea0b63
799,1764450475.3127542,0.000021489,0.000014727,0.000028081,0.000027331,0.000027721,0.000042588,5971fc873c9238c0a78c33da296e5e767e7abad1ae7f88717484f7704dd69f6b
800,1764450475.314398,0.000023784,0.000015509,0.000026248,0.000032490,0.000032721,0.000050193,60547ad7014862448eb1d2b8073a96a657e7d340ec32e4c1fce2b6be62d2a9dd
801,1764450475.3165581,0.000025527,0.000015929,0.000042178,0.000056344,0.000054340,0.000078365,db9bdc809907290d767eed4482c402f945ce327acd683fc2f90e7cc6e3675505
802,1764450475.3189855,0.000035366,0.000018925,0.000036738,0.000043651,0.000041567,0.000104233,55a7e52deff2a9540e2d6d146f58b31307e4387b5e90853374cfc336f163aeb0
803,1764450475.3211122,0.000030716,0.000016340,0.000025658,0.000055382,0.000048008,0.000079918,bfe4a133fd15da106dcb643244051b9ec84f5d1bd43572fae46f652237368ef0
804,1764450475.3235059,0.000027611,0.000016120,0.000045143,0.000055682,0.000063637,0.000077373,4dc1650fa5dc5c87a0533d9ce8f9b400f942e20d0d28e21a2d87c80e38126db4
805,1764450475.3267133,0.000047057,0.000033512,0.000037789,0.000055352,0.000075119,0.000100807,71f1649de27ff3b43afe801ab0834266e8a32309d3690079abcf3262cc4c743a
806,1764450475.3287337,0.000027942,0.000018484,0.000021820,0.000060372,0.000044943,0.000085317,115de93e78365a9f63081ca6bafe8facba7c4ca0ce6d30ff3abc76dc4234c9d5
807,1764450475.3303673,0.000022201,0.000014477,0.000035917,0.000027130,0.000027330,0.000038561,bb95f78501f50bdf663516fc7db446190ad8da3b82af60e7c80450db7040b3c8
808,1764450475.3323195,0.000028883,0.000016971,0.000036097,0.000034223,0.000047548,0.000063988,f13304bc138375bbffc32f51ecc24fece6597f069b86dcd2724e6ab803503ac5
809,1764450475.334937,0.000039042,0.000028252,0.000030226,0.000083404,0.000057335,0.000083013,e6015a4dbb4da5f6694fbe67bf4a543bd0601a5f5e20e58e79f9adcfcd8f2bb1
810,1764450475.3364031,0.000024345,0.000015388,0.000024275,0.000024535,0.000023884,0.000034233,365afdd17656515f0eb4d3255f110a88e506ada536a12149648bd22f4dd4b9da
811,1764450475.3386018,0.000025708,0.000016170,0.000038932,0.000051485,0.000049170,0.000057035,688a1b8b9b0f5a54495a699e787ebcb2ac2d973ada36bdebde4c9d60e783a0d1
812,1764450475.3405447,0.000028112,0.000016591,0.000042599,0.000030927,0.000035045,0.000042929,5c03bb3993e112fe018ed391da72e097862a76357f4693ebd07d869ed91dbf03
813,1764450475.342595,0.000030737,0.000016630,0.000023233,0.000037539,0.000050353,0.000067755,6369d6a43746959b84c26e9a52cf5c5b0bf98af79abcaf14e35cad872bbe0a75
814,1764450475.34421,0.000023994,0.000017953,0.000021049,0.000028373,0.000031969,0.000047438,3b64b4369db7131197aa490e45f1f4fcfcebf7f6a8d65454ea1b1ed48a6e9f2e
815,1764450475.3459232,0.000022111,0.000015990,0.000034704,0.000031228,0.000032801,0.000045414,ef47e7641c7e6d367b95dc961e6feaa72a6f1e3354339c5a44eb8a957fdeb4c9
816,1764450475.3479133,0.000026138,0.000016320,0.000028763,0.000040235,0.000050493,0.000061323,be014dc0e0448214f18e37b93e0eb9c5418ec95cc1d5bdf6d5d6f5c95048ca12
817,1764450475.3514004,0.000024806,0.000016220,0.000068246,0.000069268,0.000088513,0.000070040,8f966aa6bad70c1265782493845b395cb87e5e6e42e91664c02bd1639166a7c4
818,1764450475.3539963,0.000040394,0.000018494,0.000043039,0.000059941,0.000059751,0.000097179,dad06ae220eed9f6e0f9c1901e14b06c8bec118e73fd884d8a084858f1458136
819,1764450475.3569152,0.000036317,0.000024325,0.000040735,0.000089045,0.000076020,0.000119330,b5a8783234102edacf5cfab21db5ac1e91a017476ce54ab345b65cbf7e49c444
820,1764450475.3601732,0.000027500,0.000017842,0.000071802,0.000061964,0.000059590,0.000096348,8c8e474ba209f6f2b94491eb81523e1c2094880eaf862a0d646f5a2ee511eb92
821,1764450475.3636358,0.000047227,0.000022692,0.000033241,0.000074538,0.000087762,0.000119150,15dd6a404edf95b306784bd5f327b64aef1f324122435e7949abb9afb01829bf
822,1764450475.3652384,0.000024776,0.000015579,0.000024004,0.000028343,0.000029955,0.000036838,84101579490661841d673b7112b863cb911f0afa522fa06ea1bca6e97603aab2
823,1764450475.3674757,0.000028903,0.000016590,0.000065521,0.000039272,0.000044112,0.000048830,7d3f462e05ea998c18de4ae83a5afc58ba63bfa6a7ad629604c599f8cb983e6e
824,1764450475.370795,0.000038491,0.000019676,0.000072203,0.000095466,0.000102620,0.000148554,18f2cec680e86f0335c1dae4d80f9869b31cd5f8c598ffc6a1a53af19a29279b
825,1764450475.3743856,0.000057607,0.000023964,0.000078475,0.000085948,0.000116665,0.000141121,6280d13846cb79817fdc044505f7e0b90cde8f45523673e8517ee30378cd3982
826,1764450475.3770785,0.000036899,0.000018604,0.000028282,0.000053689,0.000068417,0.000066232,4074ccdf6e17fd5fad9d2f7f96c2dc0a5534e8b5cd4ccdc687b3524ade7125fc
827,1764450475.3785481,0.000025317,0.000015889,0.000021429,0.000026099,0.000025276,0.000035636,bedf124ce54331015ae20e8f9dda595b31567d8941dc96818daa6a376881519f
828,1764450475.380921,0.000027281,0.000018835,0.000038160,0.000076301,0.000050172,0.000069067,45c9d3b58826e68512ec3083d398245a0d891827517b303055b922618e95f14b
829,1764450475.3830407,0.000027270,0.000017542,0.000028843,0.000031929,0.000039523,0.000069449,5c67fc8856d52d3968b4b527f83a0909ede0be8756802859a5676df548a42b91
830,1764450475.3849325,0.000025127,0.000016320,0.000053118,0.000034193,0.000040514,0.000047208,e71041cb5f1bc1afc289580ef0f1e024088b6313b76ccdd8123cbbbef3157ae5
831,1764450475.386971,0.000034684,0.000018193,0.000027651,0.000071471,0.000030256,0.000073135,4ea321d9b3a3d709a31fab141a98226534ce72bb1da3656556a0e4eda3ad771c
832,1764450475.388845,0.000033141,0.000016741,0.000035635,0.000026489,0.000030416,0.000038101,dc664286f97d88627009c164191760744aa6979415347bf4d9dc9d4db29b5f28
833,1764450475.3912733,0.000039393,0.000018143,0.000088363,0.000036167,0.000040585,0.000050934,dc4e30c732d4d417c848c3c82f622caf21d70e1f5251339ad3fbfec1e1f4d57f
834,1764450475.3936348,0.000037729,0.000018434,0.000041387,0.000030516,0.000029916,0.000054410,bd91fe47665616b3ec3e26cf502f142ba2684457e5c0823364253765b2ecd01a
835,1764450475.3955727,0.000041606,0.000029444,0.000027291,0.000028392,0.000029765,0.000041316,4c0da46c75223d6ef98f90d6d2b9af8ecc54eb15e378a9b0996b715659321dcd
836,1764450475.3982456,0.000023884,0.000016781,0.000057927,0.000057587,0.000069107,0.000090498,7202dea5499f1128abe799efa0c86a1a2c6ed9e389f2673089a91673faedc7ba
837,1764450475.4009109,0.000037459,0.000019996,0.000044251,0.000059740,0.000057977,0.000093122,c4c2243549c5976432cd5a2c6687e5b9738b8dd961f7cc324efe1ac58eee4d3c
838,1764450475.4027565,0.000036988,0.000024976,0.000021680,0.000031038,0.000039763,0.000042047,6b1a654d566f4b1cc778d93319344707f6d1072bd9f6734c90f6b8b91163e629
839,1764450475.4051666,0.000023784,0.000015769,0.000028423,0.000072364,0.000074027,0.000094204,9c85946b7c10fe19c0886e8fa1e1605438ca1de4db9dc9e181b026f23175bdc8
840,1764450475.4078074,0.000030085,0.000017613,0.000056645,0.000046937,0.000053549,0.000077883,8398c359738f56dbf7ee914a98798c34733b0fadf64ff933dd4356e056409859
841,1764450475.4106784,0.000047728,0.000037630,0.000023364,0.000034674,0.000040384,0.000061263,f5574baf285b6cd539cccfc910aa9c8643a7bcd8e7cca253a401b68ceb826873
842,1764450475.412789,0.000023904,0.000015459,0.000031759,0.000053889,0.000050874,0.000098192,ed324da16c041f15bd9953af96fd1601f1169bb05099f9d8c85af04fc2496675
843,1764450475.415132,0.000028172,0.000018584,0.000062645,0.000034914,0.000038250,0.000046907,f7894a386ad5e2329fd433f227068e2a74d599381aa436b53ae4f2a69c6c8eb7
844,1764450475.4177587,0.000030857,0.000017092,0.000033472,0.000039674,0.000046937,0.000068096,1718f98a7d481e2193b2f2fa6d1b63f605b3de7c03dacea4ccb25d425a9da7b9
845,1764450475.4198344,0.000025577,0.000015919,0.000021249,0.000066022,0.000047709,0.000073155,a996a4f0356e7e449ebf18051d2147f311a22413dd337bc7f5a6e71e47c796c2
846,1764450475.4219759,0.000021991,0.000015389,0.000027311,0.000057055,0.000054881,0.000092220,289fa275865c9320a7917c71784a3d97da724aaf5115d2cbc573ccf9a08b363b
847,1764450475.424114,0.000032180,0.000026799,0.000036167,0.000041416,0.000053218,0.000052387,b031af1fa453bb97da11a59d97747ef666e33603cfb6a5851e7abf00e9d63522
848,1764450475.4256992,0.000027180,0.000016490,0.000020929,0.000029845,0.000029866,0.000040835,30fe4dff2c54627b04efb056a0dc0d1b4a0098bde36eec9df39564bc22723c57
849,1764450475.4274154,0.000021620,0.000014687,0.000023043,0.000028734,0.000037299,0.000052477,f92f9ce42c965febcbd8e46475e9c22acc3895d0313d5bd401ad3c7eb7ccf119
850,1764450475.4294736,0.000022852,0.000015669,0.000032189,0.000051515,0.000047598,0.000089736,72f0dadc12b21e8c39234c2abdf30cff297f7c55a75bc68eb45f1046f259a2d0
851,1764450475.431674,0.000029324,0.000018855,0.000081130,0.000038230,0.000043461,0.000051274,964cd056852246a2f4ff1ae4aa57b619b77ba5dc63ed7f4f04dd4fcd5b7d1e6b
852,1764450475.4347262,0.000043861,0.000017492,0.000076321,0.000074768,0.000078244,0.000092681,db4a99402787114f4481f9365a4610ebc71826b376e89fd6acac27a3209621e5
853,1764450475.4367437,0.000034324,0.000025397,0.000024826,0.000038952,0.000035285,0.000044502,46e7e0b0d4e3675ac27e7d5d213f6cfd7771ab1ae38d9876ee4083fe4ecad1c4
854,1764450475.4387305,0.000024986,0.000016931,0.000033261,0.000033292,0.000031258,0.000063798,6de0facbf2e53b86f8c75f59ed7302baf2d4a8870564c7b4583b9e45a0bcb508
855,1764450475.4416397,0.000026479,0.000016009,0.000053458,0.000041818,0.000048960,0.000059860,07bf61ab9abaad2275990ebf364477f5b5ee28e71dbf62724a79bc4d43ab1349
856,1764450475.4435346,0.000032610,0.000018174,0.000022161,0.000033812,0.000037810,0.000043911,3f4a4c12beebf2d3804d9d54278ae9457b9caf8d5a5c8b2c5a678a624e360657
857,1764450475.4454153,0.000022692,0.000014788,0.000022572,0.000049701,0.000041516,0.000067494,42b77eb840ad5e5e3732bf319437c818f947868a9b049cef41d048d1880c15b8
858,1764450475.4481578,0.000023574,0.000022061,0.000058108,0.000091239,0.000085358,0.000096589,f24ee4ff4984dfbc38f7f7238c51905680ba0352258dfbfbeeb44bcb5aba6633
859,1764450475.4507344,0.000035246,0.000019335,0.000047568,0.000058528,0.000061724,0.000086630,340bf9082d5732e32eb0dada2304209a35136f6b106e6918d02dc3f65011a1ef
860,1764450475.4533744,0.000043290,0.000030236,0.000024836,0.000055312,0.000051865,0.000074858,3a67aa1ecde704beaf692c55f54631a40b4d4fc47f975c92b234d7c70ca153ec
861,1764450475.4557455,0.000023754,0.000015569,0.000044312,0.000057105,0.000052807,0.000080990,df3292f84e80f3df732f925791b877f50661a9bd8f2aaf9fd45f06868078ba39
862,1764450475.459174,0.000050644,0.000024054,0.000051174,0.000064610,0.000070801,0.000097129,36656c5eb87229cca273aa67759705717f68b7776f3f6202436894d4c95ceff6
863,1764450475.461689,0.000029204,0.000017342,0.000025958,0.000040815,0.000046185,0.000066663,fb9b0cad4dc6a5b3d053c2120b81c65c145bbe3eb4a0fbbc49ac4330f6a257af
864,1764450475.4636004,0.000024746,0.000017372,0.000034163,0.000034494,0.000033542,0.000055562,f0fe0c07c83724bf920eebcbaa143fd81e71a9d368a6981ca1504297fd8d7704
865,1764450475.466569,0.000033031,0.000018975,0.000055602,0.000050182,0.000061964,0.000067345,c6e5cf4a3978e79de07071e142c3951a459660005f77c6e20ba74ba2aac5407c
866,1764450475.4688778,0.000034284,0.000031187,0.000025357,0.000039794,0.000081511,0.000044061,665f4ede22678d918f6d953ef7a6791e0b787d4436e810e591445b27993b7947
867,1764450475.471253,0.000022782,0.000015709,0.000040295,0.000038150,0.000073395,0.000068366,c33705f903566cbb1f3087a0b960b7017c7fe6957933eba1f1f0930344f8fc7c
868,1764450475.4738944,0.000031969,0.000018765,0.000049612,0.000062746,0.000080117,0.000107158,439cc2bda3d9607a6940a99deaf5712be887099af9bea8cd6ab9e183491b59d2
869,1764450475.4758031,0.000029444,0.000017643,0.000039112,0.000030737,0.000050092,0.000040004,1787851e33fde217208919ce410d525a009ea8efb6632219f0e939fad6d2ae8a
870,1764450475.477959,0.000031748,0.000019897,0.000042288,0.000028021,0.000026640,0.000041486,eca69cf03e92ab2725e5b3ce63f7f61fc358ed62b03fa7f93b03038769d98837
871,1764450475.4815633,0.000055142,0.000038100,0.000074097,0.000083635,0.000091049,0.000116595,3fa9b8c9a32d0ec40c0acc0f6832bb651c075d419de40076ef88f7e038a736a4
872,1764450475.4845674,0.000048860,0.000022471,0.000029845,0.000063147,0.000099644,0.000087932,cc3ac2b67334fd141165fa58f85ac28231f471c0f03bd5f8abc7b4db313e0f7b
873,1764450475.48628,0.000026148,0.000015860,0.000020968,0.000043070,0.000030116,0.000069408,7f62c415ddb3cca71e83db5c8edcf684912719eba4b0d6570823395374e85b55
874,1764450475.4880013,0.000021530,0.000020198,0.000032139,0.000031839,0.000034544,0.000048750,6d8df54941c2e69a29c95a07ed56048eef6962af1a2dbb945028452a1038e315
875,1764450475.4901693,0.000035164,0.000016981,0.000045644,0.000038791,0.000043951,0.000085708,426e0494ee77d2f5b0bb29f0cd21ac8f51e2386a41514c9e6a03ff0c5c380c67
876,1764450475.4918106,0.000028072,0.000016670,0.000021399,0.000031818,0.000033021,0.000041847,39093ce5d39ff744e07396287c9dae5f586a6fdf585a3bbf5008bf34dae8a08b
877,1764450475.4936266,0.000021440,0.000014817,0.000028713,0.000064258,0.000027892,0.000040745,234ac1b922e948aa351b7c5428733ee16ef3a03ad551aaddc5eedee59beb48e9
878,1764450475.4957128,0.000028422,0.000021980,0.000027651,0.000067886,0.000045785,0.000055062,9995067cae4a8e46d48876155971cde4c5e339e1c7f80938b7937f5c4f7037c6
879,1764450475.4976358,0.000023433,0.000015900,0.000035295,0.000036547,0.000057146,0.000044643,b8bc97af7f6d32fdfe749ffc6eb098fd63215bf540ff623662e42c1e8f27dc7f
880,1764450475.5000787,0.000028552,0.000016461,0.000066623,0.000041877,0.000056274,0.000066683,85788bc44634a86ab1d62e4982fc89ac4b43279c331e539ac5d9be5cfa052676
881,1764450475.5028813,0.000046757,0.000030486,0.000023333,0.000089957,0.000086971,0.000058689,5d3bf1e32a1db1aee515c9a14a3336a34095af3392ead50ba9b0228edf0659c6
882,1764450475.5046837,0.000023934,0.000015218,0.000046786,0.000033612,0.000032881,0.000039814,b610c86e7076bd1b3bdee0def179c099e44c238859468ea1e94c0302cf082e08
883,1764450475.5075655,0.000025697,0.000016280,0.000079106,0.000087351,0.000092921,0.000131803,11783232622dab2a10a8bc910a70b898ca550f8ed643e6ae47dc65c1ca788a22
884,1764450475.510346,0.000043670,0.000022802,0.000024325,0.000042769,0.000051515,0.000095136,30c3776f8a6b076ca176f0ea911ee9b30f1b5893ff493f27b57753b579d97d37
885,1764450475.5117123,0.000023944,0.000015799,0.000020678,0.000025597,0.000022832,0.000036166,31348973be10f58ca64f4bdab8ad6f93bd16fb43f73494ea7b6d883600198f68
886,1764450475.513723,0.000021790,0.000015539,0.000049421,0.000036217,0.000035466,0.000053599,689d9914c0570b59887365f1392c6b82e8ed63ec800b8933022352cc7de5e9c7
887,1764450475.516258,0.000034905,0.000017813,0.000033763,0.000048089,0.000080318,0.000069819,916b69675028cb0ad5edb387c3aa54eae347423d72bd7d0ac0a2d8669a03a270
888,1764450475.518256,0.000029825,0.000021209,0.000039002,0.000041307,0.000047287,0.000063276,5a0128834a2ffa65163f9b9109483be1d723fb5f7be014c52dd2f3c23b98840d
889,1764450475.5205033,0.000029574,0.000018654,0.000023794,0.000052848,0.000046155,0.000075058,d2f500ca843827077bbe0b97b1a112b5c97ab12a0a795daf13205c4b9917befd
890,1764450475.5225854,0.000023002,0.000017191,0.000052647,0.000039543,0.000043981,0.000057146,078bf70f3701bb2f0c66ab09ea1201eff13b05e8b9eed8d1eed9a9195b34bc83
891,1764450475.525182,0.000047978,0.000029985,0.000036287,0.000038351,0.000042329,0.000051074,5d64415dc95b1b7872dc0dd29ec6f69683577178747e1fe808b758dd17382000
892,1764450475.527484,0.000026398,0.000017031,0.000022541,0.000053719,0.000056654,0.000080699,008c87e20f990648f118970bc8ce434d426364961818c0382cc1d2d19683fd85
893,1764450475.5295985,0.000022482,0.000029665,0.000026429,0.000040164,0.000029855,0.000100265,e1ef19320c576cf0b94cdf00335ca74d88a369a04b7eb4b26e1ccfbca7f6dbb4
894,1764450475.5324996,0.000022662,0.000015909,0.000071533,0.000048860,0.000052357,0.000074438,df17cb6b043024127a6c22456d3a1474530ae7ee55f71ef76a1ffdbf27bd88cd
895,1764450475.534969,0.000057156,0.000032541,0.000024695,0.000037539,0.000037489,0.000049802,36c936a3a9be69cae837374640cd9babd504e3a4429d561345113a1424bffa09
896,1764450475.5366526,0.000022893,0.000024445,0.000045244,0.000025717,0.000024175,0.000036087,6b5426d39d48e16a81bef4a9f8bc959695165f3d4d1f9d463a4bc239338a6dde
897,1764450475.539076,0.000046266,0.000031478,0.000043961,0.000047928,0.000093021,0.000065180,5baf589545087f71ff721b625510652f25cef798828b6b9ac0fa393a05066836
898,1764450475.541774,0.000034514,0.000020308,0.000036217,0.000043190,0.000052697,0.000065220,5ddd73b593249c41d04ddc2cc0ad1ce2954eeb167e976662c1853ae1f2be9554
899,1764450475.5444667,0.000025948,0.000016300,0.000024255,0.000062646,0.000066453,0.000084827,3cae7b22efcc12b3a29225fc4a8e0141d75b733a5f61f7b18d394a4a6a449866
900,1764450475.5477214,0.000043370,0.000029615,0.000056434,0.000072995,0.000075159,0.000120733,98f473c33f2b7a50797b8e101f88d6362e69e1bd2fee075507a0c9fd67cf1ea3
901,1764450475.5507238,0.000039523,0.000019426,0.000035466,0.000084065,0.000107498,0.000140439,9da8b025f8ad5b589c389ae12db4b8a8e993f279475d0344636959d48a0af6db
902,1764450475.5525067,0.000025888,0.000016360,0.000026820,0.000033742,0.000037359,0.000042479,969f5afdda88059e6c75d127776f3b792f3a6c834dbd1f9bac2a5229506721a3
903,1764450475.5542724,0.000026349,0.000016691,0.000031238,0.000036056,0.000042880,0.000046125,429a74423e09a0e9f68af1e603957e8f99239bb0b9ababb7567d1b86090dcedf
904,1764450475.55723,0.000029154,0.000028954,0.000068356,0.000062015,0.000059580,0.000097370,3e52923bf7539e5658df60943029c38cfdf6aef55209085ba23b217d4a274add
905,1764450475.5598562,0.000038210,0.000027331,0.000025317,0.000064970,0.000063468,0.000088554,6cfb13eb7f3a50c4d1fd5d8ab047ceb6176fbe0d9c4b6cdd552701764263684b
906,1764450475.5629208,0.000046335,0.000055343,0.000045914,0.000058708,0.000042288,0.000089946,231dd3d54e5b32c0bf31bb37334c1706f7e2d2e94f5394c3230ceabcb64c5853
907,1764450475.5656462,0.000037179,0.000023032,0.000050463,0.000061894,0.000073005,0.000085979,4f09967285b168e18555c66343faaa3ba4a513b25b9564fdad166a6d898637bd
908,1764450475.568444,0.000034324,0.000016861,0.000057787,0.000041838,0.000048089,0.000062635,d2d53efab96386dc458865735dfb8b1f9d9986e95def46d9565ba4f7d601a64c
909,1764450475.5714633,0.000037338,0.000018745,0.000039293,0.000083274,0.000078816,0.000116586,4de3b94cbc60c1d9b1004432e83e80ca325ba4da47e0bc5e65d0abaf348ddde7
910,1764450475.574818,0.000030136,0.000017352,0.000062766,0.000100044,0.000127004,0.000138737,fd25f45ba75c8004637d1bbace3fa446b487c146cd444e2ee516588d65824f84
911,1764450475.5773237,0.000034153,0.000017833,0.000065651,0.000038732,0.000044602,0.000048750,fc651f6c9f0a965181fa016e3519b1f428634d8f99a35bf2b0d2f2f183707ec2
912,1764450475.5799632,0.000045263,0.000030025,0.000050162,0.000052587,0.000063597,0.000084827,edcc60f99904eab1bd5c30287cf519c07c81deaf9a7ec247b537fd6cccd91b0d
913,1764450475.5832934,0.000045233,0.000020237,0.000047638,0.000146871,0.000089044,0.000149607,b0261186c2cb72b2e00e6ddce091caf73090982e493f0c88f4dc9dad8f904b7f
914,1764450475.5854075,0.000034994,0.000025237,0.000027901,0.000034203,0.000037630,0.000043730,ea2dcff2a3220d36094ade7a52c40d6ee619a0f950c3ed29fa2f1140bd01e504
915,1764450475.587102,0.000026829,0.000016771,0.000024225,0.000027982,0.000025547,0.000043300,4ab7a0a8ce48d55df13587f37ebef359e5bae4dd4cc82fd4fdff4b05f760955a
916,1764450475.5905306,0.000049101,0.000028222,0.000080909,0.000049141,0.000073175,0.000105325,5ce7432621bd217fd1733ea1c593c8c3aa820619683076f93d6aa01d8e7ff431
917,1764450475.594259,0.000039373,0.000019166,0.000059059,0.000064690,0.000065371,0.000155397,35821b173416f6a7f79ed71c8a170e98502e49deb352bf48bffea67fdf8f6369
918,1764450475.5975535,0.000030045,0.000017573,0.000099384,0.000071161,0.000073526,0.000120041,a022bc459dc6eeb650b8c40cc7e9e2d5d4816c7a933ebc05e04fdfc00106f481
919,1764450475.6004443,0.000053249,0.000037139,0.000026419,0.000041497,0.000045935,0.000079447,cc781f65d29c1c12abebf5847dda75c2d41eec5c6234603fd8617e416a2b6fed
920,1764450475.602677,0.000025157,0.000016320,0.000030387,0.000033081,0.000036568,0.000043650,ccb7027456dc5e43491f852957b6f1da3e12c6e9399e7940c67779a719d2c29e
921,1764450475.6053271,0.000026088,0.000016751,0.000055332,0.000043380,0.000058418,0.000065541,2d95e0616559e444cbbbfd779c0580d42ae0fe3c1ce184278bde05c88bd46511
922,1764450475.6085706,0.000039223,0.000024314,0.000044271,0.000086320,0.000094835,0.000134198,d14598d60493dee73e60c1d2583e7c5a4a44b1c3e38f4eca1c7a3ba5933a9a97
923,1764450475.6111104,0.000034875,0.000019947,0.000022151,0.000035877,0.000039413,0.000054571,fbb003cdc9baf973124714e8611118a6819539ca699e69da19a19246ef919ff9
924,1764450475.6134417,0.000023183,0.000015819,0.000050784,0.000068176,0.000071733,0.000098802,d01f6210a87719c7dd279f9e21b3c7c6cbb113df47b7af151a5fc5feb53923ba
925,1764450475.616558,0.000037239,0.000021419,0.000052406,0.000041937,0.000049771,0.000079076,3ed2d413a54e28e481a76b3d12b1727867bb743b012b6e0e7c3f0151d7b8b6a7
926,1764450475.6189566,0.000052327,0.000033392,0.000029585,0.000029684,0.000031638,0.000040144,e6f6024ab3fd512b41654e01a193b0abec964c79c8f72b1bb7aad4a4bbd79e3d
927,1764450475.6207244,0.000023273,0.000016060,0.000053338,0.000026769,0.000024044,0.000039182,0fb43ce95ba05c94782051990f09c95f635d4514adae9a2b806f899d3cec7b30
928,1764450475.6236749,0.000057666,0.000038652,0.000040695,0.000071893,0.000074868,0.000113299,16315783fff7505ad4984ee77d5d5cd0d9a19c07d718c46d5fe2dcd415d32c04
929,1764450475.6258764,0.000026138,0.000015990,0.000048610,0.000057496,0.000053860,0.000087712,3a3e0ab46d21195fcbd497ed8af388d380ba68627755c210636401899a3c5ddc
930,1764450475.6287978,0.000045243,0.000043741,0.000030246,0.000068296,0.000061203,0.000072073,ccdc251225908bec916a88a3a6d602972a4521d17fed4e03c67c8b677f32d596
931,1764450475.6306932,0.000026439,0.000017472,0.000029544,0.000037600,0.000038691,0.000058188,6c88ab238a7ee22c8cd030db8be5671aecdbae642577d979974cf372a1107f6a
932,1764450475.633101,0.000026689,0.000017282,0.000040435,0.000063207,0.000042408,0.000051645,c2f51695339a04efae6175c129054657e03583774b2b251ca2f2fa271818f3aa
933,1764450475.6352386,0.000026278,0.000016560,0.000030617,0.000061403,0.000057235,0.000075239,00909ef67627101ed6d7c5ee5d5ad31770826b0008599d139f2af8c2961f74a4
934,1764450475.636771,0.000025407,0.000016050,0.000022822,0.000028873,0.000027000,0.000038321,40fd63ea5be53d15bf5bd384512bac8fcbcff63f618cc712201f6f44de5a6854
935,1764450475.6388497,0.000023914,0.000016380,0.000039113,0.000063307,0.000047578,0.000042408,58c03a5d8f6a93c60166dea75132777f11282121c5ba675c4a399f72e46b1878
936,1764450475.641295,0.000041427,0.000019746,0.000029204,0.000043079,0.000037218,0.000115394,2c33c13d43aae3b237701eac7c114482282466c17863bebb78af650f3f976691
937,1764450475.6438339,0.000027250,0.000017162,0.000026078,0.000058969,0.000055282,0.000074417,9b1208b2c9bb9ae94bda51558056044ef35bf48c0c5a02c81928f80b30610ce6
938,1764450475.6462464,0.000040164,0.000029514,0.000027070,0.000051244,0.000047497,0.000068777,1f5c7cb467f1ac1fc59414c18ce7074f2a8e2f92ca8c1e7ab949aaf67b68b407
939,1764450475.6485734,0.000029956,0.000019336,0.000054571,0.000038652,0.000047117,0.000073596,d7b16d9e7cac9a4df9f80fc48a4132e49f1a0d7043c0a8ed1505bde2d0a3bacc
940,1764450475.6512105,0.000037079,0.000025426,0.000033582,0.000062946,0.000062125,0.000085097,b3d0861fd779db35de8ba98ad7128d619832320c5fa067121cd0426293bfefc4
941,1764450475.6537614,0.000045564,0.000029795,0.000030165,0.000031699,0.000033873,0.000043250,2cd41f7bc757643d3703daef02eea7bfae49c1f2cebf5be93424fe72bb9a6d21
942,1764450475.6556537,0.000024836,0.000015709,0.000028132,0.000039803,0.000035065,0.000109242,8ac1b2565c9b4c5d5f39867ae67bfd506152a763531281684cd5c29bc3fa524e
943,1764450475.6575596,0.000026088,0.000021660,0.000050023,0.000034173,0.000035115,0.000044712,809754abf44432e3913db8b27f0461ae7baae7b81c0259c5de10779d46fd5039
944,1764450475.6604807,0.000033822,0.000018674,0.000031478,0.000048149,0.000077383,0.000079016,4da69325480d36259c155388bfdce54280fd4377a91ad80c672301fa3bb4e5ba
945,1764450475.6621978,0.000027862,0.000017302,0.000020928,0.000029374,0.000031197,0.000041687,e4b0f121af38bbecfbdd1b913197c7b6e1d1c5a954bcbeabc43c1f6ab2cbf69b
946,1764450475.6648693,0.000027350,0.000017943,0.000068146,0.000060331,0.000066432,0.000096909,57bb7f600f78bcfa17f19be3b3c0da60d746b85a8d2372adcbeaf9f4aca06226
947,1764450475.667788,0.000068096,0.000025297,0.000046346,0.000046116,0.000063528,0.000087552,6a3aeabfd8a4be1f4e1c47599e1035efb7b3eed1ab7256f42d2dbc0f4a591d95
948,1764450475.670597,0.000043540,0.000032640,0.000024776,0.000056415,0.000053308,0.000072814,dc33887465bfaaba762b70f33aabd06167c810dfb37c4d587f062a65846b784b
949,1764450475.6735647,0.000026880,0.000017502,0.000052237,0.000089455,0.000082973,0.000138917,47cbda5935da4cc4edea92777001594c94f0e96206b829ff7858fd98b226247a
950,1764450475.6769354,0.000037449,0.000019967,0.000036387,0.000067194,0.000073625,0.000194418,743e19d3dfb179057437cfc63b143601feaf86055ff3e715974ef5b94dfbe27f
951,1764450475.6796114,0.000026018,0.000022061,0.000053949,0.000057827,0.000053289,0.000102349,ca40efeec91060f9b44cb33557cc07d8ad44af8aec647f773af35288cef1a306
952,1764450475.6833467,0.000046706,0.000022191,0.000099063,0.000059711,0.000119110,0.000085077,f51ef4abb99948f61000fa5da572184f0c702aaa79dedb35f3003208be790def
953,1764450475.6856916,0.000029584,0.000017723,0.000022662,0.000052407,0.000049121,0.000079767,c4fa09cb59d99e35d11daf39f761a57b3a08800c38743d737818fe63342c78f3
954,1764450475.6875806,0.000024064,0.000016220,0.000053379,0.000026960,0.000023493,0.000035866,d4dfce0b3386b5aa841d49450d1ab24f05740700e1ece448b8772a14829991a4
955,1764450475.690365,0.000053269,0.000037699,0.000039423,0.000056154,0.000072404,0.000103962,a63402bd88cf60d88644dc5da75f67d7c3a5d16be12d4ddfa286af858b65d894
956,1764450475.692055,0.000028213,0.000016271,0.000023693,0.000030105,0.000031248,0.000047868,7db9b32341b924664eccf11b69146664ad6d3d03b9810a6a710c16c7f539d969
957,1764450475.6937006,0.000023122,0.000016090,0.000023613,0.000033371,0.000035526,0.000050674,b346ec4a9ad4e012075fb7d2f8125f8c687c69c77aa8ad2c808370fb006b86e2
958,1764450475.6953037,0.000025587,0.000016780,0.000021200,0.000025026,0.000023393,0.000038901,0cdc61dad9fac2cb228f8210c7ce493c6f8e528631a9a2004b6663de65777c20
959,1764450475.697267,0.000021390,0.000014788,0.000040175,0.000050043,0.000048249,0.000068497,702a28a564170abbe239453d0a487115e06b9e9272450f98ec553469a6fb679f
960,1764450475.699767,0.000026949,0.000015779,0.000033352,0.000042127,0.000049692,0.000074448,68a2f10fa05d48457f2648bbcfe1d6846c68bf69e07781f379f4de25eda0c5db
961,1764450475.7014894,0.000025628,0.000015449,0.000029104,0.000030817,0.000032049,0.000043000,2b4bbe56f660408f00222cc4337d2e8bf14d3ed1d6b8abb7bd81177041169a22
962,1764450475.7030737,0.000027511,0.000016610,0.000023433,0.000028813,0.000028473,0.000038271,155a6e68f5896606600e0f9d89fffcf182755be794da4da8ebc387e2ac07e825
963,1764450475.7050304,0.000023373,0.000015228,0.000030196,0.000042839,0.000052006,0.000073165,ea892163d80b3cef6a4f3e7da291e5b149331517460d3ac0136826e34aff40bb
964,1764450475.7078574,0.000029705,0.000017382,0.000072795,0.000040415,0.000049832,0.000053288,a8541b7bd455a24e89a8633e38a2908e62c4f344b78c1345b5006542e89ca408
965,1764450475.7105677,0.000036848,0.000022772,0.000033992,0.000077052,0.000082984,0.000091209,60e06d3e96178a9add4bde80a6c2d765da408d1675371651c872a6c81a27b651
966,1764450475.7122967,0.000025317,0.000015779,0.000023974,0.000030236,0.000030827,0.000040715,4bace10212ef480c2c792f03f4ce296cc8f12b839ae4f9d60ab2e253213b4b66
967,1764450475.7149327,0.000025047,0.000016620,0.000043089,0.000064849,0.000075389,0.000104252,0f0aed0e4ec85e9c227429ef6c22ff972d52aeaa1d3622a1fbc5e4f72a5af2d4
968,1764450475.717387,0.000032981,0.000019436,0.000039984,0.000057836,0.000055482,0.000077964,c189eb7e7ca9b8b31c8ce121ab412db332eb95e51438fcfa71646c304f4e67fe
969,1764450475.7199142,0.000026579,0.000017302,0.000041847,0.000079437,0.000070060,0.000042007,ab5f76ed2a77e1f58b6f805eb69c39de7b11f6916b51fc8a4099500f91f52e85
970,1764450475.722444,0.000029214,0.000016630,0.000034082,0.000053198,0.000056935,0.000105244,f051b8514b519e51b651169a4c013d18e75cf85b1746ffc85d0bb204c78d1a8a
971,1764450475.7249951,0.000027732,0.000032289,0.000026780,0.000057896,0.000057837,0.000069038,74b88c181ca219d512c31323c1df50fad4b745f4e53ba5b3664335748b78b9f9
972,1764450475.7271821,0.000024135,0.000017332,0.000031107,0.000064018,0.000059490,0.000104012,5df1b57053c96dc86092662b5f8d41a9d0b643a746958e54127643494ee3a71a
973,1764450475.7291849,0.000024024,0.000015909,0.000028322,0.000049461,0.000044533,0.000072203,8962b0746fc3eb2086dcd627e21da8d68ba632891c0ad485ee40e91f312fc6cf
974,1764450475.7321582,0.000023894,0.000015689,0.000072604,0.000069959,0.000078876,0.000110153,98e4f884a7bb88fbc9eaeeeb4d676bd174ed6e4ad0c32bfdfa342ba29ebb829e
975,1764450475.734408,0.000056705,0.000033412,0.000028723,0.000032840,0.000034735,0.000046095,488ba138e8289df3ec6a598fe877b60258467e0bf95a30dc5cd37f9685c2f777
976,1764450475.7363842,0.000027712,0.000015859,0.000024405,0.000049812,0.000043931,0.000068676,5e62244482387f215e954c36e405fa2729a91c942f9cf8cf716affaf876ea4aa
977,1764450475.7382526,0.000023874,0.000014617,0.000041657,0.000032460,0.000035505,0.000050112,622abcd6fa34473c640d0faf76eb7feda4f588ded5912ce82006ca7567b6009c
978,1764450475.7408624,0.000038651,0.000021399,0.000049331,0.000046856,0.000064669,0.000088032,fff5942d57cdcdb7af3ff5a46baafcf4b1b0bee825ee51eec0fae9bc86cdc941
979,1764450475.7428005,0.000032731,0.000023032,0.000030807,0.000029825,0.000031568,0.000040384,a2d89e6a75e171ab6c79215b478fd355f539ba708c4dbc1f9148e376c60f99d2
980,1764450475.7447743,0.000027902,0.000018174,0.000023053,0.000049301,0.000042859,0.000069048,cca2c68bc493769b5e7aee0e9f04da5b491f6b3531b435ecf5dae7731d88aa03
981,1764450475.746351,0.000021529,0.000014697,0.000029695,0.000029715,0.000030145,0.000045504,ea67f1e01d86f245e192f587847056c1ff63268b99189ac53d3c3d08d4575bbf
982,1764450475.7487133,0.000028052,0.000017472,0.000061804,0.000037980,0.000043069,0.000053689,bd953abcd036b2835313469a202aa2bb4c0cb7b38f088bc5e64a221d65d24a84
983,1764450475.7511897,0.000031127,0.000017763,0.000029044,0.000069879,0.000075039,0.000099844,8df1fb56f9c1372e9f8ba3b90966ecd6ab9818d766a01d4a0a9d9142c8473d71
984,1764450475.7533216,0.000030186,0.000020588,0.000051045,0.000051555,0.000043951,0.000069087,0e8b0b47c7484099348a3f1318c55d9525557e303a0db44688987e16cce6162e
985,1764450475.7550385,0.000022842,0.000015458,0.000031748,0.000032961,0.000034073,0.000074638,04fdabc563bc83be0d7a0c95566081701fec001f071664e5bb15c2eee585fd2b
986,1764450475.7570007,0.000036808,0.000020047,0.000037790,0.000041046,0.000047878,0.000070710,3712696585e32673e21e347b1158291151c24328db16964720fa0e33830252bd
987,1764450475.7589588,0.000028673,0.000024255,0.000029154,0.000035796,0.000036137,0.000053870,140668312035cb8df1252e424684e38f792284b153f7d07885dbb4b5743adfdc
988,1764450475.76126,0.000026078,0.000017122,0.000024996,0.000042718,0.000073916,0.000061413,cf54f0e00e92bfe0d9309d1da49deb57a671430e338e2468f497bca3d414bec3
989,1764450475.7643301,0.000023163,0.000015910,0.000058959,0.000093012,0.000083213,0.000122607,bef49d4dc4c87854fbd13eead8db6ad33a61579da7b56b118ec50920e98b1c13
990,1764450475.7668524,0.000043040,0.000023414,0.000026789,0.000056033,0.000055983,0.000044452,cd93cdaf123e85daf3cb7332a8e451a5267db36015d3cc225d0c6d9c8f4db305
991,1764450475.7686148,0.000026609,0.000020718,0.000027852,0.000028432,0.000028002,0.000038271,489e08f836f6d4a3b1cba74b9331d6fd18d45559379d301e7e2cac40165df8cf
992,1764450475.7701452,0.000024796,0.000017172,0.000025006,0.000027441,0.000026479,0.000036046,ab0da6618129cff568b9d21bac1cec19a0cb7472fae8b70b332ac395c72255bc
993,1764450475.7720068,0.000030857,0.000018223,0.000031218,0.000035095,0.000033923,0.000070079,db134653a3ebdc1eb5df3c5ee70211f9746faf5f2150543e01a59906b11e7f3c
994,1764450475.7745528,0.000041767,0.000018995,0.000036618,0.000049982,0.000060531,0.000067284,aec2c3d38440f5f11ad48d13da6c0c8c6ad977fd771d61bdd67a6f9f75263fa0
995,1764450475.776961,0.000032580,0.000023182,0.000047788,0.000037829,0.000046756,0.000070039,06b85f2fc69af5fb771aabfe90acc33fe501bc37932d50ef5f6ac07e49c0f89a
996,1764450475.7796068,0.000055082,0.000032830,0.000032730,0.000058808,0.000052356,0.000085378,df3f01e2bfbb6af9243bea5ff68d97e74fe16955341c80990fc709047f3915de
997,1764450475.781974,0.000031328,0.000019546,0.000043120,0.000048780,0.000049601,0.000066242,73cfa549818260b03c1a6e944b7dbe392f29a6a2651c079b3558391b548d4412
998,1764450475.7839875,0.000036868,0.000019085,0.000023723,0.000035485,0.000036838,0.000043661,0f29e6a3772ace5c2cf0060d59247f04ebebe79835baf79d1143ebb6a8c3ecd9
999,1764450475.785973,0.000031138,0.000016340,0.000028462,0.000052286,0.000047368,0.000044533,385fb6e2ef9759ff1005c226c3978b7b3e72b84c3d993619acf2e645b0796f76
1000,1764450475.7882025,0.000026098,0.000023303,0.000034434,0.000042057,0.000041717,0.000068496,5fd2ca3be968df32274d9b47d0a9d9661c094f21fb2ba4d11746148f40011aa4
