Iteration,timestamp,event,time_s,cpu_before,cpu_after,mem_before,mem_after,client_ct_bytes,server_ct_bytes,total_packet_bytes
0,1764562454.7527382,server_kem_keygen,0.001536057,0.00,0.00,39694336,40382464,,800,800
0,1764562454.7991388,server_kem_keygen,0.000884103,0.00,0.00,39809024,40505344,,800,800
1,1764562478.6766357,kem_handshake,0.000108310|0.000038511|0.000518578,0.00,0.00,42663936,42672128,768,768,1536
2,1764562478.679844,kem_handshake,0.000066603|0.000029415|0.000092791,0.00,0.00,42745856,42745856,768,768,1536
3,1764562478.6822317,kem_handshake,0.000045034|0.000022953|0.000046075,0.00,0.00,42749952,42749952,768,768,1536
4,1764562478.6841176,kem_handshake,0.000043020|0.000022852|0.000046156,0.00,0.00,42754048,42754048,768,768,1536
5,1764562478.6870646,kem_handshake,0.000053328|0.000027500|0.000088544,0.00,0.00,42758144,42758144,768,768,1536
6,1764562478.6893048,kem_handshake,0.000039463|0.000029344|0.000056294,0.00,0.00,42758144,42762240,768,768,1536
7,1764562478.6911047,kem_handshake,0.000033191|0.000021509|0.000042638,0.00,0.00,42766336,42766336,768,768,1536
8,1764562478.6931887,kem_handshake,0.000066803|0.000041456|0.000092551,0.00,0.00,42774528,42774528,768,768,1536
9,1764562478.6950455,kem_handshake,0.000032941|0.000021370|0.000057306,0.00,0.00,42774528,42774528,768,768,1536
10,1764562478.6963696,kem_handshake,0.000028623|0.000018704|0.000037640,0.00,0.00,42774528,42774528,768,768,1536
11,1764562478.6976008,kem_handshake,0.000024154|0.000016842|0.000036677,0.00,0.00,42774528,42774528,768,768,1536
12,1764562478.6990428,kem_handshake,0.000022953|0.000018113|0.000036237,0.00,0.00,42774528,42774528,768,768,1536
13,1764562478.7002873,kem_handshake,0.000023844|0.000018464|0.000042008,0.00,0.00,42778624,42778624,768,768,1536
14,1764562478.7019234,kem_handshake,0.000024916|0.000017924|0.000038602,0.00,0.00,42778624,42778624,768,768,1536
15,1764562478.705639,kem_handshake,0.000143696|0.000041447|0.000280188,0.00,0.00,42651648,42659840,768,768,1536
16,1764562478.7085488,kem_handshake,0.000071562|0.000040835|0.000059270,0.00,0.00,42737664,42737664,768,768,1536
17,1764562478.7107606,kem_handshake,0.000065691|0.000029524|0.000054570,0.00,0.00,42745856,42745856,768,768,1536
18,1764562478.7124505,kem_handshake,0.000029645|0.000018905|0.000040194,0.00,0.00,42745856,42745856,768,768,1536
19,1764562478.7137191,kem_handshake,0.000023483|0.000017443|0.000036146,0.00,0.00,42745856,42745856,768,768,1536
20,1764562478.7149785,kem_handshake,0.000022282|0.000018684|0.000034654,0.00,0.00,42749952,42749952,768,768,1536
21,1764562478.7161248,kem_handshake,0.000020187|0.000021891|0.000034203,0.00,0.00,42749952,42754048,768,768,1536
22,1764562478.7172983,kem_handshake,0.000021640|0.000017302|0.000033883,0.00,0.00,42758144,42758144,768,768,1536
23,1764562478.719084,kem_handshake,0.000075188|0.000032740|0.000056064,0.00,0.00,42782720,42782720,768,768,1536
24,1764562478.7202644,kem_handshake,0.000020658|0.000016320|0.000033312,0.00,0.00,42782720,42782720,768,768,1536
25,1764562478.7213297,kem_handshake,0.000020057|0.000016000|0.000032570,0.00,0.00,42786816,42786816,768,768,1536
26,1764562478.7227876,kem_handshake,0.000068497|0.000022782|0.000038761,0.00,0.00,42786816,42786816,768,768,1536
27,1764562478.723921,kem_handshake,0.000019516|0.000026880|0.000033291,0.00,0.00,42786816,42786816,768,768,1536
28,1764562478.7250245,kem_handshake,0.000019977|0.000015990|0.000033071,0.00,0.00,42786816,42786816,768,768,1536
29,1764562478.7260725,kem_handshake,0.000019235|0.000015379|0.000032981,0.00,0.00,42786816,42786816,768,768,1536
30,1764562478.7271311,kem_handshake,0.000018925|0.000015468|0.000033111,0.00,0.00,42786816,42786816,768,768,1536
31,1764562478.7284124,kem_handshake,0.000041737|0.000025136|0.000047057,0.00,0.00,42766336,42766336,768,768,1536
32,1764562478.7299528,kem_handshake,0.000026188|0.000017442|0.000035526,0.00,0.00,42766336,42766336,768,768,1536
33,1764562478.731265,kem_handshake,0.000023143|0.000017182|0.000039192,0.00,0.00,42766336,42766336,768,768,1536
34,1764562478.7324514,kem_handshake,0.000020348|0.000016791|0.000035476,0.00,0.00,42766336,42766336,768,768,1536
35,1764562478.7335603,kem_handshake,0.000019145|0.000015740|0.000033502,0.00,0.00,42766336,42766336,768,768,1536
36,1764562478.7349956,kem_handshake,0.000052718|0.000023664|0.000047849,0.00,0.00,42786816,42786816,768,768,1536
37,1764562478.7361386,kem_handshake,0.000019246|0.000015609|0.000033142,0.00,0.00,42786816,42786816,768,768,1536
38,1764562478.7372026,kem_handshake,0.000019255|0.000015498|0.000033061,0.00,0.00,42786816,42786816,768,768,1536
39,1764562478.7383072,kem_handshake,0.000018865|0.000015819|0.000037430,0.00,0.00,42786816,42786816,768,768,1536
40,1764562478.7395425,kem_handshake,0.000024886|0.000016561|0.000035085,0.00,0.00,42786816,42786816,768,768,1536
41,1764562478.74066,kem_handshake,0.000019115|0.000016079|0.000032960,0.00,0.00,42786816,42786816,768,768,1536
42,1764562478.7417495,kem_handshake,0.000019095|0.000015378|0.000033061,0.00,0.00,42786816,42786816,768,768,1536
43,1764562478.7428048,kem_handshake,0.000018895|0.000015278|0.000032810,0.00,0.00,42786816,42786816,768,768,1536
44,1764562478.7438707,kem_handshake,0.000018414|0.000015137|0.000037570,0.00,0.00,42786816,42786816,768,768,1536
45,1764562478.7450523,kem_handshake,0.000018925|0.000016731|0.000036788,0.00,0.00,42786816,42786816,768,768,1536
46,1764562478.7461421,kem_handshake,0.000018555|0.000015629|0.000032761,0.00,0.00,42786816,42786816,768,768,1536
47,1764562478.7473462,kem_handshake,0.000022262|0.000016981|0.000036177,0.00,0.00,42786816,42786816,768,768,1536
48,1764562478.7485414,kem_handshake,0.000019275|0.000016511|0.000034414,0.00,0.00,42786816,42786816,768,768,1536
49,1764562478.7496126,kem_handshake,0.000018935|0.000015478|0.000032791,0.00,0.00,42786816,42786816,768,768,1536
50,1764562478.7507176,kem_handshake,0.000018734|0.000015108|0.000032941,0.00,0.00,42790912,42790912,768,768,1536
51,1764562478.7517743,kem_handshake,0.000018684|0.000015578|0.000032781,0.00,0.00,42790912,42790912,768,768,1536
52,1764562478.7528198,kem_handshake,0.000018013|0.000015088|0.000032891,0.00,0.00,42790912,42790912,768,768,1536
53,1764562478.7540429,kem_handshake,0.000018384|0.000015328|0.000032530,0.00,0.00,42790912,42790912,768,768,1536
54,1764562478.7551289,kem_handshake,0.000018535|0.000015749|0.000032490,0.00,0.00,42790912,42790912,768,768,1536
55,1764562478.7565436,kem_handshake,0.000050704|0.000026559|0.000053819,0.00,0.00,42790912,42790912,768,768,1536
56,1764562478.7584376,kem_handshake,0.000077894|0.000044221|0.000089335,0.00,0.00,42766336,42766336,768,768,1536
57,1764562478.7597833,kem_handshake,0.000022141|0.000017142|0.000033592,0.00,0.00,42766336,42766336,768,768,1536
58,1764562478.7608995,kem_handshake,0.000020318|0.000015579|0.000032781,0.00,0.00,42770432,42770432,768,768,1536
59,1764562478.7619817,kem_handshake,0.000019837|0.000015819|0.000032329,0.00,0.00,42774528,42774528,768,768,1536
60,1764562478.7631593,kem_handshake,0.000019276|0.000015559|0.000032991,0.00,14964.70,42778624,42778624,768,768,1536
61,1764562478.7644253,kem_handshake,0.000061093|0.000022432|0.000035225,0.00,0.00,42778624,42778624,768,768,1536
62,1764562478.765977,kem_handshake,0.000021790|0.000017632|0.000036047,0.00,0.00,42778624,42778624,768,768,1536
63,1764562478.7677093,kem_handshake,0.000078014|0.000040214|0.000083044,0.00,0.00,42795008,42795008,768,768,1536
64,1764562478.7691367,kem_handshake,0.000019366|0.000016200|0.000032791,0.00,0.00,42795008,42795008,768,768,1536
65,1764562478.770466,kem_handshake,0.000020849|0.000016130|0.000034975,0.00,0.00,42795008,42795008,768,768,1536
66,1764562478.7715783,kem_handshake,0.000019856|0.000016340|0.000035226,0.00,0.00,42799104,42799104,768,768,1536
67,1764562478.7733448,kem_handshake,0.000048720|0.000035115|0.000043651,0.00,0.00,42778624,42778624,768,768,1536
68,1764562478.774514,kem_handshake,0.000020568|0.000015669|0.000033111,0.00,0.00,42778624,42778624,768,768,1536
69,1764562478.7756004,kem_handshake,0.000018524|0.000015439|0.000032620,0.00,0.00,42778624,42778624,768,768,1536
70,1764562478.7766502,kem_handshake,0.000018234|0.000015358|0.000032720,0.00,0.00,42778624,42778624,768,768,1536
71,1764562478.7777174,kem_handshake,0.000018514|0.000015208|0.000032961,0.00,0.00,42778624,42778624,768,768,1536
72,1764562478.7787845,kem_handshake,0.000019446|0.000015729|0.000032310,0.00,0.00,42778624,42778624,768,768,1536
73,1764562478.7798495,kem_handshake,0.000017562|0.000015038|0.000036618,0.00,0.00,42778624,42778624,768,768,1536
74,1764562478.7809293,kem_handshake,0.000023373|0.000015739|0.000032741,0.00,0.00,42778624,42778624,768,768,1536
75,1764562478.7820778,kem_handshake,0.000019416|0.000015779|0.000032500,0.00,0.00,42778624,42778624,768,768,1536
76,1764562478.7831557,kem_handshake,0.000018845|0.000015469|0.000032680,0.00,0.00,42778624,42778624,768,768,1536
77,1764562478.784226,kem_handshake,0.000019156|0.000015909|0.000032800,0.00,0.00,42778624,42778624,768,768,1536
78,1764562478.785295,kem_handshake,0.000018333|0.000016430|0.000032550,0.00,0.00,42778624,42778624,768,768,1536
79,1764562478.7863653,kem_handshake,0.000018133|0.000015389|0.000033853,0.00,0.00,42778624,42778624,768,768,1536
80,1764562478.7874227,kem_handshake,0.000018475|0.000015679|0.000032661,0.00,0.00,42778624,42778624,768,768,1536
81,1764562478.788476,kem_handshake,0.000018694|0.000015308|0.000032470,0.00,0.00,42778624,42778624,768,768,1536
82,1764562478.789599,kem_handshake,0.000019686|0.000015669|0.000034504,0.00,0.00,42778624,42778624,768,768,1536
83,1764562478.7906837,kem_handshake,0.000021540|0.000015739|0.000032630,0.00,0.00,42778624,42778624,768,768,1536
84,1764562478.7917418,kem_handshake,0.000018334|0.000015319|0.000032520,0.00,0.00,42778624,42778624,768,768,1536
85,1764562478.792783,kem_handshake,0.000018634|0.000015118|0.000033231,0.00,0.00,42778624,42778624,768,768,1536
86,1764562478.7940278,kem_handshake,0.000021971|0.000017092|0.000035777,0.00,0.00,42778624,42778624,768,768,1536
87,1764562478.7951343,kem_handshake,0.000021099|0.000016391|0.000033642,0.00,0.00,42778624,42778624,768,768,1536
88,1764562478.7962358,kem_handshake,0.000019416|0.000016010|0.000034344,0.00,0.00,42782720,42782720,768,768,1536
89,1764562478.7974017,kem_handshake,0.000021580|0.000016591|0.000035595,0.00,0.00,42786816,42786816,768,768,1536
90,1764562478.7986465,kem_handshake,0.000020819|0.000016150|0.000039293,0.00,0.00,42790912,42790912,768,768,1536
91,1764562478.799722,kem_handshake,0.000018765|0.000015819|0.000032680,0.00,0.00,42790912,42790912,768,768,1536
92,1764562478.8008218,kem_handshake,0.000019866|0.000027471|0.000032761,0.00,0.00,42795008,42795008,768,768,1536
93,1764562478.8019192,kem_handshake,0.000019185|0.000015719|0.000032790,0.00,0.00,42795008,42795008,768,768,1536
94,1764562478.8029768,kem_handshake,0.000022622|0.000015319|0.000032751,0.00,0.00,42795008,42795008,768,768,1536
95,1764562478.8040307,kem_handshake,0.000019145|0.000015338|0.000032490,0.00,0.00,42795008,42795008,768,768,1536
96,1764562478.8051157,kem_handshake,0.000019296|0.000015779|0.000032971,0.00,0.00,42795008,42795008,768,768,1536
97,1764562478.806332,kem_handshake,0.000021440|0.000015860|0.000034934,0.00,0.00,42799104,42799104,768,768,1536
98,1764562478.8074179,kem_handshake,0.000019617|0.000015839|0.000032240,0.00,0.00,42799104,42799104,768,768,1536
99,1764562478.808482,kem_handshake,0.000018915|0.000015699|0.000032701,0.00,0.00,42799104,42799104,768,768,1536
100,1764562478.809536,kem_handshake,0.000018885|0.000015770|0.000032801,0.00,0.00,42799104,42799104,768,768,1536
101,1764562478.810594,kem_handshake,0.000019145|0.000015528|0.000032740,0.00,0.00,42799104,42799104,768,768,1536
102,1764562478.811647,kem_handshake,0.000018244|0.000015669|0.000032560,0.00,0.00,42799104,42799104,768,768,1536
103,1764562478.8127317,kem_handshake,0.000018254|0.000015468|0.000032250,0.00,0.00,42799104,42799104,768,768,1536
104,1764562478.8138528,kem_handshake,0.000019556|0.000016481|0.000041887,0.00,0.00,42799104,42799104,768,768,1536
105,1764562478.8154247,kem_handshake,0.000022602|0.000017392|0.000036578,0.00,0.00,42799104,42799104,768,768,1536
106,1764562478.8165483,kem_handshake,0.000018785|0.000016050|0.000032810,0.00,0.00,42803200,42803200,768,768,1536
107,1764562478.8176346,kem_handshake,0.000019456|0.000015639|0.000032660,0.00,0.00,42803200,42803200,768,768,1536
108,1764562478.8186958,kem_handshake,0.000018344|0.000015338|0.000032611,0.00,0.00,42803200,42803200,768,768,1536
109,1764562478.819753,kem_handshake,0.000018354|0.000015568|0.000041717,0.00,0.00,42803200,42803200,768,768,1536
110,1764562478.8208468,kem_handshake,0.000018975|0.000015208|0.000037960,0.00,0.00,42803200,42803200,768,768,1536
111,1764562478.8220966,kem_handshake,0.000032370|0.000020979|0.000044563,0.00,0.00,42803200,42803200,768,768,1536
112,1764562478.823258,kem_handshake,0.000019186|0.000015549|0.000032790,0.00,0.00,42803200,42803200,768,768,1536
113,1764562478.824321,kem_handshake,0.000018895|0.000015248|0.000032560,0.00,0.00,42803200,42803200,768,768,1536
114,1764562478.8253815,kem_handshake,0.000018865|0.000015729|0.000032921,0.00,0.00,42803200,42803200,768,768,1536
115,1764562478.8264256,kem_handshake,0.000018505|0.000015498|0.000032841,0.00,0.00,42811392,42811392,768,768,1536
116,1764562478.8281746,kem_handshake,0.000060602|0.000038531|0.000075229,0.00,0.00,42799104,42799104,768,768,1536
117,1764562478.829625,kem_handshake,0.000028323|0.000018815|0.000043741,0.00,0.00,42799104,42799104,768,768,1536
118,1764562478.8309364,kem_handshake,0.000022682|0.000030276|0.000035936,0.00,0.00,42803200,42803200,768,768,1536
119,1764562478.832085,kem_handshake,0.000019205|0.000016079|0.000032460,0.00,0.00,42803200,42803200,768,768,1536
120,1764562478.8331478,kem_handshake,0.000018454|0.000015288|0.000032650,0.00,0.00,42803200,42803200,768,768,1536
121,1764562478.834924,kem_handshake,0.000018364|0.000022622|0.000032661,0.00,0.00,42803200,42803200,768,768,1536
122,1764562478.8360124,kem_handshake,0.000018684|0.000015508|0.000032700,0.00,0.00,42803200,42803200,768,768,1536
123,1764562478.8371367,kem_handshake,0.000019136|0.000016540|0.000033031,0.00,0.00,42803200,42803200,768,768,1536
124,1764562478.8390763,kem_handshake,0.000079397|0.000043149|0.000085728,0.00,0.00,42811392,42811392,768,768,1536
125,1764562478.8406026,kem_handshake,0.000020148|0.000016691|0.000033401,0.00,0.00,42811392,42811392,768,768,1536
126,1764562478.8421965,kem_handshake,0.000019606|0.000015849|0.000033452,0.00,0.00,42811392,42811392,768,768,1536
127,1764562478.8437226,kem_handshake,0.000042479|0.000032851|0.000068256,0.00,0.00,42807296,42807296,768,768,1536
128,1764562478.8449543,kem_handshake,0.000020158|0.000015829|0.000032219,0.00,0.00,42807296,42807296,768,768,1536
129,1764562478.8461516,kem_handshake,0.000024315|0.000021310|0.000034103,0.00,0.00,42807296,42807296,768,768,1536
130,1764562478.847369,kem_handshake,0.000020938|0.000016340|0.000035335,0.00,0.00,42807296,42807296,768,768,1536
131,1764562478.8484652,kem_handshake,0.000020498|0.000015869|0.000032810,0.00,0.00,42807296,42807296,768,768,1536
132,1764562478.849541,kem_handshake,0.000018705|0.000015589|0.000033171,0.00,0.00,42811392,42811392,768,768,1536
133,1764562478.8506064,kem_handshake,0.000019496|0.000015398|0.000032671,0.00,0.00,42811392,42811392,768,768,1536
134,1764562478.8516629,kem_handshake,0.000018214|0.000015369|0.000032870,0.00,0.00,42811392,42811392,768,768,1536
135,1764562478.8527005,kem_handshake,0.000017823|0.000015639|0.000032620,0.00,0.00,42811392,42811392,768,768,1536
136,1764562478.8537695,kem_handshake,0.000019335|0.000015739|0.000033122,0.00,0.00,42811392,42811392,768,768,1536
137,1764562478.8549383,kem_handshake,0.000020077|0.000020388|0.000041266,0.00,0.00,42811392,42811392,768,768,1536
138,1764562478.856156,kem_handshake,0.000019316|0.000017051|0.000033512,0.00,0.00,42811392,42811392,768,768,1536
139,1764562478.858252,kem_handshake,0.000055082|0.000022552|0.000045675,0.00,0.00,42811392,42811392,768,768,1536
140,1764562478.8598728,kem_handshake,0.000036879|0.000030967|0.000074578,0.00,0.00,42819584,42819584,768,768,1536
141,1764562478.8611531,kem_handshake,0.000018824|0.000015689|0.000032571,0.00,0.00,42819584,42819584,768,768,1536
142,1764562478.8622565,kem_handshake,0.000018565|0.000015539|0.000033241,0.00,0.00,42819584,42819584,768,768,1536
143,1764562478.8633912,kem_handshake,0.000019867|0.000016401|0.000037158,0.00,0.00,42819584,42819584,768,768,1536
144,1764562478.8645494,kem_handshake,0.000020207|0.000015899|0.000035045,0.00,0.00,42823680,42823680,768,768,1536
145,1764562478.86563,kem_handshake,0.000019496|0.000015679|0.000032811,0.00,0.00,42823680,42823680,768,768,1536
146,1764562478.866701,kem_handshake,0.000018555|0.000015388|0.000032621,0.00,0.00,42823680,42823680,768,768,1536
147,1764562478.8677633,kem_handshake,0.000018845|0.000015558|0.000032480,0.00,0.00,42823680,42823680,768,768,1536
148,1764562478.8688135,kem_handshake,0.000018514|0.000015679|0.000032560,0.00,0.00,42823680,42823680,768,768,1536
149,1764562478.869875,kem_handshake,0.000018374|0.000015088|0.000043099,0.00,0.00,42823680,42823680,768,768,1536
150,1764562478.870946,kem_handshake,0.000023423|0.000015659|0.000032510,0.00,14148.30,42827776,42827776,768,768,1536
151,1764562478.8720696,kem_handshake,0.000023444|0.000018745|0.000037159,0.00,0.00,42827776,42827776,768,768,1536
152,1764562478.8737133,kem_handshake,0.000024746|0.000017081|0.000041637,0.00,0.00,42827776,42827776,768,768,1536
153,1764562478.8748486,kem_handshake,0.000019075|0.000016050|0.000032700,0.00,0.00,42827776,42827776,768,768,1536
154,1764562478.8759043,kem_handshake,0.000018354|0.000015468|0.000032771,0.00,0.00,42827776,42827776,768,768,1536
155,1764562478.8769574,kem_handshake,0.000018514|0.000015329|0.000032610,0.00,0.00,42827776,42827776,768,768,1536
156,1764562478.8780832,kem_handshake,0.000018173|0.000015488|0.000032169,0.00,0.00,42827776,42827776,768,768,1536
157,1764562478.8791673,kem_handshake,0.000018505|0.000015538|0.000032199,0.00,0.00,42827776,42827776,768,768,1536
158,1764562478.8804872,kem_handshake,0.000022912|0.000016360|0.000039373,0.00,0.00,42831872,42831872,768,768,1536
159,1764562478.881748,kem_handshake,0.000024475|0.000016450|0.000034063,0.00,0.00,42831872,42831872,768,768,1536
160,1764562478.8828409,kem_handshake,0.000018474|0.000015519|0.000032781,0.00,0.00,42831872,42831872,768,768,1536
161,1764562478.8846486,kem_handshake,0.000065862|0.000039133|0.000076602,0.00,0.00,42815488,42815488,768,768,1536
162,1764562478.8862593,kem_handshake,0.000036166|0.000031999|0.000038080,0.00,0.00,42831872,42831872,768,768,1536
163,1764562478.8874588,kem_handshake,0.000020979|0.000016831|0.000033131,0.00,0.00,42831872,42831872,768,768,1536
164,1764562478.8886523,kem_handshake,0.000021059|0.000017012|0.000035035,0.00,0.00,42831872,42831872,768,768,1536
165,1764562478.8905818,kem_handshake,0.000052778|0.000027270|0.000049622,0.00,0.00,42815488,42815488,768,768,1536
166,1764562478.8918421,kem_handshake,0.000025377|0.000020448|0.000033942,0.00,0.00,42815488,42815488,768,768,1536
167,1764562478.8929567,kem_handshake,0.000019256|0.000015829|0.000033252,0.00,0.00,42819584,42819584,768,768,1536
168,1764562478.894009,kem_handshake,0.000018764|0.000015388|0.000032821,0.00,0.00,42819584,42819584,768,768,1536
169,1764562478.8950672,kem_handshake,0.000018434|0.000015629|0.000032640,0.00,0.00,42819584,42819584,768,768,1536
170,1764562478.896511,kem_handshake,0.000037620|0.000032600|0.000065521,0.00,0.00,42819584,42819584,768,768,1536
171,1764562478.897912,kem_handshake,0.000020928|0.000016271|0.000034414,0.00,0.00,42819584,42819584,768,768,1536
172,1764562478.899004,kem_handshake,0.000018814|0.000015478|0.000033311,0.00,0.00,42819584,42819584,768,768,1536
173,1764562478.9000773,kem_handshake,0.000018464|0.000015349|0.000032891,0.00,0.00,42819584,42819584,768,768,1536
174,1764562478.9011197,kem_handshake,0.000018063|0.000015208|0.000032711,0.00,0.00,42819584,42819584,768,768,1536
175,1764562478.9021893,kem_handshake,0.000018133|0.000014997|0.000032710,0.00,0.00,42819584,42819584,768,768,1536
176,1764562478.9032464,kem_handshake,0.000018104|0.000015238|0.000032771,0.00,0.00,42819584,42819584,768,768,1536
177,1764562478.9043674,kem_handshake,0.000040355|0.000014998|0.000033992,0.00,0.00,42823680,42823680,768,768,1536
178,1764562478.9060743,kem_handshake,0.000027611|0.000020658|0.000052156,0.00,0.00,42823680,42823680,768,768,1536
179,1764562478.9071903,kem_handshake,0.000018193|0.000015449|0.000033211,0.00,0.00,42823680,42823680,768,768,1536
180,1764562478.9082463,kem_handshake,0.000018454|0.000014998|0.000032851,0.00,0.00,42823680,42823680,768,768,1536
181,1764562478.9092915,kem_handshake,0.000017893|0.000015148|0.000032560,0.00,0.00,42823680,42823680,768,768,1536
182,1764562478.9103367,kem_handshake,0.000017763|0.000015349|0.000032560,0.00,0.00,42823680,42823680,768,768,1536
183,1764562478.911365,kem_handshake,0.000017883|0.000015378|0.000032611,0.00,0.00,42823680,42823680,768,768,1536
184,1764562478.9128962,kem_handshake,0.000041407|0.000021340|0.000042558,0.00,0.00,42831872,42831872,768,768,1536
185,1764562478.914313,kem_handshake,0.000035706|0.000017453|0.000037128,0.00,0.00,42831872,42831872,768,768,1536
186,1764562478.9154282,kem_handshake,0.000019586|0.000016000|0.000032890,0.00,0.00,42831872,42831872,768,768,1536
187,1764562478.9165654,kem_handshake,0.000020839|0.000016150|0.000033481,0.00,0.00,42835968,42835968,768,768,1536
188,1764562478.9178836,kem_handshake,0.000081651|0.000022131|0.000032860,0.00,7297.50,42835968,42835968,768,768,1536
189,1764562478.9189517,kem_handshake,0.000024275|0.000015449|0.000038771,0.00,0.00,42835968,42835968,768,768,1536
190,1764562478.9205515,kem_handshake,0.000049381|0.000036728|0.000073445,0.00,0.00,42823680,42827776,768,768,1536
191,1764562478.9221768,kem_handshake,0.000049752|0.000043611|0.000074989,0.00,0.00,42835968,42835968,768,768,1536
192,1764562478.9236104,kem_handshake,0.000021910|0.000016700|0.000039923,0.00,0.00,42835968,42835968,768,768,1536
193,1764562478.924742,kem_handshake,0.000020447|0.000016159|0.000033672,0.00,0.00,42835968,42835968,768,768,1536
194,1764562478.9258344,kem_handshake,0.000018885|0.000015148|0.000033041,0.00,0.00,42835968,42835968,768,768,1536
195,1764562478.9268882,kem_handshake,0.000018805|0.000015529|0.000032540,0.00,0.00,42835968,42835968,768,768,1536
196,1764562478.9279315,kem_handshake,0.000023994|0.000015618|0.000032650,0.00,0.00,42835968,42835968,768,768,1536
197,1764562478.9290683,kem_handshake,0.000019686|0.000015548|0.000036367,0.00,0.00,42835968,42835968,768,768,1536
198,1764562478.9306552,kem_handshake,0.000053709|0.000036417|0.000081080,0.00,0.00,42831872,42831872,768,768,1536
199,1764562478.932371,kem_handshake,0.000066192|0.000022932|0.000040525,0.00,0.00,42831872,42831872,768,768,1536
200,1764562478.9334974,kem_handshake,0.000019185|0.000016150|0.000032941,0.00,0.00,42831872,42831872,768,768,1536
201,1764562478.9345698,kem_handshake,0.000020719|0.000015759|0.000032651,0.00,0.00,42831872,42831872,768,768,1536
202,1764562478.9356265,kem_handshake,0.000018223|0.000015188|0.000032470,0.00,0.00,42831872,42831872,768,768,1536
203,1764562478.9366758,kem_handshake,0.000018344|0.000014798|0.000032621,0.00,0.00,42831872,42831872,768,768,1536
204,1764562478.9377334,kem_handshake,0.000018825|0.000015348|0.000032670,0.00,0.00,42831872,42831872,768,768,1536
205,1764562478.9388597,kem_handshake,0.000020378|0.000016460|0.000041247,0.00,0.00,42831872,42831872,768,768,1536
206,1764562478.9400325,kem_handshake,0.000019997|0.000015359|0.000032551,0.00,0.00,42831872,42831872,768,768,1536
207,1764562478.9416215,kem_handshake,0.000075650|0.000040555|0.000080929,0.00,0.00,42835968,42835968,768,768,1536
208,1764562478.9430416,kem_handshake,0.000043531|0.000030356|0.000063939,0.00,0.00,42831872,42831872,768,768,1536
209,1764562478.9444027,kem_handshake,0.000018294|0.000015048|0.000032620,0.00,0.00,42831872,42831872,768,768,1536
210,1764562478.9454603,kem_handshake,0.000018735|0.000014947|0.000032119,0.00,0.00,42831872,42831872,768,768,1536
211,1764562478.9465353,kem_handshake,0.000020137|0.000016621|0.000033552,0.00,0.00,42831872,42831872,768,768,1536
212,1764562478.9480813,kem_handshake,0.000023484|0.000015889|0.000041517,0.00,0.00,42831872,42831872,768,768,1536
213,1764562478.9491782,kem_handshake,0.000018444|0.000015228|0.000032580,0.00,0.00,42831872,42831872,768,768,1536
214,1764562478.950252,kem_handshake,0.000019216|0.000015729|0.000032651,0.00,0.00,42831872,42831872,768,768,1536
215,1764562478.9512973,kem_handshake,0.000018464|0.000015338|0.000032520,0.00,0.00,42831872,42831872,768,768,1536
216,1764562478.9523437,kem_handshake,0.000018564|0.000015348|0.000032530,0.00,0.00,42831872,42831872,768,768,1536
217,1764562478.9533932,kem_handshake,0.000019036|0.000015168|0.000033061,0.00,0.00,42831872,42831872,768,768,1536
218,1764562478.9544764,kem_handshake,0.000017993|0.000015158|0.000031999,0.00,0.00,42831872,42831872,768,768,1536
219,1764562478.955634,kem_handshake,0.000022100|0.000019285|0.000049712,0.00,0.00,42831872,42831872,768,768,1536
220,1764562478.9567766,kem_handshake,0.000019316|0.000016160|0.000032250,0.00,0.00,42831872,42831872,768,768,1536
221,1764562478.9578228,kem_handshake,0.000018945|0.000015589|0.000032520,0.00,0.00,42831872,42831872,768,768,1536
222,1764562478.958907,kem_handshake,0.000019035|0.000015318|0.000032610,0.00,0.00,42831872,42831872,768,768,1536
223,1764562478.9599657,kem_handshake,0.000019146|0.000015809|0.000032781,0.00,0.00,42831872,42831872,768,768,1536
224,1764562478.9609973,kem_handshake,0.000018013|0.000015158|0.000032650,0.00,0.00,42831872,42831872,768,768,1536
225,1764562478.9620354,kem_handshake,0.000018485|0.000015038|0.000032790,0.00,0.00,42831872,42831872,768,768,1536
226,1764562478.9631422,kem_handshake,0.000018374|0.000015309|0.000032490,0.00,0.00,42831872,42831872,768,768,1536
227,1764562478.964352,kem_handshake,0.000019917|0.000015498|0.000033192,0.00,0.00,42831872,42831872,768,768,1536
228,1764562478.965593,kem_handshake,0.000028101|0.000017963|0.000044271,0.00,0.00,42831872,42831872,768,768,1536
229,1764562478.9673076,kem_handshake,0.000024625|0.000017552|0.000039774,0.00,0.00,42831872,42831872,768,768,1536
230,1764562478.9684346,kem_handshake,0.000019786|0.000015138|0.000033703,0.00,0.00,42831872,42831872,768,768,1536
231,1764562478.9695032,kem_handshake,0.000018915|0.000016461|0.000032931,0.00,0.00,42831872,42831872,768,768,1536
232,1764562478.9706028,kem_handshake,0.000020729|0.000016951|0.000033081,0.00,0.00,42831872,42831872,768,768,1536
233,1764562478.9716997,kem_handshake,0.000020588|0.000016150|0.000035996,0.00,0.00,42831872,42831872,768,768,1536
234,1764562478.972809,kem_handshake,0.000019776|0.000015930|0.000033982,0.00,0.00,42831872,42831872,768,768,1536
235,1764562478.9739137,kem_handshake,0.000018734|0.000020978|0.000032580,0.00,0.00,42831872,42831872,768,768,1536
236,1764562478.974946,kem_handshake,0.000018835|0.000015990|0.000032930,0.00,0.00,42831872,42831872,768,768,1536
237,1764562478.9761913,kem_handshake,0.000043220|0.000033492|0.000066723,0.00,0.00,42831872,42831872,768,768,1536
238,1764562478.9775832,kem_handshake,0.000023634|0.000019376|0.000039954,0.00,0.00,42831872,42831872,768,768,1536
239,1764562478.9787111,kem_handshake,0.000019756|0.000016360|0.000033692,0.00,0.00,42831872,42831872,768,768,1536
240,1764562478.9798062,kem_handshake,0.000020117|0.000016100|0.000033221,0.00,0.00,42831872,42831872,768,768,1536
241,1764562478.9810355,kem_handshake,0.000020128|0.000016230|0.000033712,0.00,0.00,42831872,42831872,768,768,1536
242,1764562478.9821174,kem_handshake,0.000019727|0.000015799|0.000033041,0.00,0.00,42831872,42831872,768,768,1536
243,1764562478.9831777,kem_handshake,0.000019496|0.000015739|0.000033402,0.00,0.00,42831872,42831872,768,768,1536
244,1764562478.984238,kem_handshake,0.000019857|0.000015749|0.000032711,0.00,0.00,42831872,42831872,768,768,1536
245,1764562478.985284,kem_handshake,0.000018774|0.000015258|0.000032700,0.00,0.00,42831872,42831872,768,768,1536
246,1764562478.9870195,kem_handshake,0.000098102|0.000033853|0.000047368,0.00,0.00,42835968,42835968,768,768,1536
247,1764562478.9882119,kem_handshake,0.000020578|0.000016760|0.000034794,0.00,0.00,42835968,42835968,768,768,1536
248,1764562478.9894502,kem_handshake,0.000023905|0.000017703|0.000066553,0.00,0.00,42835968,42835968,768,768,1536
249,1764562478.990555,kem_handshake,0.000018975|0.000015910|0.000032950,0.00,0.00,42835968,42835968,768,768,1536
250,1764562478.9916754,kem_handshake,0.000019216|0.000015469|0.000032761,0.00,0.00,42835968,42835968,768,768,1536
251,1764562478.9927318,kem_handshake,0.000019386|0.000015799|0.000032690,0.00,0.00,42835968,42835968,768,768,1536
252,1764562478.9937754,kem_handshake,0.000018554|0.000015318|0.000032650,0.00,0.00,42835968,42835968,768,768,1536
253,1764562478.994822,kem_handshake,0.000020067|0.000015509|0.000032751,0.00,0.00,42835968,42835968,768,768,1536
254,1764562478.9958994,kem_handshake,0.000018645|0.000015538|0.000032921,0.00,0.00,42835968,42835968,768,768,1536
255,1764562478.996973,kem_handshake,0.000018795|0.000015889|0.000032670,0.00,0.00,42835968,42835968,768,768,1536
256,1764562478.9980822,kem_handshake,0.000019446|0.000015679|0.000032991,0.00,0.00,42835968,42835968,768,768,1536
257,1764562478.999483,kem_handshake,0.000051886|0.000024475|0.000046326,0.00,0.00,42831872,42831872,768,768,1536
258,1764562479.0006685,kem_handshake,0.000020678|0.000016511|0.000033832,0.00,0.00,42831872,42831872,768,768,1536
259,1764562479.0017614,kem_handshake,0.000019856|0.000016110|0.000035435,0.00,0.00,42831872,42831872,768,768,1536
260,1764562479.0028827,kem_handshake,0.000019717|0.000016019|0.000033241,0.00,0.00,42831872,42831872,768,768,1536
261,1764562479.0040803,kem_handshake,0.000032480|0.000022081|0.000047929,0.00,0.00,42831872,42831872,768,768,1536
262,1764562479.0054655,kem_handshake,0.000036026|0.000023934|0.000052637,0.00,0.00,42831872,42831872,768,768,1536
263,1764562479.0074363,kem_handshake,0.000063978|0.000039994|0.000058819,0.00,0.00,42835968,42835968,768,768,1536
264,1764562479.0090308,kem_handshake,0.000036808|0.000022011|0.000056545,0.00,0.00,42835968,42835968,768,768,1536
265,1764562479.0105107,kem_handshake,0.000035566|0.000021289|0.000046135,0.00,10733.90,42835968,42835968,768,768,1536
266,1764562479.0127676,kem_handshake,0.000067675|0.000040996|0.000124199,0.00,0.00,42835968,42835968,768,768,1536
267,1764562479.0148966,kem_handshake,0.000060933|0.000027491|0.000081711,0.00,0.00,42835968,42835968,768,768,1536
268,1764562479.016639,kem_handshake,0.000026879|0.000017112|0.000041316,0.00,0.00,42835968,42835968,768,768,1536
269,1764562479.0177522,kem_handshake,0.000020117|0.000016089|0.000033502,0.00,0.00,42835968,42835968,768,768,1536
270,1764562479.018812,kem_handshake,0.000019075|0.000015649|0.000033442,0.00,0.00,42835968,42835968,768,768,1536
271,1764562479.0198836,kem_handshake,0.000019997|0.000015699|0.000032871,0.00,0.00,42835968,42835968,768,768,1536
272,1764562479.020961,kem_handshake,0.000019496|0.000015609|0.000032921,0.00,0.00,42835968,42835968,768,768,1536
273,1764562479.0220366,kem_handshake,0.000020017|0.000015930|0.000033853,0.00,0.00,42835968,42835968,768,768,1536
274,1764562479.0236313,kem_handshake,0.000022873|0.000016751|0.000034544,0.00,0.00,42835968,42835968,768,768,1536
275,1764562479.024729,kem_handshake,0.000019446|0.000015900|0.000032480,0.00,0.00,42835968,42835968,768,768,1536
276,1764562479.0257924,kem_handshake,0.000019075|0.000015549|0.000032570,0.00,0.00,42835968,42835968,768,768,1536
277,1764562479.0269349,kem_handshake,0.000019997|0.000015409|0.000078896,0.00,0.00,42835968,42835968,768,768,1536
278,1764562479.0281472,kem_handshake,0.000021390|0.000017152|0.000033863,0.00,0.00,42835968,42835968,768,768,1536
279,1764562479.0292222,kem_handshake,0.000019727|0.000016029|0.000032771,0.00,0.00,42835968,42835968,768,768,1536
280,1764562479.0302918,kem_handshake,0.000019286|0.000015689|0.000032279,0.00,0.00,42835968,42835968,768,768,1536
281,1764562479.0319426,kem_handshake,0.000027230|0.000016080|0.000035025,0.00,0.00,42835968,42835968,768,768,1536
282,1764562479.0336986,kem_handshake,0.000076862|0.000031548|0.000060422,0.00,0.00,42831872,42831872,768,768,1536
283,1764562479.0350134,kem_handshake,0.000020107|0.000015730|0.000033291,0.00,0.00,42831872,42831872,768,768,1536
284,1764562479.036084,kem_handshake,0.000018844|0.000015538|0.000032690,0.00,0.00,42831872,42831872,768,768,1536
285,1764562479.0374742,kem_handshake,0.000039283|0.000032269|0.000066092,0.00,0.00,42835968,42835968,768,768,1536
286,1764562479.0387623,kem_handshake,0.000021660|0.000016801|0.000036607,0.00,0.00,42835968,42835968,768,768,1536
287,1764562479.039921,kem_handshake,0.000019045|0.000022732|0.000033001,0.00,0.00,42835968,42835968,768,768,1536
288,1764562479.0412803,kem_handshake,0.000045274|0.000032741|0.000069328,0.00,0.00,42831872,42831872,768,768,1536
289,1764562479.0424857,kem_handshake,0.000019606|0.000016230|0.000032931,0.00,0.00,42835968,42835968,768,768,1536
290,1764562479.044007,kem_handshake,0.000019065|0.000015730|0.000033592,0.00,0.00,42835968,42835968,768,768,1536
291,1764562479.045412,kem_handshake,0.000021560|0.000016391|0.000034363,0.00,0.00,42835968,42835968,768,768,1536
292,1764562479.0465322,kem_handshake,0.000022742|0.000017653|0.000034774,0.00,0.00,42835968,42835968,768,768,1536
293,1764562479.0478196,kem_handshake,0.000020278|0.000016931|0.000034744,0.00,0.00,42835968,42835968,768,768,1536
294,1764562479.0489511,kem_handshake,0.000019616|0.000015829|0.000032239,0.00,0.00,42835968,42835968,768,768,1536
295,1764562479.0500634,kem_handshake,0.000019415|0.000015679|0.000034434,0.00,0.00,42835968,42835968,768,768,1536
296,1764562479.0513606,kem_handshake,0.000040315|0.000024185|0.000042188,0.00,0.00,42835968,42835968,768,768,1536
297,1764562479.0524726,kem_handshake,0.000018884|0.000015729|0.000032971,0.00,0.00,42835968,42835968,768,768,1536
298,1764562479.0535336,kem_handshake,0.000018744|0.000015389|0.000032831,0.00,0.00,42835968,42835968,768,768,1536
299,1764562479.0546467,kem_handshake,0.000023704|0.000017202|0.000034283,0.00,0.00,42835968,42835968,768,768,1536
300,1764562479.0561965,kem_handshake,0.000045664|0.000033332|0.000069518,0.00,0.00,42835968,42835968,768,768,1536
301,1764562479.0574405,kem_handshake,0.000019987|0.000016170|0.000033692,0.00,0.00,42835968,42835968,768,768,1536
302,1764562479.0585117,kem_handshake,0.000018965|0.000015459|0.000032871,0.00,0.00,42835968,42835968,768,768,1536
303,1764562479.0597508,kem_handshake,0.000034223|0.000020168|0.000038932,0.00,0.00,42835968,42835968,768,768,1536
304,1764562479.060857,kem_handshake,0.000019546|0.000016070|0.000037760,0.00,0.00,42835968,42835968,768,768,1536
305,1764562479.0619314,kem_handshake,0.000025447|0.000016030|0.000034153,0.00,0.00,42835968,42835968,768,768,1536
306,1764562479.06303,kem_handshake,0.000018634|0.000015809|0.000033312,0.00,0.00,42835968,42835968,768,768,1536
307,1764562479.064234,kem_handshake,0.000027020|0.000019726|0.000041106,0.00,0.00,42835968,42835968,768,768,1536
308,1764562479.0653272,kem_handshake,0.000018454|0.000015419|0.000032640,0.00,0.00,42835968,42835968,768,768,1536
309,1764562479.0669458,kem_handshake,0.000059680|0.000033211|0.000075078,0.00,0.00,42835968,42835968,768,768,1536
310,1764562479.068247,kem_handshake,0.000022461|0.000016721|0.000037149,0.00,0.00,42835968,42835968,768,768,1536
311,1764562479.0693748,kem_handshake,0.000021309|0.000016270|0.000035195,0.00,0.00,42835968,42835968,768,768,1536
312,1764562479.0704265,kem_handshake,0.000018323|0.000015188|0.000032730,0.00,0.00,42835968,42835968,768,768,1536
313,1764562479.071484,kem_handshake,0.000020347|0.000016140|0.000033101,0.00,0.00,42835968,42835968,768,768,1536
314,1764562479.0726464,kem_handshake,0.000020528|0.000016230|0.000033652,0.00,0.00,42835968,42835968,768,768,1536
315,1764562479.0737667,kem_handshake,0.000019797|0.000015889|0.000032760,0.00,0.00,42835968,42835968,768,768,1536
316,1764562479.074993,kem_handshake,0.000020338|0.000016300|0.000033161,0.00,0.00,42835968,42835968,768,768,1536
317,1764562479.0762336,kem_handshake,0.000020458|0.000017382|0.000033852,0.00,0.00,42835968,42835968,768,768,1536
318,1764562479.0773365,kem_handshake,0.000019035|0.000015608|0.000033762,0.00,0.00,42835968,42835968,768,768,1536
319,1764562479.0784426,kem_handshake,0.000022522|0.000018004|0.000037750,0.00,0.00,42835968,42835968,768,768,1536
320,1764562479.0795033,kem_handshake,0.000018774|0.000015799|0.000033001,0.00,0.00,42835968,42835968,768,768,1536
321,1764562479.0806363,kem_handshake,0.000020007|0.000017002|0.000034373,0.00,0.00,42835968,42835968,768,768,1536
322,1764562479.0819247,kem_handshake,0.000019656|0.000019556|0.000033882,0.00,0.00,42835968,42835968,768,768,1536
323,1764562479.0831144,kem_handshake,0.000020177|0.000016400|0.000033302,0.00,0.00,42835968,42835968,768,768,1536
324,1764562479.0841897,kem_handshake,0.000018895|0.000015418|0.000032641,0.00,0.00,42835968,42835968,768,768,1536
325,1764562479.08524,kem_handshake,0.000018024|0.000015288|0.000032911,0.00,0.00,42835968,42835968,768,768,1536
326,1764562479.0862944,kem_handshake,0.000018163|0.000015158|0.000032470,0.00,0.00,42835968,42835968,768,768,1536
327,1764562479.0878792,kem_handshake,0.000066262|0.000028603|0.000086350,0.00,0.00,42835968,42835968,768,768,1536
328,1764562479.0894687,kem_handshake,0.000034063|0.000020148|0.000044722,0.00,0.00,42835968,42835968,768,768,1536
329,1764562479.0912292,kem_handshake,0.000054090|0.000036988|0.000074648,0.00,0.00,42835968,42835968,768,768,1536
330,1764562479.0924478,kem_handshake,0.000020738|0.000016310|0.000033452,0.00,0.00,42835968,42835968,768,768,1536
331,1764562479.09354,kem_handshake,0.000019126|0.000015719|0.000032761,0.00,0.00,42835968,42835968,768,768,1536
332,1764562479.0946107,kem_handshake,0.000018665|0.000015849|0.000032991,0.00,0.00,42835968,42835968,768,768,1536
333,1764562479.0956686,kem_handshake,0.000018725|0.000015468|0.000032379,0.00,0.00,42835968,42835968,768,768,1536
334,1764562479.0967855,kem_handshake,0.000020408|0.000016671|0.000034634,0.00,0.00,42835968,42835968,768,768,1536
335,1764562479.098012,kem_handshake,0.000021210|0.000015899|0.000034514,0.00,0.00,42835968,42835968,768,768,1536
336,1764562479.099068,kem_handshake,0.000018575|0.000015769|0.000033121,0.00,0.00,42835968,42835968,768,768,1536
337,1764562479.1001575,kem_handshake,0.000019076|0.000015588|0.000033141,0.00,0.00,42835968,42835968,768,768,1536
338,1764562479.1012354,kem_handshake,0.000018815|0.000015549|0.000032681,0.00,0.00,42840064,42840064,768,768,1536
339,1764562479.1023278,kem_handshake,0.000018424|0.000015148|0.000032911,0.00,0.00,42844160,42844160,768,768,1536
340,1764562479.1034057,kem_handshake,0.000018103|0.000015158|0.000032861,0.00,0.00,42844160,42844160,768,768,1536
341,1764562479.1045964,kem_handshake,0.000023133|0.000019346|0.000044963,0.00,0.00,42844160,42844160,768,768,1536
342,1764562479.1057587,kem_handshake,0.000021780|0.000016871|0.000035976,0.00,0.00,42844160,42844160,768,768,1536
343,1764562479.1069124,kem_handshake,0.000018214|0.000015118|0.000032960,0.00,0.00,42848256,42848256,768,768,1536
344,1764562479.1079748,kem_handshake,0.000018384|0.000015288|0.000032670,0.00,0.00,42848256,42848256,768,768,1536
345,1764562479.10902,kem_handshake,0.000018054|0.000015158|0.000032881,0.00,0.00,42852352,42852352,768,768,1536
346,1764562479.1100721,kem_handshake,0.000018464|0.000015519|0.000032601,0.00,0.00,42852352,42852352,768,768,1536
347,1764562479.1111176,kem_handshake,0.000017713|0.000015629|0.000032741,0.00,0.00,42852352,42852352,768,768,1536
348,1764562479.1123333,kem_handshake,0.000057046|0.000020899|0.000033061,0.00,0.00,42852352,42852352,768,768,1536
349,1764562479.113468,kem_handshake,0.000019366|0.000016050|0.000033352,0.00,14438.80,42852352,42852352,768,768,1536
350,1764562479.114622,kem_handshake,0.000019796|0.000016140|0.000033081,0.00,0.00,42852352,42852352,768,768,1536
351,1764562479.11568,kem_handshake,0.000018624|0.000015498|0.000033452,0.00,0.00,42852352,42852352,768,768,1536
352,1764562479.1167452,kem_handshake,0.000018695|0.000015409|0.000033111,0.00,0.00,42852352,42852352,768,768,1536
353,1764562479.1178126,kem_handshake,0.000018454|0.000015368|0.000032630,0.00,0.00,42852352,42852352,768,768,1536
354,1764562479.1188707,kem_handshake,0.000018454|0.000015358|0.000037830,0.00,0.00,42852352,42852352,768,768,1536
355,1764562479.1201444,kem_handshake,0.000046496|0.000034123|0.000056254,0.00,0.00,42852352,42852352,768,768,1536
356,1764562479.121449,kem_handshake,0.000025707|0.000018955|0.000039683,0.00,0.00,42852352,42852352,768,768,1536
357,1764562479.1235356,kem_handshake,0.000053979|0.000029224|0.000083474,0.00,0.00,42852352,42852352,768,768,1536
358,1764562479.1260242,kem_handshake,0.000067715|0.000029374|0.000060953,0.00,0.00,42852352,42852352,768,768,1536
359,1764562479.1280127,kem_handshake,0.000064990|0.000022532|0.000061073,0.00,0.00,42852352,42852352,768,768,1536
360,1764562479.1297352,kem_handshake,0.000033922|0.000021409|0.000052197,0.00,0.00,42852352,42852352,768,768,1536
361,1764562479.1319058,kem_handshake,0.000044212|0.000033352|0.000078035,0.00,0.00,42852352,42852352,768,768,1536
362,1764562479.133172,kem_handshake,0.000021660|0.000016931|0.000034243,0.00,0.00,42852352,42852352,768,768,1536
363,1764562479.134338,kem_handshake,0.000021951|0.000017522|0.000037699,0.00,0.00,42852352,42852352,768,768,1536
364,1764562479.1355135,kem_handshake,0.000021670|0.000016741|0.000035445,0.00,0.00,42852352,42852352,768,768,1536
365,1764562479.1366699,kem_handshake,0.000021450|0.000017292|0.000034724,0.00,0.00,42852352,42852352,768,768,1536
366,1764562479.1380289,kem_handshake,0.000027190|0.000018995|0.000042238,0.00,0.00,42852352,42852352,768,768,1536
367,1764562479.1394966,kem_handshake,0.000028042|0.000045664|0.000040064,0.00,0.00,42856448,42856448,768,768,1536
368,1764562479.1407244,kem_handshake,0.000022953|0.000017091|0.000036427,0.00,0.00,42856448,42856448,768,768,1536
369,1764562479.142366,kem_handshake,0.000022181|0.000015960|0.000040314,0.00,0.00,42856448,42856448,768,768,1536
370,1764562479.1435351,kem_handshake,0.000022341|0.000016831|0.000035876,0.00,0.00,42856448,42856448,768,768,1536
371,1764562479.1447237,kem_handshake,0.000022532|0.000016330|0.000034644,0.00,0.00,42856448,42856448,768,768,1536
372,1764562479.1462967,kem_handshake,0.000038662|0.000023884|0.000050914,0.00,0.00,42856448,42856448,768,768,1536
373,1764562479.1482892,kem_handshake,0.000066182|0.000033853|0.000090747,0.00,0.00,42860544,42860544,768,768,1536
374,1764562479.150347,kem_handshake,0.000040725|0.000022642|0.000060522,0.00,0.00,42860544,42860544,768,768,1536
375,1764562479.1519046,kem_handshake,0.000034063|0.000020618|0.000060351,0.00,0.00,42860544,42860544,768,768,1536
376,1764562479.1536098,kem_handshake,0.000034314|0.000023604|0.000062205,0.00,0.00,42860544,42860544,768,768,1536
377,1764562479.1553826,kem_handshake,0.000062195|0.000031198|0.000079186,0.00,0.00,42835968,42835968,768,768,1536
378,1764562479.1576843,kem_handshake,0.000054230|0.000037780|0.000077363,0.00,0.00,42835968,42835968,768,768,1536
379,1764562479.15901,kem_handshake,0.000021339|0.000016441|0.000034484,0.00,0.00,42835968,42835968,768,768,1536
380,1764562479.1601102,kem_handshake,0.000019556|0.000015669|0.000032721,0.00,0.00,42835968,42835968,768,768,1536
381,1764562479.1611743,kem_handshake,0.000018815|0.000015719|0.000032901,0.00,0.00,42835968,42835968,768,768,1536
382,1764562479.1622207,kem_handshake,0.000019085|0.000015569|0.000033082,0.00,0.00,42835968,42835968,768,768,1536
383,1764562479.1634808,kem_handshake,0.000021850|0.000016851|0.000035175,0.00,0.00,42835968,42835968,768,768,1536
384,1764562479.1647878,kem_handshake,0.000022291|0.000016350|0.000040044,0.00,0.00,42835968,42835968,768,768,1536
385,1764562479.1667335,kem_handshake,0.000088995|0.000045263|0.000081481,0.00,0.00,42860544,42860544,768,768,1536
386,1764562479.1679666,kem_handshake,0.000020097|0.000016511|0.000033011,0.00,0.00,42860544,42860544,768,768,1536
387,1764562479.169031,kem_handshake,0.000019526|0.000016090|0.000032881,0.00,0.00,42860544,42860544,768,768,1536
388,1764562479.170086,kem_handshake,0.000018955|0.000015769|0.000032610,0.00,0.00,42860544,42860544,768,768,1536
389,1764562479.171186,kem_handshake,0.000021230|0.000016701|0.000037649,0.00,0.00,42860544,42860544,768,768,1536
390,1764562479.1725054,kem_handshake,0.000022171|0.000017031|0.000039884,0.00,0.00,42860544,42860544,768,768,1536
391,1764562479.1736755,kem_handshake,0.000019476|0.000016130|0.000033562,0.00,0.00,42860544,42860544,768,768,1536
392,1764562479.1747353,kem_handshake,0.000018725|0.000015739|0.000032730,0.00,0.00,42860544,42860544,768,768,1536
393,1764562479.175793,kem_handshake,0.000019155|0.000015659|0.000032630,0.00,0.00,42860544,42860544,768,768,1536
394,1764562479.1769073,kem_handshake,0.000019767|0.000016090|0.000034143,0.00,0.00,42860544,42860544,768,768,1536
395,1764562479.1779664,kem_handshake,0.000019056|0.000015779|0.000032801,0.00,0.00,42860544,42860544,768,768,1536
396,1764562479.179034,kem_handshake,0.000019106|0.000015989|0.000033582,0.00,0.00,42860544,42860544,768,768,1536
397,1764562479.1801412,kem_handshake,0.000026118|0.000020007|0.000033852,0.00,0.00,42860544,42860544,768,768,1536
398,1764562479.181447,kem_handshake,0.000022332|0.000016450|0.000034774,0.00,0.00,42864640,42864640,768,768,1536
399,1764562479.1825423,kem_handshake,0.000019266|0.000015809|0.000033031,0.00,0.00,42864640,42864640,768,768,1536
400,1764562479.1841521,kem_handshake,0.000072153|0.000044563|0.000081370,0.00,0.00,42835968,42835968,768,768,1536
401,1764562479.185528,kem_handshake,0.000019366|0.000015729|0.000033031,0.00,0.00,42835968,42835968,768,768,1536
402,1764562479.1868386,kem_handshake,0.000018784|0.000015558|0.000032791,0.00,0.00,42840064,42840064,768,768,1536
403,1764562479.1879199,kem_handshake,0.000019817|0.000020919|0.000032831,0.00,0.00,42840064,42840064,768,768,1536
404,1764562479.1892195,kem_handshake,0.000022842|0.000016401|0.000037961,0.00,0.00,42840064,42840064,768,768,1536
405,1764562479.1903617,kem_handshake,0.000019336|0.000015599|0.000033382,0.00,0.00,42840064,42840064,768,768,1536
406,1764562479.1914155,kem_handshake,0.000018434|0.000015599|0.000032671,0.00,0.00,42840064,42840064,768,768,1536
407,1764562479.1924639,kem_handshake,0.000018264|0.000015228|0.000032570,0.00,0.00,42840064,42840064,768,768,1536
408,1764562479.193517,kem_handshake,0.000018404|0.000015439|0.000032530,0.00,0.00,42844160,42844160,768,768,1536
409,1764562479.194558,kem_handshake,0.000018034|0.000015008|0.000032570,0.00,0.00,42844160,42844160,768,768,1536
410,1764562479.1958888,kem_handshake,0.000079156|0.000023875|0.000064039,0.00,0.00,42844160,42844160,768,768,1536
411,1764562479.1970613,kem_handshake,0.000024886|0.000016280|0.000038310,0.00,0.00,42844160,42844160,768,768,1536
412,1764562479.198797,kem_handshake,0.000054280|0.000034724|0.000079647,0.00,0.00,42864640,42864640,768,768,1536
413,1764562479.2000701,kem_handshake,0.000020839|0.000016130|0.000032921,0.00,0.00,42864640,42864640,768,768,1536
414,1764562479.2011504,kem_handshake,0.000018915|0.000015509|0.000033021,0.00,0.00,42864640,42864640,768,768,1536
415,1764562479.2029543,kem_handshake,0.000019005|0.000015589|0.000032991,0.00,0.00,42864640,42864640,768,768,1536
416,1764562479.2042458,kem_handshake,0.000018805|0.000015409|0.000032700,0.00,0.00,42864640,42864640,768,768,1536
417,1764562479.2054682,kem_handshake,0.000027160|0.000019636|0.000045253,0.00,0.00,42864640,42864640,768,768,1536
418,1764562479.2065997,kem_handshake,0.000019727|0.000016581|0.000033131,0.00,0.00,42864640,42864640,768,768,1536
419,1764562479.207659,kem_handshake,0.000018825|0.000015248|0.000032580,0.00,0.00,42864640,42864640,768,768,1536
420,1764562479.2087142,kem_handshake,0.000018564|0.000015398|0.000032701,0.00,0.00,42864640,42864640,768,768,1536
421,1764562479.2097602,kem_handshake,0.000018204|0.000015619|0.000032460,0.00,0.00,42864640,42864640,768,768,1536
422,1764562479.2107933,kem_handshake,0.000018124|0.000015408|0.000032631,0.00,0.00,42864640,42864640,768,768,1536
423,1764562479.2118802,kem_handshake,0.000019536|0.000015699|0.000033421,0.00,0.00,42864640,42864640,768,768,1536
424,1764562479.2129867,kem_handshake,0.000022391|0.000016821|0.000035586,0.00,0.00,42864640,42864640,768,768,1536
425,1764562479.214186,kem_handshake,0.000020689|0.000015969|0.000034474,0.00,0.00,42864640,42864640,768,768,1536
426,1764562479.2152698,kem_handshake,0.000019205|0.000015568|0.000032400,0.00,15153.60,42864640,42864640,768,768,1536
427,1764562479.2163234,kem_handshake,0.000018615|0.000015499|0.000032631,0.00,0.00,42868736,42868736,768,768,1536
428,1764562479.2173705,kem_handshake,0.000018154|0.000015348|0.000032540,0.00,0.00,42868736,42868736,768,768,1536
429,1764562479.2187424,kem_handshake,0.000018464|0.000015749|0.000032530,0.00,0.00,42868736,42868736,768,768,1536
430,1764562479.2203019,kem_handshake,0.000018784|0.000015739|0.000033322,0.00,0.00,42868736,42868736,768,768,1536
431,1764562479.2214022,kem_handshake,0.000018725|0.000015939|0.000032270,0.00,0.00,42868736,42868736,768,768,1536
432,1764562479.222534,kem_handshake,0.000020828|0.000016500|0.000033251,0.00,0.00,42872832,42872832,768,768,1536
433,1764562479.223752,kem_handshake,0.000018745|0.000015719|0.000032821,0.00,0.00,42872832,42872832,768,768,1536
434,1764562479.2248251,kem_handshake,0.000017663|0.000015639|0.000032540,0.00,0.00,42872832,42872832,768,768,1536
435,1764562479.2258961,kem_handshake,0.000018384|0.000015319|0.000032601,0.00,0.00,42872832,42872832,768,768,1536
436,1764562479.2269437,kem_handshake,0.000024195|0.000015779|0.000032590,0.00,0.00,42872832,42872832,768,768,1536
437,1764562479.2282336,kem_handshake,0.000040825|0.000033712|0.000066743,0.00,0.00,42872832,42872832,768,768,1536
438,1764562479.229938,kem_handshake,0.000020889|0.000021720|0.000041546,0.00,0.00,42872832,42872832,768,768,1536
439,1764562479.2316344,kem_handshake,0.000024776|0.000017853|0.000042278,0.00,0.00,42872832,42872832,768,768,1536
440,1764562479.2336125,kem_handshake,0.000098101|0.000055944|0.000105144,0.00,0.00,42844160,42844160,768,768,1536
441,1764562479.2357635,kem_handshake,0.000034514|0.000019286|0.000038632,0.00,0.00,42844160,42844160,768,768,1536
442,1764562479.2372968,kem_handshake,0.000043751|0.000034474|0.000069809,0.00,0.00,42872832,42872832,768,768,1536
443,1764562479.2386017,kem_handshake,0.000022451|0.000017212|0.000035736,0.00,0.00,42872832,42872832,768,768,1536
444,1764562479.2397451,kem_handshake,0.000020748|0.000016801|0.000035406,0.00,0.00,42872832,42872832,768,768,1536
445,1764562479.24107,kem_handshake,0.000020277|0.000016310|0.000033693,0.00,0.00,42872832,42872832,768,768,1536
446,1764562479.2421517,kem_handshake,0.000019466|0.000015759|0.000033061,0.00,0.00,42872832,42872832,768,768,1536
447,1764562479.2432287,kem_handshake,0.000019877|0.000015880|0.000033341,0.00,0.00,42872832,42872832,768,768,1536
448,1764562479.2449603,kem_handshake,0.000051695|0.000035756|0.000066633,0.00,0.00,42844160,42844160,768,768,1536
449,1764562479.2461526,kem_handshake,0.000020237|0.000016600|0.000045163,0.00,0.00,42872832,42872832,768,768,1536
450,1764562479.2478912,kem_handshake,0.000049362|0.000044572|0.000111847,0.00,0.00,42844160,42844160,768,768,1536
451,1764562479.2492106,kem_handshake,0.000020397|0.000016952|0.000034424,0.00,0.00,42844160,42844160,768,768,1536
452,1764562479.250305,kem_handshake,0.000019175|0.000015668|0.000033251,0.00,0.00,42844160,42844160,768,768,1536
453,1764562479.251356,kem_handshake,0.000018735|0.000015308|0.000032701,0.00,0.00,42844160,42844160,768,768,1536
454,1764562479.25242,kem_handshake,0.000019085|0.000015399|0.000032620,0.00,0.00,42844160,42844160,768,768,1536
455,1764562479.2534943,kem_handshake,0.000018695|0.000015278|0.000032971,0.00,0.00,42844160,42844160,768,768,1536
456,1764562479.2545557,kem_handshake,0.000019415|0.000015578|0.000032340,0.00,0.00,42844160,42844160,768,768,1536
457,1764562479.255714,kem_handshake,0.000024105|0.000017011|0.000042779,0.00,0.00,42844160,42844160,768,768,1536
458,1764562479.2569659,kem_handshake,0.000025366|0.000015879|0.000038572,0.00,0.00,42844160,42844160,768,768,1536
459,1764562479.2584805,kem_handshake,0.000062936|0.000038280|0.000076892,0.00,0.00,42872832,42872832,768,768,1536
460,1764562479.260278,kem_handshake,0.000043270|0.000021890|0.000045944,0.00,0.00,42872832,42872832,768,768,1536
461,1764562479.261469,kem_handshake,0.000021149|0.000017272|0.000033752,0.00,0.00,42872832,42872832,768,768,1536
462,1764562479.2625966,kem_handshake,0.000020047|0.000016330|0.000034093,0.00,0.00,42872832,42872832,768,768,1536
463,1764562479.2637794,kem_handshake,0.000021189|0.000016641|0.000035566,0.00,0.00,42872832,42872832,768,768,1536
464,1764562479.265342,kem_handshake,0.000040004|0.000032730|0.000035416,0.00,0.00,42872832,42872832,768,768,1536
465,1764562479.266478,kem_handshake,0.000019486|0.000016079|0.000033562,0.00,0.00,42872832,42872832,768,768,1536
466,1764562479.267556,kem_handshake,0.000018875|0.000015649|0.000032781,0.00,0.00,42872832,42872832,768,768,1536
467,1764562479.2686195,kem_handshake,0.000018564|0.000015709|0.000032811,0.00,0.00,42872832,42872832,768,768,1536
468,1764562479.2696805,kem_handshake,0.000018594|0.000015609|0.000032651,0.00,0.00,42872832,42872832,768,768,1536
469,1764562479.2709074,kem_handshake,0.000060141|0.000022382|0.000032370,0.00,0.00,42872832,42872832,768,768,1536
470,1764562479.2721293,kem_handshake,0.000025858|0.000018454|0.000052386,0.00,0.00,42872832,42872832,768,768,1536
471,1764562479.273257,kem_handshake,0.000018314|0.000015118|0.000032861,0.00,0.00,42872832,42872832,768,768,1536
472,1764562479.2743146,kem_handshake,0.000018615|0.000015178|0.000033642,0.00,0.00,42872832,42872832,768,768,1536
473,1764562479.2753592,kem_handshake,0.000018154|0.000015238|0.000032500,0.00,0.00,42872832,42872832,768,768,1536
474,1764562479.276414,kem_handshake,0.000018454|0.000014988|0.000033141,0.00,0.00,42872832,42872832,768,768,1536
475,1764562479.2774544,kem_handshake,0.000018274|0.000015579|0.000032791,0.00,0.00,42872832,42872832,768,768,1536
476,1764562479.278474,kem_handshake,0.000017532|0.000015068|0.000032640,0.00,0.00,42872832,42872832,768,768,1536
477,1764562479.279506,kem_handshake,0.000018093|0.000015188|0.000032440,0.00,0.00,42872832,42872832,768,768,1536
478,1764562479.2807283,kem_handshake,0.000020408|0.000015228|0.000035435,0.00,0.00,42872832,42872832,768,768,1536
479,1764562479.2818298,kem_handshake,0.000017833|0.000015759|0.000033292,0.00,0.00,42872832,42872832,768,768,1536
480,1764562479.283044,kem_handshake,0.000020418|0.000017212|0.000035696,0.00,0.00,42872832,42872832,768,768,1536
481,1764562479.284155,kem_handshake,0.000019496|0.000016380|0.000032780,0.00,0.00,42872832,42872832,768,768,1536
482,1764562479.2852268,kem_handshake,0.000018794|0.000015889|0.000032690,0.00,0.00,42872832,42872832,768,768,1536
483,1764562479.2862911,kem_handshake,0.000018734|0.000015468|0.000032620,0.00,0.00,42872832,42872832,768,768,1536
484,1764562479.2873762,kem_handshake,0.000018534|0.000015479|0.000032781,0.00,0.00,42872832,42872832,768,768,1536
485,1764562479.2884688,kem_handshake,0.000020117|0.000016451|0.000034464,0.00,0.00,42872832,42872832,768,768,1536
486,1764562479.2896676,kem_handshake,0.000019205|0.000016370|0.000033282,0.00,0.00,42872832,42872832,768,768,1536
487,1764562479.291588,kem_handshake,0.000087652|0.000046927|0.000077383,0.00,0.00,42844160,42844160,768,768,1536
488,1764562479.2929497,kem_handshake,0.000027801|0.000017132|0.000034464,0.00,0.00,42844160,42844160,768,768,1536
489,1764562479.2940245,kem_handshake,0.000019616|0.000015549|0.000032750,0.00,0.00,42844160,42844160,768,768,1536
490,1764562479.2950916,kem_handshake,0.000018654|0.000015479|0.000032600,0.00,0.00,42844160,42844160,768,768,1536
491,1764562479.2962277,kem_handshake,0.000020589|0.000016751|0.000033061,0.00,0.00,42844160,42844160,768,768,1536
492,1764562479.2974212,kem_handshake,0.000022632|0.000016070|0.000033282,0.00,0.00,42844160,42844160,768,768,1536
493,1764562479.2985506,kem_handshake,0.000018784|0.000015578|0.000033091,0.00,0.00,42844160,42844160,768,768,1536
494,1764562479.2999804,kem_handshake,0.000035776|0.000048991|0.000044202,0.00,0.00,42872832,42872832,768,768,1536
495,1764562479.3011496,kem_handshake,0.000020618|0.000016050|0.000032190,0.00,0.00,42872832,42872832,768,768,1536
496,1764562479.3022637,kem_handshake,0.000019546|0.000016250|0.000036488,0.00,0.00,42872832,42872832,768,768,1536
497,1764562479.3033633,kem_handshake,0.000018895|0.000015648|0.000033272,0.00,0.00,42872832,42872832,768,768,1536
498,1764562479.3044477,kem_handshake,0.000018966|0.000016069|0.000032770,0.00,0.00,42872832,42872832,768,768,1536
499,1764562479.3057644,kem_handshake,0.000020188|0.000016661|0.000033632,0.00,0.00,42872832,42872832,768,768,1536
500,1764562479.306895,kem_handshake,0.000018665|0.000015799|0.000033122,0.00,0.00,42872832,42872832,768,768,1536
501,1764562479.3079498,kem_handshake,0.000018925|0.000015619|0.000032901,0.00,0.00,42872832,42872832,768,768,1536
502,1764562479.309014,kem_handshake,0.000020197|0.000015689|0.000032520,0.00,0.00,42872832,42872832,768,768,1536
503,1764562479.310125,kem_handshake,0.000018554|0.000016130|0.000032781,0.00,0.00,42872832,42872832,768,768,1536
504,1764562479.3111856,kem_handshake,0.000018333|0.000015669|0.000032690,0.00,0.00,42872832,42872832,768,768,1536
505,1764562479.3122518,kem_handshake,0.000018654|0.000015659|0.000032650,0.00,0.00,42872832,42872832,768,768,1536
506,1764562479.313498,kem_handshake,0.000022120|0.000017532|0.000035676,0.00,0.00,42872832,42872832,768,768,1536
507,1764562479.3146722,kem_handshake,0.000019796|0.000015759|0.000033973,0.00,0.00,42872832,42872832,768,768,1536
508,1764562479.3157535,kem_handshake,0.000019025|0.000015870|0.000032550,0.00,0.00,42872832,42872832,768,768,1536
509,1764562479.3174233,kem_handshake,0.000020317|0.000015830|0.000035295,0.00,0.00,42872832,42872832,768,768,1536
510,1764562479.3184938,kem_handshake,0.000017933|0.000015479|0.000032781,0.00,0.00,42872832,42872832,768,768,1536
511,1764562479.3202217,kem_handshake,0.000056494|0.000036758|0.000072795,0.00,0.00,42844160,42844160,768,768,1536
512,1764562479.321866,kem_handshake,0.000036338|0.000018454|0.000061644,0.00,0.00,42844160,42844160,768,768,1536
513,1764562479.3231964,kem_handshake,0.000021701|0.000016851|0.000035886,0.00,0.00,42844160,42844160,768,768,1536
514,1764562479.3243098,kem_handshake,0.000019296|0.000015458|0.000032930,0.00,0.00,42844160,42844160,768,768,1536
515,1764562479.3253899,kem_handshake,0.000018654|0.000015409|0.000032711,0.00,0.00,42844160,42844160,768,768,1536
516,1764562479.3264458,kem_handshake,0.000018695|0.000015428|0.000032671,0.00,0.00,42844160,42844160,768,768,1536
517,1764562479.3275123,kem_handshake,0.000018314|0.000015098|0.000032690,0.00,0.00,42844160,42844160,768,768,1536
518,1764562479.3285754,kem_handshake,0.000018354|0.000015238|0.000032801,0.00,0.00,42844160,42844160,768,768,1536
519,1764562479.3296618,kem_handshake,0.000018223|0.000015438|0.000033552,0.00,0.00,42844160,42844160,768,768,1536
520,1764562479.3308434,kem_handshake,0.000024465|0.000016501|0.000039964,0.00,0.00,42844160,42844160,768,768,1536
521,1764562479.3323698,kem_handshake,0.000041226|0.000021650|0.000043841,0.00,0.00,42872832,42872832,768,768,1536
522,1764562479.333584,kem_handshake,0.000022451|0.000017111|0.000034264,0.00,0.00,42844160,42844160,768,768,1536
523,1764562479.334739,kem_handshake,0.000022793|0.000017873|0.000035415,0.00,0.00,42872832,42872832,768,768,1536
524,1764562479.335823,kem_handshake,0.000019606|0.000015909|0.000032831,0.00,0.00,42844160,42844160,768,768,1536
525,1764562479.3368883,kem_handshake,0.000018834|0.000015668|0.000032721,0.00,0.00,42872832,42872832,768,768,1536
526,1764562479.3379843,kem_handshake,0.000020979|0.000016761|0.000033031,0.00,0.00,42844160,42844160,768,768,1536
527,1764562479.3393486,kem_handshake,0.000021509|0.000017533|0.000037289,0.00,0.00,42844160,42844160,768,768,1536
528,1764562479.3404524,kem_handshake,0.000019306|0.000015579|0.000033101,0.00,0.00,42844160,42844160,768,768,1536
529,1764562479.3415318,kem_handshake,0.000019085|0.000015178|0.000032590,0.00,0.00,42844160,42844160,768,768,1536
530,1764562479.3431935,kem_handshake,0.000053439|0.000037009|0.000076572,0.00,0.00,42876928,42876928,768,768,1536
531,1764562479.3444843,kem_handshake,0.000022732|0.000017111|0.000034514,0.00,0.00,42876928,42876928,768,768,1536
532,1764562479.3456414,kem_handshake,0.000025757|0.000017231|0.000035556,0.00,0.00,42844160,42844160,768,768,1536
533,1764562479.3477716,kem_handshake,0.000039663|0.000022702|0.000047308,0.00,0.00,42876928,42876928,768,768,1536
534,1764562479.3495152,kem_handshake,0.000038672|0.000032230|0.000066233,0.00,0.00,42876928,42876928,768,768,1536
535,1764562479.3518078,kem_handshake,0.000061534|0.000038902|0.000078395,0.00,0.00,42844160,42844160,768,768,1536
536,1764562479.3532314,kem_handshake,0.000024034|0.000019345|0.000039202,0.00,0.00,42844160,42844160,768,768,1536
537,1764562479.3545108,kem_handshake,0.000020528|0.000015980|0.000033462,0.00,0.00,42844160,42844160,768,768,1536
538,1764562479.35626,kem_handshake,0.000057927|0.000037840|0.000075650,0.00,0.00,42876928,42876928,768,768,1536
539,1764562479.357915,kem_handshake,0.000026438|0.000017853|0.000039463,0.00,0.00,42876928,42876928,768,768,1536
540,1764562479.3593578,kem_handshake,0.000039744|0.000033021|0.000068437,0.00,0.00,42876928,42876928,768,768,1536
541,1764562479.3605669,kem_handshake,0.000019195|0.000016100|0.000032721,0.00,0.00,42876928,42876928,768,768,1536
542,1764562479.3616233,kem_handshake,0.000018464|0.000015779|0.000032771,0.00,0.00,42876928,42876928,768,768,1536
543,1764562479.36358,kem_handshake,0.000050924|0.000034254|0.000071993,0.00,0.00,42844160,42844160,768,768,1536
544,1764562479.3653016,kem_handshake,0.000043521|0.000032720|0.000069508,0.00,0.00,42844160,42844160,768,768,1536
545,1764562479.3665645,kem_handshake,0.000019516|0.000015869|0.000033282,0.00,0.00,42844160,42844160,768,768,1536
546,1764562479.368184,kem_handshake,0.000018885|0.000015568|0.000032971,0.00,0.00,42844160,42844160,768,768,1536
547,1764562479.3696961,kem_handshake,0.000036117|0.000030146|0.000064179,0.00,0.00,42844160,42844160,768,768,1536
548,1764562479.371685,kem_handshake,0.000025567|0.000018594|0.000039363,0.00,0.00,42844160,42844160,768,768,1536
549,1764562479.3729715,kem_handshake,0.000021871|0.000015859|0.000035927,0.00,0.00,42844160,42844160,768,768,1536
550,1764562479.3741958,kem_handshake,0.000023133|0.000017342|0.000041977,0.00,0.00,42844160,42844160,768,768,1536
551,1764562479.375424,kem_handshake,0.000019325|0.000015458|0.000034534,0.00,0.00,42844160,42844160,768,768,1536
552,1764562479.3764846,kem_handshake,0.000018785|0.000015579|0.000033702,0.00,0.00,42844160,42844160,768,768,1536
553,1764562479.3776302,kem_handshake,0.000021049|0.000016180|0.000036027,0.00,0.00,42844160,42844160,768,768,1536
554,1764562479.3790107,kem_handshake,0.000044352|0.000022001|0.000042950,0.00,0.00,42876928,42876928,768,768,1536
555,1764562479.3803413,kem_handshake,0.000028232|0.000018464|0.000037770,0.00,0.00,42876928,42876928,768,768,1536
556,1764562479.3815956,kem_handshake,0.000026048|0.000016821|0.000038962,0.00,0.00,42876928,42876928,768,768,1536
557,1764562479.3827069,kem_handshake,0.000019476|0.000016050|0.000033622,0.00,0.00,42876928,42876928,768,768,1536
558,1764562479.383802,kem_handshake,0.000018785|0.000015549|0.000032910,0.00,0.00,42876928,42876928,768,768,1536
559,1764562479.3853128,kem_handshake,0.000048660|0.000023593|0.000044472,0.00,0.00,42844160,42844160,768,768,1536
560,1764562479.3864875,kem_handshake,0.000021259|0.000016721|0.000034875,0.00,0.00,42876928,42876928,768,768,1536
561,1764562479.3878055,kem_handshake,0.000021600|0.000015979|0.000064800,0.00,0.00,42844160,42844160,768,768,1536
562,1764562479.3891299,kem_handshake,0.000028953|0.000019687|0.000041867,0.00,0.00,42844160,42844160,768,768,1536
563,1764562479.3909163,kem_handshake,0.000094895|0.000035535|0.000084756,0.00,0.00,42876928,42876928,768,768,1536
564,1764562479.3921165,kem_handshake,0.000018685|0.000015629|0.000032861,0.00,0.00,42876928,42876928,768,768,1536
565,1764562479.3931823,kem_handshake,0.000018594|0.000015509|0.000033843,0.00,0.00,42876928,42876928,768,768,1536
566,1764562479.3942442,kem_handshake,0.000018304|0.000015579|0.000033031,0.00,0.00,42876928,42876928,768,768,1536
567,1764562479.3953226,kem_handshake,0.000018233|0.000015278|0.000032821,0.00,0.00,42876928,42876928,768,768,1536
568,1764562479.3964286,kem_handshake,0.000017913|0.000016060|0.000033382,0.00,0.00,42876928,42876928,768,768,1536
569,1764562479.3976061,kem_handshake,0.000019646|0.000016100|0.000033862,0.00,0.00,42876928,42876928,768,768,1536
570,1764562479.39868,kem_handshake,0.000018103|0.000015559|0.000033512,0.00,0.00,42876928,42876928,768,768,1536
571,1764562479.3997228,kem_handshake,0.000018144|0.000015328|0.000032771,0.00,0.00,42876928,42876928,768,768,1536
572,1764562479.4007647,kem_handshake,0.000018033|0.000015037|0.000032590,0.00,0.00,42876928,42876928,768,768,1536
573,1764562479.4029195,kem_handshake,0.000037770|0.000032951|0.000074829,0.00,0.00,42876928,42876928,768,768,1536
574,1764562479.4041014,kem_handshake,0.000019557|0.000016029|0.000032871,0.00,0.00,42876928,42876928,768,768,1536
575,1764562479.4052713,kem_handshake,0.000021419|0.000016470|0.000034183,0.00,0.00,42876928,42876928,768,768,1536
576,1764562479.4064462,kem_handshake,0.000019817|0.000016020|0.000032921,0.00,0.00,42876928,42876928,768,768,1536
577,1764562479.4075325,kem_handshake,0.000018725|0.000015649|0.000032650,0.00,0.00,42876928,42876928,768,768,1536
578,1764562479.4086099,kem_handshake,0.000019796|0.000015880|0.000032690,0.00,0.00,42876928,42876928,768,768,1536
579,1764562479.4096708,kem_handshake,0.000018965|0.000015949|0.000032720,0.00,0.00,42876928,42876928,768,768,1536
580,1764562479.4107196,kem_handshake,0.000018334|0.000015248|0.000032701,0.00,0.00,42876928,42876928,768,768,1536
581,1764562479.4117653,kem_handshake,0.000018574|0.000015279|0.000032881,0.00,0.00,42876928,42876928,768,768,1536
582,1764562479.4129562,kem_handshake,0.000019245|0.000015840|0.000034022,0.00,0.00,42876928,42876928,768,768,1536
583,1764562479.4141285,kem_handshake,0.000020928|0.000018123|0.000035626,0.00,0.00,42876928,42876928,768,768,1536
584,1764562479.4153,kem_handshake,0.000017973|0.000016020|0.000033231,0.00,0.00,42876928,42876928,768,768,1536
585,1764562479.416367,kem_handshake,0.000018555|0.000015569|0.000032641,0.00,0.00,42876928,42876928,768,768,1536
586,1764562479.4174035,kem_handshake,0.000017903|0.000015308|0.000032650,0.00,0.00,42876928,42876928,768,768,1536
587,1764562479.41845,kem_handshake,0.000018083|0.000015108|0.000032680,0.00,0.00,42876928,42876928,768,768,1536
588,1764562479.4194999,kem_handshake,0.000017983|0.000015087|0.000032680,0.00,0.00,42876928,42876928,768,768,1536
589,1764562479.4205775,kem_handshake,0.000017733|0.000015158|0.000035285,0.00,0.00,42876928,42876928,768,768,1536
590,1764562479.4217126,kem_handshake,0.000018785|0.000015980|0.000039062,0.00,0.00,42876928,42876928,768,768,1536
591,1764562479.4229116,kem_handshake,0.000019626|0.000016099|0.000032771,0.00,0.00,42876928,42876928,768,768,1536
592,1764562479.4244006,kem_handshake,0.000061814|0.000027912|0.000052206,0.00,0.00,42844160,42844160,768,768,1536
593,1764562479.42593,kem_handshake,0.000036267|0.000030657|0.000064840,0.00,0.00,42876928,42876928,768,768,1536
594,1764562479.4271169,kem_handshake,0.000021911|0.000017452|0.000034894,0.00,0.00,42844160,42844160,768,768,1536
595,1764562479.4282043,kem_handshake,0.000019737|0.000016200|0.000034754,0.00,0.00,42876928,42876928,768,768,1536
596,1764562479.4293902,kem_handshake,0.000020217|0.000016020|0.000033142,0.00,0.00,42844160,42844160,768,768,1536
597,1764562479.430556,kem_handshake,0.000022221|0.000017262|0.000049912,0.00,0.00,42876928,42876928,768,768,1536
598,1764562479.4317632,kem_handshake,0.000019165|0.000015749|0.000033161,0.00,0.00,42876928,42876928,768,768,1536
599,1764562479.4329977,kem_handshake,0.000031037|0.000019887|0.000038090,0.00,0.00,42844160,42844160,768,768,1536
600,1764562479.4340985,kem_handshake,0.000019356|0.000016421|0.000032831,0.00,0.00,42876928,42876928,768,768,1536
601,1764562479.435147,kem_handshake,0.000019757|0.000015789|0.000032961,0.00,0.00,42844160,42844160,768,768,1536
602,1764562479.436206,kem_handshake,0.000019065|0.000015920|0.000034323,0.00,0.00,42876928,42876928,768,768,1536
603,1764562479.4372382,kem_handshake,0.000017933|0.000015308|0.000032761,0.00,0.00,42876928,42876928,768,768,1536
604,1764562479.4385903,kem_handshake,0.000055683|0.000021269|0.000034724,0.00,0.00,42876928,42876928,768,768,1536
605,1764562479.4397912,kem_handshake,0.000019336|0.000015198|0.000032650,0.00,0.00,42876928,42876928,768,768,1536
606,1764562479.4410527,kem_handshake,0.000034314|0.000019997|0.000039173,0.00,0.00,42844160,42844160,768,768,1536
607,1764562479.4421725,kem_handshake,0.000019065|0.000015528|0.000032871,0.00,0.00,42844160,42844160,768,768,1536
608,1764562479.4432175,kem_handshake,0.000019175|0.000015709|0.000032721,0.00,0.00,42844160,42844160,768,768,1536
609,1764562479.4443805,kem_handshake,0.000022972|0.000037009|0.000039904,0.00,0.00,42844160,42844160,768,768,1536
610,1764562479.4454908,kem_handshake,0.000019616|0.000015699|0.000059941,0.00,0.00,42844160,42844160,768,768,1536
611,1764562479.4470267,kem_handshake,0.000042819|0.000041065|0.000068947,0.00,0.00,42876928,42876928,768,768,1536
612,1764562479.4483597,kem_handshake,0.000021410|0.000016600|0.000034384,0.00,0.00,42876928,42876928,768,768,1536
613,1764562479.4494438,kem_handshake,0.000018575|0.000015058|0.000033532,0.00,0.00,42876928,42876928,768,768,1536
614,1764562479.450502,kem_handshake,0.000018425|0.000015188|0.000033431,0.00,0.00,42876928,42876928,768,768,1536
615,1764562479.4515495,kem_handshake,0.000018193|0.000015369|0.000032650,0.00,0.00,42876928,42876928,768,768,1536
616,1764562479.452584,kem_handshake,0.000018203|0.000015028|0.000032591,0.00,0.00,42876928,42876928,768,768,1536
617,1764562479.4536278,kem_handshake,0.000017893|0.000015298|0.000032050,0.00,0.00,42876928,42876928,768,768,1536
618,1764562479.4547434,kem_handshake,0.000018865|0.000015128|0.000033922,0.00,0.00,42876928,42876928,768,768,1536
619,1764562479.4559221,kem_handshake,0.000021530|0.000022352|0.000035886,0.00,0.00,42876928,42876928,768,768,1536
620,1764562479.4576056,kem_handshake,0.000053629|0.000038642|0.000075139,0.00,0.00,42844160,42844160,768,768,1536
621,1764562479.459088,kem_handshake,0.000034494|0.000029615|0.000064088,0.00,0.00,42876928,42876928,768,768,1536
622,1764562479.4604213,kem_handshake,0.000018224|0.000015399|0.000032590,0.00,0.00,42876928,42876928,768,768,1536
623,1764562479.4614563,kem_handshake,0.000018133|0.000014997|0.000032660,0.00,0.00,42876928,42876928,768,768,1536
624,1764562479.4626846,kem_handshake,0.000022682|0.000015198|0.000032570,0.00,0.00,42876928,42876928,768,768,1536
625,1764562479.4637973,kem_handshake,0.000018985|0.000016220|0.000040705,0.00,0.00,42876928,42876928,768,768,1536
626,1764562479.4649298,kem_handshake,0.000024275|0.000015348|0.000032139,0.00,0.00,42876928,42876928,768,768,1536
627,1764562479.4665272,kem_handshake,0.000055532|0.000037990|0.000072544,0.00,0.00,42844160,42844160,768,768,1536
628,1764562479.4677317,kem_handshake,0.000020938|0.000017031|0.000033753,0.00,0.00,42844160,42844160,768,768,1536
629,1764562479.468804,kem_handshake,0.000018665|0.000015338|0.000032721,0.00,0.00,42844160,42844160,768,768,1536
630,1764562479.4698687,kem_handshake,0.000018384|0.000015589|0.000043210,0.00,0.00,42844160,42844160,768,768,1536
631,1764562479.4709823,kem_handshake,0.000018885|0.000017512|0.000040745,0.00,0.00,42844160,42844160,768,768,1536
632,1764562479.4722695,kem_handshake,0.000036898|0.000021640|0.000043521,0.00,0.00,42844160,42844160,768,768,1536
633,1764562479.4734943,kem_handshake,0.000022522|0.000016641|0.000043050,0.00,0.00,42844160,42844160,768,768,1536
634,1764562479.4754484,kem_handshake,0.000081742|0.000030296|0.000064219,0.00,0.00,42876928,42876928,768,768,1536
635,1764562479.4768114,kem_handshake,0.000019606|0.000015819|0.000033722,0.00,0.00,42876928,42876928,768,768,1536
636,1764562479.4778793,kem_handshake,0.000018053|0.000015278|0.000032680,0.00,0.00,42876928,42876928,768,768,1536
637,1764562479.478968,kem_handshake,0.000018264|0.000014897|0.000032180,0.00,0.00,42876928,42876928,768,768,1536
638,1764562479.4802094,kem_handshake,0.000024545|0.000017122|0.000038241,0.00,0.00,42876928,42876928,768,768,1536
639,1764562479.4819791,kem_handshake,0.000110764|0.000049772|0.000068276,0.00,0.00,42844160,42844160,768,768,1536
640,1764562479.4831378,kem_handshake,0.000019376|0.000015599|0.000032941,0.00,0.00,42844160,42844160,768,768,1536
641,1764562479.4842114,kem_handshake,0.000019326|0.000015448|0.000032680,0.00,0.00,42844160,42844160,768,768,1536
642,1764562479.4852698,kem_handshake,0.000019006|0.000015498|0.000032710,0.00,0.00,42844160,42844160,768,768,1536
643,1764562479.4863021,kem_handshake,0.000018263|0.000015709|0.000032620,0.00,0.00,42844160,42844160,768,768,1536
644,1764562479.4874573,kem_handshake,0.000018615|0.000015228|0.000034744,0.00,0.00,42844160,42844160,768,768,1536
645,1764562479.4885898,kem_handshake,0.000019826|0.000018945|0.000033482,0.00,0.00,42844160,42844160,768,768,1536
646,1764562479.4898088,kem_handshake,0.000020388|0.000016210|0.000032991,0.00,0.00,42844160,42844160,768,768,1536
647,1764562479.491301,kem_handshake,0.000056464|0.000036538|0.000073836,0.00,0.00,42876928,42876928,768,768,1536
648,1764562479.4925306,kem_handshake,0.000021069|0.000015529|0.000033512,0.00,0.00,42876928,42876928,768,768,1536
649,1764562479.4936035,kem_handshake,0.000018494|0.000016100|0.000033021,0.00,0.00,42876928,42876928,768,768,1536
650,1764562479.4946542,kem_handshake,0.000018775|0.000015419|0.000032750,0.00,0.00,42876928,42876928,768,768,1536
651,1764562479.4958386,kem_handshake,0.000018204|0.000015058|0.000032961,0.00,0.00,42876928,42876928,768,768,1536
652,1764562479.4969172,kem_handshake,0.000019416|0.000024094|0.000032550,0.00,0.00,42876928,42876928,768,768,1536
653,1764562479.498077,kem_handshake,0.000019446|0.000015668|0.000033021,0.00,0.00,42876928,42876928,768,768,1536
654,1764562479.4993708,kem_handshake,0.000037680|0.000021239|0.000066884,0.00,0.00,42844160,42844160,768,768,1536
655,1764562479.5006733,kem_handshake,0.000023314|0.000031228|0.000066623,0.00,0.00,42876928,42876928,768,768,1536
656,1764562479.5021255,kem_handshake,0.000037078|0.000032460|0.000065551,0.00,0.00,42844160,42844160,768,768,1536
657,1764562479.5032747,kem_handshake,0.000018925|0.000015579|0.000032701,0.00,0.00,42844160,42844160,768,768,1536
658,1764562479.5044978,kem_handshake,0.000019045|0.000015578|0.000032971,0.00,0.00,42844160,42844160,768,768,1536
659,1764562479.5056984,kem_handshake,0.000020548|0.000016320|0.000034414,0.00,0.00,42844160,42844160,768,768,1536
660,1764562479.506875,kem_handshake,0.000020257|0.000015869|0.000043500,0.00,0.00,42844160,42844160,768,768,1536
661,1764562479.5082858,kem_handshake,0.000040064|0.000023113|0.000044552,0.00,0.00,42876928,42876928,768,768,1536
662,1764562479.5097551,kem_handshake,0.000031548|0.000019596|0.000041136,0.00,0.00,42876928,42876928,768,768,1536
663,1764562479.510953,kem_handshake,0.000026499|0.000016551|0.000034804,0.00,0.00,42876928,42876928,768,768,1536
664,1764562479.5120885,kem_handshake,0.000021129|0.000016139|0.000035135,0.00,0.00,42876928,42876928,768,768,1536
665,1764562479.513224,kem_handshake,0.000020688|0.000016200|0.000035185,0.00,0.00,42876928,42876928,768,768,1536
666,1764562479.514355,kem_handshake,0.000020799|0.000016090|0.000035115,0.00,0.00,42876928,42876928,768,768,1536
667,1764562479.5154881,kem_handshake,0.000020568|0.000015659|0.000032781,0.00,0.00,42876928,42876928,768,768,1536
668,1764562479.5165622,kem_handshake,0.000018604|0.000015940|0.000033472,0.00,0.00,42876928,42876928,768,768,1536
669,1764562479.517623,kem_handshake,0.000019156|0.000015429|0.000032700,0.00,0.00,42876928,42876928,768,768,1536
670,1764562479.5186915,kem_handshake,0.000019186|0.000015418|0.000032690,0.00,15229.70,42876928,42876928,768,768,1536
671,1764562479.5197465,kem_handshake,0.000018193|0.000015279|0.000032921,0.00,0.00,42876928,42876928,768,768,1536
672,1764562479.521661,kem_handshake,0.000073946|0.000054030|0.000096809,0.00,0.00,42844160,42844160,768,768,1536
673,1764562479.5238004,kem_handshake,0.000031257|0.000018575|0.000041267,0.00,0.00,42844160,42844160,768,768,1536
674,1764562479.5251687,kem_handshake,0.000071222|0.000022822|0.000034083,0.00,0.00,42844160,42844160,768,768,1536
675,1764562479.526253,kem_handshake,0.000019295|0.000015709|0.000032991,0.00,0.00,42844160,42844160,768,768,1536
676,1764562479.527325,kem_handshake,0.000018804|0.000015619|0.000032910,0.00,0.00,42844160,42844160,768,768,1536
677,1764562479.5283787,kem_handshake,0.000019476|0.000015499|0.000032189,0.00,0.00,42844160,42844160,768,768,1536
678,1764562479.5294616,kem_handshake,0.000019706|0.000015849|0.000032741,0.00,0.00,42844160,42844160,768,768,1536
679,1764562479.5305328,kem_handshake,0.000018805|0.000016069|0.000032910,0.00,0.00,42844160,42844160,768,768,1536
680,1764562479.5316756,kem_handshake,0.000019176|0.000015969|0.000035276,0.00,0.00,42844160,42844160,768,768,1536
681,1764562479.5327609,kem_handshake,0.000019176|0.000015719|0.000032981,0.00,0.00,42844160,42844160,768,768,1536
682,1764562479.533847,kem_handshake,0.000018495|0.000015518|0.000037540,0.00,0.00,42844160,42844160,768,768,1536
683,1764562479.534908,kem_handshake,0.000018915|0.000015739|0.000032931,0.00,0.00,42844160,42844160,768,768,1536
684,1764562479.5361707,kem_handshake,0.000041937|0.000033402|0.000066042,0.00,0.00,42844160,42844160,768,768,1536
685,1764562479.5373747,kem_handshake,0.000020088|0.000016941|0.000032820,0.00,0.00,42844160,42844160,768,768,1536
686,1764562479.5390425,kem_handshake,0.000066192|0.000066432|0.000085117,0.00,0.00,42876928,42876928,768,768,1536
687,1764562479.5404136,kem_handshake,0.000025137|0.000017542|0.000033893,0.00,0.00,42876928,42876928,768,768,1536
688,1764562479.5415206,kem_handshake,0.000019245|0.000015588|0.000033112,0.00,0.00,42876928,42876928,768,768,1536
689,1764562479.5425916,kem_handshake,0.000019016|0.000015749|0.000032701,0.00,0.00,42876928,42876928,768,768,1536
690,1764562479.543676,kem_handshake,0.000019616|0.000015669|0.000033392,0.00,0.00,42876928,42876928,768,768,1536
691,1764562479.5451498,kem_handshake,0.000048881|0.000024285|0.000050844,0.00,0.00,42844160,42844160,768,768,1536
692,1764562479.5467627,kem_handshake,0.000051505|0.000026559|0.000062736,0.00,0.00,42844160,42844160,768,768,1536
693,1764562479.5486236,kem_handshake,0.000034544|0.000019676|0.000047728,0.00,0.00,42844160,42844160,768,768,1536
694,1764562479.5498533,kem_handshake,0.000021480|0.000016410|0.000040014,0.00,0.00,42844160,42844160,768,768,1536
695,1764562479.5509927,kem_handshake,0.000019826|0.000016370|0.000034674,0.00,0.00,42844160,42844160,768,768,1536
696,1764562479.552075,kem_handshake,0.000019506|0.000016230|0.000032850,0.00,0.00,42844160,42844160,768,768,1536
697,1764562479.553167,kem_handshake,0.000018975|0.000017723|0.000037530,0.00,0.00,42844160,42844160,768,768,1536
698,1764562479.555048,kem_handshake,0.000063939|0.000048470|0.000077253,0.00,0.00,42876928,42876928,768,768,1536
699,1764562479.5570152,kem_handshake,0.000046216|0.000021490|0.000045644,0.00,0.00,42876928,42876928,768,768,1536
700,1764562479.5589077,kem_handshake,0.000077223|0.000045895|0.000092751,0.00,0.00,42844160,42844160,768,768,1536
701,1764562479.560343,kem_handshake,0.000025588|0.000017021|0.000034965,0.00,0.00,42844160,42844160,768,768,1536
702,1764562479.561451,kem_handshake,0.000021810|0.000016761|0.000038210,0.00,0.00,42844160,42844160,768,768,1536
703,1764562479.5625832,kem_handshake,0.000019706|0.000015989|0.000035065,0.00,0.00,42844160,42844160,768,768,1536
704,1764562479.563796,kem_handshake,0.000027240|0.000022441|0.000068987,0.00,0.00,42844160,42844160,768,768,1536
705,1764562479.5650926,kem_handshake,0.000021169|0.000016781|0.000038021,0.00,0.00,42844160,42844160,768,768,1536
706,1764562479.5662239,kem_handshake,0.000021229|0.000016150|0.000034614,0.00,0.00,42844160,42844160,768,768,1536
707,1764562479.5673366,kem_handshake,0.000019917|0.000016481|0.000034143,0.00,0.00,42844160,42844160,768,768,1536
708,1764562479.5684147,kem_handshake,0.000019116|0.000015578|0.000033562,0.00,0.00,42844160,42844160,768,768,1536
709,1764562479.5695,kem_handshake,0.000018925|0.000016199|0.000034624,0.00,0.00,42844160,42844160,768,768,1536
710,1764562479.5707092,kem_handshake,0.000023183|0.000018715|0.000041337,0.00,0.00,42844160,42844160,768,768,1536
711,1764562479.5720654,kem_handshake,0.000028112|0.000019476|0.000043611,0.00,0.00,42844160,42844160,768,768,1536
712,1764562479.5740554,kem_handshake,0.000089416|0.000028433|0.000051215,0.00,0.00,42876928,42876928,768,768,1536
713,1764562479.5754523,kem_handshake,0.000024926|0.000018494|0.000036167,0.00,0.00,42876928,42876928,768,768,1536
714,1764562479.5770783,kem_handshake,0.000060362|0.000035326|0.000072865,0.00,0.00,42844160,42844160,768,768,1536
715,1764562479.5784168,kem_handshake,0.000028823|0.000020128|0.000040014,0.00,0.00,42844160,42844160,768,768,1536
716,1764562479.5796127,kem_handshake,0.000021861|0.000015939|0.000035776,0.00,0.00,42844160,42844160,768,768,1536
717,1764562479.5812454,kem_handshake,0.000032210|0.000021279|0.000052096,0.00,0.00,42844160,42844160,768,768,1536
718,1764562479.5825067,kem_handshake,0.000024165|0.000017893|0.000036638,0.00,0.00,42844160,42844160,768,768,1536
719,1764562479.5838215,kem_handshake,0.000020027|0.000016601|0.000035776,0.00,0.00,42844160,42844160,768,768,1536
720,1764562479.5849948,kem_handshake,0.000022472|0.000015869|0.000034213,0.00,0.00,42844160,42844160,768,768,1536
721,1764562479.586102,kem_handshake,0.000019406|0.000015759|0.000033662,0.00,0.00,42844160,42844160,768,768,1536
722,1764562479.5871642,kem_handshake,0.000019556|0.000015369|0.000032430,0.00,0.00,42844160,42844160,768,768,1536
723,1764562479.5883944,kem_handshake,0.000023153|0.000017332|0.000033622,0.00,0.00,42844160,42844160,768,768,1536
724,1764562479.5901005,kem_handshake,0.000024305|0.000017462|0.000037620,0.00,0.00,42848256,42848256,768,768,1536
725,1764562479.5912287,kem_handshake,0.000019476|0.000015739|0.000033131,0.00,0.00,42848256,42848256,768,768,1536
726,1764562479.5923066,kem_handshake,0.000018664|0.000015469|0.000033001,0.00,0.00,42848256,42848256,768,768,1536
727,1764562479.5939028,kem_handshake,0.000067385|0.000029875|0.000053429,0.00,0.00,42876928,42876928,768,768,1536
728,1764562479.5951016,kem_handshake,0.000023313|0.000017242|0.000034434,0.00,0.00,42876928,42876928,768,768,1536
729,1764562479.596194,kem_handshake,0.000020077|0.000016270|0.000037279,0.00,0.00,42876928,42876928,768,768,1536
730,1764562479.5974832,kem_handshake,0.000035646|0.000021049|0.000059370,0.00,0.00,42876928,42876928,768,768,1536
731,1764562479.598798,kem_handshake,0.000029504|0.000020508|0.000040655,0.00,0.00,42848256,42848256,768,768,1536
732,1764562479.6000104,kem_handshake,0.000022371|0.000016751|0.000035806,0.00,0.00,42876928,42876928,768,768,1536
733,1764562479.6011722,kem_handshake,0.000025587|0.000017914|0.000035686,0.00,0.00,42848256,42848256,768,768,1536
734,1764562479.6022496,kem_handshake,0.000018945|0.000015629|0.000032730,0.00,0.00,42876928,42876928,768,768,1536
735,1764562479.6033225,kem_handshake,0.000020388|0.000016481|0.000033091,0.00,0.00,42848256,42848256,768,768,1536
736,1764562479.6043684,kem_handshake,0.000019316|0.000015819|0.000033392,0.00,0.00,42876928,42876928,768,768,1536
737,1764562479.6054554,kem_handshake,0.000019987|0.000015769|0.000033301,0.00,0.00,42876928,42876928,768,768,1536
738,1764562479.6066213,kem_handshake,0.000019536|0.000016791|0.000033451,0.00,0.00,42876928,42876928,768,768,1536
739,1764562479.6076653,kem_handshake,0.000018655|0.000015559|0.000032641,0.00,0.00,42876928,42876928,768,768,1536
740,1764562479.6087124,kem_handshake,0.000018555|0.000015328|0.000032650,0.00,0.00,42876928,42876928,768,768,1536
741,1764562479.6097574,kem_handshake,0.000018044|0.000015218|0.000033051,0.00,0.00,42876928,42876928,768,768,1536
742,1764562479.610791,kem_handshake,0.000017803|0.000014937|0.000034594,0.00,0.00,42876928,42876928,768,768,1536
743,1764562479.6122026,kem_handshake,0.000029154|0.000018724|0.000038421,0.00,0.00,42848256,42848256,768,768,1536
744,1764562479.6133542,kem_handshake,0.000026549|0.000018184|0.000036788,0.00,0.00,42848256,42848256,768,768,1536
745,1764562479.614561,kem_handshake,0.000021310|0.000016821|0.000035936,0.00,0.00,42848256,42848256,768,768,1536
746,1764562479.615856,kem_handshake,0.000031248|0.000019646|0.000045214,0.00,0.00,42876928,42876928,768,768,1536
747,1764562479.6170104,kem_handshake,0.000025917|0.000015639|0.000063918,0.00,0.00,42848256,42848256,768,768,1536
748,1764562479.6181743,kem_handshake,0.000020328|0.000016190|0.000044603,0.00,0.00,42876928,42876928,768,768,1536
749,1764562479.6193016,kem_handshake,0.000018485|0.000015508|0.000038020,0.00,0.00,42848256,42848256,768,768,1536
750,1764562479.6204333,kem_handshake,0.000020067|0.000016220|0.000032490,0.00,0.00,42876928,42876928,768,768,1536
751,1764562479.6216986,kem_handshake,0.000029124|0.000018905|0.000040796,0.00,0.00,42848256,42848256,768,768,1536
752,1764562479.6233878,kem_handshake,0.000031839|0.000018314|0.000045263,0.00,0.00,42848256,42848256,768,768,1536
753,1764562479.6247368,kem_handshake,0.000025688|0.000017592|0.000043861,0.00,0.00,42848256,42848256,768,768,1536
754,1764562479.6259441,kem_handshake,0.000028162|0.000016100|0.000035004,0.00,0.00,42848256,42848256,768,768,1536
755,1764562479.6270115,kem_handshake,0.000019135|0.000015769|0.000032790,0.00,14920.30,42848256,42848256,768,768,1536
756,1764562479.6280494,kem_handshake,0.000018494|0.000015409|0.000032620,0.00,0.00,42848256,42848256,768,768,1536
757,1764562479.6299262,kem_handshake,0.000090377|0.000045034|0.000100545,0.00,0.00,42876928,42876928,768,768,1536
758,1764562479.6313272,kem_handshake,0.000050203|0.000024846|0.000043259,0.00,0.00,42876928,42876928,768,768,1536
759,1764562479.6327162,kem_handshake,0.000026209|0.000017041|0.000035646,0.00,0.00,42876928,42876928,768,768,1536
760,1764562479.6346927,kem_handshake,0.000059871|0.000041757|0.000085448,0.00,0.00,42848256,42848256,768,768,1536
761,1764562479.6360059,kem_handshake,0.000020928|0.000017523|0.000033622,0.00,0.00,42848256,42848256,768,768,1536
762,1764562479.6370468,kem_handshake,0.000018594|0.000015850|0.000032850,0.00,0.00,42848256,42848256,768,768,1536
763,1764562479.6381521,kem_handshake,0.000020788|0.000016931|0.000034895,0.00,0.00,42848256,42848256,768,768,1536
764,1764562479.6393597,kem_handshake,0.000024465|0.000017142|0.000035706,0.00,0.00,42848256,42848256,768,768,1536
765,1764562479.6406193,kem_handshake,0.000022110|0.000018033|0.000039163,0.00,0.00,42848256,42848256,768,768,1536
766,1764562479.6417341,kem_handshake,0.000019356|0.000016891|0.000033852,0.00,0.00,42848256,42848256,768,768,1536
767,1764562479.6427896,kem_handshake,0.000019055|0.000015699|0.000032801,0.00,0.00,42848256,42848256,768,768,1536
768,1764562479.6438708,kem_handshake,0.000019266|0.000015328|0.000037469,0.00,0.00,42848256,42848256,768,768,1536
769,1764562479.6449218,kem_handshake,0.000018854|0.000021599|0.000032521,0.00,0.00,42848256,42848256,768,768,1536
770,1764562479.6462235,kem_handshake,0.000043029|0.000078194|0.000065551,0.00,0.00,42848256,42848256,768,768,1536
771,1764562479.6474597,kem_handshake,0.000020869|0.000017372|0.000036017,0.00,0.00,42848256,42848256,768,768,1536
772,1764562479.6486971,kem_handshake,0.000023062|0.000018233|0.000036828,0.00,0.00,42848256,42848256,768,768,1536
773,1764562479.6499624,kem_handshake,0.000030306|0.000018304|0.000036889,0.00,0.00,42848256,42848256,768,768,1536
774,1764562479.6513174,kem_handshake,0.000049862|0.000027191|0.000059580,0.00,0.00,42848256,42848256,768,768,1536
775,1764562479.652623,kem_handshake,0.000021650|0.000016771|0.000038892,0.00,0.00,42848256,42848256,768,768,1536
776,1764562479.653862,kem_handshake,0.000026168|0.000016821|0.000047748,0.00,0.00,42848256,42848256,768,768,1536
777,1764562479.655173,kem_handshake,0.000026308|0.000018204|0.000045905,0.00,0.00,42848256,42848256,768,768,1536
778,1764562479.6565182,kem_handshake,0.000026669|0.000018754|0.000042819,0.00,0.00,42848256,42848256,768,768,1536
779,1764562479.6577225,kem_handshake,0.000022612|0.000018114|0.000039814,0.00,0.00,42848256,42848256,768,768,1536
780,1764562479.6591368,kem_handshake,0.000019646|0.000015688|0.000037349,0.00,0.00,42848256,42848256,768,768,1536
781,1764562479.6603184,kem_handshake,0.000023884|0.000017903|0.000038602,0.00,0.00,42848256,42848256,768,768,1536
782,1764562479.6618247,kem_handshake,0.000049992|0.000024636|0.000050273,0.00,0.00,42876928,42876928,768,768,1536
783,1764562479.6644115,kem_handshake,0.000041777|0.000022611|0.000048780,0.00,0.00,42876928,42876928,768,768,1536
784,1764562479.6664107,kem_handshake,0.000069609|0.000021159|0.000047919,0.00,0.00,42876928,42876928,768,768,1536
785,1764562479.6676755,kem_handshake,0.000021470|0.000016751|0.000034554,0.00,0.00,42876928,42876928,768,768,1536
786,1764562479.6688373,kem_handshake,0.000024755|0.000018824|0.000035806,0.00,0.00,42876928,42876928,768,768,1536
787,1764562479.6699457,kem_handshake,0.000024665|0.000016200|0.000033272,0.00,0.00,42876928,42876928,768,768,1536
788,1764562479.6711564,kem_handshake,0.000023974|0.000018133|0.000035986,0.00,0.00,42876928,42876928,768,768,1536
789,1764562479.6729605,kem_handshake,0.000063067|0.000038481|0.000078715,0.00,0.00,42848256,42848256,768,768,1536
790,1764562479.6746316,kem_handshake,0.000026969|0.000018864|0.000037029,0.00,0.00,42848256,42848256,768,768,1536
791,1764562479.675759,kem_handshake,0.000019887|0.000015589|0.000033131,0.00,0.00,42848256,42848256,768,768,1536
792,1764562479.676971,kem_handshake,0.000019436|0.000015789|0.000033883,0.00,0.00,42848256,42848256,768,768,1536
793,1764562479.6780775,kem_handshake,0.000018263|0.000015349|0.000032750,0.00,0.00,42848256,42848256,768,768,1536
794,1764562479.6791725,kem_handshake,0.000019045|0.000015579|0.000034243,0.00,0.00,42848256,42848256,768,768,1536
795,1764562479.6803617,kem_handshake,0.000021790|0.000016621|0.000035395,0.00,0.00,42852352,42852352,768,768,1536
796,1764562479.6814995,kem_handshake,0.000018814|0.000015398|0.000033411,0.00,0.00,42852352,42852352,768,768,1536
797,1764562479.6827848,kem_handshake,0.000026199|0.000016651|0.000033802,0.00,0.00,42852352,42852352,768,768,1536
798,1764562479.6841154,kem_handshake,0.000059420|0.000021519|0.000032860,0.00,0.00,42852352,42852352,768,768,1536
799,1764562479.6851912,kem_handshake,0.000018354|0.000015238|0.000032851,0.00,0.00,42852352,42852352,768,768,1536
800,1764562479.6862555,kem_handshake,0.000018785|0.000015569|0.000032760,0.00,0.00,42852352,42852352,768,768,1536
801,1764562479.687329,kem_handshake,0.000018715|0.000015418|0.000033312,0.00,0.00,42852352,42852352,768,768,1536
802,1764562479.6884952,kem_handshake,0.000018915|0.000015458|0.000033743,0.00,0.00,42852352,42852352,768,768,1536
803,1764562479.6896915,kem_handshake,0.000019055|0.000015699|0.000034324,0.00,0.00,42852352,42852352,768,768,1536
804,1764562479.6907585,kem_handshake,0.000020067|0.000015339|0.000032219,0.00,0.00,42852352,42852352,768,768,1536
805,1764562479.6918,kem_handshake,0.000017793|0.000015529|0.000033211,0.00,0.00,42852352,42852352,768,768,1536
806,1764562479.6929395,kem_handshake,0.000026730|0.000015669|0.000032841,0.00,0.00,42852352,42852352,768,768,1536
807,1764562479.6940088,kem_handshake,0.000018394|0.000015298|0.000032851,0.00,0.00,42852352,42852352,768,768,1536
808,1764562479.6950505,kem_handshake,0.000017963|0.000015248|0.000032740,0.00,0.00,42852352,42852352,768,768,1536
809,1764562479.6961303,kem_handshake,0.000019166|0.000015539|0.000033892,0.00,0.00,42852352,42852352,768,768,1536
810,1764562479.697263,kem_handshake,0.000018695|0.000015549|0.000033451,0.00,0.00,42852352,42852352,768,768,1536
811,1764562479.698556,kem_handshake,0.000023724|0.000017502|0.000038431,0.00,0.00,42852352,42852352,768,768,1536
812,1764562479.6999288,kem_handshake,0.000021179|0.000022481|0.000038691,0.00,0.00,42852352,42852352,768,768,1536
813,1764562479.7010462,kem_handshake,0.000019185|0.000015819|0.000033472,0.00,0.00,42852352,42852352,768,768,1536
814,1764562479.7021067,kem_handshake,0.000018935|0.000015488|0.000033282,0.00,0.00,42852352,42852352,768,768,1536
815,1764562479.7031713,kem_handshake,0.000018404|0.000015208|0.000032630,0.00,0.00,42852352,42852352,768,768,1536
816,1764562479.7042303,kem_handshake,0.000019666|0.000015078|0.000033411,0.00,0.00,42852352,42852352,768,768,1536
817,1764562479.7053397,kem_handshake,0.000018714|0.000015669|0.000035345,0.00,0.00,42852352,42852352,768,768,1536
818,1764562479.7064826,kem_handshake,0.000019466|0.000015779|0.000032850,0.00,0.00,42852352,42852352,768,768,1536
819,1764562479.707882,kem_handshake,0.000025908|0.000019306|0.000048951,0.00,0.00,42852352,42852352,768,768,1536
820,1764562479.70902,kem_handshake,0.000020037|0.000016080|0.000033542,0.00,0.00,42852352,42852352,768,768,1536
821,1764562479.7101166,kem_handshake,0.000018734|0.000015399|0.000032731,0.00,0.00,42852352,42852352,768,768,1536
822,1764562479.7111979,kem_handshake,0.000018564|0.000015588|0.000032870,0.00,0.00,42852352,42852352,768,768,1536
823,1764562479.7122586,kem_handshake,0.000018835|0.000015740|0.000032481,0.00,0.00,42852352,42852352,768,768,1536
824,1764562479.7133791,kem_handshake,0.000020558|0.000016901|0.000033251,0.00,0.00,42852352,42852352,768,768,1536
825,1764562479.7146237,kem_handshake,0.000030957|0.000019275|0.000035796,0.00,0.00,42852352,42852352,768,768,1536
826,1764562479.7159483,kem_handshake,0.000026800|0.000017683|0.000037479,0.00,0.00,42852352,42852352,768,768,1536
827,1764562479.7170577,kem_handshake,0.000018685|0.000015659|0.000032750,0.00,0.00,42852352,42852352,768,768,1536
828,1764562479.7181432,kem_handshake,0.000018865|0.000015499|0.000032791,0.00,0.00,42852352,42852352,768,768,1536
829,1764562479.7192101,kem_handshake,0.000019536|0.000016080|0.000033832,0.00,0.00,42852352,42852352,768,768,1536
830,1764562479.720276,kem_handshake,0.000018695|0.000015499|0.000032610,0.00,0.00,42852352,42852352,768,768,1536
831,1764562479.7214239,kem_handshake,0.000020858|0.000016531|0.000034624,0.00,0.00,42852352,42852352,768,768,1536
832,1764562479.7227936,kem_handshake,0.000025908|0.000020007|0.000048009,0.00,0.00,42852352,42852352,768,768,1536
833,1764562479.724159,kem_handshake,0.000034404|0.000019345|0.000044262,0.00,0.00,42852352,42852352,768,768,1536
834,1764562479.7253354,kem_handshake,0.000018955|0.000015769|0.000033131,0.00,0.00,42852352,42852352,768,768,1536
835,1764562479.7263896,kem_handshake,0.000018544|0.000015549|0.000032690,0.00,0.00,42852352,42852352,768,768,1536
836,1764562479.7274866,kem_handshake,0.000019746|0.000015929|0.000033452,0.00,0.00,42852352,42852352,768,768,1536
837,1764562479.728593,kem_handshake,0.000022732|0.000018604|0.000038792,0.00,0.00,42852352,42852352,768,768,1536
838,1764562479.7297769,kem_handshake,0.000022362|0.000016330|0.000038001,0.00,0.00,42852352,42852352,768,768,1536
839,1764562479.7309775,kem_handshake,0.000020718|0.000016240|0.000033662,0.00,0.00,42852352,42852352,768,768,1536
840,1764562479.7330236,kem_handshake,0.000075129|0.000042449|0.000085308,0.00,0.00,42876928,42876928,768,768,1536
841,1764562479.7343771,kem_handshake,0.000023523|0.000017222|0.000034163,0.00,0.00,42876928,42876928,768,768,1536
842,1764562479.7354827,kem_handshake,0.000019216|0.000015489|0.000032880,0.00,0.00,42876928,42876928,768,768,1536
843,1764562479.7365444,kem_handshake,0.000018895|0.000015749|0.000032791,0.00,0.00,42876928,42876928,768,768,1536
844,1764562479.7376206,kem_handshake,0.000019817|0.000018644|0.000040595,0.00,0.00,42876928,42876928,768,768,1536
845,1764562479.7387516,kem_handshake,0.000019877|0.000015920|0.000033692,0.00,0.00,42876928,42876928,768,768,1536
846,1764562479.7400265,kem_handshake,0.000039083|0.000023563|0.000050122,0.00,0.00,42876928,42876928,768,768,1536
847,1764562479.741162,kem_handshake,0.000019416|0.000015790|0.000033001,0.00,0.00,42876928,42876928,768,768,1536
848,1764562479.7427251,kem_handshake,0.000056053|0.000024104|0.000061654,0.00,0.00,42852352,42852352,768,768,1536
849,1764562479.7439833,kem_handshake,0.000021078|0.000017201|0.000033792,0.00,0.00,42852352,42852352,768,768,1536
850,1764562479.7450838,kem_handshake,0.000023293|0.000018344|0.000040524,0.00,0.00,42852352,42852352,768,768,1536
851,1764562479.7462134,kem_handshake,0.000021721|0.000019576|0.000034704,0.00,0.00,42852352,42852352,768,768,1536
852,1764562479.748016,kem_handshake,0.000062746|0.000073766|0.000072804,0.00,0.00,42876928,42876928,768,768,1536
853,1764562479.7494707,kem_handshake,0.000025688|0.000017282|0.000035996,0.00,0.00,42876928,42876928,768,768,1536
854,1764562479.7508373,kem_handshake,0.000042388|0.000023624|0.000043610,0.00,0.00,42852352,42852352,768,768,1536
855,1764562479.7522924,kem_handshake,0.000037049|0.000030667|0.000064058,0.00,0.00,42876928,42876928,768,768,1536
856,1764562479.7534645,kem_handshake,0.000019156|0.000016180|0.000032751,0.00,0.00,42876928,42876928,768,768,1536
857,1764562479.7545872,kem_handshake,0.000020628|0.000018034|0.000036197,0.00,0.00,42876928,42876928,768,768,1536
858,1764562479.7556927,kem_handshake,0.000019216|0.000016069|0.000033753,0.00,0.00,42876928,42876928,768,768,1536
859,1764562479.7569075,kem_handshake,0.000020277|0.000015739|0.000034384,0.00,0.00,42876928,42876928,768,768,1536
860,1764562479.7581244,kem_handshake,0.000018885|0.000015248|0.000032641,0.00,0.00,42876928,42876928,768,768,1536
861,1764562479.7592304,kem_handshake,0.000022562|0.000016621|0.000037890,0.00,0.00,42876928,42876928,768,768,1536
862,1764562479.7609742,kem_handshake,0.000081961|0.000026950|0.000044572,0.00,0.00,42852352,42852352,768,768,1536
863,1764562479.7621725,kem_handshake,0.000023003|0.000019536|0.000040615,0.00,0.00,42852352,42852352,768,768,1536
864,1764562479.7634478,kem_handshake,0.000027491|0.000020959|0.000047558,0.00,0.00,42852352,42852352,768,768,1536
865,1764562479.7647116,kem_handshake,0.000023904|0.000018364|0.000042147,0.00,0.00,42852352,42852352,768,768,1536
866,1764562479.766505,kem_handshake,0.000049702|0.000025888|0.000051445,0.00,0.00,42876928,42881024,768,768,1536
867,1764562479.7681165,kem_handshake,0.000085849|0.000025417|0.000039132,0.00,0.00,42881024,42881024,768,768,1536
868,1764562479.7692246,kem_handshake,0.000018634|0.000015479|0.000032840,0.00,0.00,42881024,42881024,768,768,1536
869,1764562479.77029,kem_handshake,0.000018565|0.000015749|0.000033492,0.00,0.00,42881024,42881024,768,768,1536
870,1764562479.7713876,kem_handshake,0.000018144|0.000015148|0.000033231,0.00,0.00,42881024,42881024,768,768,1536
871,1764562479.7725751,kem_handshake,0.000024395|0.000018705|0.000040034,0.00,0.00,42881024,42881024,768,768,1536
872,1764562479.7738225,kem_handshake,0.000023083|0.000015819|0.000035466,0.00,0.00,42881024,42881024,768,768,1536
873,1764562479.7753296,kem_handshake,0.000020237|0.000015709|0.000035315,0.00,0.00,42881024,42881024,768,768,1536
874,1764562479.776953,kem_handshake,0.000059230|0.000034965|0.000050604,0.00,0.00,42852352,42852352,768,768,1536
875,1764562479.7783103,kem_handshake,0.000022722|0.000016650|0.000034754,0.00,0.00,42852352,42852352,768,768,1536
876,1764562479.7796443,kem_handshake,0.000019736|0.000016310|0.000032440,0.00,0.00,42852352,42852352,768,768,1536
877,1764562479.7807868,kem_handshake,0.000020809|0.000016701|0.000035335,0.00,0.00,42852352,42852352,768,768,1536
878,1764562479.7823987,kem_handshake,0.000042389|0.000033131|0.000072383,0.00,0.00,42852352,42852352,768,768,1536
879,1764562479.7836964,kem_handshake,0.000019887|0.000016321|0.000033572,0.00,0.00,42852352,42852352,768,768,1536
880,1764562479.7848005,kem_handshake,0.000018114|0.000015228|0.000032670,0.00,0.00,42852352,42852352,768,768,1536
881,1764562479.7858596,kem_handshake,0.000017933|0.000015719|0.000046957,0.00,0.00,42852352,42852352,768,768,1536
882,1764562479.7869117,kem_handshake,0.000018394|0.000015328|0.000032570,0.00,0.00,42852352,42852352,768,768,1536
883,1764562479.7879539,kem_handshake,0.000018484|0.000015138|0.000032730,0.00,0.00,42852352,42852352,768,768,1536
884,1764562479.7890704,kem_handshake,0.000021099|0.000015989|0.000034354,0.00,0.00,42852352,42852352,768,768,1536
885,1764562479.7903771,kem_handshake,0.000033432|0.000018925|0.000043320,0.00,0.00,42852352,42852352,768,768,1536
886,1764562479.791563,kem_handshake,0.000018204|0.000015108|0.000032209,0.00,0.00,42852352,42852352,768,768,1536
887,1764562479.7926028,kem_handshake,0.000017692|0.000015107|0.000032470,0.00,0.00,42852352,42852352,768,768,1536
888,1764562479.7936661,kem_handshake,0.000018363|0.000015298|0.000032731,0.00,0.00,42852352,42852352,768,768,1536
889,1764562479.7947323,kem_handshake,0.000017944|0.000015248|0.000032259,0.00,0.00,42852352,42852352,768,768,1536
890,1764562479.7957573,kem_handshake,0.000017772|0.000014937|0.000032209,0.00,0.00,42852352,42852352,768,768,1536
891,1764562479.7969584,kem_handshake,0.000029615|0.000020167|0.000037610,0.00,0.00,42852352,42852352,768,768,1536
892,1764562479.7982473,kem_handshake,0.000022852|0.000017052|0.000035565,0.00,0.00,42852352,42852352,768,768,1536
893,1764562479.7995286,kem_handshake,0.000022762|0.000016530|0.000034644,0.00,0.00,42852352,42852352,768,768,1536
894,1764562479.8006077,kem_handshake,0.000018604|0.000015369|0.000032700,0.00,0.00,42852352,42852352,768,768,1536
895,1764562479.8016653,kem_handshake,0.000018194|0.000015448|0.000032700,0.00,0.00,42852352,42852352,768,768,1536
896,1764562479.8027072,kem_handshake,0.000017914|0.000015328|0.000032731,0.00,0.00,42852352,42852352,768,768,1536
897,1764562479.8037543,kem_handshake,0.000017984|0.000015128|0.000032650,0.00,0.00,42852352,42852352,768,768,1536
898,1764562479.804823,kem_handshake,0.000018464|0.000015599|0.000032640,0.00,0.00,42852352,42852352,768,768,1536
899,1764562479.8059754,kem_handshake,0.000061775|0.000016540|0.000034093,0.00,0.00,42852352,42852352,768,768,1536
900,1764562479.8071306,kem_handshake,0.000023964|0.000017503|0.000036226,0.00,0.00,42852352,42852352,768,768,1536
901,1764562479.8082898,kem_handshake,0.000020678|0.000015239|0.000035495,0.00,0.00,42852352,42852352,768,768,1536
902,1764562479.8093405,kem_handshake,0.000018223|0.000015769|0.000032721,0.00,0.00,42852352,42852352,768,768,1536
903,1764562479.8103912,kem_handshake,0.000018253|0.000015087|0.000032741,0.00,0.00,42852352,42852352,768,768,1536
904,1764562479.811437,kem_handshake,0.000017924|0.000015088|0.000033071,0.00,0.00,42852352,42852352,768,768,1536
905,1764562479.8124812,kem_handshake,0.000018204|0.000015378|0.000033482,0.00,0.00,42852352,42852352,768,768,1536
906,1764562479.8135552,kem_handshake,0.000019225|0.000015348|0.000035085,0.00,0.00,42852352,42852352,768,768,1536
907,1764562479.814662,kem_handshake,0.000020017|0.000016220|0.000034534,0.00,0.00,42852352,42852352,768,768,1536
908,1764562479.8157475,kem_handshake,0.000019386|0.000015198|0.000033562,0.00,0.00,42852352,42852352,768,768,1536
909,1764562479.8168368,kem_handshake,0.000018464|0.000015118|0.000032720,0.00,0.00,42852352,42852352,768,768,1536
910,1764562479.8179219,kem_handshake,0.000019405|0.000020878|0.000033041,0.00,0.00,42852352,42852352,768,768,1536
911,1764562479.8190107,kem_handshake,0.000020798|0.000015970|0.000036156,0.00,0.00,42852352,42852352,768,768,1536
912,1764562479.8203099,kem_handshake,0.000018885|0.000015028|0.000032821,0.00,0.00,42852352,42852352,768,768,1536
913,1764562479.8214004,kem_handshake,0.000018304|0.000015178|0.000032981,0.00,0.00,42852352,42852352,768,768,1536
914,1764562479.822465,kem_handshake,0.000018254|0.000015338|0.000033973,0.00,0.00,42852352,42852352,768,768,1536
915,1764562479.8235545,kem_handshake,0.000019265|0.000015749|0.000033642,0.00,0.00,42852352,42852352,768,768,1536
916,1764562479.8247235,kem_handshake,0.000022692|0.000017592|0.000037990,0.00,0.00,42856448,42856448,768,768,1536
917,1764562479.8262036,kem_handshake,0.000066353|0.000021740|0.000033992,0.00,0.00,42856448,42856448,768,768,1536
918,1764562479.827283,kem_handshake,0.000019907|0.000015729|0.000033542,0.00,0.00,42856448,42856448,768,768,1536
919,1764562479.8283913,kem_handshake,0.000018824|0.000015358|0.000032591,0.00,0.00,42856448,42856448,768,768,1536
920,1764562479.8294382,kem_handshake,0.000018194|0.000015108|0.000033642,0.00,0.00,42856448,42856448,768,768,1536
921,1764562479.830495,kem_handshake,0.000018765|0.000015148|0.000032861,0.00,0.00,42856448,42856448,768,768,1536
922,1764562479.8315744,kem_handshake,0.000018634|0.000015729|0.000033312,0.00,0.00,42856448,42856448,768,768,1536
923,1764562479.8327618,kem_handshake,0.000019005|0.000015208|0.000034103,0.00,0.00,42856448,42856448,768,768,1536
924,1764562479.833823,kem_handshake,0.000018495|0.000014667|0.000033842,0.00,0.00,42856448,42856448,768,768,1536
925,1764562479.8348947,kem_handshake,0.000018514|0.000015098|0.000033111,0.00,0.00,42856448,42856448,768,768,1536
926,1764562479.8359227,kem_handshake,0.000018284|0.000020768|0.000032620,0.00,0.00,42856448,42856448,768,768,1536
927,1764562479.836975,kem_handshake,0.000018714|0.000015138|0.000032851,0.00,0.00,42860544,42860544,768,768,1536
928,1764562479.8380475,kem_handshake,0.000018133|0.000014928|0.000032620,0.00,0.00,42860544,42860544,768,768,1536
929,1764562479.8391128,kem_handshake,0.000017593|0.000014978|0.000060812,0.00,0.00,42860544,42860544,768,768,1536
930,1764562479.8401752,kem_handshake,0.000019606|0.000015338|0.000033112,0.00,0.00,42860544,42860544,768,768,1536
931,1764562479.8413384,kem_handshake,0.000019666|0.000015018|0.000033572,0.00,0.00,42860544,42860544,768,768,1536
932,1764562479.8424215,kem_handshake,0.000018033|0.000015259|0.000033472,0.00,0.00,42860544,42860544,768,768,1536
933,1764562479.8435044,kem_handshake,0.000018033|0.000015108|0.000033161,0.00,0.00,42860544,42860544,768,768,1536
934,1764562479.844552,kem_handshake,0.000017702|0.000014828|0.000032981,0.00,0.00,42860544,42860544,768,768,1536
935,1764562479.8455763,kem_handshake,0.000017492|0.000015047|0.000032850,0.00,0.00,42860544,42860544,768,768,1536
936,1764562479.8466272,kem_handshake,0.000018314|0.000015198|0.000032550,0.00,0.00,42860544,42860544,768,768,1536
937,1764562479.8476992,kem_handshake,0.000019186|0.000015338|0.000033402,0.00,0.00,42860544,42860544,768,768,1536
938,1764562479.84888,kem_handshake,0.000020478|0.000015249|0.000041066,0.00,0.00,42860544,42860544,768,768,1536
939,1764562479.8499858,kem_handshake,0.000018134|0.000015088|0.000033261,0.00,0.00,42860544,42860544,768,768,1536
940,1764562479.8510377,kem_handshake,0.000017993|0.000014877|0.000032891,0.00,0.00,42860544,42860544,768,768,1536
941,1764562479.8521252,kem_handshake,0.000020447|0.000016521|0.000033972,0.00,0.00,42860544,42860544,768,768,1536
942,1764562479.8531916,kem_handshake,0.000018784|0.000015509|0.000032590,0.00,0.00,42860544,42860544,768,768,1536
943,1764562479.8542972,kem_handshake,0.000019335|0.000015969|0.000033492,0.00,0.00,42860544,42860544,768,768,1536
944,1764562479.8553684,kem_handshake,0.000019677|0.000015669|0.000034454,0.00,0.00,42860544,42860544,768,768,1536
945,1764562479.8565798,kem_handshake,0.000020027|0.000016060|0.000035837,0.00,0.00,42860544,42860544,768,768,1536
946,1764562479.8578727,kem_handshake,0.000020398|0.000015729|0.000044161,0.00,0.00,42860544,42860544,768,768,1536
947,1764562479.8589444,kem_handshake,0.000019005|0.000036838|0.000032871,0.00,0.00,42860544,42860544,768,768,1536
948,1764562479.8600378,kem_handshake,0.000019807|0.000016240|0.000034414,0.00,0.00,42860544,42860544,768,768,1536
949,1764562479.8610995,kem_handshake,0.000018194|0.000015238|0.000032681,0.00,0.00,42860544,42860544,768,768,1536
950,1764562479.8621392,kem_handshake,0.000018404|0.000014968|0.000033011,0.00,0.00,42860544,42860544,768,768,1536
951,1764562479.8632338,kem_handshake,0.000018334|0.000015539|0.000033341,0.00,0.00,42860544,42860544,768,768,1536
952,1764562479.8644123,kem_handshake,0.000022251|0.000015990|0.000035957,0.00,0.00,42860544,42860544,768,768,1536
953,1764562479.8656259,kem_handshake,0.000022241|0.000015749|0.000036638,0.00,0.00,42860544,42860544,768,768,1536
954,1764562479.8667252,kem_handshake,0.000018394|0.000015058|0.000033281,0.00,0.00,42860544,42860544,768,768,1536
955,1764562479.867784,kem_handshake,0.000018274|0.000014977|0.000032931,0.00,0.00,42860544,42860544,768,768,1536
956,1764562479.8688254,kem_handshake,0.000017542|0.000015028|0.000032690,0.00,0.00,42860544,42860544,768,768,1536
957,1764562479.8698828,kem_handshake,0.000017893|0.000014968|0.000032720,0.00,0.00,42860544,42860544,768,768,1536
958,1764562479.8709304,kem_handshake,0.000022922|0.000014908|0.000032891,0.00,0.00,42860544,42860544,768,768,1536
959,1764562479.8726568,kem_handshake,0.000054821|0.000023754|0.000075770,0.00,0.00,42881024,42881024,768,768,1536
960,1764562479.874507,kem_handshake,0.000048510|0.000031778|0.000058067,0.00,0.00,42881024,42881024,768,768,1536
961,1764562479.8764365,kem_handshake,0.000069569|0.000053299|0.000089646,0.00,0.00,42860544,42860544,768,768,1536
962,1764562479.8778925,kem_handshake,0.000019556|0.000015900|0.000033652,0.00,0.00,42860544,42860544,768,768,1536
963,1764562479.8792896,kem_handshake,0.000020017|0.000016410|0.000036047,0.00,0.00,42860544,42860544,768,768,1536
964,1764562479.8804185,kem_handshake,0.000021269|0.000016090|0.000037178,0.00,0.00,42860544,42860544,768,768,1536
965,1764562479.8815613,kem_handshake,0.000020227|0.000015879|0.000033923,0.00,0.00,42860544,42860544,768,768,1536
966,1764562479.8826737,kem_handshake,0.000018554|0.000015769|0.000033011,0.00,0.00,42860544,42860544,768,768,1536
967,1764562479.8837876,kem_handshake,0.000019426|0.000015629|0.000034144,0.00,0.00,42860544,42860544,768,768,1536
968,1764562479.8855584,kem_handshake,0.000054791|0.000030847|0.000051355,0.00,0.00,42881024,42881024,768,768,1536
969,1764562479.886963,kem_handshake,0.000044562|0.000020057|0.000038842,0.00,0.00,42881024,42881024,768,768,1536
970,1764562479.8882015,kem_handshake,0.000024786|0.000017843|0.000035395,0.00,0.00,42881024,42881024,768,768,1536
971,1764562479.8894112,kem_handshake,0.000022221|0.000016621|0.000036167,0.00,0.00,42881024,42881024,768,768,1536
972,1764562479.8907726,kem_handshake,0.000029575|0.000016761|0.000046035,0.00,0.00,42881024,42881024,768,768,1536
973,1764562479.891952,kem_handshake,0.000018915|0.000015589|0.000033051,0.00,0.00,42881024,42881024,768,768,1536
974,1764562479.8930557,kem_handshake,0.000018795|0.000015499|0.000033262,0.00,0.00,42881024,42881024,768,768,1536
975,1764562479.8941903,kem_handshake,0.000020568|0.000017091|0.000035826,0.00,0.00,42881024,42881024,768,768,1536
976,1764562479.8952801,kem_handshake,0.000018515|0.000015478|0.000032881,0.00,0.00,42881024,42881024,768,768,1536
977,1764562479.89637,kem_handshake,0.000019076|0.000015659|0.000035496,0.00,0.00,42881024,42881024,768,768,1536
978,1764562479.8975334,kem_handshake,0.000021460|0.000016460|0.000036187,0.00,0.00,42881024,42881024,768,768,1536
979,1764562479.898897,kem_handshake,0.000023713|0.000018404|0.000042990,0.00,0.00,42881024,42881024,768,768,1536
980,1764562479.900175,kem_handshake,0.000035356|0.000020177|0.000034945,0.00,0.00,42881024,42881024,768,768,1536
981,1764562479.901241,kem_handshake,0.000018303|0.000015228|0.000032550,0.00,0.00,42881024,42881024,768,768,1536
982,1764562479.9023669,kem_handshake,0.000019957|0.000016520|0.000034414,0.00,0.00,42881024,42881024,768,768,1536
983,1764562479.9034317,kem_handshake,0.000018735|0.000015499|0.000032810,0.00,0.00,42881024,42881024,768,768,1536
984,1764562479.9044936,kem_handshake,0.000019095|0.000015388|0.000033782,0.00,0.00,42881024,42881024,768,768,1536
985,1764562479.9056377,kem_handshake,0.000020768|0.000016310|0.000036418,0.00,0.00,42881024,42881024,768,768,1536
986,1764562479.906772,kem_handshake,0.000021780|0.000016501|0.000034754,0.00,0.00,42881024,42881024,768,768,1536
987,1764562479.9079673,kem_handshake,0.000022852|0.000016090|0.000036418,0.00,0.00,42881024,42881024,768,768,1536
988,1764562479.9092069,kem_handshake,0.000023824|0.000017582|0.000037359,0.00,0.00,42881024,42881024,768,768,1536
989,1764562479.9104426,kem_handshake,0.000024155|0.000018174|0.000037961,0.00,0.00,42881024,42881024,768,768,1536
990,1764562479.9116797,kem_handshake,0.000026610|0.000017582|0.000039453,0.00,0.00,42881024,42881024,768,768,1536
991,1764562479.9137473,kem_handshake,0.000043531|0.000023414|0.000061624,0.00,0.00,42881024,42881024,768,768,1536
992,1764562479.9155653,kem_handshake,0.000035866|0.000023202|0.000055723,0.00,0.00,42881024,42881024,768,768,1536
993,1764562479.9174683,kem_handshake,0.000036186|0.000021009|0.000041867,0.00,0.00,42881024,42881024,768,768,1536
994,1764562479.9196396,kem_handshake,0.000044612|0.000034944|0.000078615,0.00,0.00,42881024,42881024,768,768,1536
995,1764562479.9226153,kem_handshake,0.000090467|0.000046035|0.000105044,0.00,0.00,42881024,42881024,768,768,1536
996,1764562479.9255338,kem_handshake,0.000053939|0.000027090|0.000076571,0.00,0.00,42881024,42881024,768,768,1536
997,1764562479.9270558,kem_handshake,0.000028683|0.000017552|0.000041257,0.00,0.00,42881024,42881024,768,768,1536
998,1764562479.9282405,kem_handshake,0.000019937|0.000016461|0.000037058,0.00,0.00,42881024,42881024,768,768,1536
999,1764562479.9293566,kem_handshake,0.000018704|0.000015849|0.000032921,0.00,0.00,42881024,42881024,768,768,1536
1000,1764562479.9304702,kem_handshake,0.000020889|0.000016130|0.000036308,0.00,0.00,42881024,42881024,768,768,1536
1001,1764562479.9321086,kem_handshake,0.000050654|0.000023904|0.000050824,0.00,0.00,42860544,42860544,768,768,1536
1002,1764562479.9337077,kem_handshake,0.000025637|0.000017402|0.000036086,0.00,0.00,42860544,42860544,768,768,1536
1003,1764562479.9348407,kem_handshake,0.000019326|0.000015679|0.000033441,0.00,0.00,42860544,42860544,768,768,1536
1004,1764562479.935932,kem_handshake,0.000019786|0.000026058|0.000032721,0.00,0.00,42860544,42860544,768,768,1536
1005,1764562479.9369943,kem_handshake,0.000018564|0.000015408|0.000032730,0.00,0.00,42860544,42860544,768,768,1536
1006,1764562479.9380498,kem_handshake,0.000018955|0.000016180|0.000032691,0.00,0.00,42860544,42860544,768,768,1536
1007,1764562479.9394488,kem_handshake,0.000045644|0.000024224|0.000057496,0.00,0.00,42881024,42881024,768,768,1536
1008,1764562479.941172,kem_handshake,0.000029405|0.000017983|0.000042319,0.00,0.00,42881024,42881024,768,768,1536
1009,1764562479.9423125,kem_handshake,0.000019316|0.000016451|0.000032920,0.00,0.00,42881024,42881024,768,768,1536
1010,1764562479.9433937,kem_handshake,0.000019206|0.000015288|0.000033011,0.00,0.00,42881024,42881024,768,768,1536
1011,1764562479.944442,kem_handshake,0.000018234|0.000014968|0.000032751,0.00,0.00,42881024,42881024,768,768,1536
1012,1764562479.9455025,kem_handshake,0.000018214|0.000015459|0.000032790,0.00,0.00,42881024,42881024,768,768,1536
1013,1764562479.9465609,kem_handshake,0.000018274|0.000014938|0.000032379,0.00,0.00,42881024,42881024,768,768,1536
1014,1764562479.9479077,kem_handshake,0.000025257|0.000018404|0.000046807,0.00,0.00,42881024,42881024,768,768,1536
1015,1764562479.9492593,kem_handshake,0.000024105|0.000016200|0.000039753,0.00,0.00,42881024,42881024,768,768,1536
1016,1764562479.9503808,kem_handshake,0.000019767|0.000015649|0.000033371,0.00,0.00,42881024,42881024,768,768,1536
1017,1764562479.9514356,kem_handshake,0.000018895|0.000015408|0.000032831,0.00,0.00,42881024,42881024,768,768,1536
1018,1764562479.9525113,kem_handshake,0.000019235|0.000015269|0.000033091,0.00,0.00,42881024,42881024,768,768,1536
1019,1764562479.9535966,kem_handshake,0.000018654|0.000015248|0.000033011,0.00,0.00,42881024,42881024,768,768,1536
1020,1764562479.9546921,kem_handshake,0.000018925|0.000016651|0.000033342,0.00,0.00,42881024,42881024,768,768,1536
1021,1764562479.9558072,kem_handshake,0.000020518|0.000015338|0.000034233,0.00,0.00,42881024,42881024,768,768,1536
1022,1764562479.9571805,kem_handshake,0.000026189|0.000016300|0.000039793,0.00,0.00,42881024,42881024,768,768,1536
1023,1764562479.9589396,kem_handshake,0.000068186|0.000032220|0.000056144,0.00,0.00,42860544,42860544,768,768,1536
1024,1764562479.9602165,kem_handshake,0.000021911|0.000016891|0.000033912,0.00,0.00,42860544,42860544,768,768,1536
1025,1764562479.961301,kem_handshake,0.000018624|0.000015648|0.000033452,0.00,0.00,42860544,42860544,768,768,1536
1026,1764562479.9624646,kem_handshake,0.000020057|0.000016720|0.000034063,0.00,0.00,42860544,42860544,768,768,1536
1027,1764562479.9635735,kem_handshake,0.000019526|0.000016220|0.000034023,0.00,0.00,42860544,42860544,768,768,1536
1028,1764562479.964656,kem_handshake,0.000021580|0.000015920|0.000033883,0.00,0.00,42860544,42860544,768,768,1536
1029,1764562479.9661725,kem_handshake,0.000027541|0.000017452|0.000040555,0.00,0.00,42860544,42860544,768,768,1536
1030,1764562479.9674103,kem_handshake,0.000020508|0.000016070|0.000035085,0.00,0.00,42860544,42860544,768,768,1536
1031,1764562479.9684918,kem_handshake,0.000018855|0.000017752|0.000033442,0.00,0.00,42860544,42860544,768,768,1536
1032,1764562479.9697819,kem_handshake,0.000021530|0.000016050|0.000034274,0.00,0.00,42860544,42860544,768,768,1536
1033,1764562479.9719198,kem_handshake,0.000087893|0.000047908|0.000099363,0.00,0.00,42881024,42881024,768,768,1536
1034,1764562479.973688,kem_handshake,0.000046085|0.000033472|0.000069268,0.00,0.00,42860544,42860544,768,768,1536
1035,1764562479.9751644,kem_handshake,0.000033331|0.000017413|0.000036748,0.00,0.00,42860544,42860544,768,768,1536
1036,1764562479.97633,kem_handshake,0.000020758|0.000015689|0.000034324,0.00,0.00,42860544,42860544,768,768,1536
1037,1764562479.9776,kem_handshake,0.000021450|0.000016440|0.000034243,0.00,0.00,42864640,42864640,768,768,1536
1038,1764562479.978739,kem_handshake,0.000020218|0.000019907|0.000036437,0.00,0.00,42864640,42864640,768,768,1536
1039,1764562479.9798744,kem_handshake,0.000020167|0.000016170|0.000037769,0.00,0.00,42864640,42864640,768,768,1536
1040,1764562479.9812074,kem_handshake,0.000029534|0.000019817|0.000043641,0.00,0.00,42864640,42864640,768,768,1536
1041,1764562479.982487,kem_handshake,0.000022422|0.000017131|0.000036307,0.00,0.00,42864640,42864640,768,768,1536
1042,1764562479.9836755,kem_handshake,0.000019816|0.000016650|0.000033371,0.00,0.00,42864640,42864640,768,768,1536
1043,1764562479.9847932,kem_handshake,0.000018885|0.000015719|0.000033211,0.00,0.00,42864640,42864640,768,768,1536
1044,1764562479.9860039,kem_handshake,0.000018975|0.000015549|0.000033091,0.00,0.00,42864640,42864640,768,768,1536
1045,1764562479.9870882,kem_handshake,0.000018945|0.000015538|0.000032089,0.00,0.00,42864640,42864640,768,768,1536
1046,1764562479.9882035,kem_handshake,0.000019666|0.000015769|0.000033322,0.00,0.00,42864640,42864640,768,768,1536
1047,1764562479.9894488,kem_handshake,0.000024516|0.000016811|0.000043250,0.00,0.00,42864640,42864640,768,768,1536
1048,1764562479.9906294,kem_handshake,0.000021200|0.000016140|0.000034694,0.00,0.00,42864640,42864640,768,768,1536
1049,1764562479.9926853,kem_handshake,0.000063377|0.000024325|0.000060542,0.00,0.00,42881024,42881024,768,768,1536
1050,1764562479.9940464,kem_handshake,0.000024826|0.000017833|0.000033983,0.00,0.00,42881024,42881024,768,768,1536
1051,1764562479.9951618,kem_handshake,0.000019646|0.000015709|0.000032870,0.00,0.00,42881024,42881024,768,768,1536
1052,1764562479.9962585,kem_handshake,0.000019045|0.000016691|0.000035967,0.00,0.00,42881024,42881024,768,768,1536
1053,1764562479.9976768,kem_handshake,0.000050463|0.000035375|0.000071261,0.00,0.00,42864640,42864640,768,768,1536
1054,1764562479.9992926,kem_handshake,0.000049672|0.000023313|0.000051365,0.00,0.00,42881024,42881024,768,768,1536
1055,1764562480.0006566,kem_handshake,0.000022632|0.000016791|0.000035876,0.00,0.00,42881024,42881024,768,768,1536
1056,1764562480.0018096,kem_handshake,0.000020157|0.000015970|0.000034103,0.00,0.00,42881024,42881024,768,768,1536
1057,1764562480.002918,kem_handshake,0.000019606|0.000015919|0.000032670,0.00,0.00,42881024,42881024,768,768,1536
1058,1764562480.0039678,kem_handshake,0.000018574|0.000015719|0.000032901,0.00,0.00,42881024,42881024,768,768,1536
1059,1764562480.0053084,kem_handshake,0.000035506|0.000020648|0.000042448,0.00,0.00,42864640,42864640,768,768,1536
1060,1764562480.0066483,kem_handshake,0.000025316|0.000017311|0.000037109,0.00,0.00,42864640,42864640,768,768,1536
1061,1764562480.0079606,kem_handshake,0.000032700|0.000017553|0.000037349,0.00,0.00,42864640,42864640,768,768,1536
1062,1764562480.0093598,kem_handshake,0.000024816|0.000018475|0.000037710,0.00,0.00,42864640,42864640,768,768,1536
1063,1764562480.011355,kem_handshake,0.000082662|0.000044332|0.000084987,0.00,0.00,42881024,42881024,768,768,1536
1064,1764562480.0127993,kem_handshake,0.000029034|0.000018975|0.000036808,0.00,0.00,42881024,42881024,768,768,1536
1065,1764562480.0141697,kem_handshake,0.000036337|0.000023473|0.000052117,0.00,0.00,42881024,42881024,768,768,1536
1066,1764562480.0155919,kem_handshake,0.000040244|0.000020758|0.000044091,0.00,0.00,42864640,42864640,768,768,1536
1067,1764562480.0170364,kem_handshake,0.000027811|0.000019517|0.000038962,0.00,0.00,42864640,42864640,768,768,1536
1068,1764562480.0182593,kem_handshake,0.000022441|0.000017111|0.000034844,0.00,0.00,42864640,42864640,768,768,1536
1069,1764562480.0193784,kem_handshake,0.000019677|0.000015779|0.000032831,0.00,0.00,42864640,42864640,768,768,1536
1070,1764562480.0207436,kem_handshake,0.000025587|0.000018104|0.000046526,0.00,0.00,42864640,42864640,768,768,1536
1071,1764562480.0228095,kem_handshake,0.000117957|0.000029334|0.000050623,0.00,0.00,42864640,42864640,768,768,1536
1072,1764562480.0246112,kem_handshake,0.000026589|0.000016691|0.000039954,0.00,0.00,42864640,42864640,768,768,1536
1073,1764562480.02576,kem_handshake,0.000020137|0.000015739|0.000033031,0.00,0.00,42864640,42864640,768,768,1536
1074,1764562480.028097,kem_handshake,0.000134809|0.000077433|0.000098972,0.00,0.00,42881024,42881024,768,768,1536
1075,1764562480.0305083,kem_handshake,0.000037700|0.000020698|0.000046055,0.00,0.00,42881024,42881024,768,768,1536
1076,1764562480.032134,kem_handshake,0.000047237|0.000021900|0.000055903,0.00,0.00,42881024,42881024,768,768,1536
1077,1764562480.0334628,kem_handshake,0.000023734|0.000015900|0.000034233,0.00,0.00,42881024,42881024,768,768,1536
1078,1764562480.0345664,kem_handshake,0.000018986|0.000016069|0.000033342,0.00,0.00,42881024,42881024,768,768,1536
1079,1764562480.035633,kem_handshake,0.000018504|0.000015549|0.000032700,0.00,0.00,42881024,42881024,768,768,1536
1080,1764562480.0366979,kem_handshake,0.000018835|0.000015259|0.000032921,0.00,0.00,42881024,42881024,768,768,1536
1081,1764562480.0378463,kem_handshake,0.000018905|0.000016671|0.000035045,0.00,0.00,42881024,42881024,768,768,1536
1082,1764562480.038976,kem_handshake,0.000019747|0.000015990|0.000033602,0.00,0.00,42881024,42881024,768,768,1536
1083,1764562480.0401423,kem_handshake,0.000022461|0.000015750|0.000036929,0.00,0.00,42881024,42881024,768,768,1536
1084,1764562480.0414457,kem_handshake,0.000021730|0.000016551|0.000039273,0.00,0.00,42881024,42881024,768,768,1536
1085,1764562480.0426154,kem_handshake,0.000018384|0.000015719|0.000033522,0.00,0.00,42881024,42881024,768,768,1536
1086,1764562480.0437145,kem_handshake,0.000018434|0.000015539|0.000033011,0.00,0.00,42881024,42881024,768,768,1536
1087,1764562480.0448585,kem_handshake,0.000019035|0.000015779|0.000046536,0.00,0.00,42881024,42881024,768,768,1536
1088,1764562480.045935,kem_handshake,0.000025296|0.000015469|0.000033031,0.00,0.00,42881024,42881024,768,768,1536
1089,1764562480.0471034,kem_handshake,0.000022582|0.000017192|0.000035446,0.00,0.00,42881024,42881024,768,768,1536
1090,1764562480.0482585,kem_handshake,0.000021810|0.000016340|0.000034203,0.00,0.00,42881024,42881024,768,768,1536
1091,1764562480.0494103,kem_handshake,0.000019256|0.000015749|0.000033682,0.00,0.00,42881024,42881024,768,768,1536
1092,1764562480.0505934,kem_handshake,0.000018695|0.000015458|0.000034734,0.00,14884.50,42881024,42881024,768,768,1536
1093,1764562480.0518599,kem_handshake,0.000133397|0.000029274|0.000051615,0.00,0.00,42881024,42881024,768,768,1536
1094,1764562480.0529926,kem_handshake,0.000018323|0.000015508|0.000033873,0.00,0.00,42881024,42881024,768,768,1536
1095,1764562480.0542347,kem_handshake,0.000018604|0.000015168|0.000032811,0.00,0.00,42881024,42881024,768,768,1536
1096,1764562480.0553453,kem_handshake,0.000019166|0.000015198|0.000038782,0.00,0.00,42881024,42881024,768,768,1536
1097,1764562480.0564768,kem_handshake,0.000018464|0.000015459|0.000035246,0.00,0.00,42881024,42881024,768,768,1536
1098,1764562480.0576248,kem_handshake,0.000018784|0.000015169|0.000034483,0.00,0.00,42881024,42881024,768,768,1536
1099,1764562480.058692,kem_handshake,0.000018014|0.000015859|0.000032651,0.00,0.00,42881024,42881024,768,768,1536
1100,1764562480.059811,kem_handshake,0.000018244|0.000015589|0.000033532,0.00,0.00,42881024,42881024,768,768,1536
1101,1764562480.0608957,kem_handshake,0.000017502|0.000015228|0.000032791,0.00,0.00,42881024,42881024,768,768,1536
1102,1764562480.061953,kem_handshake,0.000018104|0.000015148|0.000032600,0.00,0.00,42881024,42881024,768,768,1536
1103,1764562480.063082,kem_handshake,0.000018124|0.000015008|0.000032480,0.00,0.00,42881024,42881024,768,768,1536
1104,1764562480.064267,kem_handshake,0.000020488|0.000015589|0.000033902,0.00,0.00,42881024,42881024,768,768,1536
1105,1764562480.0661995,kem_handshake,0.000026619|0.000017893|0.000040524,0.00,0.00,42881024,42881024,768,768,1536
1106,1764562480.0674012,kem_handshake,0.000021510|0.000015920|0.000035255,0.00,0.00,42881024,42881024,768,768,1536
1107,1764562480.0685215,kem_handshake,0.000018144|0.000015639|0.000032911,0.00,0.00,42881024,42881024,768,768,1536
1108,1764562480.0695896,kem_handshake,0.000017822|0.000015198|0.000032650,0.00,0.00,42881024,42881024,768,768,1536
1109,1764562480.0706453,kem_handshake,0.000018134|0.000015228|0.000032841,0.00,0.00,42881024,42881024,768,768,1536
1110,1764562480.0717854,kem_handshake,0.000019547|0.000016180|0.000037138,0.00,0.00,42881024,42881024,768,768,1536
1111,1764562480.072923,kem_handshake,0.000018584|0.000027130|0.000033783,0.00,0.00,42881024,42881024,768,768,1536
1112,1764562480.0742009,kem_handshake,0.000021319|0.000016460|0.000037680,0.00,0.00,42881024,42881024,768,768,1536
1113,1764562480.0753512,kem_handshake,0.000019686|0.000015850|0.000033632,0.00,0.00,42881024,42881024,768,768,1536
1114,1764562480.0764713,kem_handshake,0.000018193|0.000015819|0.000034334,0.00,0.00,42881024,42881024,768,768,1536
1115,1764562480.0775259,kem_handshake,0.000018224|0.000015319|0.000032680,0.00,0.00,42881024,42881024,768,768,1536
1116,1764562480.078576,kem_handshake,0.000018264|0.000015428|0.000032800,0.00,0.00,42881024,42881024,768,768,1536
1117,1764562480.079714,kem_handshake,0.000019997|0.000015599|0.000034032,0.00,0.00,42881024,42881024,768,768,1536
1118,1764562480.0808086,kem_handshake,0.000017973|0.000015288|0.000033773,0.00,0.00,42881024,42881024,768,768,1536
1119,1764562480.0819044,kem_handshake,0.000020778|0.000015118|0.000035586,0.00,14730.60,42881024,42881024,768,768,1536
1120,1764562480.0837896,kem_handshake,0.000064830|0.000027611|0.000054711,0.00,0.00,42864640,42864640,768,768,1536
1121,1764562480.0855896,kem_handshake,0.000045764|0.000035575|0.000069889,0.00,0.00,42881024,42881024,768,768,1536
1122,1764562480.086822,kem_handshake,0.000019827|0.000016671|0.000033111,0.00,0.00,42881024,42881024,768,768,1536
1123,1764562480.087963,kem_handshake,0.000019636|0.000016340|0.000032630,0.00,0.00,42881024,42881024,768,768,1536
1124,1764562480.0896738,kem_handshake,0.000061935|0.000036858|0.000077834,0.00,0.00,42864640,42864640,768,768,1536
1125,1764562480.0914688,kem_handshake,0.000025848|0.000018074|0.000045184,0.00,0.00,42864640,42864640,768,768,1536
1126,1764562480.0925913,kem_handshake,0.000019797|0.000015609|0.000033101,0.00,0.00,42864640,42864640,768,768,1536
1127,1764562480.0936635,kem_handshake,0.000019236|0.000015839|0.000032810,0.00,0.00,42864640,42864640,768,768,1536
1128,1764562480.0947242,kem_handshake,0.000019025|0.000015579|0.000032680,0.00,0.00,42864640,42864640,768,768,1536
1129,1764562480.095862,kem_handshake,0.000022842|0.000015799|0.000037729,0.00,0.00,42864640,42864640,768,768,1536
1130,1764562480.0975604,kem_handshake,0.000044242|0.000022572|0.000045935,0.00,0.00,42881024,42881024,768,768,1536
1131,1764562480.099192,kem_handshake,0.000032170|0.000019336|0.000047698,0.00,0.00,42881024,42881024,768,768,1536
1132,1764562480.1005528,kem_handshake,0.000026248|0.000017241|0.000035225,0.00,0.00,42881024,42881024,768,768,1536
1133,1764562480.1016483,kem_handshake,0.000019496|0.000016170|0.000033803,0.00,0.00,42881024,42881024,768,768,1536
1134,1764562480.1027057,kem_handshake,0.000018304|0.000015469|0.000033052,0.00,0.00,42881024,42881024,768,768,1536
1135,1764562480.1037767,kem_handshake,0.000018234|0.000015629|0.000032840,0.00,0.00,42881024,42881024,768,768,1536
1136,1764562480.10495,kem_handshake,0.000023553|0.000016650|0.000035255,0.00,0.00,42881024,42881024,768,768,1536
1137,1764562480.1061559,kem_handshake,0.000019636|0.000015780|0.000034584,0.00,0.00,42881024,42881024,768,768,1536
1138,1764562480.1074536,kem_handshake,0.000021640|0.000016129|0.000035115,0.00,0.00,42881024,42881024,768,768,1536
1139,1764562480.1085765,kem_handshake,0.000019125|0.000016441|0.000032851,0.00,0.00,42881024,42881024,768,768,1536
1140,1764562480.109649,kem_handshake,0.000018194|0.000015108|0.000032510,0.00,0.00,42881024,42881024,768,768,1536
1141,1764562480.1107337,kem_handshake,0.000018594|0.000015429|0.000032630,0.00,0.00,42881024,42881024,768,768,1536
1142,1764562480.111804,kem_handshake,0.000018525|0.000015849|0.000032530,0.00,0.00,42881024,42881024,768,768,1536
1143,1764562480.1129532,kem_handshake,0.000017823|0.000015478|0.000032450,0.00,0.00,42881024,42881024,768,768,1536
1144,1764562480.1146033,kem_handshake,0.000049131|0.000023894|0.000049942,0.00,0.00,42864640,42864640,768,768,1536
1145,1764562480.116169,kem_handshake,0.000033923|0.000020668|0.000040856,0.00,0.00,42864640,42864640,768,768,1536
1146,1764562480.1173077,kem_handshake,0.000018935|0.000016350|0.000032980,0.00,0.00,42864640,42864640,768,768,1536
1147,1764562480.1184099,kem_handshake,0.000019115|0.000015749|0.000033632,0.00,0.00,42864640,42864640,768,768,1536
1148,1764562480.1195319,kem_handshake,0.000018534|0.000015499|0.000033081,0.00,0.00,42864640,42864640,768,768,1536
1149,1764562480.1206102,kem_handshake,0.000018344|0.000015429|0.000032941,0.00,0.00,42864640,42864640,768,768,1536
1150,1764562480.1217387,kem_handshake,0.000023854|0.000019295|0.000034224,0.00,0.00,42864640,42864640,768,768,1536
1151,1764562480.1237803,kem_handshake,0.000054932|0.000024536|0.000048599,0.00,0.00,42881024,42881024,768,768,1536
1152,1764562480.12574,kem_handshake,0.000052066|0.000028282|0.000060381,0.00,0.00,42881024,42881024,768,768,1536
1153,1764562480.127361,kem_handshake,0.000045043|0.000035666|0.000072324,0.00,6334.30,42881024,42881024,768,768,1536
1154,1764562480.1292212,kem_handshake,0.000080789|0.000043470|0.000085227,0.00,0.00,42864640,42864640,768,768,1536
1155,1764562480.1306877,kem_handshake,0.000034283|0.000020157|0.000041256,0.00,0.00,42864640,42864640,768,768,1536
1156,1764562480.1319046,kem_handshake,0.000026168|0.000017672|0.000036267,0.00,0.00,42864640,42864640,768,768,1536
1157,1764562480.133253,kem_handshake,0.000021940|0.000017202|0.000035064,0.00,0.00,42864640,42864640,768,768,1536
1158,1764562480.1344094,kem_handshake,0.000020198|0.000016260|0.000035967,0.00,0.00,42864640,42864640,768,768,1536
1159,1764562480.1355603,kem_handshake,0.000019607|0.000015999|0.000032390,0.00,0.00,42864640,42864640,768,768,1536
1160,1764562480.1366467,kem_handshake,0.000018955|0.000015489|0.000032991,0.00,0.00,42864640,42864640,768,768,1536
1161,1764562480.137805,kem_handshake,0.000020227|0.000015990|0.000034433,0.00,0.00,42864640,42864640,768,768,1536
1162,1764562480.1390212,kem_handshake,0.000020688|0.000016040|0.000035826,0.00,0.00,42864640,42864640,768,768,1536
1163,1764562480.1402986,kem_handshake,0.000030636|0.000018394|0.000037539,0.00,0.00,42864640,42864640,768,768,1536
1164,1764562480.1415315,kem_handshake,0.000023563|0.000019557|0.000039353,0.00,13039.20,42864640,42864640,768,768,1536
1165,1764562480.142731,kem_handshake,0.000020758|0.000016681|0.000034604,0.00,0.00,42864640,42864640,768,768,1536
1166,1764562480.1438596,kem_handshake,0.000019696|0.000016250|0.000039443,0.00,0.00,42864640,42864640,768,768,1536
1167,1764562480.1449306,kem_handshake,0.000018675|0.000025577|0.000032681,0.00,0.00,42864640,42864640,768,768,1536
1168,1764562480.146073,kem_handshake,0.000020037|0.000015969|0.000038911,0.00,0.00,42864640,42864640,768,768,1536
1169,1764562480.1472628,kem_handshake,0.000020238|0.000016059|0.000034023,0.00,0.00,42864640,42864640,768,768,1536
1170,1764562480.1483495,kem_handshake,0.000019707|0.000015919|0.000033201,0.00,0.00,42864640,42864640,768,768,1536
1171,1764562480.1495025,kem_handshake,0.000019957|0.000015840|0.000033993,0.00,0.00,42864640,42864640,768,768,1536
1172,1764562480.150936,kem_handshake,0.000043450|0.000022912|0.000048670,0.00,0.00,42881024,42881024,768,768,1536
1173,1764562480.1529312,kem_handshake,0.000051415|0.000034875|0.000087181,0.00,0.00,42864640,42864640,768,768,1536
1174,1764562480.1541746,kem_handshake,0.000019666|0.000016060|0.000035255,0.00,0.00,42864640,42864640,768,768,1536
1175,1764562480.1553578,kem_handshake,0.000019165|0.000015389|0.000034494,0.00,0.00,42864640,42864640,768,768,1536
1176,1764562480.1566277,kem_handshake,0.000026610|0.000016480|0.000037099,0.00,0.00,42864640,42864640,768,768,1536
1177,1764562480.15829,kem_handshake,0.000023303|0.000017432|0.000038671,0.00,0.00,42864640,42864640,768,768,1536
1178,1764562480.1594424,kem_handshake,0.000019736|0.000016059|0.000033041,0.00,0.00,42864640,42864640,768,768,1536
1179,1764562480.1605315,kem_handshake,0.000018955|0.000015939|0.000032861,0.00,0.00,42864640,42864640,768,768,1536
1180,1764562480.1616094,kem_handshake,0.000018404|0.000015829|0.000032671,0.00,0.00,42864640,42864640,768,768,1536
1181,1764562480.1626825,kem_handshake,0.000018815|0.000015649|0.000032770,0.00,0.00,42864640,42864640,768,768,1536
1182,1764562480.1638064,kem_handshake,0.000019336|0.000015629|0.000034514,0.00,0.00,42864640,42864640,768,768,1536
1183,1764562480.1651044,kem_handshake,0.000022812|0.000016501|0.000035897,0.00,0.00,42864640,42864640,768,768,1536
1184,1764562480.1664977,kem_handshake,0.000032961|0.000019446|0.000041246,0.00,0.00,42864640,42864640,768,768,1536
1185,1764562480.167592,kem_handshake,0.000018303|0.000015107|0.000033161,0.00,0.00,42864640,42864640,768,768,1536
1186,1764562480.168643,kem_handshake,0.000017843|0.000015488|0.000032480,0.00,0.00,42864640,42864640,768,768,1536
1187,1764562480.169705,kem_handshake,0.000018104|0.000015108|0.000032581,0.00,0.00,42864640,42864640,768,768,1536
1188,1764562480.1707728,kem_handshake,0.000018344|0.000017022|0.000034243,0.00,0.00,42864640,42864640,768,768,1536
1189,1764562480.1719341,kem_handshake,0.000021711|0.000020347|0.000040044,0.00,0.00,42864640,42864640,768,768,1536
1190,1764562480.1731849,kem_handshake,0.000021810|0.000015810|0.000034774,0.00,0.00,42864640,42864640,768,768,1536
1191,1764562480.174473,kem_handshake,0.000033051|0.000018735|0.000048760,0.00,0.00,42864640,42864640,768,768,1536
1192,1764562480.1756124,kem_handshake,0.000018113|0.000015268|0.000032660,0.00,0.00,42864640,42864640,768,768,1536
1193,1764562480.1766791,kem_handshake,0.000018234|0.000014968|0.000032941,0.00,0.00,42864640,42864640,768,768,1536
1194,1764562480.1777368,kem_handshake,0.000017993|0.000015108|0.000032841,0.00,0.00,42864640,42864640,768,768,1536
1195,1764562480.178776,kem_handshake,0.000018184|0.000015348|0.000032009,0.00,0.00,42864640,42864640,768,768,1536
1196,1764562480.1799147,kem_handshake,0.000019395|0.000015468|0.000033522,0.00,0.00,42864640,42864640,768,768,1536
1197,1764562480.1810937,kem_handshake,0.000021359|0.000016571|0.000035355,0.00,0.00,42864640,42864640,768,768,1536
1198,1764562480.182396,kem_handshake,0.000025167|0.000017562|0.000044953,0.00,0.00,42864640,42864640,768,768,1536
1199,1764562480.1837132,kem_handshake,0.000021861|0.000015549|0.000036046,0.00,0.00,42864640,42864640,768,768,1536
1200,1764562480.1848457,kem_handshake,0.000018173|0.000015148|0.000036929,0.00,0.00,42864640,42864640,768,768,1536
1201,1764562480.1858919,kem_handshake,0.000018043|0.000014908|0.000032510,0.00,0.00,42864640,42864640,768,768,1536
1202,1764562480.1869538,kem_handshake,0.000023734|0.000015188|0.000039894,0.00,0.00,42864640,42864640,768,768,1536
1203,1764562480.1881034,kem_handshake,0.000019326|0.000015589|0.000033402,0.00,0.00,42864640,42864640,768,768,1536
1204,1764562480.1892147,kem_handshake,0.000019196|0.000016000|0.000033161,0.00,0.00,42864640,42864640,768,768,1536
1205,1764562480.190441,kem_handshake,0.000020338|0.000015869|0.000033772,0.00,0.00,42864640,42864640,768,768,1536
1206,1764562480.1918628,kem_handshake,0.000027451|0.000017332|0.000037229,0.00,0.00,42864640,42864640,768,768,1536
1207,1764562480.1938496,kem_handshake,0.000084496|0.000050062|0.000104393,0.00,0.00,42881024,42881024,768,768,1536
1208,1764562480.1955018,kem_handshake,0.000049551|0.000026148|0.000044863,0.00,0.00,42881024,42881024,768,768,1536
1209,1764562480.1967227,kem_handshake,0.000019836|0.000016310|0.000034374,0.00,0.00,42881024,42881024,768,768,1536
1210,1764562480.1979158,kem_handshake,0.000022732|0.000020999|0.000034695,0.00,0.00,42881024,42881024,768,768,1536
1211,1764562480.1992495,kem_handshake,0.000025217|0.000018444|0.000039272,0.00,0.00,42881024,42881024,768,768,1536
1212,1764562480.200526,kem_handshake,0.000019907|0.000016421|0.000033892,0.00,0.00,42881024,42881024,768,768,1536
1213,1764562480.201638,kem_handshake,0.000018955|0.000015859|0.000037269,0.00,0.00,42881024,42881024,768,768,1536
1214,1764562480.2027757,kem_handshake,0.000018775|0.000015709|0.000033662,0.00,0.00,42881024,42881024,768,768,1536
1215,1764562480.2038927,kem_handshake,0.000019315|0.000015820|0.000033492,0.00,0.00,42881024,42881024,768,768,1536
1216,1764562480.204996,kem_handshake,0.000018995|0.000015739|0.000032831,0.00,0.00,42881024,42881024,768,768,1536
1217,1764562480.206253,kem_handshake,0.000021509|0.000021439|0.000036136,0.00,0.00,42881024,42881024,768,768,1536
1218,1764562480.207548,kem_handshake,0.000027461|0.000020427|0.000043521,0.00,0.00,42881024,42881024,768,768,1536
1219,1764562480.2087262,kem_handshake,0.000021620|0.000045945|0.000040324,0.00,0.00,42881024,42881024,768,768,1536
1220,1764562480.209867,kem_handshake,0.000019045|0.000015970|0.000052787,0.00,0.00,42881024,42881024,768,768,1536
1221,1764562480.2109492,kem_handshake,0.000019376|0.000016160|0.000032770,0.00,0.00,42881024,42881024,768,768,1536
1222,1764562480.2120214,kem_handshake,0.000018444|0.000015569|0.000041397,0.00,0.00,42881024,42881024,768,768,1536
1223,1764562480.213393,kem_handshake,0.000038862|0.000033101|0.000064740,0.00,0.00,42881024,42881024,768,768,1536
1224,1764562480.2148054,kem_handshake,0.000022542|0.000016470|0.000033903,0.00,0.00,42881024,42881024,768,768,1536
1225,1764562480.2161272,kem_handshake,0.000023974|0.000016721|0.000039884,0.00,0.00,42881024,42881024,768,768,1536
1226,1764562480.2172937,kem_handshake,0.000019295|0.000016290|0.000033892,0.00,0.00,42881024,42881024,768,768,1536
1227,1764562480.2183876,kem_handshake,0.000019025|0.000015840|0.000032791,0.00,0.00,42881024,42881024,768,768,1536
1228,1764562480.2194715,kem_handshake,0.000019516|0.000015950|0.000032650,0.00,0.00,42881024,42881024,768,768,1536
1229,1764562480.2205303,kem_handshake,0.000017994|0.000015619|0.000032640,0.00,0.00,42881024,42881024,768,768,1536
1230,1764562480.2216725,kem_handshake,0.000018935|0.000016140|0.000032670,0.00,0.00,42881024,42881024,768,768,1536
1231,1764562480.2229688,kem_handshake,0.000020979|0.000017111|0.000034874,0.00,0.00,42881024,42881024,768,768,1536
1232,1764562480.2242646,kem_handshake,0.000023033|0.000018044|0.000038471,0.00,0.00,42881024,42881024,768,768,1536
1233,1764562480.2254367,kem_handshake,0.000019656|0.000015820|0.000033563,0.00,0.00,42881024,42881024,768,768,1536
1234,1764562480.2265546,kem_handshake,0.000018965|0.000015930|0.000032710,0.00,0.00,42881024,42881024,768,768,1536
1235,1764562480.2276282,kem_handshake,0.000018715|0.000015850|0.000033001,0.00,0.00,42881024,42881024,768,768,1536
1236,1764562480.228706,kem_handshake,0.000018274|0.000015739|0.000032750,0.00,0.00,42881024,42881024,768,768,1536
1237,1764562480.2299635,kem_handshake,0.000028292|0.000019937|0.000039633,0.00,0.00,42881024,42881024,768,768,1536
1238,1764562480.2314577,kem_handshake,0.000024566|0.000018504|0.000041998,0.00,0.00,42881024,42881024,768,768,1536
1239,1764562480.2327812,kem_handshake,0.000019587|0.000016410|0.000034333,0.00,0.00,42881024,42881024,768,768,1536
1240,1764562480.2339041,kem_handshake,0.000019065|0.000015679|0.000032881,0.00,0.00,42881024,42881024,768,768,1536
1241,1764562480.2349699,kem_handshake,0.000019025|0.000016871|0.000032871,0.00,0.00,42881024,42881024,768,768,1536
1242,1764562480.2360349,kem_handshake,0.000018474|0.000015579|0.000032760,0.00,0.00,42881024,42881024,768,768,1536
1243,1764562480.237095,kem_handshake,0.000018835|0.000015639|0.000032720,0.00,0.00,42881024,42881024,768,768,1536
1244,1764562480.2383664,kem_handshake,0.000019897|0.000016551|0.000033391,0.00,0.00,42881024,42881024,768,768,1536
1245,1764562480.2397182,kem_handshake,0.000020548|0.000016240|0.000034994,0.00,0.00,42881024,42881024,768,768,1536
1246,1764562480.2408268,kem_handshake,0.000018745|0.000015889|0.000032761,0.00,15109.80,42881024,42881024,768,768,1536
1247,1764562480.2418969,kem_handshake,0.000018504|0.000015699|0.000032840,0.00,0.00,42881024,42881024,768,768,1536
1248,1764562480.2430825,kem_handshake,0.000018905|0.000015598|0.000032460,0.00,0.00,42881024,42881024,768,768,1536
1249,1764562480.2442434,kem_handshake,0.000080249|0.000021920|0.000033071,0.00,0.00,42881024,42881024,768,768,1536
1250,1764562480.2452981,kem_handshake,0.000018444|0.000015189|0.000032740,0.00,0.00,42881024,42881024,768,768,1536
1251,1764562480.246396,kem_handshake,0.000019326|0.000015679|0.000033352,0.00,0.00,42881024,42881024,768,768,1536
1252,1764562480.2475243,kem_handshake,0.000019396|0.000016340|0.000038711,0.00,0.00,42881024,42881024,768,768,1536
1253,1764562480.2486827,kem_handshake,0.000021239|0.000017042|0.000034784,0.00,0.00,42881024,42881024,768,768,1536
1254,1764562480.2498827,kem_handshake,0.000020879|0.000016220|0.000034654,0.00,0.00,42881024,42881024,768,768,1536
1255,1764562480.2509634,kem_handshake,0.000018695|0.000015469|0.000032781,0.00,0.00,42881024,42881024,768,768,1536
1256,1764562480.2520292,kem_handshake,0.000018163|0.000015178|0.000032851,0.00,15103.00,42881024,42881024,768,768,1536
1257,1764562480.2530973,kem_handshake,0.000018484|0.000015228|0.000032601,0.00,0.00,42881024,42881024,768,768,1536
1258,1764562480.2541537,kem_handshake,0.000018133|0.000014997|0.000032620,0.00,0.00,42881024,42881024,768,768,1536
1259,1764562480.2552662,kem_handshake,0.000027461|0.000016711|0.000036598,0.00,0.00,42881024,42881024,768,768,1536
1260,1764562480.256452,kem_handshake,0.000019687|0.000015619|0.000033472,0.00,0.00,42881024,42881024,768,768,1536
1261,1764562480.257532,kem_handshake,0.000018565|0.000015198|0.000032590,0.00,0.00,42881024,42881024,768,768,1536
1262,1764562480.2586548,kem_handshake,0.000019446|0.000016410|0.000034453,0.00,0.00,42881024,42881024,768,768,1536
1263,1764562480.2597525,kem_handshake,0.000018885|0.000015929|0.000033211,0.00,0.00,42881024,42881024,768,768,1536
1264,1764562480.26082,kem_handshake,0.000018956|0.000015188|0.000032550,0.00,0.00,42881024,42881024,768,768,1536
1265,1764562480.261886,kem_handshake,0.000018084|0.000015118|0.000033131,0.00,0.00,42881024,42881024,768,768,1536
1266,1764562480.2630668,kem_handshake,0.000021119|0.000018524|0.000036518,0.00,0.00,42881024,42881024,768,768,1536
1267,1764562480.2643251,kem_handshake,0.000023122|0.000016079|0.000035395,0.00,0.00,42881024,42881024,768,768,1536
1268,1764562480.2653933,kem_handshake,0.000018244|0.000015479|0.000032751,0.00,0.00,42881024,42881024,768,768,1536
1269,1764562480.266477,kem_handshake,0.000018494|0.000015479|0.000032971,0.00,0.00,42881024,42881024,768,768,1536
1270,1764562480.2675622,kem_handshake,0.000019747|0.000015829|0.000033522,0.00,0.00,42881024,42881024,768,768,1536
1271,1764562480.268612,kem_handshake,0.000017683|0.000015148|0.000032521,0.00,0.00,42881024,42881024,768,768,1536
1272,1764562480.269661,kem_handshake,0.000017622|0.000015148|0.000032540,0.00,0.00,42881024,42881024,768,768,1536
1273,1764562480.270718,kem_handshake,0.000018123|0.000015038|0.000032701,0.00,0.00,42881024,42881024,768,768,1536
1274,1764562480.2718875,kem_handshake,0.000022391|0.000016270|0.000053078,0.00,0.00,42881024,42881024,768,768,1536
1275,1764562480.2731261,kem_handshake,0.000019296|0.000015719|0.000032991,0.00,0.00,42881024,42881024,768,768,1536
1276,1764562480.2741976,kem_handshake,0.000018294|0.000015288|0.000032901,0.00,0.00,42881024,42881024,768,768,1536
1277,1764562480.275254,kem_handshake,0.000017923|0.000015018|0.000032760,0.00,0.00,42881024,42881024,768,768,1536
1278,1764562480.276316,kem_handshake,0.000017933|0.000015208|0.000032601,0.00,0.00,42881024,42881024,768,768,1536
1279,1764562480.2773724,kem_handshake,0.000018053|0.000015318|0.000032550,0.00,0.00,42881024,42881024,768,768,1536
1280,1764562480.278412,kem_handshake,0.000017673|0.000015238|0.000032561,0.00,0.00,42881024,42881024,768,768,1536
1281,1764562480.279572,kem_handshake,0.000020378|0.000016160|0.000033972,0.00,0.00,42881024,42881024,768,768,1536
1282,1764562480.2807806,kem_handshake,0.000019286|0.000015809|0.000034073,0.00,0.00,42881024,42881024,768,768,1536
1283,1764562480.2818427,kem_handshake,0.000018093|0.000015147|0.000032700,0.00,0.00,42881024,42881024,768,768,1536
1284,1764562480.2829034,kem_handshake,0.000018314|0.000015188|0.000032520,0.00,0.00,42881024,42881024,768,768,1536
1285,1764562480.2839546,kem_handshake,0.000018054|0.000015178|0.000032750,0.00,14514.40,42881024,42881024,768,768,1536
1286,1764562480.2849913,kem_handshake,0.000018024|0.000015669|0.000032510,0.00,0.00,42881024,42881024,768,768,1536
1287,1764562480.286051,kem_handshake,0.000018104|0.000015238|0.000033031,0.00,0.00,42881024,42881024,768,768,1536
1288,1764562480.287097,kem_handshake,0.000017893|0.000015299|0.000032500,0.00,0.00,42881024,42881024,768,768,1536
1289,1764562480.2882273,kem_handshake,0.000019647|0.000017753|0.000034173,0.00,0.00,42881024,42881024,768,768,1536
1290,1764562480.289441,kem_handshake,0.000022962|0.000019065|0.000034434,0.00,0.00,42881024,42881024,768,768,1536
1291,1764562480.290518,kem_handshake,0.000018174|0.000015719|0.000032580,0.00,0.00,42881024,42881024,768,768,1536
1292,1764562480.2915628,kem_handshake,0.000017612|0.000014938|0.000033141,0.00,0.00,42881024,42881024,768,768,1536
1293,1764562480.2926242,kem_handshake,0.000017873|0.000015208|0.000032540,0.00,0.00,42881024,42881024,768,768,1536
1294,1764562480.2936752,kem_handshake,0.000017783|0.000015288|0.000032470,0.00,0.00,42881024,42881024,768,768,1536
1295,1764562480.2947185,kem_handshake,0.000017803|0.000015148|0.000032470,0.00,0.00,42881024,42881024,768,768,1536
1296,1764562480.295792,kem_handshake,0.000017923|0.000015058|0.000039122,0.00,0.00,42881024,42881024,768,768,1536
1297,1764562480.297006,kem_handshake,0.000022612|0.000015959|0.000035906,0.00,0.00,42881024,42881024,768,768,1536
1298,1764562480.2982311,kem_handshake,0.000018454|0.000015619|0.000033382,0.00,0.00,42881024,42881024,768,768,1536
1299,1764562480.299317,kem_handshake,0.000018394|0.000015189|0.000033381,0.00,0.00,42881024,42881024,768,768,1536
1300,1764562480.3004174,kem_handshake,0.000018915|0.000016160|0.000032660,0.00,0.00,42881024,42881024,768,768,1536
1301,1764562480.3014855,kem_handshake,0.000018114|0.000015358|0.000032530,0.00,0.00,42881024,42881024,768,768,1536
1302,1764562480.3025644,kem_handshake,0.000018354|0.000015289|0.000032961,0.00,0.00,42881024,42881024,768,768,1536
1303,1764562480.3036294,kem_handshake,0.000018414|0.000015549|0.000032590,0.00,0.00,42881024,42881024,768,768,1536
1304,1764562480.3047082,kem_handshake,0.000018103|0.000015058|0.000052427,0.00,0.00,42881024,42881024,768,768,1536
1305,1764562480.30596,kem_handshake,0.000032720|0.000025277|0.000037830,0.00,0.00,42881024,42881024,768,768,1536
1306,1764562480.3070583,kem_handshake,0.000018805|0.000016070|0.000033082,0.00,0.00,42881024,42881024,768,768,1536
1307,1764562480.3081152,kem_handshake,0.000017582|0.000015058|0.000032911,0.00,0.00,42881024,42881024,768,768,1536
1308,1764562480.3091757,kem_handshake,0.000017672|0.000015118|0.000032580,0.00,0.00,42881024,42881024,768,768,1536
1309,1764562480.3102438,kem_handshake,0.000018574|0.000015108|0.000032600,0.00,0.00,42881024,42881024,768,768,1536
1310,1764562480.3113008,kem_handshake,0.000017552|0.000014907|0.000032490,0.00,0.00,42881024,42881024,768,768,1536
1311,1764562480.3123624,kem_handshake,0.000018153|0.000015308|0.000032480,0.00,0.00,42881024,42881024,768,768,1536
1312,1764562480.3134305,kem_handshake,0.000018665|0.000015078|0.000032871,0.00,0.00,42881024,42881024,768,768,1536
1313,1764562480.314559,kem_handshake,0.000020278|0.000016991|0.000036026,0.00,0.00,42881024,42881024,768,768,1536
1314,1764562480.315652,kem_handshake,0.000018554|0.000015549|0.000032831,0.00,0.00,42881024,42881024,768,768,1536
1315,1764562480.3167422,kem_handshake,0.000018143|0.000015288|0.000032550,0.00,0.00,42881024,42881024,768,768,1536
1316,1764562480.3177986,kem_handshake,0.000017923|0.000015639|0.000032561,0.00,0.00,42881024,42881024,768,768,1536
1317,1764562480.3188882,kem_handshake,0.000018484|0.000015238|0.000032590,0.00,0.00,42881024,42881024,768,768,1536
1318,1764562480.319953,kem_handshake,0.000017973|0.000015359|0.000032590,0.00,0.00,42881024,42881024,768,768,1536
1319,1764562480.3210208,kem_handshake,0.000018264|0.000015269|0.000032660,0.00,0.00,42881024,42881024,768,768,1536
1320,1764562480.3221672,kem_handshake,0.000020298|0.000016150|0.000034715,0.00,0.00,42881024,42881024,768,768,1536
1321,1764562480.3233912,kem_handshake,0.000021980|0.000016079|0.000035536,0.00,0.00,42881024,42881024,768,768,1536
1322,1764562480.324546,kem_handshake,0.000019666|0.000015319|0.000034494,0.00,0.00,42881024,42881024,768,768,1536
1323,1764562480.3256164,kem_handshake,0.000017743|0.000015489|0.000032601,0.00,0.00,42881024,42881024,768,768,1536
1324,1764562480.3266852,kem_handshake,0.000018093|0.000015379|0.000032560,0.00,0.00,42881024,42881024,768,768,1536
1325,1764562480.327741,kem_handshake,0.000017662|0.000015259|0.000032710,0.00,0.00,42881024,42881024,768,768,1536
1326,1764562480.3287966,kem_handshake,0.000017993|0.000015048|0.000032500,0.00,0.00,42881024,42881024,768,768,1536
1327,1764562480.329958,kem_handshake,0.000022141|0.000021259|0.000061043,0.00,0.00,42881024,42881024,768,768,1536
1328,1764562480.3312356,kem_handshake,0.000020598|0.000015609|0.000034003,0.00,0.00,42881024,42881024,768,768,1536
1329,1764562480.333125,kem_handshake,0.000096308|0.000046727|0.000088854,0.00,0.00,42864640,42864640,768,768,1536
1330,1764562480.3345017,kem_handshake,0.000026228|0.000018223|0.000035686,0.00,0.00,42864640,42864640,768,768,1536
1331,1764562480.335601,kem_handshake,0.000018965|0.000016050|0.000032961,0.00,0.00,42864640,42864640,768,768,1536
1332,1764562480.3366575,kem_handshake,0.000019115|0.000015489|0.000032941,0.00,0.00,42864640,42864640,768,768,1536
1333,1764562480.338186,kem_handshake,0.000049712|0.000039583|0.000071221,0.00,0.00,42881024,42881024,768,768,1536
1334,1764562480.3396356,kem_handshake,0.000020227|0.000016229|0.000036007,0.00,0.00,42881024,42881024,768,768,1536
1335,1764562480.3407054,kem_handshake,0.000018664|0.000015088|0.000033241,0.00,0.00,42881024,42881024,768,768,1536
1336,1764562480.3422024,kem_handshake,0.000053779|0.000035465|0.000073616,0.00,0.00,42864640,42864640,768,768,1536
1337,1764562480.3434122,kem_handshake,0.000019546|0.000015920|0.000033291,0.00,0.00,42864640,42864640,768,768,1536
1338,1764562480.3444712,kem_handshake,0.000019005|0.000015929|0.000032890,0.00,0.00,42864640,42864640,768,768,1536
1339,1764562480.3455698,kem_handshake,0.000018854|0.000015538|0.000032821,0.00,0.00,42864640,42864640,768,768,1536
1340,1764562480.3468168,kem_handshake,0.000026780|0.000017452|0.000037960,0.00,0.00,42864640,42864640,768,768,1536
1341,1764562480.3481297,kem_handshake,0.000022191|0.000016570|0.000035766,0.00,0.00,42864640,42864640,768,768,1536
1342,1764562480.3492525,kem_handshake,0.000019296|0.000015448|0.000033161,0.00,0.00,42864640,42864640,768,768,1536
1343,1764562480.3503563,kem_handshake,0.000019146|0.000015609|0.000037870,0.00,0.00,42864640,42864640,768,768,1536
1344,1764562480.3524234,kem_handshake,0.000037289|0.000022782|0.000067665,0.00,0.00,42864640,42864640,768,768,1536
1345,1764562480.3538108,kem_handshake,0.000020929|0.000016260|0.000036557,0.00,0.00,42864640,42864640,768,768,1536
1346,1764562480.3554044,kem_handshake,0.000061784|0.000033993|0.000059360,0.00,0.00,42881024,42881024,768,768,1536
1347,1764562480.356852,kem_handshake,0.000028823|0.000018695|0.000044292,0.00,0.00,42881024,42881024,768,768,1536
1348,1764562480.3582006,kem_handshake,0.000026740|0.000017332|0.000033883,0.00,0.00,42881024,42881024,768,768,1536
1349,1764562480.3593342,kem_handshake,0.000018765|0.000016020|0.000032891,0.00,0.00,42881024,42881024,768,768,1536
1350,1764562480.360418,kem_handshake,0.000018864|0.000015308|0.000033492,0.00,0.00,42881024,42881024,768,768,1536
1351,1764562480.3614786,kem_handshake,0.000018003|0.000015178|0.000032460,0.00,0.00,42881024,42881024,768,768,1536
1352,1764562480.3632145,kem_handshake,0.000018665|0.000015399|0.000035125,0.00,0.00,42881024,42881024,768,768,1536
1353,1764562480.3646936,kem_handshake,0.000074578|0.000023994|0.000036036,0.00,7445.60,42881024,42881024,768,768,1536
1354,1764562480.36579,kem_handshake,0.000018885|0.000015669|0.000034033,0.00,0.00,42881024,42881024,768,768,1536
1355,1764562480.3679366,kem_handshake,0.000093583|0.000047879|0.000101497,0.00,0.00,42864640,42864640,768,768,1536
1356,1764562480.369167,kem_handshake,0.000020167|0.000016240|0.000033202,0.00,0.00,42864640,42864640,768,768,1536
1357,1764562480.370253,kem_handshake,0.000019135|0.000015940|0.000032811,0.00,0.00,42864640,42864640,768,768,1536
1358,1764562480.3713686,kem_handshake,0.000019175|0.000016060|0.000032680,0.00,0.00,42864640,42864640,768,768,1536
1359,1764562480.3725479,kem_handshake,0.000019656|0.000015569|0.000033662,0.00,0.00,42864640,42864640,768,768,1536
1360,1764562480.3739257,kem_handshake,0.000044292|0.000021841|0.000046857,0.00,0.00,42881024,42881024,768,768,1536
1361,1764562480.3760266,kem_handshake,0.000053569|0.000038952|0.000092832,0.00,0.00,42881024,42881024,768,768,1536
1362,1764562480.3776448,kem_handshake,0.000025056|0.000018254|0.000039714,0.00,0.00,42881024,42881024,768,768,1536
1363,1764562480.3787692,kem_handshake,0.000019957|0.000015849|0.000033361,0.00,0.00,42881024,42881024,768,768,1536
1364,1764562480.3799052,kem_handshake,0.000020007|0.000016050|0.000033261,0.00,0.00,42881024,42881024,768,768,1536
1365,1764562480.381252,kem_handshake,0.000027641|0.000018704|0.000039062,0.00,0.00,42881024,42881024,768,768,1536
1366,1764562480.383399,kem_handshake,0.000032911|0.000018073|0.000044271,0.00,0.00,42881024,42881024,768,768,1536
1367,1764562480.3845842,kem_handshake,0.000020358|0.000016080|0.000034083,0.00,0.00,42881024,42881024,768,768,1536
1368,1764562480.3856816,kem_handshake,0.000019546|0.000016149|0.000032761,0.00,0.00,42881024,42881024,768,768,1536
1369,1764562480.3867753,kem_handshake,0.000018935|0.000015399|0.000032850,0.00,0.00,42881024,42881024,768,768,1536
1370,1764562480.3879523,kem_handshake,0.000025467|0.000016620|0.000033192,0.00,0.00,42881024,42881024,768,768,1536
1371,1764562480.3892653,kem_handshake,0.000029325|0.000017873|0.000041657,0.00,0.00,42881024,42881024,768,768,1536
1372,1764562480.3907633,kem_handshake,0.000029565|0.000018314|0.000038982,0.00,0.00,42881024,42881024,768,768,1536
1373,1764562480.39195,kem_handshake,0.000020868|0.000015880|0.000033161,0.00,0.00,42881024,42881024,768,768,1536
1374,1764562480.3930337,kem_handshake,0.000019376|0.000016070|0.000033071,0.00,0.00,42881024,42881024,768,768,1536
1375,1764562480.3941255,kem_handshake,0.000019516|0.000015779|0.000032841,0.00,0.00,42881024,42881024,768,768,1536
1376,1764562480.395225,kem_handshake,0.000019766|0.000016250|0.000033462,0.00,0.00,42881024,42881024,768,768,1536
1377,1764562480.3963988,kem_handshake,0.000020578|0.000016310|0.000035165,0.00,0.00,42881024,42881024,768,768,1536
1378,1764562480.3975627,kem_handshake,0.000021259|0.000016009|0.000037128,0.00,0.00,42881024,42881024,768,768,1536
1379,1764562480.398827,kem_handshake,0.000037449|0.000020909|0.000048380,0.00,0.00,42881024,42881024,768,768,1536
1380,1764562480.400026,kem_handshake,0.000019446|0.000016160|0.000032941,0.00,0.00,42881024,42881024,768,768,1536
1381,1764562480.401874,kem_handshake,0.000087892|0.000037299|0.000071422,0.00,0.00,42864640,42864640,768,768,1536
1382,1764562480.4032989,kem_handshake,0.000020688|0.000015930|0.000033461,0.00,0.00,42864640,42864640,768,768,1536
1383,1764562480.4045668,kem_handshake,0.000065341|0.000022341|0.000035876,0.00,0.00,42864640,42864640,768,768,1536
1384,1764562480.4059043,kem_handshake,0.000033732|0.000019446|0.000040705,0.00,0.00,42881024,42881024,768,768,1536
1385,1764562480.407851,kem_handshake,0.000072575|0.000040044|0.000057987,0.00,0.00,42864640,42864640,768,768,1536
1386,1764562480.4093547,kem_handshake,0.000022401|0.000017483|0.000035756,0.00,0.00,42864640,42864640,768,768,1536
1387,1764562480.4104564,kem_handshake,0.000019726|0.000016090|0.000033172,0.00,0.00,42864640,42864640,768,768,1536
1388,1764562480.4116232,kem_handshake,0.000019445|0.000016360|0.000033542,0.00,0.00,42864640,42864640,768,768,1536
1389,1764562480.413096,kem_handshake,0.000066012|0.000028122|0.000052147,0.00,0.00,42881024,42881024,768,768,1536
1390,1764562480.414381,kem_handshake,0.000024926|0.000016560|0.000035776,0.00,0.00,42881024,42881024,768,768,1536
1391,1764562480.4155273,kem_handshake,0.000022041|0.000015899|0.000035235,0.00,0.00,42881024,42881024,768,768,1536
1392,1764562480.416819,kem_handshake,0.000022261|0.000016029|0.000037289,0.00,0.00,42881024,42881024,768,768,1536
1393,1764562480.4179323,kem_handshake,0.000024204|0.000015628|0.000033652,0.00,0.00,42881024,42881024,768,768,1536
1394,1764562480.4193819,kem_handshake,0.000049081|0.000028913|0.000046355,0.00,0.00,42864640,42864640,768,768,1536
1395,1764562480.420602,kem_handshake,0.000020367|0.000016090|0.000033522,0.00,0.00,42864640,42864640,768,768,1536
1396,1764562480.4217024,kem_handshake,0.000019086|0.000015488|0.000033001,0.00,0.00,42864640,42864640,768,768,1536
1397,1764562480.4228039,kem_handshake,0.000020307|0.000016431|0.000034213,0.00,0.00,42864640,42864640,768,768,1536
1398,1764562480.4245431,kem_handshake,0.000053379|0.000033372|0.000045444,0.00,0.00,42881024,42881024,768,768,1536
1399,1764562480.4257703,kem_handshake,0.000022081|0.000018064|0.000034584,0.00,0.00,42881024,42881024,768,768,1536
1400,1764562480.42695,kem_handshake,0.000035065|0.000015839|0.000033592,0.00,0.00,42881024,42881024,768,768,1536
1401,1764562480.4280393,kem_handshake,0.000018304|0.000015599|0.000032731,0.00,0.00,42881024,42881024,768,768,1536
1402,1764562480.4291694,kem_handshake,0.000018283|0.000015588|0.000033361,0.00,0.00,42881024,42881024,768,768,1536
1403,1764562480.4304059,kem_handshake,0.000023614|0.000017432|0.000036978,0.00,0.00,42881024,42881024,768,768,1536
1404,1764562480.4315698,kem_handshake,0.000022572|0.000016881|0.000035034,0.00,0.00,42881024,42881024,768,768,1536
1405,1764562480.4326887,kem_handshake,0.000019847|0.000015900|0.000033532,0.00,0.00,42881024,42881024,768,768,1536
1406,1764562480.4338436,kem_handshake,0.000021630|0.000017473|0.000035265,0.00,0.00,42881024,42881024,768,768,1536
1407,1764562480.4352338,kem_handshake,0.000022030|0.000016200|0.000036517,0.00,0.00,42881024,42881024,768,768,1536
1408,1764562480.4364479,kem_handshake,0.000019346|0.000015699|0.000033562,0.00,0.00,42881024,42881024,768,768,1536
1409,1764562480.437595,kem_handshake,0.000018063|0.000015298|0.000033081,0.00,0.00,42881024,42881024,768,768,1536
1410,1764562480.4387155,kem_handshake,0.000018665|0.000015058|0.000034033,0.00,0.00,42881024,42881024,768,768,1536
1411,1764562480.4397948,kem_handshake,0.000019136|0.000015669|0.000033271,0.00,0.00,42881024,42881024,768,768,1536
1412,1764562480.4409242,kem_handshake,0.000020047|0.000017453|0.000035295,0.00,0.00,42881024,42881024,768,768,1536
1413,1764562480.4423149,kem_handshake,0.000019797|0.000015599|0.000032399,0.00,0.00,42881024,42881024,768,768,1536
1414,1764562480.443402,kem_handshake,0.000018444|0.000015408|0.000032180,0.00,0.00,42881024,42881024,768,768,1536
1415,1764562480.4444826,kem_handshake,0.000018545|0.000015158|0.000032781,0.00,0.00,42881024,42881024,768,768,1536
1416,1764562480.4458492,kem_handshake,0.000027571|0.000021069|0.000049100,0.00,0.00,42881024,42881024,768,768,1536
1417,1764562480.4471545,kem_handshake,0.000025817|0.000021830|0.000039713,0.00,0.00,42881024,42881024,768,768,1536
1418,1764562480.4485433,kem_handshake,0.000025838|0.000018564|0.000042809,0.00,0.00,42881024,42881024,768,768,1536
1419,1764562480.4499638,kem_handshake,0.000030887|0.000017112|0.000043470,0.00,0.00,42881024,42881024,768,768,1536
1420,1764562480.4514492,kem_handshake,0.000044271|0.000024966|0.000046525,0.00,0.00,42864640,42864640,768,768,1536
1421,1764562480.4527197,kem_handshake,0.000027420|0.000018454|0.000036417,0.00,0.00,42864640,42864640,768,768,1536
1422,1764562480.454066,kem_handshake,0.000036457|0.000020618|0.000042329,0.00,0.00,42864640,42864640,768,768,1536
1423,1764562480.4557228,kem_handshake,0.000031137|0.000018564|0.000039482,0.00,0.00,42864640,42864640,768,768,1536
1424,1764562480.4577427,kem_handshake,0.000028423|0.000019586|0.000039723,0.00,0.00,42864640,42864640,768,768,1536
1425,1764562480.4605353,kem_handshake,0.000091809|0.000061093|0.000126293,0.00,0.00,42881024,42881024,768,768,1536
1426,1764562480.4624467,kem_handshake,0.000031207|0.000019717|0.000046586,0.00,0.00,42881024,42881024,768,768,1536
1427,1764562480.463775,kem_handshake,0.000027741|0.000018664|0.000043360,0.00,0.00,42881024,42881024,768,768,1536
1428,1764562480.4651325,kem_handshake,0.000027441|0.000016711|0.000040034,0.00,0.00,42881024,42881024,768,768,1536
1429,1764562480.4669614,kem_handshake,0.000061905|0.000034093|0.000052026,0.00,0.00,42864640,42864640,768,768,1536
1430,1764562480.4684129,kem_handshake,0.000022111|0.000016851|0.000034564,0.00,0.00,42864640,42864640,768,768,1536
1431,1764562480.4697049,kem_handshake,0.000019276|0.000015759|0.000032380,0.00,0.00,42864640,42864640,768,768,1536
1432,1764562480.4708235,kem_handshake,0.000019376|0.000015979|0.000033021,0.00,0.00,42864640,42864640,768,768,1536
1433,1764562480.4719815,kem_handshake,0.000021028|0.000016560|0.000033973,0.00,0.00,42864640,42864640,768,768,1536
1434,1764562480.473926,kem_handshake,0.000071733|0.000026469|0.000098362,0.00,0.00,42881024,42881024,768,768,1536
1435,1764562480.4752834,kem_handshake,0.000023854|0.000015789|0.000034213,0.00,0.00,42881024,42881024,768,768,1536
1436,1764562480.476395,kem_handshake,0.000018664|0.000015689|0.000033341,0.00,0.00,42881024,42881024,768,768,1536
1437,1764562480.4775336,kem_handshake,0.000019626|0.000016020|0.000035014,0.00,0.00,42881024,42881024,768,768,1536
1438,1764562480.4791737,kem_handshake,0.000063757|0.000042638|0.000080598,0.00,0.00,42864640,42864640,768,768,1536
1439,1764562480.4807725,kem_handshake,0.000026188|0.000019696|0.000036166,0.00,0.00,42864640,42864640,768,768,1536
1440,1764562480.482463,kem_handshake,0.000051054|0.000034303|0.000072474,0.00,0.00,42881024,42881024,768,768,1536
1441,1764562480.484173,kem_handshake,0.000026419|0.000017602|0.000036247,0.00,0.00,42881024,42881024,768,768,1536
1442,1764562480.4854164,kem_handshake,0.000019466|0.000015819|0.000032851,0.00,0.00,42881024,42881024,768,768,1536
1443,1764562480.4865594,kem_handshake,0.000021330|0.000017582|0.000035726,0.00,0.00,42881024,42881024,768,768,1536
1444,1764562480.487651,kem_handshake,0.000019345|0.000015829|0.000032861,0.00,0.00,42881024,42881024,768,768,1536
1445,1764562480.488707,kem_handshake,0.000018505|0.000015679|0.000032340,0.00,0.00,42881024,42881024,768,768,1536
1446,1764562480.4898052,kem_handshake,0.000019115|0.000015659|0.000033943,0.00,0.00,42881024,42881024,768,768,1536
1447,1764562480.4909837,kem_handshake,0.000027531|0.000019586|0.000039944,0.00,0.00,42881024,42881024,768,768,1536
1448,1764562480.4921072,kem_handshake,0.000018875|0.000015419|0.000032850,0.00,0.00,42881024,42881024,768,768,1536
1449,1764562480.493216,kem_handshake,0.000019145|0.000015518|0.000032911,0.00,0.00,42881024,42881024,768,768,1536
1450,1764562480.4943209,kem_handshake,0.000019816|0.000016481|0.000033001,0.00,0.00,42881024,42881024,768,768,1536
1451,1764562480.495379,kem_handshake,0.000018654|0.000015879|0.000032220,0.00,0.00,42881024,42881024,768,768,1536
1452,1764562480.496439,kem_handshake,0.000018495|0.000015769|0.000033011,0.00,0.00,42881024,42881024,768,768,1536
1453,1764562480.4975734,kem_handshake,0.000020137|0.000016610|0.000034423,0.00,0.00,42881024,42881024,768,768,1536
1454,1764562480.4987166,kem_handshake,0.000019636|0.000015990|0.000034835,0.00,0.00,42881024,42881024,768,768,1536
1455,1764562480.49987,kem_handshake,0.000024045|0.000018865|0.000050062,0.00,0.00,42881024,42881024,768,768,1536
1456,1764562480.5010133,kem_handshake,0.000020368|0.000016691|0.000034985,0.00,0.00,42881024,42881024,768,768,1536
1457,1764562480.5020876,kem_handshake,0.000018484|0.000015638|0.000033121,0.00,0.00,42881024,42881024,768,768,1536
1458,1764562480.5031698,kem_handshake,0.000020037|0.000015779|0.000033612,0.00,0.00,42881024,42881024,768,768,1536
1459,1764562480.5042388,kem_handshake,0.000018614|0.000015299|0.000032761,0.00,0.00,42881024,42881024,768,768,1536
1460,1764562480.5054708,kem_handshake,0.000031238|0.000018725|0.000050864,0.00,0.00,42881024,42881024,768,768,1536
1461,1764562480.5072937,kem_handshake,0.000052858|0.000026659|0.000055542,0.00,0.00,42864640,42864640,768,768,1536
1462,1764562480.5091288,kem_handshake,0.000041026|0.000024274|0.000047959,0.00,0.00,42864640,42864640,768,768,1536
1463,1764562480.5114639,kem_handshake,0.000056785|0.000027711|0.000057086,0.00,0.00,42881024,42881024,768,768,1536
1464,1764562480.514125,kem_handshake,0.000056685|0.000026690|0.000069608,0.00,0.00,42881024,42881024,768,768,1536
1465,1764562480.5157633,kem_handshake,0.000034695|0.000018163|0.000052046,0.00,0.00,42881024,42881024,768,768,1536
1466,1764562480.5169685,kem_handshake,0.000019376|0.000016120|0.000033281,0.00,0.00,42881024,42881024,768,768,1536
1467,1764562480.5180733,kem_handshake,0.000019175|0.000015920|0.000032760,0.00,0.00,42881024,42881024,768,768,1536
1468,1764562480.519164,kem_handshake,0.000018555|0.000015589|0.000033412,0.00,0.00,42881024,42881024,768,768,1536
1469,1764562480.5202386,kem_handshake,0.000018614|0.000015529|0.000033121,0.00,0.00,42881024,42881024,768,768,1536
1470,1764562480.5213828,kem_handshake,0.000020388|0.000015489|0.000034113,0.00,0.00,42881024,42881024,768,768,1536
1471,1764562480.5225291,kem_handshake,0.000021780|0.000016301|0.000037579,0.00,0.00,42881024,42881024,768,768,1536
1472,1764562480.523725,kem_handshake,0.000020218|0.000015789|0.000033853,0.00,0.00,42881024,42881024,768,768,1536
1473,1764562480.525023,kem_handshake,0.000075990|0.000022762|0.000035426,0.00,0.00,42881024,42881024,768,768,1536
1474,1764562480.5261037,kem_handshake,0.000019145|0.000016290|0.000032931,0.00,0.00,42881024,42881024,768,768,1536
1475,1764562480.5271916,kem_handshake,0.000018874|0.000015609|0.000032781,0.00,0.00,42881024,42881024,768,768,1536
1476,1764562480.5282586,kem_handshake,0.000019326|0.000015589|0.000032710,0.00,0.00,42881024,42881024,768,768,1536
1477,1764562480.5299366,kem_handshake,0.000062786|0.000031168|0.000057697,0.00,0.00,42864640,42864640,768,768,1536
1478,1764562480.5312705,kem_handshake,0.000029013|0.000018694|0.000037680,0.00,0.00,42864640,42864640,768,768,1536
1479,1764562480.532602,kem_handshake,0.000025157|0.000017502|0.000039633,0.00,0.00,42864640,42864640,768,768,1536
1480,1764562480.5337286,kem_handshake,0.000018834|0.000015669|0.000033362,0.00,0.00,42864640,42864640,768,768,1536
1481,1764562480.5348272,kem_handshake,0.000018925|0.000015960|0.000033862,0.00,0.00,42864640,42864640,768,768,1536
1482,1764562480.5359392,kem_handshake,0.000025678|0.000016400|0.000032901,0.00,0.00,42864640,42864640,768,768,1536
1483,1764562480.5369956,kem_handshake,0.000018554|0.000015939|0.000032830,0.00,0.00,42864640,42864640,768,768,1536
1484,1764562480.5380707,kem_handshake,0.000019907|0.000015238|0.000037239,0.00,0.00,42864640,42864640,768,768,1536
1485,1764562480.539318,kem_handshake,0.000020178|0.000016190|0.000033893,0.00,0.00,42864640,42864640,768,768,1536
1486,1764562480.5406587,kem_handshake,0.000022792|0.000017211|0.000035114,0.00,0.00,42864640,42864640,768,768,1536
1487,1764562480.5418785,kem_handshake,0.000019917|0.000017092|0.000039773,0.00,0.00,42864640,42864640,768,768,1536
1488,1764562480.543882,kem_handshake,0.000079556|0.000043290|0.000093583,0.00,0.00,42881024,42881024,768,768,1536
1489,1764562480.5455565,kem_handshake,0.000021890|0.000017242|0.000036497,0.00,0.00,42881024,42881024,768,768,1536
1490,1764562480.546808,kem_handshake,0.000026008|0.000019987|0.000036067,0.00,0.00,42881024,42881024,768,768,1536
1491,1764562480.547962,kem_handshake,0.000020618|0.000017032|0.000034053,0.00,0.00,42881024,42881024,768,768,1536
1492,1764562480.5492003,kem_handshake,0.000036899|0.000026108|0.000060161,0.00,0.00,42881024,42881024,768,768,1536
1493,1764562480.550424,kem_handshake,0.000020668|0.000016300|0.000034974,0.00,0.00,42881024,42881024,768,768,1536
1494,1764562480.5515144,kem_handshake,0.000018754|0.000015358|0.000032620,0.00,0.00,42881024,42881024,768,768,1536
1495,1764562480.5526109,kem_handshake,0.000019426|0.000015249|0.000032771,0.00,0.00,42881024,42881024,768,768,1536
1496,1764562480.553683,kem_handshake,0.000018915|0.000015529|0.000032791,0.00,0.00,42881024,42881024,768,768,1536
1497,1764562480.5547884,kem_handshake,0.000020107|0.000015909|0.000033332,0.00,0.00,42881024,42881024,768,768,1536
1498,1764562480.5559416,kem_handshake,0.000021600|0.000016801|0.000036207,0.00,0.00,42881024,42881024,768,768,1536
1499,1764562480.5572367,kem_handshake,0.000022111|0.000017352|0.000036407,0.00,0.00,42881024,42881024,768,768,1536
1500,1764562480.5591085,kem_handshake,0.000068847|0.000031728|0.000053179,0.00,0.00,42864640,42864640,768,768,1536
1501,1764562480.5603466,kem_handshake,0.000020207|0.000016600|0.000032881,0.00,0.00,42864640,42864640,768,768,1536
1502,1764562480.561481,kem_handshake,0.000020648|0.000016701|0.000034343,0.00,0.00,42864640,42864640,768,768,1536
1503,1764562480.562599,kem_handshake,0.000019456|0.000016080|0.000032550,0.00,0.00,42864640,42864640,768,768,1536
1504,1764562480.5637314,kem_handshake,0.000021450|0.000016530|0.000034674,0.00,0.00,42864640,42864640,768,768,1536
1505,1764562480.5650084,kem_handshake,0.000026589|0.000016801|0.000043941,0.00,0.00,42864640,42864640,768,768,1536
1506,1764562480.5662248,kem_handshake,0.000019716|0.000015829|0.000058317,0.00,0.00,42864640,42864640,768,768,1536
1507,1764562480.567301,kem_handshake,0.000018905|0.000015639|0.000032901,0.00,0.00,42864640,42864640,768,768,1536
1508,1764562480.5683692,kem_handshake,0.000019286|0.000016039|0.000033933,0.00,0.00,42864640,42864640,768,768,1536
1509,1764562480.5696533,kem_handshake,0.000025778|0.000017523|0.000040334,0.00,0.00,42864640,42864640,768,768,1536
1510,1764562480.5710776,kem_handshake,0.000023363|0.000016922|0.000046346,0.00,0.00,42864640,42864640,768,768,1536
1511,1764562480.5722418,kem_handshake,0.000021590|0.000016600|0.000036958,0.00,0.00,42864640,42864640,768,768,1536
1512,1764562480.5733957,kem_handshake,0.000021029|0.000016651|0.000036146,0.00,0.00,42864640,42864640,768,768,1536
1513,1764562480.5744867,kem_handshake,0.000018745|0.000015689|0.000033041,0.00,0.00,42864640,42864640,768,768,1536
1514,1764562480.5755358,kem_handshake,0.000018464|0.000015850|0.000032981,0.00,0.00,42864640,42864640,768,768,1536
1515,1764562480.5768096,kem_handshake,0.000032369|0.000020007|0.000045164,0.00,0.00,42864640,42864640,768,768,1536
1516,1764562480.5782738,kem_handshake,0.000023113|0.000017492|0.000035085,0.00,0.00,42864640,42864640,768,768,1536
1517,1764562480.579614,kem_handshake,0.000024726|0.000021320|0.000043069,0.00,0.00,42864640,42864640,768,768,1536
1518,1764562480.5816274,kem_handshake,0.000083475|0.000045083|0.000088513,0.00,0.00,42881024,42881024,768,768,1536
1519,1764562480.5833776,kem_handshake,0.000046376|0.000024786|0.000045184,0.00,0.00,42881024,42881024,768,768,1536
1520,1764562480.5849593,kem_handshake,0.000052887|0.000028362|0.000052227,0.00,0.00,42881024,42881024,768,768,1536
1521,1764562480.586226,kem_handshake,0.000023684|0.000017011|0.000036648,0.00,0.00,42881024,42881024,768,768,1536
1522,1764562480.5874884,kem_handshake,0.000023714|0.000017893|0.000038992,0.00,0.00,42881024,42881024,768,768,1536
1523,1764562480.5887334,kem_handshake,0.000028502|0.000017994|0.000047758,0.00,0.00,42881024,42881024,768,768,1536
1524,1764562480.5902605,kem_handshake,0.000025688|0.000018905|0.000038852,0.00,0.00,42881024,42881024,768,768,1536
1525,1764562480.592051,kem_handshake,0.000044472|0.000024245|0.000065481,0.00,0.00,42881024,42881024,768,768,1536
1526,1764562480.5936637,kem_handshake,0.000030657|0.000020257|0.000050684,0.00,0.00,42881024,42881024,768,768,1536
1527,1764562480.594921,kem_handshake,0.000021239|0.000016341|0.000036898,0.00,0.00,42881024,42881024,768,768,1536
1528,1764562480.5970988,kem_handshake,0.000085368|0.000042449|0.000081180,0.00,0.00,42864640,42864640,768,768,1536
1529,1764562480.5987525,kem_handshake,0.000039022|0.000021820|0.000048459,0.00,0.00,42864640,42864640,768,768,1536
1530,1764562480.6004915,kem_handshake,0.000027220|0.000018885|0.000038992,0.00,0.00,42864640,42864640,768,768,1536
1531,1764562480.6016676,kem_handshake,0.000019436|0.000015990|0.000033802,0.00,0.00,42864640,42864640,768,768,1536
1532,1764562480.6027648,kem_handshake,0.000018935|0.000015970|0.000033041,0.00,0.00,42864640,42864640,768,768,1536
1533,1764562480.6038516,kem_handshake,0.000019206|0.000016180|0.000038551,0.00,0.00,42864640,42864640,768,768,1536
1534,1764562480.6049848,kem_handshake,0.000019255|0.000015900|0.000033742,0.00,0.00,42864640,42864640,768,768,1536
1535,1764562480.6063077,kem_handshake,0.000022832|0.000017302|0.000039913,0.00,0.00,42864640,42864640,768,768,1536
1536,1764562480.6075761,kem_handshake,0.000023373|0.000017442|0.000038020,0.00,0.00,42864640,42864640,768,768,1536
1537,1764562480.6087158,kem_handshake,0.000019867|0.000016410|0.000034704,0.00,0.00,42864640,42864640,768,768,1536
1538,1764562480.6098435,kem_handshake,0.000018785|0.000015679|0.000033161,0.00,0.00,42864640,42864640,768,768,1536
1539,1764562480.6109025,kem_handshake,0.000018274|0.000015619|0.000032701,0.00,0.00,42864640,42864640,768,768,1536
1540,1764562480.6119676,kem_handshake,0.000018624|0.000015559|0.000032860,0.00,0.00,42864640,42864640,768,768,1536
1541,1764562480.613047,kem_handshake,0.000019085|0.000015759|0.000033021,0.00,0.00,42864640,42864640,768,768,1536
1542,1764562480.6144204,kem_handshake,0.000036287|0.000024586|0.000061524,0.00,0.00,42864640,42864640,768,768,1536
1543,1764562480.615779,kem_handshake,0.000024545|0.000017132|0.000035455,0.00,0.00,42864640,42864640,768,768,1536
1544,1764562480.6169195,kem_handshake,0.000019055|0.000021400|0.000033412,0.00,0.00,42864640,42864640,768,768,1536
1545,1764562480.617973,kem_handshake,0.000018544|0.000015609|0.000032621,0.00,0.00,42864640,42864640,768,768,1536
1546,1764562480.6190445,kem_handshake,0.000019386|0.000015769|0.000033312,0.00,0.00,42864640,42864640,768,768,1536
1547,1764562480.6201751,kem_handshake,0.000021129|0.000016100|0.000033803,0.00,0.00,42864640,42864640,768,768,1536
1548,1764562480.6215,kem_handshake,0.000027581|0.000018514|0.000040054,0.00,0.00,42864640,42864640,768,768,1536
1549,1764562480.6229908,kem_handshake,0.000042518|0.000040465|0.000065020,0.00,8041.20,42864640,42864640,768,768,1536
1550,1764562480.6244512,kem_handshake,0.000027330|0.000018053|0.000038812,0.00,0.00,42864640,42864640,768,768,1536
1551,1764562480.6266055,kem_handshake,0.000050313|0.000029775|0.000062666,0.00,0.00,42864640,42864640,768,768,1536
1552,1764562480.6292832,kem_handshake,0.000093002|0.000044683|0.000126804,0.00,0.00,42864640,42864640,768,768,1536
1553,1764562480.6316586,kem_handshake,0.000041406|0.000031859|0.000061834,0.00,0.00,42864640,42864640,768,768,1536
1554,1764562480.6337016,kem_handshake,0.000029575|0.000019266|0.000040785,0.00,0.00,42864640,42864640,768,768,1536
1555,1764562480.6354687,kem_handshake,0.000030155|0.000020517|0.000042308,0.00,0.00,42864640,42864640,768,768,1536
1556,1764562480.6369689,kem_handshake,0.000033922|0.000019926|0.000043290,0.00,0.00,42864640,42864640,768,768,1536
1557,1764562480.6392858,kem_handshake,0.000095025|0.000049041|0.000087842,0.00,0.00,42881024,42881024,768,768,1536
1558,1764562480.6413412,kem_handshake,0.000109463|0.000031127|0.000061374,0.00,0.00,42881024,42881024,768,768,1536
1559,1764562480.6436133,kem_handshake,0.000042398|0.000021860|0.000053599,0.00,0.00,42881024,42881024,768,768,1536
1560,1764562480.645122,kem_handshake,0.000030436|0.000019707|0.000040515,0.00,0.00,42881024,42881024,768,768,1536
1561,1764562480.6463177,kem_handshake,0.000019797|0.000016591|0.000033402,0.00,0.00,42881024,42881024,768,768,1536
1562,1764562480.6475163,kem_handshake,0.000023754|0.000017973|0.000037960,0.00,0.00,42881024,42881024,768,768,1536
1563,1764562480.6489215,kem_handshake,0.000029885|0.000020087|0.000039403,0.00,0.00,42881024,42881024,768,768,1536
1564,1764562480.6507444,kem_handshake,0.000032339|0.000022782|0.000068387,0.00,0.00,42881024,42881024,768,768,1536
1565,1764562480.6524782,kem_handshake,0.000027521|0.000019296|0.000041637,0.00,0.00,42881024,42881024,768,768,1536
1566,1764562480.6537068,kem_handshake,0.000021970|0.000016791|0.000037700,0.00,0.00,42881024,42881024,768,768,1536
1567,1764562480.6556852,kem_handshake,0.000094945|0.000052878|0.000098411,0.00,0.00,42864640,42864640,768,768,1536
1568,1764562480.658435,kem_handshake,0.000054872|0.000027892|0.000072323,0.00,0.00,42864640,42864640,768,768,1536
1569,1764562480.660491,kem_handshake,0.000037870|0.000021239|0.000050673,0.00,0.00,42864640,42864640,768,768,1536
1570,1764562480.661722,kem_handshake,0.000023533|0.000018935|0.000037069,0.00,0.00,42864640,42864640,768,768,1536
1571,1764562480.6629055,kem_handshake,0.000021009|0.000017442|0.000061544,0.00,0.00,42864640,42864640,768,768,1536
1572,1764562480.6650736,kem_handshake,0.000036467|0.000025898|0.000044322,0.00,0.00,42864640,42864640,768,768,1536
1573,1764562480.6665769,kem_handshake,0.000036548|0.000024495|0.000050403,0.00,0.00,42864640,42864640,768,768,1536
1574,1764562480.6686091,kem_handshake,0.000065912|0.000028102|0.000059851,0.00,0.00,42881024,42881024,768,768,1536
1575,1764562480.6702456,kem_handshake,0.000040675|0.000033952|0.000065832,0.00,0.00,42864640,42864640,768,768,1536
1576,1764562480.6725888,kem_handshake,0.000021991|0.000017542|0.000041457,0.00,0.00,42864640,42864640,768,768,1536
1577,1764562480.674601,kem_handshake,0.000088052|0.000033041|0.000045264,0.00,0.00,42864640,42864640,768,768,1536
1578,1764562480.6760952,kem_handshake,0.000028282|0.000022902|0.000049742,0.00,0.00,42864640,42864640,768,768,1536
1579,1764562480.6772842,kem_handshake,0.000020047|0.000015869|0.000033081,0.00,0.00,42864640,42864640,768,768,1536
1580,1764562480.6783822,kem_handshake,0.000018785|0.000015208|0.000032941,0.00,0.00,42864640,42864640,768,768,1536
1581,1764562480.6795902,kem_handshake,0.000025938|0.000021470|0.000039844,0.00,0.00,42864640,42864640,768,768,1536
1582,1764562480.6808608,kem_handshake,0.000022301|0.000017723|0.000043520,0.00,0.00,42864640,42864640,768,768,1536
1583,1764562480.6820493,kem_handshake,0.000020027|0.000016130|0.000040595,0.00,0.00,42864640,42864640,768,768,1536
1584,1764562480.683155,kem_handshake,0.000019375|0.000015909|0.000033001,0.00,0.00,42864640,42864640,768,768,1536
1585,1764562480.684268,kem_handshake,0.000022933|0.000015549|0.000032651,0.00,0.00,42864640,42864640,768,768,1536
1586,1764562480.6853611,kem_handshake,0.000021640|0.000017503|0.000034845,0.00,0.00,42864640,42864640,768,768,1536
1587,1764562480.6866593,kem_handshake,0.000024054|0.000018213|0.000048840,0.00,0.00,42864640,42864640,768,768,1536
1588,1764562480.6878645,kem_handshake,0.000021851|0.000016731|0.000038481,0.00,0.00,42864640,42864640,768,768,1536
1589,1764562480.6891508,kem_handshake,0.000027661|0.000020758|0.000038671,0.00,0.00,42864640,42864640,768,768,1536
1590,1764562480.6904063,kem_handshake,0.000019807|0.000016460|0.000033462,0.00,0.00,42864640,42864640,768,768,1536
1591,1764562480.6915357,kem_handshake,0.000019506|0.000017552|0.000034905,0.00,0.00,42864640,42864640,768,768,1536
1592,1764562480.6926396,kem_handshake,0.000019937|0.000016300|0.000033031,0.00,0.00,42864640,42864640,768,768,1536
1593,1764562480.693725,kem_handshake,0.000018945|0.000015699|0.000032701,0.00,0.00,42864640,42864640,768,768,1536
1594,1764562480.694798,kem_handshake,0.000018675|0.000015609|0.000032630,0.00,0.00,42864640,42864640,768,768,1536
1595,1764562480.695895,kem_handshake,0.000019456|0.000015739|0.000033081,0.00,0.00,42864640,42864640,768,768,1536
1596,1764562480.6970303,kem_handshake,0.000021450|0.000016941|0.000033843,0.00,0.00,42864640,42864640,768,768,1536
1597,1764562480.6983404,kem_handshake,0.000020889|0.000016130|0.000035165,0.00,0.00,42864640,42864640,768,768,1536
1598,1764562480.6995573,kem_handshake,0.000022391|0.000016240|0.000035886,0.00,0.00,42864640,42864640,768,768,1536
1599,1764562480.7006948,kem_handshake,0.000021900|0.000016611|0.000035225,0.00,0.00,42864640,42864640,768,768,1536
1600,1764562480.7017927,kem_handshake,0.000018824|0.000015709|0.000032951,0.00,0.00,42864640,42864640,768,768,1536
1601,1764562480.7028854,kem_handshake,0.000018475|0.000015128|0.000032300,0.00,0.00,42864640,42864640,768,768,1536
1602,1764562480.7040348,kem_handshake,0.000019125|0.000015990|0.000033131,0.00,0.00,42864640,42864640,768,768,1536
1603,1764562480.7053177,kem_handshake,0.000021550|0.000017502|0.000037339,0.00,0.00,42864640,42864640,768,768,1536
1604,1764562480.706618,kem_handshake,0.000023924|0.000015900|0.000034814,0.00,0.00,42864640,42864640,768,768,1536
1605,1764562480.7077384,kem_handshake,0.000019155|0.000016480|0.000032670,0.00,0.00,42864640,42864640,768,768,1536
1606,1764562480.7088282,kem_handshake,0.000019115|0.000015629|0.000032771,0.00,0.00,42864640,42864640,768,768,1536
1607,1764562480.709948,kem_handshake,0.000032590|0.000015940|0.000033222,0.00,0.00,42864640,42864640,768,768,1536
1608,1764562480.71113,kem_handshake,0.000024706|0.000017593|0.000041978,0.00,0.00,42864640,42864640,768,768,1536
1609,1764562480.713109,kem_handshake,0.000041307|0.000025948|0.000050733,0.00,0.00,42864640,42864640,768,768,1536
1610,1764562480.714628,kem_handshake,0.000027561|0.000020358|0.000040956,0.00,0.00,42864640,42864640,768,768,1536
1611,1764562480.7160532,kem_handshake,0.000028082|0.000019496|0.000046346,0.00,0.00,42864640,42864640,768,768,1536
1612,1764562480.7176642,kem_handshake,0.000022522|0.000018705|0.000037209,0.00,0.00,42864640,42864640,768,768,1536
1613,1764562480.7187982,kem_handshake,0.000020768|0.000015578|0.000033783,0.00,0.00,42864640,42864640,768,768,1536
1614,1764562480.7202978,kem_handshake,0.000042459|0.000027301|0.000062055,0.00,0.00,42864640,42864640,768,768,1536
1615,1764562480.7230556,kem_handshake,0.000089185|0.000050955|0.000103752,0.00,0.00,42864640,42864640,768,768,1536
1616,1764562480.7250502,kem_handshake,0.000047989|0.000022351|0.000106116,0.00,0.00,42864640,42864640,768,768,1536
1617,1764562480.7266264,kem_handshake,0.000033702|0.000021239|0.000044171,0.00,0.00,42864640,42864640,768,768,1536
1618,1764562480.7281616,kem_handshake,0.000035205|0.000022622|0.000062546,0.00,0.00,42864640,42864640,768,768,1536
1619,1764562480.7298374,kem_handshake,0.000030386|0.000020608|0.000054030,0.00,0.00,42864640,42864640,768,768,1536
1620,1764562480.73138,kem_handshake,0.000026028|0.000019345|0.000049872,0.00,0.00,42864640,42864640,768,768,1536
1621,1764562480.7326002,kem_handshake,0.000022351|0.000016731|0.000034794,0.00,0.00,42864640,42864640,768,768,1536
1622,1764562480.733689,kem_handshake,0.000019295|0.000015568|0.000032961,0.00,0.00,42864640,42864640,768,768,1536
1623,1764562480.7348619,kem_handshake,0.000023333|0.000018073|0.000044743,0.00,0.00,42864640,42864640,768,768,1536
1624,1764562480.7360883,kem_handshake,0.000025727|0.000017723|0.000038201,0.00,0.00,42864640,42864640,768,768,1536
1625,1764562480.7371953,kem_handshake,0.000019406|0.000015328|0.000033242,0.00,0.00,42864640,42864640,768,768,1536
1626,1764562480.7383068,kem_handshake,0.000019606|0.000016030|0.000032890,0.00,0.00,42864640,42864640,768,768,1536
1627,1764562480.739405,kem_handshake,0.000020698|0.000016931|0.000033632,0.00,0.00,42864640,42864640,768,768,1536
1628,1764562480.7405908,kem_handshake,0.000018975|0.000016390|0.000034153,0.00,0.00,42864640,42864640,768,768,1536
1629,1764562480.7417405,kem_handshake,0.000019987|0.000016270|0.000033852,0.00,0.00,42864640,42864640,768,768,1536
1630,1764562480.7428422,kem_handshake,0.000019597|0.000015709|0.000032900,0.00,0.00,42864640,42864640,768,768,1536
1631,1764562480.7439017,kem_handshake,0.000018304|0.000015258|0.000032660,0.00,0.00,42864640,42864640,768,768,1536
1632,1764562480.7449932,kem_handshake,0.000018935|0.000015399|0.000032891,0.00,0.00,42864640,42864640,768,768,1536
1633,1764562480.7461061,kem_handshake,0.000025216|0.000018113|0.000037579,0.00,0.00,42864640,42864640,768,768,1536
1634,1764562480.7478216,kem_handshake,0.000037088|0.000022271|0.000057646,0.00,0.00,42864640,42864640,768,768,1536
1635,1764562480.7491407,kem_handshake,0.000021159|0.000017592|0.000037850,0.00,0.00,42864640,42864640,768,768,1536
1636,1764562480.7502298,kem_handshake,0.000019206|0.000015298|0.000033201,0.00,0.00,42864640,42864640,768,768,1536
1637,1764562480.7512815,kem_handshake,0.000018925|0.000015368|0.000032721,0.00,0.00,42864640,42864640,768,768,1536
1638,1764562480.7523475,kem_handshake,0.000019085|0.000015519|0.000032961,0.00,0.00,42864640,42864640,768,768,1536
1639,1764562480.7534153,kem_handshake,0.000019416|0.000015549|0.000032730,0.00,0.00,42864640,42864640,768,768,1536
1640,1764562480.7545395,kem_handshake,0.000018575|0.000015228|0.000039142,0.00,0.00,42864640,42864640,768,768,1536
1641,1764562480.7556946,kem_handshake,0.000022241|0.000016550|0.000034985,0.00,0.00,42864640,42864640,768,768,1536
1642,1764562480.756881,kem_handshake,0.000023323|0.000016150|0.000042889,0.00,0.00,42864640,42864640,768,768,1536
1643,1764562480.7579904,kem_handshake,0.000021260|0.000016250|0.000035656,0.00,0.00,42864640,42864640,768,768,1536
1644,1764562480.7591622,kem_handshake,0.000020558|0.000016040|0.000037650,0.00,0.00,42864640,42864640,768,768,1536
1645,1764562480.76025,kem_handshake,0.000021410|0.000017081|0.000034483,0.00,0.00,42864640,42864640,768,768,1536
1646,1764562480.7614052,kem_handshake,0.000024205|0.000017242|0.000036247,0.00,0.00,42864640,42864640,768,768,1536
1647,1764562480.7626612,kem_handshake,0.000023854|0.000016430|0.000035496,0.00,0.00,42864640,42864640,768,768,1536
1648,1764562480.763903,kem_handshake,0.000028473|0.000019856|0.000037630,0.00,0.00,42864640,42864640,768,768,1536
1649,1764562480.7658231,kem_handshake,0.000027200|0.000020117|0.000048720,0.00,0.00,42864640,42864640,768,768,1536
1650,1764562480.7670653,kem_handshake,0.000020358|0.000016080|0.000034263,0.00,0.00,42864640,42864640,768,768,1536
1651,1764562480.7681582,kem_handshake,0.000018494|0.000015228|0.000032751,0.00,0.00,42864640,42864640,768,768,1536
1652,1764562480.7692316,kem_handshake,0.000018914|0.000015098|0.000033763,0.00,0.00,42864640,42864640,768,768,1536
1653,1764562480.7703893,kem_handshake,0.000021600|0.000016851|0.000044132,0.00,0.00,42864640,42864640,768,768,1536
1654,1764562480.7721155,kem_handshake,0.000037950|0.000022231|0.000056154,0.00,0.00,42864640,42864640,768,768,1536
1655,1764562480.7734702,kem_handshake,0.000026038|0.000017673|0.000041297,0.00,0.00,42864640,42864640,768,768,1536
1656,1764562480.7747247,kem_handshake,0.000019666|0.000016200|0.000034003,0.00,0.00,42864640,42864640,768,768,1536
1657,1764562480.7758303,kem_handshake,0.000018604|0.000015478|0.000032791,0.00,0.00,42864640,42864640,768,768,1536
1658,1764562480.7769008,kem_handshake,0.000018604|0.000015328|0.000033051,0.00,0.00,42864640,42864640,768,768,1536
1659,1764562480.778001,kem_handshake,0.000018685|0.000015509|0.000032550,0.00,0.00,42864640,42864640,768,768,1536
1660,1764562480.7793992,kem_handshake,0.000049060|0.000024555|0.000047407,0.00,0.00,42881024,42881024,768,768,1536
1661,1764562480.781627,kem_handshake,0.000038872|0.000023093|0.000048680,0.00,0.00,42881024,42881024,768,768,1536
1662,1764562480.783037,kem_handshake,0.000064980|0.000030667|0.000051976,0.00,0.00,42881024,42881024,768,768,1536
1663,1764562480.7849886,kem_handshake,0.000020789|0.000016490|0.000046987,0.00,0.00,42881024,42881024,768,768,1536
1664,1764562480.7861457,kem_handshake,0.000019516|0.000016370|0.000034233,0.00,0.00,42881024,42881024,768,768,1536
1665,1764562480.7872398,kem_handshake,0.000019436|0.000015790|0.000033612,0.00,0.00,42881024,42881024,768,768,1536
1666,1764562480.788521,kem_handshake,0.000019677|0.000016901|0.000033913,0.00,0.00,42881024,42881024,768,768,1536
1667,1764562480.7898526,kem_handshake,0.000019396|0.000016120|0.000042118,0.00,0.00,42881024,42881024,768,768,1536
1668,1764562480.7909982,kem_handshake,0.000019225|0.000016451|0.000033011,0.00,0.00,42881024,42881024,768,768,1536
1669,1764562480.7920766,kem_handshake,0.000018514|0.000015539|0.000032851,0.00,0.00,42881024,42881024,768,768,1536
1670,1764562480.7931533,kem_handshake,0.000018254|0.000015739|0.000032570,0.00,0.00,42881024,42881024,768,768,1536
1671,1764562480.7949667,kem_handshake,0.000073426|0.000053910|0.000117657,0.00,0.00,42864640,42864640,768,768,1536
1672,1764562480.796778,kem_handshake,0.000038141|0.000055041|0.000049862,0.00,0.00,42864640,42864640,768,768,1536
1673,1764562480.7981725,kem_handshake,0.000028272|0.000018514|0.000041797,0.00,12185.90,42864640,42864640,768,768,1536
1674,1764562480.799569,kem_handshake,0.000021509|0.000015909|0.000033783,0.00,0.00,42864640,42864640,768,768,1536
1675,1764562480.8009527,kem_handshake,0.000021069|0.000015208|0.000032901,0.00,0.00,42864640,42864640,768,768,1536
1676,1764562480.8021,kem_handshake,0.000019587|0.000015819|0.000033211,0.00,0.00,42864640,42864640,768,768,1536
1677,1764562480.8033185,kem_handshake,0.000018995|0.000015498|0.000037750,0.00,0.00,42864640,42864640,768,768,1536
1678,1764562480.8044367,kem_handshake,0.000058388|0.000020728|0.000032430,0.00,0.00,42864640,42864640,768,768,1536
1679,1764562480.8055575,kem_handshake,0.000019316|0.000015549|0.000032981,0.00,0.00,42864640,42864640,768,768,1536
1680,1764562480.8067627,kem_handshake,0.000022552|0.000017853|0.000038210,0.00,0.00,42864640,42864640,768,768,1536
1681,1764562480.8080008,kem_handshake,0.000023573|0.000016491|0.000037710,0.00,0.00,42864640,42864640,768,768,1536
1682,1764562480.809134,kem_handshake,0.000020668|0.000015870|0.000034363,0.00,0.00,42864640,42864640,768,768,1536
1683,1764562480.8102164,kem_handshake,0.000019245|0.000016040|0.000032940,0.00,0.00,42864640,42864640,768,768,1536
1684,1764562480.8112702,kem_handshake,0.000018384|0.000015368|0.000032530,0.00,0.00,42864640,42864640,768,768,1536
1685,1764562480.8123724,kem_handshake,0.000019326|0.000015549|0.000033572,0.00,0.00,42864640,42864640,768,768,1536
1686,1764562480.8146412,kem_handshake,0.000091469|0.000049071|0.000063608,0.00,0.00,42881024,42881024,768,768,1536
1687,1764562480.8163123,kem_handshake,0.000032901|0.000022963|0.000044332,0.00,0.00,42864640,42864640,768,768,1536
1688,1764562480.8174417,kem_handshake,0.000019096|0.000015539|0.000032971,0.00,0.00,42864640,42864640,768,768,1536
1689,1764562480.8185167,kem_handshake,0.000018505|0.000015068|0.000032820,0.00,0.00,42864640,42864640,768,768,1536
1690,1764562480.819676,kem_handshake,0.000023453|0.000021310|0.000047498,0.00,0.00,42864640,42864640,768,768,1536
1691,1764562480.820869,kem_handshake,0.000021339|0.000016861|0.000041797,0.00,0.00,42864640,42864640,768,768,1536
1692,1764562480.822052,kem_handshake,0.000021490|0.000016951|0.000035876,0.00,0.00,42864640,42864640,768,768,1536
1693,1764562480.8239768,kem_handshake,0.000094014|0.000046185|0.000090948,0.00,0.00,42881024,42881024,768,768,1536
1694,1764562480.8259938,kem_handshake,0.000028773|0.000018114|0.000036688,0.00,0.00,42881024,42881024,768,768,1536
1695,1764562480.8271933,kem_handshake,0.000023553|0.000017453|0.000035305,0.00,0.00,42864640,42864640,768,768,1536
1696,1764562480.828288,kem_handshake,0.000019085|0.000015749|0.000032470,0.00,0.00,42864640,42864640,768,768,1536
1697,1764562480.8293753,kem_handshake,0.000018835|0.000015378|0.000032750,0.00,0.00,42864640,42864640,768,768,1536
1698,1764562480.830594,kem_handshake,0.000019716|0.000020689|0.000044733,0.00,0.00,42864640,42864640,768,768,1536
1699,1764562480.8323913,kem_handshake,0.000060291|0.000033061|0.000062595,0.00,0.00,42881024,42881024,768,768,1536
1700,1764562480.8341112,kem_handshake,0.000049862|0.000034113|0.000072695,0.00,0.00,42864640,42864640,768,768,1536
1701,1764562480.8353379,kem_handshake,0.000019566|0.000015869|0.000033051,0.00,0.00,42864640,42864640,768,768,1536
1702,1764562480.8364072,kem_handshake,0.000018835|0.000015398|0.000032801,0.00,0.00,42864640,42864640,768,768,1536
1703,1764562480.837468,kem_handshake,0.000019245|0.000015599|0.000033272,0.00,0.00,42864640,42864640,768,768,1536
1704,1764562480.8391476,kem_handshake,0.000063608|0.000029986|0.000063758,0.00,0.00,42881024,42881024,768,768,1536
1705,1764562480.8408916,kem_handshake,0.000036457|0.000021399|0.000057507,0.00,0.00,42881024,42881024,768,768,1536
1706,1764562480.84281,kem_handshake,0.000027230|0.000019266|0.000039333,0.00,0.00,42881024,42881024,768,768,1536
1707,1764562480.8457458,kem_handshake,0.000051305|0.000027321|0.000077814,0.00,0.00,42881024,42881024,768,768,1536
1708,1764562480.8480632,kem_handshake,0.000038401|0.000021520|0.000047207,0.00,0.00,42881024,42881024,768,768,1536
1709,1764562480.8495715,kem_handshake,0.000048369|0.000032160|0.000089375,0.00,0.00,42881024,42881024,768,768,1536
1710,1764562480.8511183,kem_handshake,0.000027601|0.000018173|0.000043791,0.00,0.00,42881024,42881024,768,768,1536
1711,1764562480.8522956,kem_handshake,0.000022061|0.000017523|0.000034854,0.00,0.00,42881024,42881024,768,768,1536
1712,1764562480.8546236,kem_handshake,0.000132896|0.000037088|0.000085889,0.00,0.00,42881024,42881024,768,768,1536
1713,1764562480.856879,kem_handshake,0.000041276|0.000023844|0.000055422,0.00,0.00,42881024,42881024,768,768,1536
1714,1764562480.8589487,kem_handshake,0.000040474|0.000027140|0.000047418,0.00,0.00,42881024,42881024,768,768,1536
1715,1764562480.8610444,kem_handshake,0.000077042|0.000030466|0.000089946,0.00,0.00,42881024,42881024,768,768,1536
1716,1764562480.863555,kem_handshake,0.000056875|0.000021480|0.000065661,0.00,0.00,42881024,42881024,768,768,1536
1717,1764562480.865433,kem_handshake,0.000038662|0.000022141|0.000061544,0.00,0.00,42881024,42881024,768,768,1536
1718,1764562480.868395,kem_handshake,0.000073506|0.000042578|0.000091089,0.00,5075.30,42864640,42864640,768,768,1536
1719,1764562480.871001,kem_handshake,0.000082292|0.000043711|0.000091910,0.00,0.00,42864640,42864640,768,768,1536
1720,1764562480.8731604,kem_handshake,0.000053158|0.000022802|0.000054651,0.00,0.00,42864640,42864640,768,768,1536
1721,1764562480.8750918,kem_handshake,0.000039213|0.000021189|0.000060381,0.00,0.00,42864640,42864640,768,768,1536
1722,1764562480.8764985,kem_handshake,0.000026249|0.000018865|0.000047117,0.00,0.00,42864640,42864640,768,768,1536
1723,1764562480.8780677,kem_handshake,0.000036417|0.000020849|0.000044973,0.00,0.00,42864640,42864640,768,768,1536
1724,1764562480.8804662,kem_handshake,0.000075429|0.000037029|0.000102229,0.00,0.00,42864640,42864640,768,768,1536
1725,1764562480.883839,kem_handshake,0.000052386|0.000026019|0.000085117,0.00,0.00,42864640,42864640,768,768,1536
1726,1764562480.8857777,kem_handshake,0.000051445|0.000040796|0.000111456,0.00,0.00,42864640,42864640,768,768,1536
1727,1764562480.8882878,kem_handshake,0.000066303|0.000032780|0.000112759,0.00,0.00,42864640,42864640,768,768,1536
1728,1764562480.8908286,kem_handshake,0.000052186|0.000026509|0.000066834,0.00,0.00,42864640,42864640,768,768,1536
1729,1764562480.8940587,kem_handshake,0.000063207|0.000040265|0.000109803,0.00,0.00,42864640,42864640,768,768,1536
1730,1764562480.8969593,kem_handshake,0.000063067|0.000037940|0.000102900,0.00,0.00,42864640,42864640,768,768,1536
1731,1764562480.8996334,kem_handshake,0.000043991|0.000025867|0.000065922,0.00,0.00,42864640,42864640,768,768,1536
1732,1764562480.9010017,kem_handshake,0.000026359|0.000018073|0.000045084,0.00,0.00,42864640,42864640,768,768,1536
1733,1764562480.9023798,kem_handshake,0.000025677|0.000017512|0.000042348,0.00,0.00,42864640,42864640,768,768,1536
1734,1764562480.903956,kem_handshake,0.000052858|0.000023703|0.000083905,0.00,0.00,42864640,42864640,768,768,1536
1735,1764562480.9064424,kem_handshake,0.000086430|0.000044713|0.000128658,0.00,0.00,42864640,42864640,768,768,1536
1736,1764562480.9090009,kem_handshake,0.000037409|0.000019807|0.000042609,0.00,0.00,42864640,42864640,768,768,1536
1737,1764562480.9108155,kem_handshake,0.000035655|0.000020367|0.000053739,0.00,0.00,42864640,42864640,768,768,1536
1738,1764562480.91358,kem_handshake,0.000106547|0.000045093|0.000109302,0.00,0.00,42881024,42881024,768,768,1536
1739,1764562480.9171202,kem_handshake,0.000182588|0.000074708|0.000213825,0.00,0.00,42881024,42881024,768,768,1536
1740,1764562480.9210668,kem_handshake,0.000063898|0.000028833|0.000064649,0.00,0.00,42881024,42881024,768,768,1536
1741,1764562480.9242773,kem_handshake,0.000096068|0.000041166|0.000109924,0.00,5167.00,42881024,42881024,768,768,1536
1742,1764562480.9267783,kem_handshake,0.000072233|0.000041396|0.000076562,0.00,0.00,42881024,42881024,768,768,1536
1743,1764562480.9310734,kem_handshake,0.000085448|0.000049051|0.000088974,0.00,0.00,42881024,42881024,768,768,1536
1744,1764562480.9349415,kem_handshake,0.000073566|0.000031278|0.000072274,0.00,0.00,42881024,42881024,768,768,1536
1745,1764562480.9380627,kem_handshake,0.000048990|0.000026198|0.000054550,0.00,0.00,42881024,42881024,768,768,1536
1746,1764562480.9406114,kem_handshake,0.000138977|0.000056214|0.000145709,0.00,0.00,42881024,42881024,768,768,1536
1747,1764562480.9441197,kem_handshake,0.000065942|0.000031197|0.000092050,0.00,0.00,42881024,42881024,768,768,1536
1748,1764562480.9477727,kem_handshake,0.000106196|0.000043360|0.000105074,0.00,0.00,42881024,42881024,768,768,1536
1749,1764562480.9516833,kem_handshake,0.000063958|0.000041337|0.000088083,0.00,0.00,42881024,42881024,768,768,1536
1750,1764562480.9559038,kem_handshake,0.000104253|0.000039974|0.000134088,0.00,0.00,42881024,42881024,768,768,1536
1751,1764562480.9592497,kem_handshake,0.000123258|0.000048520|0.000122927,0.00,0.00,42881024,42881024,768,768,1536
1752,1764562480.962025,kem_handshake,0.000071693|0.000041256|0.000116235,0.00,0.00,42881024,42881024,768,768,1536
1753,1764562480.9648392,kem_handshake,0.000086139|0.000040955|0.000110495,0.00,5627.80,42881024,42881024,768,768,1536
1754,1764562480.9677255,kem_handshake,0.000055913|0.000025537|0.000119541,0.00,0.00,42881024,42881024,768,768,1536
1755,1764562480.9694014,kem_handshake,0.000032881|0.000019877|0.000039894,0.00,0.00,42881024,42881024,768,768,1536
1756,1764562480.9712808,kem_handshake,0.000065461|0.000027351|0.000073325,0.00,0.00,42881024,42881024,768,768,1536
1757,1764562480.9737997,kem_handshake,0.000104754|0.000048780|0.000085879,0.00,0.00,42864640,42864640,768,768,1536
1758,1764562480.9763265,kem_handshake,0.000049922|0.000025667|0.000102590,0.00,0.00,42864640,42864640,768,768,1536
1759,1764562480.9797947,kem_handshake,0.000083925|0.000054130|0.000165155,0.00,0.00,42864640,42864640,768,768,1536
1760,1764562480.9834225,kem_handshake,0.000126564|0.000051035|0.000135020,0.00,0.00,42864640,42864640,768,768,1536
1761,1764562480.987231,kem_handshake,0.000114882|0.000050023|0.000150678,0.00,0.00,42864640,42864640,768,768,1536
1762,1764562480.9930634,kem_handshake,0.000103361|0.000038390|0.000089856,0.00,0.00,42864640,42864640,768,768,1536
1763,1764562480.9964232,kem_handshake,0.000082693|0.000036958|0.000106217,0.00,0.00,42864640,42864640,768,768,1536
1764,1764562480.9990616,kem_handshake,0.000048841|0.000023994|0.000057416,0.00,0.00,42864640,42864640,768,768,1536
1765,1764562481.0020556,kem_handshake,0.000136983|0.000067766|0.000098782,0.00,0.00,42868736,42868736,768,768,1536
1766,1764562481.0052633,kem_handshake,0.000072053|0.000033572|0.000090738,0.00,0.00,42868736,42868736,768,768,1536
1767,1764562481.0070283,kem_handshake,0.000029845|0.000018645|0.000040334,0.00,0.00,42868736,42868736,768,768,1536
1768,1764562481.0086672,kem_handshake,0.000034203|0.000020518|0.000045684,0.00,0.00,42868736,42868736,768,768,1536
1769,1764562481.010159,kem_handshake,0.000021940|0.000017222|0.000035986,0.00,0.00,42868736,42868736,768,768,1536
1770,1764562481.0115376,kem_handshake,0.000032350|0.000019246|0.000039843,0.00,0.00,42868736,42868736,768,768,1536
1771,1764562481.0128405,kem_handshake,0.000026709|0.000017332|0.000040475,0.00,0.00,42868736,42868736,768,768,1536
1772,1764562481.0145087,kem_handshake,0.000035796|0.000019787|0.000054831,0.00,0.00,42868736,42868736,768,768,1536
1773,1764562481.0160284,kem_handshake,0.000026869|0.000017503|0.000055242,0.00,0.00,42868736,42868736,768,768,1536
1774,1764562481.0173047,kem_handshake,0.000021089|0.000016500|0.000035386,0.00,0.00,42868736,42868736,768,768,1536
1775,1764562481.0185778,kem_handshake,0.000029745|0.000019115|0.000043971,0.00,0.00,42868736,42868736,768,768,1536
1776,1764562481.0199044,kem_handshake,0.000022301|0.000015949|0.000036878,0.00,0.00,42868736,42868736,768,768,1536
1777,1764562481.0211337,kem_handshake,0.000022321|0.000016821|0.000066032,0.00,0.00,42868736,42868736,768,768,1536
1778,1764562481.0233152,kem_handshake,0.000120643|0.000052026|0.000096498,0.00,0.00,42881024,42881024,768,768,1536
1779,1764562481.025116,kem_handshake,0.000027040|0.000018224|0.000038120,0.00,0.00,42881024,42881024,768,768,1536
1780,1764562481.0263312,kem_handshake,0.000020318|0.000016220|0.000035445,0.00,0.00,42881024,42881024,768,768,1536
1781,1764562481.0274324,kem_handshake,0.000019506|0.000015950|0.000034053,0.00,0.00,42881024,42881024,768,768,1536
1782,1764562481.0287137,kem_handshake,0.000018774|0.000016009|0.000034143,0.00,0.00,42881024,42881024,768,768,1536
1783,1764562481.0298533,kem_handshake,0.000056234|0.000021440|0.000037639,0.00,0.00,42881024,42881024,768,768,1536
1784,1764562481.0311227,kem_handshake,0.000026038|0.000016650|0.000039573,0.00,0.00,42881024,42881024,768,768,1536
1785,1764562481.0323243,kem_handshake,0.000020117|0.000015980|0.000032950,0.00,0.00,42881024,42881024,768,768,1536
1786,1764562481.033427,kem_handshake,0.000018775|0.000015499|0.000032751,0.00,0.00,42881024,42881024,768,768,1536
1787,1764562481.0344748,kem_handshake,0.000018584|0.000015038|0.000032821,0.00,0.00,42881024,42881024,768,768,1536
1788,1764562481.0355349,kem_handshake,0.000018514|0.000015229|0.000033592,0.00,0.00,42881024,42881024,768,768,1536
1789,1764562481.0367248,kem_handshake,0.000018334|0.000015138|0.000034173,0.00,0.00,42881024,42881024,768,768,1536
1790,1764562481.037951,kem_handshake,0.000026128|0.000017923|0.000043400,0.00,0.00,42881024,42881024,768,768,1536
1791,1764562481.0399373,kem_handshake,0.000057155|0.000032741|0.000083094,0.00,0.00,42868736,42868736,768,768,1536
1792,1764562481.0414336,kem_handshake,0.000023593|0.000018123|0.000036338,0.00,0.00,42868736,42868736,768,768,1536
1793,1764562481.0425384,kem_handshake,0.000019305|0.000016050|0.000033041,0.00,0.00,42868736,42868736,768,768,1536
1794,1764562481.0436049,kem_handshake,0.000018895|0.000015469|0.000033182,0.00,0.00,42868736,42868736,768,768,1536
1795,1764562481.044915,kem_handshake,0.000033111|0.000020928|0.000040415,0.00,0.00,42881024,42881024,768,768,1536
1796,1764562481.0462766,kem_handshake,0.000020808|0.000015950|0.000033753,0.00,0.00,42881024,42881024,768,768,1536
1797,1764562481.0476513,kem_handshake,0.000024906|0.000018454|0.000039554,0.00,0.00,42881024,42881024,768,768,1536
1798,1764562481.0490928,kem_handshake,0.000035926|0.000021861|0.000047758,0.00,0.00,42868736,42868736,768,768,1536
1799,1764562481.050435,kem_handshake,0.000024765|0.000017953|0.000037790,0.00,0.00,42872832,42872832,768,768,1536
1800,1764562481.0516014,kem_handshake,0.000020037|0.000016521|0.000039753,0.00,0.00,42872832,42872832,768,768,1536
1801,1764562481.0527492,kem_handshake,0.000022282|0.000016069|0.000033953,0.00,0.00,42872832,42872832,768,768,1536
1802,1764562481.0539124,kem_handshake,0.000019345|0.000015399|0.000069889,0.00,0.00,42872832,42872832,768,768,1536
1803,1764562481.055113,kem_handshake,0.000020699|0.000016651|0.000033823,0.00,0.00,42872832,42872832,768,768,1536
1804,1764562481.056383,kem_handshake,0.000023123|0.000016601|0.000037910,0.00,0.00,42872832,42872832,768,768,1536
1805,1764562481.0575159,kem_handshake,0.000019887|0.000015870|0.000033201,0.00,0.00,42872832,42872832,768,768,1536
1806,1764562481.0586057,kem_handshake,0.000019025|0.000015549|0.000033021,0.00,0.00,42872832,42872832,768,768,1536
1807,1764562481.0596945,kem_handshake,0.000019366|0.000015829|0.000033101,0.00,0.00,42872832,42872832,768,768,1536
1808,1764562481.0607653,kem_handshake,0.000019045|0.000015469|0.000032801,0.00,0.00,42872832,42872832,768,768,1536
1809,1764562481.061894,kem_handshake,0.000023253|0.000017722|0.000040665,0.00,0.00,42872832,42872832,768,768,1536
1810,1764562481.0631442,kem_handshake,0.000021169|0.000016842|0.000037910,0.00,0.00,42872832,42872832,768,768,1536
1811,1764562481.0644212,kem_handshake,0.000025237|0.000018574|0.000040255,0.00,0.00,42872832,42872832,768,768,1536
1812,1764562481.0656166,kem_handshake,0.000019656|0.000015509|0.000034413,0.00,0.00,42872832,42872832,768,768,1536
1813,1764562481.0677626,kem_handshake,0.000099774|0.000049191|0.000092461,0.00,0.00,42881024,42881024,768,768,1536
1814,1764562481.0694625,kem_handshake,0.000036697|0.000030997|0.000065501,0.00,0.00,42872832,42872832,768,768,1536
1815,1764562481.0705884,kem_handshake,0.000019146|0.000015889|0.000033271,0.00,0.00,42872832,42872832,768,768,1536
1816,1764562481.071674,kem_handshake,0.000045304|0.000015599|0.000033062,0.00,0.00,42872832,42872832,768,768,1536
1817,1764562481.0728028,kem_handshake,0.000022792|0.000016430|0.000036066,0.00,0.00,42872832,42872832,768,768,1536
1818,1764562481.073935,kem_handshake,0.000022752|0.000023754|0.000037980,0.00,0.00,42872832,42872832,768,768,1536
1819,1764562481.0755873,kem_handshake,0.000063848|0.000039323|0.000079197,0.00,0.00,42942464,42942464,768,768,1536
1820,1764562481.0768635,kem_handshake,0.000020037|0.000016019|0.000038972,0.00,0.00,42942464,42942464,768,768,1536
1821,1764562481.0779548,kem_handshake,0.000026709|0.000018554|0.000039423,0.00,0.00,42942464,42942464,768,768,1536
1822,1764562481.079114,kem_handshake,0.000022722|0.000017493|0.000042137,0.00,0.00,42942464,42942464,768,768,1536
1823,1764562481.0804446,kem_handshake,0.000032149|0.000022232|0.000059370,0.00,0.00,42942464,42942464,768,768,1536
1824,1764562481.0824823,kem_handshake,0.000099454|0.000051606|0.000118339,0.00,0.00,42872832,42872832,768,768,1536
1825,1764562481.0846615,kem_handshake,0.000027471|0.000017241|0.000037409,0.00,0.00,42872832,42872832,768,768,1536
1826,1764562481.086008,kem_handshake,0.000027181|0.000018083|0.000038200,0.00,0.00,42872832,42872832,768,768,1536
1827,1764562481.0874047,kem_handshake,0.000084557|0.000033802|0.000050603,0.00,0.00,42872832,42872832,768,768,1536
1828,1764562481.089258,kem_handshake,0.000054651|0.000037058|0.000074698,0.00,0.00,42872832,42872832,768,768,1536
1829,1764562481.091262,kem_handshake,0.000056344|0.000038541|0.000084075,0.00,0.00,42872832,42872832,768,768,1536
1830,1764562481.0927072,kem_handshake,0.000022742|0.000017803|0.000037419,0.00,0.00,42872832,42872832,768,768,1536
1831,1764562481.093897,kem_handshake,0.000020909|0.000015849|0.000035425,0.00,0.00,42872832,42872832,768,768,1536
1832,1764562481.095048,kem_handshake,0.000023724|0.000016751|0.000039954,0.00,0.00,42872832,42872832,768,768,1536
1833,1764562481.0968013,kem_handshake,0.000051556|0.000025176|0.000053609,0.00,0.00,42942464,42942464,768,768,1536
1834,1764562481.0990806,kem_handshake,0.000070290|0.000027521|0.000075860,0.00,0.00,42942464,42942464,768,768,1536
1835,1764562481.1009753,kem_handshake,0.000038131|0.000020097|0.000044943,0.00,0.00,42942464,42942464,768,768,1536
1836,1764562481.1029,kem_handshake,0.000069108|0.000040866|0.000087792,0.00,0.00,42872832,42872832,768,768,1536
1837,1764562481.1048093,kem_handshake,0.000035796|0.000021310|0.000044532,0.00,0.00,42872832,42872832,768,768,1536
1838,1764562481.1066253,kem_handshake,0.000044943|0.000022151|0.000057707,0.00,0.00,42942464,42942464,768,768,1536
1839,1764562481.108541,kem_handshake,0.000050974|0.000035575|0.000071351,0.00,0.00,42872832,42872832,768,768,1536
1840,1764562481.1097908,kem_handshake,0.000033672|0.000021250|0.000040876,0.00,0.00,42872832,42872832,768,768,1536
1841,1764562481.111765,kem_handshake,0.000028793|0.000019105|0.000044712,0.00,0.00,42872832,42872832,768,768,1536
1842,1764562481.1132903,kem_handshake,0.000035115|0.000020387|0.000048961,0.00,0.00,42872832,42872832,768,768,1536
1843,1764562481.1146002,kem_handshake,0.000023884|0.000017823|0.000036939,0.00,0.00,42872832,42872832,768,768,1536
1844,1764562481.115949,kem_handshake,0.000029595|0.000016831|0.000038601,0.00,0.00,42872832,42872832,768,768,1536
1845,1764562481.1171548,kem_handshake,0.000021800|0.000016390|0.000035495,0.00,0.00,42872832,42872832,768,768,1536
1846,1764562481.118296,kem_handshake,0.000020688|0.000015829|0.000033131,0.00,0.00,42872832,42872832,768,768,1536
1847,1764562481.119421,kem_handshake,0.000020077|0.000016149|0.000033693,0.00,0.00,42872832,42872832,768,768,1536
1848,1764562481.121233,kem_handshake,0.000041657|0.000033422|0.000067946,0.00,0.00,42872832,42872832,768,768,1536
1849,1764562481.1233442,kem_handshake,0.000068326|0.000026158|0.000088162,0.00,0.00,42872832,42872832,768,768,1536
1850,1764562481.1266234,kem_handshake,0.000059971|0.000035946|0.000115934,0.00,0.00,42872832,42872832,768,768,1536
1851,1764562481.1301982,kem_handshake,0.000099674|0.000051475|0.000120362,0.00,0.00,42872832,42872832,768,768,1536
1852,1764562481.1325839,kem_handshake,0.000067796|0.000036097|0.000107779,0.00,0.00,42934272,42934272,768,768,1536
1853,1764562481.1350498,kem_handshake,0.000073246|0.000042218|0.000113599,0.00,0.00,42934272,42934272,768,768,1536
1854,1764562481.1371653,kem_handshake,0.000063637|0.000028122|0.000078705,0.00,0.00,42934272,42934272,768,768,1536
1855,1764562481.1396108,kem_handshake,0.000075470|0.000041096|0.000124661,0.00,0.00,42934272,42934272,768,768,1536
1856,1764562481.1420543,kem_handshake,0.000040054|0.000021920|0.000047067,0.00,0.00,42934272,42934272,768,768,1536
1857,1764562481.1438665,kem_handshake,0.000031688|0.000019576|0.000045925,0.00,0.00,42934272,42934272,768,768,1536
1858,1764562481.1455297,kem_handshake,0.000039764|0.000026429|0.000047858,0.00,0.00,42934272,42934272,768,768,1536
1859,1764562481.1474445,kem_handshake,0.000060993|0.000034353|0.000086329,0.00,0.00,42934272,42934272,768,768,1536
1860,1764562481.1495023,kem_handshake,0.000046837|0.000025357|0.000068607,0.00,0.00,42934272,42934272,768,768,1536
1861,1764562481.1509469,kem_handshake,0.000028212|0.000027020|0.000043861,0.00,0.00,42934272,42934272,768,768,1536
1862,1764562481.1521928,kem_handshake,0.000023554|0.000016490|0.000035315,0.00,0.00,42934272,42934272,768,768,1536
1863,1764562481.1535537,kem_handshake,0.000023634|0.000017212|0.000036899,0.00,0.00,42934272,42934272,768,768,1536
1864,1764562481.1551213,kem_handshake,0.000030897|0.000019036|0.000059921,0.00,0.00,42934272,42934272,768,768,1536
1865,1764562481.1577697,kem_handshake,0.000067324|0.000032981|0.000075460,0.00,0.00,42942464,42942464,768,768,1536
1866,1764562481.1614027,kem_handshake,0.000097500|0.000048580|0.000120963,0.00,0.00,42942464,42942464,768,768,1536
1867,1764562481.1651287,kem_handshake,0.000120342|0.000038200|0.000113540,0.00,4252.00,42942464,42942464,768,768,1536
1868,1764562481.1681244,kem_handshake,0.000103811|0.000046516|0.000089846,0.00,0.00,42942464,42942464,768,768,1536
1869,1764562481.17025,kem_handshake,0.000053990|0.000025687|0.000051114,0.00,0.00,42934272,42934272,768,768,1536
1870,1764562481.1726077,kem_handshake,0.000045524|0.000023213|0.000053699,0.00,0.00,42934272,42934272,768,768,1536
1871,1764562481.1749115,kem_handshake,0.000061885|0.000038571|0.000106737,0.00,0.00,42942464,42942464,768,768,1536
1872,1764562481.1773973,kem_handshake,0.000082222|0.000035706|0.000071713,0.00,0.00,42942464,42942464,768,768,1536
1873,1764562481.179183,kem_handshake,0.000059019|0.000024285|0.000070260,0.00,0.00,42942464,42942464,768,768,1536
1874,1764562481.1814404,kem_handshake,0.000067976|0.000033041|0.000089575,0.00,0.00,42942464,42942464,768,768,1536
1875,1764562481.1833506,kem_handshake,0.000043370|0.000025276|0.000067144,0.00,0.00,42942464,42942464,768,768,1536
1876,1764562481.1851494,kem_handshake,0.000030045|0.000020458|0.000049621,0.00,0.00,42942464,42942464,768,768,1536
1877,1764562481.18642,kem_handshake,0.000020748|0.000016801|0.000036136,0.00,0.00,42942464,42942464,768,768,1536
1878,1764562481.1875877,kem_handshake,0.000024154|0.000018444|0.000041186,0.00,0.00,42942464,42942464,768,768,1536
1879,1764562481.1888828,kem_handshake,0.000032671|0.000023814|0.000057847,0.00,0.00,42942464,42942464,768,768,1536
1880,1764562481.1902268,kem_handshake,0.000025707|0.000018274|0.000039483,0.00,0.00,42942464,42942464,768,768,1536
1881,1764562481.1923437,kem_handshake,0.000070400|0.000043350|0.000083454,0.00,0.00,42934272,42934272,768,768,1536
1882,1764562481.193767,kem_handshake,0.000021560|0.000018134|0.000035064,0.00,0.00,42934272,42934272,768,768,1536
1883,1764562481.1950717,kem_handshake,0.000028954|0.000021930|0.000045194,0.00,0.00,42934272,42934272,768,768,1536
1884,1764562481.1964533,kem_handshake,0.000024976|0.000019256|0.000040154,0.00,0.00,42934272,42934272,768,768,1536
1885,1764562481.1979709,kem_handshake,0.000033271|0.000023173|0.000044873,0.00,0.00,42934272,42934272,768,768,1536
1886,1764562481.1997206,kem_handshake,0.000045464|0.000027771|0.000065411,0.00,0.00,42934272,42934272,768,768,1536
1887,1764562481.2015343,kem_handshake,0.000035115|0.000020337|0.000052267,0.00,0.00,42934272,42934272,768,768,1536
1888,1764562481.202822,kem_handshake,0.000020207|0.000020669|0.000035005,0.00,0.00,42934272,42934272,768,768,1536
1889,1764562481.2039235,kem_handshake,0.000018815|0.000020689|0.000033372,0.00,0.00,42934272,42934272,768,768,1536
1890,1764562481.2050633,kem_handshake,0.000018855|0.000015589|0.000033602,0.00,0.00,42934272,42934272,768,768,1536
1891,1764562481.2063897,kem_handshake,0.000029184|0.000019005|0.000043771,0.00,0.00,42934272,42934272,768,768,1536
1892,1764562481.208415,kem_handshake,0.000060201|0.000027881|0.000056364,0.00,0.00,42942464,42942464,768,768,1536
1893,1764562481.2098567,kem_handshake,0.000021380|0.000016340|0.000041096,0.00,0.00,42942464,42942464,768,768,1536
1894,1764562481.2111666,kem_handshake,0.000041887|0.000033091|0.000065311,0.00,0.00,42942464,42942464,768,768,1536
1895,1764562481.212458,kem_handshake,0.000019626|0.000015980|0.000033351,0.00,0.00,42942464,42942464,768,768,1536
1896,1764562481.2144375,kem_handshake,0.000066824|0.000035766|0.000068867,0.00,0.00,42934272,42934272,768,768,1536
1897,1764562481.2160544,kem_handshake,0.000028873|0.000020147|0.000037780,0.00,0.00,42934272,42934272,768,768,1536
1898,1764562481.2173936,kem_handshake,0.000019366|0.000015919|0.000033252,0.00,0.00,42934272,42934272,768,768,1536
1899,1764562481.2186797,kem_handshake,0.000038120|0.000024094|0.000047939,0.00,0.00,42942464,42942464,768,768,1536
1900,1764562481.2201183,kem_handshake,0.000029604|0.000021159|0.000041336,0.00,0.00,42942464,42942464,768,768,1536
1901,1764562481.2213295,kem_handshake,0.000019075|0.000015588|0.000036116,0.00,0.00,42942464,42942464,768,768,1536
1902,1764562481.2225425,kem_handshake,0.000022802|0.000018685|0.000037089,0.00,0.00,42942464,42942464,768,768,1536
1903,1764562481.2237353,kem_handshake,0.000019687|0.000016170|0.000034233,0.00,0.00,42942464,42942464,768,768,1536
1904,1764562481.2248428,kem_handshake,0.000019085|0.000015528|0.000032901,0.00,0.00,42942464,42942464,768,768,1536
1905,1764562481.2259998,kem_handshake,0.000019185|0.000015799|0.000033612,0.00,0.00,42942464,42942464,768,768,1536
1906,1764562481.2270617,kem_handshake,0.000018654|0.000015419|0.000032971,0.00,0.00,42942464,42942464,768,768,1536
1907,1764562481.2287803,kem_handshake,0.000051796|0.000030978|0.000061954,0.00,0.00,42934272,42934272,768,768,1536
1908,1764562481.2302349,kem_handshake,0.000042468|0.000033582|0.000067766,0.00,0.00,42942464,42942464,768,768,1536
1909,1764562481.2316866,kem_handshake,0.000025547|0.000018214|0.000038471,0.00,0.00,42942464,42942464,768,768,1536
1910,1764562481.2336528,kem_handshake,0.000023203|0.000017373|0.000043169,0.00,0.00,42942464,42942464,768,768,1536
1911,1764562481.2352128,kem_handshake,0.000020017|0.000015799|0.000034243,0.00,0.00,42942464,42942464,768,768,1536
1912,1764562481.2363496,kem_handshake,0.000022281|0.000019185|0.000038271,0.00,0.00,42942464,42942464,768,768,1536
1913,1764562481.2374845,kem_handshake,0.000020227|0.000016540|0.000035786,0.00,0.00,42942464,42942464,768,768,1536
1914,1764562481.2397227,kem_handshake,0.000079317|0.000034654|0.000061634,0.00,0.00,42934272,42934272,768,768,1536
1915,1764562481.2412074,kem_handshake,0.000022872|0.000017483|0.000036688,0.00,0.00,42934272,42934272,768,768,1536
1916,1764562481.2423167,kem_handshake,0.000019396|0.000015979|0.000032951,0.00,0.00,42934272,42934272,768,768,1536
1917,1764562481.2436423,kem_handshake,0.000035996|0.000019256|0.000042979,0.00,0.00,42942464,42942464,768,768,1536
1918,1764562481.2449818,kem_handshake,0.000024866|0.000017473|0.000036317,0.00,0.00,42942464,42942464,768,768,1536
1919,1764562481.246118,kem_handshake,0.000019787|0.000016450|0.000032720,0.00,0.00,42942464,42942464,768,768,1536
1920,1764562481.2473876,kem_handshake,0.000036318|0.000019716|0.000042389,0.00,0.00,42934272,42934272,768,768,1536
1921,1764562481.2487135,kem_handshake,0.000039353|0.000022151|0.000046165,0.00,0.00,42934272,42934272,768,768,1536
1922,1764562481.2507768,kem_handshake,0.000064709|0.000040254|0.000078925,0.00,0.00,42942464,42942464,768,768,1536
1923,1764562481.2526171,kem_handshake,0.000021600|0.000016571|0.000034123,0.00,0.00,42942464,42942464,768,768,1536
1924,1764562481.2537465,kem_handshake,0.000019005|0.000016100|0.000033622,0.00,0.00,42942464,42942464,768,768,1536
1925,1764562481.2548797,kem_handshake,0.000019256|0.000016140|0.000033752,0.00,0.00,42942464,42942464,768,768,1536
1926,1764562481.2565038,kem_handshake,0.000034764|0.000051916|0.000062355,0.00,0.00,42942464,42942464,768,768,1536
1927,1764562481.2582326,kem_handshake,0.000028903|0.000018794|0.000051966,0.00,0.00,42942464,42942464,768,768,1536
1928,1764562481.2595265,kem_handshake,0.000020969|0.000016781|0.000037689,0.00,0.00,42942464,42942464,768,768,1536
1929,1764562481.2606971,kem_handshake,0.000022070|0.000018084|0.000038691,0.00,0.00,42942464,42942464,768,768,1536
1930,1764562481.262035,kem_handshake,0.000026028|0.000017873|0.000046907,0.00,0.00,42942464,42942464,768,768,1536
1931,1764562481.263669,kem_handshake,0.000048179|0.000024625|0.000047298,0.00,0.00,42934272,42934272,768,768,1536
1932,1764562481.2651496,kem_handshake,0.000046295|0.000027701|0.000052216,0.00,0.00,42934272,42934272,768,768,1536
1933,1764562481.2665439,kem_handshake,0.000025467|0.000017663|0.000038291,0.00,12844.60,42934272,42934272,768,768,1536
1934,1764562481.2677555,kem_handshake,0.000021039|0.000017662|0.000037199,0.00,0.00,42934272,42934272,768,768,1536
1935,1764562481.2693086,kem_handshake,0.000045294|0.000023634|0.000047548,0.00,0.00,42942464,42942464,768,768,1536
1936,1764562481.2707984,kem_handshake,0.000029355|0.000021029|0.000038942,0.00,0.00,42942464,42942464,768,768,1536
1937,1764562481.272046,kem_handshake,0.000023243|0.000018224|0.000045985,0.00,0.00,42942464,42942464,768,768,1536
1938,1764562481.27344,kem_handshake,0.000024796|0.000021460|0.000044272,0.00,0.00,42942464,42942464,768,768,1536
1939,1764562481.2746692,kem_handshake,0.000020939|0.000017112|0.000035856,0.00,0.00,42942464,42942464,768,768,1536
1940,1764562481.2758036,kem_handshake,0.000020267|0.000016841|0.000034934,0.00,0.00,42942464,42942464,768,768,1536
1941,1764562481.2769477,kem_handshake,0.000025497|0.000016791|0.000034974,0.00,0.00,42942464,42942464,768,768,1536
1942,1764562481.2788203,kem_handshake,0.000085729|0.000048280|0.000079136,0.00,0.00,42934272,42934272,768,768,1536
1943,1764562481.2806993,kem_handshake,0.000070299|0.000032129|0.000051455,0.00,0.00,42934272,42934272,768,768,1536
1944,1764562481.2825363,kem_handshake,0.000035135|0.000021399|0.000054561,0.00,0.00,42934272,42934272,768,768,1536
1945,1764562481.283762,kem_handshake,0.000021660|0.000017122|0.000035416,0.00,0.00,42934272,42934272,768,768,1536
1946,1764562481.2850304,kem_handshake,0.000022021|0.000017222|0.000035315,0.00,0.00,42934272,42934272,768,768,1536
1947,1764562481.286297,kem_handshake,0.000022341|0.000018474|0.000037860,0.00,0.00,42934272,42934272,768,768,1536
1948,1764562481.2875664,kem_handshake,0.000024105|0.000017061|0.000035726,0.00,0.00,42934272,42934272,768,768,1536
1949,1764562481.2887385,kem_handshake,0.000020558|0.000017081|0.000034784,0.00,0.00,42934272,42934272,768,768,1536
1950,1764562481.2899773,kem_handshake,0.000029484|0.000018855|0.000042018,0.00,0.00,42934272,42934272,768,768,1536
1951,1764562481.291187,kem_handshake,0.000019887|0.000016901|0.000035596,0.00,0.00,42934272,42934272,768,768,1536
1952,1764562481.2924023,kem_handshake,0.000023043|0.000017903|0.000036958,0.00,0.00,42934272,42934272,768,768,1536
1953,1764562481.2937095,kem_handshake,0.000021039|0.000017172|0.000035806,0.00,0.00,42934272,42934272,768,768,1536
1954,1764562481.2955406,kem_handshake,0.000053910|0.000027110|0.000050904,0.00,0.00,42942464,42942464,768,768,1536
1955,1764562481.2970006,kem_handshake,0.000028683|0.000019245|0.000039303,0.00,0.00,42942464,42942464,768,768,1536
1956,1764562481.2984219,kem_handshake,0.000030076|0.000019967|0.000042078,0.00,0.00,42942464,42942464,768,768,1536
1957,1764562481.299635,kem_handshake,0.000020868|0.000017483|0.000036447,0.00,0.00,42942464,42942464,768,768,1536
1958,1764562481.3008523,kem_handshake,0.000020308|0.000017011|0.000039764,0.00,0.00,42942464,42942464,768,768,1536
1959,1764562481.302009,kem_handshake,0.000020057|0.000016821|0.000034774,0.00,0.00,42942464,42942464,768,768,1536
1960,1764562481.303192,kem_handshake,0.000026079|0.000019626|0.000036808,0.00,0.00,42942464,42942464,768,768,1536
1961,1764562481.30459,kem_handshake,0.000022111|0.000017432|0.000038030,0.00,0.00,42942464,42942464,768,768,1536
1962,1764562481.3060768,kem_handshake,0.000032009|0.000023854|0.000051365,0.00,0.00,42942464,42942464,768,768,1536
1963,1764562481.3073905,kem_handshake,0.000021480|0.000018043|0.000037158,0.00,0.00,42942464,42942464,768,768,1536
1964,1764562481.3085372,kem_handshake,0.000019887|0.000016060|0.000034334,0.00,0.00,42942464,42942464,768,768,1536
1965,1764562481.3097029,kem_handshake,0.000019966|0.000016650|0.000044672,0.00,0.00,42942464,42942464,768,768,1536
1966,1764562481.3109527,kem_handshake,0.000022501|0.000029855|0.000043911,0.00,0.00,42942464,42942464,768,768,1536
1967,1764562481.3121216,kem_handshake,0.000021029|0.000017482|0.000035425,0.00,0.00,42942464,42942464,768,768,1536
1968,1764562481.313654,kem_handshake,0.000049241|0.000025417|0.000052377,0.00,0.00,42934272,42934272,768,768,1536
1969,1764562481.3152866,kem_handshake,0.000033071|0.000021820|0.000040424,0.00,0.00,42934272,42934272,768,768,1536
1970,1764562481.3166294,kem_handshake,0.000031098|0.000019556|0.000044873,0.00,0.00,42934272,42934272,768,768,1536
1971,1764562481.3180454,kem_handshake,0.000020748|0.000017532|0.000035265,0.00,0.00,42934272,42934272,768,768,1536
1972,1764562481.3193707,kem_handshake,0.000024335|0.000019456|0.000042238,0.00,0.00,42934272,42934272,768,768,1536
1973,1764562481.3205884,kem_handshake,0.000022332|0.000017332|0.000037028,0.00,0.00,42934272,42934272,768,768,1536
1974,1764562481.3226552,kem_handshake,0.000118860|0.000037890|0.000085017,0.00,0.00,42942464,42942464,768,768,1536
1975,1764562481.3247926,kem_handshake,0.000029024|0.000021560|0.000044262,0.00,0.00,42942464,42942464,768,768,1536
1976,1764562481.3261027,kem_handshake,0.000022171|0.000017362|0.000035927,0.00,0.00,42942464,42942464,768,768,1536
1977,1764562481.327821,kem_handshake,0.000065070|0.000038662|0.000074277,0.00,0.00,42934272,42934272,768,768,1536
1978,1764562481.329348,kem_handshake,0.000035716|0.000029335|0.000052898,0.00,0.00,42934272,42934272,768,768,1536
1979,1764562481.3310661,kem_handshake,0.000052226|0.000026178|0.000069308,0.00,0.00,42934272,42934272,768,768,1536
1980,1764562481.332635,kem_handshake,0.000027281|0.000019977|0.000042569,0.00,0.00,42934272,42934272,768,768,1536
1981,1764562481.3338542,kem_handshake,0.000020077|0.000016891|0.000039112,0.00,0.00,42934272,42934272,768,768,1536
1982,1764562481.3350792,kem_handshake,0.000020508|0.000016951|0.000035456,0.00,0.00,42934272,42934272,768,768,1536
1983,1764562481.336221,kem_handshake,0.000019816|0.000016581|0.000035155,0.00,0.00,42934272,42934272,768,768,1536
1984,1764562481.3373652,kem_handshake,0.000020058|0.000017161|0.000034714,0.00,0.00,42934272,42934272,768,768,1536
1985,1764562481.3385122,kem_handshake,0.000020959|0.000017062|0.000035465,0.00,0.00,42934272,42934272,768,768,1536
1986,1764562481.339705,kem_handshake,0.000020498|0.000017432|0.000039072,0.00,0.00,42934272,42934272,768,768,1536
1987,1764562481.3411376,kem_handshake,0.000029074|0.000019076|0.000043901,0.00,0.00,42934272,42934272,768,768,1536
1988,1764562481.3433602,kem_handshake,0.000068707|0.000041546|0.000084997,0.00,0.00,42942464,42942464,768,768,1536
1989,1764562481.3456304,kem_handshake,0.000123128|0.000035025|0.000064769,0.00,0.00,42942464,42942464,768,768,1536
1990,1764562481.3473272,kem_handshake,0.000047528|0.000025898|0.000066703,0.00,0.00,42942464,42942464,768,768,1536
1991,1764562481.3501186,kem_handshake,0.000084787|0.000044152|0.000076702,0.00,0.00,42934272,42934272,768,768,1536
1992,1764562481.3525088,kem_handshake,0.000065911|0.000032119|0.000097641,0.00,0.00,42942464,42942464,768,768,1536
1993,1764562481.3556964,kem_handshake,0.000061724|0.000039994|0.000082012,0.00,0.00,42942464,42942464,768,768,1536
1994,1764562481.3577487,kem_handshake,0.000039754|0.000022201|0.000057125,0.00,0.00,42942464,42942464,768,768,1536
1995,1764562481.35921,kem_handshake,0.000023544|0.000019205|0.000040425,0.00,0.00,42942464,42942464,768,768,1536
1996,1764562481.3604014,kem_handshake,0.000020047|0.000016641|0.000035105,0.00,0.00,42942464,42942464,768,768,1536
1997,1764562481.3615725,kem_handshake,0.000021820|0.000016851|0.000037400,0.00,0.00,42942464,42942464,768,768,1536
1998,1764562481.3627408,kem_handshake,0.000020608|0.000016961|0.000035986,0.00,0.00,42942464,42942464,768,768,1536
1999,1764562481.3651774,kem_handshake,0.000269789|0.000094654|0.000117237,0.00,0.00,42934272,42934272,768,768,1536
2000,1764562481.3681529,kem_handshake,0.000063076|0.000039743|0.000084997,0.00,0.00,42934272,42934272,768,768,1536
2001,1764562481.3697932,kem_handshake,0.000020778|0.000017382|0.000036367,0.00,0.00,42934272,42934272,768,768,1536
2002,1764562481.3722692,kem_handshake,0.000090808|0.000038802|0.000062235,0.00,0.00,42942464,42942464,768,768,1536
2003,1764562481.3738532,kem_handshake,0.000032179|0.000020899|0.000053448,0.00,0.00,42934272,42934272,768,768,1536
2004,1764562481.375095,kem_handshake,0.000021810|0.000016501|0.000033682,0.00,0.00,42934272,42934272,768,768,1536
2005,1764562481.3763978,kem_handshake,0.000027561|0.000021670|0.000045975,0.00,0.00,42934272,42934272,768,768,1536
2006,1764562481.3786879,kem_handshake,0.000044533|0.000029905|0.000081220,0.00,0.00,42934272,42934272,768,768,1536
2007,1764562481.380271,kem_handshake,0.000025818|0.000017653|0.000039162,0.00,0.00,42934272,42934272,768,768,1536
2008,1764562481.3814914,kem_handshake,0.000021951|0.000017022|0.000034754,0.00,0.00,42934272,42934272,768,768,1536
2009,1764562481.3827202,kem_handshake,0.000027050|0.000016991|0.000041056,0.00,0.00,42934272,42934272,768,768,1536
2010,1764562481.383959,kem_handshake,0.000029324|0.000016250|0.000035235,0.00,0.00,42934272,42934272,768,768,1536
2011,1764562481.385106,kem_handshake,0.000020027|0.000015809|0.000033632,0.00,0.00,42934272,42934272,768,768,1536
2012,1764562481.3865228,kem_handshake,0.000024515|0.000017202|0.000037339,0.00,0.00,42934272,42934272,768,768,1536
2013,1764562481.3878016,kem_handshake,0.000024996|0.000018534|0.000040234,0.00,0.00,42934272,42934272,768,768,1536
2014,1764562481.3893929,kem_handshake,0.000040445|0.000023123|0.000070200,0.00,0.00,42934272,42934272,768,768,1536
2015,1764562481.3915613,kem_handshake,0.000049742|0.000027931|0.000065160,0.00,0.00,42934272,42934272,768,768,1536
2016,1764562481.3930354,kem_handshake,0.000022692|0.000017923|0.000035516,0.00,0.00,42934272,42934272,768,768,1536
2017,1764562481.3947244,kem_handshake,0.000053328|0.000025256|0.000057196,0.00,0.00,42942464,42942464,768,768,1536
2018,1764562481.396455,kem_handshake,0.000033992|0.000026769|0.000048800,0.00,0.00,42942464,42942464,768,768,1536
2019,1764562481.3978534,kem_handshake,0.000025827|0.000017813|0.000044091,0.00,0.00,42942464,42942464,768,768,1536
2020,1764562481.3993144,kem_handshake,0.000025727|0.000017473|0.000036467,0.00,0.00,42942464,42942464,768,768,1536
2021,1764562481.4004576,kem_handshake,0.000019345|0.000016059|0.000032680,0.00,0.00,42942464,42942464,768,768,1536
2022,1764562481.4020624,kem_handshake,0.000027401|0.000018294|0.000045474,0.00,0.00,42942464,42942464,768,768,1536
2023,1764562481.4034243,kem_handshake,0.000025827|0.000019025|0.000040945,0.00,0.00,42942464,42942464,768,768,1536
2024,1764562481.4050965,kem_handshake,0.000036738|0.000021851|0.000052627,0.00,0.00,42942464,42942464,768,768,1536
2025,1764562481.4074643,kem_handshake,0.000105565|0.000050213|0.000077633,0.00,0.00,42934272,42934272,768,768,1536
2026,1764562481.408875,kem_handshake,0.000022813|0.000017532|0.000042238,0.00,0.00,42934272,42934272,768,768,1536
2027,1764562481.4099884,kem_handshake,0.000019476|0.000016109|0.000033232,0.00,0.00,42934272,42934272,768,768,1536
2028,1764562481.411073,kem_handshake,0.000019476|0.000015980|0.000032801,0.00,0.00,42934272,42934272,768,768,1536
2029,1764562481.4121723,kem_handshake,0.000019907|0.000015659|0.000033322,0.00,0.00,42934272,42934272,768,768,1536
2030,1764562481.4134111,kem_handshake,0.000026299|0.000018995|0.000046566,0.00,0.00,42934272,42934272,768,768,1536
2031,1764562481.4149523,kem_handshake,0.000025637|0.000020999|0.000064078,0.00,0.00,42934272,42934272,768,768,1536
2032,1764562481.416201,kem_handshake,0.000021159|0.000016631|0.000039964,0.00,0.00,42934272,42934272,768,768,1536
2033,1764562481.4174457,kem_handshake,0.000023343|0.000017723|0.000039634,0.00,12742.90,42934272,42934272,768,768,1536
2034,1764562481.4195867,kem_handshake,0.000044863|0.000034073|0.000068336,0.00,0.00,42934272,42934272,768,768,1536
2035,1764562481.4208207,kem_handshake,0.000019817|0.000016410|0.000034874,0.00,0.00,42934272,42934272,768,768,1536
2036,1764562481.4220366,kem_handshake,0.000019416|0.000016110|0.000033242,0.00,0.00,42934272,42934272,768,768,1536
2037,1764562481.4232156,kem_handshake,0.000021229|0.000016170|0.000035536,0.00,0.00,42934272,42934272,768,768,1536
2038,1764562481.4251726,kem_handshake,0.000120242|0.000043640|0.000075078,0.00,0.00,42942464,42942464,768,768,1536
2039,1764562481.4267316,kem_handshake,0.000030737|0.000018825|0.000039443,0.00,0.00,42942464,42942464,768,768,1536
2040,1764562481.428483,kem_handshake,0.000020949|0.000016290|0.000034003,0.00,14198.50,42942464,42942464,768,768,1536
2041,1764562481.4296737,kem_handshake,0.000021029|0.000016531|0.000037459,0.00,0.00,42942464,42942464,768,768,1536
2042,1764562481.430857,kem_handshake,0.000020487|0.000016109|0.000047518,0.00,0.00,42942464,42942464,768,768,1536
2043,1764562481.432045,kem_handshake,0.000021059|0.000016090|0.000034334,0.00,0.00,42942464,42942464,768,768,1536
2044,1764562481.4332619,kem_handshake,0.000021129|0.000016390|0.000034073,0.00,0.00,42942464,42942464,768,768,1536
2045,1764562481.4352407,kem_handshake,0.000019796|0.000026128|0.000066693,0.00,0.00,42942464,42942464,768,768,1536
2046,1764562481.4365096,kem_handshake,0.000021580|0.000017001|0.000036117,0.00,0.00,42942464,42942464,768,768,1536
2047,1764562481.4379668,kem_handshake,0.000032580|0.000020278|0.000039644,0.00,0.00,42942464,42942464,768,768,1536
2048,1764562481.4401157,kem_handshake,0.000053248|0.000037299|0.000081631,0.00,0.00,42942464,42942464,768,768,1536
2049,1764562481.4416192,kem_handshake,0.000022752|0.000016551|0.000037359,0.00,0.00,42942464,42942464,768,768,1536
2050,1764562481.442788,kem_handshake,0.000020367|0.000015919|0.000034333,0.00,0.00,42942464,42942464,768,768,1536
2051,1764562481.4439511,kem_handshake,0.000024576|0.000015549|0.000035655,0.00,0.00,42942464,42942464,768,768,1536
2052,1764562481.4450464,kem_handshake,0.000019005|0.000015338|0.000032961,0.00,0.00,42942464,42942464,768,768,1536
2053,1764562481.4462056,kem_handshake,0.000020769|0.000015959|0.000035024,0.00,0.00,42942464,42942464,768,768,1536
2054,1764562481.4473395,kem_handshake,0.000020458|0.000017783|0.000037199,0.00,0.00,42942464,42942464,768,768,1536
2055,1764562481.4485166,kem_handshake,0.000021469|0.000015679|0.000034073,0.00,0.00,42942464,42942464,768,768,1536
2056,1764562481.4497244,kem_handshake,0.000020218|0.000016030|0.000034804,0.00,0.00,42942464,42942464,768,768,1536
2057,1764562481.4517844,kem_handshake,0.000074498|0.000031458|0.000071572,0.00,0.00,42934272,42934272,768,768,1536
2058,1764562481.453248,kem_handshake,0.000022772|0.000017402|0.000038060,0.00,0.00,42934272,42934272,768,768,1536
2059,1764562481.4549224,kem_handshake,0.000046966|0.000035986|0.000089355,0.00,0.00,42942464,42942464,768,768,1536
2060,1764562481.4566822,kem_handshake,0.000034374|0.000022411|0.000047688,0.00,0.00,42942464,42942464,768,768,1536
2061,1764562481.458085,kem_handshake,0.000029715|0.000019737|0.000044192,0.00,0.00,42942464,42942464,768,768,1536
2062,1764562481.45981,kem_handshake,0.000056174|0.000027741|0.000055062,0.00,0.00,42934272,42934272,768,768,1536
2063,1764562481.4611185,kem_handshake,0.000022041|0.000017051|0.000036046,0.00,0.00,42942464,42942464,768,768,1536
2064,1764562481.4626238,kem_handshake,0.000043701|0.000030195|0.000047057,0.00,0.00,42942464,42942464,768,768,1536
2065,1764562481.4648066,kem_handshake,0.000039703|0.000028303|0.000065992,0.00,0.00,42942464,42942464,768,768,1536
2066,1764562481.4672263,kem_handshake,0.000093402|0.000050433|0.000101758,0.00,0.00,42934272,42934272,768,768,1536
2067,1764562481.4687352,kem_handshake,0.000026039|0.000018594|0.000037700,0.00,0.00,42934272,42934272,768,768,1536
2068,1764562481.4698946,kem_handshake,0.000020026|0.000016620|0.000034825,0.00,0.00,42934272,42934272,768,768,1536
2069,1764562481.4710915,kem_handshake,0.000023784|0.000019185|0.000041136,0.00,0.00,42934272,42934272,768,768,1536
2070,1764562481.4728954,kem_handshake,0.000060262|0.000050673|0.000097550,0.00,0.00,42942464,42942464,768,768,1536
2071,1764562481.4749668,kem_handshake,0.000044402|0.000032160|0.000061203,0.00,0.00,42942464,42942464,768,768,1536
2072,1764562481.476281,kem_handshake,0.000021920|0.000017993|0.000037669,0.00,0.00,42942464,42942464,768,768,1536
2073,1764562481.4774044,kem_handshake,0.000020088|0.000016410|0.000034554,0.00,0.00,42942464,42942464,768,768,1536
2074,1764562481.4785147,kem_handshake,0.000019526|0.000015889|0.000033963,0.00,0.00,42942464,42942464,768,768,1536
2075,1764562481.4796789,kem_handshake,0.000048519|0.000016931|0.000036077,0.00,0.00,42942464,42942464,768,768,1536
2076,1764562481.4809299,kem_handshake,0.000020779|0.000024095|0.000038902,0.00,0.00,42942464,42942464,768,768,1536
2077,1764562481.482761,kem_handshake,0.000065140|0.000040014|0.000096328,0.00,0.00,42934272,42934272,768,768,1536
2078,1764562481.4844077,kem_handshake,0.000028964|0.000020919|0.000037470,0.00,0.00,42934272,42934272,768,768,1536
2079,1764562481.4855654,kem_handshake,0.000020318|0.000016630|0.000034404,0.00,0.00,42934272,42934272,768,768,1536
2080,1764562481.486764,kem_handshake,0.000022752|0.000018484|0.000042669,0.00,0.00,42934272,42934272,768,768,1536
2081,1764562481.4880738,kem_handshake,0.000055352|0.000019036|0.000037850,0.00,0.00,42934272,42934272,768,768,1536
2082,1764562481.4893017,kem_handshake,0.000022441|0.000017573|0.000037119,0.00,0.00,42934272,42934272,768,768,1536
2083,1764562481.4906018,kem_handshake,0.000025106|0.000017092|0.000038371,0.00,0.00,42934272,42934272,768,768,1536
2084,1764562481.492004,kem_handshake,0.000023273|0.000016751|0.000040264,0.00,0.00,42934272,42934272,768,768,1536
2085,1764562481.4932072,kem_handshake,0.000021940|0.000016781|0.000035256,0.00,0.00,42934272,42934272,768,768,1536
2086,1764562481.4943585,kem_handshake,0.000020758|0.000016200|0.000034614,0.00,0.00,42934272,42934272,768,768,1536
2087,1764562481.4955177,kem_handshake,0.000020277|0.000016801|0.000035115,0.00,0.00,42934272,42934272,768,768,1536
2088,1764562481.496641,kem_handshake,0.000020818|0.000016049|0.000034624,0.00,0.00,42934272,42934272,768,768,1536
2089,1764562481.4979973,kem_handshake,0.000049311|0.000022261|0.000066994,0.00,0.00,42934272,42934272,768,768,1536
2090,1764562481.4996536,kem_handshake,0.000025117|0.000018244|0.000044031,0.00,0.00,42934272,42934272,768,768,1536
2091,1764562481.5010395,kem_handshake,0.000027150|0.000019156|0.000041657,0.00,0.00,42934272,42934272,768,768,1536
2092,1764562481.503039,kem_handshake,0.000125322|0.000049852|0.000105605,0.00,0.00,42942464,42942464,768,768,1536
2093,1764562481.5058262,kem_handshake,0.000058268|0.000039082|0.000083514,0.00,0.00,42942464,42942464,768,768,1536
2094,1764562481.5073736,kem_handshake,0.000031108|0.000018554|0.000041837,0.00,0.00,42942464,42942464,768,768,1536
2095,1764562481.5090137,kem_handshake,0.000041677|0.000022302|0.000059530,0.00,0.00,42942464,42942464,768,768,1536
2096,1764562481.511321,kem_handshake,0.000051885|0.000025477|0.000071893,0.00,0.00,42942464,42942464,768,768,1536
2097,1764562481.5138483,kem_handshake,0.000037659|0.000024255|0.000071452,0.00,0.00,42942464,42942464,768,768,1536
2098,1764562481.5153859,kem_handshake,0.000026749|0.000018123|0.000040064,0.00,0.00,42942464,42942464,768,768,1536
2099,1764562481.516872,kem_handshake,0.000033922|0.000019325|0.000060101,0.00,0.00,42942464,42942464,768,768,1536
2100,1764562481.5182052,kem_handshake,0.000022130|0.000017101|0.000036888,0.00,0.00,42942464,42942464,768,768,1536
2101,1764562481.519393,kem_handshake,0.000021069|0.000016691|0.000035676,0.00,0.00,42942464,42942464,768,768,1536
2102,1764562481.5205514,kem_handshake,0.000020748|0.000017282|0.000035576,0.00,0.00,42942464,42942464,768,768,1536
2103,1764562481.5225227,kem_handshake,0.000113620|0.000049071|0.000128157,0.00,0.00,42934272,42934272,768,768,1536
2104,1764562481.525559,kem_handshake,0.000084086|0.000034834|0.000080939,0.00,0.00,42934272,42934272,768,768,1536
2105,1764562481.5276995,kem_handshake,0.000022752|0.000017121|0.000037820,0.00,0.00,42934272,42934272,768,768,1536
2106,1764562481.5289142,kem_handshake,0.000024566|0.000017242|0.000038952,0.00,0.00,42934272,42934272,768,768,1536
2107,1764562481.5301616,kem_handshake,0.000021590|0.000016941|0.000037419,0.00,0.00,42934272,42934272,768,768,1536
2108,1764562481.5313346,kem_handshake,0.000021279|0.000016771|0.000036898,0.00,0.00,42934272,42934272,768,768,1536
2109,1764562481.5326426,kem_handshake,0.000027931|0.000018665|0.000044682,0.00,0.00,42934272,42934272,768,768,1536
2110,1764562481.533918,kem_handshake,0.000022081|0.000017713|0.000041176,0.00,0.00,42934272,42934272,768,768,1536
2111,1764562481.535161,kem_handshake,0.000024515|0.000019035|0.000041056,0.00,0.00,42934272,42934272,768,768,1536
2112,1764562481.536508,kem_handshake,0.000023764|0.000018244|0.000040004,0.00,0.00,42934272,42934272,768,768,1536
2113,1764562481.5378146,kem_handshake,0.000021369|0.000017042|0.000036287,0.00,0.00,42934272,42934272,768,768,1536
2114,1764562481.5390334,kem_handshake,0.000021039|0.000016250|0.000035405,0.00,0.00,42934272,42934272,768,768,1536
2115,1764562481.5402472,kem_handshake,0.000024365|0.000018254|0.000037129,0.00,0.00,42934272,42934272,768,768,1536
2116,1764562481.5415478,kem_handshake,0.000022171|0.000017382|0.000036678,0.00,0.00,42934272,42934272,768,768,1536
2117,1764562481.54275,kem_handshake,0.000021890|0.000017022|0.000035466,0.00,0.00,42934272,42934272,768,768,1536
2118,1764562481.5439296,kem_handshake,0.000020729|0.000021550|0.000034594,0.00,0.00,42934272,42934272,768,768,1536
2119,1764562481.5451741,kem_handshake,0.000022071|0.000016911|0.000035877,0.00,0.00,42934272,42934272,768,768,1536
2120,1764562481.5464277,kem_handshake,0.000034934|0.000018885|0.000042599,0.00,0.00,42934272,42934272,768,768,1536
2121,1764562481.5480125,kem_handshake,0.000028703|0.000019807|0.000041968,0.00,0.00,42934272,42934272,768,768,1536
2122,1764562481.549574,kem_handshake,0.000032129|0.000019326|0.000043059,0.00,0.00,42934272,42934272,768,768,1536
2123,1764562481.5509148,kem_handshake,0.000022812|0.000017032|0.000039242,0.00,0.00,42934272,42934272,768,768,1536
2124,1764562481.5520978,kem_handshake,0.000020358|0.000017032|0.000035245,0.00,0.00,42934272,42934272,768,768,1536
2125,1764562481.5532517,kem_handshake,0.000021830|0.000016481|0.000036307,0.00,0.00,42934272,42934272,768,768,1536
2126,1764562481.5543973,kem_handshake,0.000019706|0.000016901|0.000035285,0.00,0.00,42934272,42934272,768,768,1536
2127,1764562481.5555274,kem_handshake,0.000020227|0.000016431|0.000035045,0.00,0.00,42934272,42934272,768,768,1536
2128,1764562481.5567007,kem_handshake,0.000020698|0.000017673|0.000037009,0.00,0.00,42934272,42934272,768,768,1536
2129,1764562481.5579896,kem_handshake,0.000026849|0.000019496|0.000047708,0.00,0.00,42934272,42934272,768,768,1536
2130,1764562481.5593984,kem_handshake,0.000029505|0.000019025|0.000047608,0.00,0.00,42934272,42934272,768,768,1536
2131,1764562481.5610123,kem_handshake,0.000023764|0.000018064|0.000049161,0.00,0.00,42934272,42934272,768,768,1536
2132,1764562481.5625136,kem_handshake,0.000035836|0.000021239|0.000060391,0.00,0.00,42934272,42934272,768,768,1536
2133,1764562481.564331,kem_handshake,0.000030116|0.000019787|0.000054301,0.00,0.00,42934272,42934272,768,768,1536
2134,1764562481.566145,kem_handshake,0.000026869|0.000018834|0.000040485,0.00,0.00,42934272,42934272,768,768,1536
2135,1764562481.5674949,kem_handshake,0.000026198|0.000017913|0.000038311,0.00,0.00,42934272,42934272,768,768,1536
2136,1764562481.5689712,kem_handshake,0.000030036|0.000018574|0.000043941,0.00,0.00,42934272,42934272,768,768,1536
2137,1764562481.5702772,kem_handshake,0.000024705|0.000017672|0.000041146,0.00,0.00,42934272,42934272,768,768,1536
2138,1764562481.5716221,kem_handshake,0.000021880|0.000018795|0.000043320,0.00,0.00,42934272,42934272,768,768,1536
2139,1764562481.5733087,kem_handshake,0.000039663|0.000020588|0.000092110,0.00,0.00,42934272,42934272,768,768,1536
2140,1764562481.5748541,kem_handshake,0.000022612|0.000016851|0.000041427,0.00,0.00,42934272,42934272,768,768,1536
2141,1764562481.5761323,kem_handshake,0.000066854|0.000024986|0.000037941,0.00,7382.80,42934272,42934272,768,768,1536
2142,1764562481.577395,kem_handshake,0.000023443|0.000017573|0.000036667,0.00,0.00,42934272,42934272,768,768,1536
2143,1764562481.5787003,kem_handshake,0.000025167|0.000019626|0.000039463,0.00,0.00,42934272,42934272,768,768,1536
2144,1764562481.5801713,kem_handshake,0.000029765|0.000018945|0.000045444,0.00,0.00,42934272,42934272,768,768,1536
2145,1764562481.5816207,kem_handshake,0.000027150|0.000018545|0.000041186,0.00,0.00,42934272,42934272,768,768,1536
2146,1764562481.5833042,kem_handshake,0.000038821|0.000025107|0.000063066,0.00,0.00,42934272,42934272,768,768,1536
2147,1764562481.5849113,kem_handshake,0.000027921|0.000018955|0.000040524,0.00,0.00,42934272,42934272,768,768,1536
2148,1764562481.5863638,kem_handshake,0.000024705|0.000017523|0.000038612,0.00,0.00,42934272,42934272,768,768,1536
2149,1764562481.5879135,kem_handshake,0.000045975|0.000024816|0.000074939,0.00,0.00,42934272,42934272,768,768,1536
2150,1764562481.5902057,kem_handshake,0.000063177|0.000029675|0.000077132,0.00,0.00,42934272,42934272,768,768,1536
2151,1764562481.5923126,kem_handshake,0.000033833|0.000025888|0.000056425,0.00,0.00,42934272,42934272,768,768,1536
2152,1764562481.5940318,kem_handshake,0.000049050|0.000025648|0.000048750,0.00,0.00,42942464,42942464,768,768,1536
2153,1764562481.5960712,kem_handshake,0.000073926|0.000032880|0.000115232,0.00,0.00,42942464,42942464,768,768,1536
2154,1764562481.597888,kem_handshake,0.000036387|0.000020257|0.000078245,0.00,0.00,42942464,42942464,768,768,1536
2155,1764562481.5995984,kem_handshake,0.000036828|0.000019216|0.000047658,0.00,0.00,42942464,42942464,768,768,1536
2156,1764562481.6019034,kem_handshake,0.000128717|0.000062185|0.000084536,0.00,0.00,42934272,42934272,768,768,1536
2157,1764562481.6032176,kem_handshake,0.000023534|0.000017352|0.000034233,0.00,0.00,42934272,42934272,768,768,1536
2158,1764562481.6044426,kem_handshake,0.000022942|0.000017322|0.000036107,0.00,0.00,42934272,42934272,768,768,1536
2159,1764562481.605715,kem_handshake,0.000026629|0.000018975|0.000042488,0.00,0.00,42934272,42934272,768,768,1536
2160,1764562481.6076152,kem_handshake,0.000045394|0.000022111|0.000062074,0.00,0.00,42934272,42934272,768,768,1536
2161,1764562481.6096287,kem_handshake,0.000036567|0.000020528|0.000045454,0.00,0.00,42934272,42934272,768,768,1536
2162,1764562481.6108375,kem_handshake,0.000022762|0.000016471|0.000035275,0.00,0.00,42934272,42934272,768,768,1536
2163,1764562481.6119792,kem_handshake,0.000019947|0.000016431|0.000033582,0.00,0.00,42934272,42934272,768,768,1536
2164,1764562481.6131504,kem_handshake,0.000024165|0.000016962|0.000036798,0.00,0.00,42934272,42934272,768,768,1536
2165,1764562481.6143298,kem_handshake,0.000019756|0.000016761|0.000034374,0.00,14411.70,42934272,42934272,768,768,1536
2166,1764562481.6155152,kem_handshake,0.000020307|0.000016311|0.000036577,0.00,0.00,42934272,42934272,768,768,1536
2167,1764562481.6167963,kem_handshake,0.000022532|0.000017412|0.000036418,0.00,0.00,42934272,42934272,768,768,1536
2168,1764562481.6181204,kem_handshake,0.000024876|0.000020157|0.000044623,0.00,0.00,42934272,42934272,768,768,1536
2169,1764562481.6194532,kem_handshake,0.000026188|0.000017683|0.000041447,0.00,0.00,42934272,42934272,768,768,1536
2170,1764562481.6208813,kem_handshake,0.000025618|0.000017833|0.000045003,0.00,0.00,42934272,42934272,768,768,1536
2171,1764562481.622367,kem_handshake,0.000037319|0.000020688|0.000056845,0.00,0.00,42934272,42934272,768,768,1536
2172,1764562481.6243002,kem_handshake,0.000027872|0.000018474|0.000050824,0.00,0.00,42934272,42934272,768,768,1536
2173,1764562481.627188,kem_handshake,0.000111646|0.000044482|0.000154205,0.00,0.00,42934272,42934272,768,768,1536
2174,1764562481.6302278,kem_handshake,0.000057797|0.000028232|0.000060602,0.00,0.00,42934272,42934272,768,768,1536
2175,1764562481.6322849,kem_handshake,0.000036026|0.000022702|0.000054430,0.00,0.00,42934272,42934272,768,768,1536
2176,1764562481.6342275,kem_handshake,0.000068046|0.000035235|0.000097150,0.00,0.00,42934272,42934272,768,768,1536
2177,1764562481.6368873,kem_handshake,0.000064308|0.000044993|0.000134218,0.00,0.00,42934272,42934272,768,768,1536
2178,1764562481.639974,kem_handshake,0.000061784|0.000036878|0.000083584,0.00,0.00,42934272,42934272,768,768,1536
2179,1764562481.6414993,kem_handshake,0.000025558|0.000017783|0.000037319,0.00,0.00,42934272,42934272,768,768,1536
2180,1764562481.642703,kem_handshake,0.000022592|0.000016912|0.000034474,0.00,0.00,42934272,42934272,768,768,1536
2181,1764562481.6440177,kem_handshake,0.000021590|0.000017733|0.000064950,0.00,0.00,42934272,42934272,768,768,1536
2182,1764562481.645888,kem_handshake,0.000086109|0.000042739|0.000124420,0.00,0.00,42934272,42934272,768,768,1536
2183,1764562481.6496747,kem_handshake,0.000086299|0.000041727|0.000141241,0.00,0.00,42934272,42934272,768,768,1536
2184,1764562481.6525517,kem_handshake,0.000051485|0.000035185|0.000076181,0.00,0.00,42934272,42934272,768,768,1536
2185,1764562481.6546335,kem_handshake,0.000055042|0.000034804|0.000091289,0.00,0.00,42934272,42934272,768,768,1536
2186,1764562481.6588483,kem_handshake,0.000093934|0.000053699|0.000138105,0.00,0.00,42942464,42942464,768,768,1536
2187,1764562481.6630638,kem_handshake,0.000143615|0.000061684|0.000202905,0.00,0.00,42942464,42942464,768,768,1536
2188,1764562481.6665637,kem_handshake,0.000104713|0.000042739|0.000116656,0.00,0.00,42942464,42942464,768,768,1536
2189,1764562481.6696131,kem_handshake,0.000049992|0.000034634|0.000081380,0.00,0.00,42942464,42942464,768,768,1536
2190,1764562481.671815,kem_handshake,0.000027110|0.000017963|0.000039633,0.00,0.00,42942464,42942464,768,768,1536
2191,1764562481.6749315,kem_handshake,0.000053609|0.000037359|0.000100235,0.00,0.00,42942464,42942464,768,768,1536
2192,1764562481.6769745,kem_handshake,0.000044131|0.000022672|0.000045434,0.00,0.00,42942464,42942464,768,768,1536
2193,1764562481.6788998,kem_handshake,0.000047337|0.000022412|0.000062736,0.00,0.00,42942464,42942464,768,768,1536
2194,1764562481.6810932,kem_handshake,0.000055222|0.000026098|0.000060591,0.00,0.00,42934272,42934272,768,768,1536
2195,1764562481.682742,kem_handshake,0.000034814|0.000019876|0.000042619,0.00,0.00,42934272,42934272,768,768,1536
2196,1764562481.6843064,kem_handshake,0.000040845|0.000022692|0.000055202,0.00,0.00,42934272,42934272,768,768,1536
2197,1764562481.685571,kem_handshake,0.000022271|0.000016330|0.000033832,0.00,0.00,42934272,42934272,768,768,1536
2198,1764562481.6870403,kem_handshake,0.000061454|0.000024325|0.000038140,0.00,0.00,42934272,42934272,768,768,1536
2199,1764562481.6885228,kem_handshake,0.000049060|0.000026418|0.000046586,0.00,0.00,42942464,42942464,768,768,1536
2200,1764562481.6909306,kem_handshake,0.000052798|0.000037961|0.000085168,0.00,0.00,42942464,42942464,768,768,1536
2201,1764562481.692592,kem_handshake,0.000038331|0.000020227|0.000047097,0.00,0.00,42942464,42942464,768,768,1536
2202,1764562481.6938148,kem_handshake,0.000023413|0.000017613|0.000036357,0.00,0.00,42942464,42942464,768,768,1536
2203,1764562481.6950653,kem_handshake,0.000018765|0.000051815|0.000066553,0.00,0.00,42942464,42942464,768,768,1536
2204,1764562481.6967854,kem_handshake,0.000051224|0.000028553|0.000065311,0.00,0.00,42934272,42934272,768,768,1536
2205,1764562481.6987689,kem_handshake,0.000058698|0.000032310|0.000072194,0.00,0.00,42934272,42934272,768,768,1536
2206,1764562481.7002902,kem_handshake,0.000030226|0.000023363|0.000055913,0.00,0.00,42934272,42934272,768,768,1536
2207,1764562481.7018383,kem_handshake,0.000031919|0.000023343|0.000058077,0.00,0.00,42934272,42934272,768,768,1536
2208,1764562481.7033172,kem_handshake,0.000031408|0.000021129|0.000052688,0.00,0.00,42934272,42934272,768,768,1536
2209,1764562481.7047374,kem_handshake,0.000026029|0.000017452|0.000037580,0.00,0.00,42934272,42934272,768,768,1536
2210,1764562481.7060778,kem_handshake,0.000025828|0.000016831|0.000038301,0.00,0.00,42934272,42934272,768,768,1536
2211,1764562481.7073848,kem_handshake,0.000026970|0.000018725|0.000041045,0.00,0.00,42934272,42934272,768,768,1536
2212,1764562481.708879,kem_handshake,0.000027100|0.000020648|0.000041977,0.00,0.00,42934272,42934272,768,768,1536
2213,1764562481.7102637,kem_handshake,0.000024215|0.000017072|0.000037329,0.00,0.00,42934272,42934272,768,768,1536
2214,1764562481.7114213,kem_handshake,0.000019596|0.000016731|0.000035336,0.00,0.00,42934272,42934272,768,768,1536
2215,1764562481.7125545,kem_handshake,0.000018654|0.000015319|0.000032741,0.00,0.00,42934272,42934272,768,768,1536
2216,1764562481.7136624,kem_handshake,0.000018945|0.000015709|0.000032761,0.00,0.00,42934272,42934272,768,768,1536
2217,1764562481.7147667,kem_handshake,0.000019606|0.000015749|0.000033242,0.00,0.00,42934272,42934272,768,768,1536
2218,1764562481.7159739,kem_handshake,0.000022051|0.000017222|0.000094965,0.00,0.00,42934272,42934272,768,768,1536
2219,1764562481.7175298,kem_handshake,0.000021640|0.000016270|0.000040505,0.00,0.00,42934272,42934272,768,768,1536
2220,1764562481.7194817,kem_handshake,0.000042439|0.000029505|0.000038000,0.00,0.00,42934272,42934272,768,768,1536
2221,1764562481.7211068,kem_handshake,0.000020047|0.000016240|0.000033893,0.00,0.00,42934272,42934272,768,768,1536
2222,1764562481.722311,kem_handshake,0.000022381|0.000016421|0.000041857,0.00,0.00,42934272,42934272,768,768,1536
2223,1764562481.7235322,kem_handshake,0.000019807|0.000016751|0.000034384,0.00,0.00,42934272,42934272,768,768,1536
2224,1764562481.7247586,kem_handshake,0.000029184|0.000021069|0.000044121,0.00,0.00,42934272,42934272,768,768,1536
2225,1764562481.7260382,kem_handshake,0.000020859|0.000016991|0.000034083,0.00,0.00,42934272,42934272,768,768,1536
2226,1764562481.727167,kem_handshake,0.000018965|0.000015589|0.000032721,0.00,0.00,42934272,42934272,768,768,1536
2227,1764562481.7294264,kem_handshake,0.000127055|0.000050082|0.000094745,0.00,0.00,42942464,42942464,768,768,1536
2228,1764562481.7317295,kem_handshake,0.000045654|0.000033141|0.000076912,0.00,6824.00,42934272,42934272,768,768,1536
2229,1764562481.7336102,kem_handshake,0.000056224|0.000036097|0.000072855,0.00,0.00,42942464,42942464,768,768,1536
2230,1764562481.7349331,kem_handshake,0.000022302|0.000016851|0.000074507,0.00,0.00,42942464,42942464,768,768,1536
2231,1764562481.736378,kem_handshake,0.000039833|0.000017743|0.000034153,0.00,0.00,42942464,42942464,768,768,1536
2232,1764562481.7375283,kem_handshake,0.000019005|0.000041957|0.000033051,0.00,0.00,42942464,42942464,768,768,1536
2233,1764562481.7387562,kem_handshake,0.000026639|0.000019767|0.000040786,0.00,0.00,42942464,42942464,768,768,1536
2234,1764562481.7407787,kem_handshake,0.000126264|0.000057126|0.000126775,0.00,0.00,42934272,42934272,768,768,1536
2235,1764562481.7428787,kem_handshake,0.000045604|0.000021450|0.000063717,0.00,0.00,42934272,42934272,768,768,1536
2236,1764562481.7442427,kem_handshake,0.000022391|0.000017463|0.000034704,0.00,0.00,42934272,42934272,768,768,1536
2237,1764562481.7459219,kem_handshake,0.000091439|0.000037148|0.000083004,0.00,0.00,42942464,42942464,768,768,1536
2238,1764562481.7480962,kem_handshake,0.000056334|0.000029675|0.000072674,0.00,0.00,42942464,42942464,768,768,1536
2239,1764562481.7495532,kem_handshake,0.000029835|0.000022401|0.000052778,0.00,0.00,42942464,42942464,768,768,1536
2240,1764562481.7510357,kem_handshake,0.000049852|0.000045725|0.000070761,0.00,0.00,42934272,42934272,768,768,1536
2241,1764562481.7523038,kem_handshake,0.000023573|0.000019426|0.000033441,0.00,0.00,42934272,42934272,768,768,1536
2242,1764562481.7536137,kem_handshake,0.000024535|0.000020898|0.000051946,0.00,0.00,42942464,42942464,768,768,1536
2243,1764562481.7548375,kem_handshake,0.000023183|0.000019997|0.000050603,0.00,0.00,42942464,42942464,768,768,1536
2244,1764562481.7561374,kem_handshake,0.000025367|0.000020167|0.000051435,0.00,0.00,42942464,42942464,768,768,1536
2245,1764562481.757408,kem_handshake,0.000073495|0.000029915|0.000051195,0.00,0.00,42942464,42942464,768,768,1536
2246,1764562481.7587943,kem_handshake,0.000036187|0.000024595|0.000062836,0.00,0.00,42942464,42942464,768,768,1536
2247,1764562481.7601054,kem_handshake,0.000024756|0.000020418|0.000050844,0.00,0.00,42942464,42942464,768,768,1536
2248,1764562481.7613373,kem_handshake,0.000023103|0.000020167|0.000049822,0.00,0.00,42942464,42942464,768,768,1536
2249,1764562481.7625258,kem_handshake,0.000022992|0.000019867|0.000050643,0.00,0.00,42942464,42942464,768,768,1536
2250,1764562481.7637637,kem_handshake,0.000026278|0.000019807|0.000051766,0.00,0.00,42942464,42942464,768,768,1536
2251,1764562481.7651494,kem_handshake,0.000071773|0.000023303|0.000048489,0.00,0.00,42942464,42942464,768,768,1536
2252,1764562481.7671478,kem_handshake,0.000117818|0.000053599|0.000102229,0.00,0.00,42934272,42934272,768,768,1536
2253,1764562481.769043,kem_handshake,0.000026238|0.000018595|0.000070260,0.00,0.00,42934272,42934272,768,768,1536
2254,1764562481.7703004,kem_handshake,0.000022431|0.000016690|0.000033342,0.00,0.00,42934272,42934272,768,768,1536
2255,1764562481.7720263,kem_handshake,0.000068166|0.000043160|0.000089345,0.00,0.00,42942464,42942464,768,768,1536
2256,1764562481.7738304,kem_handshake,0.000047227|0.000034353|0.000074016,0.00,0.00,42934272,42934272,768,768,1536
2257,1764562481.7754846,kem_handshake,0.000027030|0.000019025|0.000039383,0.00,0.00,42934272,42934272,768,768,1536
2258,1764562481.7768393,kem_handshake,0.000023924|0.000018224|0.000039553,0.00,0.00,42934272,42934272,768,768,1536
2259,1764562481.7783818,kem_handshake,0.000059069|0.000036287|0.000075961,0.00,0.00,42942464,42942464,768,768,1536
2260,1764562481.7798176,kem_handshake,0.000037599|0.000031388|0.000064249,0.00,7529.30,42934272,42934272,768,768,1536
2261,1764562481.7811642,kem_handshake,0.000021730|0.000016670|0.000034844,0.00,0.00,42934272,42934272,768,768,1536
2262,1764562481.7823136,kem_handshake,0.000020057|0.000016050|0.000033973,0.00,0.00,42934272,42934272,768,768,1536
2263,1764562481.7838728,kem_handshake,0.000029023|0.000020047|0.000054331,0.00,0.00,42934272,42934272,768,768,1536
2264,1764562481.785111,kem_handshake,0.000020528|0.000016560|0.000034214,0.00,0.00,42934272,42934272,768,768,1536
2265,1764562481.7862833,kem_handshake,0.000019346|0.000015599|0.000034103,0.00,0.00,42934272,42934272,768,768,1536
2266,1764562481.7873595,kem_handshake,0.000018835|0.000015489|0.000032880,0.00,0.00,42934272,42934272,768,768,1536
2267,1764562481.7892888,kem_handshake,0.000122977|0.000043671|0.000087201,0.00,0.00,42942464,42942464,768,768,1536
2268,1764562481.7911847,kem_handshake,0.000043000|0.000027340|0.000072785,0.00,0.00,42942464,42942464,768,768,1536
2269,1764562481.7930422,kem_handshake,0.000032460|0.000019646|0.000039763,0.00,0.00,42942464,42942464,768,768,1536
2270,1764562481.794225,kem_handshake,0.000020307|0.000016591|0.000034964,0.00,0.00,42942464,42942464,768,768,1536
2271,1764562481.7953544,kem_handshake,0.000019416|0.000015950|0.000033521,0.00,0.00,42942464,42942464,768,768,1536
2272,1764562481.7968028,kem_handshake,0.000044301|0.000023303|0.000044432,0.00,0.00,42934272,42934272,768,768,1536
2273,1764562481.7981842,kem_handshake,0.000030446|0.000018834|0.000038461,0.00,0.00,42934272,42934272,768,768,1536
2274,1764562481.7995217,kem_handshake,0.000086510|0.000026339|0.000040595,0.00,0.00,42934272,42934272,768,768,1536
2275,1764562481.8007388,kem_handshake,0.000021620|0.000016741|0.000033081,0.00,0.00,42934272,42934272,768,768,1536
2276,1764562481.8018615,kem_handshake,0.000019867|0.000016039|0.000039253,0.00,0.00,42934272,42934272,768,768,1536
2277,1764562481.802974,kem_handshake,0.000018574|0.000015509|0.000041166,0.00,0.00,42934272,42934272,768,768,1536
2278,1764562481.8040926,kem_handshake,0.000019216|0.000015889|0.000032520,0.00,0.00,42934272,42934272,768,768,1536
2279,1764562481.8054414,kem_handshake,0.000024686|0.000019506|0.000039283,0.00,0.00,42934272,42934272,768,768,1536
2280,1764562481.8077276,kem_handshake,0.000093823|0.000047568|0.000095347,0.00,0.00,42942464,42942464,768,768,1536
2281,1764562481.8097088,kem_handshake,0.000020598|0.000016330|0.000033332,0.00,0.00,42942464,42942464,768,768,1536
2282,1764562481.810792,kem_handshake,0.000019046|0.000015518|0.000032831,0.00,0.00,42942464,42942464,768,768,1536
2283,1764562481.8119028,kem_handshake,0.000018775|0.000015459|0.000032209,0.00,0.00,42942464,42942464,768,768,1536
2284,1764562481.8130016,kem_handshake,0.000018584|0.000016010|0.000032971,0.00,0.00,42942464,42942464,768,768,1536
2285,1764562481.8141596,kem_handshake,0.000021740|0.000015859|0.000033652,0.00,0.00,42942464,42942464,768,768,1536
2286,1764562481.8155456,kem_handshake,0.000023543|0.000016190|0.000036006,0.00,0.00,42942464,42942464,768,768,1536
2287,1764562481.8178244,kem_handshake,0.000043300|0.000024555|0.000053259,0.00,0.00,42942464,42942464,768,768,1536
2288,1764562481.8202963,kem_handshake,0.000067545|0.000040495|0.000080418,0.00,0.00,42934272,42934272,768,768,1536
2289,1764562481.821618,kem_handshake,0.000020197|0.000016010|0.000034073,0.00,0.00,42934272,42934272,768,768,1536
2290,1764562481.8228486,kem_handshake,0.000023834|0.000018404|0.000041757,0.00,0.00,42934272,42934272,768,768,1536
2291,1764562481.824084,kem_handshake,0.000021079|0.000018044|0.000033141,0.00,0.00,42934272,42934272,768,768,1536
2292,1764562481.8252056,kem_handshake,0.000019767|0.000045434|0.000033632,0.00,0.00,42934272,42934272,768,768,1536
2293,1764562481.8263028,kem_handshake,0.000019446|0.000016300|0.000034684,0.00,0.00,42934272,42934272,768,768,1536
2294,1764562481.8273559,kem_handshake,0.000018704|0.000015759|0.000032690,0.00,0.00,42934272,42934272,768,768,1536
2295,1764562481.8284156,kem_handshake,0.000018614|0.000015469|0.000032901,0.00,0.00,42934272,42934272,768,768,1536
2296,1764562481.8294759,kem_handshake,0.000018845|0.000015699|0.000033031,0.00,0.00,42934272,42934272,768,768,1536
2297,1764562481.8312435,kem_handshake,0.000082262|0.000024786|0.000045424,0.00,0.00,42942464,42942464,768,768,1536
2298,1764562481.8330908,kem_handshake,0.000059641|0.000035516|0.000072745,0.00,0.00,42934272,42934272,768,768,1536
2299,1764562481.834344,kem_handshake,0.000019156|0.000015969|0.000033111,0.00,0.00,42934272,42934272,768,768,1536
2300,1764562481.8354213,kem_handshake,0.000018985|0.000015859|0.000032791,0.00,0.00,42934272,42934272,768,768,1536
2301,1764562481.8364742,kem_handshake,0.000018454|0.000015689|0.000032790,0.00,0.00,42934272,42934272,768,768,1536
2302,1764562481.8375816,kem_handshake,0.000019175|0.000015769|0.000033182,0.00,0.00,42934272,42934272,768,768,1536
2303,1764562481.8390608,kem_handshake,0.000046586|0.000026239|0.000067524,0.00,0.00,42934272,42934272,768,768,1536
2304,1764562481.8406122,kem_handshake,0.000023714|0.000017242|0.000040726,0.00,0.00,42934272,42934272,768,768,1536
2305,1764562481.8417335,kem_handshake,0.000019145|0.000015989|0.000033562,0.00,0.00,42934272,42934272,768,768,1536
2306,1764562481.8428004,kem_handshake,0.000018985|0.000015729|0.000032751,0.00,0.00,42934272,42934272,768,768,1536
2307,1764562481.8438978,kem_handshake,0.000020898|0.000016360|0.000035486,0.00,0.00,42934272,42934272,768,768,1536
2308,1764562481.8450372,kem_handshake,0.000018293|0.000015548|0.000033011,0.00,0.00,42934272,42934272,768,768,1536
2309,1764562481.846488,kem_handshake,0.000043751|0.000022512|0.000044632,0.00,0.00,42942464,42942464,768,768,1536
2310,1764562481.8482668,kem_handshake,0.000049020|0.000025768|0.000047497,0.00,0.00,42942464,42942464,768,768,1536
2311,1764562481.8494642,kem_handshake,0.000019837|0.000016991|0.000033863,0.00,0.00,42942464,42942464,768,768,1536
2312,1764562481.8506188,kem_handshake,0.000021420|0.000016040|0.000032821,0.00,0.00,42942464,42942464,768,768,1536
2313,1764562481.8517163,kem_handshake,0.000019285|0.000015549|0.000033101,0.00,0.00,42942464,42942464,768,768,1536
2314,1764562481.8527915,kem_handshake,0.000018414|0.000016000|0.000032881,0.00,0.00,42942464,42942464,768,768,1536
2315,1764562481.8538847,kem_handshake,0.000019476|0.000015459|0.000032449,0.00,0.00,42942464,42942464,768,768,1536
2316,1764562481.8553498,kem_handshake,0.000049131|0.000042989|0.000087212,0.00,0.00,42942464,42942464,768,768,1536
2317,1764562481.8567977,kem_handshake,0.000023814|0.000017001|0.000037189,0.00,0.00,42942464,42942464,768,768,1536
2318,1764562481.8579721,kem_handshake,0.000020679|0.000017362|0.000034543,0.00,0.00,42942464,42942464,768,768,1536
2319,1764562481.859143,kem_handshake,0.000019356|0.000016170|0.000033432,0.00,0.00,42942464,42942464,768,768,1536
2320,1764562481.8602347,kem_handshake,0.000018574|0.000015699|0.000033131,0.00,0.00,42942464,42942464,768,768,1536
2321,1764562481.861317,kem_handshake,0.000018494|0.000015709|0.000032220,0.00,0.00,42942464,42942464,768,768,1536
2322,1764562481.8624399,kem_handshake,0.000018805|0.000042268|0.000032470,0.00,0.00,42942464,42942464,768,768,1536
2323,1764562481.8641574,kem_handshake,0.000024265|0.000018795|0.000041176,0.00,0.00,42942464,42942464,768,768,1536
2324,1764562481.8656182,kem_handshake,0.000022662|0.000017993|0.000035045,0.00,0.00,42942464,42942464,768,768,1536
2325,1764562481.8668964,kem_handshake,0.000027180|0.000018294|0.000038431,0.00,0.00,42942464,42942464,768,768,1536
2326,1764562481.8680909,kem_handshake,0.000020718|0.000016932|0.000033953,0.00,0.00,42942464,42942464,768,768,1536
2327,1764562481.8703148,kem_handshake,0.000068126|0.000040525|0.000089656,0.00,0.00,42934272,42934272,768,768,1536
2328,1764562481.8727193,kem_handshake,0.000050863|0.000035926|0.000076632,0.00,0.00,42942464,42942464,768,768,1536
2329,1764562481.8741891,kem_handshake,0.000024185|0.000017342|0.000036998,0.00,0.00,42942464,42942464,768,768,1536
2330,1764562481.8752952,kem_handshake,0.000019526|0.000016229|0.000032721,0.00,0.00,42942464,42942464,768,768,1536
2331,1764562481.8765326,kem_handshake,0.000022332|0.000017131|0.000034935,0.00,0.00,42942464,42942464,768,768,1536
2332,1764562481.8777893,kem_handshake,0.000020057|0.000015789|0.000032690,0.00,0.00,42942464,42942464,768,768,1536
2333,1764562481.879531,kem_handshake,0.000087582|0.000040144|0.000088894,0.00,4126.30,42934272,42934272,768,768,1536
2334,1764562481.881231,kem_handshake,0.000036177|0.000020908|0.000044121,0.00,0.00,42934272,42934272,768,768,1536
2335,1764562481.8825529,kem_handshake,0.000028353|0.000018113|0.000037690,0.00,0.00,42934272,42934272,768,768,1536
2336,1764562481.8838952,kem_handshake,0.000025828|0.000019306|0.000060783,0.00,0.00,42934272,42934272,768,768,1536
2337,1764562481.8855896,kem_handshake,0.000048600|0.000024215|0.000054891,0.00,0.00,42942464,42942464,768,768,1536
2338,1764562481.887036,kem_handshake,0.000021550|0.000016971|0.000034324,0.00,13686.40,42942464,42942464,768,768,1536
2339,1764562481.8885405,kem_handshake,0.000038181|0.000033091|0.000067014,0.00,0.00,42942464,42942464,768,768,1536
2340,1764562481.8904002,kem_handshake,0.000025117|0.000018133|0.000036637,0.00,0.00,42942464,42942464,768,768,1536
2341,1764562481.8918638,kem_handshake,0.000038461|0.000022041|0.000070199,0.00,0.00,42942464,42942464,768,768,1536
2342,1764562481.8933444,kem_handshake,0.000023092|0.000018353|0.000039002,0.00,0.00,42942464,42942464,768,768,1536
2343,1764562481.8944848,kem_handshake,0.000019817|0.000015659|0.000033633,0.00,0.00,42942464,42942464,768,768,1536
2344,1764562481.8955898,kem_handshake,0.000019957|0.000015939|0.000033692,0.00,0.00,42942464,42942464,768,768,1536
2345,1764562481.8967946,kem_handshake,0.000021480|0.000016500|0.000035185,0.00,0.00,42942464,42942464,768,768,1536
2346,1764562481.8981605,kem_handshake,0.000022652|0.000017502|0.000051906,0.00,0.00,42942464,42942464,768,768,1536
2347,1764562481.900575,kem_handshake,0.000130251|0.000059791|0.000052056,0.00,0.00,42934272,42934272,768,768,1536
2348,1764562481.9018366,kem_handshake,0.000020838|0.000016581|0.000033792,0.00,0.00,42934272,42934272,768,768,1536
2349,1764562481.9035182,kem_handshake,0.000021590|0.000017272|0.000036126,0.00,0.00,42934272,42934272,768,768,1536
2350,1764562481.904748,kem_handshake,0.000022492|0.000019085|0.000036798,0.00,0.00,42934272,42934272,768,768,1536
2351,1764562481.906034,kem_handshake,0.000020027|0.000016290|0.000034273,0.00,0.00,42934272,42934272,768,768,1536
2352,1764562481.907347,kem_handshake,0.000019326|0.000016070|0.000034023,0.00,0.00,42934272,42934272,768,768,1536
2353,1764562481.9085624,kem_handshake,0.000022041|0.000017071|0.000036477,0.00,0.00,42934272,42934272,768,768,1536
2354,1764562481.9097447,kem_handshake,0.000019997|0.000016059|0.000034594,0.00,0.00,42934272,42934272,768,768,1536
2355,1764562481.9115245,kem_handshake,0.000085067|0.000033371|0.000059309,0.00,0.00,42942464,42942464,768,768,1536
2356,1764562481.9127386,kem_handshake,0.000020128|0.000016580|0.000033603,0.00,0.00,42942464,42942464,768,768,1536
2357,1764562481.9139214,kem_handshake,0.000025627|0.000017502|0.000038040,0.00,0.00,42942464,42942464,768,768,1536
2358,1764562481.9151278,kem_handshake,0.000021409|0.000016471|0.000033982,0.00,0.00,42942464,42942464,768,768,1536
2359,1764562481.9162602,kem_handshake,0.000019376|0.000016260|0.000034343,0.00,0.00,42942464,42942464,768,768,1536
2360,1764562481.9173455,kem_handshake,0.000019175|0.000015259|0.000033101,0.00,0.00,42942464,42942464,768,768,1536
2361,1764562481.9184422,kem_handshake,0.000019586|0.000016270|0.000034033,0.00,0.00,42942464,42942464,768,768,1536
2362,1764562481.91975,kem_handshake,0.000049171|0.000024816|0.000045424,0.00,0.00,42934272,42934272,768,768,1536
2363,1764562481.9211373,kem_handshake,0.000029214|0.000031317|0.000064910,0.00,0.00,42942464,42942464,768,768,1536
2364,1764562481.922976,kem_handshake,0.000058227|0.000039493|0.000069939,0.00,0.00,42934272,42934272,768,768,1536
2365,1764562481.924463,kem_handshake,0.000024515|0.000017282|0.000036548,0.00,0.00,42934272,42934272,768,768,1536
2366,1764562481.9257705,kem_handshake,0.000032080|0.000023583|0.000049611,0.00,0.00,42934272,42934272,768,768,1536
2367,1764562481.9270377,kem_handshake,0.000023473|0.000017843|0.000035005,0.00,0.00,42934272,42934272,768,768,1536
2368,1764562481.928221,kem_handshake,0.000022622|0.000016350|0.000034373,0.00,0.00,42934272,42934272,768,768,1536
2369,1764562481.9293027,kem_handshake,0.000019015|0.000015519|0.000033352,0.00,0.00,42934272,42934272,768,768,1536
2370,1764562481.9305396,kem_handshake,0.000019556|0.000015739|0.000033391,0.00,0.00,42934272,42934272,768,768,1536
2371,1764562481.9321146,kem_handshake,0.000045644|0.000022892|0.000046035,0.00,0.00,42942464,42942464,768,768,1536
2372,1764562481.9349267,kem_handshake,0.000079648|0.000032610|0.000084657,0.00,0.00,42934272,42934272,768,768,1536
2373,1764562481.936256,kem_handshake,0.000019867|0.000016610|0.000033091,0.00,0.00,42934272,42934272,768,768,1536
2374,1764562481.9373775,kem_handshake,0.000019186|0.000016300|0.000037359,0.00,0.00,42934272,42934272,768,768,1536
2375,1764562481.9390566,kem_handshake,0.000061764|0.000046205|0.000085708,0.00,0.00,42942464,42942464,768,768,1536
2376,1764562481.9412513,kem_handshake,0.000079256|0.000032099|0.000051646,0.00,0.00,42942464,42942464,768,768,1536
2377,1764562481.9428782,kem_handshake,0.000028272|0.000018033|0.000053579,0.00,0.00,42942464,42942464,768,768,1536
2378,1764562481.9445577,kem_handshake,0.000059490|0.000038371|0.000075410,0.00,0.00,42934272,42934272,768,768,1536
2379,1764562481.9458158,kem_handshake,0.000021970|0.000016481|0.000033352,0.00,0.00,42934272,42934272,768,768,1536
2380,1764562481.9469936,kem_handshake,0.000021019|0.000017142|0.000034063,0.00,0.00,42934272,42934272,768,768,1536
2381,1764562481.948343,kem_handshake,0.000023544|0.000017993|0.000036959,0.00,0.00,42934272,42934272,768,768,1536
2382,1764562481.9496977,kem_handshake,0.000027010|0.000018785|0.000045755,0.00,0.00,42934272,42934272,768,768,1536
2383,1764562481.9516666,kem_handshake,0.000089947|0.000043350|0.000076301,0.00,0.00,42942464,42942464,768,768,1536
2384,1764562481.9533741,kem_handshake,0.000022262|0.000016190|0.000033723,0.00,0.00,42942464,42942464,768,768,1536
2385,1764562481.9544628,kem_handshake,0.000019366|0.000016180|0.000032690,0.00,0.00,42942464,42942464,768,768,1536
2386,1764562481.9555583,kem_handshake,0.000019185|0.000016170|0.000032981,0.00,0.00,42942464,42942464,768,768,1536
2387,1764562481.956959,kem_handshake,0.000040314|0.000028843|0.000050634,0.00,0.00,42942464,42942464,768,768,1536
2388,1764562481.9584382,kem_handshake,0.000055312|0.000018244|0.000039102,0.00,0.00,42942464,42942464,768,768,1536
2389,1764562481.9605596,kem_handshake,0.000106818|0.000050553|0.000091920,0.00,0.00,42934272,42934272,768,768,1536
2390,1764562481.961912,kem_handshake,0.000019507|0.000016320|0.000076772,0.00,0.00,42934272,42934272,768,768,1536
2391,1764562481.9634094,kem_handshake,0.000040355|0.000032611|0.000070210,0.00,0.00,42942464,42942464,768,768,1536
2392,1764562481.9651253,kem_handshake,0.000039002|0.000025066|0.000062525,0.00,0.00,42942464,42942464,768,768,1536
2393,1764562481.9668653,kem_handshake,0.000047598|0.000022922|0.000057456,0.00,0.00,42934272,42934272,768,768,1536
2394,1764562481.9692538,kem_handshake,0.000079777|0.000022692|0.000053930,0.00,0.00,42934272,42934272,768,768,1536
2395,1764562481.970923,kem_handshake,0.000023824|0.000021720|0.000041326,0.00,0.00,42934272,42934272,768,768,1536
2396,1764562481.9722824,kem_handshake,0.000024786|0.000019406|0.000039333,0.00,0.00,42934272,42934272,768,768,1536
2397,1764562481.973652,kem_handshake,0.000020729|0.000016560|0.000033812,0.00,0.00,42934272,42934272,768,768,1536
2398,1764562481.9748158,kem_handshake,0.000020858|0.000016360|0.000034704,0.00,0.00,42934272,42934272,768,768,1536
2399,1764562481.9760358,kem_handshake,0.000020458|0.000016631|0.000034143,0.00,0.00,42934272,42934272,768,768,1536
2400,1764562481.9771621,kem_handshake,0.000020538|0.000016461|0.000034644,0.00,0.00,42934272,42934272,768,768,1536
2401,1764562481.978357,kem_handshake,0.000024104|0.000017072|0.000037460,0.00,0.00,42934272,42934272,768,768,1536
2402,1764562481.979493,kem_handshake,0.000018824|0.000016370|0.000033082,0.00,0.00,42934272,42934272,768,768,1536
2403,1764562481.9809742,kem_handshake,0.000037980|0.000019145|0.000042298,0.00,0.00,42934272,42934272,768,768,1536
2404,1764562481.9822717,kem_handshake,0.000021500|0.000016260|0.000034213,0.00,0.00,42934272,42934272,768,768,1536
2405,1764562481.9835901,kem_handshake,0.000025857|0.000018173|0.000039604,0.00,0.00,42934272,42934272,768,768,1536
2406,1764562481.9855616,kem_handshake,0.000102189|0.000051244|0.000084365,0.00,0.00,42942464,42942464,768,768,1536
2407,1764562481.987072,kem_handshake,0.000023534|0.000017783|0.000039002,0.00,0.00,42942464,42942464,768,768,1536
2408,1764562481.9882176,kem_handshake,0.000019216|0.000016130|0.000032329,0.00,0.00,42942464,42942464,768,768,1536
2409,1764562481.989583,kem_handshake,0.000021680|0.000017903|0.000037649,0.00,0.00,42942464,42942464,768,768,1536
2410,1764562481.9917026,kem_handshake,0.000076020|0.000040184|0.000086009,0.00,0.00,42934272,42934272,768,768,1536
2411,1764562481.994517,kem_handshake,0.000062966|0.000028543|0.000078034,0.00,0.00,42934272,42934272,768,768,1536
2412,1764562481.9960597,kem_handshake,0.000024525|0.000016761|0.000037579,0.00,0.00,42934272,42934272,768,768,1536
2413,1764562481.9973803,kem_handshake,0.000019857|0.000016300|0.000033271,0.00,0.00,42934272,42934272,768,768,1536
2414,1764562481.999086,kem_handshake,0.000021870|0.000016491|0.000035536,0.00,0.00,42934272,42934272,768,768,1536
2415,1764562482.0002818,kem_handshake,0.000022752|0.000016390|0.000035566,0.00,0.00,42934272,42934272,768,768,1536
2416,1764562482.0015824,kem_handshake,0.000027641|0.000017793|0.000038310,0.00,0.00,42934272,42934272,768,768,1536
2417,1764562482.0029237,kem_handshake,0.000021660|0.000020297|0.000037249,0.00,13298.00,42934272,42934272,768,768,1536
2418,1764562482.0049782,kem_handshake,0.000066002|0.000046736|0.000079967,0.00,0.00,42942464,42942464,768,768,1536
2419,1764562482.006679,kem_handshake,0.000040435|0.000042398|0.000045234,0.00,0.00,42942464,42942464,768,768,1536
2420,1764562482.0083914,kem_handshake,0.000044071|0.000023182|0.000046747,0.00,0.00,42942464,42942464,768,768,1536
2421,1764562482.0097022,kem_handshake,0.000022201|0.000017492|0.000035355,0.00,0.00,42942464,42942464,768,768,1536
2422,1764562482.0108151,kem_handshake,0.000018734|0.000015739|0.000032690,0.00,0.00,42942464,42942464,768,768,1536
2423,1764562482.0119326,kem_handshake,0.000018284|0.000015148|0.000033041,0.00,0.00,42942464,42942464,768,768,1536
2424,1764562482.013435,kem_handshake,0.000042288|0.000017913|0.000037670,0.00,0.00,42942464,42942464,768,768,1536
2425,1764562482.014892,kem_handshake,0.000038932|0.000023353|0.000075559,0.00,0.00,42942464,42942464,768,768,1536
2426,1764562482.0162933,kem_handshake,0.000034174|0.000020367|0.000044923,0.00,0.00,42942464,42942464,768,768,1536
2427,1764562482.0177135,kem_handshake,0.000020739|0.000016470|0.000033151,0.00,0.00,42942464,42942464,768,768,1536
2428,1764562482.0190582,kem_handshake,0.000064168|0.000021750|0.000066694,0.00,0.00,42942464,42942464,768,768,1536
2429,1764562482.0208251,kem_handshake,0.000081521|0.000045234|0.000086670,0.00,0.00,42934272,42934272,768,768,1536
2430,1764562482.0224726,kem_handshake,0.000030055|0.000018874|0.000038802,0.00,0.00,42934272,42934272,768,768,1536
2431,1764562482.0248778,kem_handshake,0.000046336|0.000023544|0.000062736,0.00,0.00,42934272,42934272,768,768,1536
2432,1764562482.0263674,kem_handshake,0.000024816|0.000017522|0.000037740,0.00,0.00,42934272,42934272,768,768,1536
2433,1764562482.0275564,kem_handshake,0.000021048|0.000016711|0.000034574,0.00,0.00,42934272,42934272,768,768,1536
2434,1764562482.0287018,kem_handshake,0.000020347|0.000016851|0.000034253,0.00,0.00,42934272,42934272,768,768,1536
2435,1764562482.0299048,kem_handshake,0.000021239|0.000016611|0.000034925,0.00,0.00,42934272,42934272,768,768,1536
2436,1764562482.0314455,kem_handshake,0.000045314|0.000026429|0.000067625,0.00,0.00,42934272,42934272,768,768,1536
2437,1764562482.0337152,kem_handshake,0.000057527|0.000031097|0.000101518,0.00,0.00,42934272,42934272,768,768,1536
2438,1764562482.035978,kem_handshake,0.000041747|0.000020588|0.000043230,0.00,0.00,42934272,42934272,768,768,1536
2439,1764562482.0384593,kem_handshake,0.000133076|0.000059140|0.000116335,0.00,0.00,42942464,42942464,768,768,1536
2440,1764562482.0407383,kem_handshake,0.000042177|0.000021069|0.000047829,0.00,0.00,42942464,42942464,768,768,1536
2441,1764562482.042509,kem_handshake,0.000044643|0.000022141|0.000053960,0.00,9376.70,42942464,42942464,768,768,1536
2442,1764562482.0438046,kem_handshake,0.000022762|0.000016290|0.000038071,0.00,0.00,42942464,42942464,768,768,1536
2443,1764562482.0459304,kem_handshake,0.000079246|0.000034033|0.000059671,0.00,0.00,42934272,42934272,768,768,1536
2444,1764562482.047525,kem_handshake,0.000040265|0.000023764|0.000044261,0.00,0.00,42934272,42934272,768,768,1536
2445,1764562482.0495605,kem_handshake,0.000128056|0.000050603|0.000078836,0.00,0.00,42934272,42934272,768,768,1536
2446,1764562482.05154,kem_handshake,0.000024215|0.000017202|0.000039883,0.00,0.00,42934272,42934272,768,768,1536
2447,1764562482.052999,kem_handshake,0.000037169|0.000026930|0.000037099,0.00,0.00,42934272,42934272,768,768,1536
2448,1764562482.0541904,kem_handshake,0.000019937|0.000015509|0.000034463,0.00,0.00,42934272,42934272,768,768,1536
2449,1764562482.0553572,kem_handshake,0.000022902|0.000018614|0.000041216,0.00,0.00,42934272,42934272,768,768,1536
2450,1764562482.056546,kem_handshake,0.000019807|0.000016130|0.000034093,0.00,0.00,42934272,42934272,768,768,1536
2451,1764562482.0577207,kem_handshake,0.000023032|0.000017673|0.000036748,0.00,0.00,42934272,42934272,768,768,1536
2452,1764562482.059038,kem_handshake,0.000021339|0.000017142|0.000035826,0.00,0.00,42934272,42934272,768,768,1536
2453,1764562482.0602388,kem_handshake,0.000019716|0.000016690|0.000033131,0.00,0.00,42934272,42934272,768,768,1536
2454,1764562482.06141,kem_handshake,0.000019105|0.000016380|0.000033612,0.00,0.00,42934272,42934272,768,768,1536
2455,1764562482.0625904,kem_handshake,0.000019255|0.000015940|0.000033452,0.00,0.00,42934272,42934272,768,768,1536
2456,1764562482.0637105,kem_handshake,0.000019346|0.000015759|0.000033943,0.00,0.00,42934272,42934272,768,768,1536
2457,1764562482.0648024,kem_handshake,0.000019686|0.000015829|0.000033953,0.00,0.00,42934272,42934272,768,768,1536
2458,1764562482.0661266,kem_handshake,0.000022331|0.000016260|0.000042338,0.00,0.00,42934272,42934272,768,768,1536
2459,1764562482.0674987,kem_handshake,0.000021410|0.000017843|0.000036567,0.00,0.00,42934272,42934272,768,768,1536
2460,1764562482.0690534,kem_handshake,0.000018895|0.000015439|0.000032691,0.00,0.00,42934272,42934272,768,768,1536
2461,1764562482.0701256,kem_handshake,0.000018313|0.000015498|0.000032710,0.00,0.00,42934272,42934272,768,768,1536
2462,1764562482.0712469,kem_handshake,0.000019707|0.000016420|0.000063217,0.00,0.00,42934272,42934272,768,768,1536
2463,1764562482.0725389,kem_handshake,0.000021189|0.000016640|0.000034503,0.00,0.00,42934272,42934272,768,768,1536
2464,1764562482.07426,kem_handshake,0.000084847|0.000034934|0.000060773,0.00,0.00,42942464,42942464,768,768,1536
2465,1764562482.0756316,kem_handshake,0.000023694|0.000016491|0.000035215,0.00,0.00,42942464,42942464,768,768,1536
2466,1764562482.0767157,kem_handshake,0.000018905|0.000015308|0.000033251,0.00,0.00,42942464,42942464,768,768,1536
2467,1764562482.0777853,kem_handshake,0.000018925|0.000015398|0.000032841,0.00,0.00,42942464,42942464,768,768,1536
2468,1764562482.0788512,kem_handshake,0.000018253|0.000015538|0.000039433,0.00,0.00,42942464,42942464,768,768,1536
2469,1764562482.080534,kem_handshake,0.000055773|0.000036818|0.000076552,0.00,0.00,42934272,42934272,768,768,1536
2470,1764562482.0818245,kem_handshake,0.000020278|0.000016841|0.000034374,0.00,0.00,42934272,42934272,768,768,1536
2471,1764562482.0832915,kem_handshake,0.000052837|0.000037550|0.000071993,0.00,0.00,42942464,42942464,768,768,1536
2472,1764562482.0847423,kem_handshake,0.000038190|0.000032329|0.000065501,0.00,0.00,42934272,42934272,768,768,1536
2473,1764562482.085912,kem_handshake,0.000019245|0.000016169|0.000032660,0.00,0.00,42934272,42934272,768,768,1536
2474,1764562482.0870752,kem_handshake,0.000022962|0.000018635|0.000035406,0.00,0.00,42942464,42942464,768,768,1536
2475,1764562482.0883694,kem_handshake,0.000021530|0.000016731|0.000039634,0.00,0.00,42942464,42942464,768,768,1536
2476,1764562482.0896327,kem_handshake,0.000021419|0.000017011|0.000036688,0.00,0.00,42942464,42942464,768,768,1536
2477,1764562482.0907671,kem_handshake,0.000020147|0.000016150|0.000033612,0.00,0.00,42942464,42942464,768,768,1536
2478,1764562482.0918813,kem_handshake,0.000020908|0.000016391|0.000034213,0.00,0.00,42942464,42942464,768,768,1536
2479,1764562482.092947,kem_handshake,0.000019506|0.000015669|0.000032661,0.00,0.00,42942464,42942464,768,768,1536
2480,1764562482.094004,kem_handshake,0.000018645|0.000015909|0.000032921,0.00,0.00,42942464,42942464,768,768,1536
2481,1764562482.0950575,kem_handshake,0.000018495|0.000015488|0.000032891,0.00,0.00,42942464,42942464,768,768,1536
2482,1764562482.096821,kem_handshake,0.000054541|0.000035315|0.000070791,0.00,0.00,42934272,42934272,768,768,1536
2483,1764562482.0982387,kem_handshake,0.000023373|0.000016981|0.000033231,0.00,0.00,42934272,42934272,768,768,1536
2484,1764562482.0993545,kem_handshake,0.000019656|0.000016710|0.000033202,0.00,0.00,42934272,42934272,768,768,1536
2485,1764562482.1004174,kem_handshake,0.000018644|0.000016230|0.000032640,0.00,0.00,42934272,42934272,768,768,1536
2486,1764562482.1014547,kem_handshake,0.000018254|0.000015208|0.000032670,0.00,0.00,42934272,42934272,768,768,1536
2487,1764562482.1025143,kem_handshake,0.000019045|0.000015629|0.000032910,0.00,0.00,42934272,42934272,768,768,1536
2488,1764562482.1035738,kem_handshake,0.000019827|0.000016380|0.000033632,0.00,0.00,42934272,42934272,768,768,1536
2489,1764562482.104764,kem_handshake,0.000025818|0.000020959|0.000040284,0.00,0.00,42934272,42934272,768,768,1536
2490,1764562482.1060188,kem_handshake,0.000020318|0.000017042|0.000034263,0.00,0.00,42934272,42934272,768,768,1536
2491,1764562482.1071374,kem_handshake,0.000018715|0.000015709|0.000032690,0.00,0.00,42934272,42934272,768,768,1536
2492,1764562482.1081934,kem_handshake,0.000019175|0.000015548|0.000032570,0.00,0.00,42934272,42934272,768,768,1536
2493,1764562482.109737,kem_handshake,0.000038631|0.000032119|0.000065311,0.00,0.00,42934272,42934272,768,768,1536
2494,1764562482.1114085,kem_handshake,0.000020338|0.000015859|0.000033272,0.00,0.00,42934272,42934272,768,768,1536
2495,1764562482.112492,kem_handshake,0.000018975|0.000015599|0.000033051,0.00,0.00,42934272,42934272,768,768,1536
2496,1764562482.113733,kem_handshake,0.000020428|0.000016099|0.000034303,0.00,0.00,42934272,42934272,768,768,1536
2497,1764562482.1152728,kem_handshake,0.000054290|0.000023504|0.000045965,0.00,0.00,42942464,42942464,768,768,1536
2498,1764562482.1166809,kem_handshake,0.000025196|0.000026018|0.000068586,0.00,0.00,42934272,42934272,768,768,1536
2499,1764562482.1181161,kem_handshake,0.000040775|0.000032320|0.000066092,0.00,0.00,42942464,42942464,768,768,1536
2500,1764562482.1195753,kem_handshake,0.000037098|0.000031638|0.000064429,0.00,0.00,42934272,42934272,768,768,1536
2501,1764562482.1207764,kem_handshake,0.000019536|0.000015759|0.000033001,0.00,0.00,42934272,42934272,768,768,1536
2502,1764562482.122075,kem_handshake,0.000027470|0.000021700|0.000035826,0.00,0.00,42934272,42934272,768,768,1536
2503,1764562482.1236837,kem_handshake,0.000046977|0.000025548|0.000046005,0.00,0.00,42942464,42942464,768,768,1536
2504,1764562482.1255813,kem_handshake,0.000054912|0.000027410|0.000069729,0.00,0.00,42942464,42942464,768,768,1536
2505,1764562482.1282427,kem_handshake,0.000061133|0.000046476|0.000093924,0.00,0.00,42942464,42942464,768,768,1536
2506,1764562482.1302679,kem_handshake,0.000034223|0.000020628|0.000041928,0.00,0.00,42942464,42942464,768,768,1536
2507,1764562482.132378,kem_handshake,0.000038581|0.000021460|0.000043270,0.00,0.00,42942464,42942464,768,768,1536
2508,1764562482.1341307,kem_handshake,0.000036397|0.000020558|0.000050313,0.00,0.00,42942464,42942464,768,768,1536
2509,1764562482.1356537,kem_handshake,0.000027942|0.000021249|0.000048720,0.00,0.00,42942464,42942464,768,768,1536
2510,1764562482.1368287,kem_handshake,0.000020408|0.000016210|0.000033412,0.00,0.00,42942464,42942464,768,768,1536
2511,1764562482.137951,kem_handshake,0.000025898|0.000017312|0.000034765,0.00,0.00,42942464,42942464,768,768,1536
2512,1764562482.1391068,kem_handshake,0.000021340|0.000016951|0.000036788,0.00,0.00,42942464,42942464,768,768,1536
2513,1764562482.1411757,kem_handshake,0.000075179|0.000042228|0.000099253,0.00,0.00,42942464,42942464,768,768,1536
2514,1764562482.1430159,kem_handshake,0.000034734|0.000018354|0.000039343,0.00,0.00,42942464,42942464,768,768,1536
2515,1764562482.1445832,kem_handshake,0.000039433|0.000022572|0.000054801,0.00,0.00,42942464,42942464,768,768,1536
2516,1764562482.1462746,kem_handshake,0.000045544|0.000027481|0.000083515,0.00,0.00,42942464,42942464,768,768,1536
2517,1764562482.1482608,kem_handshake,0.000055944|0.000026789|0.000073996,0.00,0.00,42942464,42942464,768,768,1536
2518,1764562482.15016,kem_handshake,0.000037389|0.000023713|0.000075259,0.00,0.00,42942464,42942464,768,768,1536
2519,1764562482.151929,kem_handshake,0.000033282|0.000023413|0.000062285,0.00,0.00,42942464,42942464,768,768,1536
2520,1764562482.153719,kem_handshake,0.000027420|0.000019586|0.000059941,0.00,11914.00,42942464,42942464,768,768,1536
2521,1764562482.1556249,kem_handshake,0.000037719|0.000023263|0.000044742,0.00,0.00,42942464,42942464,768,768,1536
2522,1764562482.157286,kem_handshake,0.000044402|0.000029004|0.000057286,0.00,0.00,42942464,42942464,768,768,1536
2523,1764562482.159358,kem_handshake,0.000065772|0.000041457|0.000081431,0.00,0.00,42934272,42934272,768,768,1536
2524,1764562482.1609588,kem_handshake,0.000035516|0.000020047|0.000042319,0.00,0.00,42934272,42934272,768,768,1536
2525,1764562482.1631367,kem_handshake,0.000149446|0.000045384|0.000077834,0.00,0.00,42942464,42942464,768,768,1536
2526,1764562482.1666765,kem_handshake,0.000107799|0.000057216|0.000164965,0.00,0.00,42942464,42942464,768,768,1536
2527,1764562482.1690962,kem_handshake,0.000031869|0.000020598|0.000055162,0.00,0.00,42942464,42942464,768,768,1536
2528,1764562482.1703959,kem_handshake,0.000021830|0.000017282|0.000035736,0.00,0.00,42942464,42942464,768,768,1536
2529,1764562482.1715887,kem_handshake,0.000021309|0.000017603|0.000035596,0.00,0.00,42942464,42942464,768,768,1536
2530,1764562482.173594,kem_handshake,0.000067635|0.000043801|0.000086340,0.00,0.00,42934272,42934272,768,768,1536
2531,1764562482.1758535,kem_handshake,0.000054991|0.000028402|0.000062125,0.00,0.00,42934272,42934272,768,768,1536
2532,1764562482.1776116,kem_handshake,0.000030717|0.000021770|0.000043360,0.00,0.00,42934272,42934272,768,768,1536
2533,1764562482.180026,kem_handshake,0.000098752|0.000054290|0.000096769,0.00,4080.30,42942464,42942464,768,768,1536
2534,1764562482.182045,kem_handshake,0.000029595|0.000020328|0.000040024,0.00,11186.30,42934272,42934272,768,768,1536
2535,1764562482.1833327,kem_handshake,0.000023313|0.000018054|0.000037028,0.00,0.00,42934272,42934272,768,768,1536
2536,1764562482.184629,kem_handshake,0.000022121|0.000017783|0.000035966,0.00,0.00,42934272,42934272,768,768,1536
2537,1764562482.185817,kem_handshake,0.000020659|0.000017091|0.000035325,0.00,0.00,42934272,42934272,768,768,1536
2538,1764562482.1869526,kem_handshake,0.000024175|0.000017072|0.000034704,0.00,0.00,42934272,42934272,768,768,1536
2539,1764562482.18823,kem_handshake,0.000021760|0.000017392|0.000043630,0.00,0.00,42934272,42934272,768,768,1536
2540,1764562482.1897943,kem_handshake,0.000025036|0.000019295|0.000043951,0.00,0.00,42934272,42934272,768,768,1536
2541,1764562482.191775,kem_handshake,0.000079156|0.000043450|0.000084376,0.00,0.00,42942464,42942464,768,768,1536
2542,1764562482.1932256,kem_handshake,0.000021730|0.000017392|0.000035826,0.00,0.00,42942464,42942464,768,768,1536
2543,1764562482.194399,kem_handshake,0.000020388|0.000017161|0.000035144,0.00,0.00,42942464,42942464,768,768,1536
2544,1764562482.195638,kem_handshake,0.000022822|0.000017983|0.000035606,0.00,0.00,42942464,42942464,768,768,1536
2545,1764562482.197028,kem_handshake,0.000030225|0.000023102|0.000041246,0.00,0.00,42942464,42942464,768,768,1536
2546,1764562482.1984515,kem_handshake,0.000025637|0.000017783|0.000042568,0.00,0.00,42942464,42942464,768,768,1536
2547,1764562482.1997547,kem_handshake,0.000027050|0.000018124|0.000041136,0.00,0.00,42942464,42942464,768,768,1536
2548,1764562482.20134,kem_handshake,0.000020678|0.000016621|0.000036447,0.00,0.00,42942464,42942464,768,768,1536
2549,1764562482.2028835,kem_handshake,0.000047999|0.000027020|0.000065341,0.00,0.00,42934272,42934272,768,768,1536
2550,1764562482.2042398,kem_handshake,0.000028402|0.000023063|0.000054771,0.00,0.00,42934272,42934272,768,768,1536
2551,1764562482.205659,kem_handshake,0.000026209|0.000021119|0.000054340,0.00,0.00,42934272,42934272,768,768,1536
2552,1764562482.2069166,kem_handshake,0.000025086|0.000020719|0.000052597,0.00,0.00,42934272,42934272,768,768,1536
2553,1764562482.2081046,kem_handshake,0.000024004|0.000020318|0.000049953,0.00,0.00,42934272,42934272,768,768,1536
2554,1764562482.2092845,kem_handshake,0.000024255|0.000020277|0.000049782,0.00,0.00,42934272,42934272,768,768,1536
2555,1764562482.2104394,kem_handshake,0.000023243|0.000020088|0.000049702,0.00,0.00,42934272,42934272,768,768,1536
2556,1764562482.21161,kem_handshake,0.000022972|0.000020188|0.000049953,0.00,0.00,42934272,42934272,768,768,1536
2557,1764562482.2127733,kem_handshake,0.000022932|0.000019756|0.000054391,0.00,0.00,42934272,42934272,768,768,1536
2558,1764562482.2140338,kem_handshake,0.000022812|0.000017132|0.000036678,0.00,0.00,42934272,42934272,768,768,1536
2559,1764562482.215389,kem_handshake,0.000023844|0.000020698|0.000050674,0.00,0.00,42934272,42934272,768,768,1536
2560,1764562482.2167017,kem_handshake,0.000023543|0.000020709|0.000050724,0.00,0.00,42934272,42934272,768,768,1536
2561,1764562482.2181509,kem_handshake,0.000022672|0.000020087|0.000049762,0.00,0.00,42934272,42934272,768,768,1536
2562,1764562482.2193906,kem_handshake,0.000023263|0.000019896|0.000049993,0.00,0.00,42934272,42934272,768,768,1536
2563,1764562482.2205968,kem_handshake,0.000023944|0.000020248|0.000049812,0.00,0.00,42934272,42934272,768,768,1536
2564,1764562482.2218812,kem_handshake,0.000028132|0.000021199|0.000061463,0.00,0.00,42934272,42934272,768,768,1536
2565,1764562482.223286,kem_handshake,0.000024735|0.000020578|0.000051675,0.00,0.00,42934272,42934272,768,768,1536
2566,1764562482.2244756,kem_handshake,0.000023373|0.000019927|0.000049973,0.00,0.00,42934272,42934272,768,768,1536
2567,1764562482.2256763,kem_handshake,0.000023093|0.000019797|0.000049732,0.00,0.00,42934272,42934272,768,768,1536
2568,1764562482.2268474,kem_handshake,0.000022932|0.000019707|0.000054861,0.00,0.00,42934272,42934272,768,768,1536
2569,1764562482.2286296,kem_handshake,0.000057687|0.000035836|0.000073075,0.00,0.00,42942464,42942464,768,768,1536
2570,1764562482.2304242,kem_handshake,0.000033833|0.000018965|0.000037459,0.00,0.00,42942464,42942464,768,768,1536
2571,1764562482.2318687,kem_handshake,0.000029163|0.000018654|0.000044221,0.00,0.00,42942464,42942464,768,768,1536
2572,1764562482.233667,kem_handshake,0.000066703|0.000028183|0.000056203,0.00,0.00,42934272,42934272,768,768,1536
2573,1764562482.2356462,kem_handshake,0.000050093|0.000044933|0.000072604,0.00,0.00,42942464,42942464,768,768,1536
2574,1764562482.2369492,kem_handshake,0.000023824|0.000016010|0.000037209,0.00,0.00,42942464,42942464,768,768,1536
2575,1764562482.2381592,kem_handshake,0.000020047|0.000016310|0.000038461,0.00,0.00,42942464,42942464,768,768,1536
2576,1764562482.239447,kem_handshake,0.000021891|0.000016981|0.000036587,0.00,0.00,42942464,42942464,768,768,1536
2577,1764562482.2406201,kem_handshake,0.000019937|0.000015929|0.000033131,0.00,0.00,42942464,42942464,768,768,1536
2578,1764562482.2417254,kem_handshake,0.000019586|0.000015809|0.000033141,0.00,0.00,42942464,42942464,768,768,1536
2579,1764562482.2428036,kem_handshake,0.000018965|0.000015669|0.000032691,0.00,0.00,42942464,42942464,768,768,1536
2580,1764562482.2439022,kem_handshake,0.000019075|0.000015730|0.000032820,0.00,0.00,42942464,42942464,768,768,1536
2581,1764562482.244967,kem_handshake,0.000018995|0.000015659|0.000032701,0.00,0.00,42942464,42942464,768,768,1536
2582,1764562482.2460184,kem_handshake,0.000018664|0.000015469|0.000032761,0.00,0.00,42942464,42942464,768,768,1536
2583,1764562482.2472692,kem_handshake,0.000026790|0.000018454|0.000038061,0.00,0.00,42942464,42942464,768,768,1536
2584,1764562482.2484546,kem_handshake,0.000020297|0.000016019|0.000033371,0.00,0.00,42942464,42942464,768,768,1536
2585,1764562482.249538,kem_handshake,0.000019466|0.000015619|0.000033542,0.00,0.00,42942464,42942464,768,768,1536
2586,1764562482.2506282,kem_handshake,0.000019506|0.000015719|0.000033431,0.00,0.00,42942464,42942464,768,768,1536
2587,1764562482.2517157,kem_handshake,0.000019175|0.000015930|0.000032620,0.00,0.00,42942464,42942464,768,768,1536
2588,1764562482.2528048,kem_handshake,0.000018635|0.000015859|0.000032581,0.00,0.00,42942464,42942464,768,768,1536
2589,1764562482.2538934,kem_handshake,0.000019275|0.000015910|0.000032160,0.00,0.00,42942464,42942464,768,768,1536
2590,1764562482.255205,kem_handshake,0.000026038|0.000018855|0.000036267,0.00,0.00,42942464,42942464,768,768,1536
2591,1764562482.256467,kem_handshake,0.000020999|0.000017463|0.000036267,0.00,0.00,42942464,42942464,768,768,1536
2592,1764562482.2582004,kem_handshake,0.000058078|0.000025938|0.000054751,0.00,0.00,42934272,42934272,768,768,1536
2593,1764562482.2598164,kem_handshake,0.000021189|0.000017462|0.000033852,0.00,0.00,42934272,42934272,768,768,1536
2594,1764562482.2612455,kem_handshake,0.000019125|0.000015990|0.000032801,0.00,0.00,42934272,42934272,768,768,1536
2595,1764562482.262315,kem_handshake,0.000018454|0.000015619|0.000032349,0.00,0.00,42934272,42934272,768,768,1536
2596,1764562482.2639306,kem_handshake,0.000058198|0.000037008|0.000088924,0.00,0.00,42942464,42942464,768,768,1536
2597,1764562482.265326,kem_handshake,0.000021650|0.000017042|0.000033702,0.00,0.00,42942464,42942464,768,768,1536
2598,1764562482.2663884,kem_handshake,0.000018083|0.000015279|0.000032580,0.00,0.00,42942464,42942464,768,768,1536
2599,1764562482.267467,kem_handshake,0.000019356|0.000015368|0.000033141,0.00,0.00,42942464,42942464,768,768,1536
2600,1764562482.2685654,kem_handshake,0.000018714|0.000015789|0.000032691,0.00,0.00,42942464,42942464,768,768,1536
2601,1764562482.2697988,kem_handshake,0.000031468|0.000020177|0.000039253,0.00,0.00,42934272,42934272,768,768,1536
2602,1764562482.2708833,kem_handshake,0.000018414|0.000015549|0.000032630,0.00,0.00,42942464,42942464,768,768,1536
2603,1764562482.2720335,kem_handshake,0.000024685|0.000017542|0.000035756,0.00,0.00,42934272,42934272,768,768,1536
2604,1764562482.2732177,kem_handshake,0.000026258|0.000018554|0.000035886,0.00,0.00,42942464,42942464,768,768,1536
2605,1764562482.2743556,kem_handshake,0.000020208|0.000016140|0.000034995,0.00,0.00,42942464,42942464,768,768,1536
2606,1764562482.2754104,kem_handshake,0.000018945|0.000015569|0.000032661,0.00,0.00,42942464,42942464,768,768,1536
2607,1764562482.2764804,kem_handshake,0.000018614|0.000015268|0.000032720,0.00,0.00,42942464,42942464,768,768,1536
2608,1764562482.277532,kem_handshake,0.000018824|0.000015498|0.000032771,0.00,0.00,42942464,42942464,768,768,1536
2609,1764562482.2785685,kem_handshake,0.000017773|0.000015589|0.000032680,0.00,0.00,42942464,42942464,768,768,1536
2610,1764562482.2801735,kem_handshake,0.000046536|0.000034163|0.000075369,0.00,0.00,42934272,42934272,768,768,1536
2611,1764562482.281663,kem_handshake,0.000024726|0.000017873|0.000034554,0.00,0.00,42934272,42934272,768,768,1536
2612,1764562482.2827744,kem_handshake,0.000019997|0.000015820|0.000033322,0.00,0.00,42934272,42934272,768,768,1536
2613,1764562482.2838397,kem_handshake,0.000019165|0.000015729|0.000032911,0.00,0.00,42934272,42934272,768,768,1536
2614,1764562482.2849133,kem_handshake,0.000019006|0.000015679|0.000033111,0.00,0.00,42934272,42934272,768,768,1536
2615,1764562482.285984,kem_handshake,0.000019345|0.000016100|0.000033202,0.00,0.00,42934272,42934272,768,768,1536
2616,1764562482.2870493,kem_handshake,0.000018675|0.000015478|0.000032710,0.00,0.00,42934272,42934272,768,768,1536
2617,1764562482.2881107,kem_handshake,0.000018855|0.000015939|0.000032450,0.00,0.00,42934272,42934272,768,768,1536
2618,1764562482.289426,kem_handshake,0.000020848|0.000016521|0.000033381,0.00,0.00,42934272,42934272,768,768,1536
2619,1764562482.290582,kem_handshake,0.000064779|0.000022362|0.000033332,0.00,0.00,42934272,42934272,768,768,1536
2620,1764562482.291659,kem_handshake,0.000019005|0.000015338|0.000032670,0.00,0.00,42934272,42934272,768,768,1536
2621,1764562482.2927387,kem_handshake,0.000019396|0.000015749|0.000032610,0.00,0.00,42934272,42934272,768,768,1536
2622,1764562482.2941587,kem_handshake,0.000042438|0.000021680|0.000040225,0.00,0.00,42942464,42942464,768,768,1536
2623,1764562482.295697,kem_handshake,0.000068286|0.000033371|0.000067385,0.00,0.00,42934272,42934272,768,768,1536
2624,1764562482.2976346,kem_handshake,0.000080719|0.000030977|0.000053729,0.00,0.00,42942464,42942464,768,768,1536
2625,1764562482.2989614,kem_handshake,0.000022131|0.000016771|0.000035595,0.00,0.00,42942464,42942464,768,768,1536
2626,1764562482.3000998,kem_handshake,0.000019696|0.000015679|0.000032751,0.00,0.00,42942464,42942464,768,768,1536
2627,1764562482.3012018,kem_handshake,0.000020157|0.000016140|0.000033522,0.00,0.00,42942464,42942464,768,768,1536
2628,1764562482.3022628,kem_handshake,0.000019096|0.000015619|0.000032720,0.00,0.00,42942464,42942464,768,768,1536
2629,1764562482.3033392,kem_handshake,0.000019316|0.000015719|0.000032881,0.00,0.00,42942464,42942464,768,768,1536
2630,1764562482.304421,kem_handshake,0.000019356|0.000015499|0.000032840,0.00,0.00,42942464,42942464,768,768,1536
2631,1764562482.3056405,kem_handshake,0.000020808|0.000016631|0.000033963,0.00,0.00,42942464,42942464,768,768,1536
2632,1764562482.307396,kem_handshake,0.000066943|0.000036537|0.000049521,0.00,0.00,42934272,42934272,768,768,1536
2633,1764562482.3086371,kem_handshake,0.000019776|0.000016149|0.000033211,0.00,0.00,42934272,42934272,768,768,1536
2634,1764562482.30971,kem_handshake,0.000018764|0.000015618|0.000034393,0.00,0.00,42934272,42934272,768,768,1536
2635,1764562482.3111818,kem_handshake,0.000038841|0.000031688|0.000065852,0.00,0.00,42934272,42934272,768,768,1536
2636,1764562482.3124626,kem_handshake,0.000026519|0.000017121|0.000035495,0.00,0.00,42942464,42942464,768,768,1536
2637,1764562482.3139338,kem_handshake,0.000050544|0.000040014|0.000037169,0.00,0.00,42934272,42934272,768,768,1536
2638,1764562482.3154154,kem_handshake,0.000021630|0.000016621|0.000033763,0.00,0.00,42934272,42934272,768,768,1536
2639,1764562482.316549,kem_handshake,0.000020508|0.000016110|0.000033312,0.00,0.00,42934272,42934272,768,768,1536
2640,1764562482.3179138,kem_handshake,0.000042729|0.000020718|0.000041677,0.00,0.00,42942464,42942464,768,768,1536
2641,1764562482.3190653,kem_handshake,0.000019146|0.000015799|0.000033151,0.00,0.00,42942464,42942464,768,768,1536
2642,1764562482.3201587,kem_handshake,0.000019266|0.000015679|0.000032911,0.00,0.00,42942464,42942464,768,768,1536
2643,1764562482.321355,kem_handshake,0.000025567|0.000020137|0.000034754,0.00,0.00,42942464,42942464,768,768,1536
2644,1764562482.3226132,kem_handshake,0.000022130|0.000016761|0.000037579,0.00,0.00,42942464,42942464,768,768,1536
2645,1764562482.3239112,kem_handshake,0.000032290|0.000019967|0.000040665,0.00,0.00,42934272,42934272,768,768,1536
2646,1764562482.3250625,kem_handshake,0.000020227|0.000015940|0.000033352,0.00,0.00,42942464,42942464,768,768,1536
2647,1764562482.3261511,kem_handshake,0.000021500|0.000016150|0.000033071,0.00,0.00,42934272,42934272,768,768,1536
2648,1764562482.3272169,kem_handshake,0.000019215|0.000015920|0.000032801,0.00,0.00,42942464,42942464,768,768,1536
2649,1764562482.3282793,kem_handshake,0.000019235|0.000015779|0.000032941,0.00,0.00,42934272,42934272,768,768,1536
2650,1764562482.3293834,kem_handshake,0.000023754|0.000018404|0.000041637,0.00,0.00,42942464,42942464,768,768,1536
2651,1764562482.3306358,kem_handshake,0.000023242|0.000020938|0.000037359,0.00,0.00,42942464,42942464,768,768,1536
2652,1764562482.3317726,kem_handshake,0.000019587|0.000016150|0.000033663,0.00,0.00,42942464,42942464,768,768,1536
2653,1764562482.3328254,kem_handshake,0.000018664|0.000015549|0.000032890,0.00,0.00,42942464,42942464,768,768,1536
2654,1764562482.333884,kem_handshake,0.000018725|0.000015679|0.000032580,0.00,0.00,42942464,42942464,768,768,1536
2655,1764562482.3351853,kem_handshake,0.000022110|0.000016510|0.000037148,0.00,0.00,42942464,42942464,768,768,1536
2656,1764562482.3367648,kem_handshake,0.000053309|0.000036507|0.000072885,0.00,0.00,42934272,42934272,768,768,1536
2657,1764562482.3380585,kem_handshake,0.000026379|0.000018604|0.000037690,0.00,0.00,42934272,42934272,768,768,1536
2658,1764562482.339276,kem_handshake,0.000022221|0.000017512|0.000036156,0.00,0.00,42934272,42934272,768,768,1536
2659,1764562482.3404047,kem_handshake,0.000020278|0.000015979|0.000034383,0.00,0.00,42934272,42934272,768,768,1536
2660,1764562482.3414865,kem_handshake,0.000019436|0.000015568|0.000033341,0.00,0.00,42934272,42934272,768,768,1536
2661,1764562482.3425791,kem_handshake,0.000020057|0.000015819|0.000033472,0.00,0.00,42934272,42934272,768,768,1536
2662,1764562482.3436565,kem_handshake,0.000018584|0.000015468|0.000033442,0.00,0.00,42934272,42934272,768,768,1536
2663,1764562482.3447154,kem_handshake,0.000018544|0.000015308|0.000033432,0.00,0.00,42934272,42934272,768,768,1536
2664,1764562482.3461266,kem_handshake,0.000034444|0.000020478|0.000038711,0.00,0.00,42942464,42942464,768,768,1536
2665,1764562482.3475103,kem_handshake,0.000033402|0.000020598|0.000040946,0.00,0.00,42942464,42942464,768,768,1536
2666,1764562482.3489165,kem_handshake,0.000033512|0.000022662|0.000043030,0.00,0.00,42934272,42934272,768,768,1536
2667,1764562482.3502228,kem_handshake,0.000027821|0.000017923|0.000040434,0.00,0.00,42934272,42934272,768,768,1536
2668,1764562482.351355,kem_handshake,0.000020638|0.000016150|0.000034303,0.00,0.00,42934272,42934272,768,768,1536
2669,1764562482.3531902,kem_handshake,0.000103692|0.000037450|0.000124910,0.00,0.00,42934272,42934272,768,768,1536
2670,1764562482.3553095,kem_handshake,0.000035846|0.000024074|0.000061714,0.00,0.00,42934272,42934272,768,768,1536
2671,1764562482.357489,kem_handshake,0.000066022|0.000039383|0.000080409,0.00,0.00,42942464,42942464,768,768,1536
2672,1764562482.360063,kem_handshake,0.000073436|0.000026349|0.000061353,0.00,0.00,42934272,42934272,768,768,1536
2673,1764562482.3623946,kem_handshake,0.000072444|0.000052507|0.000114832,0.00,0.00,42942464,42942464,768,768,1536
2674,1764562482.3652282,kem_handshake,0.000063638|0.000031618|0.000087652,0.00,0.00,42942464,42942464,768,768,1536
2675,1764562482.3668056,kem_handshake,0.000027320|0.000017944|0.000037259,0.00,0.00,42942464,42942464,768,768,1536
2676,1764562482.3680623,kem_handshake,0.000025998|0.000017262|0.000037619,0.00,0.00,42942464,42942464,768,768,1536
2677,1764562482.369506,kem_handshake,0.000033341|0.000019587|0.000050203,0.00,0.00,42942464,42942464,768,768,1536
2678,1764562482.3711562,kem_handshake,0.000043150|0.000050643|0.000064539,0.00,0.00,42942464,42942464,768,768,1536
2679,1764562482.3728056,kem_handshake,0.000025226|0.000017222|0.000038080,0.00,0.00,42942464,42942464,768,768,1536
2680,1764562482.374073,kem_handshake,0.000021139|0.000016711|0.000036137,0.00,0.00,42942464,42942464,768,768,1536
2681,1764562482.375181,kem_handshake,0.000020218|0.000016049|0.000033462,0.00,0.00,42942464,42942464,768,768,1536
2682,1764562482.3764188,kem_handshake,0.000026339|0.000018744|0.000043410,0.00,0.00,42942464,42942464,768,768,1536
2683,1764562482.37805,kem_handshake,0.000025367|0.000018294|0.000037209,0.00,0.00,42942464,42942464,768,768,1536
2684,1764562482.3793447,kem_handshake,0.000020829|0.000016300|0.000035216,0.00,0.00,42942464,42942464,768,768,1536
2685,1764562482.3810089,kem_handshake,0.000064810|0.000038151|0.000079738,0.00,0.00,42934272,42934272,768,768,1536
2686,1764562482.3827531,kem_handshake,0.000063097|0.000025607|0.000065731,0.00,0.00,42934272,42934272,768,768,1536
2687,1764562482.384716,kem_handshake,0.000044903|0.000024706|0.000047638,0.00,0.00,42934272,42934272,768,768,1536
2688,1764562482.3860784,kem_handshake,0.000024114|0.000018564|0.000045434,0.00,0.00,42934272,42934272,768,768,1536
2689,1764562482.387228,kem_handshake,0.000019526|0.000015539|0.000034173,0.00,0.00,42934272,42934272,768,768,1536
2690,1764562482.38833,kem_handshake,0.000018574|0.000015479|0.000032931,0.00,0.00,42934272,42934272,768,768,1536
2691,1764562482.3895788,kem_handshake,0.000029154|0.000017392|0.000042188,0.00,0.00,42934272,42934272,768,768,1536
2692,1764562482.3908572,kem_handshake,0.000023182|0.000016921|0.000044783,0.00,0.00,42934272,42934272,768,768,1536
2693,1764562482.3922021,kem_handshake,0.000024656|0.000017823|0.000047789,0.00,0.00,42934272,42934272,768,768,1536
2694,1764562482.393388,kem_handshake,0.000020278|0.000015559|0.000034724,0.00,0.00,42934272,42934272,768,768,1536
2695,1764562482.3944647,kem_handshake,0.000019305|0.000015849|0.000033692,0.00,0.00,42934272,42934272,768,768,1536
2696,1764562482.3955243,kem_handshake,0.000018044|0.000015057|0.000033011,0.00,0.00,42934272,42934272,768,768,1536
2697,1764562482.3966572,kem_handshake,0.000018224|0.000015569|0.000033041,0.00,0.00,42934272,42934272,768,768,1536
2698,1764562482.3977897,kem_handshake,0.000021169|0.000015498|0.000037359,0.00,0.00,42934272,42934272,768,768,1536
2699,1764562482.3989933,kem_handshake,0.000020568|0.000015599|0.000035525,0.00,0.00,42934272,42934272,768,768,1536
2700,1764562482.400106,kem_handshake,0.000019035|0.000015559|0.000033542,0.00,0.00,42934272,42934272,768,768,1536
2701,1764562482.4013884,kem_handshake,0.000019456|0.000015239|0.000034524,0.00,0.00,42934272,42934272,768,768,1536
2702,1764562482.4025557,kem_handshake,0.000019606|0.000015909|0.000034424,0.00,0.00,42934272,42934272,768,768,1536
2703,1764562482.4036794,kem_handshake,0.000019265|0.000015499|0.000032840,0.00,0.00,42934272,42934272,768,768,1536
2704,1764562482.4048057,kem_handshake,0.000019306|0.000015990|0.000032791,0.00,0.00,42934272,42934272,768,768,1536
2705,1764562482.4059567,kem_handshake,0.000027400|0.000016651|0.000042799,0.00,0.00,42934272,42934272,768,768,1536
2706,1764562482.4074643,kem_handshake,0.000027471|0.000017653|0.000046506,0.00,0.00,42934272,42934272,768,768,1536
2707,1764562482.4086587,kem_handshake,0.000020578|0.000016380|0.000034354,0.00,0.00,42934272,42934272,768,768,1536
2708,1764562482.4097328,kem_handshake,0.000018194|0.000015569|0.000032801,0.00,0.00,42934272,42934272,768,768,1536
2709,1764562482.4108353,kem_handshake,0.000019446|0.000015369|0.000033322,0.00,0.00,42934272,42934272,768,768,1536
2710,1764562482.4124763,kem_handshake,0.000068727|0.000033021|0.000066683,0.00,0.00,42942464,42942464,768,768,1536
2711,1764562482.4143324,kem_handshake,0.000044462|0.000020828|0.000052777,0.00,9297.20,42942464,42942464,768,768,1536
2712,1764562482.4166098,kem_handshake,0.000074207|0.000041307|0.000061264,0.00,0.00,42934272,42934272,768,768,1536
2713,1764562482.418078,kem_handshake,0.000026739|0.000018014|0.000037259,0.00,0.00,42934272,42934272,768,768,1536
2714,1764562482.4192097,kem_handshake,0.000020929|0.000016100|0.000034835,0.00,0.00,42934272,42934272,768,768,1536
2715,1764562482.4202867,kem_handshake,0.000018364|0.000015098|0.000032751,0.00,0.00,42934272,42934272,768,768,1536
2716,1764562482.4213886,kem_handshake,0.000018054|0.000015018|0.000033972,0.00,0.00,42934272,42934272,768,768,1536
2717,1764562482.422609,kem_handshake,0.000021791|0.000016029|0.000038211,0.00,0.00,42934272,42934272,768,768,1536
2718,1764562482.4238906,kem_handshake,0.000023153|0.000016731|0.000048269,0.00,0.00,42934272,42934272,768,768,1536
2719,1764562482.425166,kem_handshake,0.000025968|0.000044502|0.000037389,0.00,0.00,42934272,42934272,768,768,1536
2720,1764562482.4263346,kem_handshake,0.000049180|0.000016170|0.000033292,0.00,0.00,42934272,42934272,768,768,1536
2721,1764562482.4281256,kem_handshake,0.000053549|0.000023583|0.000045594,0.00,0.00,42942464,42942464,768,768,1536
2722,1764562482.4293888,kem_handshake,0.000025668|0.000017462|0.000034924,0.00,0.00,42942464,42942464,768,768,1536
2723,1764562482.4305754,kem_handshake,0.000026900|0.000022322|0.000036127,0.00,0.00,42942464,42942464,768,768,1536
2724,1764562482.4320714,kem_handshake,0.000032029|0.000019266|0.000046276,0.00,0.00,42942464,42942464,768,768,1536
2725,1764562482.4333286,kem_handshake,0.000021068|0.000017262|0.000037339,0.00,0.00,42942464,42942464,768,768,1536
2726,1764562482.4344256,kem_handshake,0.000019937|0.000015949|0.000033011,0.00,0.00,42942464,42942464,768,768,1536
2727,1764562482.4354956,kem_handshake,0.000018905|0.000015910|0.000033161,0.00,0.00,42942464,42942464,768,768,1536
2728,1764562482.436555,kem_handshake,0.000019025|0.000015859|0.000033162,0.00,0.00,42942464,42942464,768,768,1536
2729,1764562482.4382656,kem_handshake,0.000061363|0.000036427|0.000075199,0.00,0.00,42934272,42934272,768,768,1536
2730,1764562482.4396167,kem_handshake,0.000027901|0.000019005|0.000038731,0.00,0.00,42934272,42934272,768,768,1536
2731,1764562482.4408216,kem_handshake,0.000022532|0.000016240|0.000035115,0.00,0.00,42934272,42934272,768,768,1536
2732,1764562482.4425607,kem_handshake,0.000042579|0.000033933|0.000071321,0.00,0.00,42934272,42934272,768,768,1536
2733,1764562482.4437914,kem_handshake,0.000020548|0.000015960|0.000033101,0.00,0.00,42934272,42934272,768,768,1536
2734,1764562482.444906,kem_handshake,0.000019706|0.000016661|0.000032780,0.00,0.00,42934272,42934272,768,768,1536
2735,1764562482.4459813,kem_handshake,0.000020017|0.000016420|0.000033191,0.00,0.00,42934272,42934272,768,768,1536
2736,1764562482.447971,kem_handshake,0.000065201|0.000036428|0.000057006,0.00,0.00,42942464,42942464,768,768,1536
2737,1764562482.4497128,kem_handshake,0.000028362|0.000017884|0.000038912,0.00,0.00,42942464,42942464,768,768,1536
2738,1764562482.4509099,kem_handshake,0.000020618|0.000015960|0.000033642,0.00,0.00,42942464,42942464,768,768,1536
2739,1764562482.4526372,kem_handshake,0.000054150|0.000021560|0.000044933,0.00,0.00,42934272,42934272,768,768,1536
2740,1764562482.4538531,kem_handshake,0.000020137|0.000016430|0.000033852,0.00,0.00,42934272,42934272,768,768,1536
2741,1764562482.4549623,kem_handshake,0.000019937|0.000016029|0.000034183,0.00,0.00,42934272,42934272,768,768,1536
2742,1764562482.456156,kem_handshake,0.000027922|0.000018314|0.000041737,0.00,0.00,42934272,42934272,768,768,1536
2743,1764562482.4574115,kem_handshake,0.000022371|0.000016531|0.000036998,0.00,0.00,42934272,42934272,768,768,1536
2744,1764562482.4585693,kem_handshake,0.000023072|0.000016401|0.000036648,0.00,0.00,42934272,42934272,768,768,1536
2745,1764562482.4596577,kem_handshake,0.000019136|0.000015488|0.000033302,0.00,0.00,42934272,42934272,768,768,1536
2746,1764562482.4607236,kem_handshake,0.000019215|0.000015519|0.000032941,0.00,0.00,42934272,42934272,768,768,1536
2747,1764562482.4617927,kem_handshake,0.000019797|0.000015248|0.000032690,0.00,0.00,42934272,42934272,768,768,1536
2748,1764562482.4628727,kem_handshake,0.000018835|0.000015248|0.000037600,0.00,0.00,42934272,42934272,768,768,1536
2749,1764562482.4639757,kem_handshake,0.000021500|0.000016100|0.000034033,0.00,0.00,42934272,42934272,768,768,1536
2750,1764562482.4651275,kem_handshake,0.000021870|0.000016020|0.000034684,0.00,0.00,42934272,42934272,768,768,1536
2751,1764562482.4662335,kem_handshake,0.000019736|0.000015809|0.000033612,0.00,0.00,42934272,42934272,768,768,1536
2752,1764562482.4673305,kem_handshake,0.000019576|0.000015980|0.000033132,0.00,0.00,42934272,42934272,768,768,1536
2753,1764562482.4686437,kem_handshake,0.000025778|0.000019776|0.000040114,0.00,0.00,42934272,42934272,768,768,1536
2754,1764562482.469817,kem_handshake,0.000023934|0.000016090|0.000039794,0.00,0.00,42934272,42934272,768,768,1536
2755,1764562482.4709554,kem_handshake,0.000020137|0.000016149|0.000035485,0.00,0.00,42934272,42934272,768,768,1536
2756,1764562482.472034,kem_handshake,0.000019246|0.000015379|0.000033963,0.00,0.00,42934272,42934272,768,768,1536
2757,1764562482.4732203,kem_handshake,0.000026208|0.000018454|0.000042979,0.00,0.00,42934272,42934272,768,768,1536
2758,1764562482.474516,kem_handshake,0.000027841|0.000018184|0.000040384,0.00,0.00,42934272,42934272,768,768,1536
2759,1764562482.475752,kem_handshake,0.000018504|0.000015689|0.000032851,0.00,0.00,42934272,42934272,768,768,1536
2760,1764562482.4768927,kem_handshake,0.000081620|0.000022732|0.000033071,0.00,0.00,42934272,42934272,768,768,1536
2761,1764562482.4779809,kem_handshake,0.000019466|0.000015639|0.000032910,0.00,0.00,42934272,42934272,768,768,1536
2762,1764562482.4790359,kem_handshake,0.000019276|0.000015358|0.000032771,0.00,0.00,42934272,42934272,768,768,1536
2763,1764562482.4801054,kem_handshake,0.000019466|0.000015548|0.000033171,0.00,0.00,42934272,42934272,768,768,1536
2764,1764562482.4812388,kem_handshake,0.000021560|0.000016150|0.000035165,0.00,0.00,42934272,42934272,768,768,1536
2765,1764562482.4823859,kem_handshake,0.000022051|0.000016069|0.000034714,0.00,0.00,42934272,42934272,768,768,1536
2766,1764562482.4837315,kem_handshake,0.000031237|0.000022792|0.000053950,0.00,0.00,42934272,42934272,768,768,1536
2767,1764562482.4859862,kem_handshake,0.000087712|0.000033461|0.000084647,0.00,0.00,42942464,42942464,768,768,1536
2768,1764562482.4880233,kem_handshake,0.000043891|0.000022301|0.000053519,0.00,0.00,42942464,42942464,768,768,1536
2769,1764562482.4896243,kem_handshake,0.000044111|0.000023152|0.000048019,0.00,0.00,42934272,42934272,768,768,1536
2770,1764562482.4910054,kem_handshake,0.000043821|0.000018695|0.000036397,0.00,0.00,42934272,42934272,768,768,1536
2771,1764562482.4923987,kem_handshake,0.000040034|0.000022111|0.000044342,0.00,0.00,42942464,42942464,768,768,1536
2772,1764562482.493722,kem_handshake,0.000036798|0.000018945|0.000042148,0.00,0.00,42942464,42942464,768,768,1536
2773,1764562482.4953573,kem_handshake,0.000041757|0.000034253|0.000070761,0.00,0.00,42942464,42942464,768,768,1536
2774,1764562482.4967148,kem_handshake,0.000022502|0.000018173|0.000040285,0.00,0.00,42942464,42942464,768,768,1536
2775,1764562482.49802,kem_handshake,0.000027380|0.000018955|0.000043641,0.00,0.00,42942464,42942464,768,768,1536
2776,1764562482.4993546,kem_handshake,0.000022382|0.000017983|0.000035005,0.00,0.00,42942464,42942464,768,768,1536
2777,1764562482.500554,kem_handshake,0.000021780|0.000016971|0.000037489,0.00,0.00,42942464,42942464,768,768,1536
2778,1764562482.5016828,kem_handshake,0.000020077|0.000016671|0.000033362,0.00,0.00,42942464,42942464,768,768,1536
2779,1764562482.502801,kem_handshake,0.000020689|0.000016100|0.000033933,0.00,0.00,42942464,42942464,768,768,1536
2780,1764562482.5038917,kem_handshake,0.000020377|0.000016320|0.000032621,0.00,0.00,42942464,42942464,768,768,1536
2781,1764562482.5050664,kem_handshake,0.000025196|0.000017792|0.000036457,0.00,0.00,42942464,42942464,768,768,1536
2782,1764562482.506205,kem_handshake,0.000020147|0.000016320|0.000033963,0.00,0.00,42942464,42942464,768,768,1536
2783,1764562482.507441,kem_handshake,0.000021530|0.000016781|0.000034704,0.00,0.00,42942464,42942464,768,768,1536
2784,1764562482.508603,kem_handshake,0.000019897|0.000015869|0.000033693,0.00,0.00,42942464,42942464,768,768,1536
2785,1764562482.5097058,kem_handshake,0.000019987|0.000015619|0.000033602,0.00,0.00,42942464,42942464,768,768,1536
2786,1764562482.5108128,kem_handshake,0.000020958|0.000016069|0.000033612,0.00,0.00,42942464,42942464,768,768,1536
2787,1764562482.5119338,kem_handshake,0.000025457|0.000015669|0.000032881,0.00,0.00,42942464,42942464,768,768,1536
2788,1764562482.5130382,kem_handshake,0.000019827|0.000016781|0.000033802,0.00,0.00,42942464,42942464,768,768,1536
2789,1764562482.514792,kem_handshake,0.000066413|0.000038221|0.000083294,0.00,0.00,42934272,42934272,768,768,1536
2790,1764562482.5167546,kem_handshake,0.000039463|0.000023212|0.000045074,0.00,9808.90,42934272,42934272,768,768,1536
2791,1764562482.5180924,kem_handshake,0.000026198|0.000019756|0.000038541,0.00,0.00,42934272,42934272,768,768,1536
2792,1764562482.5192623,kem_handshake,0.000025236|0.000032179|0.000033161,0.00,0.00,42934272,42934272,768,768,1536
2793,1764562482.5207684,kem_handshake,0.000067354|0.000028572|0.000055342,0.00,0.00,42942464,42942464,768,768,1536
2794,1764562482.5222132,kem_handshake,0.000047879|0.000021078|0.000050564,0.00,0.00,42942464,42942464,768,768,1536
2795,1764562482.523663,kem_handshake,0.000032851|0.000019837|0.000039784,0.00,0.00,42942464,42942464,768,768,1536
2796,1764562482.5249307,kem_handshake,0.000022321|0.000021470|0.000035165,0.00,0.00,42942464,42942464,768,768,1536
2797,1764562482.526173,kem_handshake,0.000021770|0.000016741|0.000037489,0.00,0.00,42942464,42942464,768,768,1536
2798,1764562482.527349,kem_handshake,0.000021560|0.000017332|0.000034905,0.00,0.00,42942464,42942464,768,768,1536
2799,1764562482.5284655,kem_handshake,0.000020348|0.000016661|0.000032891,0.00,0.00,42942464,42942464,768,768,1536
2800,1764562482.529571,kem_handshake,0.000020117|0.000015840|0.000032740,0.00,0.00,42942464,42942464,768,768,1536
2801,1764562482.5307324,kem_handshake,0.000021530|0.000016741|0.000034263,0.00,0.00,42942464,42942464,768,768,1536
2802,1764562482.5318859,kem_handshake,0.000021590|0.000017101|0.000045093,0.00,0.00,42942464,42942464,768,768,1536
2803,1764562482.5331776,kem_handshake,0.000030577|0.000032761|0.000041717,0.00,0.00,42942464,42942464,768,768,1536
2804,1764562482.5343404,kem_handshake,0.000020307|0.000015629|0.000033021,0.00,0.00,42942464,42942464,768,768,1536
2805,1764562482.5354228,kem_handshake,0.000019856|0.000016180|0.000032670,0.00,0.00,42942464,42942464,768,768,1536
2806,1764562482.5365167,kem_handshake,0.000019796|0.000015559|0.000033111,0.00,0.00,42942464,42942464,768,768,1536
2807,1764562482.5375967,kem_handshake,0.000019797|0.000015659|0.000033532,0.00,0.00,42942464,42942464,768,768,1536
2808,1764562482.5387487,kem_handshake,0.000021800|0.000017392|0.000037840,0.00,0.00,42942464,42942464,768,768,1536
2809,1764562482.5399184,kem_handshake,0.000022051|0.000021099|0.000035236,0.00,0.00,42942464,42942464,768,768,1536
2810,1764562482.5413754,kem_handshake,0.000024314|0.000018223|0.000040424,0.00,0.00,42942464,42942464,768,768,1536
2811,1764562482.5425172,kem_handshake,0.000019345|0.000015388|0.000033392,0.00,0.00,42942464,42942464,768,768,1536
2812,1764562482.543823,kem_handshake,0.000020157|0.000015960|0.000032690,0.00,0.00,42942464,42942464,768,768,1536
2813,1764562482.5449646,kem_handshake,0.000064709|0.000021951|0.000033101,0.00,0.00,42942464,42942464,768,768,1536
2814,1764562482.5460262,kem_handshake,0.000018885|0.000015328|0.000032690,0.00,0.00,42942464,42942464,768,768,1536
2815,1764562482.547162,kem_handshake,0.000019997|0.000015549|0.000033672,0.00,0.00,42942464,42942464,768,768,1536
2816,1764562482.5485237,kem_handshake,0.000032700|0.000019496|0.000050583,0.00,0.00,42942464,42942464,768,768,1536
2817,1764562482.5499835,kem_handshake,0.000035085|0.000018384|0.000052267,0.00,0.00,42942464,42942464,768,768,1536
2818,1764562482.5512016,kem_handshake,0.000020949|0.000017432|0.000036498,0.00,0.00,42942464,42942464,768,768,1536
2819,1764562482.5523374,kem_handshake,0.000021319|0.000017002|0.000034573,0.00,0.00,42942464,42942464,768,768,1536
2820,1764562482.553469,kem_handshake,0.000020188|0.000016230|0.000036908,0.00,0.00,42942464,42942464,768,768,1536
2821,1764562482.554559,kem_handshake,0.000018705|0.000015669|0.000032730,0.00,0.00,42942464,42942464,768,768,1536
2822,1764562482.5557098,kem_handshake,0.000020428|0.000016400|0.000034935,0.00,0.00,42942464,42942464,768,768,1536
2823,1764562482.5569165,kem_handshake,0.000023233|0.000017833|0.000036918,0.00,0.00,42942464,42942464,768,768,1536
2824,1764562482.5582206,kem_handshake,0.000025277|0.000018354|0.000035997,0.00,0.00,42942464,42942464,768,768,1536
2825,1764562482.5593948,kem_handshake,0.000020798|0.000017402|0.000033361,0.00,0.00,42942464,42942464,768,768,1536
2826,1764562482.5604923,kem_handshake,0.000018725|0.000016009|0.000032890,0.00,0.00,42942464,42942464,768,768,1536
2827,1764562482.5615792,kem_handshake,0.000019115|0.000015890|0.000032640,0.00,0.00,42942464,42942464,768,768,1536
2828,1764562482.5626814,kem_handshake,0.000019727|0.000016230|0.000034224,0.00,0.00,42942464,42942464,768,768,1536
2829,1764562482.5638916,kem_handshake,0.000025518|0.000017372|0.000038591,0.00,0.00,42942464,42942464,768,768,1536
2830,1764562482.5654995,kem_handshake,0.000046556|0.000026299|0.000062426,0.00,0.00,42942464,42942464,768,768,1536
2831,1764562482.5668507,kem_handshake,0.000024295|0.000017732|0.000043099,0.00,0.00,42942464,42942464,768,768,1536
2832,1764562482.568014,kem_handshake,0.000018955|0.000015709|0.000033762,0.00,0.00,42942464,42942464,768,768,1536
2833,1764562482.5690947,kem_handshake,0.000019415|0.000015628|0.000033131,0.00,0.00,42942464,42942464,768,768,1536
2834,1764562482.5701547,kem_handshake,0.000018294|0.000015228|0.000032651,0.00,0.00,42942464,42942464,768,768,1536
2835,1764562482.571246,kem_handshake,0.000018614|0.000015789|0.000033362,0.00,0.00,42942464,42942464,768,768,1536
2836,1764562482.5725892,kem_handshake,0.000027080|0.000018144|0.000037980,0.00,0.00,42942464,42942464,768,768,1536
2837,1764562482.5738027,kem_handshake,0.000023674|0.000018514|0.000036106,0.00,0.00,42942464,42942464,768,768,1536
2838,1764562482.5750053,kem_handshake,0.000019796|0.000016420|0.000034503,0.00,0.00,42942464,42942464,768,768,1536
2839,1764562482.5761063,kem_handshake,0.000019637|0.000015488|0.000032901,0.00,0.00,42942464,42942464,768,768,1536
2840,1764562482.5772674,kem_handshake,0.000023864|0.000017052|0.000035135,0.00,0.00,42942464,42942464,768,768,1536
2841,1764562482.57836,kem_handshake,0.000018855|0.000015549|0.000039784,0.00,0.00,42942464,42942464,768,768,1536
2842,1764562482.579464,kem_handshake,0.000020378|0.000016310|0.000033272,0.00,0.00,42942464,42942464,768,768,1536
2843,1764562482.5806997,kem_handshake,0.000025838|0.000020698|0.000043260,0.00,0.00,42942464,42942464,768,768,1536
2844,1764562482.5819626,kem_handshake,0.000031818|0.000018244|0.000038211,0.00,0.00,42942464,42942464,768,768,1536
2845,1764562482.583203,kem_handshake,0.000025216|0.000017042|0.000041457,0.00,0.00,42942464,42942464,768,768,1536
2846,1764562482.5843563,kem_handshake,0.000019856|0.000016090|0.000033302,0.00,0.00,42942464,42942464,768,768,1536
2847,1764562482.5854812,kem_handshake,0.000018474|0.000015509|0.000033592,0.00,0.00,42942464,42942464,768,768,1536
2848,1764562482.5865614,kem_handshake,0.000019285|0.000015529|0.000032700,0.00,0.00,42942464,42942464,768,768,1536
2849,1764562482.5876746,kem_handshake,0.000021980|0.000016109|0.000035366,0.00,0.00,42942464,42942464,768,768,1536
2850,1764562482.5888786,kem_handshake,0.000024806|0.000019677|0.000047839,0.00,0.00,42942464,42942464,768,768,1536
2851,1764562482.5900874,kem_handshake,0.000020007|0.000015969|0.000034704,0.00,0.00,42942464,42942464,768,768,1536
2852,1764562482.591207,kem_handshake,0.000019566|0.000016320|0.000034012,0.00,0.00,42942464,42942464,768,768,1536
2853,1764562482.5922887,kem_handshake,0.000018554|0.000015589|0.000037550,0.00,0.00,42942464,42942464,768,768,1536
2854,1764562482.5933654,kem_handshake,0.000018875|0.000015569|0.000037459,0.00,0.00,42942464,42942464,768,768,1536
2855,1764562482.5944326,kem_handshake,0.000018424|0.000015629|0.000039573,0.00,0.00,42942464,42942464,768,768,1536
2856,1764562482.595503,kem_handshake,0.000018975|0.000014988|0.000040334,0.00,0.00,42942464,42942464,768,768,1536
2857,1764562482.596642,kem_handshake,0.000020078|0.000018524|0.000034684,0.00,0.00,42942464,42942464,768,768,1536
2858,1764562482.5977638,kem_handshake,0.000020938|0.000015598|0.000034093,0.00,0.00,42942464,42942464,768,768,1536
2859,1764562482.598843,kem_handshake,0.000018434|0.000015789|0.000033031,0.00,0.00,42942464,42942464,768,768,1536
2860,1764562482.5999188,kem_handshake,0.000019106|0.000021440|0.000032931,0.00,0.00,42942464,42942464,768,768,1536
2861,1764562482.6009796,kem_handshake,0.000019496|0.000015669|0.000033381,0.00,0.00,42942464,42942464,768,768,1536
2862,1764562482.602088,kem_handshake,0.000019706|0.000016240|0.000033632,0.00,0.00,42942464,42942464,768,768,1536
2863,1764562482.6031551,kem_handshake,0.000019096|0.000015799|0.000032781,0.00,0.00,42942464,42942464,768,768,1536
2864,1764562482.604224,kem_handshake,0.000018995|0.000015539|0.000033722,0.00,0.00,42942464,42942464,768,768,1536
2865,1764562482.6053166,kem_handshake,0.000019937|0.000016190|0.000034494,0.00,0.00,42942464,42942464,768,768,1536
2866,1764562482.6064029,kem_handshake,0.000018475|0.000015368|0.000032580,0.00,0.00,42942464,42942464,768,768,1536
2867,1764562482.6074688,kem_handshake,0.000018754|0.000015839|0.000033071,0.00,0.00,42942464,42942464,768,768,1536
2868,1764562482.6085145,kem_handshake,0.000018233|0.000015348|0.000033101,0.00,0.00,42942464,42942464,768,768,1536
2869,1764562482.609568,kem_handshake,0.000018704|0.000015168|0.000032891,0.00,0.00,42942464,42942464,768,768,1536
2870,1764562482.6106424,kem_handshake,0.000019035|0.000015729|0.000033041,0.00,0.00,42942464,42942464,768,768,1536
2871,1764562482.6117232,kem_handshake,0.000018294|0.000015639|0.000032670,0.00,0.00,42942464,42942464,768,768,1536
2872,1764562482.6128294,kem_handshake,0.000021139|0.000017242|0.000034073,0.00,0.00,42942464,42942464,768,768,1536
2873,1764562482.6140196,kem_handshake,0.000019967|0.000015960|0.000033532,0.00,0.00,42942464,42942464,768,768,1536
2874,1764562482.6150856,kem_handshake,0.000018915|0.000015669|0.000033121,0.00,0.00,42942464,42942464,768,768,1536
2875,1764562482.6161497,kem_handshake,0.000018424|0.000015478|0.000032630,0.00,0.00,42942464,42942464,768,768,1536
2876,1764562482.6172056,kem_handshake,0.000018033|0.000015609|0.000032901,0.00,0.00,42942464,42942464,768,768,1536
2877,1764562482.6182501,kem_handshake,0.000018084|0.000015629|0.000032680,0.00,0.00,42942464,42942464,768,768,1536
2878,1764562482.6193001,kem_handshake,0.000017522|0.000015198|0.000032110,0.00,0.00,42942464,42942464,768,768,1536
2879,1764562482.620357,kem_handshake,0.000017863|0.000015188|0.000032691,0.00,0.00,42942464,42942464,768,768,1536
2880,1764562482.6214116,kem_handshake,0.000018153|0.000015639|0.000033422,0.00,0.00,42942464,42942464,768,768,1536
2881,1764562482.622535,kem_handshake,0.000021570|0.000017583|0.000035296,0.00,0.00,42942464,42942464,768,768,1536
2882,1764562482.6237755,kem_handshake,0.000022481|0.000017082|0.000036688,0.00,0.00,42942464,42942464,768,768,1536
2883,1764562482.6257532,kem_handshake,0.000107498|0.000039102|0.000095025,0.00,0.00,42934272,42934272,768,768,1536
2884,1764562482.6276798,kem_handshake,0.000037890|0.000021369|0.000045795,0.00,0.00,42934272,42934272,768,768,1536
2885,1764562482.6295357,kem_handshake,0.000046356|0.000024365|0.000047568,0.00,0.00,42942464,42942464,768,768,1536
2886,1764562482.6311858,kem_handshake,0.000057997|0.000023703|0.000067264,0.00,0.00,42942464,42942464,768,768,1536
2887,1764562482.632516,kem_handshake,0.000023193|0.000018274|0.000038731,0.00,0.00,42942464,42942464,768,768,1536
2888,1764562482.633889,kem_handshake,0.000024155|0.000019596|0.000056755,0.00,0.00,42942464,42942464,768,768,1536
2889,1764562482.6351228,kem_handshake,0.000020938|0.000015899|0.000041597,0.00,0.00,42942464,42942464,768,768,1536
2890,1764562482.6364458,kem_handshake,0.000031448|0.000022782|0.000037750,0.00,0.00,42942464,42942464,768,768,1536
2891,1764562482.6376474,kem_handshake,0.000021439|0.000016411|0.000033612,0.00,0.00,42942464,42942464,768,768,1536
2892,1764562482.6387694,kem_handshake,0.000021180|0.000016330|0.000033822,0.00,0.00,42942464,42942464,768,768,1536
2893,1764562482.6398623,kem_handshake,0.000019416|0.000015809|0.000036598,0.00,0.00,42942464,42942464,768,768,1536
2894,1764562482.641322,kem_handshake,0.000048870|0.000024835|0.000049411,0.00,0.00,42934272,42934272,768,768,1536
2895,1764562482.6428766,kem_handshake,0.000038361|0.000020357|0.000053399,0.00,0.00,42934272,42934272,768,768,1536
2896,1764562482.6452603,kem_handshake,0.000086820|0.000041146|0.000087632,0.00,0.00,42942464,42942464,768,768,1536
2897,1764562482.6476214,kem_handshake,0.000049822|0.000028543|0.000048029,0.00,0.00,42942464,42942464,768,768,1536
2898,1764562482.6492589,kem_handshake,0.000035134|0.000019826|0.000049902,0.00,0.00,42942464,42942464,768,768,1536
2899,1764562482.6509132,kem_handshake,0.000040104|0.000025067|0.000051726,0.00,0.00,42942464,42942464,768,768,1536
2900,1764562482.6522677,kem_handshake,0.000026468|0.000018674|0.000042559,0.00,0.00,42942464,42942464,768,768,1536
2901,1764562482.6534455,kem_handshake,0.000021359|0.000016801|0.000034885,0.00,0.00,42942464,42942464,768,768,1536
2902,1764562482.655319,kem_handshake,0.000066402|0.000030036|0.000054661,0.00,0.00,42934272,42934272,768,768,1536
2903,1764562482.6583126,kem_handshake,0.000048370|0.000024906|0.000062816,0.00,0.00,42934272,42934272,768,768,1536
2904,1764562482.6603844,kem_handshake,0.000088223|0.000039994|0.000075149,0.00,0.00,42942464,42942464,768,768,1536
2905,1764562482.6619098,kem_handshake,0.000036337|0.000020238|0.000043821,0.00,0.00,42942464,42942464,768,768,1536
2906,1764562482.663307,kem_handshake,0.000022201|0.000016671|0.000034353,0.00,0.00,42942464,42942464,768,768,1536
2907,1764562482.6645122,kem_handshake,0.000026288|0.000020749|0.000042118,0.00,0.00,42942464,42942464,768,768,1536
2908,1764562482.665757,kem_handshake,0.000022942|0.000016380|0.000039323,0.00,0.00,42942464,42942464,768,768,1536
2909,1764562482.6671402,kem_handshake,0.000060432|0.000022702|0.000035375,0.00,0.00,42942464,42942464,768,768,1536
2910,1764562482.6682985,kem_handshake,0.000020338|0.000015789|0.000034614,0.00,0.00,42942464,42942464,768,768,1536
2911,1764562482.6693954,kem_handshake,0.000018474|0.000015448|0.000032991,0.00,0.00,42942464,42942464,768,768,1536
2912,1764562482.6704586,kem_handshake,0.000018625|0.000015338|0.000033211,0.00,0.00,42942464,42942464,768,768,1536
2913,1764562482.6714969,kem_handshake,0.000018575|0.000015068|0.000032210,0.00,0.00,42942464,42942464,768,768,1536
2914,1764562482.6727316,kem_handshake,0.000024064|0.000017022|0.000042338,0.00,0.00,42942464,42942464,768,768,1536
2915,1764562482.673914,kem_handshake,0.000020167|0.000016260|0.000035505,0.00,0.00,42942464,42942464,768,768,1536
2916,1764562482.6749804,kem_handshake,0.000018585|0.000015278|0.000033672,0.00,0.00,42942464,42942464,768,768,1536
2917,1764562482.676043,kem_handshake,0.000019366|0.000015358|0.000032710,0.00,0.00,42942464,42942464,768,768,1536
2918,1764562482.677159,kem_handshake,0.000020919|0.000015949|0.000034193,0.00,0.00,42942464,42942464,768,768,1536
2919,1764562482.6782186,kem_handshake,0.000018604|0.000015659|0.000032700,0.00,0.00,42942464,42942464,768,768,1536
2920,1764562482.6792908,kem_handshake,0.000018986|0.000015418|0.000032750,0.00,0.00,42942464,42942464,768,768,1536
2921,1764562482.680445,kem_handshake,0.000022622|0.000016921|0.000035436,0.00,0.00,42942464,42942464,768,768,1536
2922,1764562482.6816823,kem_handshake,0.000021620|0.000016070|0.000036608,0.00,0.00,42942464,42942464,768,768,1536
2923,1764562482.6827865,kem_handshake,0.000018264|0.000015348|0.000032760,0.00,0.00,42942464,42942464,768,768,1536
2924,1764562482.683893,kem_handshake,0.000020148|0.000016160|0.000033462,0.00,0.00,42942464,42942464,768,768,1536
2925,1764562482.6849484,kem_handshake,0.000018775|0.000015549|0.000033382,0.00,0.00,42942464,42942464,768,768,1536
2926,1764562482.6860127,kem_handshake,0.000019195|0.000015559|0.000032019,0.00,0.00,42942464,42942464,768,768,1536
2927,1764562482.6870973,kem_handshake,0.000018163|0.000015519|0.000032590,0.00,0.00,42942464,42942464,768,768,1536
2928,1764562482.688146,kem_handshake,0.000017993|0.000015619|0.000032721,0.00,0.00,42942464,42942464,768,768,1536
2929,1764562482.6894674,kem_handshake,0.000027421|0.000019666|0.000043210,0.00,0.00,42942464,42942464,768,768,1536
2930,1764562482.69068,kem_handshake,0.000019907|0.000015538|0.000033151,0.00,0.00,42942464,42942464,768,768,1536
2931,1764562482.6917663,kem_handshake,0.000018504|0.000015789|0.000032650,0.00,0.00,42942464,42942464,768,768,1536
2932,1764562482.692848,kem_handshake,0.000018704|0.000015499|0.000037639,0.00,0.00,42942464,42942464,768,768,1536
2933,1764562482.6939044,kem_handshake,0.000018314|0.000015258|0.000032700,0.00,0.00,42942464,42942464,768,768,1536
2934,1764562482.6949365,kem_handshake,0.000028232|0.000015509|0.000032550,0.00,0.00,42942464,42942464,768,768,1536
2935,1764562482.6959784,kem_handshake,0.000018515|0.000015298|0.000033061,0.00,0.00,42942464,42942464,768,768,1536
2936,1764562482.6971133,kem_handshake,0.000020048|0.000016119|0.000033352,0.00,0.00,42942464,42942464,768,768,1536
2937,1764562482.69832,kem_handshake,0.000019897|0.000016621|0.000033221,0.00,0.00,42942464,42942464,768,768,1536
2938,1764562482.7001016,kem_handshake,0.000103631|0.000049131|0.000094665,0.00,0.00,42934272,42934272,768,768,1536
2939,1764562482.7016084,kem_handshake,0.000021980|0.000017292|0.000034063,0.00,0.00,42934272,42934272,768,768,1536
2940,1764562482.702957,kem_handshake,0.000019226|0.000015719|0.000066303,0.00,0.00,42934272,42934272,768,768,1536
2941,1764562482.7045412,kem_handshake,0.000039313|0.000032460|0.000066854,0.00,0.00,42942464,42942464,768,768,1536
2942,1764562482.7059152,kem_handshake,0.000025978|0.000017883|0.000042959,0.00,0.00,42942464,42942464,768,768,1536
2943,1764562482.7070565,kem_handshake,0.000019517|0.000015799|0.000033041,0.00,0.00,42942464,42942464,768,768,1536
2944,1764562482.7081401,kem_handshake,0.000019325|0.000015509|0.000032821,0.00,0.00,42942464,42942464,768,768,1536
2945,1764562482.7092097,kem_handshake,0.000018534|0.000015499|0.000032621,0.00,0.00,42942464,42942464,768,768,1536
2946,1764562482.7102675,kem_handshake,0.000019285|0.000015548|0.000033072,0.00,0.00,42942464,42942464,768,768,1536
2947,1764562482.7113216,kem_handshake,0.000018705|0.000015378|0.000032891,0.00,0.00,42942464,42942464,768,768,1536
2948,1764562482.7123709,kem_handshake,0.000018194|0.000015248|0.000032711,0.00,0.00,42942464,42942464,768,768,1536
2949,1764562482.7134511,kem_handshake,0.000018394|0.000015850|0.000039954,0.00,0.00,42942464,42942464,768,768,1536
2950,1764562482.7147143,kem_handshake,0.000020878|0.000016390|0.000035185,0.00,0.00,42942464,42942464,768,768,1536
2951,1764562482.7158008,kem_handshake,0.000018915|0.000016160|0.000033041,0.00,0.00,42942464,42942464,768,768,1536
2952,1764562482.7168627,kem_handshake,0.000018684|0.000015649|0.000037059,0.00,0.00,42942464,42942464,768,768,1536
2953,1764562482.7179306,kem_handshake,0.000023042|0.000015899|0.000032710,0.00,0.00,42942464,42942464,768,768,1536
2954,1764562482.719041,kem_handshake,0.000018814|0.000015338|0.000032781,0.00,0.00,42942464,42942464,768,768,1536
2955,1764562482.7200947,kem_handshake,0.000018294|0.000015569|0.000032921,0.00,0.00,42942464,42942464,768,768,1536
2956,1764562482.7211578,kem_handshake,0.000018444|0.000015569|0.000032300,0.00,0.00,42942464,42942464,768,768,1536
2957,1764562482.722273,kem_handshake,0.000020668|0.000016490|0.000034193,0.00,0.00,42942464,42942464,768,768,1536
2958,1764562482.7234368,kem_handshake,0.000019917|0.000015879|0.000032571,0.00,0.00,42942464,42942464,768,768,1536
2959,1764562482.7245302,kem_handshake,0.000018855|0.000016390|0.000032791,0.00,0.00,42942464,42942464,768,768,1536
2960,1764562482.7256854,kem_handshake,0.000022121|0.000016591|0.000035114,0.00,0.00,42942464,42942464,768,768,1536
2961,1764562482.7270796,kem_handshake,0.000036417|0.000021410|0.000041076,0.00,0.00,42934272,42934272,768,768,1536
2962,1764562482.7283294,kem_handshake,0.000025166|0.000018465|0.000034654,0.00,0.00,42934272,42934272,768,768,1536
2963,1764562482.7294743,kem_handshake,0.000018605|0.000016039|0.000033482,0.00,0.00,42934272,42934272,768,768,1536
2964,1764562482.7306464,kem_handshake,0.000022912|0.000016751|0.000036377,0.00,0.00,42934272,42934272,768,768,1536
2965,1764562482.731862,kem_handshake,0.000019806|0.000016010|0.000040595,0.00,0.00,42934272,42934272,768,768,1536
2966,1764562482.7329562,kem_handshake,0.000020267|0.000015539|0.000032600,0.00,0.00,42934272,42934272,768,768,1536
2967,1764562482.7340426,kem_handshake,0.000019175|0.000015790|0.000032861,0.00,0.00,42934272,42934272,768,768,1536
2968,1764562482.7351332,kem_handshake,0.000018234|0.000015339|0.000033131,0.00,0.00,42934272,42934272,768,768,1536
2969,1764562482.7361903,kem_handshake,0.000018013|0.000015218|0.000032580,0.00,0.00,42934272,42934272,768,768,1536
2970,1764562482.7372575,kem_handshake,0.000018113|0.000015148|0.000032690,0.00,0.00,42934272,42934272,768,768,1536
2971,1764562482.738335,kem_handshake,0.000018103|0.000015329|0.000032119,0.00,0.00,42934272,42934272,768,768,1536
2972,1764562482.7395792,kem_handshake,0.000021159|0.000016540|0.000036358,0.00,0.00,42934272,42934272,768,768,1536
2973,1764562482.740694,kem_handshake,0.000018965|0.000015699|0.000033061,0.00,0.00,42934272,42934272,768,768,1536
2974,1764562482.7417736,kem_handshake,0.000018274|0.000015268|0.000032821,0.00,0.00,42934272,42934272,768,768,1536
2975,1764562482.7428434,kem_handshake,0.000018424|0.000014997|0.000032681,0.00,0.00,42934272,42934272,768,768,1536
2976,1764562482.7439234,kem_handshake,0.000018474|0.000022382|0.000032831,0.00,0.00,42934272,42934272,768,768,1536
2977,1764562482.7449944,kem_handshake,0.000018263|0.000015318|0.000032891,0.00,0.00,42934272,42934272,768,768,1536
2978,1764562482.7460508,kem_handshake,0.000017723|0.000015108|0.000032611,0.00,0.00,42934272,42934272,768,768,1536
2979,1764562482.7471466,kem_handshake,0.000019566|0.000015900|0.000034634,0.00,0.00,42934272,42934272,768,768,1536
2980,1764562482.7482543,kem_handshake,0.000019006|0.000015338|0.000033862,0.00,0.00,42934272,42934272,768,768,1536
2981,1764562482.7493246,kem_handshake,0.000017442|0.000015489|0.000032601,0.00,0.00,42934272,42934272,768,768,1536
2982,1764562482.7503967,kem_handshake,0.000018174|0.000015268|0.000032521,0.00,0.00,42934272,42934272,768,768,1536
2983,1764562482.7515574,kem_handshake,0.000022141|0.000016781|0.000035846,0.00,0.00,42934272,42934272,768,768,1536
2984,1764562482.7527049,kem_handshake,0.000018575|0.000015979|0.000032761,0.00,0.00,42934272,42934272,768,768,1536
2985,1764562482.7538521,kem_handshake,0.000018514|0.000015348|0.000037119,0.00,0.00,42934272,42934272,768,768,1536
2986,1764562482.7549398,kem_handshake,0.000022492|0.000015178|0.000032800,0.00,0.00,42934272,42934272,768,768,1536
2987,1764562482.7560575,kem_handshake,0.000022341|0.000015579|0.000036037,0.00,0.00,42934272,42934272,768,768,1536
2988,1764562482.7572422,kem_handshake,0.000021560|0.000016060|0.000035045,0.00,0.00,42934272,42934272,768,768,1536
2989,1764562482.7584784,kem_handshake,0.000034473|0.000016811|0.000045384,0.00,0.00,42934272,42934272,768,768,1536
2990,1764562482.7597077,kem_handshake,0.000019115|0.000015058|0.000035495,0.00,0.00,42934272,42934272,768,768,1536
2991,1764562482.7608259,kem_handshake,0.000019557|0.000016090|0.000034894,0.00,0.00,42934272,42934272,768,768,1536
2992,1764562482.7624593,kem_handshake,0.000075700|0.000025587|0.000072905,0.00,0.00,42934272,42934272,768,768,1536
2993,1764562482.7641442,kem_handshake,0.000028944|0.000017983|0.000036318,0.00,0.00,42934272,42934272,768,768,1536
2994,1764562482.7654178,kem_handshake,0.000021650|0.000017232|0.000038461,0.00,0.00,42934272,42934272,768,768,1536
2995,1764562482.7665136,kem_handshake,0.000019306|0.000015619|0.000032931,0.00,0.00,42934272,42934272,768,768,1536
2996,1764562482.7677944,kem_handshake,0.000031348|0.000020829|0.000050694,0.00,0.00,42934272,42934272,768,768,1536
2997,1764562482.7696462,kem_handshake,0.000046746|0.000025156|0.000058418,0.00,0.00,42934272,42934272,768,768,1536
2998,1764562482.7714274,kem_handshake,0.000047968|0.000027391|0.000065101,0.00,0.00,42934272,42934272,768,768,1536
2999,1764562482.7735999,kem_handshake,0.000125131|0.000052277|0.000103862,0.00,0.00,42942464,42942464,768,768,1536
3000,1764562482.7753856,kem_handshake,0.000029324|0.000018474|0.000042839,0.00,0.00,42942464,42942464,768,768,1536
3001,1764562482.7765672,kem_handshake,0.000019797|0.000016000|0.000033452,0.00,0.00,42942464,42942464,768,768,1536
3002,1764562482.777711,kem_handshake,0.000019245|0.000015809|0.000034103,0.00,0.00,42942464,42942464,768,768,1536
3003,1764562482.7788649,kem_handshake,0.000019486|0.000015699|0.000038931,0.00,0.00,42942464,42942464,768,768,1536
3004,1764562482.779998,kem_handshake,0.000021560|0.000016661|0.000035536,0.00,0.00,42942464,42942464,768,768,1536
3005,1764562482.7812495,kem_handshake,0.000024245|0.000018684|0.000036848,0.00,0.00,42942464,42942464,768,768,1536
3006,1764562482.782485,kem_handshake,0.000021810|0.000016531|0.000035094,0.00,0.00,42942464,42942464,768,768,1536
3007,1764562482.7839038,kem_handshake,0.000024395|0.000018294|0.000073285,0.00,0.00,42942464,42942464,768,768,1536
3008,1764562482.7857077,kem_handshake,0.000062996|0.000037710|0.000079266,0.00,0.00,42934272,42934272,768,768,1536
3009,1764562482.7872853,kem_handshake,0.000036016|0.000019446|0.000043450,0.00,0.00,42934272,42934272,768,768,1536
3010,1764562482.7890189,kem_handshake,0.000055382|0.000027420|0.000055092,0.00,0.00,42934272,42934272,768,768,1536
3011,1764562482.7913702,kem_handshake,0.000062686|0.000037379|0.000078765,0.00,0.00,42942464,42942464,768,768,1536
3012,1764562482.7929611,kem_handshake,0.000032711|0.000017071|0.000037960,0.00,0.00,42942464,42942464,768,768,1536
3013,1764562482.7942622,kem_handshake,0.000031508|0.000017662|0.000041918,0.00,0.00,42942464,42942464,768,768,1536
3014,1764562482.7954226,kem_handshake,0.000020067|0.000016661|0.000033812,0.00,0.00,42942464,42942464,768,768,1536
3015,1764562482.7971861,kem_handshake,0.000070250|0.000028793|0.000059791,0.00,0.00,42934272,42934272,768,768,1536
3016,1764562482.7987843,kem_handshake,0.000024355|0.000017943|0.000034504,0.00,0.00,42934272,42934272,768,768,1536
3017,1764562482.7998955,kem_handshake,0.000018955|0.000015278|0.000032750,0.00,0.00,42934272,42934272,768,768,1536
3018,1764562482.8009589,kem_handshake,0.000018704|0.000015439|0.000033762,0.00,0.00,42934272,42934272,768,768,1536
3019,1764562482.8020678,kem_handshake,0.000019125|0.000015669|0.000033953,0.00,0.00,42934272,42934272,768,768,1536
3020,1764562482.803141,kem_handshake,0.000018054|0.000015178|0.000032730,0.00,0.00,42934272,42934272,768,768,1536
3021,1764562482.804192,kem_handshake,0.000017452|0.000015008|0.000032740,0.00,0.00,42934272,42934272,768,768,1536
3022,1764562482.8053713,kem_handshake,0.000022021|0.000016921|0.000035726,0.00,0.00,42934272,42934272,768,768,1536
3023,1764562482.8066027,kem_handshake,0.000019727|0.000016130|0.000034023,0.00,0.00,42934272,42934272,768,768,1536
3024,1764562482.807674,kem_handshake,0.000018414|0.000015519|0.000033422,0.00,0.00,42934272,42934272,768,768,1536
3025,1764562482.8087566,kem_handshake,0.000018815|0.000015579|0.000033291,0.00,0.00,42934272,42934272,768,768,1536
3026,1764562482.809814,kem_handshake,0.000018444|0.000015178|0.000033342,0.00,0.00,42934272,42934272,768,768,1536
3027,1764562482.8109791,kem_handshake,0.000023784|0.000018514|0.000040725,0.00,0.00,42934272,42934272,768,768,1536
3028,1764562482.8121254,kem_handshake,0.000019717|0.000016009|0.000033782,0.00,0.00,42934272,42934272,768,768,1536
3029,1764562482.8139257,kem_handshake,0.000079416|0.000030707|0.000099114,0.00,0.00,42942464,42942464,768,768,1536
3030,1764562482.8152924,kem_handshake,0.000032961|0.000022572|0.000038151,0.00,0.00,42942464,42942464,768,768,1536
3031,1764562482.8164706,kem_handshake,0.000023423|0.000016410|0.000036247,0.00,0.00,42942464,42942464,768,768,1536
3032,1764562482.8176427,kem_handshake,0.000020267|0.000015739|0.000033682,0.00,0.00,42942464,42942464,768,768,1536
3033,1764562482.8188226,kem_handshake,0.000022191|0.000016791|0.000035656,0.00,0.00,42942464,42942464,768,768,1536
3034,1764562482.8199747,kem_handshake,0.000022822|0.000016761|0.000034995,0.00,0.00,42942464,42942464,768,768,1536
3035,1764562482.8213248,kem_handshake,0.000033331|0.000019426|0.000044172,0.00,0.00,42942464,42942464,768,768,1536
3036,1764562482.8227859,kem_handshake,0.000038711|0.000024075|0.000056754,0.00,0.00,42942464,42942464,768,768,1536
3037,1764562482.82509,kem_handshake,0.000069228|0.000027671|0.000128748,0.00,0.00,42934272,42934272,768,768,1536
3038,1764562482.8274517,kem_handshake,0.000035816|0.000020939|0.000042208,0.00,0.00,42934272,42934272,768,768,1536
3039,1764562482.8293188,kem_handshake,0.000067375|0.000039042|0.000090017,0.00,0.00,42942464,42942464,768,768,1536
3040,1764562482.8310442,kem_handshake,0.000036337|0.000019576|0.000041025,0.00,0.00,42942464,42942464,768,768,1536
3041,1764562482.832934,kem_handshake,0.000053138|0.000024375|0.000094856,0.00,0.00,42934272,42934272,768,768,1536
3042,1764562482.8342488,kem_handshake,0.000022922|0.000017883|0.000034614,0.00,0.00,42934272,42934272,768,768,1536
3043,1764562482.8355358,kem_handshake,0.000019616|0.000016962|0.000034904,0.00,0.00,42934272,42934272,768,768,1536
3044,1764562482.8367002,kem_handshake,0.000018605|0.000015378|0.000033311,0.00,0.00,42934272,42934272,768,768,1536
3045,1764562482.837866,kem_handshake,0.000021379|0.000016260|0.000042709,0.00,0.00,42934272,42934272,768,768,1536
3046,1764562482.8389816,kem_handshake,0.000020067|0.000015990|0.000033893,0.00,0.00,42934272,42934272,768,768,1536
3047,1764562482.8407564,kem_handshake,0.000066653|0.000039033|0.000076993,0.00,0.00,42942464,42942464,768,768,1536
3048,1764562482.8421142,kem_handshake,0.000021740|0.000017262|0.000033542,0.00,0.00,42942464,42942464,768,768,1536
3049,1764562482.8432112,kem_handshake,0.000019436|0.000015729|0.000033181,0.00,0.00,42942464,42942464,768,768,1536
3050,1764562482.8443537,kem_handshake,0.000019136|0.000015809|0.000032751,0.00,0.00,42942464,42942464,768,768,1536
3051,1764562482.8454309,kem_handshake,0.000020628|0.000016441|0.000035115,0.00,0.00,42942464,42942464,768,768,1536
3052,1764562482.846676,kem_handshake,0.000025788|0.000020969|0.000044271,0.00,0.00,42942464,42942464,768,768,1536
3053,1764562482.8479743,kem_handshake,0.000026208|0.000017703|0.000042197,0.00,0.00,42942464,42942464,768,768,1536
3054,1764562482.8491385,kem_handshake,0.000019717|0.000015769|0.000033512,0.00,0.00,42942464,42942464,768,768,1536
3055,1764562482.8502567,kem_handshake,0.000019216|0.000015699|0.000033432,0.00,0.00,42942464,42942464,768,768,1536
3056,1764562482.8513198,kem_handshake,0.000018715|0.000015268|0.000032781,0.00,0.00,42942464,42942464,768,768,1536
3057,1764562482.852403,kem_handshake,0.000018244|0.000015589|0.000032270,0.00,0.00,42942464,42942464,768,768,1536
3058,1764562482.853558,kem_handshake,0.000019045|0.000015228|0.000062225,0.00,0.00,42942464,42942464,768,768,1536
3059,1764562482.8547454,kem_handshake,0.000021149|0.000017181|0.000035145,0.00,0.00,42942464,42942464,768,768,1536
3060,1764562482.8561924,kem_handshake,0.000029574|0.000017924|0.000043440,0.00,0.00,42942464,42942464,768,768,1536
3061,1764562482.8575425,kem_handshake,0.000021971|0.000016540|0.000037479,0.00,0.00,42942464,42942464,768,768,1536
3062,1764562482.8586576,kem_handshake,0.000019125|0.000015729|0.000033982,0.00,0.00,42942464,42942464,768,768,1536
3063,1764562482.859731,kem_handshake,0.000019136|0.000015639|0.000034434,0.00,0.00,42942464,42942464,768,768,1536
3064,1764562482.8609362,kem_handshake,0.000018524|0.000015790|0.000032500,0.00,0.00,42942464,42942464,768,768,1536
3065,1764562482.8620555,kem_handshake,0.000061313|0.000022171|0.000032570,0.00,0.00,42942464,42942464,768,768,1536
3066,1764562482.8632107,kem_handshake,0.000021209|0.000018835|0.000036177,0.00,0.00,42942464,42942464,768,768,1536
3067,1764562482.8644772,kem_handshake,0.000020308|0.000015699|0.000034253,0.00,0.00,42942464,42942464,768,768,1536
3068,1764562482.8656905,kem_handshake,0.000024556|0.000016921|0.000037249,0.00,0.00,42942464,42942464,768,768,1536
3069,1764562482.867674,kem_handshake,0.000065902|0.000030176|0.000066483,0.00,0.00,42942464,42942464,768,768,1536
3070,1764562482.8701866,kem_handshake,0.000038571|0.000020838|0.000045644,0.00,0.00,42942464,42942464,768,768,1536
3071,1764562482.8720033,kem_handshake,0.000036768|0.000019947|0.000042429,0.00,0.00,42942464,42942464,768,768,1536
3072,1764562482.873569,kem_handshake,0.000037780|0.000021730|0.000053348,0.00,0.00,42942464,42942464,768,768,1536
3073,1764562482.8755226,kem_handshake,0.000051765|0.000026779|0.000073816,0.00,0.00,42942464,42942464,768,768,1536
3074,1764562482.8770993,kem_handshake,0.000029524|0.000018724|0.000039884,0.00,0.00,42942464,42942464,768,768,1536
3075,1764562482.8784332,kem_handshake,0.000022541|0.000018034|0.000037198,0.00,0.00,42942464,42942464,768,768,1536
3076,1764562482.8805344,kem_handshake,0.000036437|0.000021930|0.000059099,0.00,0.00,42942464,42942464,768,768,1536
3077,1764562482.882589,kem_handshake,0.000090768|0.000045815|0.000093973,0.00,0.00,42934272,42934272,768,768,1536
3078,1764562482.884668,kem_handshake,0.000049011|0.000034303|0.000076732,0.00,0.00,42942464,42942464,768,768,1536
3079,1764562482.8860984,kem_handshake,0.000025537|0.000018765|0.000037770,0.00,0.00,42942464,42942464,768,768,1536
3080,1764562482.887361,kem_handshake,0.000022922|0.000016521|0.000035686,0.00,0.00,42942464,42942464,768,768,1536
3081,1764562482.8884974,kem_handshake,0.000019977|0.000015989|0.000033822,0.00,0.00,42942464,42942464,768,768,1536
3082,1764562482.8896637,kem_handshake,0.000022532|0.000017753|0.000034534,0.00,0.00,42942464,42942464,768,768,1536
3083,1764562482.890795,kem_handshake,0.000019116|0.000015809|0.000033702,0.00,0.00,42942464,42942464,768,768,1536
3084,1764562482.8927512,kem_handshake,0.000063277|0.000046246|0.000085568,0.00,0.00,42934272,42934272,768,768,1536
3085,1764562482.8940935,kem_handshake,0.000020568|0.000016130|0.000034243,0.00,0.00,42934272,42934272,768,768,1536
3086,1764562482.895178,kem_handshake,0.000019085|0.000015468|0.000032349,0.00,0.00,42934272,42934272,768,768,1536
3087,1764562482.8963587,kem_handshake,0.000019255|0.000015870|0.000034143,0.00,0.00,42934272,42934272,768,768,1536
3088,1764562482.897585,kem_handshake,0.000075059|0.000021931|0.000036047,0.00,0.00,42934272,42934272,768,768,1536
3089,1764562482.898687,kem_handshake,0.000019256|0.000015849|0.000033382,0.00,0.00,42934272,42934272,768,768,1536
3090,1764562482.8997803,kem_handshake,0.000018134|0.000015489|0.000033472,0.00,0.00,42934272,42934272,768,768,1536
3091,1764562482.9008372,kem_handshake,0.000018414|0.000015268|0.000033021,0.00,0.00,42934272,42934272,768,768,1536
3092,1764562482.9020286,kem_handshake,0.000018945|0.000015178|0.000033803,0.00,0.00,42934272,42934272,768,768,1536
3093,1764562482.903332,kem_handshake,0.000033872|0.000019777|0.000053780,0.00,0.00,42942464,42942464,768,768,1536
3094,1764562482.9046152,kem_handshake,0.000024114|0.000016741|0.000042489,0.00,0.00,42934272,42934272,768,768,1536
3095,1764562482.9057605,kem_handshake,0.000019246|0.000015579|0.000034915,0.00,0.00,42934272,42934272,768,768,1536
3096,1764562482.907021,kem_handshake,0.000022281|0.000016942|0.000035024,0.00,0.00,42934272,42934272,768,768,1536
3097,1764562482.9082112,kem_handshake,0.000020348|0.000016410|0.000033542,0.00,0.00,42934272,42934272,768,768,1536
3098,1764562482.9097705,kem_handshake,0.000050323|0.000035586|0.000045433,0.00,0.00,42942464,42942464,768,768,1536
3099,1764562482.9110296,kem_handshake,0.000021720|0.000016410|0.000033582,0.00,0.00,42942464,42942464,768,768,1536
3100,1764562482.9121058,kem_handshake,0.000019125|0.000015720|0.000032960,0.00,0.00,42942464,42942464,768,768,1536
3101,1764562482.9132156,kem_handshake,0.000020057|0.000016731|0.000033412,0.00,0.00,42942464,42942464,768,768,1536
3102,1764562482.9144087,kem_handshake,0.000022963|0.000016661|0.000039222,0.00,0.00,42942464,42942464,768,768,1536
3103,1764562482.9160466,kem_handshake,0.000048659|0.000024405|0.000057797,0.00,0.00,42934272,42934272,768,768,1536
3104,1764562482.9173307,kem_handshake,0.000020658|0.000016771|0.000033562,0.00,0.00,42934272,42934272,768,768,1536
3105,1764562482.9184349,kem_handshake,0.000019837|0.000016280|0.000032760,0.00,0.00,42934272,42934272,768,768,1536
3106,1764562482.9194903,kem_handshake,0.000018664|0.000015309|0.000032700,0.00,0.00,42934272,42934272,768,768,1536
3107,1764562482.9205487,kem_handshake,0.000018394|0.000016050|0.000032480,0.00,0.00,42934272,42934272,768,768,1536
3108,1764562482.9216497,kem_handshake,0.000020288|0.000016130|0.000033882,0.00,0.00,42934272,42934272,768,768,1536
3109,1764562482.9227858,kem_handshake,0.000021870|0.000017463|0.000035445,0.00,0.00,42934272,42934272,768,768,1536
3110,1764562482.924114,kem_handshake,0.000025116|0.000018404|0.000039212,0.00,0.00,42934272,42934272,768,768,1536
3111,1764562482.9259787,kem_handshake,0.000061954|0.000037690|0.000078505,0.00,0.00,42942464,42942464,768,768,1536
3112,1764562482.9274044,kem_handshake,0.000024575|0.000017032|0.000035445,0.00,0.00,42942464,42942464,768,768,1536
3113,1764562482.9287882,kem_handshake,0.000032741|0.000019426|0.000044282,0.00,0.00,42942464,42942464,768,768,1536
3114,1764562482.9303873,kem_handshake,0.000029825|0.000020659|0.000042288,0.00,0.00,42942464,42942464,768,768,1536
3115,1764562482.931965,kem_handshake,0.000037118|0.000019356|0.000043811,0.00,0.00,42942464,42942464,768,768,1536
3116,1764562482.9331574,kem_handshake,0.000021470|0.000016591|0.000035716,0.00,0.00,42942464,42942464,768,768,1536
3117,1764562482.934314,kem_handshake,0.000020267|0.000016321|0.000034694,0.00,0.00,42942464,42942464,768,768,1536
3118,1764562482.9355206,kem_handshake,0.000019506|0.000016220|0.000034364,0.00,0.00,42942464,42942464,768,768,1536
3119,1764562482.9366686,kem_handshake,0.000018965|0.000015329|0.000033121,0.00,0.00,42942464,42942464,768,768,1536
3120,1764562482.9377654,kem_handshake,0.000022782|0.000019316|0.000034023,0.00,0.00,42942464,42942464,768,768,1536
3121,1764562482.939666,kem_handshake,0.000098302|0.000049912|0.000096107,0.00,0.00,42934272,42934272,768,768,1536
3122,1764562482.9415858,kem_handshake,0.000026659|0.000020658|0.000042528,0.00,0.00,42934272,42934272,768,768,1536
3123,1764562482.942757,kem_handshake,0.000019606|0.000016300|0.000033382,0.00,0.00,42934272,42934272,768,768,1536
3124,1764562482.9438653,kem_handshake,0.000019677|0.000016310|0.000036657,0.00,0.00,42934272,42934272,768,768,1536
3125,1764562482.9449444,kem_handshake,0.000026079|0.000016570|0.000033061,0.00,0.00,42934272,42934272,768,768,1536
3126,1764562482.9460268,kem_handshake,0.000020037|0.000016330|0.000034804,0.00,0.00,42934272,42934272,768,768,1536
3127,1764562482.9472194,kem_handshake,0.000020769|0.000017633|0.000038892,0.00,0.00,42934272,42934272,768,768,1536
3128,1764562482.9483929,kem_handshake,0.000019737|0.000016100|0.000034865,0.00,0.00,42934272,42934272,768,768,1536
3129,1764562482.9498699,kem_handshake,0.000057586|0.000026730|0.000056124,0.00,0.00,42942464,42942464,768,768,1536
3130,1764562482.9511192,kem_handshake,0.000021991|0.000017212|0.000033632,0.00,0.00,42942464,42942464,768,768,1536
3131,1764562482.9526515,kem_handshake,0.000042438|0.000031949|0.000065831,0.00,0.00,42934272,42934272,768,768,1536
3132,1764562482.9539502,kem_handshake,0.000020007|0.000016390|0.000033702,0.00,0.00,42934272,42934272,768,768,1536
3133,1764562482.9550328,kem_handshake,0.000018905|0.000015940|0.000032410,0.00,0.00,42934272,42934272,768,768,1536
3134,1764562482.9565127,kem_handshake,0.000044853|0.000033963|0.000078094,0.00,0.00,42934272,42934272,768,768,1536
3135,1764562482.9577436,kem_handshake,0.000020398|0.000016250|0.000034133,0.00,0.00,42934272,42934272,768,768,1536
3136,1764562482.958879,kem_handshake,0.000019647|0.000016090|0.000033773,0.00,0.00,42934272,42934272,768,768,1536
3137,1764562482.9599812,kem_handshake,0.000019005|0.000015770|0.000033292,0.00,0.00,42934272,42934272,768,768,1536
3138,1764562482.961063,kem_handshake,0.000019015|0.000015919|0.000033102,0.00,0.00,42934272,42934272,768,768,1536
3139,1764562482.9621186,kem_handshake,0.000018114|0.000015469|0.000033422,0.00,0.00,42934272,42934272,768,768,1536
3140,1764562482.9632,kem_handshake,0.000018945|0.000015528|0.000032190,0.00,0.00,42934272,42934272,768,768,1536
3141,1764562482.9643133,kem_handshake,0.000020679|0.000016470|0.000034474,0.00,0.00,42934272,42934272,768,768,1536
3142,1764562482.9655724,kem_handshake,0.000027801|0.000019967|0.000045634,0.00,0.00,42934272,42934272,768,768,1536
3143,1764562482.9671042,kem_handshake,0.000022491|0.000017211|0.000040444,0.00,0.00,42934272,42934272,768,768,1536
3144,1764562482.9685512,kem_handshake,0.000044051|0.000023243|0.000046506,0.00,0.00,42942464,42942464,768,768,1536
3145,1764562482.9701042,kem_handshake,0.000024705|0.000017373|0.000036808,0.00,0.00,42942464,42942464,768,768,1536
3146,1764562482.971307,kem_handshake,0.000023423|0.000017443|0.000033572,0.00,0.00,42942464,42942464,768,768,1536
3147,1764562482.9725306,kem_handshake,0.000021630|0.000016421|0.000033962,0.00,0.00,42942464,42942464,768,768,1536
3148,1764562482.973784,kem_handshake,0.000023053|0.000016921|0.000035065,0.00,0.00,42942464,42942464,768,768,1536
3149,1764562482.9749088,kem_handshake,0.000020208|0.000017141|0.000033261,0.00,0.00,42942464,42942464,768,768,1536
3150,1764562482.9759967,kem_handshake,0.000019356|0.000015889|0.000032731,0.00,0.00,42942464,42942464,768,768,1536
3151,1764562482.9771333,kem_handshake,0.000019957|0.000016000|0.000033122,0.00,0.00,42942464,42942464,768,768,1536
3152,1764562482.978241,kem_handshake,0.000018444|0.000015369|0.000032199,0.00,0.00,42942464,42942464,768,768,1536
3153,1764562482.979402,kem_handshake,0.000020107|0.000015979|0.000039232,0.00,0.00,42942464,42942464,768,768,1536
3154,1764562482.981267,kem_handshake,0.000076551|0.000048460|0.000096598,0.00,0.00,42934272,42934272,768,768,1536
3155,1764562482.9826727,kem_handshake,0.000022983|0.000016811|0.000036036,0.00,0.00,42934272,42934272,768,768,1536
3156,1764562482.98386,kem_handshake,0.000019506|0.000016250|0.000041046,0.00,0.00,42934272,42934272,768,768,1536
3157,1764562482.9850643,kem_handshake,0.000022592|0.000016571|0.000035676,0.00,0.00,42934272,42934272,768,768,1536
3158,1764562482.9865258,kem_handshake,0.000046827|0.000024696|0.000062735,0.00,0.00,42942464,42942464,768,768,1536
3159,1764562482.988464,kem_handshake,0.000052216|0.000035776|0.000076200,0.00,0.00,42934272,42934272,768,768,1536
3160,1764562482.990543,kem_handshake,0.000032841|0.000022170|0.000045324,0.00,0.00,42934272,42934272,768,768,1536
3161,1764562482.9917905,kem_handshake,0.000023002|0.000016931|0.000034303,0.00,0.00,42934272,42934272,768,768,1536
3162,1764562482.9930625,kem_handshake,0.000025668|0.000017352|0.000036698,0.00,0.00,42934272,42934272,768,768,1536
3163,1764562482.9944358,kem_handshake,0.000038742|0.000022321|0.000046736,0.00,0.00,42934272,42934272,768,768,1536
3164,1764562482.995688,kem_handshake,0.000021079|0.000015799|0.000034855,0.00,0.00,42934272,42934272,768,768,1536
3165,1764562482.9968152,kem_handshake,0.000019947|0.000016610|0.000033192,0.00,0.00,42934272,42934272,768,768,1536
3166,1764562482.997936,kem_handshake,0.000023764|0.000016450|0.000033221,0.00,0.00,42934272,42934272,768,768,1536
3167,1764562482.9992244,kem_handshake,0.000020628|0.000016530|0.000037780,0.00,0.00,42934272,42934272,768,768,1536
3168,1764562483.0011008,kem_handshake,0.000080248|0.000035415|0.000059430,0.00,0.00,42942464,42942464,768,768,1536
3169,1764562483.002469,kem_handshake,0.000024505|0.000016421|0.000034433,0.00,0.00,42942464,42942464,768,768,1536
3170,1764562483.0035641,kem_handshake,0.000019275|0.000015790|0.000032901,0.00,0.00,42942464,42942464,768,768,1536
3171,1764562483.0046518,kem_handshake,0.000020217|0.000015980|0.000033953,0.00,0.00,42942464,42942464,768,768,1536
3172,1764562483.0061476,kem_handshake,0.000049471|0.000034243|0.000068076,0.00,0.00,42934272,42934272,768,768,1536
3173,1764562483.0074515,kem_handshake,0.000019506|0.000015759|0.000034193,0.00,0.00,42934272,42934272,768,768,1536
3174,1764562483.0086086,kem_handshake,0.000019767|0.000015288|0.000033742,0.00,0.00,42934272,42934272,768,768,1536
3175,1764562483.0096564,kem_handshake,0.000018093|0.000015198|0.000032730,0.00,0.00,42934272,42934272,768,768,1536
3176,1764562483.0107024,kem_handshake,0.000017903|0.000015138|0.000032860,0.00,0.00,42934272,42934272,768,768,1536
3177,1764562483.0117521,kem_handshake,0.000017653|0.000015088|0.000033051,0.00,0.00,42934272,42934272,768,768,1536
3178,1764562483.0128558,kem_handshake,0.000019406|0.000016911|0.000037850,0.00,0.00,42934272,42934272,768,768,1536
3179,1764562483.0140398,kem_handshake,0.000020628|0.000016611|0.000036077,0.00,0.00,42934272,42934272,768,768,1536
3180,1764562483.015337,kem_handshake,0.000030907|0.000019055|0.000040294,0.00,0.00,42942464,42942464,768,768,1536
3181,1764562483.0168025,kem_handshake,0.000045604|0.000034464|0.000071091,0.00,0.00,42934272,42934272,768,768,1536
3182,1764562483.0181308,kem_handshake,0.000019687|0.000018103|0.000034755,0.00,0.00,42934272,42934272,768,768,1536
3183,1764562483.0193057,kem_handshake,0.000019466|0.000015709|0.000033973,0.00,0.00,42934272,42934272,768,768,1536
3184,1764562483.0204043,kem_handshake,0.000019186|0.000015749|0.000032860,0.00,0.00,42934272,42934272,768,768,1536
3185,1764562483.0215728,kem_handshake,0.000020859|0.000015930|0.000034173,0.00,0.00,42934272,42934272,768,768,1536
3186,1764562483.0229025,kem_handshake,0.000028502|0.000019886|0.000043290,0.00,0.00,42934272,42934272,768,768,1536
3187,1764562483.0240421,kem_handshake,0.000021018|0.000016039|0.000033461,0.00,0.00,42934272,42934272,768,768,1536
3188,1764562483.02512,kem_handshake,0.000020477|0.000015678|0.000033652,0.00,0.00,42934272,42934272,768,768,1536
3189,1764562483.0262082,kem_handshake,0.000019026|0.000016049|0.000032931,0.00,0.00,42934272,42934272,768,768,1536
3190,1764562483.02729,kem_handshake,0.000019466|0.000015579|0.000032991,0.00,0.00,42934272,42934272,768,768,1536
3191,1764562483.0283906,kem_handshake,0.000019456|0.000016140|0.000033362,0.00,0.00,42934272,42934272,768,768,1536
3192,1764562483.0295117,kem_handshake,0.000021299|0.000016962|0.000033823,0.00,0.00,42934272,42934272,768,768,1536
3193,1764562483.030691,kem_handshake,0.000020508|0.000016170|0.000034714,0.00,0.00,42934272,42934272,768,768,1536
3194,1764562483.0318265,kem_handshake,0.000019436|0.000016130|0.000033471,0.00,0.00,42934272,42934272,768,768,1536
3195,1764562483.0329394,kem_handshake,0.000019646|0.000034093|0.000033151,0.00,0.00,42934272,42934272,768,768,1536
3196,1764562483.0340075,kem_handshake,0.000018925|0.000015899|0.000032811,0.00,0.00,42934272,42934272,768,768,1536
3197,1764562483.035364,kem_handshake,0.000040335|0.000034304|0.000066833,0.00,0.00,42934272,42934272,768,768,1536
3198,1764562483.0366611,kem_handshake,0.000019666|0.000016471|0.000033652,0.00,0.00,42934272,42934272,768,768,1536
3199,1764562483.037841,kem_handshake,0.000018915|0.000016110|0.000034023,0.00,0.00,42934272,42934272,768,768,1536
3200,1764562483.0389795,kem_handshake,0.000019556|0.000016200|0.000034604,0.00,0.00,42934272,42934272,768,768,1536
3201,1764562483.040131,kem_handshake,0.000019866|0.000016321|0.000033823,0.00,0.00,42934272,42934272,768,768,1536
3202,1764562483.0412204,kem_handshake,0.000018985|0.000015529|0.000032920,0.00,0.00,42934272,42934272,768,768,1536
3203,1764562483.042283,kem_handshake,0.000017894|0.000015288|0.000033021,0.00,0.00,42934272,42934272,768,768,1536
3204,1764562483.0434165,kem_handshake,0.000020528|0.000016380|0.000033813,0.00,0.00,42934272,42934272,768,768,1536
3205,1764562483.0452073,kem_handshake,0.000059630|0.000036858|0.000075560,0.00,0.00,42942464,42942464,768,768,1536
3206,1764562483.0464287,kem_handshake,0.000020147|0.000016160|0.000033242,0.00,0.00,42942464,42942464,768,768,1536
3207,1764562483.0476346,kem_handshake,0.000020138|0.000016380|0.000039673,0.00,0.00,42942464,42942464,768,768,1536
3208,1764562483.0488677,kem_handshake,0.000019216|0.000016640|0.000039343,0.00,0.00,42942464,42942464,768,768,1536
3209,1764562483.0500634,kem_handshake,0.000019966|0.000015598|0.000033402,0.00,0.00,42942464,42942464,768,768,1536
3210,1764562483.0515382,kem_handshake,0.000037870|0.000033162|0.000067124,0.00,0.00,42942464,42942464,768,768,1536
3211,1764562483.053475,kem_handshake,0.000085118|0.000052547|0.000107098,0.00,0.00,42934272,42934272,768,768,1536
3212,1764562483.0552003,kem_handshake,0.000037649|0.000022271|0.000048270,0.00,0.00,42934272,42934272,768,768,1536
3213,1764562483.057186,kem_handshake,0.000030176|0.000018905|0.000044993,0.00,0.00,42934272,42934272,768,768,1536
3214,1764562483.0584629,kem_handshake,0.000022141|0.000017503|0.000037380,0.00,0.00,42934272,42934272,768,768,1536
3215,1764562483.0595582,kem_handshake,0.000019216|0.000015549|0.000033572,0.00,0.00,42934272,42934272,768,768,1536
3216,1764562483.0606458,kem_handshake,0.000018945|0.000015619|0.000032861,0.00,0.00,42934272,42934272,768,768,1536
3217,1764562483.0619586,kem_handshake,0.000019066|0.000016250|0.000032871,0.00,0.00,42934272,42934272,768,768,1536
3218,1764562483.0631003,kem_handshake,0.000076642|0.000021479|0.000032891,0.00,0.00,42934272,42934272,768,768,1536
3219,1764562483.0642664,kem_handshake,0.000022732|0.000017743|0.000039994,0.00,0.00,42934272,42934272,768,768,1536
3220,1764562483.065442,kem_handshake,0.000020097|0.000015699|0.000033793,0.00,0.00,42934272,42934272,768,768,1536
3221,1764562483.0672011,kem_handshake,0.000077182|0.000031638|0.000060281,0.00,0.00,42942464,42942464,768,768,1536
3222,1764562483.0685887,kem_handshake,0.000022021|0.000018033|0.000034033,0.00,0.00,42942464,42942464,768,768,1536
3223,1764562483.0697644,kem_handshake,0.000022392|0.000017031|0.000035846,0.00,0.00,42934272,42934272,768,768,1536
3224,1764562483.0708985,kem_handshake,0.000019987|0.000016070|0.000034474,0.00,0.00,42934272,42934272,768,768,1536
3225,1764562483.0721328,kem_handshake,0.000023263|0.000017102|0.000035065,0.00,0.00,42934272,42934272,768,768,1536
3226,1764562483.0733209,kem_handshake,0.000020138|0.000016721|0.000034524,0.00,0.00,42934272,42934272,768,768,1536
3227,1764562483.074457,kem_handshake,0.000020869|0.000015900|0.000033131,0.00,0.00,42934272,42934272,768,768,1536
3228,1764562483.075597,kem_handshake,0.000019526|0.000015618|0.000032701,0.00,0.00,42934272,42934272,768,768,1536
3229,1764562483.0766659,kem_handshake,0.000018975|0.000015298|0.000032800,0.00,0.00,42934272,42934272,768,768,1536
3230,1764562483.0777528,kem_handshake,0.000019316|0.000015729|0.000032530,0.00,0.00,42934272,42934272,768,768,1536
3231,1764562483.0788784,kem_handshake,0.000019807|0.000015609|0.000039493,0.00,0.00,42934272,42934272,768,768,1536
3232,1764562483.0799973,kem_handshake,0.000021490|0.000017743|0.000036878,0.00,0.00,42934272,42934272,768,768,1536
3233,1764562483.081279,kem_handshake,0.000022933|0.000016390|0.000034484,0.00,0.00,42934272,42934272,768,768,1536
3234,1764562483.0824156,kem_handshake,0.000019416|0.000016310|0.000032861,0.00,0.00,42934272,42934272,768,768,1536
3235,1764562483.0835042,kem_handshake,0.000019365|0.000015839|0.000032961,0.00,0.00,42934272,42934272,768,768,1536
3236,1764562483.084599,kem_handshake,0.000019807|0.000015889|0.000033532,0.00,0.00,42934272,42934272,768,768,1536
3237,1764562483.0856936,kem_handshake,0.000019145|0.000015799|0.000032691,0.00,0.00,42934272,42934272,768,768,1536
3238,1764562483.0871232,kem_handshake,0.000054912|0.000027291|0.000046005,0.00,0.00,42942464,42942464,768,768,1536
3239,1764562483.088399,kem_handshake,0.000021670|0.000017192|0.000035395,0.00,0.00,42942464,42942464,768,768,1536
3240,1764562483.089663,kem_handshake,0.000023654|0.000017803|0.000035906,0.00,0.00,42942464,42942464,768,768,1536
3241,1764562483.0908947,kem_handshake,0.000020969|0.000017312|0.000034083,0.00,0.00,42942464,42942464,768,768,1536
3242,1764562483.0927074,kem_handshake,0.000062486|0.000040475|0.000079226,0.00,0.00,42934272,42934272,768,768,1536
3243,1764562483.0942752,kem_handshake,0.000020498|0.000016450|0.000034544,0.00,0.00,42934272,42934272,768,768,1536
3244,1764562483.0954642,kem_handshake,0.000021279|0.000016290|0.000033642,0.00,0.00,42934272,42934272,768,768,1536
3245,1764562483.0965421,kem_handshake,0.000018334|0.000015449|0.000035195,0.00,0.00,42934272,42934272,768,768,1536
3246,1764562483.0976977,kem_handshake,0.000023304|0.000016681|0.000034674,0.00,0.00,42934272,42934272,768,768,1536
3247,1764562483.0988772,kem_handshake,0.000019285|0.000017122|0.000037850,0.00,0.00,42934272,42934272,768,768,1536
3248,1764562483.1001637,kem_handshake,0.000021089|0.000016481|0.000034564,0.00,0.00,42934272,42934272,768,768,1536
3249,1764562483.1016293,kem_handshake,0.000047738|0.000023333|0.000047808,0.00,0.00,42942464,42942464,768,768,1536
3250,1764562483.102797,kem_handshake,0.000021269|0.000016761|0.000033562,0.00,0.00,42942464,42942464,768,768,1536
3251,1764562483.1040037,kem_handshake,0.000022852|0.000016681|0.000036317,0.00,0.00,42942464,42942464,768,768,1536
3252,1764562483.1052248,kem_handshake,0.000025897|0.000020738|0.000039202,0.00,0.00,42942464,42942464,768,768,1536
3253,1764562483.1064487,kem_handshake,0.000022852|0.000016600|0.000034574,0.00,0.00,42942464,42942464,768,768,1536
3254,1764562483.1075504,kem_handshake,0.000020148|0.000016160|0.000032871,0.00,0.00,42942464,42942464,768,768,1536
3255,1764562483.1088903,kem_handshake,0.000030246|0.000019166|0.000038100,0.00,0.00,42934272,42934272,768,768,1536
3256,1764562483.1103199,kem_handshake,0.000037639|0.000023002|0.000044081,0.00,9836.90,42934272,42934272,768,768,1536
3257,1764562483.1117468,kem_handshake,0.000023083|0.000016851|0.000034053,0.00,0.00,42934272,42934272,768,768,1536
3258,1764562483.1129968,kem_handshake,0.000021770|0.000017242|0.000035415,0.00,0.00,42934272,42934272,768,768,1536
3259,1764562483.1145487,kem_handshake,0.000057716|0.000025757|0.000058729,0.00,0.00,42942464,42942464,768,768,1536
3260,1764562483.1161323,kem_handshake,0.000057275|0.000041737|0.000066973,0.00,0.00,42942464,42942464,768,768,1536
3261,1764562483.1175265,kem_handshake,0.000020127|0.000016070|0.000033202,0.00,0.00,42942464,42942464,768,768,1536
3262,1764562483.1186125,kem_handshake,0.000018714|0.000015810|0.000032861,0.00,0.00,42942464,42942464,768,768,1536
3263,1764562483.1198418,kem_handshake,0.000019426|0.000015960|0.000033031,0.00,0.00,42942464,42942464,768,768,1536
3264,1764562483.1209316,kem_handshake,0.000023063|0.000015849|0.000032831,0.00,0.00,42942464,42942464,768,768,1536
3265,1764562483.1220422,kem_handshake,0.000022451|0.000017242|0.000038040,0.00,0.00,42942464,42942464,768,768,1536
3266,1764562483.1232438,kem_handshake,0.000020358|0.000018424|0.000034343,0.00,0.00,42942464,42942464,768,768,1536
3267,1764562483.125476,kem_handshake,0.000075519|0.000048650|0.000112278,0.00,0.00,42934272,42934272,768,768,1536
3268,1764562483.127409,kem_handshake,0.000031138|0.000019586|0.000046826,0.00,0.00,42934272,42934272,768,768,1536
3269,1764562483.1290622,kem_handshake,0.000042258|0.000021640|0.000060551,0.00,0.00,42934272,42934272,768,768,1536
3270,1764562483.1304011,kem_handshake,0.000023623|0.000017873|0.000035425,0.00,0.00,42934272,42934272,768,768,1536
3271,1764562483.131691,kem_handshake,0.000027090|0.000018725|0.000038641,0.00,0.00,42934272,42934272,768,768,1536
3272,1764562483.1334417,kem_handshake,0.000030567|0.000020017|0.000044782,0.00,0.00,42934272,42934272,768,768,1536
3273,1764562483.1350334,kem_handshake,0.000028593|0.000018845|0.000045314,0.00,0.00,42934272,42934272,768,768,1536
3274,1764562483.1363196,kem_handshake,0.000023554|0.000017913|0.000035475,0.00,0.00,42934272,42934272,768,768,1536
3275,1764562483.1375055,kem_handshake,0.000019877|0.000016360|0.000034163,0.00,0.00,42934272,42934272,768,768,1536
3276,1764562483.1387284,kem_handshake,0.000023073|0.000018324|0.000041046,0.00,0.00,42934272,42934272,768,768,1536
3277,1764562483.1398988,kem_handshake,0.000022702|0.000016871|0.000035015,0.00,0.00,42934272,42934272,768,768,1536
3278,1764562483.1410754,kem_handshake,0.000022232|0.000017442|0.000037600,0.00,0.00,42934272,42934272,768,768,1536
3279,1764562483.142231,kem_handshake,0.000021219|0.000016470|0.000034374,0.00,0.00,42934272,42934272,768,768,1536
3280,1764562483.1434312,kem_handshake,0.000023052|0.000017563|0.000037931,0.00,0.00,42934272,42934272,768,768,1536
3281,1764562483.1447299,kem_handshake,0.000026479|0.000018755|0.000040124,0.00,0.00,42934272,42934272,768,768,1536
3282,1764562483.1467292,kem_handshake,0.000052668|0.000025597|0.000051405,0.00,0.00,42942464,42942464,768,768,1536
3283,1764562483.1490219,kem_handshake,0.000054381|0.000025247|0.000054300,0.00,0.00,42942464,42942464,768,768,1536
3284,1764562483.1504586,kem_handshake,0.000036147|0.000019616|0.000053288,0.00,0.00,42942464,42942464,768,768,1536
3285,1764562483.1520102,kem_handshake,0.000044191|0.000023754|0.000063277,0.00,0.00,42942464,42942464,768,768,1536
3286,1764562483.1542034,kem_handshake,0.000040074|0.000024986|0.000064690,0.00,0.00,42942464,42942464,768,768,1536
3287,1764562483.1560614,kem_handshake,0.000054270|0.000025627|0.000072233,0.00,0.00,42942464,42942464,768,768,1536
3288,1764562483.1576588,kem_handshake,0.000038281|0.000020718|0.000046826,0.00,0.00,42942464,42942464,768,768,1536
3289,1764562483.1599052,kem_handshake,0.000050493|0.000025277|0.000048509,0.00,0.00,42934272,42934272,768,768,1536
3290,1764562483.1620224,kem_handshake,0.000061503|0.000026700|0.000056795,0.00,0.00,42934272,42934272,768,768,1536
3291,1764562483.1645446,kem_handshake,0.000084265|0.000049972|0.000148695,0.00,0.00,42934272,42934272,768,768,1536
3292,1764562483.167595,kem_handshake,0.000063717|0.000026960|0.000059570,0.00,0.00,42934272,42934272,768,768,1536
3293,1764562483.1692383,kem_handshake,0.000028713|0.000018935|0.000044823,0.00,0.00,42934272,42934272,768,768,1536
3294,1764562483.170472,kem_handshake,0.000022041|0.000016370|0.000034023,0.00,0.00,42934272,42934272,768,768,1536
3295,1764562483.171668,kem_handshake,0.000026218|0.000020709|0.000042078,0.00,0.00,42934272,42934272,768,768,1536
3296,1764562483.1727955,kem_handshake,0.000020709|0.000017272|0.000035376,0.00,0.00,42934272,42934272,768,768,1536
3297,1764562483.1739087,kem_handshake,0.000019506|0.000015820|0.000033101,0.00,0.00,42934272,42934272,768,768,1536
3298,1764562483.1749957,kem_handshake,0.000018905|0.000015419|0.000034403,0.00,0.00,42934272,42934272,768,768,1536
3299,1764562483.1760507,kem_handshake,0.000018554|0.000015558|0.000032961,0.00,0.00,42934272,42934272,768,768,1536
3300,1764562483.1771326,kem_handshake,0.000018985|0.000015598|0.000032771,0.00,0.00,42934272,42934272,768,768,1536
3301,1764562483.1782434,kem_handshake,0.000019857|0.000023794|0.000039132,0.00,0.00,42934272,42934272,768,768,1536
3302,1764562483.1793907,kem_handshake,0.000025688|0.000020177|0.000043861,0.00,0.00,42934272,42934272,768,768,1536
3303,1764562483.1805212,kem_handshake,0.000022531|0.000017152|0.000034283,0.00,0.00,42934272,42934272,768,768,1536
3304,1764562483.1816766,kem_handshake,0.000019506|0.000015740|0.000033572,0.00,0.00,42934272,42934272,768,768,1536
3305,1764562483.1827369,kem_handshake,0.000019206|0.000015418|0.000033262,0.00,0.00,42934272,42934272,768,768,1536
3306,1764562483.1838489,kem_handshake,0.000020037|0.000016260|0.000033321,0.00,0.00,42934272,42934272,768,768,1536
3307,1764562483.1849473,kem_handshake,0.000024415|0.000015709|0.000033742,0.00,0.00,42934272,42934272,768,768,1536
3308,1764562483.1859918,kem_handshake,0.000018895|0.000015329|0.000032711,0.00,0.00,42934272,42934272,768,768,1536
3309,1764562483.187045,kem_handshake,0.000019046|0.000015378|0.000032731,0.00,0.00,42934272,42934272,768,768,1536
3310,1764562483.1881568,kem_handshake,0.000020508|0.000016160|0.000033542,0.00,0.00,42934272,42934272,768,768,1536
3311,1764562483.189284,kem_handshake,0.000019767|0.000015759|0.000033202,0.00,0.00,42934272,42934272,768,768,1536
3312,1764562483.1903858,kem_handshake,0.000019256|0.000015489|0.000032230,0.00,0.00,42934272,42934272,768,768,1536
3313,1764562483.1914506,kem_handshake,0.000019125|0.000015339|0.000032641,0.00,0.00,42934272,42934272,768,768,1536
3314,1764562483.1924949,kem_handshake,0.000018193|0.000015579|0.000032601,0.00,0.00,42934272,42934272,768,768,1536
3315,1764562483.1935804,kem_handshake,0.000022772|0.000015939|0.000035906,0.00,0.00,42934272,42934272,768,768,1536
3316,1764562483.1947515,kem_handshake,0.000018735|0.000015689|0.000032880,0.00,0.00,42934272,42934272,768,768,1536
3317,1764562483.1958516,kem_handshake,0.000023203|0.000018153|0.000043370,0.00,0.00,42934272,42934272,768,768,1536
3318,1764562483.1970139,kem_handshake,0.000021780|0.000016872|0.000039333,0.00,13940.60,42934272,42934272,768,768,1536
3319,1764562483.1981714,kem_handshake,0.000018645|0.000015358|0.000032901,0.00,0.00,42934272,42934272,768,768,1536
3320,1764562483.1992538,kem_handshake,0.000018574|0.000015319|0.000032670,0.00,0.00,42934272,42934272,768,768,1536
3321,1764562483.2003167,kem_handshake,0.000018795|0.000015619|0.000032640,0.00,0.00,42934272,42934272,768,768,1536
3322,1764562483.2013912,kem_handshake,0.000019175|0.000015840|0.000033833,0.00,0.00,42934272,42934272,768,768,1536
3323,1764562483.2024527,kem_handshake,0.000018574|0.000015519|0.000033051,0.00,0.00,42934272,42934272,768,768,1536
3324,1764562483.203512,kem_handshake,0.000018454|0.000015058|0.000032721,0.00,0.00,42934272,42934272,768,768,1536
3325,1764562483.2046666,kem_handshake,0.000020668|0.000016281|0.000036568,0.00,0.00,42934272,42934272,768,768,1536
3326,1764562483.2057812,kem_handshake,0.000020908|0.000016450|0.000033683,0.00,0.00,42934272,42934272,768,768,1536
3327,1764562483.2068975,kem_handshake,0.000019426|0.000015820|0.000032941,0.00,0.00,42934272,42934272,768,768,1536
3328,1764562483.207995,kem_handshake,0.000019316|0.000015278|0.000032630,0.00,0.00,42934272,42934272,768,768,1536
3329,1764562483.209035,kem_handshake,0.000018714|0.000015328|0.000032591,0.00,0.00,42934272,42934272,768,768,1536
3330,1764562483.2100866,kem_handshake,0.000018734|0.000015349|0.000032750,0.00,0.00,42934272,42934272,768,768,1536
3331,1764562483.2111447,kem_handshake,0.000018314|0.000015588|0.000032771,0.00,0.00,42934272,42934272,768,768,1536
3332,1764562483.2121754,kem_handshake,0.000018334|0.000015439|0.000032600,0.00,0.00,42934272,42934272,768,768,1536
3333,1764562483.2133293,kem_handshake,0.000024486|0.000017823|0.000036237,0.00,0.00,42934272,42934272,768,768,1536
3334,1764562483.2146502,kem_handshake,0.000021018|0.000016220|0.000034283,0.00,0.00,42934272,42934272,768,768,1536
3335,1764562483.2157817,kem_handshake,0.000061113|0.000021429|0.000033031,0.00,0.00,42934272,42934272,768,768,1536
3336,1764562483.21687,kem_handshake,0.000019386|0.000015619|0.000041356,0.00,0.00,42934272,42934272,768,768,1536
3337,1764562483.2179408,kem_handshake,0.000023714|0.000015629|0.000032670,0.00,0.00,42934272,42934272,768,768,1536
3338,1764562483.2189832,kem_handshake,0.000018475|0.000015629|0.000032921,0.00,0.00,42934272,42934272,768,768,1536
3339,1764562483.2200377,kem_handshake,0.000018945|0.000015078|0.000032690,0.00,0.00,42934272,42934272,768,768,1536
3340,1764562483.221191,kem_handshake,0.000025517|0.000016351|0.000033903,0.00,0.00,42934272,42934272,768,768,1536
3341,1764562483.2222867,kem_handshake,0.000019265|0.000015909|0.000034474,0.00,0.00,42934272,42934272,768,768,1536
3342,1764562483.2233698,kem_handshake,0.000018754|0.000015669|0.000032641,0.00,0.00,42934272,42934272,768,768,1536
3343,1764562483.2244315,kem_handshake,0.000018754|0.000015349|0.000032631,0.00,0.00,42934272,42934272,768,768,1536
3344,1764562483.2254786,kem_handshake,0.000018554|0.000015499|0.000032601,0.00,0.00,42934272,42934272,768,768,1536
3345,1764562483.22654,kem_handshake,0.000018885|0.000015649|0.000032680,0.00,0.00,42934272,42934272,768,768,1536
3346,1764562483.227592,kem_handshake,0.000018624|0.000015368|0.000032641,0.00,0.00,42934272,42934272,768,768,1536
3347,1764562483.2286203,kem_handshake,0.000017873|0.000015429|0.000032600,0.00,0.00,42934272,42934272,768,768,1536
3348,1764562483.2300482,kem_handshake,0.000045905|0.000022652|0.000050935,0.00,0.00,42942464,42942464,768,768,1536
3349,1764562483.2316298,kem_handshake,0.000044402|0.000033752|0.000067495,0.00,6807.30,42934272,42934272,768,768,1536
3350,1764562483.2328422,kem_handshake,0.000019376|0.000015799|0.000032821,0.00,0.00,42934272,42934272,768,768,1536
3351,1764562483.2339287,kem_handshake,0.000018935|0.000015589|0.000033773,0.00,0.00,42934272,42934272,768,768,1536
3352,1764562483.2350953,kem_handshake,0.000021640|0.000016992|0.000033903,0.00,0.00,42934272,42934272,768,768,1536
3353,1764562483.2362454,kem_handshake,0.000020368|0.000016230|0.000033192,0.00,0.00,42934272,42934272,768,768,1536
3354,1764562483.2377622,kem_handshake,0.000052968|0.000027511|0.000049271,0.00,0.00,42942464,42942464,768,768,1536
3355,1764562483.2390757,kem_handshake,0.000025367|0.000018434|0.000038712,0.00,0.00,42942464,42942464,768,768,1536
3356,1764562483.2402236,kem_handshake,0.000019847|0.000016220|0.000033432,0.00,0.00,42942464,42942464,768,768,1536
3357,1764562483.24151,kem_handshake,0.000019245|0.000015910|0.000032239,0.00,0.00,42942464,42942464,768,768,1536
3358,1764562483.2426376,kem_handshake,0.000058889|0.000021871|0.000033221,0.00,0.00,42942464,42942464,768,768,1536
3359,1764562483.2437875,kem_handshake,0.000025066|0.000017222|0.000036878,0.00,0.00,42942464,42942464,768,768,1536
3360,1764562483.244955,kem_handshake,0.000027821|0.000016180|0.000033352,0.00,0.00,42942464,42942464,768,768,1536
3361,1764562483.246432,kem_handshake,0.000043791|0.000033882|0.000071292,0.00,0.00,42942464,42942464,768,768,1536
3362,1764562483.2477593,kem_handshake,0.000026619|0.000023013|0.000040184,0.00,0.00,42942464,42942464,768,768,1536
3363,1764562483.2491,kem_handshake,0.000024525|0.000019265|0.000040525,0.00,0.00,42942464,42942464,768,768,1536
3364,1764562483.2502205,kem_handshake,0.000019396|0.000015699|0.000033121,0.00,0.00,42942464,42942464,768,768,1536
3365,1764562483.2512825,kem_handshake,0.000018664|0.000015639|0.000033712,0.00,0.00,42942464,42942464,768,768,1536
3366,1764562483.2524078,kem_handshake,0.000020457|0.000016430|0.000034454,0.00,0.00,42942464,42942464,768,768,1536
3367,1764562483.2535312,kem_handshake,0.000020788|0.000016821|0.000033302,0.00,0.00,42942464,42942464,768,768,1536
3368,1764562483.2545977,kem_handshake,0.000019125|0.000015880|0.000032710,0.00,0.00,42942464,42942464,768,768,1536
3369,1764562483.2557395,kem_handshake,0.000020919|0.000017011|0.000038310,0.00,0.00,42942464,42942464,768,768,1536
3370,1764562483.2569025,kem_handshake,0.000020768|0.000015659|0.000035926,0.00,0.00,42942464,42942464,768,768,1536
3371,1764562483.257982,kem_handshake,0.000019305|0.000015658|0.000032760,0.00,0.00,42942464,42942464,768,768,1536
3372,1764562483.2590468,kem_handshake,0.000018745|0.000016090|0.000032621,0.00,0.00,42942464,42942464,768,768,1536
3373,1764562483.2601209,kem_handshake,0.000019717|0.000015529|0.000032961,0.00,0.00,42942464,42942464,768,768,1536
3374,1764562483.261178,kem_handshake,0.000018284|0.000015428|0.000040164,0.00,15379.90,42942464,42942464,768,768,1536
3375,1764562483.2622983,kem_handshake,0.000022080|0.000016730|0.000036798,0.00,0.00,42942464,42942464,768,768,1536
3376,1764562483.2633805,kem_handshake,0.000018915|0.000015869|0.000032931,0.00,0.00,42942464,42942464,768,768,1536
3377,1764562483.2645044,kem_handshake,0.000021400|0.000017402|0.000038120,0.00,0.00,42942464,42942464,768,768,1536
3378,1764562483.2656298,kem_handshake,0.000019787|0.000015869|0.000033421,0.00,0.00,42942464,42942464,768,768,1536
3379,1764562483.2667048,kem_handshake,0.000019065|0.000015509|0.000032660,0.00,0.00,42942464,42942464,768,768,1536
3380,1764562483.2677846,kem_handshake,0.000019587|0.000016370|0.000033392,0.00,0.00,42942464,42942464,768,768,1536
3381,1764562483.2688608,kem_handshake,0.000018915|0.000015628|0.000037710,0.00,0.00,42942464,42942464,768,768,1536
3382,1764562483.2699132,kem_handshake,0.000018284|0.000019957|0.000032670,0.00,0.00,42942464,42942464,768,768,1536
3383,1764562483.270978,kem_handshake,0.000019366|0.000015719|0.000033322,0.00,0.00,42942464,42942464,768,768,1536
3384,1764562483.2720568,kem_handshake,0.000019927|0.000016180|0.000033542,0.00,0.00,42942464,42942464,768,768,1536
3385,1764562483.2731864,kem_handshake,0.000020868|0.000016991|0.000033672,0.00,0.00,42942464,42942464,768,768,1536
3386,1764562483.2742596,kem_handshake,0.000019255|0.000015578|0.000032630,0.00,0.00,42942464,42942464,768,768,1536
3387,1764562483.2754452,kem_handshake,0.000021039|0.000017012|0.000035546,0.00,0.00,42942464,42942464,768,768,1536
3388,1764562483.2765546,kem_handshake,0.000018835|0.000015679|0.000032340,0.00,0.00,42942464,42942464,768,768,1536
3389,1764562483.2776291,kem_handshake,0.000018965|0.000016080|0.000032851,0.00,0.00,42942464,42942464,768,768,1536
3390,1764562483.2787457,kem_handshake,0.000020107|0.000015910|0.000032961,0.00,0.00,42942464,42942464,768,768,1536
3391,1764562483.279907,kem_handshake,0.000020789|0.000016851|0.000036618,0.00,0.00,42942464,42942464,768,768,1536
3392,1764562483.281031,kem_handshake,0.000020107|0.000016069|0.000033231,0.00,0.00,42942464,42942464,768,768,1536
3393,1764562483.2821407,kem_handshake,0.000022251|0.000016731|0.000034594,0.00,0.00,42942464,42942464,768,768,1536
3394,1764562483.2835813,kem_handshake,0.000022170|0.000016851|0.000035866,0.00,0.00,42942464,42942464,768,768,1536
3395,1764562483.2850988,kem_handshake,0.000025547|0.000018304|0.000036767,0.00,0.00,42942464,42942464,768,768,1536
3396,1764562483.2866385,kem_handshake,0.000026889|0.000018354|0.000039473,0.00,0.00,42942464,42942464,768,768,1536
3397,1764562483.2883692,kem_handshake,0.000028432|0.000020057|0.000041547,0.00,0.00,42942464,42942464,768,768,1536
3398,1764562483.2901218,kem_handshake,0.000041056|0.000020378|0.000059049,0.00,0.00,42942464,42942464,768,768,1536
3399,1764562483.2919357,kem_handshake,0.000036848|0.000020598|0.000046015,0.00,0.00,42942464,42942464,768,768,1536
3400,1764562483.2935243,kem_handshake,0.000026029|0.000019055|0.000040786,0.00,0.00,42942464,42942464,768,768,1536
3401,1764562483.2951565,kem_handshake,0.000048760|0.000031198|0.000081450,0.00,0.00,42934272,42934272,768,768,1536
3402,1764562483.2972312,kem_handshake,0.000059510|0.000026098|0.000055773,0.00,0.00,42934272,42934272,768,768,1536
3403,1764562483.298917,kem_handshake,0.000038701|0.000024185|0.000059891,0.00,0.00,42934272,42934272,768,768,1536
3404,1764562483.3003037,kem_handshake,0.000031648|0.000021240|0.000052707,0.00,0.00,42934272,42934272,768,768,1536
3405,1764562483.301574,kem_handshake,0.000024145|0.000016761|0.000037480,0.00,0.00,42934272,42934272,768,768,1536
3406,1764562483.3028493,kem_handshake,0.000022973|0.000017041|0.000040865,0.00,0.00,42934272,42934272,768,768,1536
3407,1764562483.3040583,kem_handshake,0.000026279|0.000018795|0.000045714,0.00,0.00,42934272,42934272,768,768,1536
3408,1764562483.3066568,kem_handshake,0.000061554|0.000031829|0.000081911,0.00,0.00,42934272,42934272,768,768,1536
3409,1764562483.3086555,kem_handshake,0.000040575|0.000023753|0.000051916,0.00,0.00,42934272,42934272,768,768,1536
3410,1764562483.3117409,kem_handshake,0.000089195|0.000046927|0.000130411,0.00,0.00,42934272,42934272,768,768,1536
3411,1764562483.3138251,kem_handshake,0.000047317|0.000023964|0.000053429,0.00,0.00,42934272,42934272,768,768,1536
3412,1764562483.3152096,kem_handshake,0.000025266|0.000018223|0.000037810,0.00,0.00,42934272,42934272,768,768,1536
3413,1764562483.3163633,kem_handshake,0.000020779|0.000018194|0.000038481,0.00,0.00,42934272,42934272,768,768,1536
3414,1764562483.318477,kem_handshake,0.000033471|0.000020467|0.000044712,0.00,0.00,42934272,42934272,768,768,1536
3415,1764562483.319936,kem_handshake,0.000026248|0.000020838|0.000051215,0.00,0.00,42934272,42934272,768,768,1536
3416,1764562483.3212183,kem_handshake,0.000022342|0.000017232|0.000045734,0.00,0.00,42934272,42934272,768,768,1536
3417,1764562483.3226886,kem_handshake,0.000027010|0.000019286|0.000050573,0.00,0.00,42934272,42934272,768,768,1536
3418,1764562483.3238974,kem_handshake,0.000019617|0.000016080|0.000035756,0.00,0.00,42934272,42934272,768,768,1536
3419,1764562483.3250782,kem_handshake,0.000022091|0.000019827|0.000034905,0.00,0.00,42934272,42934272,768,768,1536
3420,1764562483.3262029,kem_handshake,0.000018825|0.000015849|0.000033432,0.00,0.00,42934272,42934272,768,768,1536
3421,1764562483.3272805,kem_handshake,0.000019135|0.000015769|0.000033753,0.00,0.00,42934272,42934272,768,768,1536
3422,1764562483.3283477,kem_handshake,0.000018775|0.000015609|0.000033582,0.00,0.00,42934272,42934272,768,768,1536
3423,1764562483.3294563,kem_handshake,0.000018925|0.000015639|0.000034364,0.00,0.00,42934272,42934272,768,768,1536
3424,1764562483.3314946,kem_handshake,0.000058188|0.000033612|0.000062836,0.00,0.00,42942464,42942464,768,768,1536
3425,1764562483.332898,kem_handshake,0.000021670|0.000016851|0.000033632,0.00,0.00,42942464,42942464,768,768,1536
3426,1764562483.334027,kem_handshake,0.000021881|0.000020969|0.000033703,0.00,0.00,42942464,42942464,768,768,1536
3427,1764562483.3355684,kem_handshake,0.000063286|0.000033101|0.000064188,0.00,0.00,42934272,42934272,768,768,1536
3428,1764562483.3369799,kem_handshake,0.000023002|0.000017071|0.000036818,0.00,0.00,42934272,42934272,768,768,1536
3429,1764562483.3382576,kem_handshake,0.000025577|0.000019035|0.000039693,0.00,0.00,42934272,42934272,768,768,1536
3430,1764562483.3398259,kem_handshake,0.000058709|0.000037048|0.000076080,0.00,0.00,42942464,42942464,768,768,1536
3431,1764562483.341315,kem_handshake,0.000032510|0.000018985|0.000041016,0.00,0.00,42942464,42942464,768,768,1536
3432,1764562483.3425848,kem_handshake,0.000025898|0.000017012|0.000035606,0.00,0.00,42942464,42942464,768,768,1536
3433,1764562483.3437083,kem_handshake,0.000019926|0.000016330|0.000032981,0.00,0.00,42942464,42942464,768,768,1536
3434,1764562483.344961,kem_handshake,0.000035536|0.000018034|0.000038561,0.00,0.00,42942464,42942464,768,768,1536
3435,1764562483.347199,kem_handshake,0.000075640|0.000035195|0.000122206,0.00,0.00,42934272,42934272,768,768,1536
3436,1764562483.3495953,kem_handshake,0.000037810|0.000021489|0.000043691,0.00,0.00,42934272,42934272,768,768,1536
3437,1764562483.351008,kem_handshake,0.000047267|0.000022462|0.000062445,0.00,0.00,42934272,42934272,768,768,1536
3438,1764562483.352246,kem_handshake,0.000020518|0.000022762|0.000034063,0.00,0.00,42934272,42934272,768,768,1536
3439,1764562483.3541126,kem_handshake,0.000049211|0.000028643|0.000059520,0.00,0.00,42934272,42934272,768,768,1536
3440,1764562483.356055,kem_handshake,0.000034544|0.000022161|0.000046186,0.00,0.00,42934272,42934272,768,768,1536
3441,1764562483.3582668,kem_handshake,0.000085437|0.000048660|0.000085178,0.00,0.00,42942464,42942464,768,768,1536
3442,1764562483.359731,kem_handshake,0.000022963|0.000016811|0.000034243,0.00,0.00,42942464,42942464,768,768,1536
3443,1764562483.3609211,kem_handshake,0.000019015|0.000015990|0.000073706,0.00,0.00,42942464,42942464,768,768,1536
3444,1764562483.3625154,kem_handshake,0.000047888|0.000036186|0.000071091,0.00,0.00,42934272,42934272,768,768,1536
3445,1764562483.3638499,kem_handshake,0.000022392|0.000017392|0.000035396,0.00,0.00,42934272,42934272,768,768,1536
3446,1764562483.3654451,kem_handshake,0.000034594|0.000019546|0.000040274,0.00,0.00,42942464,42942464,768,768,1536
3447,1764562483.3667865,kem_handshake,0.000024625|0.000016501|0.000033933,0.00,0.00,42942464,42942464,768,768,1536
3448,1764562483.3679929,kem_handshake,0.000019616|0.000015799|0.000032871,0.00,0.00,42942464,42942464,768,768,1536
3449,1764562483.3690796,kem_handshake,0.000018815|0.000015719|0.000032711,0.00,0.00,42942464,42942464,768,768,1536
3450,1764562483.3701327,kem_handshake,0.000018905|0.000015679|0.000033282,0.00,0.00,42942464,42942464,768,768,1536
3451,1764562483.3712518,kem_handshake,0.000020528|0.000016811|0.000033713,0.00,0.00,42942464,42942464,768,768,1536
3452,1764562483.372565,kem_handshake,0.000032830|0.000019456|0.000038742,0.00,0.00,42934272,42934272,768,768,1536
3453,1764562483.373841,kem_handshake,0.000031057|0.000020127|0.000039643,0.00,0.00,42942464,42942464,768,768,1536
3454,1764562483.3751786,kem_handshake,0.000027130|0.000019536|0.000039263,0.00,0.00,42942464,42942464,768,768,1536
3455,1764562483.3769684,kem_handshake,0.000040334|0.000021811|0.000047968,0.00,0.00,42942464,42942464,768,768,1536
3456,1764562483.3784163,kem_handshake,0.000030546|0.000019747|0.000041687,0.00,0.00,42942464,42942464,768,768,1536
3457,1764562483.380344,kem_handshake,0.000073365|0.000029405|0.000107148,0.00,0.00,42942464,42942464,768,768,1536
3458,1764562483.3825147,kem_handshake,0.000048940|0.000025737|0.000059259,0.00,0.00,42942464,42942464,768,768,1536
3459,1764562483.3844695,kem_handshake,0.000029955|0.000019366|0.000039643,0.00,0.00,42942464,42942464,768,768,1536
3460,1764562483.3862243,kem_handshake,0.000061664|0.000031939|0.000060121,0.00,0.00,42934272,42934272,768,768,1536
3461,1764562483.3878918,kem_handshake,0.000025737|0.000018534|0.000037549,0.00,0.00,42934272,42934272,768,768,1536
3462,1764562483.3891668,kem_handshake,0.000024194|0.000017483|0.000036828,0.00,0.00,42934272,42934272,768,768,1536
3463,1764562483.3904307,kem_handshake,0.000023112|0.000018234|0.000041377,0.00,0.00,42934272,42934272,768,768,1536
3464,1764562483.3919857,kem_handshake,0.000040464|0.000022231|0.000056815,0.00,0.00,42934272,42934272,768,768,1536
3465,1764562483.3936594,kem_handshake,0.000026339|0.000017673|0.000038571,0.00,0.00,42934272,42934272,768,768,1536
3466,1764562483.3948238,kem_handshake,0.000021871|0.000017983|0.000035175,0.00,0.00,42934272,42934272,768,768,1536
3467,1764562483.396098,kem_handshake,0.000023243|0.000018294|0.000039664,0.00,0.00,42934272,42934272,768,768,1536
3468,1764562483.3973303,kem_handshake,0.000019937|0.000016491|0.000034394,0.00,0.00,42934272,42934272,768,768,1536
3469,1764562483.3985891,kem_handshake,0.000025197|0.000018644|0.000041446,0.00,0.00,42934272,42934272,768,768,1536
3470,1764562483.3998196,kem_handshake,0.000020648|0.000016531|0.000035716,0.00,0.00,42934272,42934272,768,768,1536
3471,1764562483.4010491,kem_handshake,0.000023053|0.000017703|0.000036588,0.00,0.00,42934272,42934272,768,768,1536
3472,1764562483.4022,kem_handshake,0.000021209|0.000015819|0.000034213,0.00,0.00,42934272,42934272,768,768,1536
3473,1764562483.4033475,kem_handshake,0.000022893|0.000017152|0.000035085,0.00,0.00,42934272,42934272,768,768,1536
3474,1764562483.4051363,kem_handshake,0.000074698|0.000037990|0.000083354,0.00,0.00,42934272,42934272,768,768,1536
3475,1764562483.4075952,kem_handshake,0.000057546|0.000030156|0.000076161,0.00,0.00,42934272,42934272,768,768,1536
3476,1764562483.4097219,kem_handshake,0.000032090|0.000019466|0.000045784,0.00,0.00,42934272,42934272,768,768,1536
3477,1764562483.4112945,kem_handshake,0.000033192|0.000021840|0.000055472,0.00,0.00,42934272,42934272,768,768,1536
3478,1764562483.4125726,kem_handshake,0.000023874|0.000017362|0.000038492,0.00,0.00,42934272,42934272,768,768,1536
3479,1764562483.4138296,kem_handshake,0.000022702|0.000016972|0.000035536,0.00,0.00,42934272,42934272,768,768,1536
3480,1764562483.415115,kem_handshake,0.000022361|0.000016210|0.000035595,0.00,0.00,42934272,42934272,768,768,1536
3481,1764562483.4170597,kem_handshake,0.000100926|0.000054551|0.000093743,0.00,0.00,42942464,42942464,768,768,1536
3482,1764562483.4184003,kem_handshake,0.000020758|0.000016400|0.000033201,0.00,0.00,42942464,42942464,768,768,1536
3483,1764562483.4194958,kem_handshake,0.000020487|0.000016390|0.000034042,0.00,0.00,42942464,42942464,768,768,1536
3484,1764562483.4205616,kem_handshake,0.000019055|0.000016490|0.000032660,0.00,0.00,42942464,42942464,768,768,1536
3485,1764562483.4216816,kem_handshake,0.000021209|0.000016110|0.000035876,0.00,0.00,42942464,42942464,768,768,1536
3486,1764562483.4228666,kem_handshake,0.000020137|0.000016219|0.000037920,0.00,0.00,42942464,42942464,768,768,1536
3487,1764562483.4241765,kem_handshake,0.000042800|0.000023363|0.000044482,0.00,0.00,42934272,42934272,768,768,1536
3488,1764562483.4253097,kem_handshake,0.000019787|0.000015899|0.000032981,0.00,0.00,42942464,42942464,768,768,1536
3489,1764562483.4264054,kem_handshake,0.000020227|0.000016420|0.000033902,0.00,0.00,42934272,42934272,768,768,1536
3490,1764562483.4274766,kem_handshake,0.000018624|0.000015479|0.000032901,0.00,0.00,42942464,42942464,768,768,1536
3491,1764562483.4285376,kem_handshake,0.000018544|0.000015869|0.000040534,0.00,0.00,42942464,42942464,768,768,1536
3492,1764562483.4296272,kem_handshake,0.000045394|0.000015689|0.000032981,0.00,0.00,42942464,42942464,768,768,1536
3493,1764562483.4307814,kem_handshake,0.000020628|0.000016811|0.000039373,0.00,10759.40,42942464,42942464,768,768,1536
3494,1764562483.4318879,kem_handshake,0.000019416|0.000016600|0.000033682,0.00,0.00,42942464,42942464,768,768,1536
3495,1764562483.4329386,kem_handshake,0.000024134|0.000015678|0.000034263,0.00,0.00,42942464,42942464,768,768,1536
3496,1764562483.4340336,kem_handshake,0.000022161|0.000017823|0.000039824,0.00,0.00,42942464,42942464,768,768,1536
3497,1764562483.4354303,kem_handshake,0.000040866|0.000032060|0.000066333,0.00,0.00,42942464,42942464,768,768,1536
3498,1764562483.4370666,kem_handshake,0.000051736|0.000032761|0.000069899,0.00,0.00,42934272,42934272,768,768,1536
3499,1764562483.4384396,kem_handshake,0.000031398|0.000020397|0.000041036,0.00,0.00,42934272,42934272,768,768,1536
3500,1764562483.4396918,kem_handshake,0.000023353|0.000017743|0.000036568,0.00,0.00,42934272,42934272,768,768,1536
3501,1764562483.4409194,kem_handshake,0.000035004|0.000019596|0.000039603,0.00,0.00,42942464,42942464,768,768,1536
3502,1764562483.4420602,kem_handshake,0.000022742|0.000016010|0.000034394,0.00,0.00,42934272,42934272,768,768,1536
3503,1764562483.4431784,kem_handshake,0.000026098|0.000021510|0.000037750,0.00,0.00,42942464,42942464,768,768,1536
3504,1764562483.4442873,kem_handshake,0.000020438|0.000016681|0.000032840,0.00,0.00,42942464,42942464,768,768,1536
3505,1764562483.445342,kem_handshake,0.000018985|0.000016641|0.000033051,0.00,0.00,42942464,42942464,768,768,1536
3506,1764562483.4465873,kem_handshake,0.000043731|0.000078795|0.000034023,0.00,0.00,42942464,42942464,768,768,1536
3507,1764562483.447937,kem_handshake,0.000022943|0.000023092|0.000036728,0.00,0.00,42942464,42942464,768,768,1536
3508,1764562483.449636,kem_handshake,0.000057155|0.000036718|0.000075299,0.00,0.00,42934272,42934272,768,768,1536
3509,1764562483.4508212,kem_handshake,0.000020929|0.000015960|0.000032951,0.00,0.00,42934272,42934272,768,768,1536
3510,1764562483.4522877,kem_handshake,0.000021159|0.000016590|0.000034234,0.00,0.00,42934272,42934272,768,768,1536
3511,1764562483.4534016,kem_handshake,0.000020217|0.000016371|0.000032931,0.00,0.00,42934272,42934272,768,768,1536
3512,1764562483.454484,kem_handshake,0.000019466|0.000015960|0.000032911,0.00,0.00,42934272,42934272,768,768,1536
3513,1764562483.455677,kem_handshake,0.000022201|0.000017383|0.000036007,0.00,0.00,42934272,42934272,768,768,1536
3514,1764562483.456898,kem_handshake,0.000019887|0.000016480|0.000032790,0.00,0.00,42934272,42934272,768,768,1536
3515,1764562483.4579773,kem_handshake,0.000019606|0.000016371|0.000032750,0.00,0.00,42934272,42934272,768,768,1536
3516,1764562483.45907,kem_handshake,0.000019466|0.000016079|0.000032941,0.00,0.00,42934272,42934272,768,768,1536
3517,1764562483.4602745,kem_handshake,0.000019186|0.000015809|0.000033041,0.00,14770.00,42934272,42934272,768,768,1536
3518,1764562483.4614081,kem_handshake,0.000079256|0.000022742|0.000033001,0.00,0.00,42934272,42934272,768,768,1536
3519,1764562483.4625554,kem_handshake,0.000019476|0.000015609|0.000033442,0.00,0.00,42934272,42934272,768,768,1536
3520,1764562483.463708,kem_handshake,0.000020318|0.000017072|0.000034343,0.00,0.00,42934272,42934272,768,768,1536
3521,1764562483.4648712,kem_handshake,0.000019536|0.000015889|0.000036928,0.00,0.00,42934272,42934272,768,768,1536
3522,1764562483.4659579,kem_handshake,0.000020277|0.000015839|0.000033281,0.00,0.00,42934272,42934272,768,768,1536
3523,1764562483.4670331,kem_handshake,0.000019296|0.000016430|0.000033091,0.00,0.00,42934272,42934272,768,768,1536
3524,1764562483.4681103,kem_handshake,0.000019335|0.000015319|0.000032801,0.00,0.00,42934272,42934272,768,768,1536
3525,1764562483.4691937,kem_handshake,0.000019306|0.000015920|0.000032871,0.00,0.00,42934272,42934272,768,768,1536
3526,1764562483.470262,kem_handshake,0.000018424|0.000015839|0.000032700,0.00,0.00,42934272,42934272,768,768,1536
3527,1764562483.4713712,kem_handshake,0.000023743|0.000018965|0.000043130,0.00,0.00,42934272,42934272,768,768,1536
3528,1764562483.4726472,kem_handshake,0.000022020|0.000017082|0.000057526,0.00,0.00,42934272,42934272,768,768,1536
3529,1764562483.4737763,kem_handshake,0.000019556|0.000015549|0.000033442,0.00,0.00,42934272,42934272,768,768,1536
3530,1764562483.4748616,kem_handshake,0.000019677|0.000016270|0.000038871,0.00,0.00,42934272,42934272,768,768,1536
3531,1764562483.475942,kem_handshake,0.000023032|0.000016380|0.000032720,0.00,0.00,42934272,42934272,768,768,1536
3532,1764562483.477007,kem_handshake,0.000018825|0.000015429|0.000032670,0.00,0.00,42934272,42934272,768,768,1536
3533,1764562483.4780505,kem_handshake,0.000018574|0.000015459|0.000032871,0.00,0.00,42934272,42934272,768,768,1536
3534,1764562483.4791427,kem_handshake,0.000018805|0.000034173|0.000032650,0.00,0.00,42934272,42934272,768,768,1536
3535,1764562483.480303,kem_handshake,0.000025988|0.000018635|0.000040064,0.00,0.00,42934272,42934272,768,768,1536
3536,1764562483.481483,kem_handshake,0.000019796|0.000015870|0.000033713,0.00,0.00,42934272,42934272,768,768,1536
3537,1764562483.4825568,kem_handshake,0.000019075|0.000015619|0.000033753,0.00,0.00,42934272,42934272,768,768,1536
3538,1764562483.4836328,kem_handshake,0.000018875|0.000015349|0.000032711,0.00,0.00,42934272,42934272,768,768,1536
3539,1764562483.4848018,kem_handshake,0.000025958|0.000020938|0.000041878,0.00,0.00,42934272,42934272,768,768,1536
3540,1764562483.4861894,kem_handshake,0.000028633|0.000018665|0.000045845,0.00,0.00,42934272,42934272,768,768,1536
3541,1764562483.4874635,kem_handshake,0.000022872|0.000018084|0.000040956,0.00,0.00,42934272,42934272,768,768,1536
3542,1764562483.4886606,kem_handshake,0.000023052|0.000017873|0.000037910,0.00,0.00,42934272,42934272,768,768,1536
3543,1764562483.4901087,kem_handshake,0.000027360|0.000018794|0.000043761,0.00,0.00,42934272,42934272,768,768,1536
3544,1764562483.491255,kem_handshake,0.000019546|0.000016110|0.000032740,0.00,0.00,42934272,42934272,768,768,1536
3545,1764562483.4926088,kem_handshake,0.000031388|0.000021360|0.000048770,0.00,0.00,42934272,42934272,768,768,1536
3546,1764562483.4938872,kem_handshake,0.000024756|0.000018394|0.000037610,0.00,0.00,42934272,42934272,768,768,1536
3547,1764562483.4952054,kem_handshake,0.000022522|0.000017292|0.000035084,0.00,0.00,42934272,42934272,768,768,1536
3548,1764562483.4963684,kem_handshake,0.000024044|0.000020779|0.000035836,0.00,0.00,42934272,42934272,768,768,1536
3549,1764562483.4976456,kem_handshake,0.000027811|0.000019326|0.000040074,0.00,0.00,42934272,42934272,768,768,1536
3550,1764562483.499043,kem_handshake,0.000024335|0.000017352|0.000038862,0.00,0.00,42934272,42934272,768,768,1536
3551,1764562483.5001774,kem_handshake,0.000019105|0.000015599|0.000033542,0.00,0.00,42934272,42934272,768,768,1536
3552,1764562483.5012696,kem_handshake,0.000019316|0.000015789|0.000033733,0.00,0.00,42934272,42934272,768,768,1536
3553,1764562483.5023909,kem_handshake,0.000019366|0.000016491|0.000033311,0.00,0.00,42934272,42934272,768,768,1536
3554,1764562483.5034459,kem_handshake,0.000018194|0.000015108|0.000032830,0.00,0.00,42934272,42934272,768,768,1536
3555,1764562483.5047112,kem_handshake,0.000025788|0.000020548|0.000044763,0.00,0.00,42934272,42934272,768,768,1536
3556,1764562483.506027,kem_handshake,0.000021460|0.000015889|0.000035355,0.00,0.00,42934272,42934272,768,768,1536
3557,1764562483.5071433,kem_handshake,0.000018975|0.000015439|0.000033161,0.00,0.00,42934272,42934272,768,768,1536
3558,1764562483.5082405,kem_handshake,0.000018995|0.000015389|0.000032720,0.00,0.00,42934272,42934272,768,768,1536
3559,1764562483.509304,kem_handshake,0.000018574|0.000015489|0.000033142,0.00,0.00,42934272,42934272,768,768,1536
3560,1764562483.5103755,kem_handshake,0.000018975|0.000015759|0.000033352,0.00,0.00,42934272,42934272,768,768,1536
3561,1764562483.5114384,kem_handshake,0.000018214|0.000015008|0.000032921,0.00,0.00,42934272,42934272,768,768,1536
3562,1764562483.512512,kem_handshake,0.000018714|0.000015409|0.000033762,0.00,0.00,42934272,42934272,768,768,1536
3563,1764562483.5143414,kem_handshake,0.000090086|0.000044573|0.000088674,0.00,0.00,42942464,42942464,768,768,1536
3564,1764562483.5161762,kem_handshake,0.000032300|0.000019085|0.000039774,0.00,0.00,42942464,42942464,768,768,1536
3565,1764562483.5173833,kem_handshake,0.000070370|0.000022040|0.000034013,0.00,0.00,42942464,42942464,768,768,1536
3566,1764562483.5184505,kem_handshake,0.000018655|0.000015408|0.000032931,0.00,0.00,42942464,42942464,768,768,1536
3567,1764562483.5195267,kem_handshake,0.000019036|0.000016280|0.000032851,0.00,0.00,42942464,42942464,768,768,1536
3568,1764562483.5206006,kem_handshake,0.000019706|0.000015609|0.000033232,0.00,0.00,42942464,42942464,768,768,1536
3569,1764562483.5217578,kem_handshake,0.000020959|0.000017442|0.000032880,0.00,0.00,42942464,42942464,768,768,1536
3570,1764562483.5230014,kem_handshake,0.000020257|0.000015980|0.000034604,0.00,0.00,42942464,42942464,768,768,1536
3571,1764562483.5247855,kem_handshake,0.000076692|0.000042248|0.000082191,0.00,0.00,42934272,42934272,768,768,1536
3572,1764562483.5266666,kem_handshake,0.000036999|0.000030627|0.000066282,0.00,0.00,42942464,42942464,768,768,1536
3573,1764562483.528007,kem_handshake,0.000021129|0.000015449|0.000034083,0.00,0.00,42942464,42942464,768,768,1536
3574,1764562483.5291438,kem_handshake,0.000034694|0.000019977|0.000033331,0.00,0.00,42942464,42942464,768,768,1536
3575,1764562483.530409,kem_handshake,0.000020999|0.000015970|0.000034033,0.00,0.00,42942464,42942464,768,768,1536
3576,1764562483.5315905,kem_handshake,0.000019226|0.000015879|0.000033011,0.00,0.00,42942464,42942464,768,768,1536
3577,1764562483.53268,kem_handshake,0.000019436|0.000015318|0.000033182,0.00,0.00,42942464,42942464,768,768,1536
3578,1764562483.5337584,kem_handshake,0.000018945|0.000015448|0.000032680,0.00,0.00,42942464,42942464,768,768,1536
3579,1764562483.5348065,kem_handshake,0.000018384|0.000015398|0.000032861,0.00,0.00,42942464,42942464,768,768,1536
3580,1764562483.53627,kem_handshake,0.000038722|0.000032360|0.000034794,0.00,0.00,42942464,42942464,768,768,1536
3581,1764562483.5377767,kem_handshake,0.000059089|0.000037890|0.000073717,0.00,0.00,42934272,42934272,768,768,1536
3582,1764562483.53933,kem_handshake,0.000029104|0.000019005|0.000043831,0.00,0.00,42934272,42934272,768,768,1536
3583,1764562483.5404937,kem_handshake,0.000020748|0.000015940|0.000034464,0.00,0.00,42934272,42934272,768,768,1536
3584,1764562483.5416365,kem_handshake,0.000020087|0.000016841|0.000033001,0.00,0.00,42934272,42934272,768,768,1536
3585,1764562483.5427215,kem_handshake,0.000019386|0.000015769|0.000032741,0.00,0.00,42934272,42934272,768,768,1536
3586,1764562483.5443137,kem_handshake,0.000052768|0.000035416|0.000071312,0.00,0.00,42942464,42942464,768,768,1536
3587,1764562483.545488,kem_handshake,0.000018695|0.000015669|0.000033031,0.00,0.00,42942464,42942464,768,768,1536
3588,1764562483.5466907,kem_handshake,0.000020578|0.000017012|0.000034774,0.00,0.00,42942464,42942464,768,768,1536
3589,1764562483.5480175,kem_handshake,0.000020057|0.000016140|0.000033963,0.00,0.00,42942464,42942464,768,768,1536
3590,1764562483.5491798,kem_handshake,0.000018695|0.000015889|0.000033762,0.00,0.00,42942464,42942464,768,768,1536
3591,1764562483.5502667,kem_handshake,0.000018835|0.000015429|0.000032730,0.00,0.00,42942464,42942464,768,768,1536
3592,1764562483.5513413,kem_handshake,0.000018534|0.000015719|0.000032731,0.00,0.00,42942464,42942464,768,768,1536
3593,1764562483.5524027,kem_handshake,0.000020108|0.000015839|0.000032761,0.00,0.00,42942464,42942464,768,768,1536
3594,1764562483.5534804,kem_handshake,0.000019005|0.000015689|0.000032671,0.00,0.00,42942464,42942464,768,768,1536
3595,1764562483.5545642,kem_handshake,0.000018304|0.000015168|0.000032690,0.00,0.00,42942464,42942464,768,768,1536
3596,1764562483.5557678,kem_handshake,0.000022622|0.000022231|0.000040835,0.00,0.00,42942464,42942464,768,768,1536
3597,1764562483.556949,kem_handshake,0.000023493|0.000015820|0.000034063,0.00,0.00,42942464,42942464,768,768,1536
3598,1764562483.5584652,kem_handshake,0.000057196|0.000025177|0.000049080,0.00,0.00,42934272,42934272,768,768,1536
3599,1764562483.5596843,kem_handshake,0.000022872|0.000015779|0.000034744,0.00,0.00,42934272,42934272,768,768,1536
3600,1764562483.5607643,kem_handshake,0.000018764|0.000015839|0.000032870,0.00,0.00,42934272,42934272,768,768,1536
3601,1764562483.5618043,kem_handshake,0.000018454|0.000015579|0.000032791,0.00,0.00,42934272,42934272,768,768,1536
3602,1764562483.562878,kem_handshake,0.000018714|0.000015579|0.000032720,0.00,0.00,42934272,42934272,768,768,1536
3603,1764562483.5641582,kem_handshake,0.000020578|0.000017142|0.000034032,0.00,0.00,42934272,42934272,768,768,1536
3604,1764562483.5653489,kem_handshake,0.000019406|0.000018444|0.000033341,0.00,0.00,42934272,42934272,768,768,1536
3605,1764562483.5664663,kem_handshake,0.000019436|0.000015539|0.000032701,0.00,0.00,42934272,42934272,768,768,1536
3606,1764562483.5675495,kem_handshake,0.000018575|0.000015558|0.000032971,0.00,0.00,42934272,42934272,768,768,1536
3607,1764562483.5686617,kem_handshake,0.000021941|0.000017673|0.000039032,0.00,0.00,42934272,42934272,768,768,1536
3608,1764562483.570277,kem_handshake,0.000050683|0.000034183|0.000086710,0.00,0.00,42942464,42942464,768,768,1536
3609,1764562483.5715492,kem_handshake,0.000022161|0.000016461|0.000033522,0.00,0.00,42942464,42942464,768,768,1536
3610,1764562483.5729413,kem_handshake,0.000023503|0.000016701|0.000045864,0.00,0.00,42942464,42942464,768,768,1536
3611,1764562483.5740871,kem_handshake,0.000020518|0.000016170|0.000034173,0.00,0.00,42942464,42942464,768,768,1536
3612,1764562483.5751557,kem_handshake,0.000018504|0.000015398|0.000033382,0.00,0.00,42942464,42942464,768,768,1536
3613,1764562483.5762205,kem_handshake,0.000018464|0.000015318|0.000032951,0.00,0.00,42942464,42942464,768,768,1536
3614,1764562483.5772655,kem_handshake,0.000018324|0.000015338|0.000032690,0.00,0.00,42942464,42942464,768,768,1536
3615,1764562483.5784113,kem_handshake,0.000018514|0.000014738|0.000033482,0.00,0.00,42942464,42942464,768,768,1536
3616,1764562483.5799682,kem_handshake,0.000050193|0.000035346|0.000071893,0.00,0.00,42934272,42934272,768,768,1536
3617,1764562483.581395,kem_handshake,0.000028472|0.000017733|0.000035526,0.00,0.00,42934272,42934272,768,768,1536
3618,1764562483.5827267,kem_handshake,0.000033161|0.000022001|0.000041627,0.00,0.00,42942464,42942464,768,768,1536
3619,1764562483.5839381,kem_handshake,0.000021830|0.000016080|0.000035937,0.00,0.00,42934272,42934272,768,768,1536
3620,1764562483.585062,kem_handshake,0.000021991|0.000016430|0.000037540,0.00,0.00,42934272,42934272,768,768,1536
3621,1764562483.5862408,kem_handshake,0.000019727|0.000015378|0.000032951,0.00,0.00,42934272,42934272,768,768,1536
3622,1764562483.587323,kem_handshake,0.000018594|0.000015258|0.000033102,0.00,0.00,42934272,42934272,768,768,1536
3623,1764562483.5884867,kem_handshake,0.000019716|0.000015789|0.000035305,0.00,0.00,42934272,42934272,768,768,1536
3624,1764562483.5898767,kem_handshake,0.000021169|0.000016110|0.000040955,0.00,0.00,42934272,42934272,768,768,1536
3625,1764562483.5909817,kem_handshake,0.000020147|0.000015328|0.000034153,0.00,0.00,42934272,42934272,768,768,1536
3626,1764562483.592053,kem_handshake,0.000019145|0.000015669|0.000032591,0.00,0.00,42934272,42934272,768,768,1536
3627,1764562483.5931282,kem_handshake,0.000021479|0.000015679|0.000032890,0.00,0.00,42934272,42934272,768,768,1536
3628,1764562483.5941684,kem_handshake,0.000018344|0.000015458|0.000032540,0.00,0.00,42934272,42934272,768,768,1536
3629,1764562483.5952947,kem_handshake,0.000019266|0.000016390|0.000033171,0.00,0.00,42934272,42934272,768,768,1536
3630,1764562483.596368,kem_handshake,0.000018374|0.000015198|0.000032670,0.00,0.00,42934272,42934272,768,768,1536
3631,1764562483.5976245,kem_handshake,0.000020568|0.000015789|0.000035776,0.00,0.00,42934272,42934272,768,768,1536
3632,1764562483.5989358,kem_handshake,0.000020167|0.000034063|0.000034634,0.00,0.00,42934272,42934272,768,768,1536
3633,1764562483.6000516,kem_handshake,0.000018594|0.000015358|0.000033001,0.00,0.00,42934272,42934272,768,768,1536
3634,1764562483.6011438,kem_handshake,0.000018695|0.000015378|0.000033832,0.00,0.00,42934272,42934272,768,768,1536
3635,1764562483.6029,kem_handshake,0.000062195|0.000038831|0.000083444,0.00,0.00,42942464,42942464,768,768,1536
3636,1764562483.6041753,kem_handshake,0.000021720|0.000017162|0.000034293,0.00,0.00,42942464,42942464,768,768,1536
3637,1764562483.605365,kem_handshake,0.000019596|0.000016320|0.000033512,0.00,14328.90,42942464,42942464,768,768,1536
3638,1764562483.6065974,kem_handshake,0.000021360|0.000016721|0.000035705,0.00,0.00,42942464,42942464,768,768,1536
3639,1764562483.6077867,kem_handshake,0.000019256|0.000015980|0.000033071,0.00,0.00,42942464,42942464,768,768,1536
3640,1764562483.6089253,kem_handshake,0.000018925|0.000021610|0.000033863,0.00,0.00,42942464,42942464,768,768,1536
3641,1764562483.609998,kem_handshake,0.000018314|0.000015148|0.000032620,0.00,0.00,42942464,42942464,768,768,1536
3642,1764562483.6110446,kem_handshake,0.000017903|0.000015168|0.000032680,0.00,0.00,42942464,42942464,768,768,1536
3643,1764562483.6122634,kem_handshake,0.000019647|0.000016079|0.000032480,0.00,0.00,42942464,42942464,768,768,1536
3644,1764562483.613504,kem_handshake,0.000022081|0.000019627|0.000037369,0.00,0.00,42942464,42942464,768,768,1536
3645,1764562483.6146545,kem_handshake,0.000019335|0.000015869|0.000034534,0.00,0.00,42942464,42942464,768,768,1536
3646,1764562483.615756,kem_handshake,0.000019206|0.000015869|0.000033912,0.00,0.00,42942464,42942464,768,768,1536
3647,1764562483.6168346,kem_handshake,0.000018624|0.000015539|0.000033232,0.00,0.00,42942464,42942464,768,768,1536
3648,1764562483.6179154,kem_handshake,0.000018064|0.000014978|0.000032850,0.00,0.00,42942464,42942464,768,768,1536
3649,1764562483.6189704,kem_handshake,0.000017963|0.000015208|0.000032861,0.00,0.00,42942464,42942464,768,768,1536
3650,1764562483.6201327,kem_handshake,0.000020117|0.000016370|0.000032350,0.00,0.00,42942464,42942464,768,768,1536
3651,1764562483.6212945,kem_handshake,0.000018615|0.000015909|0.000032750,0.00,0.00,42942464,42942464,768,768,1536
3652,1764562483.6224577,kem_handshake,0.000021360|0.000016691|0.000034213,0.00,0.00,42942464,42942464,768,768,1536
3653,1764562483.623632,kem_handshake,0.000019907|0.000016381|0.000036618,0.00,0.00,42942464,42942464,768,768,1536
3654,1764562483.6259167,kem_handshake,0.000121986|0.000051325|0.000135550,0.00,0.00,42934272,42934272,768,768,1536
3655,1764562483.628454,kem_handshake,0.000085829|0.000045214|0.000112688,0.00,0.00,42934272,42934272,768,768,1536
3656,1764562483.63012,kem_handshake,0.000030186|0.000019997|0.000041607,0.00,0.00,42934272,42934272,768,768,1536
3657,1764562483.6318605,kem_handshake,0.000053860|0.000036718|0.000101327,0.00,0.00,42934272,42934272,768,768,1536
3658,1764562483.6338255,kem_handshake,0.000049261|0.000029044|0.000076732,0.00,0.00,42934272,42934272,768,768,1536
3659,1764562483.6360729,kem_handshake,0.000108310|0.000035095|0.000083844,0.00,0.00,42942464,42942464,768,768,1536
3660,1764562483.6388986,kem_handshake,0.000080248|0.000043240|0.000114872,0.00,0.00,42942464,42942464,768,768,1536
3661,1764562483.6403553,kem_handshake,0.000025857|0.000017231|0.000035976,0.00,13051.10,42942464,42942464,768,768,1536
3662,1764562483.6414723,kem_handshake,0.000019907|0.000016190|0.000033111,0.00,0.00,42942464,42942464,768,768,1536
3663,1764562483.6425836,kem_handshake,0.000020317|0.000016059|0.000033863,0.00,0.00,42942464,42942464,768,768,1536
3664,1764562483.6437013,kem_handshake,0.000021930|0.000016891|0.000036147,0.00,0.00,42942464,42942464,768,768,1536
3665,1764562483.645098,kem_handshake,0.000032370|0.000021390|0.000052316,0.00,0.00,42942464,42942464,768,768,1536
3666,1764562483.646816,kem_handshake,0.000035075|0.000020919|0.000042218,0.00,0.00,42942464,42942464,768,768,1536
3667,1764562483.6482904,kem_handshake,0.000026789|0.000017994|0.000044973,0.00,0.00,42942464,42942464,768,768,1536
3668,1764562483.6494985,kem_handshake,0.000023103|0.000017803|0.000038501,0.00,0.00,42942464,42942464,768,768,1536
3669,1764562483.6507332,kem_handshake,0.000024716|0.000019025|0.000043070,0.00,0.00,42942464,42942464,768,768,1536
3670,1764562483.6519613,kem_handshake,0.000023443|0.000017692|0.000036717,0.00,0.00,42942464,42942464,768,768,1536
3671,1764562483.653182,kem_handshake,0.000018875|0.000015849|0.000035045,0.00,0.00,42942464,42942464,768,768,1536
3672,1764562483.6544037,kem_handshake,0.000027451|0.000021320|0.000048409,0.00,0.00,42942464,42942464,768,768,1536
3673,1764562483.655749,kem_handshake,0.000030977|0.000022541|0.000054821,0.00,0.00,42942464,42942464,768,768,1536
3674,1764562483.6571164,kem_handshake,0.000027180|0.000021550|0.000046997,0.00,0.00,42942464,42942464,768,768,1536
3675,1764562483.6583717,kem_handshake,0.000024946|0.000019867|0.000043901,0.00,0.00,42942464,42942464,768,768,1536
3676,1764562483.6601248,kem_handshake,0.000076781|0.000038241|0.000080028,0.00,0.00,42934272,42934272,768,768,1536
3677,1764562483.6616457,kem_handshake,0.000033692|0.000022862|0.000043280,0.00,0.00,42934272,42934272,768,768,1536
3678,1764562483.6631253,kem_handshake,0.000025547|0.000019346|0.000036557,0.00,0.00,42934272,42934272,768,768,1536
3679,1764562483.6642673,kem_handshake,0.000020518|0.000016059|0.000033822,0.00,0.00,42934272,42934272,768,768,1536
3680,1764562483.6656704,kem_handshake,0.000045705|0.000024335|0.000046426,0.00,0.00,42942464,42942464,768,768,1536
3681,1764562483.6674273,kem_handshake,0.000060021|0.000034764|0.000070129,0.00,0.00,42934272,42934272,768,768,1536
3682,1764562483.6689289,kem_handshake,0.000020047|0.000016140|0.000033201,0.00,0.00,42934272,42934272,768,768,1536
3683,1764562483.6700437,kem_handshake,0.000062075|0.000022922|0.000032961,0.00,0.00,42934272,42934272,768,768,1536
3684,1764562483.6711304,kem_handshake,0.000018534|0.000015219|0.000032991,0.00,0.00,42934272,42934272,768,768,1536
3685,1764562483.6722798,kem_handshake,0.000022621|0.000017643|0.000039623,0.00,0.00,42934272,42934272,768,768,1536
3686,1764562483.673393,kem_handshake,0.000019215|0.000016019|0.000034333,0.00,0.00,42934272,42934272,768,768,1536
3687,1764562483.6745012,kem_handshake,0.000019486|0.000015569|0.000033402,0.00,0.00,42934272,42934272,768,768,1536
3688,1764562483.6755724,kem_handshake,0.000018765|0.000015579|0.000032890,0.00,0.00,42934272,42934272,768,768,1536
3689,1764562483.6766558,kem_handshake,0.000018414|0.000014828|0.000033542,0.00,0.00,42934272,42934272,768,768,1536
3690,1764562483.6777072,kem_handshake,0.000018314|0.000015128|0.000033181,0.00,0.00,42934272,42934272,768,768,1536
3691,1764562483.6787734,kem_handshake,0.000033402|0.000019777|0.000032741,0.00,0.00,42934272,42934272,768,768,1536
3692,1764562483.6798503,kem_handshake,0.000018474|0.000014958|0.000038181,0.00,0.00,42934272,42934272,768,768,1536
3693,1764562483.680988,kem_handshake,0.000019727|0.000016470|0.000038722,0.00,0.00,42934272,42934272,768,768,1536
3694,1764562483.682157,kem_handshake,0.000021750|0.000017052|0.000034334,0.00,0.00,42934272,42934272,768,768,1536
3695,1764562483.6832829,kem_handshake,0.000020388|0.000016290|0.000032870,0.00,0.00,42934272,42934272,768,768,1536
3696,1764562483.68436,kem_handshake,0.000019176|0.000015759|0.000033011,0.00,0.00,42934272,42934272,768,768,1536
3697,1764562483.6861188,kem_handshake,0.000102339|0.000044743|0.000088604,0.00,0.00,42942464,42942464,768,768,1536
3698,1764562483.6874108,kem_handshake,0.000019696|0.000016260|0.000033892,0.00,0.00,42942464,42942464,768,768,1536
3699,1764562483.6885257,kem_handshake,0.000018754|0.000016681|0.000033251,0.00,0.00,42942464,42942464,768,768,1536
3700,1764562483.6896408,kem_handshake,0.000020548|0.000016601|0.000035536,0.00,0.00,42942464,42942464,768,768,1536
3701,1764562483.691183,kem_handshake,0.000051195|0.000036156|0.000077513,0.00,0.00,42934272,42934272,768,768,1536
3702,1764562483.6926908,kem_handshake,0.000036217|0.000031188|0.000064589,0.00,0.00,42942464,42942464,768,768,1536
3703,1764562483.6938462,kem_handshake,0.000018605|0.000015298|0.000037980,0.00,0.00,42942464,42942464,768,768,1536
3704,1764562483.6948895,kem_handshake,0.000018605|0.000015499|0.000032861,0.00,0.00,42942464,42942464,768,768,1536
3705,1764562483.695947,kem_handshake,0.000018144|0.000014877|0.000032820,0.00,0.00,42942464,42942464,768,768,1536
3706,1764562483.6970925,kem_handshake,0.000019235|0.000015900|0.000033923,0.00,0.00,42942464,42942464,768,768,1536
3707,1764562483.6982539,kem_handshake,0.000018083|0.000015649|0.000032610,0.00,0.00,42942464,42942464,768,768,1536
3708,1764562483.6997082,kem_handshake,0.000061423|0.000036838|0.000076802,0.00,0.00,42934272,42934272,768,768,1536
3709,1764562483.700941,kem_handshake,0.000023674|0.000016160|0.000033351,0.00,0.00,42934272,42934272,768,768,1536
3710,1764562483.702006,kem_handshake,0.000019075|0.000015789|0.000032460,0.00,0.00,42934272,42934272,768,768,1536
3711,1764562483.7031329,kem_handshake,0.000024225|0.000019116|0.000065891,0.00,0.00,42934272,42934272,768,768,1536
3712,1764562483.704333,kem_handshake,0.000050453|0.000016601|0.000035085,0.00,0.00,42934272,42934272,768,768,1536
3713,1764562483.7060316,kem_handshake,0.000055723|0.000050293|0.000073005,0.00,0.00,42942464,42942464,768,768,1536
3714,1764562483.707437,kem_handshake,0.000028552|0.000018465|0.000055803,0.00,0.00,42942464,42942464,768,768,1536
3715,1764562483.7091513,kem_handshake,0.000041226|0.000021150|0.000046366,0.00,0.00,42942464,42942464,768,768,1536
3716,1764562483.7117748,kem_handshake,0.000036638|0.000020849|0.000048430,0.00,0.00,42942464,42942464,768,768,1536
3717,1764562483.712989,kem_handshake,0.000019185|0.000015949|0.000037199,0.00,0.00,42942464,42942464,768,768,1536
3718,1764562483.7142608,kem_handshake,0.000025857|0.000017722|0.000039423,0.00,0.00,42942464,42942464,768,768,1536
3719,1764562483.7156718,kem_handshake,0.000025677|0.000018334|0.000039192,0.00,0.00,42942464,42942464,768,768,1536
3720,1764562483.717693,kem_handshake,0.000075510|0.000027390|0.000047868,0.00,0.00,42942464,42942464,768,768,1536
3721,1764562483.7194486,kem_handshake,0.000036838|0.000019466|0.000052537,0.00,0.00,42942464,42942464,768,768,1536
3722,1764562483.7206793,kem_handshake,0.000021309|0.000016110|0.000036387,0.00,0.00,42942464,42942464,768,768,1536
3723,1764562483.7218528,kem_handshake,0.000020078|0.000015118|0.000045575,0.00,0.00,42942464,42942464,768,768,1536
3724,1764562483.7230058,kem_handshake,0.000021009|0.000015709|0.000035506,0.00,0.00,42942464,42942464,768,768,1536
3725,1764562483.7241037,kem_handshake,0.000019706|0.000015639|0.000033181,0.00,0.00,42942464,42942464,768,768,1536
3726,1764562483.7257535,kem_handshake,0.000051144|0.000036357|0.000079938,0.00,0.00,42942464,42942464,768,768,1536
3727,1764562483.7271373,kem_handshake,0.000052316|0.000016912|0.000038531,0.00,0.00,42942464,42942464,768,768,1536
3728,1764562483.7282925,kem_handshake,0.000020478|0.000016130|0.000036197,0.00,0.00,42942464,42942464,768,768,1536
3729,1764562483.7294025,kem_handshake,0.000019797|0.000016290|0.000033492,0.00,14533.40,42942464,42942464,768,768,1536
3730,1764562483.7305257,kem_handshake,0.000020117|0.000016260|0.000043901,0.00,0.00,42942464,42942464,768,768,1536
3731,1764562483.7316449,kem_handshake,0.000025978|0.000018334|0.000033672,0.00,0.00,42942464,42942464,768,768,1536
3732,1764562483.732812,kem_handshake,0.000023063|0.000017182|0.000041086,0.00,0.00,42942464,42942464,768,768,1536
3733,1764562483.7341027,kem_handshake,0.000021189|0.000017372|0.000035796,0.00,0.00,42942464,42942464,768,768,1536
3734,1764562483.7352102,kem_handshake,0.000018995|0.000016040|0.000032921,0.00,0.00,42942464,42942464,768,768,1536
3735,1764562483.7362866,kem_handshake,0.000018945|0.000015478|0.000032610,0.00,0.00,42942464,42942464,768,768,1536
3736,1764562483.7373707,kem_handshake,0.000021099|0.000016351|0.000034233,0.00,0.00,42942464,42942464,768,768,1536
3737,1764562483.7384832,kem_handshake,0.000019526|0.000016670|0.000034103,0.00,0.00,42942464,42942464,768,768,1536
3738,1764562483.7403219,kem_handshake,0.000064980|0.000037279|0.000114261,0.00,0.00,42934272,42934272,768,768,1536
3739,1764562483.7427177,kem_handshake,0.000034925|0.000034404|0.000073105,0.00,0.00,42934272,42934272,768,768,1536
3740,1764562483.7446673,kem_handshake,0.000057627|0.000037038|0.000072994,0.00,0.00,42942464,42942464,768,768,1536
3741,1764562483.7458985,kem_handshake,0.000021860|0.000016550|0.000034113,0.00,0.00,42942464,42942464,768,768,1536
3742,1764562483.7470307,kem_handshake,0.000023824|0.000018985|0.000039243,0.00,0.00,42942464,42942464,768,768,1536
3743,1764562483.749006,kem_handshake,0.000094274|0.000044392|0.000106657,0.00,0.00,42934272,42934272,768,768,1536
3744,1764562483.750845,kem_handshake,0.000026990|0.000018704|0.000036077,0.00,0.00,42934272,42934272,768,768,1536
3745,1764562483.7519765,kem_handshake,0.000020107|0.000016280|0.000033662,0.00,0.00,42934272,42934272,768,768,1536
3746,1764562483.7530923,kem_handshake,0.000020387|0.000015429|0.000033693,0.00,0.00,42934272,42934272,768,768,1536
3747,1764562483.754158,kem_handshake,0.000018845|0.000015288|0.000032920,0.00,0.00,42934272,42934272,768,768,1536
3748,1764562483.7552862,kem_handshake,0.000021710|0.000016521|0.000037329,0.00,0.00,42934272,42934272,768,768,1536
3749,1764562483.7564464,kem_handshake,0.000020498|0.000015910|0.000034503,0.00,0.00,42934272,42934272,768,768,1536
3750,1764562483.7575703,kem_handshake,0.000021169|0.000016210|0.000034514,0.00,0.00,42934272,42934272,768,768,1536
3751,1764562483.7587404,kem_handshake,0.000021430|0.000016140|0.000035646,0.00,0.00,42934272,42934272,768,768,1536
3752,1764562483.759862,kem_handshake,0.000018774|0.000015669|0.000040274,0.00,0.00,42934272,42934272,768,768,1536
3753,1764562483.7609828,kem_handshake,0.000019967|0.000015689|0.000034443,0.00,0.00,42934272,42934272,768,768,1536
3754,1764562483.7620418,kem_handshake,0.000019906|0.000015829|0.000033161,0.00,0.00,42934272,42934272,768,768,1536
3755,1764562483.763132,kem_handshake,0.000019896|0.000015739|0.000033872,0.00,0.00,42934272,42934272,768,768,1536
3756,1764562483.7642488,kem_handshake,0.000019005|0.000015559|0.000034965,0.00,0.00,42934272,42934272,768,768,1536
3757,1764562483.765322,kem_handshake,0.000019015|0.000015338|0.000032951,0.00,0.00,42934272,42934272,768,768,1536
3758,1764562483.7663972,kem_handshake,0.000018704|0.000015409|0.000033282,0.00,0.00,42934272,42934272,768,768,1536
3759,1764562483.767473,kem_handshake,0.000019627|0.000015428|0.000032730,0.00,0.00,42934272,42934272,768,768,1536
3760,1764562483.7685351,kem_handshake,0.000018284|0.000015228|0.000032771,0.00,0.00,42934272,42934272,768,768,1536
3761,1764562483.769623,kem_handshake,0.000018955|0.000015789|0.000033121,0.00,0.00,42934272,42934272,768,768,1536
3762,1764562483.7707174,kem_handshake,0.000019446|0.000015900|0.000033462,0.00,0.00,42934272,42934272,768,768,1536
3763,1764562483.771795,kem_handshake,0.000020167|0.000016150|0.000033743,0.00,0.00,42934272,42934272,768,768,1536
3764,1764562483.7728903,kem_handshake,0.000019496|0.000015538|0.000033071,0.00,0.00,42934272,42934272,768,768,1536
3765,1764562483.7741575,kem_handshake,0.000044752|0.000034523|0.000068166,0.00,0.00,42934272,42934272,768,768,1536
3766,1764562483.7754865,kem_handshake,0.000021790|0.000017652|0.000037620,0.00,0.00,42934272,42934272,768,768,1536
3767,1764562483.776621,kem_handshake,0.000019806|0.000016230|0.000034634,0.00,0.00,42934272,42934272,768,768,1536
3768,1764562483.777741,kem_handshake,0.000018825|0.000015829|0.000038602,0.00,0.00,42934272,42934272,768,768,1536
3769,1764562483.778912,kem_handshake,0.000020808|0.000016941|0.000035546,0.00,0.00,42934272,42934272,768,768,1536
3770,1764562483.7800415,kem_handshake,0.000019827|0.000015890|0.000033742,0.00,0.00,42934272,42934272,768,768,1536
3771,1764562483.7818444,kem_handshake,0.000070601|0.000038461|0.000077333,0.00,0.00,42942464,42942464,768,768,1536
3772,1764562483.7834954,kem_handshake,0.000036918|0.000022942|0.000047728,0.00,0.00,42942464,42942464,768,768,1536
3773,1764562483.7847898,kem_handshake,0.000024154|0.000018014|0.000035966,0.00,0.00,42942464,42942464,768,768,1536
3774,1764562483.7865078,kem_handshake,0.000049291|0.000040525|0.000079887,0.00,0.00,42942464,42942464,768,768,1536
3775,1764562483.7877681,kem_handshake,0.000020017|0.000016491|0.000036718,0.00,0.00,42942464,42942464,768,768,1536
3776,1764562483.7889469,kem_handshake,0.000028543|0.000016040|0.000040435,0.00,0.00,42942464,42942464,768,768,1536
3777,1764562483.7902,kem_handshake,0.000021029|0.000017743|0.000035666,0.00,0.00,42942464,42942464,768,768,1536
3778,1764562483.7919528,kem_handshake,0.000053879|0.000023163|0.000054201,0.00,0.00,42934272,42934272,768,768,1536
3779,1764562483.7937381,kem_handshake,0.000038982|0.000021961|0.000049972,0.00,0.00,42934272,42934272,768,768,1536
3780,1764562483.7953348,kem_handshake,0.000038622|0.000023624|0.000061414,0.00,0.00,42934272,42934272,768,768,1536
3781,1764562483.797676,kem_handshake,0.000060772|0.000028152|0.000084426,0.00,0.00,42934272,42934272,768,768,1536
3782,1764562483.7994978,kem_handshake,0.000037059|0.000022000|0.000048440,0.00,0.00,42934272,42934272,768,768,1536
3783,1764562483.802116,kem_handshake,0.000064108|0.000024696|0.000064539,0.00,0.00,42934272,42934272,768,768,1536
3784,1764562483.8041863,kem_handshake,0.000055132|0.000030456|0.000066583,0.00,0.00,42934272,42934272,768,768,1536
3785,1764562483.8069909,kem_handshake,0.000103521|0.000051105|0.000128948,0.00,0.00,42942464,42942464,768,768,1536
3786,1764562483.8099418,kem_handshake,0.000055453|0.000027711|0.000061775,0.00,0.00,42942464,42942464,768,768,1536
3787,1764562483.811677,kem_handshake,0.000038091|0.000020017|0.000043730,0.00,0.00,42942464,42942464,768,768,1536
3788,1764562483.8134208,kem_handshake,0.000045644|0.000020628|0.000050514,0.00,0.00,42942464,42942464,768,768,1536
3789,1764562483.8154473,kem_handshake,0.000057907|0.000027631|0.000087501,0.00,0.00,42942464,42942464,768,768,1536
3790,1764562483.8177278,kem_handshake,0.000079277|0.000034314|0.000077152,0.00,0.00,42942464,42942464,768,768,1536
3791,1764562483.8210819,kem_handshake,0.000073035|0.000025567|0.000070981,0.00,0.00,42942464,42942464,768,768,1536
3792,1764562483.8233712,kem_handshake,0.000078555|0.000035195|0.000101027,0.00,0.00,42942464,42942464,768,768,1536
3793,1764562483.8256092,kem_handshake,0.000061634|0.000040505|0.000105004,0.00,0.00,42942464,42942464,768,768,1536
3794,1764562483.8274956,kem_handshake,0.000053489|0.000024686|0.000051716,0.00,0.00,42942464,42942464,768,768,1536
3795,1764562483.829018,kem_handshake,0.000057466|0.000021400|0.000061083,0.00,0.00,42942464,42942464,768,768,1536
3796,1764562483.8309965,kem_handshake,0.000070791|0.000027862|0.000051716,0.00,0.00,42934272,42934272,768,768,1536
3797,1764562483.8325596,kem_handshake,0.000027090|0.000018344|0.000043400,0.00,0.00,42934272,42934272,768,768,1536
3798,1764562483.8341105,kem_handshake,0.000029345|0.000019846|0.000041847,0.00,0.00,42934272,42934272,768,768,1536
3799,1764562483.8358498,kem_handshake,0.000040395|0.000022251|0.000054200,0.00,0.00,42934272,42934272,768,768,1536
3800,1764562483.8387966,kem_handshake,0.000049842|0.000024946|0.000073806,0.00,0.00,42934272,42934272,768,768,1536
3801,1764562483.8408551,kem_handshake,0.000044973|0.000023143|0.000060792,0.00,0.00,42934272,42934272,768,768,1536
3802,1764562483.8420882,kem_handshake,0.000022281|0.000016480|0.000034904,0.00,0.00,42934272,42934272,768,768,1536
3803,1764562483.843242,kem_handshake,0.000025958|0.000018484|0.000034514,0.00,0.00,42934272,42934272,768,768,1536
3804,1764562483.8445866,kem_handshake,0.000030026|0.000018925|0.000044282,0.00,0.00,42934272,42934272,768,768,1536
3805,1764562483.8466454,kem_handshake,0.000048720|0.000027511|0.000067314,0.00,0.00,42934272,42934272,768,768,1536
3806,1764562483.8493195,kem_handshake,0.000061343|0.000030837|0.000075720,0.00,0.00,42934272,42934272,768,768,1536
3807,1764562483.8515499,kem_handshake,0.000093943|0.000030406|0.000050343,0.00,0.00,42942464,42942464,768,768,1536
3808,1764562483.8529935,kem_handshake,0.000029134|0.000022632|0.000041557,0.00,0.00,42942464,42942464,768,768,1536
3809,1764562483.854217,kem_handshake,0.000020858|0.000016350|0.000035165,0.00,0.00,42942464,42942464,768,768,1536
3810,1764562483.855353,kem_handshake,0.000022732|0.000019676|0.000035385,0.00,0.00,42942464,42942464,768,768,1536
3811,1764562483.8564675,kem_handshake,0.000020528|0.000016952|0.000036246,0.00,0.00,42942464,42942464,768,768,1536
3812,1764562483.8576868,kem_handshake,0.000022581|0.000017002|0.000037038,0.00,0.00,42942464,42942464,768,768,1536
3813,1764562483.8588738,kem_handshake,0.000024034|0.000016571|0.000045885,0.00,0.00,42942464,42942464,768,768,1536
3814,1764562483.8600671,kem_handshake,0.000021640|0.000016831|0.000036377,0.00,0.00,42942464,42942464,768,768,1536
3815,1764562483.8611865,kem_handshake,0.000019927|0.000016290|0.000033122,0.00,0.00,42942464,42942464,768,768,1536
3816,1764562483.8622735,kem_handshake,0.000018965|0.000016039|0.000032680,0.00,0.00,42942464,42942464,768,768,1536
3817,1764562483.8633492,kem_handshake,0.000018585|0.000015388|0.000033442,0.00,0.00,42942464,42942464,768,768,1536
3818,1764562483.864477,kem_handshake,0.000022682|0.000016401|0.000034403,0.00,0.00,42942464,42942464,768,768,1536
3819,1764562483.8657384,kem_handshake,0.000027391|0.000018033|0.000042108,0.00,0.00,42942464,42942464,768,768,1536
3820,1764562483.8669367,kem_handshake,0.000027731|0.000017231|0.000037529,0.00,0.00,42942464,42942464,768,768,1536
3821,1764562483.8681262,kem_handshake,0.000020137|0.000016240|0.000035706,0.00,0.00,42942464,42942464,768,768,1536
3822,1764562483.86922,kem_handshake,0.000019376|0.000015609|0.000032900,0.00,0.00,42942464,42942464,768,768,1536
3823,1764562483.870275,kem_handshake,0.000017893|0.000015649|0.000032911,0.00,0.00,42942464,42942464,768,768,1536
3824,1764562483.871336,kem_handshake,0.000018584|0.000015318|0.000032911,0.00,0.00,42942464,42942464,768,768,1536
3825,1764562483.8724155,kem_handshake,0.000020368|0.000015639|0.000033302,0.00,0.00,42942464,42942464,768,768,1536
3826,1764562483.8736794,kem_handshake,0.000027250|0.000019065|0.000043861,0.00,0.00,42942464,42942464,768,768,1536
3827,1764562483.875,kem_handshake,0.000023604|0.000017362|0.000035405,0.00,0.00,42942464,42942464,768,768,1536
3828,1764562483.8761928,kem_handshake,0.000021901|0.000017572|0.000037669,0.00,0.00,42942464,42942464,768,768,1536
3829,1764562483.877722,kem_handshake,0.000024265|0.000016921|0.000043861,0.00,0.00,42942464,42942464,768,768,1536
3830,1764562483.8794594,kem_handshake,0.000051966|0.000025437|0.000051064,0.00,0.00,42934272,42934272,768,768,1536
3831,1764562483.880766,kem_handshake,0.000030897|0.000019466|0.000037859,0.00,0.00,42934272,42934272,768,768,1536
3832,1764562483.8820963,kem_handshake,0.000031428|0.000019176|0.000044181,0.00,0.00,42934272,42934272,768,768,1536
3833,1764562483.883437,kem_handshake,0.000025477|0.000021389|0.000041287,0.00,0.00,42934272,42934272,768,768,1536
3834,1764562483.8846488,kem_handshake,0.000020728|0.000017012|0.000036527,0.00,0.00,42934272,42934272,768,768,1536
3835,1764562483.886712,kem_handshake,0.000106757|0.000038401|0.000066964,0.00,0.00,42942464,42942464,768,768,1536
3836,1764562483.8883984,kem_handshake,0.000030917|0.000019145|0.000039132,0.00,0.00,42942464,42942464,768,768,1536
3837,1764562483.889978,kem_handshake,0.000040224|0.000028152|0.000053148,0.00,0.00,42942464,42942464,768,768,1536
3838,1764562483.8912518,kem_handshake,0.000025076|0.000017513|0.000036627,0.00,0.00,42942464,42942464,768,768,1536
3839,1764562483.892468,kem_handshake,0.000022702|0.000016691|0.000035636,0.00,0.00,42942464,42942464,768,768,1536
3840,1764562483.8935504,kem_handshake,0.000018404|0.000015970|0.000033823,0.00,0.00,42942464,42942464,768,768,1536
3841,1764562483.894636,kem_handshake,0.000018204|0.000015919|0.000033622,0.00,0.00,42942464,42942464,768,768,1536
3842,1764562483.8957639,kem_handshake,0.000019757|0.000015699|0.000033662,0.00,0.00,42942464,42942464,768,768,1536
3843,1764562483.8968697,kem_handshake,0.000019226|0.000015609|0.000043460,0.00,0.00,42942464,42942464,768,768,1536
3844,1764562483.8981385,kem_handshake,0.000037960|0.000022382|0.000054220,0.00,0.00,42942464,42942464,768,768,1536
3845,1764562483.899719,kem_handshake,0.000024135|0.000016541|0.000034985,0.00,0.00,42942464,42942464,768,768,1536
3846,1764562483.9011607,kem_handshake,0.000021841|0.000016280|0.000034895,0.00,0.00,42942464,42942464,768,768,1536
3847,1764562483.9023688,kem_handshake,0.000020157|0.000015268|0.000033462,0.00,0.00,42942464,42942464,768,768,1536
3848,1764562483.9035008,kem_handshake,0.000018565|0.000015078|0.000032900,0.00,0.00,42942464,42942464,768,768,1536
3849,1764562483.904755,kem_handshake,0.000024766|0.000017022|0.000044943,0.00,0.00,42942464,42942464,768,768,1536
3850,1764562483.9060905,kem_handshake,0.000021460|0.000016972|0.000034894,0.00,0.00,42942464,42942464,768,768,1536
3851,1764562483.9073339,kem_handshake,0.000022792|0.000015909|0.000034845,0.00,0.00,42942464,42942464,768,768,1536
3852,1764562483.9086528,kem_handshake,0.000024395|0.000016410|0.000036017,0.00,0.00,42942464,42942464,768,768,1536
3853,1764562483.9098914,kem_handshake,0.000021590|0.000015478|0.000035255,0.00,0.00,42942464,42942464,768,768,1536
3854,1764562483.9110026,kem_handshake,0.000019456|0.000015238|0.000033482,0.00,0.00,42942464,42942464,768,768,1536
3855,1764562483.9120812,kem_handshake,0.000018323|0.000015709|0.000033311,0.00,0.00,42942464,42942464,768,768,1536
3856,1764562483.913256,kem_handshake,0.000019997|0.000016390|0.000039303,0.00,0.00,42942464,42942464,768,768,1536
3857,1764562483.914406,kem_handshake,0.000019997|0.000015839|0.000034013,0.00,0.00,42942464,42942464,768,768,1536
3858,1764562483.9155128,kem_handshake,0.000020618|0.000015519|0.000034163,0.00,0.00,42942464,42942464,768,768,1536
3859,1764562483.9168067,kem_handshake,0.000023984|0.000016470|0.000042649,0.00,0.00,42942464,42942464,768,768,1536
3860,1764562483.9179726,kem_handshake,0.000060311|0.000015800|0.000032831,0.00,0.00,42942464,42942464,768,768,1536
3861,1764562483.919728,kem_handshake,0.000067986|0.000039964|0.000077433,0.00,0.00,42934272,42934272,768,768,1536
3862,1764562483.9213555,kem_handshake,0.000035897|0.000020458|0.000039092,0.00,0.00,42934272,42934272,768,768,1536
3863,1764562483.9226463,kem_handshake,0.000027931|0.000019456|0.000041246,0.00,0.00,42934272,42934272,768,768,1536
3864,1764562483.9237995,kem_handshake,0.000020327|0.000016020|0.000033322,0.00,0.00,42934272,42934272,768,768,1536
3865,1764562483.9257221,kem_handshake,0.000081370|0.000045063|0.000092742,0.00,0.00,42942464,42942464,768,768,1536
3866,1764562483.927309,kem_handshake,0.000020858|0.000015880|0.000033392,0.00,0.00,42942464,42942464,768,768,1536
3867,1764562483.9290063,kem_handshake,0.000103401|0.000024595|0.000037499,0.00,0.00,42942464,42942464,768,768,1536
3868,1764562483.930223,kem_handshake,0.000019767|0.000015839|0.000033742,0.00,0.00,42942464,42942464,768,768,1536
3869,1764562483.9316533,kem_handshake,0.000044993|0.000022992|0.000044953,0.00,0.00,42934272,42934272,768,768,1536
3870,1764562483.933156,kem_handshake,0.000042689|0.000021600|0.000040825,0.00,0.00,42934272,42934272,768,768,1536
3871,1764562483.9343193,kem_handshake,0.000021770|0.000016680|0.000034564,0.00,0.00,42934272,42934272,768,768,1536
3872,1764562483.9355042,kem_handshake,0.000022421|0.000017212|0.000037509,0.00,0.00,42934272,42934272,768,768,1536
3873,1764562483.9368486,kem_handshake,0.000042949|0.000021089|0.000042068,0.00,0.00,42942464,42942464,768,768,1536
3874,1764562483.9380896,kem_handshake,0.000021459|0.000017151|0.000035295,0.00,0.00,42934272,42934272,768,768,1536
3875,1764562483.939374,kem_handshake,0.000033772|0.000018414|0.000040925,0.00,0.00,42942464,42942464,768,768,1536
3876,1764562483.9413939,kem_handshake,0.000075991|0.000045644|0.000079537,0.00,0.00,42934272,42934272,768,768,1536
3877,1764562483.9429388,kem_handshake,0.000025978|0.000022672|0.000039833,0.00,10935.10,42934272,42934272,768,768,1536
3878,1764562483.9443994,kem_handshake,0.000040955|0.000032881|0.000067114,0.00,0.00,42934272,42934272,768,768,1536
3879,1764562483.9457517,kem_handshake,0.000030576|0.000032681|0.000066803,0.00,0.00,42934272,42934272,768,768,1536
3880,1764562483.9470346,kem_handshake,0.000020888|0.000017092|0.000034974,0.00,0.00,42934272,42934272,768,768,1536
3881,1764562483.9481266,kem_handshake,0.000020218|0.000016360|0.000033782,0.00,0.00,42934272,42934272,768,768,1536
3882,1764562483.9494507,kem_handshake,0.000021850|0.000016200|0.000038772,0.00,0.00,42934272,42934272,768,768,1536
3883,1764562483.951009,kem_handshake,0.000021199|0.000016932|0.000036708,0.00,0.00,42934272,42934272,768,768,1536
3884,1764562483.952242,kem_handshake,0.000067765|0.000024194|0.000035105,0.00,0.00,42934272,42934272,768,768,1536
3885,1764562483.9533665,kem_handshake,0.000019837|0.000016410|0.000033091,0.00,0.00,42934272,42934272,768,768,1536
3886,1764562483.9544668,kem_handshake,0.000019346|0.000015919|0.000033041,0.00,0.00,42934272,42934272,768,768,1536
3887,1764562483.9555347,kem_handshake,0.000019336|0.000015649|0.000033331,0.00,0.00,42934272,42934272,768,768,1536
3888,1764562483.9568286,kem_handshake,0.000020408|0.000016340|0.000034274,0.00,0.00,42934272,42934272,768,768,1536
3889,1764562483.958032,kem_handshake,0.000023363|0.000016580|0.000037299,0.00,0.00,42934272,42934272,768,768,1536
3890,1764562483.959156,kem_handshake,0.000018785|0.000015749|0.000033081,0.00,0.00,42934272,42934272,768,768,1536
3891,1764562483.960259,kem_handshake,0.000019136|0.000015038|0.000032911,0.00,0.00,42934272,42934272,768,768,1536
3892,1764562483.9616005,kem_handshake,0.000019045|0.000015439|0.000032690,0.00,0.00,42934272,42934272,768,768,1536
3893,1764562483.9629455,kem_handshake,0.000026509|0.000016510|0.000033241,0.00,0.00,42934272,42934272,768,768,1536
3894,1764562483.9641294,kem_handshake,0.000020378|0.000015859|0.000035245,0.00,0.00,42934272,42934272,768,768,1536
3895,1764562483.9655433,kem_handshake,0.000038651|0.000021790|0.000049732,0.00,0.00,42934272,42934272,768,768,1536
3896,1764562483.9676352,kem_handshake,0.000047848|0.000025757|0.000076922,0.00,0.00,42934272,42934272,768,768,1536
3897,1764562483.969325,kem_handshake,0.000030306|0.000017853|0.000045975,0.00,0.00,42934272,42934272,768,768,1536
3898,1764562483.9717317,kem_handshake,0.000116125|0.000051475|0.000093403,0.00,0.00,42942464,42942464,768,768,1536
3899,1764562483.9732497,kem_handshake,0.000033872|0.000019566|0.000040024,0.00,0.00,42942464,42942464,768,768,1536
3900,1764562483.9746935,kem_handshake,0.000027170|0.000017723|0.000037820,0.00,0.00,42942464,42942464,768,768,1536
3901,1764562483.975987,kem_handshake,0.000025958|0.000017342|0.000037970,0.00,0.00,42942464,42942464,768,768,1536
3902,1764562483.9771805,kem_handshake,0.000021149|0.000016841|0.000035595,0.00,0.00,42942464,42942464,768,768,1536
3903,1764562483.9783158,kem_handshake,0.000020468|0.000015799|0.000041016,0.00,0.00,42942464,42942464,768,768,1536
3904,1764562483.979422,kem_handshake,0.000019456|0.000015508|0.000033422,0.00,0.00,42942464,42942464,768,768,1536
3905,1764562483.9806383,kem_handshake,0.000021640|0.000015970|0.000035195,0.00,0.00,42942464,42942464,768,768,1536
3906,1764562483.9818022,kem_handshake,0.000020698|0.000016381|0.000034925,0.00,0.00,42942464,42942464,768,768,1536
3907,1764562483.9831235,kem_handshake,0.000032520|0.000022091|0.000054160,0.00,0.00,42942464,42942464,768,768,1536
3908,1764562483.9843664,kem_handshake,0.000020428|0.000015428|0.000036096,0.00,0.00,42942464,42942464,768,768,1536
3909,1764562483.9855216,kem_handshake,0.000022631|0.000016610|0.000038462,0.00,0.00,42942464,42942464,768,768,1536
3910,1764562483.986755,kem_handshake,0.000021981|0.000016320|0.000038822,0.00,0.00,42942464,42942464,768,768,1536
3911,1764562483.988066,kem_handshake,0.000029855|0.000018114|0.000039383,0.00,0.00,42942464,42942464,768,768,1536
3912,1764562483.989631,kem_handshake,0.000031278|0.000020037|0.000051305,0.00,0.00,42942464,42942464,768,768,1536
3913,1764562483.9908667,kem_handshake,0.000021681|0.000017212|0.000039944,0.00,0.00,42942464,42942464,768,768,1536
3914,1764562483.9920397,kem_handshake,0.000020357|0.000016120|0.000034614,0.00,0.00,42942464,42942464,768,768,1536
3915,1764562483.993405,kem_handshake,0.000026198|0.000023975|0.000039613,0.00,0.00,42942464,42942464,768,768,1536
3916,1764562483.994709,kem_handshake,0.000029705|0.000018555|0.000042850,0.00,0.00,42942464,42942464,768,768,1536
3917,1764562483.9961238,kem_handshake,0.000025017|0.000016550|0.000040685,0.00,0.00,42942464,42942464,768,768,1536
3918,1764562483.9973202,kem_handshake,0.000022151|0.000016411|0.000038090,0.00,0.00,42942464,42942464,768,768,1536
3919,1764562483.9984174,kem_handshake,0.000019626|0.000015349|0.000033552,0.00,0.00,42942464,42942464,768,768,1536
3920,1764562484.0002532,kem_handshake,0.000090637|0.000046316|0.000096068,0.00,0.00,42934272,42934272,768,768,1536
3921,1764562484.002053,kem_handshake,0.000030987|0.000017692|0.000036156,0.00,0.00,42934272,42934272,768,768,1536
3922,1764562484.003572,kem_handshake,0.000037759|0.000020778|0.000046426,0.00,0.00,42934272,42934272,768,768,1536
3923,1764562484.0052104,kem_handshake,0.000039543|0.000024736|0.000062075,0.00,0.00,42934272,42934272,768,768,1536
3924,1764562484.0073678,kem_handshake,0.000091169|0.000044883|0.000093092,0.00,0.00,42942464,42942464,768,768,1536
3925,1764562484.0091496,kem_handshake,0.000046256|0.000022612|0.000052217,0.00,0.00,42942464,42942464,768,768,1536
3926,1764562484.0112765,kem_handshake,0.000068006|0.000043510|0.000086289,0.00,0.00,42934272,42934272,768,768,1536
3927,1764562484.0125864,kem_handshake,0.000020458|0.000016050|0.000033682,0.00,0.00,42934272,42934272,768,768,1536
3928,1764562484.0138986,kem_handshake,0.000024355|0.000018654|0.000043381,0.00,0.00,42934272,42934272,768,768,1536
3929,1764562484.0156155,kem_handshake,0.000080789|0.000043951|0.000078745,0.00,0.00,42942464,42942464,768,768,1536
3930,1764562484.0176888,kem_handshake,0.000040906|0.000021340|0.000047307,0.00,0.00,42942464,42942464,768,768,1536
3931,1764562484.0196283,kem_handshake,0.000041537|0.000021810|0.000057937,0.00,0.00,42942464,42942464,768,768,1536
3932,1764562484.0220304,kem_handshake,0.000096227|0.000046847|0.000087632,0.00,0.00,42934272,42934272,768,768,1536
3933,1764562484.0239136,kem_handshake,0.000045765|0.000023904|0.000068317,0.00,0.00,42934272,42934272,768,768,1536
3934,1764562484.0260592,kem_handshake,0.000049241|0.000024816|0.000047118,0.00,0.00,42934272,42934272,768,768,1536
3935,1764562484.0283735,kem_handshake,0.000079857|0.000030907|0.000057556,0.00,0.00,42942464,42942464,768,768,1536
3936,1764562484.0297616,kem_handshake,0.000026829|0.000020427|0.000039854,0.00,0.00,42942464,42942464,768,768,1536
3937,1764562484.031321,kem_handshake,0.000062566|0.000027821|0.000058599,0.00,0.00,42934272,42934272,768,768,1536
3938,1764562484.0331085,kem_handshake,0.000047848|0.000025257|0.000048550,0.00,0.00,42934272,42934272,768,768,1536
3939,1764562484.034556,kem_handshake,0.000024135|0.000017292|0.000036307,0.00,0.00,42934272,42934272,768,768,1536
3940,1764562484.0357156,kem_handshake,0.000020668|0.000015819|0.000035275,0.00,0.00,42934272,42934272,768,768,1536
3941,1764562484.0368547,kem_handshake,0.000019766|0.000015959|0.000041206,0.00,0.00,42934272,42934272,768,768,1536
3942,1764562484.0385492,kem_handshake,0.000042117|0.000032991|0.000072664,0.00,0.00,42934272,42934272,768,768,1536
3943,1764562484.0399458,kem_handshake,0.000031058|0.000025026|0.000040345,0.00,0.00,42934272,42934272,768,768,1536
3944,1764562484.0416248,kem_handshake,0.000031017|0.000030086|0.000058358,0.00,0.00,42934272,42934272,768,768,1536
3945,1764562484.0430086,kem_handshake,0.000026610|0.000021309|0.000042789,0.00,0.00,42934272,42934272,768,768,1536
3946,1764562484.0442424,kem_handshake,0.000022542|0.000016651|0.000037449,0.00,0.00,42934272,42934272,768,768,1536
3947,1764562484.0453854,kem_handshake,0.000020648|0.000017573|0.000033431,0.00,0.00,42934272,42934272,768,768,1536
3948,1764562484.0465145,kem_handshake,0.000020128|0.000016340|0.000033312,0.00,0.00,42934272,42934272,768,768,1536
3949,1764562484.047636,kem_handshake,0.000020408|0.000016761|0.000041016,0.00,0.00,42934272,42934272,768,768,1536
3950,1764562484.049095,kem_handshake,0.000029164|0.000018123|0.000042408,0.00,0.00,42934272,42934272,768,768,1536
3951,1764562484.0505524,kem_handshake,0.000023533|0.000016611|0.000038582,0.00,0.00,42934272,42934272,768,768,1536
3952,1764562484.051665,kem_handshake,0.000019506|0.000015679|0.000033432,0.00,0.00,42934272,42934272,768,768,1536
3953,1764562484.0528154,kem_handshake,0.000019176|0.000015549|0.000032891,0.00,0.00,42934272,42934272,768,768,1536
3954,1764562484.0539296,kem_handshake,0.000019125|0.000021149|0.000033502,0.00,0.00,42934272,42934272,768,768,1536
3955,1764562484.0551176,kem_handshake,0.000020628|0.000016931|0.000034133,0.00,0.00,42934272,42934272,768,768,1536
3956,1764562484.0564468,kem_handshake,0.000023884|0.000016501|0.000035646,0.00,0.00,42934272,42934272,768,768,1536
3957,1764562484.0582802,kem_handshake,0.000091609|0.000049170|0.000080259,0.00,0.00,42942464,42942464,768,768,1536
3958,1764562484.0602639,kem_handshake,0.000025377|0.000018224|0.000040324,0.00,0.00,42942464,42942464,768,768,1536
3959,1764562484.0614152,kem_handshake,0.000019045|0.000015719|0.000037780,0.00,0.00,42942464,42942464,768,768,1536
3960,1764562484.062526,kem_handshake,0.000019867|0.000015579|0.000032781,0.00,0.00,42942464,42942464,768,768,1536
3961,1764562484.0636873,kem_handshake,0.000020628|0.000017513|0.000034674,0.00,0.00,42942464,42942464,768,768,1536
3962,1764562484.0650866,kem_handshake,0.000046185|0.000023864|0.000046526,0.00,0.00,42934272,42934272,768,768,1536
3963,1764562484.0666468,kem_handshake,0.000044823|0.000023112|0.000048209,0.00,0.00,42934272,42934272,768,768,1536
3964,1764562484.0679386,kem_handshake,0.000021650|0.000048529|0.000036668,0.00,0.00,42934272,42934272,768,768,1536
3965,1764562484.0690284,kem_handshake,0.000020348|0.000016220|0.000032951,0.00,0.00,42934272,42934272,768,768,1536
3966,1764562484.0701778,kem_handshake,0.000028243|0.000022501|0.000035195,0.00,0.00,42934272,42934272,768,768,1536
3967,1764562484.0712793,kem_handshake,0.000019676|0.000015769|0.000033202,0.00,0.00,42934272,42934272,768,768,1536
3968,1764562484.072739,kem_handshake,0.000042539|0.000025167|0.000077122,0.00,0.00,42942464,42942464,768,768,1536
3969,1764562484.0745525,kem_handshake,0.000058458|0.000041457|0.000093032,0.00,0.00,42934272,42934272,768,768,1536
3970,1764562484.0767975,kem_handshake,0.000031468|0.000019636|0.000039253,0.00,0.00,42934272,42934272,768,768,1536
3971,1764562484.0780385,kem_handshake,0.000022271|0.000016470|0.000034904,0.00,0.00,42934272,42934272,768,768,1536
3972,1764562484.079226,kem_handshake,0.000019476|0.000016019|0.000033181,0.00,0.00,42934272,42934272,768,768,1536
3973,1764562484.080406,kem_handshake,0.000021530|0.000016200|0.000035265,0.00,0.00,42934272,42934272,768,768,1536
3974,1764562484.0818958,kem_handshake,0.000046426|0.000023443|0.000053409,0.00,0.00,42942464,42942464,768,768,1536
3975,1764562484.0837035,kem_handshake,0.000049672|0.000020798|0.000046877,0.00,0.00,42934272,42934272,768,768,1536
3976,1764562484.0849817,kem_handshake,0.000022812|0.000017312|0.000040194,0.00,0.00,42934272,42934272,768,768,1536
3977,1764562484.0861022,kem_handshake,0.000018404|0.000015499|0.000033232,0.00,0.00,42934272,42934272,768,768,1536
3978,1764562484.0872366,kem_handshake,0.000019817|0.000015859|0.000033622,0.00,0.00,42934272,42934272,768,768,1536
3979,1764562484.088341,kem_handshake,0.000019336|0.000016531|0.000032880,0.00,0.00,42934272,42934272,768,768,1536
3980,1764562484.089422,kem_handshake,0.000019056|0.000015488|0.000032981,0.00,0.00,42934272,42934272,768,768,1536
3981,1764562484.090542,kem_handshake,0.000019827|0.000017743|0.000033652,0.00,0.00,42934272,42934272,768,768,1536
3982,1764562484.0917785,kem_handshake,0.000025857|0.000017132|0.000040185,0.00,0.00,42934272,42934272,768,768,1536
3983,1764562484.0929506,kem_handshake,0.000024725|0.000016711|0.000034734,0.00,0.00,42934272,42934272,768,768,1536
3984,1764562484.094091,kem_handshake,0.000019366|0.000016079|0.000033412,0.00,0.00,42934272,42934272,768,768,1536
3985,1764562484.0951712,kem_handshake,0.000019016|0.000015889|0.000032830,0.00,0.00,42934272,42934272,768,768,1536
3986,1764562484.096228,kem_handshake,0.000018354|0.000015408|0.000032641,0.00,0.00,42934272,42934272,768,768,1536
3987,1764562484.0974894,kem_handshake,0.000025988|0.000019977|0.000041907,0.00,0.00,42934272,42934272,768,768,1536
3988,1764562484.0987659,kem_handshake,0.000020148|0.000016180|0.000035596,0.00,0.00,42934272,42934272,768,768,1536
3989,1764562484.099859,kem_handshake,0.000019836|0.000015679|0.000038712,0.00,0.00,42934272,42934272,768,768,1536
3990,1764562484.1010103,kem_handshake,0.000019135|0.000015639|0.000032981,0.00,0.00,42934272,42934272,768,768,1536
3991,1764562484.1021314,kem_handshake,0.000019787|0.000016440|0.000033182,0.00,0.00,42934272,42934272,768,768,1536
3992,1764562484.1031919,kem_handshake,0.000019196|0.000015408|0.000032289,0.00,0.00,42934272,42934272,768,768,1536
3993,1764562484.1046655,kem_handshake,0.000045624|0.000040695|0.000066553,0.00,0.00,42934272,42934272,768,768,1536
3994,1764562484.106004,kem_handshake,0.000020037|0.000015819|0.000033251,0.00,0.00,42934272,42934272,768,768,1536
3995,1764562484.1071348,kem_handshake,0.000021379|0.000016050|0.000033592,0.00,0.00,42934272,42934272,768,768,1536
3996,1764562484.1084144,kem_handshake,0.000032520|0.000018284|0.000045614,0.00,0.00,42934272,42934272,768,768,1536
3997,1764562484.110655,kem_handshake,0.000091849|0.000041206|0.000099164,0.00,0.00,42942464,42942464,768,768,1536
3998,1764562484.1127317,kem_handshake,0.000022822|0.000016841|0.000035686,0.00,0.00,42942464,42942464,768,768,1536
3999,1764562484.1140027,kem_handshake,0.000032029|0.000018554|0.000048931,0.00,0.00,42942464,42942464,768,768,1536
4000,1764562484.1152549,kem_handshake,0.000027741|0.000018243|0.000039112,0.00,0.00,42942464,42942464,768,768,1536
4001,1764562484.1172965,kem_handshake,0.000056254|0.000027100|0.000055703,0.00,0.00,42934272,42934272,768,768,1536
4002,1764562484.1186008,kem_handshake,0.000025908|0.000017462|0.000034975,0.00,0.00,42934272,42934272,768,768,1536
4003,1764562484.1200154,kem_handshake,0.000019275|0.000015678|0.000034123,0.00,0.00,42934272,42934272,768,768,1536
4004,1764562484.1211016,kem_handshake,0.000018925|0.000015769|0.000033472,0.00,0.00,42934272,42934272,768,768,1536
4005,1764562484.12222,kem_handshake,0.000020398|0.000016140|0.000035045,0.00,0.00,42934272,42934272,768,768,1536
4006,1764562484.1234248,kem_handshake,0.000022822|0.000016521|0.000038351,0.00,0.00,42934272,42934272,768,768,1536
4007,1764562484.1250157,kem_handshake,0.000041617|0.000026409|0.000086039,0.00,0.00,42934272,42934272,768,768,1536
4008,1764562484.127625,kem_handshake,0.000074026|0.000038270|0.000092090,0.00,0.00,42934272,42934272,768,768,1536
4009,1764562484.130359,kem_handshake,0.000052968|0.000029334|0.000060101,0.00,0.00,42934272,42934272,768,768,1536
4010,1764562484.1318767,kem_handshake,0.000026048|0.000018505|0.000048650,0.00,0.00,42934272,42934272,768,768,1536
4011,1764562484.133202,kem_handshake,0.000023122|0.000018043|0.000036146,0.00,0.00,42934272,42934272,768,768,1536
4012,1764562484.1344402,kem_handshake,0.000022682|0.000017232|0.000036858,0.00,0.00,42934272,42934272,768,768,1536
4013,1764562484.1356487,kem_handshake,0.000018374|0.000015088|0.000033452,0.00,0.00,42934272,42934272,768,768,1536
4014,1764562484.1379392,kem_handshake,0.000087492|0.000026328|0.000048690,0.00,0.00,42934272,42934272,768,768,1536
4015,1764562484.13929,kem_handshake,0.000023573|0.000017101|0.000037039,0.00,0.00,42934272,42934272,768,768,1536
4016,1764562484.1404166,kem_handshake,0.000020678|0.000015879|0.000033973,0.00,0.00,42934272,42934272,768,768,1536
4017,1764562484.14242,kem_handshake,0.000051755|0.000024154|0.000048269,0.00,0.00,42942464,42942464,768,768,1536
4018,1764562484.1439424,kem_handshake,0.000039473|0.000028583|0.000044944,0.00,0.00,42942464,42942464,768,768,1536
4019,1764562484.145617,kem_handshake,0.000052838|0.000032310|0.000104372,0.00,0.00,42942464,42942464,768,768,1536
4020,1764562484.147802,kem_handshake,0.000052647|0.000025637|0.000068146,0.00,0.00,42942464,42942464,768,768,1536
4021,1764562484.1493359,kem_handshake,0.000030526|0.000018474|0.000046295,0.00,0.00,42942464,42942464,768,768,1536
4022,1764562484.1504898,kem_handshake,0.000021219|0.000015859|0.000034183,0.00,0.00,42942464,42942464,768,768,1536
4023,1764562484.1516495,kem_handshake,0.000024375|0.000017703|0.000036567,0.00,0.00,42942464,42942464,768,768,1536
4024,1764562484.1542926,kem_handshake,0.000074408|0.000033602|0.000101477,0.00,0.00,42942464,42942464,768,768,1536
4025,1764562484.1580489,kem_handshake,0.000092471|0.000040304|0.000075860,0.00,0.00,42934272,42934272,768,768,1536
4026,1764562484.1607275,kem_handshake,0.000048209|0.000025096|0.000056635,0.00,0.00,42934272,42934272,768,768,1536
4027,1764562484.1628966,kem_handshake,0.000108220|0.000033802|0.000079296,0.00,0.00,42934272,42934272,768,768,1536
4028,1764562484.165413,kem_handshake,0.000076963|0.000044001|0.000115202,0.00,0.00,42934272,42934272,768,768,1536
4029,1764562484.1681392,kem_handshake,0.000054200|0.000026989|0.000092361,0.00,0.00,42934272,42934272,768,768,1536
4030,1764562484.170749,kem_handshake,0.000064870|0.000029044|0.000084476,0.00,0.00,42934272,42934272,768,768,1536
4031,1764562484.1732266,kem_handshake,0.000038681|0.000022542|0.000049191,0.00,0.00,42934272,42934272,768,768,1536
4032,1764562484.1764386,kem_handshake,0.000102560|0.000047838|0.000096739,0.00,0.00,42942464,42942464,768,768,1536
4033,1764562484.1785803,kem_handshake,0.000039974|0.000021339|0.000045614,0.00,0.00,42942464,42942464,768,768,1536
4034,1764562484.180577,kem_handshake,0.000043280|0.000022982|0.000052427,0.00,0.00,42942464,42942464,768,768,1536
4035,1764562484.1824102,kem_handshake,0.000034434|0.000020809|0.000043981,0.00,0.00,42942464,42942464,768,768,1536
4036,1764562484.1850123,kem_handshake,0.000050483|0.000022592|0.000058769,0.00,0.00,42942464,42942464,768,768,1536
4037,1764562484.1868467,kem_handshake,0.000024996|0.000018324|0.000039523,0.00,0.00,42942464,42942464,768,768,1536
4038,1764562484.1883037,kem_handshake,0.000025678|0.000019897|0.000039664,0.00,0.00,42942464,42942464,768,768,1536
4039,1764562484.1898015,kem_handshake,0.000026679|0.000017923|0.000037189,0.00,0.00,42942464,42942464,768,768,1536
4040,1764562484.1912603,kem_handshake,0.000025306|0.000017573|0.000038171,0.00,0.00,42942464,42942464,768,768,1536
4041,1764562484.1927633,kem_handshake,0.000031859|0.000019746|0.000071953,0.00,22083.10,42942464,42942464,768,768,1536
4042,1764562484.1941864,kem_handshake,0.000023293|0.000016330|0.000034524,0.00,0.00,42942464,42942464,768,768,1536
4043,1764562484.1957142,kem_handshake,0.000034704|0.000022502|0.000061844,0.00,0.00,42942464,42942464,768,768,1536
4044,1764562484.1971917,kem_handshake,0.000032089|0.000024716|0.000053779,0.00,0.00,42942464,42942464,768,768,1536
4045,1764562484.1994638,kem_handshake,0.000078586|0.000029795|0.000078876,0.00,0.00,42934272,42934272,768,768,1536
4046,1764562484.2018883,kem_handshake,0.000074989|0.000032671|0.000074698,0.00,0.00,42934272,42934272,768,768,1536
4047,1764562484.2032928,kem_handshake,0.000031027|0.000020288|0.000038421,0.00,0.00,42934272,42934272,768,768,1536
4048,1764562484.2045577,kem_handshake,0.000023454|0.000020798|0.000040635,0.00,0.00,42934272,42934272,768,768,1536
4049,1764562484.205827,kem_handshake,0.000024726|0.000018294|0.000041206,0.00,0.00,42934272,42934272,768,768,1536
4050,1764562484.2076015,kem_handshake,0.000052928|0.000038451|0.000090898,0.00,0.00,42934272,42934272,768,768,1536
4051,1764562484.209669,kem_handshake,0.000049140|0.000026499|0.000067565,0.00,0.00,42934272,42934272,768,768,1536
4052,1764562484.2113328,kem_handshake,0.000030336|0.000024195|0.000062596,0.00,0.00,42934272,42934272,768,768,1536
4053,1764562484.2127395,kem_handshake,0.000027701|0.000020428|0.000045534,0.00,0.00,42934272,42934272,768,768,1536
4054,1764562484.215104,kem_handshake,0.000041307|0.000022491|0.000054922,0.00,0.00,42934272,42934272,768,768,1536
4055,1764562484.2176948,kem_handshake,0.000072143|0.000031027|0.000085909,0.00,0.00,42942464,42942464,768,768,1536
4056,1764562484.2195625,kem_handshake,0.000030947|0.000020307|0.000050984,0.00,0.00,42942464,42942464,768,768,1536
4057,1764562484.2211041,kem_handshake,0.000023563|0.000066352|0.000070581,0.00,0.00,42942464,42942464,768,768,1536
4058,1764562484.2224798,kem_handshake,0.000022642|0.000017212|0.000036548,0.00,0.00,42942464,42942464,768,768,1536
4059,1764562484.2237277,kem_handshake,0.000022842|0.000017953|0.000037760,0.00,0.00,42942464,42942464,768,768,1536
4060,1764562484.225185,kem_handshake,0.000037880|0.000022331|0.000065140,0.00,0.00,42942464,42942464,768,768,1536
4061,1764562484.2266946,kem_handshake,0.000026178|0.000018194|0.000040165,0.00,0.00,42942464,42942464,768,768,1536
4062,1764562484.2295554,kem_handshake,0.000078124|0.000034554|0.000101707,0.00,0.00,42942464,42942464,768,768,1536
4063,1764562484.2316616,kem_handshake,0.000034935|0.000019937|0.000056254,0.00,0.00,42942464,42942464,768,768,1536
4064,1764562484.2335563,kem_handshake,0.000051455|0.000024846|0.000075028,0.00,0.00,42942464,42942464,768,768,1536
4065,1764562484.2357717,kem_handshake,0.000054120|0.000029404|0.000055824,0.00,0.00,42942464,42942464,768,768,1536
4066,1764562484.2378745,kem_handshake,0.000056805|0.000028673|0.000073466,0.00,0.00,42942464,42942464,768,768,1536
4067,1764562484.2398293,kem_handshake,0.000034464|0.000019767|0.000052928,0.00,0.00,42942464,42942464,768,768,1536
4068,1764562484.2413235,kem_handshake,0.000026158|0.000018354|0.000036257,0.00,0.00,42942464,42942464,768,768,1536
4069,1764562484.2431226,kem_handshake,0.000036588|0.000021309|0.000049241,0.00,10288.10,42942464,42942464,768,768,1536
4070,1764562484.2451634,kem_handshake,0.000037178|0.000020447|0.000046136,0.00,0.00,42942464,42942464,768,768,1536
4071,1764562484.248256,kem_handshake,0.000102109|0.000044042|0.000136261,0.00,0.00,42942464,42942464,768,768,1536
4072,1764562484.2510495,kem_handshake,0.000063247|0.000024726|0.000085799,0.00,0.00,42942464,42942464,768,768,1536
4073,1764562484.2531214,kem_handshake,0.000044852|0.000021850|0.000056344,0.00,0.00,42942464,42942464,768,768,1536
4074,1764562484.254938,kem_handshake,0.000032630|0.000022541|0.000056024,0.00,0.00,42942464,42942464,768,768,1536
4075,1764562484.2562501,kem_handshake,0.000027320|0.000016811|0.000037440,0.00,0.00,42942464,42942464,768,768,1536
4076,1764562484.2581213,kem_handshake,0.000076702|0.000040044|0.000081420,0.00,0.00,42934272,42934272,768,768,1536
4077,1764562484.2604887,kem_handshake,0.000059169|0.000037299|0.000083164,0.00,0.00,42942464,42942464,768,768,1536
4078,1764562484.2622066,kem_handshake,0.000039463|0.000022111|0.000053639,0.00,0.00,42942464,42942464,768,768,1536
4079,1764562484.2637825,kem_handshake,0.000025778|0.000018665|0.000044973,0.00,0.00,42942464,42942464,768,768,1536
4080,1764562484.265375,kem_handshake,0.000025898|0.000017873|0.000039563,0.00,0.00,42942464,42942464,768,768,1536
4081,1764562484.2667844,kem_handshake,0.000087662|0.000023674|0.000039944,0.00,0.00,42942464,42942464,768,768,1536
4082,1764562484.2679293,kem_handshake,0.000020157|0.000022341|0.000034052,0.00,0.00,42942464,42942464,768,768,1536
4083,1764562484.2690175,kem_handshake,0.000019576|0.000015669|0.000032870,0.00,0.00,42942464,42942464,768,768,1536
4084,1764562484.2700927,kem_handshake,0.000019516|0.000015528|0.000032580,0.00,0.00,42942464,42942464,768,768,1536
4085,1764562484.271182,kem_handshake,0.000019616|0.000016120|0.000034083,0.00,0.00,42942464,42942464,768,768,1536
4086,1764562484.2722986,kem_handshake,0.000020558|0.000016100|0.000034754,0.00,0.00,42942464,42942464,768,768,1536
4087,1764562484.2734177,kem_handshake,0.000021350|0.000016180|0.000033903,0.00,0.00,42942464,42942464,768,768,1536
4088,1764562484.274583,kem_handshake,0.000027150|0.000019967|0.000042018,0.00,0.00,42942464,42942464,768,768,1536
4089,1764562484.2758546,kem_handshake,0.000026078|0.000018234|0.000044583,0.00,0.00,42942464,42942464,768,768,1536
4090,1764562484.2770183,kem_handshake,0.000021269|0.000016480|0.000033411,0.00,0.00,42942464,42942464,768,768,1536
4091,1764562484.278106,kem_handshake,0.000018764|0.000015449|0.000032680,0.00,0.00,42942464,42942464,768,768,1536
4092,1764562484.2797112,kem_handshake,0.000093953|0.000037930|0.000072124,0.00,0.00,42934272,42934272,768,768,1536
4093,1764562484.2816143,kem_handshake,0.000036317|0.000023834|0.000052427,0.00,0.00,42934272,42934272,768,768,1536
4094,1764562484.2828715,kem_handshake,0.000021730|0.000015919|0.000039192,0.00,0.00,42934272,42934272,768,768,1536
4095,1764562484.2839642,kem_handshake,0.000019205|0.000016130|0.000032791,0.00,0.00,42934272,42934272,768,768,1536
4096,1764562484.2850344,kem_handshake,0.000019116|0.000015949|0.000033061,0.00,0.00,42934272,42934272,768,768,1536
4097,1764562484.2861085,kem_handshake,0.000019145|0.000016330|0.000033682,0.00,0.00,42934272,42934272,768,768,1536
4098,1764562484.2871816,kem_handshake,0.000019295|0.000015749|0.000033351,0.00,0.00,42934272,42934272,768,768,1536
4099,1764562484.2885194,kem_handshake,0.000038731|0.000020878|0.000044472,0.00,0.00,42942464,42942464,768,768,1536
4100,1764562484.290071,kem_handshake,0.000032760|0.000019947|0.000042198,0.00,10874.30,42942464,42942464,768,768,1536
4101,1764562484.291452,kem_handshake,0.000024806|0.000018304|0.000038281,0.00,0.00,42942464,42942464,768,768,1536
4102,1764562484.2927709,kem_handshake,0.000023394|0.000017742|0.000037700,0.00,0.00,42942464,42942464,768,768,1536
4103,1764562484.2939582,kem_handshake,0.000026750|0.000017482|0.000035295,0.00,0.00,42942464,42942464,768,768,1536
4104,1764562484.2951334,kem_handshake,0.000021340|0.000017943|0.000036196,0.00,0.00,42942464,42942464,768,768,1536
4105,1764562484.296701,kem_handshake,0.000049421|0.000024435|0.000050884,0.00,0.00,42934272,42934272,768,768,1536
4106,1764562484.2987704,kem_handshake,0.000064740|0.000029765|0.000064249,0.00,0.00,42934272,42934272,768,768,1536
4107,1764562484.300404,kem_handshake,0.000026369|0.000019135|0.000040655,0.00,0.00,42934272,42934272,768,768,1536
4108,1764562484.301712,kem_handshake,0.000026910|0.000019596|0.000041878,0.00,0.00,42934272,42934272,768,768,1536
4109,1764562484.3036942,kem_handshake,0.000022672|0.000017984|0.000036277,0.00,0.00,42934272,42934272,768,768,1536
4110,1764562484.3050463,kem_handshake,0.000024035|0.000018574|0.000038962,0.00,0.00,42934272,42934272,768,768,1536
4111,1764562484.3070018,kem_handshake,0.000069238|0.000040966|0.000085638,0.00,0.00,42942464,42942464,768,768,1536
4112,1764562484.3091624,kem_handshake,0.000052006|0.000023704|0.000087151,0.00,0.00,42942464,42942464,768,768,1536
4113,1764562484.31051,kem_handshake,0.000026799|0.000018715|0.000039262,0.00,0.00,42942464,42942464,768,768,1536
4114,1764562484.311734,kem_handshake,0.000020909|0.000017332|0.000036768,0.00,0.00,42942464,42942464,768,768,1536
4115,1764562484.3137608,kem_handshake,0.000080448|0.000044923|0.000100376,0.00,0.00,42934272,42934272,768,768,1536
4116,1764562484.3152246,kem_handshake,0.000034254|0.000020197|0.000042528,0.00,0.00,42934272,42934272,768,768,1536
4117,1764562484.3174593,kem_handshake,0.000043400|0.000023083|0.000093432,0.00,0.00,42934272,42934272,768,768,1536
4118,1764562484.31905,kem_handshake,0.000032350|0.000020959|0.000048189,0.00,0.00,42934272,42934272,768,768,1536
4119,1764562484.320391,kem_handshake,0.000025317|0.000018704|0.000046736,0.00,0.00,42934272,42934272,768,768,1536
4120,1764562484.3216658,kem_handshake,0.000026128|0.000020849|0.000046245,0.00,0.00,42934272,42934272,768,768,1536
4121,1764562484.3232806,kem_handshake,0.000025287|0.000017953|0.000041046,0.00,0.00,42934272,42934272,768,768,1536
4122,1764562484.3245318,kem_handshake,0.000020317|0.000015970|0.000036117,0.00,0.00,42934272,42934272,768,768,1536
4123,1764562484.3256888,kem_handshake,0.000020428|0.000017713|0.000035145,0.00,0.00,42934272,42934272,768,768,1536
4124,1764562484.326795,kem_handshake,0.000019116|0.000015849|0.000033602,0.00,0.00,42934272,42934272,768,768,1536
4125,1764562484.3278959,kem_handshake,0.000019576|0.000016059|0.000032630,0.00,0.00,42934272,42934272,768,768,1536
4126,1764562484.3289685,kem_handshake,0.000019917|0.000016881|0.000033732,0.00,0.00,42934272,42934272,768,768,1536
4127,1764562484.3301,kem_handshake,0.000020918|0.000016852|0.000033021,0.00,0.00,42934272,42934272,768,768,1536
4128,1764562484.3312385,kem_handshake,0.000020708|0.000017061|0.000033452,0.00,0.00,42934272,42934272,768,768,1536
4129,1764562484.3329754,kem_handshake,0.000066483|0.000039202|0.000048640,0.00,0.00,42942464,42942464,768,768,1536
4130,1764562484.3347125,kem_handshake,0.000041497|0.000019827|0.000049521,0.00,0.00,42942464,42942464,768,768,1536
4131,1764562484.3361044,kem_handshake,0.000020488|0.000017502|0.000038932,0.00,0.00,42942464,42942464,768,768,1536
4132,1764562484.3372362,kem_handshake,0.000021289|0.000015980|0.000034073,0.00,0.00,42942464,42942464,768,768,1536
4133,1764562484.3389335,kem_handshake,0.000026950|0.000024085|0.000041777,0.00,0.00,42942464,42942464,768,768,1536
4134,1764562484.3410232,kem_handshake,0.000060772|0.000028984|0.000079326,0.00,0.00,42942464,42942464,768,768,1536
4135,1764562484.3425746,kem_handshake,0.000023173|0.000017052|0.000039253,0.00,0.00,42942464,42942464,768,768,1536
4136,1764562484.3446987,kem_handshake,0.000053118|0.000024926|0.000049421,0.00,0.00,42934272,42934272,768,768,1536
4137,1764562484.346055,kem_handshake,0.000027651|0.000021580|0.000053128,0.00,0.00,42942464,42942464,768,768,1536
4138,1764562484.3474472,kem_handshake,0.000030767|0.000022401|0.000055823,0.00,0.00,42942464,42942464,768,768,1536
4139,1764562484.3489065,kem_handshake,0.000029254|0.000021730|0.000054040,0.00,0.00,42942464,42942464,768,768,1536
4140,1764562484.350274,kem_handshake,0.000030507|0.000022942|0.000058368,0.00,0.00,42942464,42942464,768,768,1536
4141,1764562484.3521411,kem_handshake,0.000089745|0.000088193|0.000056123,0.00,0.00,42934272,42934272,768,768,1536
4142,1764562484.3540714,kem_handshake,0.000022201|0.000018084|0.000038391,0.00,0.00,42934272,42934272,768,768,1536
4143,1764562484.3567712,kem_handshake,0.000046275|0.000023414|0.000058007,0.00,0.00,42934272,42934272,768,768,1536
4144,1764562484.3587425,kem_handshake,0.000060562|0.000025688|0.000085498,0.00,0.00,42934272,42934272,768,768,1536
4145,1764562484.3604143,kem_handshake,0.000024725|0.000018764|0.000041346,0.00,0.00,42934272,42934272,768,768,1536
4146,1764562484.36156,kem_handshake,0.000019857|0.000016551|0.000034474,0.00,0.00,42934272,42934272,768,768,1536
4147,1764562484.362723,kem_handshake,0.000020578|0.000016621|0.000034513,0.00,0.00,42934272,42934272,768,768,1536
4148,1764562484.3639865,kem_handshake,0.000022130|0.000015919|0.000033772,0.00,0.00,42934272,42934272,768,768,1536
4149,1764562484.365359,kem_handshake,0.000021430|0.000016000|0.000037178,0.00,0.00,42934272,42934272,768,768,1536
4150,1764562484.3670347,kem_handshake,0.000049201|0.000023544|0.000048279,0.00,0.00,42942464,42942464,768,768,1536
4151,1764562484.3695154,kem_handshake,0.000059169|0.000034304|0.000073806,0.00,0.00,42942464,42942464,768,768,1536
4152,1764562484.3708389,kem_handshake,0.000020537|0.000016190|0.000034694,0.00,0.00,42942464,42942464,768,768,1536
4153,1764562484.372059,kem_handshake,0.000022912|0.000017292|0.000037580,0.00,0.00,42942464,42942464,768,768,1536
4154,1764562484.373193,kem_handshake,0.000019977|0.000015979|0.000033251,0.00,0.00,42942464,42942464,768,768,1536
4155,1764562484.3743422,kem_handshake,0.000023243|0.000017332|0.000036588,0.00,0.00,42942464,42942464,768,768,1536
4156,1764562484.3757641,kem_handshake,0.000024696|0.000017131|0.000038862,0.00,0.00,42942464,42942464,768,768,1536
4157,1764562484.3769333,kem_handshake,0.000020348|0.000022822|0.000035767,0.00,0.00,42942464,42942464,768,768,1536
4158,1764562484.3780293,kem_handshake,0.000018634|0.000015459|0.000032821,0.00,0.00,42942464,42942464,768,768,1536
4159,1764562484.3791273,kem_handshake,0.000019296|0.000015579|0.000033732,0.00,0.00,42942464,42942464,768,768,1536
4160,1764562484.3802826,kem_handshake,0.000022642|0.000016380|0.000034764,0.00,0.00,42942464,42942464,768,768,1536
4161,1764562484.3814201,kem_handshake,0.000021349|0.000016481|0.000035987,0.00,0.00,42942464,42942464,768,768,1536
4162,1764562484.3827028,kem_handshake,0.000025927|0.000017712|0.000040615,0.00,0.00,42942464,42942464,768,768,1536
4163,1764562484.3838725,kem_handshake,0.000019816|0.000015889|0.000044082,0.00,0.00,42942464,42942464,768,768,1536
4164,1764562484.3851469,kem_handshake,0.000028443|0.000018154|0.000040855,0.00,0.00,42942464,42942464,768,768,1536
4165,1764562484.3865817,kem_handshake,0.000032420|0.000018975|0.000044563,0.00,0.00,42942464,42942464,768,768,1536
4166,1764562484.3878717,kem_handshake,0.000022601|0.000017653|0.000046336,0.00,13215.50,42942464,42942464,768,768,1536
4167,1764562484.3891015,kem_handshake,0.000022281|0.000016931|0.000033922,0.00,0.00,42942464,42942464,768,768,1536
4168,1764562484.3904836,kem_handshake,0.000026549|0.000019206|0.000041667,0.00,0.00,42942464,42942464,768,768,1536
4169,1764562484.3917186,kem_handshake,0.000025126|0.000017302|0.000037599,0.00,0.00,42942464,42942464,768,768,1536
4170,1764562484.3928294,kem_handshake,0.000019155|0.000015960|0.000032951,0.00,0.00,42942464,42942464,768,768,1536
4171,1764562484.3939123,kem_handshake,0.000018865|0.000020488|0.000032760,0.00,0.00,42942464,42942464,768,768,1536
4172,1764562484.3949857,kem_handshake,0.000021409|0.000016020|0.000034254,0.00,0.00,42942464,42942464,768,768,1536
4173,1764562484.3960602,kem_handshake,0.000020187|0.000016020|0.000033431,0.00,0.00,42942464,42942464,768,768,1536
4174,1764562484.3971663,kem_handshake,0.000019757|0.000015999|0.000034233,0.00,0.00,42942464,42942464,768,768,1536
4175,1764562484.3992164,kem_handshake,0.000091209|0.000036658|0.000064539,0.00,0.00,42934272,42934272,768,768,1536
4176,1764562484.4006624,kem_handshake,0.000025897|0.000019666|0.000043380,0.00,0.00,42934272,42934272,768,768,1536
4177,1764562484.4017973,kem_handshake,0.000020007|0.000015989|0.000034213,0.00,0.00,42934272,42934272,768,768,1536
4178,1764562484.4029398,kem_handshake,0.000024796|0.000016661|0.000033702,0.00,0.00,42934272,42934272,768,768,1536
4179,1764562484.4045208,kem_handshake,0.000019816|0.000016210|0.000033091,0.00,0.00,42934272,42934272,768,768,1536
4180,1764562484.405784,kem_handshake,0.000027480|0.000021800|0.000051245,0.00,0.00,42934272,42934272,768,768,1536
4181,1764562484.4076014,kem_handshake,0.000064699|0.000030787|0.000121775,0.00,0.00,42934272,42934272,768,768,1536
4182,1764562484.4092534,kem_handshake,0.000026169|0.000018745|0.000040736,0.00,0.00,42934272,42934272,768,768,1536
4183,1764562484.4103694,kem_handshake,0.000019577|0.000016170|0.000033853,0.00,0.00,42934272,42934272,768,768,1536
4184,1764562484.4114642,kem_handshake,0.000019256|0.000015769|0.000032680,0.00,0.00,42934272,42934272,768,768,1536
4185,1764562484.4125538,kem_handshake,0.000019536|0.000015539|0.000038501,0.00,0.00,42934272,42934272,768,768,1536
4186,1764562484.4137259,kem_handshake,0.000021560|0.000016390|0.000035225,0.00,0.00,42934272,42934272,768,768,1536
4187,1764562484.4150083,kem_handshake,0.000023544|0.000017903|0.000036147,0.00,0.00,42934272,42934272,768,768,1536
4188,1764562484.416555,kem_handshake,0.000042098|0.000033061|0.000068637,0.00,0.00,42934272,42934272,768,768,1536
4189,1764562484.417895,kem_handshake,0.000026849|0.000018243|0.000039092,0.00,0.00,42934272,42934272,768,768,1536
4190,1764562484.4191895,kem_handshake,0.000025287|0.000017282|0.000037780,0.00,0.00,42934272,42934272,768,768,1536
4191,1764562484.4203093,kem_handshake,0.000021079|0.000016380|0.000033733,0.00,0.00,42934272,42934272,768,768,1536
4192,1764562484.4223917,kem_handshake,0.000101989|0.000034664|0.000057156,0.00,0.00,42942464,42942464,768,768,1536
4193,1764562484.424286,kem_handshake,0.000042819|0.000022401|0.000048088,0.00,0.00,42934272,42934272,768,768,1536
4194,1764562484.4255984,kem_handshake,0.000021930|0.000016931|0.000034283,0.00,0.00,42934272,42934272,768,768,1536
4195,1764562484.4266937,kem_handshake,0.000019296|0.000015869|0.000032851,0.00,0.00,42934272,42934272,768,768,1536
4196,1764562484.4277582,kem_handshake,0.000018585|0.000016039|0.000033221,0.00,0.00,42934272,42934272,768,768,1536
4197,1764562484.4288197,kem_handshake,0.000019055|0.000015729|0.000033642,0.00,0.00,42934272,42934272,768,768,1536
4198,1764562484.4302428,kem_handshake,0.000041747|0.000033511|0.000037809,0.00,0.00,42934272,42934272,768,768,1536
4199,1764562484.431634,kem_handshake,0.000026689|0.000020718|0.000053499,0.00,0.00,42934272,42934272,768,768,1536
4200,1764562484.4335368,kem_handshake,0.000081701|0.000033602|0.000061494,0.00,0.00,42942464,42942464,768,768,1536
4201,1764562484.435475,kem_handshake,0.000021320|0.000017112|0.000033422,0.00,0.00,42942464,42942464,768,768,1536
4202,1764562484.4366055,kem_handshake,0.000019967|0.000017863|0.000034043,0.00,0.00,42942464,42942464,768,768,1536
4203,1764562484.4380286,kem_handshake,0.000033322|0.000020157|0.000048841,0.00,0.00,42942464,42942464,768,768,1536
4204,1764562484.4392822,kem_handshake,0.000022532|0.000016871|0.000034654,0.00,0.00,42942464,42942464,768,768,1536
4205,1764562484.4404323,kem_handshake,0.000022822|0.000016741|0.000035385,0.00,0.00,42942464,42942464,768,768,1536
4206,1764562484.4415848,kem_handshake,0.000020358|0.000016280|0.000033562,0.00,0.00,42942464,42942464,768,768,1536
4207,1764562484.4426947,kem_handshake,0.000020207|0.000015839|0.000033522,0.00,0.00,42942464,42942464,768,768,1536
4208,1764562484.443785,kem_handshake,0.000019196|0.000016049|0.000033612,0.00,0.00,42942464,42942464,768,768,1536
4209,1764562484.4448707,kem_handshake,0.000019366|0.000015899|0.000039643,0.00,0.00,42942464,42942464,768,768,1536
4210,1764562484.4459724,kem_handshake,0.000019025|0.000015789|0.000033472,0.00,0.00,42942464,42942464,768,768,1536
4211,1764562484.4470828,kem_handshake,0.000020969|0.000015990|0.000034845,0.00,0.00,42942464,42942464,768,768,1536
4212,1764562484.448219,kem_handshake,0.000020958|0.000016200|0.000035696,0.00,0.00,42942464,42942464,768,768,1536
4213,1764562484.4494808,kem_handshake,0.000024275|0.000018013|0.000038291,0.00,0.00,42942464,42942464,768,768,1536
4214,1764562484.4511306,kem_handshake,0.000019376|0.000016010|0.000032841,0.00,0.00,42942464,42942464,768,768,1536
4215,1764562484.452248,kem_handshake,0.000019346|0.000015960|0.000033542,0.00,0.00,42942464,42942464,768,768,1536
4216,1764562484.453348,kem_handshake,0.000018855|0.000015679|0.000032910,0.00,0.00,42942464,42942464,768,768,1536
4217,1764562484.4545212,kem_handshake,0.000020267|0.000016170|0.000033392,0.00,0.00,42942464,42942464,768,768,1536
4218,1764562484.4566894,kem_handshake,0.000070390|0.000033753|0.000058248,0.00,0.00,42934272,42934272,768,768,1536
4219,1764562484.4581826,kem_handshake,0.000026348|0.000017422|0.000036708,0.00,0.00,42934272,42934272,768,768,1536
4220,1764562484.4593182,kem_handshake,0.000020679|0.000016600|0.000033783,0.00,0.00,42934272,42934272,768,768,1536
4221,1764562484.4604197,kem_handshake,0.000019936|0.000015719|0.000033062,0.00,0.00,42934272,42934272,768,768,1536
4222,1764562484.4615097,kem_handshake,0.000019316|0.000015840|0.000033231,0.00,0.00,42934272,42934272,768,768,1536
4223,1764562484.4625823,kem_handshake,0.000019295|0.000016421|0.000033332,0.00,0.00,42934272,42934272,768,768,1536
4224,1764562484.4637113,kem_handshake,0.000019245|0.000015719|0.000034524,0.00,0.00,42934272,42934272,768,768,1536
4225,1764562484.4651573,kem_handshake,0.000025427|0.000018274|0.000042228,0.00,0.00,42934272,42934272,768,768,1536
4226,1764562484.4665225,kem_handshake,0.000086540|0.000026299|0.000040524,0.00,0.00,42934272,42934272,768,768,1536
4227,1764562484.4681134,kem_handshake,0.000024075|0.000018925|0.000041798,0.00,0.00,42934272,42934272,768,768,1536
4228,1764562484.469558,kem_handshake,0.000046426|0.000023414|0.000045514,0.00,0.00,42942464,42942464,768,768,1536
4229,1764562484.4707878,kem_handshake,0.000026429|0.000017633|0.000039062,0.00,0.00,42942464,42942464,768,768,1536
4230,1764562484.4727175,kem_handshake,0.000024526|0.000017562|0.000049612,0.00,0.00,42942464,42942464,768,768,1536
4231,1764562484.4741485,kem_handshake,0.000035416|0.000020127|0.000048239,0.00,0.00,42942464,42942464,768,768,1536
4232,1764562484.4757137,kem_handshake,0.000023193|0.000017522|0.000040174,0.00,0.00,42942464,42942464,768,768,1536
4233,1764562484.4769216,kem_handshake,0.000020097|0.000020949|0.000033903,0.00,0.00,42942464,42942464,768,768,1536
4234,1764562484.47803,kem_handshake,0.000019306|0.000015929|0.000032921,0.00,0.00,42942464,42942464,768,768,1536
4235,1764562484.479142,kem_handshake,0.000019416|0.000015919|0.000037719,0.00,0.00,42942464,42942464,768,768,1536
4236,1764562484.4804184,kem_handshake,0.000026930|0.000021249|0.000043501,0.00,0.00,42942464,42942464,768,768,1536
4237,1764562484.4821413,kem_handshake,0.000066503|0.000039683|0.000078605,0.00,0.00,42934272,42934272,768,768,1536
4238,1764562484.4836724,kem_handshake,0.000036828|0.000023784|0.000048149,0.00,0.00,42934272,42934272,768,768,1536
4239,1764562484.485351,kem_handshake,0.000041837|0.000021309|0.000053729,0.00,0.00,42934272,42934272,768,768,1536
4240,1764562484.4868088,kem_handshake,0.000027151|0.000019205|0.000042839,0.00,0.00,42934272,42934272,768,768,1536
4241,1764562484.4888403,kem_handshake,0.000080118|0.000050262|0.000090998,0.00,0.00,42942464,42942464,768,768,1536
4242,1764562484.4905536,kem_handshake,0.000046796|0.000026650|0.000061194,0.00,0.00,42942464,42942464,768,768,1536
4243,1764562484.4923356,kem_handshake,0.000045003|0.000026359|0.000056935,0.00,0.00,42942464,42942464,768,768,1536
4244,1764562484.4935973,kem_handshake,0.000027050|0.000017763|0.000036558,0.00,0.00,42942464,42942464,768,768,1536
4245,1764562484.494998,kem_handshake,0.000027291|0.000017973|0.000038751,0.00,0.00,42942464,42942464,768,768,1536
4246,1764562484.4964788,kem_handshake,0.000079938|0.000025758|0.000040665,0.00,0.00,42942464,42942464,768,768,1536
4247,1764562484.4979656,kem_handshake,0.000029735|0.000029685|0.000054220,0.00,0.00,42942464,42942464,768,768,1536
4248,1764562484.4993129,kem_handshake,0.000028783|0.000018555|0.000045905,0.00,0.00,42942464,42942464,768,768,1536
4249,1764562484.500555,kem_handshake,0.000024255|0.000017993|0.000039523,0.00,0.00,42942464,42942464,768,768,1536
4250,1764562484.5016775,kem_handshake,0.000018975|0.000015739|0.000032941,0.00,0.00,42942464,42942464,768,768,1536
4251,1764562484.502768,kem_handshake,0.000018895|0.000015439|0.000032850,0.00,0.00,42942464,42942464,768,768,1536
4252,1764562484.5039642,kem_handshake,0.000021500|0.000016661|0.000036888,0.00,0.00,42942464,42942464,768,768,1536
4253,1764562484.5051754,kem_handshake,0.000021399|0.000015870|0.000039022,0.00,0.00,42942464,42942464,768,768,1536
4254,1764562484.5065174,kem_handshake,0.000021300|0.000016050|0.000033612,0.00,0.00,42942464,42942464,768,768,1536
4255,1764562484.5077035,kem_handshake,0.000022732|0.000017302|0.000038872,0.00,0.00,42942464,42942464,768,768,1536
4256,1764562484.5088685,kem_handshake,0.000018524|0.000015138|0.000042298,0.00,0.00,42942464,42942464,768,768,1536
4257,1764562484.5099611,kem_handshake,0.000020147|0.000015759|0.000032981,0.00,0.00,42942464,42942464,768,768,1536
4258,1764562484.5110443,kem_handshake,0.000020157|0.000015658|0.000034784,0.00,0.00,42942464,42942464,768,768,1536
4259,1764562484.5121112,kem_handshake,0.000019516|0.000015809|0.000034714,0.00,0.00,42942464,42942464,768,768,1536
4260,1764562484.5133445,kem_handshake,0.000019786|0.000015870|0.000033572,0.00,0.00,42942464,42942464,768,768,1536
4261,1764562484.5145495,kem_handshake,0.000025117|0.000016501|0.000036858,0.00,0.00,42942464,42942464,768,768,1536
4262,1764562484.5157943,kem_handshake,0.000020568|0.000015969|0.000034303,0.00,0.00,42942464,42942464,768,768,1536
4263,1764562484.5169432,kem_handshake,0.000027130|0.000015539|0.000033471,0.00,0.00,42942464,42942464,768,768,1536
4264,1764562484.518022,kem_handshake,0.000018394|0.000015829|0.000033312,0.00,0.00,42942464,42942464,768,768,1536
4265,1764562484.5190687,kem_handshake,0.000018144|0.000015218|0.000032770,0.00,0.00,42942464,42942464,768,768,1536
4266,1764562484.520922,kem_handshake,0.000063818|0.000038561|0.000088874,0.00,0.00,42934272,42934272,768,768,1536
4267,1764562484.5227997,kem_handshake,0.000054290|0.000029685|0.000057305,0.00,0.00,42934272,42934272,768,768,1536
4268,1764562484.5241578,kem_handshake,0.000028813|0.000020999|0.000041707,0.00,0.00,42934272,42934272,768,768,1536
4269,1764562484.5257993,kem_handshake,0.000057366|0.000025707|0.000057206,0.00,0.00,42942464,42942464,768,768,1536
4270,1764562484.5270782,kem_handshake,0.000023914|0.000017011|0.000033933,0.00,0.00,42942464,42942464,768,768,1536
4271,1764562484.5281913,kem_handshake,0.000021600|0.000016721|0.000033863,0.00,0.00,42942464,42942464,768,768,1536
4272,1764562484.5293546,kem_handshake,0.000021470|0.000017472|0.000035185,0.00,0.00,42942464,42942464,768,768,1536
4273,1764562484.53065,kem_handshake,0.000025167|0.000017823|0.000038391,0.00,0.00,42942464,42942464,768,768,1536
4274,1764562484.5320816,kem_handshake,0.000025647|0.000020418|0.000050944,0.00,0.00,42942464,42942464,768,768,1536
4275,1764562484.5342362,kem_handshake,0.000077202|0.000036838|0.000067244,0.00,0.00,42934272,42934272,768,768,1536
4276,1764562484.5364437,kem_handshake,0.000035355|0.000020358|0.000043811,0.00,0.00,42934272,42934272,768,768,1536
4277,1764562484.5377865,kem_handshake,0.000026079|0.000018564|0.000038411,0.00,0.00,42934272,42934272,768,768,1536
4278,1764562484.5400121,kem_handshake,0.000031197|0.000021199|0.000046175,0.00,0.00,42934272,42934272,768,768,1536
4279,1764562484.541741,kem_handshake,0.000034604|0.000024195|0.000051445,0.00,0.00,42934272,42934272,768,768,1536
4280,1764562484.5437803,kem_handshake,0.000084135|0.000032360|0.000068416,0.00,0.00,42942464,42942464,768,768,1536
4281,1764562484.5451076,kem_handshake,0.000020778|0.000016591|0.000033331,0.00,0.00,42942464,42942464,768,768,1536
4282,1764562484.5466902,kem_handshake,0.000049100|0.000035475|0.000040304,0.00,0.00,42934272,42934272,768,768,1536
4283,1764562484.5483623,kem_handshake,0.000043961|0.000024005|0.000059329,0.00,0.00,42934272,42934272,768,768,1536
4284,1764562484.5504842,kem_handshake,0.000037409|0.000022783|0.000053509,0.00,0.00,42934272,42934272,768,768,1536
4285,1764562484.5517626,kem_handshake,0.000020157|0.000016952|0.000034644,0.00,0.00,42934272,42934272,768,768,1536
4286,1764562484.5534246,kem_handshake,0.000023383|0.000017352|0.000044683,0.00,0.00,42934272,42934272,768,768,1536
4287,1764562484.55494,kem_handshake,0.000048600|0.000024936|0.000047247,0.00,0.00,42942464,42942464,768,768,1536
4288,1764562484.5568933,kem_handshake,0.000064199|0.000027771|0.000073826,0.00,0.00,42942464,42942464,768,768,1536
4289,1764562484.558606,kem_handshake,0.000040194|0.000021600|0.000047067,0.00,0.00,42942464,42942464,768,768,1536
4290,1764562484.5600398,kem_handshake,0.000035506|0.000025357|0.000048079,0.00,0.00,42942464,42942464,768,768,1536
4291,1764562484.561308,kem_handshake,0.000021009|0.000016550|0.000036798,0.00,0.00,42942464,42942464,768,768,1536
4292,1764562484.5624905,kem_handshake,0.000025878|0.000018775|0.000044532,0.00,0.00,42942464,42942464,768,768,1536
4293,1764562484.5638635,kem_handshake,0.000031028|0.000019826|0.000055152,0.00,0.00,42942464,42942464,768,768,1536
4294,1764562484.5662663,kem_handshake,0.000053288|0.000024676|0.000072945,0.00,0.00,42942464,42942464,768,768,1536
4295,1764562484.567944,kem_handshake,0.000030025|0.000023092|0.000048339,0.00,0.00,42942464,42942464,768,768,1536
4296,1764562484.5692608,kem_handshake,0.000021821|0.000016771|0.000037920,0.00,0.00,42942464,42942464,768,768,1536
4297,1764562484.5708735,kem_handshake,0.000038561|0.000032049|0.000066784,0.00,0.00,42942464,42942464,768,768,1536
4298,1764562484.572255,kem_handshake,0.000027210|0.000018565|0.000039854,0.00,0.00,42942464,42942464,768,768,1536
4299,1764562484.574214,kem_handshake,0.000081641|0.000045474|0.000058629,0.00,0.00,42934272,42934272,768,768,1536
4300,1764562484.5757294,kem_handshake,0.000024896|0.000017993|0.000035646,0.00,0.00,42934272,42934272,768,768,1536
4301,1764562484.5768633,kem_handshake,0.000019927|0.000015839|0.000039573,0.00,0.00,42934272,42934272,768,768,1536
4302,1764562484.578393,kem_handshake,0.000020067|0.000016631|0.000033321,0.00,0.00,42934272,42934272,768,768,1536
4303,1764562484.5795066,kem_handshake,0.000019145|0.000015629|0.000034865,0.00,0.00,42934272,42934272,768,768,1536
4304,1764562484.5813122,kem_handshake,0.000030126|0.000020709|0.000059159,0.00,0.00,42934272,42934272,768,768,1536
4305,1764562484.5832925,kem_handshake,0.000069688|0.000041597|0.000096979,0.00,0.00,42942464,42942464,768,768,1536
4306,1764562484.584709,kem_handshake,0.000022572|0.000016891|0.000033592,0.00,0.00,42942464,42942464,768,768,1536
4307,1764562484.5865526,kem_handshake,0.000019747|0.000016500|0.000034514,0.00,0.00,42942464,42942464,768,768,1536
4308,1764562484.5879257,kem_handshake,0.000034915|0.000022812|0.000048229,0.00,0.00,42934272,42934272,768,768,1536
4309,1764562484.5893493,kem_handshake,0.000028012|0.000020358|0.000041367,0.00,0.00,42934272,42934272,768,768,1536
4310,1764562484.5907247,kem_handshake,0.000027030|0.000020678|0.000048360,0.00,0.00,42934272,42934272,768,768,1536
4311,1764562484.5919042,kem_handshake,0.000019857|0.000016551|0.000034815,0.00,0.00,42934272,42934272,768,768,1536
4312,1764562484.5929987,kem_handshake,0.000018925|0.000015959|0.000032720,0.00,0.00,42934272,42934272,768,768,1536
4313,1764562484.5940628,kem_handshake,0.000018644|0.000015388|0.000033071,0.00,0.00,42934272,42934272,768,768,1536
4314,1764562484.5951924,kem_handshake,0.000024675|0.000016601|0.000038070,0.00,0.00,42934272,42934272,768,768,1536
4315,1764562484.5964885,kem_handshake,0.000020057|0.000016079|0.000035125,0.00,0.00,42934272,42934272,768,768,1536
4316,1764562484.5980392,kem_handshake,0.000036147|0.000019837|0.000056133,0.00,0.00,42934272,42934272,768,768,1536
4317,1764562484.59943,kem_handshake,0.000030546|0.000019747|0.000047017,0.00,0.00,42934272,42934272,768,768,1536
4318,1764562484.6006742,kem_handshake,0.000024365|0.000020648|0.000036087,0.00,0.00,42934272,42934272,768,768,1536
4319,1764562484.6018457,kem_handshake,0.000024715|0.000019095|0.000035296,0.00,0.00,42934272,42934272,768,768,1536
4320,1764562484.6030223,kem_handshake,0.000022442|0.000020427|0.000032900,0.00,0.00,42934272,42934272,768,768,1536
4321,1764562484.6041527,kem_handshake,0.000019576|0.000015459|0.000033602,0.00,0.00,42934272,42934272,768,768,1536
4322,1764562484.605361,kem_handshake,0.000025197|0.000019937|0.000041236,0.00,0.00,42934272,42934272,768,768,1536
4323,1764562484.6067476,kem_handshake,0.000030447|0.000021049|0.000043009,0.00,0.00,42934272,42934272,768,768,1536
4324,1764562484.6079192,kem_handshake,0.000019336|0.000021059|0.000033352,0.00,0.00,42934272,42934272,768,768,1536
4325,1764562484.6089947,kem_handshake,0.000018895|0.000015619|0.000033161,0.00,0.00,42934272,42934272,768,768,1536
4326,1764562484.610104,kem_handshake,0.000019917|0.000016882|0.000033702,0.00,0.00,42934272,42934272,768,768,1536
4327,1764562484.6112177,kem_handshake,0.000018945|0.000015739|0.000032971,0.00,0.00,42934272,42934272,768,768,1536
4328,1764562484.6123338,kem_handshake,0.000018775|0.000015379|0.000032630,0.00,0.00,42934272,42934272,768,768,1536
4329,1764562484.6136525,kem_handshake,0.000023954|0.000018114|0.000040555,0.00,0.00,42934272,42934272,768,768,1536
4330,1764562484.615019,kem_handshake,0.000020738|0.000016300|0.000034925,0.00,0.00,42934272,42934272,768,768,1536
4331,1764562484.6162043,kem_handshake,0.000019636|0.000016159|0.000034414,0.00,0.00,42934272,42934272,768,768,1536
4332,1764562484.6174438,kem_handshake,0.000020718|0.000015720|0.000034925,0.00,0.00,42934272,42934272,768,768,1536
4333,1764562484.6185603,kem_handshake,0.000018584|0.000015458|0.000032951,0.00,0.00,42934272,42934272,768,768,1536
4334,1764562484.6196814,kem_handshake,0.000019546|0.000015820|0.000034764,0.00,0.00,42934272,42934272,768,768,1536
4335,1764562484.6207993,kem_handshake,0.000019295|0.000015759|0.000033843,0.00,0.00,42934272,42934272,768,768,1536
4336,1764562484.6220198,kem_handshake,0.000023373|0.000017964|0.000042027,0.00,0.00,42934272,42934272,768,768,1536
4337,1764562484.6240609,kem_handshake,0.000080779|0.000055833|0.000092681,0.00,0.00,42942464,42942464,768,768,1536
4338,1764562484.6270652,kem_handshake,0.000089406|0.000047588|0.000099414,0.00,0.00,42934272,42934272,768,768,1536
4339,1764562484.6288466,kem_handshake,0.000034153|0.000022642|0.000042729,0.00,0.00,42934272,42934272,768,768,1536
4340,1764562484.630475,kem_handshake,0.000030827|0.000021299|0.000041407,0.00,0.00,42934272,42934272,768,768,1536
4341,1764562484.6330867,kem_handshake,0.000072825|0.000038541|0.000067635,0.00,0.00,42942464,42942464,768,768,1536
4342,1764562484.6350899,kem_handshake,0.000048159|0.000022342|0.000055984,0.00,0.00,42942464,42942464,768,768,1536
4343,1764562484.6364403,kem_handshake,0.000023243|0.000017071|0.000035245,0.00,0.00,42942464,42942464,768,768,1536
4344,1764562484.6380634,kem_handshake,0.000031659|0.000020197|0.000042479,0.00,0.00,42942464,42942464,768,768,1536
4345,1764562484.6394522,kem_handshake,0.000029325|0.000019105|0.000041977,0.00,0.00,42942464,42942464,768,768,1536
4346,1764562484.6408093,kem_handshake,0.000023073|0.000016631|0.000036477,0.00,0.00,42942464,42942464,768,768,1536
4347,1764562484.6419668,kem_handshake,0.000019626|0.000016020|0.000033542,0.00,0.00,42942464,42942464,768,768,1536
4348,1764562484.6430874,kem_handshake,0.000019135|0.000015709|0.000033562,0.00,0.00,42942464,42942464,768,768,1536
4349,1764562484.6441832,kem_handshake,0.000019456|0.000016020|0.000034173,0.00,0.00,42942464,42942464,768,768,1536
4350,1764562484.6461983,kem_handshake,0.000102449|0.000050102|0.000077543,0.00,0.00,42934272,42934272,768,768,1536
4351,1764562484.6481507,kem_handshake,0.000051635|0.000026899|0.000072835,0.00,0.00,42934272,42934272,768,768,1536
4352,1764562484.649902,kem_handshake,0.000074468|0.000025427|0.000104763,0.00,0.00,42934272,42934272,768,768,1536
4353,1764562484.6517286,kem_handshake,0.000051024|0.000023884|0.000048490,0.00,0.00,42942464,42942464,768,768,1536
4354,1764562484.6535652,kem_handshake,0.000041827|0.000023444|0.000049411,0.00,0.00,42942464,42942464,768,768,1536
4355,1764562484.6554224,kem_handshake,0.000037880|0.000022992|0.000050824,0.00,0.00,42942464,42942464,768,768,1536
4356,1764562484.657798,kem_handshake,0.000064540|0.000031929|0.000073666,0.00,0.00,42934272,42934272,768,768,1536
4357,1764562484.6595738,kem_handshake,0.000029154|0.000021290|0.000051115,0.00,0.00,42934272,42934272,768,768,1536
4358,1764562484.6609643,kem_handshake,0.000022772|0.000017132|0.000037790,0.00,0.00,42934272,42934272,768,768,1536
4359,1764562484.662333,kem_handshake,0.000033441|0.000020748|0.000052747,0.00,0.00,42934272,42934272,768,768,1536
4360,1764562484.6638937,kem_handshake,0.000031167|0.000021480|0.000049021,0.00,0.00,42934272,42934272,768,768,1536
4361,1764562484.6653585,kem_handshake,0.000035896|0.000021680|0.000042048,0.00,0.00,42934272,42934272,768,768,1536
4362,1764562484.6676025,kem_handshake,0.000094505|0.000040655|0.000096709,0.00,0.00,42942464,42942464,768,768,1536
4363,1764562484.669323,kem_handshake,0.000025597|0.000017262|0.000038932,0.00,0.00,42942464,42942464,768,768,1536
4364,1764562484.6704624,kem_handshake,0.000020168|0.000016941|0.000035766,0.00,0.00,42942464,42942464,768,768,1536
4365,1764562484.6715887,kem_handshake,0.000020278|0.000016100|0.000033832,0.00,0.00,42942464,42942464,768,768,1536
4366,1764562484.6726904,kem_handshake,0.000020638|0.000015859|0.000033472,0.00,0.00,42942464,42942464,768,768,1536
4367,1764562484.6739833,kem_handshake,0.000027080|0.000027791|0.000048760,0.00,0.00,42942464,42942464,768,768,1536
4368,1764562484.6753232,kem_handshake,0.000024786|0.000017682|0.000035255,0.00,0.00,42942464,42942464,768,768,1536
4369,1764562484.6766496,kem_handshake,0.000034594|0.000022933|0.000055462,0.00,0.00,42942464,42942464,768,768,1536
4370,1764562484.677889,kem_handshake,0.000022261|0.000016831|0.000038882,0.00,0.00,42942464,42942464,768,768,1536
4371,1764562484.6790042,kem_handshake,0.000019556|0.000016040|0.000033202,0.00,0.00,42942464,42942464,768,768,1536
4372,1764562484.6801364,kem_handshake,0.000021299|0.000018313|0.000038110,0.00,0.00,42942464,42942464,768,768,1536
4373,1764562484.6812742,kem_handshake,0.000019796|0.000015799|0.000034564,0.00,0.00,42942464,42942464,768,768,1536
4374,1764562484.682388,kem_handshake,0.000022401|0.000017222|0.000035766,0.00,0.00,42942464,42942464,768,768,1536
4375,1764562484.6841307,kem_handshake,0.000079858|0.000034724|0.000069949,0.00,0.00,42934272,42934272,768,768,1536
4376,1764562484.6857731,kem_handshake,0.000034664|0.000020819|0.000047979,0.00,0.00,42942464,42942464,768,768,1536
4377,1764562484.6873066,kem_handshake,0.000037349|0.000024615|0.000040825,0.00,0.00,42934272,42934272,768,768,1536
4378,1764562484.6885939,kem_handshake,0.000024375|0.000018164|0.000036488,0.00,0.00,42934272,42934272,768,768,1536
4379,1764562484.6898975,kem_handshake,0.000027791|0.000019636|0.000042138,0.00,0.00,42934272,42934272,768,768,1536
4380,1764562484.6917772,kem_handshake,0.000071031|0.000042058|0.000057977,0.00,0.00,42942464,42942464,768,768,1536
4381,1764562484.6930678,kem_handshake,0.000020457|0.000016500|0.000032890,0.00,0.00,42942464,42942464,768,768,1536
4382,1764562484.694203,kem_handshake,0.000020858|0.000016841|0.000033482,0.00,0.00,42942464,42942464,768,768,1536
4383,1764562484.6952825,kem_handshake,0.000018905|0.000016020|0.000033211,0.00,0.00,42942464,42942464,768,768,1536
4384,1764562484.6963913,kem_handshake,0.000020298|0.000016270|0.000032570,0.00,0.00,42942464,42942464,768,768,1536
4385,1764562484.6975026,kem_handshake,0.000019776|0.000016039|0.000033602,0.00,0.00,42942464,42942464,768,768,1536
4386,1764562484.6985865,kem_handshake,0.000018865|0.000015568|0.000036618,0.00,0.00,42942464,42942464,768,768,1536
4387,1764562484.6997354,kem_handshake,0.000020998|0.000016971|0.000034734,0.00,0.00,42942464,42942464,768,768,1536
4388,1764562484.7008355,kem_handshake,0.000019776|0.000016270|0.000033642,0.00,0.00,42942464,42942464,768,768,1536
4389,1764562484.7019238,kem_handshake,0.000023703|0.000019165|0.000032470,0.00,0.00,42942464,42942464,768,768,1536
4390,1764562484.7030418,kem_handshake,0.000019647|0.000016090|0.000032511,0.00,0.00,42942464,42942464,768,768,1536
4391,1764562484.7041695,kem_handshake,0.000020007|0.000016401|0.000033111,0.00,0.00,42942464,42942464,768,768,1536
4392,1764562484.705375,kem_handshake,0.000023253|0.000018904|0.000040365,0.00,0.00,42942464,42942464,768,768,1536
4393,1764562484.7065167,kem_handshake,0.000021210|0.000016260|0.000034213,0.00,0.00,42942464,42942464,768,768,1536
4394,1764562484.707735,kem_handshake,0.000023333|0.000016290|0.000037409,0.00,0.00,42942464,42942464,768,768,1536
4395,1764562484.7088614,kem_handshake,0.000019697|0.000015789|0.000041547,0.00,0.00,42942464,42942464,768,768,1536
4396,1764562484.709995,kem_handshake,0.000036407|0.000016711|0.000034333,0.00,0.00,42942464,42942464,768,768,1536
4397,1764562484.7111673,kem_handshake,0.000019856|0.000016281|0.000033001,0.00,0.00,42942464,42942464,768,768,1536
4398,1764562484.7130783,kem_handshake,0.000076341|0.000041516|0.000079658,0.00,0.00,42934272,42934272,768,768,1536
4399,1764562484.7146492,kem_handshake,0.000046386|0.000024445|0.000060331,0.00,0.00,42934272,42934272,768,768,1536
4400,1764562484.716252,kem_handshake,0.000033021|0.000023353|0.000047628,0.00,0.00,42934272,42934272,768,768,1536
4401,1764562484.717509,kem_handshake,0.000023724|0.000017973|0.000037990,0.00,0.00,42934272,42934272,768,768,1536
4402,1764562484.7187126,kem_handshake,0.000024575|0.000019296|0.000039112,0.00,0.00,42934272,42934272,768,768,1536
4403,1764562484.719806,kem_handshake,0.000019156|0.000015949|0.000032671,0.00,0.00,42934272,42934272,768,768,1536
4404,1764562484.7210395,kem_handshake,0.000021790|0.000017192|0.000034143,0.00,0.00,42934272,42934272,768,768,1536
4405,1764562484.7222662,kem_handshake,0.000029274|0.000021981|0.000044001,0.00,0.00,42934272,42934272,768,768,1536
4406,1764562484.723482,kem_handshake,0.000025888|0.000019295|0.000037329,0.00,0.00,42934272,42934272,768,768,1536
4407,1764562484.7246199,kem_handshake,0.000020588|0.000015949|0.000033221,0.00,0.00,42934272,42934272,768,768,1536
4408,1764562484.725705,kem_handshake,0.000019496|0.000015659|0.000032911,0.00,0.00,42934272,42934272,768,768,1536
4409,1764562484.7267566,kem_handshake,0.000018544|0.000015449|0.000032940,0.00,0.00,42934272,42934272,768,768,1536
4410,1764562484.7278707,kem_handshake,0.000019656|0.000015979|0.000038892,0.00,0.00,42934272,42934272,768,768,1536
4411,1764562484.7289636,kem_handshake,0.000019987|0.000016760|0.000032851,0.00,0.00,42934272,42934272,768,768,1536
4412,1764562484.7303877,kem_handshake,0.000048951|0.000024225|0.000047768,0.00,0.00,42942464,42942464,768,768,1536
4413,1764562484.7322104,kem_handshake,0.000056154|0.000023534|0.000046095,0.00,0.00,42942464,42942464,768,768,1536
4414,1764562484.7341158,kem_handshake,0.000063908|0.000040915|0.000073857,0.00,0.00,42934272,42934272,768,768,1536
4415,1764562484.7353706,kem_handshake,0.000020528|0.000016921|0.000033912,0.00,0.00,42934272,42934272,768,768,1536
4416,1764562484.736972,kem_handshake,0.000079507|0.000024585|0.000039403,0.00,0.00,42942464,42942464,768,768,1536
4417,1764562484.7382944,kem_handshake,0.000026739|0.000019456|0.000036968,0.00,0.00,42934272,42934272,768,768,1536
4418,1764562484.7395046,kem_handshake,0.000024095|0.000018244|0.000038681,0.00,0.00,42934272,42934272,768,768,1536
4419,1764562484.7407317,kem_handshake,0.000020257|0.000016430|0.000034093,0.00,0.00,42934272,42934272,768,768,1536
4420,1764562484.7420652,kem_handshake,0.000019596|0.000016139|0.000033653,0.00,0.00,42934272,42934272,768,768,1536
4421,1764562484.7432277,kem_handshake,0.000079607|0.000022793|0.000033933,0.00,0.00,42934272,42934272,768,768,1536
4422,1764562484.7443423,kem_handshake,0.000019246|0.000017552|0.000034423,0.00,0.00,42934272,42934272,768,768,1536
4423,1764562484.745477,kem_handshake,0.000021419|0.000016921|0.000036327,0.00,0.00,42934272,42934272,768,768,1536
4424,1764562484.746621,kem_handshake,0.000023784|0.000016691|0.000037719,0.00,0.00,42934272,42934272,768,768,1536
4425,1764562484.74775,kem_handshake,0.000020238|0.000015869|0.000033312,0.00,0.00,42934272,42934272,768,768,1536
4426,1764562484.7494857,kem_handshake,0.000059260|0.000027240|0.000054340,0.00,0.00,42942464,42942464,768,768,1536
4427,1764562484.751352,kem_handshake,0.000043160|0.000026740|0.000063508,0.00,0.00,42942464,42942464,768,768,1536
4428,1764562484.753917,kem_handshake,0.000083174|0.000038451|0.000096369,0.00,0.00,42934272,42934272,768,768,1536
4429,1764562484.7553644,kem_handshake,0.000024835|0.000018203|0.000035125,0.00,0.00,42934272,42934272,768,768,1536
4430,1764562484.756618,kem_handshake,0.000023423|0.000017813|0.000036758,0.00,0.00,42934272,42934272,768,768,1536
4431,1764562484.7579963,kem_handshake,0.000033412|0.000047778|0.000042659,0.00,0.00,42934272,42934272,768,768,1536
4432,1764562484.7601304,kem_handshake,0.000108831|0.000048079|0.000080850,0.00,0.00,42942464,42942464,768,768,1536
4433,1764562484.7613676,kem_handshake,0.000019787|0.000015669|0.000032480,0.00,0.00,42942464,42942464,768,768,1536
4434,1764562484.7624938,kem_handshake,0.000020768|0.000016310|0.000034243,0.00,0.00,42942464,42942464,768,768,1536
4435,1764562484.7637448,kem_handshake,0.000022001|0.000016811|0.000037529,0.00,0.00,42942464,42942464,768,768,1536
4436,1764562484.7650542,kem_handshake,0.000029054|0.000019636|0.000044793,0.00,0.00,42942464,42942464,768,768,1536
4437,1764562484.7664208,kem_handshake,0.000029455|0.000018404|0.000043070,0.00,0.00,42942464,42942464,768,768,1536
4438,1764562484.7682915,kem_handshake,0.000073105|0.000031167|0.000049141,0.00,0.00,42934272,42934272,768,768,1536
4439,1764562484.7695014,kem_handshake,0.000020869|0.000015920|0.000033632,0.00,0.00,42934272,42934272,768,768,1536
4440,1764562484.7705874,kem_handshake,0.000019626|0.000015979|0.000033131,0.00,0.00,42934272,42934272,768,768,1536
4441,1764562484.7719035,kem_handshake,0.000034724|0.000019326|0.000055102,0.00,0.00,42942464,42942464,768,768,1536
4442,1764562484.7736285,kem_handshake,0.000041247|0.000023654|0.000054551,0.00,0.00,42934272,42934272,768,768,1536
4443,1764562484.7752955,kem_handshake,0.000047859|0.000022912|0.000050463,0.00,0.00,42942464,42942464,768,768,1536
4444,1764562484.7765877,kem_handshake,0.000022161|0.000016961|0.000034734,0.00,0.00,42942464,42942464,768,768,1536
4445,1764562484.7777815,kem_handshake,0.000020218|0.000016340|0.000033322,0.00,0.00,42942464,42942464,768,768,1536
4446,1764562484.7789342,kem_handshake,0.000023474|0.000016290|0.000033672,0.00,0.00,42942464,42942464,768,768,1536
4447,1764562484.780122,kem_handshake,0.000020759|0.000016530|0.000035966,0.00,0.00,42942464,42942464,768,768,1536
4448,1764562484.7818596,kem_handshake,0.000061143|0.000023804|0.000055342,0.00,0.00,42934272,42934272,768,768,1536
4449,1764562484.7833622,kem_handshake,0.000025017|0.000016841|0.000039874,0.00,0.00,42934272,42934272,768,768,1536
4450,1764562484.7844782,kem_handshake,0.000020457|0.000015729|0.000033402,0.00,0.00,42934272,42934272,768,768,1536
4451,1764562484.785584,kem_handshake,0.000020558|0.000016411|0.000032650,0.00,0.00,42934272,42934272,768,768,1536
4452,1764562484.7866542,kem_handshake,0.000018925|0.000015910|0.000032750,0.00,0.00,42934272,42934272,768,768,1536
4453,1764562484.7877133,kem_handshake,0.000018464|0.000015669|0.000032820,0.00,0.00,42934272,42934272,768,768,1536
4454,1764562484.788852,kem_handshake,0.000021250|0.000015589|0.000043611,0.00,0.00,42934272,42934272,768,768,1536
4455,1764562484.790105,kem_handshake,0.000023914|0.000017112|0.000040264,0.00,0.00,42934272,42934272,768,768,1536
4456,1764562484.7912521,kem_handshake,0.000022782|0.000016471|0.000034273,0.00,0.00,42934272,42934272,768,768,1536
4457,1764562484.792362,kem_handshake,0.000019476|0.000015439|0.000033271,0.00,0.00,42934272,42934272,768,768,1536
4458,1764562484.793429,kem_handshake,0.000018835|0.000015508|0.000033051,0.00,0.00,42934272,42934272,768,768,1536
4459,1764562484.7944734,kem_handshake,0.000018124|0.000015258|0.000032570,0.00,0.00,42934272,42934272,768,768,1536
4460,1764562484.7955663,kem_handshake,0.000019926|0.000015979|0.000034254,0.00,0.00,42934272,42934272,768,768,1536
4461,1764562484.797246,kem_handshake,0.000051264|0.000023964|0.000046946,0.00,0.00,42942464,42942464,768,768,1536
4462,1764562484.7990253,kem_handshake,0.000046616|0.000021900|0.000049070,0.00,0.00,42942464,42942464,768,768,1536
4463,1764562484.8003957,kem_handshake,0.000022140|0.000016931|0.000035956,0.00,0.00,42942464,42942464,768,768,1536
4464,1764562484.8024256,kem_handshake,0.000082653|0.000036047|0.000063989,0.00,0.00,42934272,42934272,768,768,1536
4465,1764562484.8036885,kem_handshake,0.000021129|0.000016511|0.000033232,0.00,0.00,42934272,42934272,768,768,1536
4466,1764562484.8053684,kem_handshake,0.000029845|0.000019947|0.000051926,0.00,0.00,42934272,42934272,768,768,1536
4467,1764562484.8070936,kem_handshake,0.000087952|0.000032280|0.000066633,0.00,0.00,42942464,42942464,768,768,1536
4468,1764562484.8088586,kem_handshake,0.000052196|0.000036077|0.000072755,0.00,0.00,42934272,42934272,768,768,1536
4469,1764562484.8100944,kem_handshake,0.000020228|0.000016090|0.000033673,0.00,0.00,42934272,42934272,768,768,1536
4470,1764562484.8111799,kem_handshake,0.000018864|0.000015899|0.000032700,0.00,0.00,42934272,42934272,768,768,1536
4471,1764562484.8123183,kem_handshake,0.000021339|0.000016831|0.000036818,0.00,0.00,42934272,42934272,768,768,1536
4472,1764562484.8135858,kem_handshake,0.000024045|0.000017562|0.000037809,0.00,0.00,42934272,42934272,768,768,1536
4473,1764562484.8149588,kem_handshake,0.000026168|0.000025567|0.000039814,0.00,0.00,42934272,42934272,768,768,1536
4474,1764562484.8162084,kem_handshake,0.000023634|0.000017492|0.000034604,0.00,0.00,42934272,42934272,768,768,1536
4475,1764562484.8173187,kem_handshake,0.000019846|0.000016521|0.000034163,0.00,0.00,42934272,42934272,768,768,1536
4476,1764562484.8183885,kem_handshake,0.000018594|0.000015779|0.000033221,0.00,0.00,42934272,42934272,768,768,1536
4477,1764562484.8194704,kem_handshake,0.000018995|0.000015780|0.000033392,0.00,0.00,42934272,42934272,768,768,1536
4478,1764562484.8205695,kem_handshake,0.000020418|0.000016380|0.000034444,0.00,0.00,42934272,42934272,768,768,1536
4479,1764562484.8217385,kem_handshake,0.000023393|0.000017042|0.000035926,0.00,0.00,42934272,42934272,768,768,1536
4480,1764562484.8229606,kem_handshake,0.000026880|0.000016941|0.000039052,0.00,0.00,42934272,42934272,768,768,1536
4481,1764562484.8241832,kem_handshake,0.000022582|0.000016140|0.000035676,0.00,0.00,42934272,42934272,768,768,1536
4482,1764562484.8252938,kem_handshake,0.000019496|0.000016380|0.000033211,0.00,14655.00,42934272,42934272,768,768,1536
4483,1764562484.8274245,kem_handshake,0.000107258|0.000048851|0.000051506,0.00,0.00,42942464,42942464,768,768,1536
4484,1764562484.8286836,kem_handshake,0.000025497|0.000019747|0.000033692,0.00,0.00,42942464,42942464,768,768,1536
4485,1764562484.8298054,kem_handshake,0.000020959|0.000017042|0.000033542,0.00,0.00,42942464,42942464,768,768,1536
4486,1764562484.8309817,kem_handshake,0.000020728|0.000016310|0.000034424,0.00,0.00,42942464,42942464,768,768,1536
4487,1764562484.8323147,kem_handshake,0.000023172|0.000017873|0.000034925,0.00,0.00,42942464,42942464,768,768,1536
4488,1764562484.833528,kem_handshake,0.000021970|0.000017261|0.000035145,0.00,0.00,42942464,42942464,768,768,1536
4489,1764562484.8354564,kem_handshake,0.000083244|0.000043661|0.000082312,0.00,0.00,42934272,42934272,768,768,1536
4490,1764562484.83672,kem_handshake,0.000020368|0.000015959|0.000033672,0.00,0.00,42934272,42934272,768,768,1536
4491,1764562484.8378372,kem_handshake,0.000020007|0.000016000|0.000039994,0.00,0.00,42934272,42934272,768,768,1536
4492,1764562484.839278,kem_handshake,0.000022211|0.000017362|0.000037298,0.00,0.00,42934272,42934272,768,768,1536
4493,1764562484.8411062,kem_handshake,0.000084126|0.000046787|0.000097570,0.00,0.00,42942464,42942464,768,768,1536
4494,1764562484.8429477,kem_handshake,0.000033582|0.000026880|0.000047117,0.00,0.00,42942464,42942464,768,768,1536
4495,1764562484.8446007,kem_handshake,0.000047198|0.000034674|0.000071162,0.00,0.00,42934272,42934272,768,768,1536
4496,1764562484.8458607,kem_handshake,0.000026078|0.000019967|0.000038842,0.00,0.00,42934272,42934272,768,768,1536
4497,1764562484.8470397,kem_handshake,0.000026108|0.000018183|0.000040595,0.00,0.00,42934272,42934272,768,768,1536
4498,1764562484.8483505,kem_handshake,0.000026409|0.000019646|0.000040115,0.00,0.00,42934272,42934272,768,768,1536
4499,1764562484.8496222,kem_handshake,0.000021199|0.000016641|0.000041667,0.00,0.00,42934272,42934272,768,768,1536
4500,1764562484.8507876,kem_handshake,0.000020929|0.000015699|0.000035796,0.00,0.00,42934272,42934272,768,768,1536
4501,1764562484.851865,kem_handshake,0.000018835|0.000015398|0.000036908,0.00,0.00,42934272,42934272,768,768,1536
4502,1764562484.8529305,kem_handshake,0.000023323|0.000015689|0.000032960,0.00,0.00,42934272,42934272,768,768,1536
4503,1764562484.8539858,kem_handshake,0.000018905|0.000015709|0.000033762,0.00,0.00,42934272,42934272,768,768,1536
4504,1764562484.8552182,kem_handshake,0.000022231|0.000016731|0.000035075,0.00,0.00,42934272,42934272,768,768,1536
4505,1764562484.856422,kem_handshake,0.000021259|0.000016411|0.000037620,0.00,0.00,42934272,42934272,768,768,1536
4506,1764562484.8583188,kem_handshake,0.000072454|0.000044001|0.000097951,0.00,0.00,42942464,42942464,768,768,1536
4507,1764562484.8596745,kem_handshake,0.000022561|0.000017262|0.000034213,0.00,0.00,42942464,42942464,768,768,1536
4508,1764562484.8607738,kem_handshake,0.000019326|0.000015709|0.000033211,0.00,0.00,42942464,42942464,768,768,1536
4509,1764562484.861856,kem_handshake,0.000018725|0.000015429|0.000048409,0.00,0.00,42942464,42942464,768,768,1536
4510,1764562484.8631115,kem_handshake,0.000021850|0.000016390|0.000037089,0.00,0.00,42942464,42942464,768,768,1536
4511,1764562484.8642292,kem_handshake,0.000020428|0.000015819|0.000034073,0.00,0.00,42942464,42942464,768,768,1536
4512,1764562484.8655486,kem_handshake,0.000030657|0.000018194|0.000045324,0.00,0.00,42942464,42942464,768,768,1536
4513,1764562484.8667583,kem_handshake,0.000019446|0.000016119|0.000033472,0.00,0.00,42942464,42942464,768,768,1536
4514,1764562484.8678927,kem_handshake,0.000019456|0.000016290|0.000033131,0.00,0.00,42942464,42942464,768,768,1536
4515,1764562484.8689802,kem_handshake,0.000019557|0.000015478|0.000032610,0.00,0.00,42942464,42942464,768,768,1536
4516,1764562484.870053,kem_handshake,0.000018664|0.000015689|0.000032500,0.00,0.00,42942464,42942464,768,768,1536
4517,1764562484.8712194,kem_handshake,0.000018615|0.000015228|0.000033071,0.00,0.00,42942464,42942464,768,768,1536
4518,1764562484.8724616,kem_handshake,0.000022471|0.000017392|0.000035726,0.00,0.00,42942464,42942464,768,768,1536
4519,1764562484.8739126,kem_handshake,0.000035195|0.000016971|0.000046946,0.00,0.00,42942464,42942464,768,768,1536
4520,1764562484.8752332,kem_handshake,0.000021500|0.000015779|0.000038451,0.00,0.00,42942464,42942464,768,768,1536
4521,1764562484.8774402,kem_handshake,0.000098331|0.000048580|0.000081240,0.00,0.00,42934272,42934272,768,768,1536
4522,1764562484.879783,kem_handshake,0.000058508|0.000030957|0.000066282,0.00,0.00,42934272,42934272,768,768,1536
4523,1764562484.8816934,kem_handshake,0.000049442|0.000035295|0.000072233,0.00,0.00,42934272,42934272,768,768,1536
4524,1764562484.8833008,kem_handshake,0.000024966|0.000018184|0.000037820,0.00,0.00,42934272,42934272,768,768,1536
4525,1764562484.8844712,kem_handshake,0.000021019|0.000016160|0.000033682,0.00,0.00,42934272,42934272,768,768,1536
4526,1764562484.8855593,kem_handshake,0.000019957|0.000016090|0.000034684,0.00,0.00,42934272,42934272,768,768,1536
4527,1764562484.8866541,kem_handshake,0.000019226|0.000015699|0.000033362,0.00,0.00,42934272,42934272,768,768,1536
4528,1764562484.8884928,kem_handshake,0.000067956|0.000039363|0.000082542,0.00,0.00,42942464,42942464,768,768,1536
4529,1764562484.8903327,kem_handshake,0.000060993|0.000026148|0.000052898,0.00,0.00,42942464,42942464,768,768,1536
4530,1764562484.8917499,kem_handshake,0.000023423|0.000016831|0.000037419,0.00,0.00,42942464,42942464,768,768,1536
4531,1764562484.8928668,kem_handshake,0.000019416|0.000015930|0.000038732,0.00,0.00,42942464,42942464,768,768,1536
4532,1764562484.8939304,kem_handshake,0.000023162|0.000015749|0.000033382,0.00,0.00,42942464,42942464,768,768,1536
4533,1764562484.895031,kem_handshake,0.000019385|0.000015478|0.000033381,0.00,0.00,42942464,42942464,768,768,1536
4534,1764562484.896121,kem_handshake,0.000019456|0.000015939|0.000034183,0.00,0.00,42942464,42942464,768,768,1536
4535,1764562484.8971968,kem_handshake,0.000020348|0.000016080|0.000033852,0.00,0.00,42942464,42942464,768,768,1536
4536,1764562484.898336,kem_handshake,0.000022191|0.000016500|0.000036968,0.00,0.00,42942464,42942464,768,768,1536
4537,1764562484.8994443,kem_handshake,0.000019115|0.000015579|0.000032800,0.00,0.00,42942464,42942464,768,768,1536
4538,1764562484.9004986,kem_handshake,0.000018615|0.000015308|0.000032751,0.00,0.00,42942464,42942464,768,768,1536
4539,1764562484.901552,kem_handshake,0.000018644|0.000015249|0.000032590,0.00,0.00,42942464,42942464,768,768,1536
4540,1764562484.9032817,kem_handshake,0.000018965|0.000015769|0.000032871,0.00,0.00,42942464,42942464,768,768,1536
4541,1764562484.9044309,kem_handshake,0.000020258|0.000016140|0.000034914,0.00,0.00,42942464,42942464,768,768,1536
4542,1764562484.9055552,kem_handshake,0.000019757|0.000015709|0.000034714,0.00,0.00,42942464,42942464,768,768,1536
4543,1764562484.9066808,kem_handshake,0.000024445|0.000019296|0.000034304,0.00,0.00,42942464,42942464,768,768,1536
4544,1764562484.9077988,kem_handshake,0.000019666|0.000016139|0.000033592,0.00,0.00,42942464,42942464,768,768,1536
4545,1764562484.908954,kem_handshake,0.000027932|0.000017612|0.000038661,0.00,0.00,42942464,42942464,768,768,1536
4546,1764562484.910076,kem_handshake,0.000019466|0.000015990|0.000033562,0.00,0.00,42942464,42942464,768,768,1536
4547,1764562484.9111323,kem_handshake,0.000018344|0.000015469|0.000032320,0.00,0.00,42942464,42942464,768,768,1536
4548,1764562484.9126616,kem_handshake,0.000053219|0.000025136|0.000047498,0.00,0.00,42934272,42934272,768,768,1536
4549,1764562484.9139128,kem_handshake,0.000029034|0.000017693|0.000037179,0.00,0.00,42934272,42934272,768,768,1536
4550,1764562484.9152145,kem_handshake,0.000026900|0.000018985|0.000036578,0.00,0.00,42934272,42934272,768,768,1536
4551,1764562484.916422,kem_handshake,0.000021991|0.000017152|0.000035605,0.00,0.00,42934272,42934272,768,768,1536
4552,1764562484.9180803,kem_handshake,0.000065200|0.000028423|0.000051164,0.00,0.00,42942464,42942464,768,768,1536
4553,1764562484.9193401,kem_handshake,0.000021890|0.000016190|0.000033281,0.00,0.00,42942464,42942464,768,768,1536
4554,1764562484.920418,kem_handshake,0.000019606|0.000016300|0.000034243,0.00,0.00,42942464,42942464,768,768,1536
4555,1764562484.921537,kem_handshake,0.000021179|0.000016541|0.000034724,0.00,0.00,42942464,42942464,768,768,1536
4556,1764562484.9227755,kem_handshake,0.000025498|0.000017492|0.000043109,0.00,0.00,42942464,42942464,768,768,1536
4557,1764562484.9245558,kem_handshake,0.000076762|0.000038572|0.000075159,0.00,0.00,42934272,42934272,768,768,1536
4558,1764562484.9258518,kem_handshake,0.000027711|0.000017953|0.000040354,0.00,0.00,42934272,42934272,768,768,1536
4559,1764562484.926962,kem_handshake,0.000027261|0.000018254|0.000037279,0.00,0.00,42934272,42934272,768,768,1536
4560,1764562484.9280362,kem_handshake,0.000019847|0.000016791|0.000032840,0.00,0.00,42934272,42934272,768,768,1536
4561,1764562484.9291327,kem_handshake,0.000019677|0.000015849|0.000033692,0.00,0.00,42934272,42934272,768,768,1536
4562,1764562484.9301975,kem_handshake,0.000019246|0.000015779|0.000033291,0.00,0.00,42934272,42934272,768,768,1536
4563,1764562484.9313285,kem_handshake,0.000021900|0.000016110|0.000033622,0.00,0.00,42934272,42934272,768,768,1536
4564,1764562484.9326577,kem_handshake,0.000030056|0.000018875|0.000046826,0.00,0.00,42934272,42934272,768,768,1536
4565,1764562484.9339914,kem_handshake,0.000022973|0.000016781|0.000038281,0.00,0.00,42934272,42934272,768,768,1536
4566,1764562484.9351308,kem_handshake,0.000019757|0.000015689|0.000033101,0.00,0.00,42934272,42934272,768,768,1536
4567,1764562484.9362206,kem_handshake,0.000019106|0.000015699|0.000032971,0.00,0.00,42934272,42934272,768,768,1536
4568,1764562484.9373288,kem_handshake,0.000020438|0.000016510|0.000035155,0.00,0.00,42934272,42934272,768,768,1536
4569,1764562484.9388492,kem_handshake,0.000040004|0.000032821|0.000067194,0.00,0.00,42934272,42934272,768,768,1536
4570,1764562484.9406695,kem_handshake,0.000061614|0.000026720|0.000060041,0.00,0.00,42942464,42942464,768,768,1536
4571,1764562484.9424133,kem_handshake,0.000036969|0.000022041|0.000042428,0.00,0.00,42934272,42934272,768,768,1536
4572,1764562484.9435837,kem_handshake,0.000019837|0.000016200|0.000033512,0.00,0.00,42934272,42934272,768,768,1536
4573,1764562484.9448674,kem_handshake,0.000027120|0.000017683|0.000046345,0.00,0.00,42942464,42942464,768,768,1536
4574,1764562484.946088,kem_handshake,0.000023734|0.000016651|0.000036307,0.00,0.00,42942464,42942464,768,768,1536
4575,1764562484.9473493,kem_handshake,0.000024184|0.000017302|0.000038762,0.00,0.00,42942464,42942464,768,768,1536
4576,1764562484.948976,kem_handshake,0.000065121|0.000045715|0.000084937,0.00,0.00,42934272,42934272,768,768,1536
4577,1764562484.950474,kem_handshake,0.000024706|0.000018124|0.000034774,0.00,0.00,42934272,42934272,768,768,1536
4578,1764562484.951578,kem_handshake,0.000019376|0.000016570|0.000032901,0.00,0.00,42934272,42934272,768,768,1536
4579,1764562484.9526665,kem_handshake,0.000018334|0.000015849|0.000032580,0.00,0.00,42934272,42934272,768,768,1536
4580,1764562484.9539106,kem_handshake,0.000019316|0.000016661|0.000034323,0.00,0.00,42934272,42934272,768,768,1536
4581,1764562484.9550967,kem_handshake,0.000059951|0.000022992|0.000035576,0.00,0.00,42934272,42934272,768,768,1536
4582,1764562484.9564044,kem_handshake,0.000024014|0.000017472|0.000036167,0.00,0.00,42934272,42934272,768,768,1536
4583,1764562484.958528,kem_handshake,0.000041136|0.000032009|0.000068808,0.00,0.00,42934272,42934272,768,768,1536
4584,1764562484.9597015,kem_handshake,0.000018905|0.000016270|0.000033081,0.00,0.00,42934272,42934272,768,768,1536
4585,1764562484.9607885,kem_handshake,0.000019216|0.000015699|0.000033312,0.00,0.00,42934272,42934272,768,768,1536
4586,1764562484.9627337,kem_handshake,0.000088464|0.000042850|0.000092280,0.00,0.00,42942464,42942464,768,768,1536
4587,1764562484.9643774,kem_handshake,0.000037449|0.000027421|0.000073105,0.00,0.00,42942464,42942464,768,768,1536
4588,1764562484.9663756,kem_handshake,0.000053640|0.000026860|0.000063958,0.00,0.00,42942464,42942464,768,768,1536
4589,1764562484.9677444,kem_handshake,0.000023443|0.000017191|0.000034975,0.00,0.00,42942464,42942464,768,768,1536
4590,1764562484.968983,kem_handshake,0.000019295|0.000015779|0.000066673,0.00,0.00,42942464,42942464,768,768,1536
4591,1764562484.9711115,kem_handshake,0.000107168|0.000051505|0.000097961,0.00,0.00,42934272,42934272,768,768,1536
4592,1764562484.972738,kem_handshake,0.000027100|0.000019786|0.000040174,0.00,0.00,42934272,42934272,768,768,1536
4593,1764562484.974034,kem_handshake,0.000025928|0.000018865|0.000039533,0.00,0.00,42934272,42934272,768,768,1536
4594,1764562484.9752212,kem_handshake,0.000021700|0.000016480|0.000034874,0.00,0.00,42934272,42934272,768,768,1536
4595,1764562484.9771237,kem_handshake,0.000091039|0.000043851|0.000082903,0.00,0.00,42942464,42942464,768,768,1536
4596,1764562484.9785714,kem_handshake,0.000021199|0.000018524|0.000034293,0.00,0.00,42942464,42942464,768,768,1536
4597,1764562484.979754,kem_handshake,0.000020548|0.000017171|0.000034214,0.00,0.00,42942464,42942464,768,768,1536
4598,1764562484.9811049,kem_handshake,0.000028663|0.000017532|0.000039423,0.00,0.00,42942464,42942464,768,768,1536
4599,1764562484.9824178,kem_handshake,0.000021039|0.000016380|0.000036558,0.00,0.00,42942464,42942464,768,768,1536
4600,1764562484.9836419,kem_handshake,0.000020368|0.000016270|0.000041326,0.00,0.00,42942464,42942464,768,768,1536
4601,1764562484.9855268,kem_handshake,0.000042789|0.000022071|0.000043530,0.00,0.00,42934272,42934272,768,768,1536
4602,1764562484.9867282,kem_handshake,0.000020668|0.000016771|0.000033462,0.00,0.00,42934272,42934272,768,768,1536
4603,1764562484.9881825,kem_handshake,0.000026389|0.000019506|0.000080639,0.00,0.00,42934272,42934272,768,768,1536
4604,1764562484.9902575,kem_handshake,0.000031107|0.000019486|0.000041998,0.00,0.00,42934272,42934272,768,768,1536
4605,1764562484.9921975,kem_handshake,0.000044792|0.000021289|0.000058729,0.00,0.00,42934272,42934272,768,768,1536
4606,1764562484.9938495,kem_handshake,0.000024315|0.000017692|0.000044302,0.00,0.00,42934272,42934272,768,768,1536
4607,1764562484.9949913,kem_handshake,0.000020107|0.000016431|0.000033482,0.00,0.00,42934272,42934272,768,768,1536
4608,1764562484.9962804,kem_handshake,0.000023653|0.000017994|0.000041777,0.00,0.00,42934272,42934272,768,768,1536
4609,1764562484.9974878,kem_handshake,0.000020799|0.000016701|0.000034524,0.00,0.00,42934272,42934272,768,768,1536
4610,1764562484.9986706,kem_handshake,0.000021920|0.000016981|0.000035326,0.00,0.00,42934272,42934272,768,768,1536
4611,1764562484.9998772,kem_handshake,0.000028482|0.000022571|0.000040364,0.00,0.00,42934272,42934272,768,768,1536
4612,1764562485.0012994,kem_handshake,0.000031939|0.000020367|0.000050904,0.00,0.00,42934272,42934272,768,768,1536
4613,1764562485.0027108,kem_handshake,0.000023544|0.000017672|0.000040845,0.00,0.00,42934272,42934272,768,768,1536
4614,1764562485.0039575,kem_handshake,0.000020258|0.000016290|0.000036207,0.00,0.00,42934272,42934272,768,768,1536
4615,1764562485.0050867,kem_handshake,0.000019877|0.000016170|0.000035315,0.00,0.00,42934272,42934272,768,768,1536
4616,1764562485.0072796,kem_handshake,0.000121455|0.000056675|0.000108801,0.00,0.00,42942464,42942464,768,768,1536
4617,1764562485.0093427,kem_handshake,0.000038040|0.000020087|0.000045454,0.00,0.00,42942464,42942464,768,768,1536
4618,1764562485.0106876,kem_handshake,0.000023253|0.000018534|0.000039373,0.00,0.00,42942464,42942464,768,768,1536
4619,1764562485.0123227,kem_handshake,0.000058578|0.000041176|0.000080870,0.00,0.00,42934272,42934272,768,768,1536
4620,1764562485.0139716,kem_handshake,0.000032950|0.000019977|0.000039613,0.00,0.00,42934272,42934272,768,768,1536
4621,1764562485.0152469,kem_handshake,0.000027701|0.000019316|0.000040655,0.00,0.00,42934272,42934272,768,768,1536
4622,1764562485.016557,kem_handshake,0.000022431|0.000017182|0.000035636,0.00,0.00,42934272,42934272,768,768,1536
4623,1764562485.0176775,kem_handshake,0.000019126|0.000015659|0.000033231,0.00,0.00,42934272,42934272,768,768,1536
4624,1764562485.0187895,kem_handshake,0.000018955|0.000016059|0.000033612,0.00,0.00,42934272,42934272,768,768,1536
4625,1764562485.01987,kem_handshake,0.000019236|0.000015338|0.000035716,0.00,0.00,42934272,42934272,768,768,1536
4626,1764562485.0209777,kem_handshake,0.000025708|0.000018915|0.000034524,0.00,0.00,42934272,42934272,768,768,1536
4627,1764562485.0223608,kem_handshake,0.000044382|0.000023023|0.000047177,0.00,0.00,42942464,42942464,768,768,1536
4628,1764562485.0238729,kem_handshake,0.000052727|0.000024776|0.000061333,0.00,0.00,42942464,42942464,768,768,1536
4629,1764562485.025097,kem_handshake,0.000021249|0.000016541|0.000036096,0.00,0.00,42942464,42942464,768,768,1536
4630,1764562485.0261872,kem_handshake,0.000019446|0.000015799|0.000032840,0.00,0.00,42942464,42942464,768,768,1536
4631,1764562485.0275078,kem_handshake,0.000019817|0.000015729|0.000032630,0.00,0.00,42942464,42942464,768,768,1536
4632,1764562485.0286477,kem_handshake,0.000061103|0.000022201|0.000033302,0.00,0.00,42942464,42942464,768,768,1536
4633,1764562485.0297647,kem_handshake,0.000019426|0.000016841|0.000034815,0.00,0.00,42942464,42942464,768,768,1536
4634,1764562485.0309448,kem_handshake,0.000025828|0.000015999|0.000036367,0.00,0.00,42942464,42942464,768,768,1536
4635,1764562485.0325792,kem_handshake,0.000052707|0.000025978|0.000054621,0.00,0.00,42934272,42934272,768,768,1536
4636,1764562485.0340338,kem_handshake,0.000047858|0.000032860|0.000069999,0.00,0.00,42942464,42942464,768,768,1536
4637,1764562485.0354323,kem_handshake,0.000037490|0.000031709|0.000064660,0.00,0.00,42934272,42934272,768,768,1536
4638,1764562485.0366063,kem_handshake,0.000019877|0.000016821|0.000033461,0.00,0.00,42934272,42934272,768,768,1536
4639,1764562485.0378125,kem_handshake,0.000022902|0.000016610|0.000035585,0.00,0.00,42934272,42934272,768,768,1536
4640,1764562485.0390356,kem_handshake,0.000023373|0.000017212|0.000036237,0.00,0.00,42934272,42934272,768,768,1536
4641,1764562485.0402822,kem_handshake,0.000023364|0.000016931|0.000037119,0.00,0.00,42934272,42934272,768,768,1536
4642,1764562485.041984,kem_handshake,0.000066834|0.000029845|0.000114381,0.00,0.00,42942464,42942464,768,768,1536
4643,1764562485.0433416,kem_handshake,0.000021810|0.000016791|0.000034113,0.00,0.00,42942464,42942464,768,768,1536
4644,1764562485.044451,kem_handshake,0.000019576|0.000016390|0.000033732,0.00,0.00,42942464,42942464,768,768,1536
4645,1764562485.0456,kem_handshake,0.000019906|0.000016330|0.000035526,0.00,0.00,42942464,42942464,768,768,1536
4646,1764562485.0469484,kem_handshake,0.000037840|0.000027771|0.000042719,0.00,0.00,42934272,42934272,768,768,1536
4647,1764562485.0483263,kem_handshake,0.000028292|0.000018744|0.000036948,0.00,0.00,42934272,42934272,768,768,1536
4648,1764562485.0501983,kem_handshake,0.000066523|0.000037659|0.000081440,0.00,0.00,42942464,42942464,768,768,1536
4649,1764562485.0517101,kem_handshake,0.000025547|0.000020027|0.000044062,0.00,0.00,42942464,42942464,768,768,1536
4650,1764562485.0529096,kem_handshake,0.000020668|0.000016521|0.000035526,0.00,0.00,42942464,42942464,768,768,1536
4651,1764562485.054043,kem_handshake,0.000019426|0.000015429|0.000034604,0.00,0.00,42942464,42942464,768,768,1536
4652,1764562485.0551956,kem_handshake,0.000020748|0.000016791|0.000037158,0.00,0.00,42942464,42942464,768,768,1536
4653,1764562485.0564263,kem_handshake,0.000019976|0.000016079|0.000034784,0.00,0.00,42942464,42942464,768,768,1536
4654,1764562485.0576103,kem_handshake,0.000022431|0.000019145|0.000039643,0.00,0.00,42942464,42942464,768,768,1536
4655,1764562485.0594912,kem_handshake,0.000074557|0.000034564|0.000058808,0.00,0.00,42934272,42934272,768,768,1536
4656,1764562485.0611703,kem_handshake,0.000025066|0.000017853|0.000034915,0.00,0.00,42934272,42934272,768,768,1536
4657,1764562485.062326,kem_handshake,0.000019876|0.000015799|0.000034103,0.00,0.00,42934272,42934272,768,768,1536
4658,1764562485.0634122,kem_handshake,0.000019166|0.000015929|0.000032531,0.00,0.00,42934272,42934272,768,768,1536
4659,1764562485.0645428,kem_handshake,0.000019756|0.000015839|0.000033512,0.00,0.00,42934272,42934272,768,768,1536
4660,1764562485.0656862,kem_handshake,0.000022622|0.000016771|0.000036046,0.00,0.00,42934272,42934272,768,768,1536
4661,1764562485.0668802,kem_handshake,0.000019796|0.000016540|0.000034775,0.00,0.00,42934272,42934272,768,768,1536
4662,1764562485.067971,kem_handshake,0.000019767|0.000016270|0.000033712,0.00,0.00,42934272,42934272,768,768,1536
4663,1764562485.0690238,kem_handshake,0.000019045|0.000015459|0.000033242,0.00,0.00,42934272,42934272,768,768,1536
4664,1764562485.0700808,kem_handshake,0.000018854|0.000015428|0.000033221,0.00,0.00,42934272,42934272,768,768,1536
4665,1764562485.0711606,kem_handshake,0.000018955|0.000015959|0.000061914,0.00,0.00,42934272,42934272,768,768,1536
4666,1764562485.0722287,kem_handshake,0.000019526|0.000016250|0.000033122,0.00,0.00,42934272,42934272,768,768,1536
4667,1764562485.0733793,kem_handshake,0.000019055|0.000015880|0.000033823,0.00,0.00,42934272,42934272,768,768,1536
4668,1764562485.074506,kem_handshake,0.000018865|0.000015870|0.000033161,0.00,0.00,42934272,42934272,768,768,1536
4669,1764562485.0756435,kem_handshake,0.000018985|0.000015589|0.000033823,0.00,0.00,42934272,42934272,768,768,1536
4670,1764562485.0772748,kem_handshake,0.000049953|0.000024485|0.000046426,0.00,0.00,42942464,42942464,768,768,1536
4671,1764562485.0788825,kem_handshake,0.000023353|0.000017683|0.000042889,0.00,0.00,42942464,42942464,768,768,1536
4672,1764562485.0800586,kem_handshake,0.000026529|0.000017071|0.000033793,0.00,0.00,42942464,42942464,768,768,1536
4673,1764562485.0813954,kem_handshake,0.000026148|0.000018555|0.000036958,0.00,0.00,42942464,42942464,768,768,1536
4674,1764562485.083356,kem_handshake,0.000069699|0.000042489|0.000087311,0.00,0.00,42934272,42934272,768,768,1536
4675,1764562485.085265,kem_handshake,0.000029825|0.000019075|0.000043490,0.00,0.00,42934272,42934272,768,768,1536
4676,1764562485.0864203,kem_handshake,0.000022211|0.000017101|0.000035425,0.00,0.00,42934272,42934272,768,768,1536
4677,1764562485.0874882,kem_handshake,0.000018995|0.000015969|0.000033341,0.00,0.00,42934272,42934272,768,768,1536
4678,1764562485.088621,kem_handshake,0.000019055|0.000015809|0.000033803,0.00,0.00,42934272,42934272,768,768,1536
4679,1764562485.0901568,kem_handshake,0.000048459|0.000029375|0.000064449,0.00,0.00,42934272,42934272,768,768,1536
4680,1764562485.092026,kem_handshake,0.000041757|0.000021890|0.000059460,0.00,0.00,42934272,42934272,768,768,1536
4681,1764562485.0937276,kem_handshake,0.000044853|0.000034414|0.000069468,0.00,0.00,42934272,42934272,768,768,1536
4682,1764562485.0948958,kem_handshake,0.000020217|0.000016631|0.000034023,0.00,0.00,42934272,42934272,768,768,1536
4683,1764562485.096002,kem_handshake,0.000019857|0.000016110|0.000032991,0.00,0.00,42934272,42934272,768,768,1536
4684,1764562485.0971937,kem_handshake,0.000021961|0.000017382|0.000036578,0.00,0.00,42934272,42934272,768,768,1536
4685,1764562485.0987184,kem_handshake,0.000025968|0.000016701|0.000038260,0.00,0.00,42934272,42934272,768,768,1536
4686,1764562485.10005,kem_handshake,0.000020749|0.000016951|0.000042037,0.00,0.00,42934272,42934272,768,768,1536
4687,1764562485.1012561,kem_handshake,0.000025788|0.000021329|0.000041076,0.00,0.00,42934272,42934272,768,768,1536
4688,1764562485.102474,kem_handshake,0.000022021|0.000016160|0.000034734,0.00,0.00,42934272,42934272,768,768,1536
4689,1764562485.1045866,kem_handshake,0.000099093|0.000051345|0.000069167,0.00,0.00,42942464,42942464,768,768,1536
4690,1764562485.1065006,kem_handshake,0.000055443|0.000030928|0.000052888,0.00,0.00,42942464,42942464,768,768,1536
4691,1764562485.1078224,kem_handshake,0.000037589|0.000020307|0.000042769,0.00,0.00,42942464,42942464,768,768,1536
4692,1764562485.109036,kem_handshake,0.000024115|0.000018895|0.000035976,0.00,0.00,42942464,42942464,768,768,1536
4693,1764562485.1101904,kem_handshake,0.000020418|0.000016460|0.000033582,0.00,0.00,42942464,42942464,768,768,1536
4694,1764562485.1119545,kem_handshake,0.000080789|0.000038592|0.000068487,0.00,0.00,42934272,42934272,768,768,1536
4695,1764562485.1133335,kem_handshake,0.000025647|0.000018454|0.000035886,0.00,0.00,42934272,42934272,768,768,1536
4696,1764562485.114581,kem_handshake,0.000022962|0.000017242|0.000035345,0.00,0.00,42934272,42934272,768,768,1536
4697,1764562485.1158538,kem_handshake,0.000020538|0.000016630|0.000042358,0.00,0.00,42934272,42934272,768,768,1536
4698,1764562485.1169977,kem_handshake,0.000019867|0.000016170|0.000033612,0.00,0.00,42934272,42934272,768,768,1536
4699,1764562485.1180732,kem_handshake,0.000019125|0.000015799|0.000033682,0.00,0.00,42934272,42934272,768,768,1536
4700,1764562485.1191585,kem_handshake,0.000019115|0.000015749|0.000033862,0.00,0.00,42934272,42934272,768,768,1536
4701,1764562485.120347,kem_handshake,0.000023203|0.000016660|0.000052286,0.00,0.00,42934272,42934272,768,768,1536
4702,1764562485.1215634,kem_handshake,0.000019947|0.000015849|0.000033342,0.00,0.00,42934272,42934272,768,768,1536
4703,1764562485.1229424,kem_handshake,0.000028934|0.000019185|0.000039342,0.00,0.00,42934272,42934272,768,768,1536
4704,1764562485.1248903,kem_handshake,0.000073877|0.000039323|0.000086850,0.00,0.00,42942464,42942464,768,768,1536
4705,1764562485.1266966,kem_handshake,0.000041005|0.000023303|0.000044302,0.00,0.00,42942464,42942464,768,768,1536
4706,1764562485.128208,kem_handshake,0.000036307|0.000021210|0.000041437,0.00,0.00,42942464,42942464,768,768,1536
4707,1764562485.1305866,kem_handshake,0.000034113|0.000018704|0.000045794,0.00,0.00,42942464,42942464,768,768,1536
4708,1764562485.1318858,kem_handshake,0.000023334|0.000017993|0.000035205,0.00,0.00,42942464,42942464,768,768,1536
4709,1764562485.1330433,kem_handshake,0.000020678|0.000016550|0.000033021,0.00,0.00,42942464,42942464,768,768,1536
4710,1764562485.134906,kem_handshake,0.000105846|0.000045694|0.000096428,0.00,0.00,42934272,42934272,768,768,1536
4711,1764562485.1367576,kem_handshake,0.000043149|0.000024215|0.000049621,0.00,0.00,42934272,42934272,768,768,1536
4712,1764562485.1394525,kem_handshake,0.000061123|0.000028001|0.000074207,0.00,0.00,42934272,42934272,768,768,1536
4713,1764562485.1409535,kem_handshake,0.000029274|0.000018464|0.000039463,0.00,0.00,42934272,42934272,768,768,1536
4714,1764562485.1420846,kem_handshake,0.000021109|0.000015729|0.000034604,0.00,0.00,42934272,42934272,768,768,1536
4715,1764562485.1432118,kem_handshake,0.000019546|0.000015899|0.000033682,0.00,0.00,42934272,42934272,768,768,1536
4716,1764562485.1443932,kem_handshake,0.000026118|0.000019275|0.000042649,0.00,0.00,42934272,42934272,768,768,1536
4717,1764562485.1460798,kem_handshake,0.000091178|0.000027571|0.000064008,0.00,0.00,42934272,42934272,768,768,1536
4718,1764562485.1482165,kem_handshake,0.000046276|0.000026860|0.000064289,0.00,0.00,42934272,42934272,768,768,1536
4719,1764562485.15052,kem_handshake,0.000034684|0.000028553|0.000079097,0.00,0.00,42934272,42934272,768,768,1536
4720,1764562485.1523435,kem_handshake,0.000084466|0.000025748|0.000043089,0.00,0.00,42934272,42934272,768,768,1536
4721,1764562485.1540256,kem_handshake,0.000050524|0.000025587|0.000060221,0.00,0.00,42934272,42934272,768,768,1536
4722,1764562485.1559672,kem_handshake,0.000046115|0.000033522|0.000063438,0.00,0.00,42934272,42934272,768,768,1536
4723,1764562485.1585643,kem_handshake,0.000052578|0.000033281|0.000071432,0.00,0.00,42942464,42942464,768,768,1536
4724,1764562485.1611078,kem_handshake,0.000056375|0.000025006|0.000044842,0.00,0.00,42934272,42934272,768,768,1536
4725,1764562485.1632156,kem_handshake,0.000066012|0.000041095|0.000088604,0.00,0.00,42942464,42942464,768,768,1536
4726,1764562485.165591,kem_handshake,0.000093913|0.000036177|0.000104012,0.00,0.00,42942464,42942464,768,768,1536
4727,1764562485.1674197,kem_handshake,0.000055502|0.000030747|0.000074087,0.00,0.00,42942464,42942464,768,768,1536
4728,1764562485.1690912,kem_handshake,0.000031579|0.000019326|0.000046967,0.00,0.00,42942464,42942464,768,768,1536
4729,1764562485.17034,kem_handshake,0.000020127|0.000016341|0.000033782,0.00,0.00,42942464,42942464,768,768,1536
4730,1764562485.1715064,kem_handshake,0.000022952|0.000019395|0.000036347,0.00,0.00,42942464,42942464,768,768,1536
4731,1764562485.1728396,kem_handshake,0.000028052|0.000022001|0.000048881,0.00,0.00,42942464,42942464,768,768,1536
4732,1764562485.175238,kem_handshake,0.000096698|0.000033862|0.000096378,0.00,0.00,42934272,42934272,768,768,1536
4733,1764562485.177739,kem_handshake,0.000061804|0.000023654|0.000060521,0.00,7481.80,42934272,42934272,768,768,1536
4734,1764562485.1793349,kem_handshake,0.000035375|0.000020178|0.000040855,0.00,0.00,42934272,42934272,768,768,1536
4735,1764562485.180849,kem_handshake,0.000034213|0.000020197|0.000043971,0.00,0.00,42934272,42934272,768,768,1536
4736,1764562485.1823826,kem_handshake,0.000034353|0.000021139|0.000048519,0.00,0.00,42934272,42934272,768,768,1536
4737,1764562485.1839027,kem_handshake,0.000021099|0.000015739|0.000045283,0.00,0.00,42934272,42934272,768,768,1536
4738,1764562485.185014,kem_handshake,0.000020949|0.000016460|0.000034443,0.00,0.00,42934272,42934272,768,768,1536
4739,1764562485.1863563,kem_handshake,0.000026619|0.000018524|0.000039813,0.00,0.00,42934272,42934272,768,768,1536
4740,1764562485.1876588,kem_handshake,0.000026098|0.000017883|0.000043360,0.00,0.00,42934272,42934272,768,768,1536
4741,1764562485.1897044,kem_handshake,0.000095306|0.000039853|0.000079026,0.00,0.00,42942464,42942464,768,768,1536
4742,1764562485.191521,kem_handshake,0.000043320|0.000023032|0.000050703,0.00,0.00,42942464,42942464,768,768,1536
4743,1764562485.1927345,kem_handshake,0.000019877|0.000015919|0.000033993,0.00,0.00,42942464,42942464,768,768,1536
4744,1764562485.1938598,kem_handshake,0.000018745|0.000015709|0.000042439,0.00,0.00,42942464,42942464,768,768,1536
4745,1764562485.195194,kem_handshake,0.000020388|0.000068827|0.000073546,0.00,0.00,42942464,42942464,768,768,1536
4746,1764562485.196521,kem_handshake,0.000021300|0.000017452|0.000035656,0.00,0.00,42942464,42942464,768,768,1536
4747,1764562485.1977465,kem_handshake,0.000027310|0.000019907|0.000043270,0.00,0.00,42942464,42942464,768,768,1536
4748,1764562485.1991599,kem_handshake,0.000022592|0.000017753|0.000036127,0.00,0.00,42942464,42942464,768,768,1536
4749,1764562485.2002692,kem_handshake,0.000019396|0.000015869|0.000032740,0.00,0.00,42942464,42942464,768,768,1536
4750,1764562485.2014217,kem_handshake,0.000018585|0.000015388|0.000033151,0.00,15030.40,42942464,42942464,768,768,1536
4751,1764562485.202617,kem_handshake,0.000020197|0.000016591|0.000034404,0.00,0.00,42942464,42942464,768,768,1536
4752,1764562485.20416,kem_handshake,0.000068677|0.000029866|0.000057286,0.00,0.00,42934272,42934272,768,768,1536
4753,1764562485.205494,kem_handshake,0.000028914|0.000019216|0.000038140,0.00,0.00,42934272,42934272,768,768,1536
4754,1764562485.2067993,kem_handshake,0.000032881|0.000020819|0.000052076,0.00,0.00,42934272,42934272,768,768,1536
4755,1764562485.208111,kem_handshake,0.000021670|0.000016610|0.000036137,0.00,0.00,42934272,42934272,768,768,1536
4756,1764562485.2092462,kem_handshake,0.000020027|0.000016701|0.000034604,0.00,0.00,42934272,42934272,768,768,1536
4757,1764562485.2104826,kem_handshake,0.000021329|0.000017513|0.000036328,0.00,0.00,42934272,42934272,768,768,1536
4758,1764562485.2116504,kem_handshake,0.000020578|0.000017102|0.000035305,0.00,0.00,42934272,42934272,768,768,1536
4759,1764562485.2135687,kem_handshake,0.000097781|0.000048400|0.000094054,0.00,0.00,42942464,42942464,768,768,1536
4760,1764562485.2153146,kem_handshake,0.000041066|0.000023393|0.000045935,0.00,0.00,42942464,42942464,768,768,1536
4761,1764562485.2166662,kem_handshake,0.000024655|0.000018283|0.000037409,0.00,0.00,42942464,42942464,768,768,1536
4762,1764562485.2178452,kem_handshake,0.000020337|0.000017643|0.000035015,0.00,0.00,42942464,42942464,768,768,1536
4763,1764562485.219015,kem_handshake,0.000020278|0.000016831|0.000036006,0.00,0.00,42942464,42942464,768,768,1536
4764,1764562485.220174,kem_handshake,0.000019226|0.000016420|0.000035285,0.00,0.00,42942464,42942464,768,768,1536
4765,1764562485.2218635,kem_handshake,0.000053589|0.000037840|0.000077353,0.00,0.00,42934272,42934272,768,768,1536
4766,1764562485.2233186,kem_handshake,0.000027671|0.000018935|0.000037790,0.00,0.00,42934272,42934272,768,768,1536
4767,1764562485.2248676,kem_handshake,0.000054110|0.000037690|0.000094024,0.00,0.00,42942464,42942464,768,768,1536
4768,1764562485.2262473,kem_handshake,0.000023132|0.000018283|0.000038381,0.00,0.00,42942464,42942464,768,768,1536
4769,1764562485.2274435,kem_handshake,0.000020408|0.000017001|0.000035957,0.00,0.00,42942464,42942464,768,768,1536
4770,1764562485.2285964,kem_handshake,0.000020218|0.000017101|0.000035425,0.00,0.00,42942464,42942464,768,768,1536
4771,1764562485.2297845,kem_handshake,0.000020328|0.000017222|0.000035175,0.00,0.00,42942464,42942464,768,768,1536
4772,1764562485.2315078,kem_handshake,0.000053329|0.000037179|0.000079107,0.00,0.00,42934272,42934272,768,768,1536
4773,1764562485.2329736,kem_handshake,0.000023593|0.000016971|0.000036497,0.00,0.00,42934272,42934272,768,768,1536
4774,1764562485.234169,kem_handshake,0.000020057|0.000016781|0.000035024,0.00,0.00,42934272,42934272,768,768,1536
4775,1764562485.235324,kem_handshake,0.000020718|0.000016771|0.000035856,0.00,0.00,42934272,42934272,768,768,1536
4776,1764562485.2364943,kem_handshake,0.000020899|0.000017002|0.000035916,0.00,0.00,42934272,42934272,768,768,1536
4777,1764562485.2376254,kem_handshake,0.000020298|0.000016681|0.000035436,0.00,0.00,42934272,42934272,768,768,1536
4778,1764562485.2388022,kem_handshake,0.000020518|0.000016942|0.000036488,0.00,0.00,42934272,42934272,768,768,1536
4779,1764562485.23998,kem_handshake,0.000020337|0.000016801|0.000036908,0.00,0.00,42934272,42934272,768,768,1536
4780,1764562485.2417097,kem_handshake,0.000082232|0.000049902|0.000085949,0.00,0.00,42942464,42942464,768,768,1536
4781,1764562485.2431839,kem_handshake,0.000022131|0.000017983|0.000035575,0.00,0.00,42942464,42942464,768,768,1536
4782,1764562485.2446125,kem_handshake,0.000020518|0.000017362|0.000034534,0.00,0.00,42942464,42942464,768,768,1536
4783,1764562485.2461088,kem_handshake,0.000039393|0.000033723|0.000070460,0.00,0.00,42934272,42934272,768,768,1536
4784,1764562485.247602,kem_handshake,0.000033813|0.000023033|0.000077483,0.00,0.00,42934272,42934272,768,768,1536
4785,1764562485.249258,kem_handshake,0.000030115|0.000023013|0.000056494,0.00,0.00,42934272,42934272,768,768,1536
4786,1764562485.2506917,kem_handshake,0.000022071|0.000017081|0.000037639,0.00,0.00,42934272,42934272,768,768,1536
4787,1764562485.2519033,kem_handshake,0.000020327|0.000016431|0.000036226,0.00,0.00,42934272,42934272,768,768,1536
4788,1764562485.25308,kem_handshake,0.000020839|0.000016691|0.000036257,0.00,0.00,42934272,42934272,768,768,1536
4789,1764562485.2542274,kem_handshake,0.000019406|0.000016481|0.000035726,0.00,0.00,42934272,42934272,768,768,1536
4790,1764562485.2554443,kem_handshake,0.000024556|0.000017643|0.000047698,0.00,0.00,42934272,42934272,768,768,1536
4791,1764562485.2567797,kem_handshake,0.000023754|0.000017963|0.000043811,0.00,0.00,42934272,42934272,768,768,1536
4792,1764562485.2581034,kem_handshake,0.000023294|0.000017071|0.000042609,0.00,0.00,42934272,42934272,768,768,1536
4793,1764562485.259371,kem_handshake,0.000020127|0.000016320|0.000036637,0.00,0.00,42934272,42934272,768,768,1536
4794,1764562485.2605567,kem_handshake,0.000020247|0.000016731|0.000036157,0.00,0.00,42934272,42934272,768,768,1536
4795,1764562485.2617102,kem_handshake,0.000020258|0.000016250|0.000035435,0.00,0.00,42934272,42934272,768,768,1536
4796,1764562485.2629209,kem_handshake,0.000021550|0.000021831|0.000036207,0.00,0.00,42934272,42934272,768,768,1536
4797,1764562485.2641025,kem_handshake,0.000020338|0.000017072|0.000035796,0.00,0.00,42934272,42934272,768,768,1536
4798,1764562485.2652898,kem_handshake,0.000019897|0.000016651|0.000035767,0.00,0.00,42934272,42934272,768,768,1536
4799,1764562485.2674084,kem_handshake,0.000095246|0.000051986|0.000094936,0.00,4185.80,42942464,42942464,768,768,1536
4800,1764562485.2694814,kem_handshake,0.000022090|0.000017732|0.000035736,0.00,0.00,42942464,42942464,768,768,1536
4801,1764562485.2707174,kem_handshake,0.000021289|0.000016942|0.000035807,0.00,0.00,42942464,42942464,768,768,1536
4802,1764562485.2719293,kem_handshake,0.000020929|0.000021029|0.000034914,0.00,0.00,42942464,42942464,768,768,1536
4803,1764562485.2731876,kem_handshake,0.000020939|0.000017512|0.000036638,0.00,0.00,42942464,42942464,768,768,1536
4804,1764562485.2743795,kem_handshake,0.000020348|0.000017372|0.000034875,0.00,0.00,42942464,42942464,768,768,1536
4805,1764562485.2755568,kem_handshake,0.000020718|0.000017473|0.000035696,0.00,0.00,42942464,42942464,768,768,1536
4806,1764562485.276707,kem_handshake,0.000019797|0.000017002|0.000035325,0.00,0.00,42942464,42942464,768,768,1536
4807,1764562485.277863,kem_handshake,0.000019577|0.000016390|0.000042779,0.00,0.00,42942464,42942464,768,768,1536
4808,1764562485.2791214,kem_handshake,0.000021039|0.000017112|0.000035476,0.00,0.00,42942464,42942464,768,768,1536
4809,1764562485.2805288,kem_handshake,0.000026289|0.000018995|0.000038551,0.00,0.00,42942464,42942464,768,768,1536
4810,1764562485.2817686,kem_handshake,0.000021409|0.000016891|0.000036517,0.00,0.00,42942464,42942464,768,768,1536
4811,1764562485.2829504,kem_handshake,0.000026008|0.000016981|0.000035114,0.00,0.00,42942464,42942464,768,768,1536
4812,1764562485.2840862,kem_handshake,0.000019627|0.000016861|0.000035065,0.00,0.00,42942464,42942464,768,768,1536
4813,1764562485.2852354,kem_handshake,0.000020278|0.000016781|0.000035245,0.00,0.00,42942464,42942464,768,768,1536
4814,1764562485.2870588,kem_handshake,0.000065181|0.000038692|0.000044482,0.00,0.00,42934272,42934272,768,768,1536
4815,1764562485.2886968,kem_handshake,0.000048029|0.000036899|0.000073405,0.00,0.00,42942464,42942464,768,768,1536
4816,1764562485.2900586,kem_handshake,0.000021049|0.000017362|0.000035245,0.00,0.00,42942464,42942464,768,768,1536
4817,1764562485.2912674,kem_handshake,0.000020768|0.000016892|0.000035546,0.00,0.00,42942464,42942464,768,768,1536
4818,1764562485.2926037,kem_handshake,0.000022000|0.000018054|0.000040495,0.00,0.00,42942464,42942464,768,768,1536
4819,1764562485.2937791,kem_handshake,0.000020067|0.000016540|0.000035014,0.00,0.00,42942464,42942464,768,768,1536
4820,1764562485.2950451,kem_handshake,0.000027010|0.000021069|0.000039172,0.00,0.00,42942464,42942464,768,768,1536
4821,1764562485.2962499,kem_handshake,0.000021600|0.000018213|0.000036458,0.00,0.00,42942464,42942464,768,768,1536
4822,1764562485.2974548,kem_handshake,0.000021450|0.000017502|0.000040375,0.00,0.00,42942464,42942464,768,768,1536
4823,1764562485.2986507,kem_handshake,0.000019977|0.000017533|0.000035385,0.00,0.00,42942464,42942464,768,768,1536
4824,1764562485.2998624,kem_handshake,0.000024345|0.000020598|0.000046606,0.00,0.00,42942464,42942464,768,768,1536
4825,1764562485.3010473,kem_handshake,0.000019696|0.000016440|0.000035836,0.00,0.00,42942464,42942464,768,768,1536
4826,1764562485.30231,kem_handshake,0.000019245|0.000016390|0.000034674,0.00,0.00,42942464,42942464,768,768,1536
4827,1764562485.3036056,kem_handshake,0.000072003|0.000023955|0.000035426,0.00,0.00,42942464,42942464,768,768,1536
4828,1764562485.3047857,kem_handshake,0.000020297|0.000016941|0.000035746,0.00,0.00,42942464,42942464,768,768,1536
4829,1764562485.3061244,kem_handshake,0.000028883|0.000019406|0.000043561,0.00,0.00,42942464,42942464,768,768,1536
4830,1764562485.3076258,kem_handshake,0.000029535|0.000019777|0.000046415,0.00,0.00,42942464,42942464,768,768,1536
4831,1764562485.309056,kem_handshake,0.000029384|0.000018995|0.000040845,0.00,0.00,42942464,42942464,768,768,1536
4832,1764562485.3106997,kem_handshake,0.000035105|0.000021751|0.000061273,0.00,0.00,42942464,42942464,768,768,1536
4833,1764562485.3120625,kem_handshake,0.000025978|0.000017693|0.000040635,0.00,0.00,42942464,42942464,768,768,1536
4834,1764562485.3140526,kem_handshake,0.000040224|0.000026880|0.000070661,0.00,0.00,42942464,42942464,768,768,1536
4835,1764562485.3163848,kem_handshake,0.000048630|0.000024826|0.000059359,0.00,0.00,42942464,42942464,768,768,1536
4836,1764562485.3184764,kem_handshake,0.000036838|0.000022211|0.000047768,0.00,0.00,42942464,42942464,768,768,1536
4837,1764562485.3201442,kem_handshake,0.000039603|0.000024165|0.000055042,0.00,0.00,42942464,42942464,768,768,1536
4838,1764562485.322283,kem_handshake,0.000038411|0.000021039|0.000074257,0.00,0.00,42942464,42942464,768,768,1536
4839,1764562485.3239317,kem_handshake,0.000028363|0.000017973|0.000046877,0.00,0.00,42942464,42942464,768,768,1536
4840,1764562485.3251822,kem_handshake,0.000023814|0.000017703|0.000039543,0.00,0.00,42942464,42942464,768,768,1536
4841,1764562485.3273404,kem_handshake,0.000033682|0.000021670|0.000050113,0.00,0.00,42942464,42942464,768,768,1536
4842,1764562485.3289943,kem_handshake,0.000045003|0.000022852|0.000067996,0.00,0.00,42942464,42942464,768,768,1536
4843,1764562485.33118,kem_handshake,0.000056694|0.000029996|0.000087802,0.00,0.00,42942464,42942464,768,768,1536
4844,1764562485.3331418,kem_handshake,0.000043260|0.000025327|0.000046756,0.00,0.00,42942464,42942464,768,768,1536
4845,1764562485.3350677,kem_handshake,0.000040905|0.000026990|0.000075199,0.00,0.00,42942464,42942464,768,768,1536
4846,1764562485.3366446,kem_handshake,0.000026799|0.000019216|0.000051475,0.00,0.00,42942464,42942464,768,768,1536
4847,1764562485.3388813,kem_handshake,0.000080859|0.000035956|0.000077984,0.00,0.00,42934272,42934272,768,768,1536
4848,1764562485.340743,kem_handshake,0.000030697|0.000020528|0.000040995,0.00,0.00,42934272,42934272,768,768,1536
4849,1764562485.3421242,kem_handshake,0.000024765|0.000018544|0.000037208,0.00,0.00,42934272,42934272,768,768,1536
4850,1764562485.3435848,kem_handshake,0.000033322|0.000020538|0.000045925,0.00,0.00,42934272,42934272,768,768,1536
4851,1764562485.3450801,kem_handshake,0.000034243|0.000020869|0.000043871,0.00,0.00,42934272,42934272,768,768,1536
4852,1764562485.347885,kem_handshake,0.000096859|0.000052146|0.000144066,0.00,0.00,42934272,42934272,768,768,1536
4853,1764562485.351077,kem_handshake,0.000077584|0.000052246|0.000122185,0.00,0.00,42934272,42934272,768,768,1536
4854,1764562485.354737,kem_handshake,0.000136052|0.000044102|0.000147402,0.00,0.00,42934272,42934272,768,768,1536
4855,1764562485.3581746,kem_handshake,0.000083424|0.000036939|0.000119411,0.00,0.00,42934272,42934272,768,768,1536
4856,1764562485.3604236,kem_handshake,0.000034614|0.000024045|0.000053779,0.00,0.00,42934272,42934272,768,768,1536
4857,1764562485.3618286,kem_handshake,0.000033292|0.000022391|0.000047568,0.00,0.00,42934272,42934272,768,768,1536
4858,1764562485.363965,kem_handshake,0.000047357|0.000025838|0.000063748,0.00,0.00,42934272,42934272,768,768,1536
4859,1764562485.3661542,kem_handshake,0.000059440|0.000033141|0.000089535,0.00,0.00,42934272,42934272,768,768,1536
4860,1764562485.3682091,kem_handshake,0.000042569|0.000027791|0.000055532,0.00,0.00,42934272,42934272,768,768,1536
4861,1764562485.3708565,kem_handshake,0.000109523|0.000054621|0.000107539,0.00,0.00,42942464,42942464,768,768,1536
4862,1764562485.3729432,kem_handshake,0.000051665|0.000023593|0.000056805,0.00,0.00,42942464,42942464,768,768,1536
4863,1764562485.374282,kem_handshake,0.000027080|0.000018674|0.000042669,0.00,0.00,42942464,42942464,768,768,1536
4864,1764562485.3757656,kem_handshake,0.000024826|0.000019997|0.000046546,0.00,0.00,42942464,42942464,768,768,1536
4865,1764562485.37742,kem_handshake,0.000030997|0.000020148|0.000054100,0.00,0.00,42942464,42942464,768,768,1536
4866,1764562485.3802009,kem_handshake,0.000051375|0.000030707|0.000086901,0.00,0.00,42942464,42942464,768,768,1536
4867,1764562485.381894,kem_handshake,0.000039774|0.000023834|0.000072604,0.00,0.00,42942464,42942464,768,768,1536
4868,1764562485.3833637,kem_handshake,0.000035285|0.000024865|0.000043050,0.00,0.00,42942464,42942464,768,768,1536
4869,1764562485.385132,kem_handshake,0.000030857|0.000021820|0.000045154,0.00,0.00,42942464,42942464,768,768,1536
4870,1764562485.3873305,kem_handshake,0.000068617|0.000036207|0.000128989,0.00,0.00,42934272,42934272,768,768,1536
4871,1764562485.3899882,kem_handshake,0.000115714|0.000051555|0.000157080,0.00,0.00,42934272,42934272,768,768,1536
4872,1764562485.3928175,kem_handshake,0.000054951|0.000031458|0.000105134,0.00,0.00,42934272,42934272,768,768,1536
4873,1764562485.3951635,kem_handshake,0.000069869|0.000036958|0.000110434,0.00,0.00,42934272,42934272,768,768,1536
4874,1764562485.3973851,kem_handshake,0.000066723|0.000035225|0.000099574,0.00,0.00,42934272,42934272,768,768,1536
4875,1764562485.3992064,kem_handshake,0.000040565|0.000027691|0.000069268,0.00,0.00,42934272,42934272,768,768,1536
4876,1764562485.401469,kem_handshake,0.000106667|0.000054020|0.000111346,0.00,0.00,42942464,42942464,768,768,1536
4877,1764562485.4045606,kem_handshake,0.000102880|0.000042328|0.000125682,0.00,0.00,42934272,42934272,768,768,1536
4878,1764562485.4075723,kem_handshake,0.000069238|0.000033041|0.000094384,0.00,0.00,42934272,42934272,768,768,1536
4879,1764562485.409796,kem_handshake,0.000036117|0.000022551|0.000046707,0.00,0.00,42934272,42934272,768,768,1536
4880,1764562485.413035,kem_handshake,0.000073446|0.000042509|0.000122055,0.00,0.00,42934272,42934272,768,768,1536
4881,1764562485.4152167,kem_handshake,0.000039142|0.000025117|0.000063808,0.00,0.00,42934272,42934272,768,768,1536
4882,1764562485.4166365,kem_handshake,0.000023583|0.000018354|0.000037159,0.00,0.00,42934272,42934272,768,768,1536
4883,1764562485.4179926,kem_handshake,0.000027952|0.000020518|0.000046146,0.00,0.00,42934272,42934272,768,768,1536
4884,1764562485.4194906,kem_handshake,0.000028873|0.000020308|0.000045314,0.00,0.00,42934272,42934272,768,768,1536
4885,1764562485.4209623,kem_handshake,0.000031078|0.000018724|0.000042408,0.00,0.00,42934272,42934272,768,768,1536
4886,1764562485.4227984,kem_handshake,0.000048580|0.000029795|0.000063968,0.00,0.00,42934272,42934272,768,768,1536
4887,1764562485.4245465,kem_handshake,0.000027931|0.000018654|0.000040074,0.00,0.00,42934272,42934272,768,768,1536
4888,1764562485.4259508,kem_handshake,0.000027371|0.000024846|0.000041957,0.00,0.00,42934272,42934272,768,768,1536
4889,1764562485.4276404,kem_handshake,0.000060732|0.000019246|0.000043300,0.00,0.00,42934272,42934272,768,768,1536
4890,1764562485.4292753,kem_handshake,0.000042118|0.000021460|0.000056184,0.00,0.00,42934272,42934272,768,768,1536
4891,1764562485.4308026,kem_handshake,0.000031679|0.000020017|0.000052457,0.00,0.00,42934272,42934272,768,768,1536
4892,1764562485.4321642,kem_handshake,0.000021710|0.000017312|0.000040786,0.00,0.00,42934272,42934272,768,768,1536
4893,1764562485.4341578,kem_handshake,0.000078234|0.000034023|0.000065440,0.00,0.00,42942464,42942464,768,768,1536
4894,1764562485.4358404,kem_handshake,0.000034694|0.000022652|0.000047387,0.00,0.00,42934272,42934272,768,768,1536
4895,1764562485.4378943,kem_handshake,0.000062115|0.000033282|0.000088694,0.00,0.00,42934272,42934272,768,768,1536
4896,1764562485.439543,kem_handshake,0.000026218|0.000018734|0.000039744,0.00,0.00,42934272,42934272,768,768,1536
4897,1764562485.4409387,kem_handshake,0.000029174|0.000023714|0.000040986,0.00,0.00,42934272,42934272,768,768,1536
4898,1764562485.4428613,kem_handshake,0.000041337|0.000026870|0.000066783,0.00,0.00,42934272,42934272,768,768,1536
4899,1764562485.444621,kem_handshake,0.000027160|0.000018674|0.000043190,0.00,0.00,42934272,42934272,768,768,1536
4900,1764562485.446222,kem_handshake,0.000028332|0.000019275|0.000040174,0.00,0.00,42934272,42934272,768,768,1536
4901,1764562485.4476771,kem_handshake,0.000072063|0.000029054|0.000045534,0.00,0.00,42934272,42934272,768,768,1536
4902,1764562485.4492562,kem_handshake,0.000035356|0.000019856|0.000055342,0.00,0.00,42934272,42934272,768,768,1536
4903,1764562485.4510808,kem_handshake,0.000045745|0.000028613|0.000073596,0.00,0.00,42934272,42934272,768,768,1536
4904,1764562485.4538674,kem_handshake,0.000068957|0.000035586|0.000106096,0.00,0.00,42942464,42942464,768,768,1536
4905,1764562485.4564102,kem_handshake,0.000064620|0.000030106|0.000089084,0.00,0.00,42942464,42942464,768,768,1536
4906,1764562485.4584389,kem_handshake,0.000063837|0.000028292|0.000093663,0.00,0.00,42942464,42942464,768,768,1536
4907,1764562485.460032,kem_handshake,0.000031027|0.000018865|0.000042628,0.00,0.00,42942464,42942464,768,768,1536
4908,1764562485.4616296,kem_handshake,0.000033362|0.000019686|0.000044944,0.00,0.00,42942464,42942464,768,768,1536
4909,1764562485.4633899,kem_handshake,0.000035906|0.000020579|0.000045253,0.00,0.00,42942464,42942464,768,768,1536
4910,1764562485.465285,kem_handshake,0.000036878|0.000022261|0.000059620,0.00,0.00,42942464,42942464,768,768,1536
4911,1764562485.4669745,kem_handshake,0.000039974|0.000020618|0.000054461,0.00,0.00,42942464,42942464,768,768,1536
4912,1764562485.4682937,kem_handshake,0.000021229|0.000016341|0.000037840,0.00,0.00,42942464,42942464,768,768,1536
4913,1764562485.4700468,kem_handshake,0.000068476|0.000047928|0.000082783,0.00,0.00,42934272,42934272,768,768,1536
4914,1764562485.4722383,kem_handshake,0.000042057|0.000024606|0.000054530,0.00,0.00,42934272,42934272,768,768,1536
4915,1764562485.4736855,kem_handshake,0.000028172|0.000017402|0.000042268,0.00,0.00,42934272,42934272,768,768,1536
4916,1764562485.474845,kem_handshake,0.000019817|0.000015669|0.000034915,0.00,0.00,42934272,42934272,768,768,1536
4917,1764562485.4759529,kem_handshake,0.000019586|0.000016240|0.000033132,0.00,0.00,42934272,42934272,768,768,1536
4918,1764562485.4773557,kem_handshake,0.000031609|0.000018935|0.000046286,0.00,0.00,42934272,42934272,768,768,1536
4919,1764562485.4796882,kem_handshake,0.000099995|0.000047157|0.000123288,0.00,0.00,42934272,42934272,768,768,1536
4920,1764562485.4823537,kem_handshake,0.000069719|0.000031679|0.000092190,0.00,0.00,42934272,42934272,768,768,1536
4921,1764562485.4840565,kem_handshake,0.000042789|0.000020417|0.000054170,0.00,0.00,42934272,42934272,768,768,1536
4922,1764562485.4857893,kem_handshake,0.000035125|0.000020188|0.000048119,0.00,0.00,42934272,42934272,768,768,1536
4923,1764562485.487978,kem_handshake,0.000097099|0.000038421|0.000086811,0.00,0.00,42942464,42942464,768,768,1536
4924,1764562485.4903872,kem_handshake,0.000042849|0.000022602|0.000048008,0.00,0.00,42942464,42942464,768,768,1536
4925,1764562485.4915566,kem_handshake,0.000021840|0.000016661|0.000034885,0.00,0.00,42942464,42942464,768,768,1536
4926,1764562485.4927459,kem_handshake,0.000019957|0.000015809|0.000034374,0.00,0.00,42942464,42942464,768,768,1536
4927,1764562485.4938538,kem_handshake,0.000019226|0.000016070|0.000037740,0.00,0.00,42942464,42942464,768,768,1536
4928,1764562485.495044,kem_handshake,0.000026359|0.000017933|0.000037740,0.00,0.00,42942464,42942464,768,768,1536
4929,1764562485.496456,kem_handshake,0.000028964|0.000017783|0.000045444,0.00,0.00,42942464,42942464,768,768,1536
4930,1764562485.4977713,kem_handshake,0.000028913|0.000018745|0.000045605,0.00,0.00,42942464,42942464,768,768,1536
4931,1764562485.4993181,kem_handshake,0.000038191|0.000019546|0.000054901,0.00,0.00,42942464,42942464,768,768,1536
4932,1764562485.5008435,kem_handshake,0.000032991|0.000020137|0.000040595,0.00,0.00,42942464,42942464,768,768,1536
4933,1764562485.502167,kem_handshake,0.000033773|0.000020247|0.000041356,0.00,0.00,42942464,42942464,768,768,1536
4934,1764562485.504246,kem_handshake,0.000051225|0.000028924|0.000103922,0.00,0.00,42942464,42942464,768,768,1536
4935,1764562485.5059612,kem_handshake,0.000041687|0.000028472|0.000055141,0.00,0.00,42942464,42942464,768,768,1536
4936,1764562485.507273,kem_handshake,0.000026710|0.000016580|0.000035556,0.00,0.00,42942464,42942464,768,768,1536
4937,1764562485.5095592,kem_handshake,0.000060872|0.000031418|0.000070380,0.00,0.00,42934272,42934272,768,768,1536
4938,1764562485.5116026,kem_handshake,0.000041517|0.000024786|0.000058298,0.00,0.00,42934272,42934272,768,768,1536
4939,1764562485.513244,kem_handshake,0.000045394|0.000026268|0.000070089,0.00,0.00,42934272,42934272,768,768,1536
4940,1764562485.5150344,kem_handshake,0.000078816|0.000031018|0.000059711,0.00,0.00,42942464,42942464,768,768,1536
4941,1764562485.5162675,kem_handshake,0.000022361|0.000017363|0.000034003,0.00,0.00,42942464,42942464,768,768,1536
4942,1764562485.5179074,kem_handshake,0.000087852|0.000042799|0.000141451,0.00,0.00,42934272,42934272,768,768,1536
4943,1764562485.5202107,kem_handshake,0.000051505|0.000029314|0.000075219,0.00,0.00,42934272,42934272,768,768,1536
4944,1764562485.5226593,kem_handshake,0.000064159|0.000030336|0.000097510,0.00,0.00,42934272,42934272,768,768,1536
4945,1764562485.5247805,kem_handshake,0.000029264|0.000019005|0.000039534,0.00,0.00,42934272,42934272,768,768,1536
4946,1764562485.527002,kem_handshake,0.000042118|0.000032420|0.000085067,0.00,0.00,42934272,42934272,768,768,1536
4947,1764562485.5286021,kem_handshake,0.000026269|0.000022722|0.000049621,0.00,0.00,42934272,42934272,768,768,1536
4948,1764562485.5308168,kem_handshake,0.000097340|0.000042429|0.000076812,0.00,0.00,42942464,42942464,768,768,1536
4949,1764562485.532342,kem_handshake,0.000027261|0.000019686|0.000036638,0.00,0.00,42942464,42942464,768,768,1536
4950,1764562485.5341692,kem_handshake,0.000075980|0.000043961|0.000076230,0.00,0.00,42934272,42934272,768,768,1536
4951,1764562485.5356445,kem_handshake,0.000023253|0.000017001|0.000034113,0.00,0.00,42934272,42934272,768,768,1536
4952,1764562485.5371046,kem_handshake,0.000039553|0.000021850|0.000056644,0.00,0.00,42942464,42942464,768,768,1536
4953,1764562485.5387955,kem_handshake,0.000036458|0.000023694|0.000049141,0.00,0.00,42934272,42934272,768,768,1536
4954,1764562485.540609,kem_handshake,0.000045354|0.000022562|0.000048259,0.00,0.00,42942464,42942464,768,768,1536
4955,1764562485.5425923,kem_handshake,0.000064480|0.000027220|0.000056094,0.00,0.00,42942464,42942464,768,768,1536
4956,1764562485.5444436,kem_handshake,0.000040865|0.000022061|0.000052957,0.00,0.00,42942464,42942464,768,768,1536
4957,1764562485.5464098,kem_handshake,0.000039664|0.000020959|0.000085638,0.00,0.00,42942464,42942464,768,768,1536
4958,1764562485.548111,kem_handshake,0.000031538|0.000019696|0.000058167,0.00,0.00,42942464,42942464,768,768,1536
4959,1764562485.5495749,kem_handshake,0.000024034|0.000017963|0.000042559,0.00,0.00,42942464,42942464,768,768,1536
4960,1764562485.5510178,kem_handshake,0.000033341|0.000021159|0.000058468,0.00,0.00,42942464,42942464,768,768,1536
4961,1764562485.5524135,kem_handshake,0.000032550|0.000019066|0.000043550,0.00,0.00,42942464,42942464,768,768,1536
4962,1764562485.5544596,kem_handshake,0.000064279|0.000026369|0.000086349,0.00,0.00,42934272,42934272,768,768,1536
4963,1764562485.556441,kem_handshake,0.000046305|0.000026589|0.000058718,0.00,0.00,42934272,42934272,768,768,1536
4964,1764562485.557818,kem_handshake,0.000023653|0.000017342|0.000038090,0.00,0.00,42934272,42934272,768,768,1536
4965,1764562485.5595646,kem_handshake,0.000045664|0.000023503|0.000049291,0.00,0.00,42942464,42942464,768,768,1536
4966,1764562485.5611703,kem_handshake,0.000045233|0.000034834|0.000072514,0.00,0.00,42934272,42934272,768,768,1536
4967,1764562485.56292,kem_handshake,0.000042178|0.000024816|0.000095036,0.00,0.00,42934272,42934272,768,768,1536
4968,1764562485.5651107,kem_handshake,0.000052657|0.000030777|0.000078475,0.00,0.00,42934272,42934272,768,768,1536
4969,1764562485.5674381,kem_handshake,0.000053930|0.000024656|0.000051796,0.00,0.00,42942464,42942464,768,768,1536
4970,1764562485.5691288,kem_handshake,0.000040044|0.000022992|0.000049121,0.00,0.00,42934272,42934272,768,768,1536
4971,1764562485.5712159,kem_handshake,0.000104523|0.000035095|0.000103551,0.00,0.00,42934272,42934272,768,768,1536
4972,1764562485.5735352,kem_handshake,0.000055111|0.000025577|0.000075850,0.00,0.00,42934272,42934272,768,768,1536
4973,1764562485.5752988,kem_handshake,0.000029685|0.000019065|0.000042088,0.00,0.00,42934272,42934272,768,768,1536
4974,1764562485.577078,kem_handshake,0.000046216|0.000025427|0.000088583,0.00,0.00,42934272,42934272,768,768,1536
4975,1764562485.579008,kem_handshake,0.000071683|0.000035606|0.000096238,0.00,0.00,42934272,42934272,768,768,1536
4976,1764562485.5814493,kem_handshake,0.000063798|0.000041166|0.000103341,0.00,0.00,42934272,42934272,768,768,1536
4977,1764562485.5829365,kem_handshake,0.000023443|0.000022472|0.000036167,0.00,0.00,42934272,42934272,768,768,1536
4978,1764562485.5841732,kem_handshake,0.000021921|0.000017432|0.000038441,0.00,0.00,42934272,42934272,768,768,1536
4979,1764562485.5861607,kem_handshake,0.000046596|0.000024906|0.000055192,0.00,0.00,42934272,42934272,768,768,1536
4980,1764562485.5882747,kem_handshake,0.000040124|0.000023353|0.000089846,0.00,0.00,42934272,42934272,768,768,1536
4981,1764562485.590938,kem_handshake,0.000076973|0.000040134|0.000103601,0.00,0.00,42934272,42934272,768,768,1536
4982,1764562485.5930367,kem_handshake,0.000063738|0.000046486|0.000104273,0.00,0.00,42934272,42934272,768,768,1536
4983,1764562485.5951018,kem_handshake,0.000040224|0.000023253|0.000048760,0.00,0.00,42934272,42934272,768,768,1536
4984,1764562485.5964725,kem_handshake,0.000028082|0.000018845|0.000043340,0.00,0.00,42934272,42934272,768,768,1536
4985,1764562485.5977683,kem_handshake,0.000022461|0.000017272|0.000038841,0.00,0.00,42934272,42934272,768,768,1536
4986,1764562485.5991051,kem_handshake,0.000033612|0.000016952|0.000075700,0.00,0.00,42934272,42934272,768,768,1536
4987,1764562485.6005626,kem_handshake,0.000026790|0.000019566|0.000040014,0.00,0.00,42934272,42934272,768,768,1536
4988,1764562485.6020553,kem_handshake,0.000027902|0.000018655|0.000041046,0.00,0.00,42934272,42934272,768,768,1536
4989,1764562485.603898,kem_handshake,0.000046446|0.000029274|0.000066382,0.00,0.00,42934272,42934272,768,768,1536
4990,1764562485.6061423,kem_handshake,0.000044702|0.000023734|0.000086540,0.00,0.00,42934272,42934272,768,768,1536
4991,1764562485.6088781,kem_handshake,0.000074518|0.000035706|0.000118028,0.00,0.00,42934272,42934272,768,768,1536
4992,1764562485.6108856,kem_handshake,0.000037028|0.000021891|0.000062074,0.00,0.00,42934272,42934272,768,768,1536
4993,1764562485.6135652,kem_handshake,0.000104443|0.000047989|0.000082853,0.00,0.00,42942464,42942464,768,768,1536
4994,1764562485.6154757,kem_handshake,0.000038371|0.000020688|0.000043370,0.00,0.00,42942464,42942464,768,768,1536
4995,1764562485.6168804,kem_handshake,0.000025678|0.000018574|0.000060903,0.00,0.00,42942464,42942464,768,768,1536
4996,1764562485.6188252,kem_handshake,0.000026189|0.000018865|0.000038251,0.00,0.00,42942464,42942464,768,768,1536
4997,1764562485.6205206,kem_handshake,0.000034433|0.000022832|0.000042949,0.00,0.00,42942464,42942464,768,768,1536
4998,1764562485.6224275,kem_handshake,0.000038641|0.000021720|0.000070170,0.00,0.00,42942464,42942464,768,768,1536
4999,1764562485.6245623,kem_handshake,0.000042850|0.000023804|0.000049903,0.00,0.00,42942464,42942464,768,768,1536
5000,1764562485.6276643,kem_handshake,0.000065611|0.000040174|0.000092591,0.00,0.00,42942464,42942464,768,768,1536
