Iteration,timestamp,event,time_s,cpu_before,cpu_after,mem_before,mem_after,client_ct_bytes,server_ct_bytes,total_packet_bytes
0,1764450307.0923402,server_kem_keygen,0.000705092,0.00,0.00,40120320,40812544,,800,800
0,1764450318.4037752,server_kem_keygen,0.000794677,0.00,0.00,40140800,40820736,,800,800
0,1764450334.6807642,server_kem_keygen,0.000916262,0.00,0.00,40026112,40706048,,800,800
1,1764450342.7091784,kem_handshake,0.000172077|0.000081060|0.001975687,0.00,0.00,43237376,43261952,768,768,1536
0,1764450437.1184583,server_kem_keygen,0.000572187,0.00,0.00,40050688,40747008,,800,800
1,1764450465.3766658,kem_handshake,0.000142874|0.000080759|0.000306285,0.00,0.00,43302912,43319296,768,768,1536
2,1764450465.378964,kem_handshake,0.000031769|0.000030416|0.000040334,0.00,0.00,43409408,43413504,768,768,1536
3,1764450465.3809733,kem_handshake,0.000033202|0.000031007|0.000042989,0.00,0.00,43425792,43425792,768,768,1536
4,1764450465.3828835,kem_handshake,0.000051004|0.000052246|0.000067936,0.00,0.00,43438080,43438080,768,768,1536
5,1764450465.385074,kem_handshake,0.000051114|0.000069989|0.000093593,0.00,0.00,43438080,43438080,768,768,1536
6,1764450465.3873506,kem_handshake,0.000060662|0.000064189|0.000079678,0.00,0.00,43438080,43438080,768,768,1536
7,1764450465.390367,kem_handshake,0.000080699|0.000091850|0.000090697,0.00,0.00,43438080,43438080,768,768,1536
8,1764450465.3930502,kem_handshake,0.000060381|0.000058307|0.000081160,0.00,0.00,43438080,43438080,768,768,1536
9,1764450465.3949323,kem_handshake,0.000026468|0.000028132|0.000038441,0.00,0.00,43438080,43438080,768,768,1536
10,1764450465.3971763,kem_handshake,0.000031879|0.000031187|0.000086199,0.00,0.00,43442176,43442176,768,768,1536
1,1764450473.2675097,kem_handshake,0.000063126|0.000065591|0.000087562,0.00,0.00,43446272,43446272,768,768,1536
2,1764450473.2701132,kem_handshake,0.000047408|0.000050313|0.000068597,0.00,0.00,43446272,43446272,768,768,1536
3,1764450473.2726102,kem_handshake,0.000031969|0.000030486|0.000040294,0.00,0.00,43446272,43446272,768,768,1536
4,1764450473.2744803,kem_handshake,0.000044392|0.000071832|0.000068687,0.00,0.00,43450368,43450368,768,768,1536
5,1764450473.275978,kem_handshake,0.000022301|0.000024586|0.000033882,0.00,0.00,43454464,43454464,768,768,1536
6,1764450473.277608,kem_handshake,0.000041356|0.000036427|0.000035486,0.00,0.00,43454464,43454464,768,768,1536
7,1764450473.279494,kem_handshake,0.000053368|0.000056334|0.000076802,0.00,0.00,43454464,43454464,768,768,1536
8,1764450473.2815158,kem_handshake,0.000031438|0.000033833|0.000046395,0.00,0.00,43454464,43458560,768,768,1536
9,1764450473.2834094,kem_handshake,0.000064609|0.000056845|0.000077643,0.00,0.00,43458560,43458560,768,768,1536
10,1764450473.2859087,kem_handshake,0.000051655|0.000056134|0.000076141,0.00,0.00,43458560,43458560,768,768,1536
11,1764450473.2881153,kem_handshake,0.000066853|0.000062936|0.000084886,0.00,0.00,43458560,43458560,768,768,1536
12,1764450473.2899902,kem_handshake,0.000032790|0.000032189|0.000042448,0.00,0.00,43458560,43458560,768,768,1536
13,1764450473.2915134,kem_handshake,0.000025126|0.000026199|0.000036768,0.00,0.00,43458560,43458560,768,768,1536
14,1764450473.294046,kem_handshake,0.000095517|0.000053008|0.000076872,0.00,0.00,43458560,43458560,768,768,1536
15,1764450473.297305,kem_handshake,0.000076782|0.000069579|0.000143886,0.00,0.00,43458560,43462656,768,768,1536
16,1764450473.3010333,kem_handshake,0.000171978|0.000081110|0.000105825,0.00,0.00,43466752,43466752,768,768,1536
17,1764450473.3040397,kem_handshake,0.000077173|0.000092711|0.000116004,0.00,0.00,43474944,43474944,768,768,1536
18,1764450473.3071165,kem_handshake,0.000063778|0.000060732|0.000093633,0.00,0.00,43474944,43474944,768,768,1536
19,1764450473.3092413,kem_handshake,0.000044913|0.000049451|0.000068978,0.00,0.00,43474944,43474944,768,768,1536
20,1764450473.3113856,kem_handshake,0.000043300|0.000035987|0.000051235,0.00,0.00,43474944,43474944,768,768,1536
21,1764450473.3141856,kem_handshake,0.000066903|0.000048320|0.000091238,0.00,0.00,43474944,43474944,768,768,1536
22,1764450473.3168082,kem_handshake,0.000056925|0.000058388|0.000081210,0.00,0.00,43474944,43474944,768,768,1536
23,1764450473.3192756,kem_handshake,0.000068236|0.000050463|0.000080639,0.00,0.00,43474944,43474944,768,768,1536
24,1764450473.3220465,kem_handshake,0.000090357|0.000084216|0.000109241,0.00,0.00,43474944,43474944,768,768,1536
25,1764450473.3255026,kem_handshake,0.000125822|0.000071512|0.000092060,0.00,0.00,43474944,43474944,768,768,1536
26,1764450473.3276784,kem_handshake,0.000039042|0.000037670|0.000050654,0.00,0.00,43474944,43474944,768,768,1536
27,1764450473.3302264,kem_handshake,0.000082463|0.000080078|0.000140048,0.00,0.00,43474944,43474944,768,768,1536
28,1764450473.3330395,kem_handshake,0.000062075|0.000061734|0.000086109,0.00,0.00,43474944,43474944,768,768,1536
29,1764450473.335798,kem_handshake,0.000055573|0.000056134|0.000080939,0.00,0.00,43474944,43474944,768,768,1536
30,1764450473.3392422,kem_handshake,0.000101748|0.000074768|0.000159184,0.00,0.00,43474944,43474944,768,768,1536
31,1764450473.342226,kem_handshake,0.000044492|0.000036598|0.000051455,0.00,0.00,43474944,43474944,768,768,1536
32,1764450473.3439379,kem_handshake,0.000032661|0.000029935|0.000042058,0.00,0.00,43474944,43474944,768,768,1536
33,1764450473.3463264,kem_handshake,0.000068927|0.000111325|0.000146209,0.00,0.00,43474944,43474944,768,768,1536
34,1764450473.3495429,kem_handshake,0.000051485|0.000044392|0.000071332,0.00,0.00,43474944,43474944,768,768,1536
35,1764450473.353216,kem_handshake,0.000076882|0.000058318|0.000088924,0.00,0.00,43474944,43474944,768,768,1536
36,1764450473.3559785,kem_handshake,0.000079597|0.000054571|0.000064730,0.00,0.00,43474944,43474944,768,768,1536
37,1764450473.3590224,kem_handshake,0.000062525|0.000048590|0.000059700,0.00,0.00,43474944,43474944,768,768,1536
38,1764450473.3613691,kem_handshake,0.000044111|0.000038220|0.000050733,0.00,0.00,43474944,43474944,768,768,1536
39,1764450473.3637583,kem_handshake,0.000048780|0.000040304|0.000053980,0.00,0.00,43474944,43474944,768,768,1536
40,1764450473.366018,kem_handshake,0.000041727|0.000038010|0.000049762,0.00,0.00,43474944,43474944,768,768,1536
41,1764450473.3693442,kem_handshake,0.000079146|0.000077152|0.000121685,0.00,0.00,43474944,43474944,768,768,1536
42,1764450473.3722248,kem_handshake,0.000044151|0.000036668|0.000051305,0.00,0.00,43474944,43474944,768,768,1536
43,1764450473.3749492,kem_handshake,0.000054140|0.000055332|0.000079898,0.00,0.00,43474944,43474944,768,768,1536
44,1764450473.3772528,kem_handshake,0.000060722|0.000058598|0.000087631,0.00,0.00,43479040,43479040,768,768,1536
45,1764450473.3802516,kem_handshake,0.000092361|0.000056825|0.000118258,0.00,0.00,43483136,43483136,768,768,1536
46,1764450473.383021,kem_handshake,0.000043400|0.000038351|0.000051615,0.00,0.00,43483136,43483136,768,768,1536
47,1764450473.38463,kem_handshake,0.000030847|0.000028042|0.000038571,0.00,0.00,43483136,43483136,768,768,1536
48,1764450473.3868191,kem_handshake,0.000070380|0.000077664|0.000157851,0.00,0.00,43483136,43483136,768,768,1536
49,1764450473.3896759,kem_handshake,0.000074998|0.000067154|0.000098081,0.00,0.00,43487232,43487232,768,768,1536
50,1764450473.3931453,kem_handshake,0.000073405|0.000065781|0.000079186,0.00,0.00,43487232,43487232,768,768,1536
51,1764450473.3960063,kem_handshake,0.000084156|0.000063036|0.000096809,0.00,0.00,43491328,43491328,768,768,1536
52,1764450473.3990052,kem_handshake,0.000054291|0.000044743|0.000060001,0.00,0.00,43491328,43491328,768,768,1536
53,1764450473.4012387,kem_handshake,0.000034984|0.000033051|0.000075299,0.00,0.00,43491328,43491328,768,768,1536
54,1764450473.4030762,kem_handshake,0.000041256|0.000032560|0.000047097,0.00,0.00,43491328,43491328,768,768,1536
55,1764450473.4054525,kem_handshake,0.000041406|0.000037269|0.000084656,0.00,0.00,43491328,43491328,768,768,1536
56,1764450473.408052,kem_handshake,0.000059169|0.000061263|0.000081100,0.00,0.00,43491328,43491328,768,768,1536
57,1764450473.410418,kem_handshake,0.000069808|0.000063006|0.000083444,0.00,0.00,43491328,43491328,768,768,1536
58,1764450473.4128149,kem_handshake,0.000070280|0.000056424|0.000098421,0.00,0.00,43491328,43491328,768,768,1536
59,1764450473.4156559,kem_handshake,0.000053008|0.000045774|0.000094755,0.00,0.00,43495424,43495424,768,768,1536
60,1764450473.4187644,kem_handshake,0.000077563|0.000067254|0.000103772,0.00,0.00,43495424,43495424,768,768,1536
61,1764450473.4215968,kem_handshake,0.000094815|0.000078866|0.000083774,0.00,0.00,43495424,43495424,768,768,1536
62,1764450473.4250226,kem_handshake,0.000065050|0.000060752|0.000085528,0.00,0.00,43495424,43495424,768,768,1536
63,1764450473.427262,kem_handshake,0.000050213|0.000053259|0.000091629,0.00,0.00,43495424,43495424,768,768,1536
64,1764450473.4301813,kem_handshake,0.000057667|0.000047588|0.000117356,0.00,0.00,43495424,43495424,768,768,1536
65,1764450473.432852,kem_handshake,0.000057957|0.000061494|0.000101497,0.00,0.00,43495424,43495424,768,768,1536
66,1764450473.4357538,kem_handshake,0.000058949|0.000060161|0.000092291,0.00,0.00,43495424,43495424,768,768,1536
67,1764450473.4395723,kem_handshake,0.000105034|0.000082091|0.000092080,0.00,0.00,43499520,43499520,768,768,1536
68,1764450473.442908,kem_handshake,0.000064388|0.000059790|0.000078746,0.00,0.00,43499520,43499520,768,768,1536
69,1764450473.445397,kem_handshake,0.000053188|0.000065330|0.000086961,0.00,0.00,43499520,43499520,768,768,1536
70,1764450473.4488888,kem_handshake,0.000070470|0.000053769|0.000091960,0.00,0.00,43499520,43499520,768,768,1536
71,1764450473.4513867,kem_handshake,0.000058498|0.000054761|0.000074137,0.00,0.00,43503616,43503616,768,768,1536
72,1764450473.453798,kem_handshake,0.000048840|0.000053710|0.000097981,0.00,0.00,43503616,43503616,768,768,1536
73,1764450473.456297,kem_handshake,0.000065961|0.000064038|0.000172188,0.00,0.00,43503616,43503616,768,768,1536
74,1764450473.4590075,kem_handshake,0.000061524|0.000063828|0.000117837,0.00,4963.70,43503616,43503616,768,768,1536
75,1764450473.4617984,kem_handshake,0.000054942|0.000056635|0.000082943,0.00,0.00,43503616,43503616,768,768,1536
76,1764450473.4647095,kem_handshake,0.000082262|0.000057546|0.000091278,0.00,0.00,43507712,43507712,768,768,1536
77,1764450473.4671116,kem_handshake,0.000048089|0.000051425|0.000040294,0.00,0.00,43507712,43507712,768,768,1536
78,1764450473.469057,kem_handshake,0.000075329|0.000068165|0.000111787,0.00,0.00,43507712,43507712,768,768,1536
79,1764450473.4722261,kem_handshake,0.000073115|0.000074027|0.000122767,0.00,0.00,43507712,43507712,768,768,1536
80,1764450473.4749155,kem_handshake,0.000042990|0.000036888|0.000056073,0.00,0.00,43507712,43507712,768,768,1536
81,1764450473.4767566,kem_handshake,0.000047508|0.000034383|0.000063628,0.00,0.00,43507712,43507712,768,768,1536
82,1764450473.479374,kem_handshake,0.000099203|0.000091589|0.000107479,0.00,0.00,43511808,43511808,768,768,1536
83,1764450473.4828632,kem_handshake,0.000109702|0.000090617|0.000123679,0.00,0.00,43511808,43511808,768,768,1536
84,1764450473.4856653,kem_handshake,0.000055292|0.000042819|0.000066272,0.00,0.00,43511808,43511808,768,768,1536
85,1764450473.488397,kem_handshake,0.000075900|0.000099334|0.000142724,0.00,0.00,43515904,43515904,768,768,1536
86,1764450473.4916167,kem_handshake,0.000063678|0.000061023|0.000083594,0.00,0.00,43515904,43515904,768,768,1536
87,1764450473.4944172,kem_handshake,0.000050614|0.000042428|0.000075669,0.00,0.00,43515904,43515904,768,768,1536
88,1764450473.4973593,kem_handshake,0.000062506|0.000045565|0.000072274,0.00,0.00,43515904,43515904,768,768,1536
89,1764450473.5004404,kem_handshake,0.000096999|0.000092100|0.000137263,0.00,0.00,43515904,43515904,768,768,1536
90,1764450473.5032434,kem_handshake,0.000051685|0.000049731|0.000056404,0.00,0.00,43515904,43515904,768,768,1536
91,1764450473.5060272,kem_handshake,0.000068657|0.000073425|0.000113390,0.00,0.00,43515904,43515904,768,768,1536
92,1764450473.5097303,kem_handshake,0.000061433|0.000061644|0.000088383,0.00,0.00,43515904,43515904,768,768,1536
93,1764450473.5130956,kem_handshake,0.000165877|0.000080308|0.000125963,0.00,0.00,43515904,43515904,768,768,1536
94,1764450473.5166128,kem_handshake,0.000048299|0.000039082|0.000054521,0.00,0.00,43515904,43515904,768,768,1536
95,1764450473.518947,kem_handshake,0.000071232|0.000063297|0.000103842,0.00,0.00,43515904,43515904,768,768,1536
96,1764450473.5211112,kem_handshake,0.000064649|0.000051706|0.000087621,0.00,0.00,43515904,43515904,768,768,1536
97,1764450473.5234087,kem_handshake,0.000044933|0.000036968|0.000051625,0.00,0.00,43515904,43515904,768,768,1536
98,1764450473.5256474,kem_handshake,0.000048058|0.000036036|0.000062786,0.00,0.00,43515904,43515904,768,768,1536
99,1764450473.527548,kem_handshake,0.000056224|0.000046687|0.000085598,0.00,0.00,43515904,43515904,768,768,1536
100,1764450473.530034,kem_handshake,0.000066744|0.000070701|0.000103601,0.00,0.00,43515904,43515904,768,768,1536
101,1764450473.5333107,kem_handshake,0.000058488|0.000069047|0.000076652,0.00,0.00,43515904,43515904,768,768,1536
102,1764450473.5358057,kem_handshake,0.000121153|0.000070871|0.000125171,0.00,0.00,43515904,43515904,768,768,1536
103,1764450473.5382345,kem_handshake,0.000050924|0.000048539|0.000094194,0.00,0.00,43515904,43515904,768,768,1536
104,1764450473.5416908,kem_handshake,0.000045514|0.000040184|0.000107058,0.00,0.00,43515904,43515904,768,768,1536
105,1764450473.5450635,kem_handshake,0.000065721|0.000063698|0.000091749,0.00,0.00,43515904,43515904,768,768,1536
106,1764450473.547958,kem_handshake,0.000082191|0.000073586|0.000122085,0.00,0.00,43520000,43520000,768,768,1536
107,1764450473.5508647,kem_handshake,0.000062215|0.000060182|0.000094344,0.00,0.00,43520000,43520000,768,768,1536
108,1764450473.5532358,kem_handshake,0.000057637|0.000058248|0.000087732,0.00,0.00,43520000,43520000,768,768,1536
109,1764450473.555891,kem_handshake,0.000080739|0.000056324|0.000102809,0.00,0.00,43520000,43520000,768,768,1536
110,1764450473.5583239,kem_handshake,0.000062485|0.000053850|0.000084155,0.00,0.00,43520000,43520000,768,768,1536
111,1764450473.5601594,kem_handshake,0.000030787|0.000028402|0.000038441,0.00,0.00,43520000,43520000,768,768,1536
112,1764450473.5626814,kem_handshake,0.000050022|0.000051345|0.000088694,0.00,0.00,43520000,43520000,768,768,1536
113,1764450473.5658116,kem_handshake,0.000048459|0.000039874|0.000054941,0.00,0.00,43520000,43520000,768,768,1536
114,1764450473.5679772,kem_handshake,0.000035876|0.000030597|0.000049411,0.00,0.00,43520000,43520000,768,768,1536
115,1764450473.570043,kem_handshake,0.000057907|0.000067475|0.000082151,0.00,0.00,43520000,43520000,768,768,1536
116,1764450473.5736177,kem_handshake,0.000102940|0.000081110|0.000126413,0.00,0.00,43520000,43520000,768,768,1536
117,1764450473.5766559,kem_handshake,0.000053599|0.000061544|0.000075018,0.00,0.00,43520000,43520000,768,768,1536
118,1764450473.579437,kem_handshake,0.000086550|0.000062475|0.000125722,0.00,0.00,43520000,43520000,768,768,1536
119,1764450473.582288,kem_handshake,0.000047849|0.000038080|0.000052928,0.00,0.00,43520000,43520000,768,768,1536
120,1764450473.5839465,kem_handshake,0.000032390|0.000029164|0.000043089,0.00,0.00,43520000,43520000,768,768,1536
121,1764450473.5861385,kem_handshake,0.000040214|0.000038852|0.000059620,0.00,0.00,43520000,43520000,768,768,1536
122,1764450473.5897598,kem_handshake,0.000061103|0.000048790|0.000081881,0.00,0.00,43520000,43520000,768,768,1536
123,1764450473.592692,kem_handshake,0.000059209|0.000057285|0.000092772,0.00,0.00,43520000,43520000,768,768,1536
124,1764450473.5948768,kem_handshake,0.000044221|0.000038040|0.000054981,0.00,0.00,43520000,43520000,768,768,1536
125,1764450473.5981145,kem_handshake,0.000134598|0.000098773|0.000105545,0.00,0.00,43520000,43520000,768,768,1536
126,1764450473.602828,kem_handshake,0.000153654|0.000102279|0.000149145,0.00,0.00,43524096,43524096,768,768,1536
127,1764450473.6074154,kem_handshake,0.000065451|0.000058869|0.000083123,0.00,0.00,43524096,43524096,768,768,1536
128,1764450473.6118734,kem_handshake,0.000062265|0.000053258|0.000082722,0.00,0.00,43524096,43524096,768,768,1536
129,1764450473.616256,kem_handshake,0.000129730|0.000091299|0.000134528,0.00,0.00,43524096,43524096,768,768,1536
130,1764450473.6195693,kem_handshake,0.000060802|0.000048389|0.000065592,0.00,0.00,43524096,43524096,768,768,1536
131,1764450473.6238146,kem_handshake,0.000132384|0.000091259|0.000155186,0.00,0.00,43524096,43524096,768,768,1536
132,1764450473.6275306,kem_handshake,0.000073516|0.000066162|0.000154074,0.00,0.00,43524096,43524096,768,768,1536
133,1764450473.6316454,kem_handshake,0.000108590|0.000079196|0.000140139,0.00,0.00,43524096,43524096,768,768,1536
134,1764450473.6348283,kem_handshake,0.000058568|0.000048820|0.000082072,0.00,0.00,43524096,43524096,768,768,1536
135,1764450473.6382427,kem_handshake,0.000079868|0.000062796|0.000088112,0.00,0.00,43524096,43524096,768,768,1536
136,1764450473.6425242,kem_handshake,0.000094474|0.000059711|0.000098613,0.00,0.00,43524096,43524096,768,768,1536
137,1764450473.6459017,kem_handshake,0.000111296|0.000082422|0.000132605,0.00,0.00,43524096,43524096,768,768,1536
138,1764450473.6502488,kem_handshake,0.000100135|0.000075079|0.000124861,0.00,0.00,43524096,43524096,768,768,1536
139,1764450473.6538143,kem_handshake,0.000063007|0.000057566|0.000108741,0.00,0.00,43524096,43524096,768,768,1536
140,1764450473.6577232,kem_handshake,0.000072985|0.000074618|0.000119751,0.00,0.00,43524096,43524096,768,768,1536
141,1764450473.6600275,kem_handshake,0.000035225|0.000032019|0.000044563,0.00,0.00,43524096,43524096,768,768,1536
142,1764450473.6619184,kem_handshake,0.000071121|0.000035085|0.000045393,0.00,0.00,43524096,43524096,768,768,1536
143,1764450473.6643488,kem_handshake,0.000036528|0.000032500|0.000067986,0.00,0.00,43524096,43524096,768,768,1536
144,1764450473.6671083,kem_handshake,0.000068186|0.000054390|0.000066934,0.00,0.00,43528192,43528192,768,768,1536
145,1764450473.6717618,kem_handshake,0.000104362|0.000101247|0.000175343,0.00,0.00,43528192,43528192,768,768,1536
146,1764450473.6753573,kem_handshake,0.000069389|0.000096999|0.000089756,0.00,0.00,43528192,43528192,768,768,1536
147,1764450473.6778123,kem_handshake,0.000060261|0.000045293|0.000070640,0.00,0.00,43528192,43528192,768,768,1536
148,1764450473.6810365,kem_handshake,0.000070741|0.000056875|0.000099664,0.00,0.00,43528192,43528192,768,768,1536
149,1764450473.68443,kem_handshake,0.000067114|0.000049912|0.000085888,0.00,0.00,43589632,43589632,768,768,1536
150,1764450473.6863093,kem_handshake,0.000034514|0.000029104|0.000043240,0.00,0.00,43589632,43589632,768,768,1536
151,1764450473.6881359,kem_handshake,0.000069588|0.000033813|0.000051054,0.00,0.00,43589632,43589632,768,768,1536
152,1764450473.6907725,kem_handshake,0.000078966|0.000064930|0.000110605,0.00,0.00,43589632,43589632,768,768,1536
153,1764450473.6930203,kem_handshake,0.000041516|0.000035155|0.000048399,0.00,0.00,43589632,43589632,768,768,1536
154,1764450473.6949737,kem_handshake,0.000045875|0.000037229|0.000061103,0.00,0.00,43589632,43589632,768,768,1536
155,1764450473.6974592,kem_handshake,0.000050694|0.000040965|0.000065861,0.00,0.00,43589632,43589632,768,768,1536
156,1764450473.6998415,kem_handshake,0.000052487|0.000057005|0.000077874,0.00,0.00,43589632,43589632,768,768,1536
157,1764450473.7021892,kem_handshake,0.000043280|0.000049982|0.000078786,0.00,0.00,43589632,43589632,768,768,1536
158,1764450473.704738,kem_handshake,0.000097831|0.000086230|0.000115203,0.00,0.00,43589632,43589632,768,768,1536
159,1764450473.7083228,kem_handshake,0.000058568|0.000053118|0.000089164,0.00,0.00,43589632,43589632,768,768,1536
160,1764450473.7108567,kem_handshake,0.000041507|0.000031999|0.000043550,0.00,0.00,43589632,43589632,768,768,1536
161,1764450473.7139788,kem_handshake,0.000077903|0.000058448|0.000075309,0.00,0.00,43589632,43589632,768,768,1536
162,1764450473.7165558,kem_handshake,0.000055803|0.000056464|0.000077153,0.00,0.00,43593728,43593728,768,768,1536
163,1764450473.718895,kem_handshake,0.000077423|0.000054450|0.000095316,0.00,0.00,43593728,43593728,768,768,1536
164,1764450473.721878,kem_handshake,0.000074137|0.000061083|0.000110144,0.00,0.00,43593728,43593728,768,768,1536
165,1764450473.7245553,kem_handshake,0.000064199|0.000057576|0.000079977,0.00,0.00,43593728,43593728,768,768,1536
166,1764450473.7269733,kem_handshake,0.000047488|0.000038872|0.000056404,0.00,0.00,43593728,43593728,768,768,1536
167,1764450473.7288322,kem_handshake,0.000037760|0.000033642|0.000039784,0.00,0.00,43593728,43593728,768,768,1536
168,1764450473.731387,kem_handshake,0.000079957|0.000091559|0.000098352,0.00,0.00,43593728,43593728,768,768,1536
169,1764450473.7340975,kem_handshake,0.000038181|0.000035425|0.000059479,0.00,0.00,43593728,43593728,768,768,1536
170,1764450473.7360933,kem_handshake,0.000039233|0.000035115|0.000110564,0.00,0.00,43597824,43597824,768,768,1536
171,1764450473.7382455,kem_handshake,0.000037139|0.000038211|0.000049321,0.00,0.00,43597824,43597824,768,768,1536
172,1764450473.7410672,kem_handshake,0.000066453|0.000060562|0.000096659,0.00,0.00,43597824,43597824,768,768,1536
173,1764450473.7442498,kem_handshake,0.000050934|0.000045444|0.000055292,0.00,0.00,43597824,43597824,768,768,1536
174,1764450473.7479749,kem_handshake,0.000098382|0.000078084|0.000098302,0.00,0.00,43601920,43601920,768,768,1536
175,1764450473.7508745,kem_handshake,0.000051235|0.000042378|0.000127465,0.00,0.00,43601920,43601920,768,768,1536
176,1764450473.753139,kem_handshake,0.000059850|0.000058568|0.000081450,0.00,0.00,43601920,43601920,768,768,1536
177,1764450473.7566848,kem_handshake,0.000097119|0.000059720|0.000070390,0.00,0.00,43601920,43601920,768,768,1536
178,1764450473.7597716,kem_handshake,0.000128337|0.000070140|0.000079607,0.00,0.00,43601920,43601920,768,768,1536
179,1764450473.762544,kem_handshake,0.000067735|0.000047468|0.000104012,0.00,0.00,43606016,43606016,768,768,1536
180,1764450473.7663188,kem_handshake,0.000070269|0.000099303|0.000056374,0.00,0.00,43606016,43606016,768,768,1536
181,1764450473.769468,kem_handshake,0.000034393|0.000038651|0.000052627,0.00,7864.40,43606016,43606016,768,768,1536
182,1764450473.7720127,kem_handshake,0.000062194|0.000050202|0.000077052,0.00,0.00,43606016,43606016,768,768,1536
183,1764450473.7748728,kem_handshake,0.000055242|0.000040525|0.000065230,0.00,0.00,43606016,43606016,768,768,1536
184,1764450473.7766147,kem_handshake,0.000028723|0.000029455|0.000038691,0.00,0.00,43606016,43606016,768,768,1536
185,1764450473.7788262,kem_handshake,0.000049711|0.000046135|0.000060491,0.00,0.00,43606016,43606016,768,768,1536
186,1764450473.7815638,kem_handshake,0.000052888|0.000045384|0.000074347,0.00,0.00,43606016,43606016,768,768,1536
187,1764450473.7837431,kem_handshake,0.000053519|0.000053780|0.000073817,0.00,0.00,43606016,43606016,768,768,1536
188,1764450473.7866879,kem_handshake,0.000059480|0.000062726|0.000098943,0.00,0.00,43606016,43606016,768,768,1536
189,1764450473.7898932,kem_handshake,0.000081300|0.000071693|0.000127866,0.00,0.00,43606016,43606016,768,768,1536
190,1764450473.7922275,kem_handshake,0.000052827|0.000055663|0.000099785,0.00,0.00,43606016,43606016,768,768,1536
191,1764450473.7941992,kem_handshake,0.000040395|0.000036447|0.000049522,0.00,0.00,43606016,43606016,768,768,1536
192,1764450473.7964373,kem_handshake,0.000071833|0.000060201|0.000084887,0.00,4870.00,43606016,43606016,768,768,1536
193,1764450473.7994266,kem_handshake,0.000063097|0.000049562|0.000068817,0.00,0.00,43606016,43606016,768,768,1536
194,1764450473.8021927,kem_handshake,0.000049872|0.000052337|0.000082993,0.00,0.00,43606016,43606016,768,768,1536
195,1764450473.8055522,kem_handshake,0.000087832|0.000058528|0.000108100,0.00,0.00,43606016,43606016,768,768,1536
196,1764450473.808331,kem_handshake,0.000091228|0.000044432|0.000059229,0.00,0.00,43606016,43606016,768,768,1536
197,1764450473.8111308,kem_handshake,0.000049391|0.000056905|0.000087853,0.00,0.00,43606016,43606016,768,768,1536
198,1764450473.8136377,kem_handshake,0.000061925|0.000066914|0.000107619,0.00,0.00,43606016,43606016,768,768,1536
199,1764450473.8160963,kem_handshake,0.000037990|0.000044502|0.000091469,0.00,0.00,43606016,43606016,768,768,1536
200,1764450473.8182433,kem_handshake,0.000023092|0.000030326|0.000035856,0.00,0.00,43606016,43606016,768,768,1536
201,1764450473.8204153,kem_handshake,0.000054100|0.000052667|0.000094474,0.00,0.00,43606016,43606016,768,768,1536
202,1764450473.8236642,kem_handshake,0.000064249|0.000044252|0.000055983,0.00,0.00,43606016,43606016,768,768,1536
203,1764450473.8266132,kem_handshake,0.000062385|0.000067104|0.000081932,0.00,0.00,43606016,43606016,768,768,1536
204,1764450473.8302827,kem_handshake,0.000082383|0.000076040|0.000135620,0.00,0.00,43606016,43606016,768,768,1536
205,1764450473.8329103,kem_handshake,0.000042398|0.000039834|0.000055983,0.00,0.00,43606016,43606016,768,768,1536
206,1764450473.83535,kem_handshake,0.000067635|0.000081190|0.000082593,0.00,0.00,43606016,43606016,768,768,1536
207,1764450473.8372817,kem_handshake,0.000045775|0.000046175|0.000059710,0.00,0.00,43606016,43606016,768,768,1536
208,1764450473.8392396,kem_handshake,0.000034344|0.000039643|0.000045775,0.00,0.00,43606016,43606016,768,768,1536
209,1764450473.8411677,kem_handshake,0.000034073|0.000033151|0.000048941,0.00,0.00,43606016,43606016,768,768,1536
210,1764450473.843387,kem_handshake,0.000082242|0.000077563|0.000116124,0.00,4209.10,43606016,43606016,768,768,1536
211,1764450473.846653,kem_handshake,0.000101949|0.000067825|0.000095216,0.00,0.00,43606016,43606016,768,768,1536
212,1764450473.8502655,kem_handshake,0.000082963|0.000063397|0.000106045,0.00,0.00,43606016,43606016,768,768,1536
213,1764450473.8528788,kem_handshake,0.000069709|0.000049952|0.000060221,0.00,0.00,43606016,43606016,768,768,1536
214,1764450473.855568,kem_handshake,0.000053168|0.000042048|0.000058488,0.00,0.00,43606016,43606016,768,768,1536
215,1764450473.8594875,kem_handshake,0.000090317|0.000051335|0.000077823,0.00,0.00,43606016,43606016,768,768,1536
216,1764450473.8619294,kem_handshake,0.000042127|0.000034503|0.000048299,0.00,0.00,43606016,43606016,768,768,1536
217,1764450473.8661,kem_handshake,0.000104132|0.000077684|0.000120473,0.00,0.00,43606016,43606016,768,768,1536
218,1764450473.8692536,kem_handshake,0.000065461|0.000062726|0.000052767,0.00,0.00,43606016,43606016,768,768,1536
219,1764450473.8722587,kem_handshake,0.000085458|0.000079928|0.000134959,0.00,0.00,43606016,43606016,768,768,1536
220,1764450473.874979,kem_handshake,0.000054099|0.000057035|0.000076451,0.00,0.00,43606016,43606016,768,768,1536
221,1764450473.8777795,kem_handshake,0.000069248|0.000053599|0.000090157,0.00,0.00,43606016,43606016,768,768,1536
222,1764450473.8808455,kem_handshake,0.000060202|0.000053699|0.000114411,0.00,0.00,43606016,43606016,768,768,1536
223,1764450473.8837326,kem_handshake,0.000049432|0.000036798|0.000080579,0.00,0.00,43606016,43606016,768,768,1536
224,1764450473.8860831,kem_handshake,0.000057316|0.000058258|0.000090167,0.00,0.00,43606016,43606016,768,768,1536
225,1764450473.88891,kem_handshake,0.000085808|0.000068266|0.000107648,0.00,0.00,43606016,43606016,768,768,1536
226,1764450473.891746,kem_handshake,0.000057186|0.000057757|0.000076842,0.00,0.00,43606016,43606016,768,768,1536
227,1764450473.893573,kem_handshake,0.000045023|0.000075509|0.000069608,0.00,0.00,43606016,43606016,768,768,1536
228,1764450473.8955846,kem_handshake,0.000043571|0.000037659|0.000061804,0.00,0.00,43606016,43606016,768,768,1536
229,1764450473.8985176,kem_handshake,0.000077543|0.000064650|0.000087231,0.00,0.00,43606016,43606016,768,768,1536
230,1764450473.9015403,kem_handshake,0.000068497|0.000064469|0.000074558,0.00,0.00,43606016,43606016,768,768,1536
231,1764450473.9032946,kem_handshake,0.000035115|0.000031068|0.000041827,0.00,0.00,43606016,43606016,768,768,1536
232,1764450473.9054067,kem_handshake,0.000062195|0.000037650|0.000059931,0.00,0.00,43606016,43606016,768,768,1536
233,1764450473.9081314,kem_handshake,0.000083925|0.000079427|0.000132766,0.00,0.00,43606016,43606016,768,768,1536
234,1764450473.9103088,kem_handshake,0.000072133|0.000038201|0.000040504,0.00,0.00,43606016,43606016,768,768,1536
235,1764450473.9125538,kem_handshake,0.000044863|0.000045694|0.000119701,0.00,0.00,43606016,43606016,768,768,1536
236,1764450473.9146876,kem_handshake,0.000051785|0.000040414|0.000073797,0.00,0.00,43606016,43606016,768,768,1536
237,1764450473.9166603,kem_handshake,0.000035746|0.000031478|0.000041186,0.00,0.00,43606016,43606016,768,768,1536
238,1764450473.9187639,kem_handshake,0.000058668|0.000060502|0.000102890,0.00,0.00,43606016,43606016,768,768,1536
239,1764450473.9218917,kem_handshake,0.000072514|0.000057877|0.000095707,0.00,5558.90,43606016,43606016,768,768,1536
240,1764450473.92443,kem_handshake,0.000035205|0.000033391|0.000047758,0.00,0.00,43606016,43606016,768,768,1536
241,1764450473.92634,kem_handshake,0.000047688|0.000037289|0.000054932,0.00,0.00,43606016,43606016,768,768,1536
242,1764450473.9277644,kem_handshake,0.000022271|0.000024565|0.000034744,0.00,0.00,43606016,43606016,768,768,1536
243,1764450473.9294553,kem_handshake,0.000042729|0.000051004|0.000072504,0.00,0.00,43606016,43606016,768,768,1536
244,1764450473.9318404,kem_handshake,0.000056304|0.000042619|0.000077443,0.00,0.00,43606016,43606016,768,768,1536
245,1764450473.9345248,kem_handshake,0.000065460|0.000064339|0.000081371,0.00,0.00,43606016,43606016,768,768,1536
246,1764450473.9368255,kem_handshake,0.000062085|0.000081501|0.000102930,0.00,0.00,43606016,43606016,768,768,1536
247,1764450473.9393506,kem_handshake,0.000078004|0.000109372|0.000069348,0.00,0.00,43606016,43606016,768,768,1536
248,1764450473.9423897,kem_handshake,0.000074958|0.000075840|0.000179381,0.00,0.00,43606016,43606016,768,768,1536
249,1764450473.9454985,kem_handshake,0.000089435|0.000070179|0.000114551,0.00,0.00,43606016,43606016,768,768,1536
250,1764450473.9485228,kem_handshake,0.000095587|0.000062977|0.000089385,0.00,0.00,43606016,43606016,768,768,1536
251,1764450473.9518056,kem_handshake,0.000085548|0.000071442|0.000107028,0.00,0.00,43606016,43606016,768,768,1536
252,1764450473.9539552,kem_handshake,0.000060592|0.000055452|0.000106727,0.00,0.00,43606016,43606016,768,768,1536
253,1764450473.9566417,kem_handshake,0.000069188|0.000067725|0.000099854,0.00,0.00,43606016,43606016,768,768,1536
254,1764450473.9586952,kem_handshake,0.000032981|0.000030917|0.000040515,0.00,0.00,43606016,43606016,768,768,1536
255,1764450473.9606633,kem_handshake,0.000052517|0.000056935|0.000104082,0.00,0.00,43606016,43606016,768,768,1536
256,1764450473.9640298,kem_handshake,0.000070159|0.000083534|0.000114231,0.00,0.00,43606016,43606016,768,768,1536
257,1764450473.9670992,kem_handshake,0.000092270|0.000087542|0.000142303,0.00,0.00,43606016,43606016,768,768,1536
258,1764450473.9694717,kem_handshake,0.000043591|0.000049351|0.000068496,0.00,0.00,43606016,43606016,768,768,1536
259,1764450473.971116,kem_handshake,0.000033532|0.000031358|0.000047107,0.00,0.00,43606016,43606016,768,768,1536
260,1764450473.9734108,kem_handshake,0.000081330|0.000064399|0.000094434,0.00,0.00,43606016,43606016,768,768,1536
261,1764450473.9757888,kem_handshake,0.000048059|0.000053889|0.000071672,0.00,0.00,43606016,43606016,768,768,1536
262,1764450473.9777389,kem_handshake,0.000053369|0.000053830|0.000075930,0.00,0.00,43606016,43606016,768,768,1536
263,1764450473.9802566,kem_handshake,0.000060983|0.000051455|0.000056464,0.00,0.00,43606016,43606016,768,768,1536
264,1764450473.9828646,kem_handshake,0.000085678|0.000044903|0.000053339,0.00,0.00,43606016,43606016,768,768,1536
265,1764450473.984881,kem_handshake,0.000044793|0.000037459|0.000051996,0.00,0.00,43606016,43606016,768,768,1536
266,1764450473.9874344,kem_handshake,0.000038421|0.000035595|0.000061043,0.00,0.00,43606016,43606016,768,768,1536
267,1764450473.989683,kem_handshake,0.000050574|0.000043119|0.000074698,0.00,0.00,43606016,43606016,768,768,1536
268,1764450473.992041,kem_handshake,0.000035275|0.000036528|0.000052046,0.00,0.00,43606016,43606016,768,768,1536
269,1764450473.994301,kem_handshake,0.000066263|0.000067234|0.000085948,0.00,0.00,43606016,43606016,768,768,1536
270,1764450473.9970043,kem_handshake,0.000054801|0.000057065|0.000134949,0.00,0.00,43606016,43606016,768,768,1536
271,1764450473.9999068,kem_handshake,0.000044332|0.000037489|0.000053729,0.00,0.00,43606016,43606016,768,768,1536
272,1764450474.002195,kem_handshake,0.000046325|0.000050753|0.000079226,0.00,0.00,43606016,43606016,768,768,1536
273,1764450474.0049837,kem_handshake,0.000070149|0.000072233|0.000111065,0.00,0.00,43606016,43606016,768,768,1536
274,1764450474.0083141,kem_handshake,0.000058578|0.000045294|0.000065742,0.00,0.00,43606016,43606016,768,768,1536
275,1764450474.010741,kem_handshake,0.000036257|0.000031508|0.000045124,0.00,0.00,43606016,43606016,768,768,1536
276,1764450474.0129213,kem_handshake,0.000073055|0.000056685|0.000101938,0.00,0.00,43606016,43606016,768,768,1536
277,1764450474.0156019,kem_handshake,0.000049071|0.000042138|0.000073015,0.00,7397.00,43606016,43606016,768,768,1536
278,1764450474.017759,kem_handshake,0.000030366|0.000030377|0.000044251,0.00,0.00,43606016,43606016,768,768,1536
279,1764450474.0197017,kem_handshake,0.000049621|0.000055142|0.000075289,0.00,0.00,43606016,43606016,768,768,1536
280,1764450474.02228,kem_handshake,0.000050904|0.000049923|0.000076041,0.00,0.00,43606016,43606016,768,768,1536
281,1764450474.024501,kem_handshake,0.000034083|0.000031818|0.000042950,0.00,0.00,43606016,43606016,768,768,1536
282,1764450474.026055,kem_handshake,0.000026479|0.000026379|0.000038571,0.00,0.00,43606016,43606016,768,768,1536
283,1764450474.0283513,kem_handshake,0.000062425|0.000059851|0.000079897,0.00,0.00,43606016,43606016,768,768,1536
284,1764450474.0303853,kem_handshake,0.000038922|0.000033853|0.000054200,0.00,0.00,43606016,43606016,768,768,1536
285,1764450474.032532,kem_handshake,0.000047478|0.000046636|0.000059821,0.00,0.00,43606016,43606016,768,768,1536
286,1764450474.0342164,kem_handshake,0.000030466|0.000030145|0.000040846,0.00,0.00,43606016,43606016,768,768,1536
287,1764450474.0364199,kem_handshake,0.000069758|0.000059009|0.000082973,0.00,0.00,43606016,43606016,768,768,1536
288,1764450474.0387518,kem_handshake,0.000045914|0.000039403|0.000077302,0.00,0.00,43606016,43606016,768,768,1536
289,1764450474.0408564,kem_handshake,0.000036197|0.000036017|0.000077113,0.00,0.00,43606016,43606016,768,768,1536
290,1764450474.0437944,kem_handshake,0.000081300|0.000058598|0.000092481,0.00,0.00,43606016,43606016,768,768,1536
291,1764450474.0468934,kem_handshake,0.000098162|0.000069649|0.000109793,0.00,0.00,43606016,43606016,768,768,1536
292,1764450474.051043,kem_handshake,0.000095907|0.000074327|0.000113499,0.00,0.00,43606016,43606016,768,768,1536
293,1764450474.0540164,kem_handshake,0.000066793|0.000060101|0.000075188,0.00,0.00,43606016,43606016,768,768,1536
294,1764450474.0561774,kem_handshake,0.000051194|0.000054912|0.000085087,0.00,0.00,43606016,43606016,768,768,1536
295,1764450474.0591922,kem_handshake,0.000049150|0.000043670|0.000091048,0.00,0.00,43606016,43606016,768,768,1536
296,1764450474.0617185,kem_handshake,0.000045925|0.000052387|0.000075038,0.00,0.00,43606016,43606016,768,768,1536
297,1764450474.0641985,kem_handshake,0.000082372|0.000062906|0.000122696,0.00,0.00,43606016,43606016,768,768,1536
298,1764450474.0667121,kem_handshake,0.000042589|0.000039092|0.000049952,0.00,0.00,43606016,43606016,768,768,1536
299,1764450474.0689461,kem_handshake,0.000041978|0.000036497|0.000054540,0.00,0.00,43606016,43606016,768,768,1536
300,1764450474.0711179,kem_handshake,0.000063407|0.000060552|0.000097961,0.00,0.00,43606016,43606016,768,768,1536
301,1764450474.0745177,kem_handshake,0.000076822|0.000054631|0.000069027,0.00,0.00,43606016,43606016,768,768,1536
302,1764450474.0772083,kem_handshake,0.000057997|0.000058287|0.000100095,0.00,0.00,43606016,43606016,768,768,1536
303,1764450474.080222,kem_handshake,0.000093773|0.000073085|0.000125852,0.00,0.00,43606016,43606016,768,768,1536
304,1764450474.0836375,kem_handshake,0.000085938|0.000064178|0.000089676,0.00,0.00,43606016,43606016,768,768,1536
305,1764450474.0858274,kem_handshake,0.000053569|0.000056203|0.000078275,0.00,0.00,43606016,43606016,768,768,1536
306,1764450474.0881457,kem_handshake,0.000063818|0.000057586|0.000105645,0.00,0.00,43606016,43606016,768,768,1536
307,1764450474.091278,kem_handshake,0.000063357|0.000071061|0.000053588,0.00,0.00,43606016,43606016,768,768,1536
308,1764450474.0930321,kem_handshake,0.000039052|0.000034013|0.000044122,0.00,0.00,43606016,43606016,768,768,1536
309,1764450474.0956757,kem_handshake,0.000068357|0.000052867|0.000099383,0.00,0.00,43606016,43606016,768,768,1536
310,1764450474.0991929,kem_handshake,0.000061674|0.000047939|0.000071412,0.00,0.00,43606016,43606016,768,768,1536
311,1764450474.1018903,kem_handshake,0.000091760|0.000077613|0.000118148,0.00,0.00,43606016,43606016,768,768,1536
312,1764450474.10425,kem_handshake,0.000077994|0.000068838|0.000124419,0.00,0.00,43606016,43606016,768,768,1536
313,1764450474.1067548,kem_handshake,0.000051966|0.000044061|0.000062806,0.00,0.00,43606016,43606016,768,768,1536
314,1764450474.1090531,kem_handshake,0.000031067|0.000030556|0.000038280,0.00,0.00,43606016,43606016,768,768,1536
315,1764450474.1110497,kem_handshake,0.000055983|0.000057776|0.000079597,0.00,0.00,43606016,43606016,768,768,1536
316,1764450474.1136441,kem_handshake,0.000090347|0.000070339|0.000129609,0.00,0.00,43606016,43606016,768,768,1536
317,1764450474.1167617,kem_handshake,0.000065240|0.000061313|0.000095166,0.00,0.00,43606016,43606016,768,768,1536
318,1764450474.118944,kem_handshake,0.000038732|0.000031488|0.000058959,0.00,0.00,43606016,43606016,768,768,1536
319,1764450474.1212628,kem_handshake,0.000080759|0.000088172|0.000092571,0.00,0.00,43606016,43606016,768,768,1536
320,1764450474.12377,kem_handshake,0.000052407|0.000043300|0.000075790,0.00,0.00,43606016,43606016,768,768,1536
321,1764450474.1266954,kem_handshake,0.000050273|0.000053148|0.000100486,0.00,0.00,43606016,43606016,768,768,1536
322,1764450474.1287825,kem_handshake,0.000037118|0.000035226|0.000098802,0.00,0.00,43606016,43606016,768,768,1536
323,1764450474.1320155,kem_handshake,0.000065281|0.000051455|0.000088002,0.00,0.00,43606016,43606016,768,768,1536
324,1764450474.1340642,kem_handshake,0.000036658|0.000032861|0.000043961,0.00,0.00,43606016,43606016,768,768,1536
325,1764450474.136144,kem_handshake,0.000033753|0.000052146|0.000050123,0.00,0.00,43606016,43606016,768,768,1536
326,1764450474.1401176,kem_handshake,0.000090978|0.000075569|0.000128487,0.00,0.00,43606016,43606016,768,768,1536
327,1764450474.143061,kem_handshake,0.000060402|0.000050453|0.000084566,0.00,0.00,43606016,43606016,768,768,1536
328,1764450474.1463997,kem_handshake,0.000084917|0.000066373|0.000055312,0.00,0.00,43606016,43606016,768,768,1536
329,1764450474.1492548,kem_handshake,0.000075971|0.000067354|0.000126714,0.00,0.00,43606016,43606016,768,768,1536
330,1764450474.1520746,kem_handshake,0.000037689|0.000032029|0.000050483,0.00,0.00,43606016,43606016,768,768,1536
331,1764450474.1542604,kem_handshake,0.000069919|0.000065601|0.000116755,0.00,0.00,43606016,43606016,768,768,1536
332,1764450474.1570387,kem_handshake,0.000064258|0.000051756|0.000097049,0.00,0.00,43606016,43606016,768,768,1536
333,1764450474.1594086,kem_handshake,0.000046335|0.000084656|0.000071582,0.00,0.00,43606016,43606016,768,768,1536
334,1764450474.162544,kem_handshake,0.000062285|0.000067044|0.000135410,0.00,0.00,43606016,43606016,768,768,1536
335,1764450474.1656458,kem_handshake,0.000044342|0.000037389|0.000083033,0.00,7911.80,43606016,43606016,768,768,1536
336,1764450474.168446,kem_handshake,0.000056455|0.000056835|0.000077814,0.00,0.00,43606016,43606016,768,768,1536
337,1764450474.1701398,kem_handshake,0.000025647|0.000026649|0.000037249,0.00,0.00,43606016,43606016,768,768,1536
338,1764450474.172337,kem_handshake,0.000059720|0.000049101|0.000083624,0.00,0.00,43606016,43606016,768,768,1536
339,1764450474.175388,kem_handshake,0.000043821|0.000039443|0.000077112,0.00,0.00,43606016,43606016,768,768,1536
340,1764450474.177515,kem_handshake,0.000041567|0.000044442|0.000045504,0.00,0.00,43606016,43606016,768,768,1536
341,1764450474.1809702,kem_handshake,0.000056685|0.000048771|0.000108239,0.00,0.00,43606016,43606016,768,768,1536
342,1764450474.183609,kem_handshake,0.000044762|0.000038952|0.000053599,0.00,0.00,43606016,43606016,768,768,1536
343,1764450474.18623,kem_handshake,0.000060933|0.000061063|0.000097831,0.00,0.00,43606016,43606016,768,768,1536
344,1764450474.1895523,kem_handshake,0.000058488|0.000049882|0.000061904,0.00,0.00,43606016,43606016,768,768,1536
345,1764450474.1926997,kem_handshake,0.000104833|0.000087272|0.000128617,0.00,0.00,43606016,43606016,768,768,1536
346,1764450474.1949673,kem_handshake,0.000057627|0.000053299|0.000075019,0.00,0.00,43606016,43606016,768,768,1536
347,1764450474.1981282,kem_handshake,0.000088202|0.000050513|0.000090887,0.00,0.00,43606016,43606016,768,768,1536
348,1764450474.2009473,kem_handshake,0.000053809|0.000040244|0.000062766,0.00,0.00,43606016,43606016,768,768,1536
349,1764450474.2038991,kem_handshake,0.000049361|0.000035605|0.000069839,0.00,0.00,43606016,43606016,768,768,1536
350,1764450474.2075686,kem_handshake,0.000206671|0.000108050|0.000132815,0.00,2217.90,43606016,43606016,768,768,1536
351,1764450474.2106528,kem_handshake,0.000061594|0.000058899|0.000092701,0.00,0.00,43606016,43606016,768,768,1536
352,1764450474.2131505,kem_handshake,0.000043620|0.000038842|0.000072274,0.00,0.00,43606016,43606016,768,768,1536
353,1764450474.2156227,kem_handshake,0.000048329|0.000041787|0.000059519,0.00,0.00,43606016,43606016,768,768,1536
354,1764450474.2176926,kem_handshake,0.000036798|0.000032480|0.000052386,0.00,9378.60,43606016,43606016,768,768,1536
355,1764450474.2195177,kem_handshake,0.000049421|0.000051976|0.000072534,0.00,0.00,43606016,43606016,768,768,1536
356,1764450474.2221072,kem_handshake,0.000072845|0.000059660|0.000082643,0.00,0.00,43606016,43606016,768,768,1536
357,1764450474.2245045,kem_handshake,0.000039884|0.000033272|0.000054441,0.00,0.00,43606016,43606016,768,768,1536
358,1764450474.2265165,kem_handshake,0.000048630|0.000038070|0.000058368,0.00,0.00,43606016,43606016,768,768,1536
359,1764450474.228741,kem_handshake,0.000056915|0.000042178|0.000081601,0.00,0.00,43606016,43606016,768,768,1536
360,1764450474.2316408,kem_handshake,0.000102219|0.000061955|0.000105174,0.00,0.00,43606016,43606016,768,768,1536
361,1764450474.2338185,kem_handshake,0.000033472|0.000032019|0.000047538,0.00,0.00,43606016,43606016,768,768,1536
362,1764450474.2357175,kem_handshake,0.000030025|0.000031778|0.000051645,0.00,0.00,43606016,43606016,768,768,1536
363,1764450474.237659,kem_handshake,0.000059761|0.000058708|0.000085288,0.00,0.00,43606016,43606016,768,768,1536
364,1764450474.2402022,kem_handshake,0.000060271|0.000053298|0.000067264,0.00,0.00,43606016,43606016,768,768,1536
365,1764450474.2426622,kem_handshake,0.000053098|0.000057597|0.000081781,0.00,0.00,43606016,43606016,768,768,1536
366,1764450474.2455223,kem_handshake,0.000087992|0.000046185|0.000095206,0.00,0.00,43606016,43606016,768,768,1536
367,1764450474.2494617,kem_handshake,0.000125021|0.000080538|0.000116946,0.00,0.00,43606016,43606016,768,768,1536
368,1764450474.252531,kem_handshake,0.000101407|0.000070650|0.000120813,0.00,0.00,43606016,43606016,768,768,1536
369,1764450474.2555294,kem_handshake,0.000086008|0.000081721|0.000094354,0.00,0.00,43606016,43606016,768,768,1536
370,1764450474.2583635,kem_handshake,0.000086289|0.000072955|0.000117847,0.00,0.00,43606016,43606016,768,768,1536
371,1764450474.2613676,kem_handshake,0.000037880|0.000031759|0.000051485,0.00,0.00,43606016,43606016,768,768,1536
372,1764450474.263031,kem_handshake,0.000041737|0.000035605|0.000057957,0.00,0.00,43606016,43606016,768,768,1536
373,1764450474.265912,kem_handshake,0.000068697|0.000050053|0.000079116,0.00,0.00,43606016,43606016,768,768,1536
374,1764450474.2682796,kem_handshake,0.000064780|0.000062064|0.000084596,0.00,0.00,43606016,43606016,768,768,1536
375,1764450474.2703707,kem_handshake,0.000063317|0.000070640|0.000083123,0.00,0.00,43606016,43606016,768,768,1536
376,1764450474.2731204,kem_handshake,0.000068977|0.000062896|0.000121545,0.00,0.00,43606016,43606016,768,768,1536
377,1764450474.2756636,kem_handshake,0.000039272|0.000036377|0.000049331,0.00,0.00,43606016,43606016,768,768,1536
378,1764450474.278409,kem_handshake,0.000060181|0.000076281|0.000098051,0.00,0.00,43606016,43606016,768,768,1536
379,1764450474.2828088,kem_handshake,0.000063778|0.000049161|0.000105404,0.00,0.00,43606016,43606016,768,768,1536
380,1764450474.2859812,kem_handshake,0.000062305|0.000061283|0.000085267,0.00,0.00,43606016,43606016,768,768,1536
381,1764450474.288945,kem_handshake,0.000077332|0.000049591|0.000064980,0.00,0.00,43606016,43606016,768,768,1536
382,1764450474.2916682,kem_handshake,0.000058839|0.000058599|0.000050082,0.00,0.00,43606016,43606016,768,768,1536
383,1764450474.2935045,kem_handshake,0.000031698|0.000029795|0.000045945,0.00,0.00,43606016,43606016,768,768,1536
384,1764450474.2954278,kem_handshake,0.000043470|0.000037369|0.000060412,0.00,0.00,43606016,43606016,768,768,1536
385,1764450474.2977197,kem_handshake,0.000068387|0.000052427|0.000088593,0.00,0.00,43606016,43606016,768,768,1536
386,1764450474.2999294,kem_handshake,0.000036277|0.000031268|0.000045815,0.00,0.00,43606016,43606016,768,768,1536
387,1764450474.3019931,kem_handshake,0.000036838|0.000033071|0.000044312,0.00,0.00,43606016,43606016,768,768,1536
388,1764450474.3038085,kem_handshake,0.000039322|0.000036979|0.000067865,0.00,0.00,43606016,43606016,768,768,1536
389,1764450474.3057702,kem_handshake,0.000037770|0.000036788|0.000048399,0.00,0.00,43606016,43606016,768,768,1536
390,1764450474.3085985,kem_handshake,0.000056965|0.000059721|0.000105004,0.00,0.00,43606016,43606016,768,768,1536
391,1764450474.310896,kem_handshake,0.000057176|0.000058387|0.000071421,0.00,0.00,43606016,43606016,768,768,1536
392,1764450474.3139944,kem_handshake,0.000118789|0.000082422|0.000140039,0.00,0.00,43606016,43606016,768,768,1536
393,1764450474.316912,kem_handshake,0.000044983|0.000037058|0.000083133,0.00,0.00,43606016,43606016,768,768,1536
394,1764450474.319993,kem_handshake,0.000059600|0.000058908|0.000085578,0.00,0.00,43606016,43606016,768,768,1536
395,1764450474.3225741,kem_handshake,0.000064740|0.000062846|0.000098782,0.00,0.00,43606016,43606016,768,768,1536
396,1764450474.3248167,kem_handshake,0.000035265|0.000034153|0.000044482,0.00,0.00,43606016,43606016,768,768,1536
397,1764450474.326872,kem_handshake,0.000055553|0.000056965|0.000077594,0.00,0.00,43606016,43606016,768,768,1536
398,1764450474.3285034,kem_handshake,0.000028883|0.000027591|0.000038330,0.00,0.00,43606016,43606016,768,768,1536
399,1764450474.3305838,kem_handshake,0.000077172|0.000058218|0.000090277,0.00,0.00,43606016,43606016,768,768,1536
400,1764450474.3332381,kem_handshake,0.000052457|0.000054641|0.000076481,0.00,0.00,43606016,43606016,768,768,1536
401,1764450474.3354063,kem_handshake,0.000047829|0.000053890|0.000071992,0.00,0.00,43606016,43606016,768,768,1536
402,1764450474.3380547,kem_handshake,0.000085719|0.000077713|0.000121544,0.00,0.00,43606016,43606016,768,768,1536
403,1764450474.3415577,kem_handshake,0.000046826|0.000044052|0.000071883,0.00,0.00,43606016,43606016,768,768,1536
404,1764450474.3438857,kem_handshake,0.000061574|0.000060562|0.000081060,0.00,0.00,43606016,43606016,768,768,1536
405,1764450474.3474493,kem_handshake,0.000090147|0.000092360|0.000116244,0.00,0.00,43606016,43606016,768,768,1536
406,1764450474.351524,kem_handshake,0.000133186|0.000092631|0.000103391,0.00,3147.60,43606016,43606016,768,768,1536
407,1764450474.3541653,kem_handshake,0.000103211|0.000086820|0.000133306,0.00,0.00,43606016,43606016,768,768,1536
408,1764450474.3580039,kem_handshake,0.000079576|0.000058789|0.000105514,0.00,0.00,43606016,43606016,768,768,1536
409,1764450474.3609326,kem_handshake,0.000089515|0.000070941|0.000092611,0.00,0.00,43606016,43606016,768,768,1536
410,1764450474.3638709,kem_handshake,0.000077282|0.000064348|0.000138015,0.00,0.00,43606016,43606016,768,768,1536
411,1764450474.367428,kem_handshake,0.000148624|0.000124239|0.000135741,0.00,0.00,43606016,43606016,768,768,1536
412,1764450474.3698287,kem_handshake,0.000050484|0.000055753|0.000072373,0.00,0.00,43606016,43606016,768,768,1536
413,1764450474.372966,kem_handshake,0.000069288|0.000070260|0.000132575,0.00,0.00,43606016,43606016,768,768,1536
414,1764450474.3759794,kem_handshake,0.000061263|0.000057907|0.000081130,0.00,0.00,43606016,43606016,768,768,1536
415,1764450474.3787408,kem_handshake,0.000067404|0.000075419|0.000113950,0.00,0.00,43606016,43606016,768,768,1536
416,1764450474.3826501,kem_handshake,0.000076912|0.000064308|0.000090487,0.00,0.00,43606016,43606016,768,768,1536
417,1764450474.385362,kem_handshake,0.000105544|0.000116525|0.000114011,0.00,0.00,43606016,43606016,768,768,1536
418,1764450474.3878024,kem_handshake,0.000051295|0.000044773|0.000078735,0.00,0.00,43606016,43606016,768,768,1536
419,1764450474.3905404,kem_handshake,0.000089715|0.000063337|0.000082973,0.00,0.00,43606016,43606016,768,768,1536
420,1764450474.3931887,kem_handshake,0.000032500|0.000032099|0.000052126,0.00,0.00,43606016,43606016,768,768,1536
421,1764450474.3950639,kem_handshake,0.000042428|0.000049060|0.000068376,0.00,0.00,43606016,43606016,768,768,1536
422,1764450474.3972948,kem_handshake,0.000076732|0.000061143|0.000112658,0.00,0.00,43606016,43606016,768,768,1536
423,1764450474.4005783,kem_handshake,0.000087211|0.000079517|0.000102058,0.00,0.00,43606016,43606016,768,768,1536
424,1764450474.4024198,kem_handshake,0.000033031|0.000030897|0.000040084,0.00,0.00,43606016,43606016,768,768,1536
425,1764450474.4045777,kem_handshake,0.000047668|0.000066643|0.000069970,0.00,0.00,43606016,43606016,768,768,1536
426,1764450474.4072974,kem_handshake,0.000074468|0.000065241|0.000106507,0.00,0.00,43606016,43606016,768,768,1536
427,1764450474.4106941,kem_handshake,0.000050303|0.000043420|0.000069118,0.00,0.00,43606016,43606016,768,768,1536
428,1764450474.4138572,kem_handshake,0.000093573|0.000070671|0.000086991,0.00,0.00,43606016,43606016,768,768,1536
429,1764450474.4174752,kem_handshake,0.000054130|0.000047929|0.000073906,0.00,0.00,43606016,43606016,768,768,1536
430,1764450474.419865,kem_handshake,0.000062065|0.000061424|0.000084256,0.00,0.00,43606016,43606016,768,768,1536
431,1764450474.4235072,kem_handshake,0.000104954|0.000073476|0.000136332,0.00,0.00,43610112,43610112,768,768,1536
432,1764450474.426556,kem_handshake,0.000056384|0.000046326|0.000058498,0.00,0.00,43610112,43610112,768,768,1536
433,1764450474.4294488,kem_handshake,0.000091048|0.000072043|0.000112057,0.00,0.00,43610112,43610112,768,768,1536
434,1764450474.4324799,kem_handshake,0.000048419|0.000040455|0.000056094,0.00,0.00,43610112,43610112,768,768,1536
435,1764450474.4350414,kem_handshake,0.000064169|0.000095076|0.000090366,0.00,0.00,43610112,43610112,768,768,1536
436,1764450474.4376721,kem_handshake,0.000093042|0.000048700|0.000057847,0.00,0.00,43610112,43610112,768,768,1536
437,1764450474.4399538,kem_handshake,0.000096468|0.000086269|0.000146841,0.00,0.00,43610112,43610112,768,768,1536
438,1764450474.4430912,kem_handshake,0.000057497|0.000060101|0.000083293,0.00,0.00,43610112,43610112,768,768,1536
439,1764450474.445254,kem_handshake,0.000037729|0.000039683|0.000043230,0.00,0.00,43610112,43610112,768,768,1536
440,1764450474.4476416,kem_handshake,0.000068497|0.000045344|0.000064980,0.00,0.00,43610112,43610112,768,768,1536
441,1764450474.4499948,kem_handshake,0.000041256|0.000036628|0.000048499,0.00,0.00,43610112,43610112,768,768,1536
442,1764450474.452564,kem_handshake,0.000081360|0.000051164|0.000093092,0.00,0.00,43610112,43610112,768,768,1536
443,1764450474.455454,kem_handshake,0.000061764|0.000060442|0.000084566,0.00,0.00,43610112,43610112,768,768,1536
444,1764450474.4578617,kem_handshake,0.000033502|0.000032590|0.000043220,0.00,0.00,43610112,43610112,768,768,1536
445,1764450474.4597821,kem_handshake,0.000054651|0.000057927|0.000102189,0.00,0.00,43610112,43610112,768,768,1536
446,1764450474.4625413,kem_handshake,0.000056695|0.000048159|0.000072674,0.00,0.00,43610112,43610112,768,768,1536
447,1764450474.4657238,kem_handshake,0.000075499|0.000058158|0.000098151,0.00,0.00,43610112,43610112,768,768,1536
448,1764450474.4680567,kem_handshake,0.000043310|0.000033622|0.000041156,0.00,0.00,43610112,43610112,768,768,1536
449,1764450474.4697087,kem_handshake,0.000034554|0.000037229|0.000052397,0.00,0.00,43610112,43610112,768,768,1536
450,1764450474.4717712,kem_handshake,0.000046997|0.000039703|0.000064288,0.00,0.00,43610112,43610112,768,768,1536
451,1764450474.4746444,kem_handshake,0.000063107|0.000050323|0.000065651,0.00,0.00,43610112,43610112,768,768,1536
452,1764450474.47708,kem_handshake,0.000042909|0.000055483|0.000075861,0.00,0.00,43610112,43610112,768,768,1536
453,1764450474.4794092,kem_handshake,0.000067044|0.000079256|0.000077192,0.00,0.00,43610112,43610112,768,768,1536
454,1764450474.4824038,kem_handshake,0.000032359|0.000040505|0.000074948,0.00,0.00,43610112,43610112,768,768,1536
455,1764450474.4847553,kem_handshake,0.000027010|0.000030446|0.000046906,0.00,0.00,43610112,43610112,768,768,1536
456,1764450474.4862776,kem_handshake,0.000021199|0.000024506|0.000034734,0.00,0.00,43610112,43610112,768,768,1536
457,1764450474.4877722,kem_handshake,0.000036057|0.000038321|0.000057025,0.00,0.00,43610112,43610112,768,768,1536
458,1764450474.4905984,kem_handshake,0.000055592|0.000050182|0.000057607,0.00,0.00,43610112,43610112,768,768,1536
459,1764450474.4926305,kem_handshake,0.000037980|0.000034283|0.000043760,0.00,0.00,43610112,43610112,768,768,1536
460,1764450474.4947817,kem_handshake,0.000049642|0.000043791|0.000047748,0.00,0.00,43610112,43610112,768,768,1536
461,1764450474.4963868,kem_handshake,0.000030116|0.000028462|0.000046546,0.00,0.00,43610112,43610112,768,768,1536
462,1764450474.4982193,kem_handshake,0.000053920|0.000045143|0.000093883,0.00,0.00,43610112,43610112,768,768,1536
463,1764450474.5004308,kem_handshake,0.000033361|0.000034664|0.000045634,0.00,0.00,43610112,43610112,768,768,1536
464,1764450474.5026736,kem_handshake,0.000047187|0.000053018|0.000077643,0.00,0.00,43610112,43610112,768,768,1536
465,1764450474.5050468,kem_handshake,0.000042158|0.000038140|0.000051906,0.00,0.00,43610112,43610112,768,768,1536
466,1764450474.5077696,kem_handshake,0.000071593|0.000055492|0.000091379,0.00,0.00,43610112,43610112,768,768,1536
467,1764450474.5100572,kem_handshake,0.000036858|0.000032971|0.000044042,0.00,0.00,43610112,43610112,768,768,1536
468,1764450474.5116134,kem_handshake,0.000026860|0.000027561|0.000037770,0.00,0.00,43610112,43610112,768,768,1536
469,1764450474.5137188,kem_handshake,0.000068838|0.000063407|0.000096648,0.00,0.00,43610112,43610112,768,768,1536
470,1764450474.5163696,kem_handshake,0.000054541|0.000067174|0.000078384,0.00,0.00,43610112,43610112,768,768,1536
471,1764450474.5182528,kem_handshake,0.000034604|0.000038231|0.000043440,0.00,0.00,43610112,43610112,768,768,1536
472,1764450474.5201182,kem_handshake,0.000030096|0.000072113|0.000042498,0.00,0.00,43610112,43610112,768,768,1536
473,1764450474.522097,kem_handshake,0.000037229|0.000032851|0.000046867,0.00,0.00,43610112,43610112,768,768,1536
474,1764450474.5247743,kem_handshake,0.000118880|0.000108400|0.000161588,0.00,0.00,43610112,43610112,768,768,1536
475,1764450474.5277288,kem_handshake,0.000033622|0.000035436|0.000049361,0.00,0.00,43610112,43610112,768,768,1536
476,1764450474.529789,kem_handshake,0.000060832|0.000066943|0.000091669,0.00,0.00,43610112,43610112,768,768,1536
477,1764450474.5330954,kem_handshake,0.000064118|0.000053749|0.000081311,0.00,0.00,43610112,43610112,768,768,1536
478,1764450474.5354178,kem_handshake,0.000037038|0.000034023|0.000042799,0.00,0.00,43610112,43610112,768,768,1536
479,1764450474.53796,kem_handshake,0.000071522|0.000056013|0.000091759,0.00,0.00,43614208,43614208,768,768,1536
480,1764450474.5411177,kem_handshake,0.000058188|0.000048319|0.000077303,0.00,0.00,43614208,43614208,768,768,1536
481,1764450474.5431495,kem_handshake,0.000041506|0.000034553|0.000048640,0.00,0.00,43614208,43614208,768,768,1536
482,1764450474.5451999,kem_handshake,0.000053469|0.000043510|0.000060302,0.00,0.00,43614208,43614208,768,768,1536
483,1764450474.5484073,kem_handshake,0.000094885|0.000074297|0.000114722,0.00,0.00,43614208,43614208,768,768,1536
484,1764450474.5518267,kem_handshake,0.000055803|0.000047819|0.000069449,0.00,0.00,43614208,43614208,768,768,1536
485,1764450474.5549357,kem_handshake,0.000081811|0.000068838|0.000113780,0.00,0.00,43614208,43614208,768,768,1536
486,1764450474.5579495,kem_handshake,0.000059750|0.000047929|0.000077603,0.00,0.00,43614208,43614208,768,768,1536
487,1764450474.5600777,kem_handshake,0.000053319|0.000056004|0.000073205,0.00,0.00,43614208,43614208,768,768,1536
488,1764450474.5623794,kem_handshake,0.000049281|0.000038751|0.000062676,0.00,0.00,43614208,43614208,768,768,1536
489,1764450474.5650122,kem_handshake,0.000050613|0.000045193|0.000128037,0.00,0.00,43614208,43614208,768,768,1536
490,1764450474.5676653,kem_handshake,0.000070881|0.000053989|0.000071943,0.00,0.00,43614208,43614208,768,768,1536
491,1764450474.5692546,kem_handshake,0.000034454|0.000030516|0.000038982,0.00,0.00,43614208,43614208,768,768,1536
492,1764450474.571224,kem_handshake,0.000046406|0.000041847|0.000108951,0.00,0.00,43614208,43614208,768,768,1536
493,1764450474.574223,kem_handshake,0.000072304|0.000073866|0.000137474,0.00,0.00,43614208,43614208,768,768,1536
494,1764450474.5763776,kem_handshake,0.000031949|0.000030587|0.000042128,0.00,0.00,43614208,43614208,768,768,1536
495,1764450474.5777266,kem_handshake,0.000021490|0.000024595|0.000033983,0.00,0.00,43614208,43614208,768,768,1536
496,1764450474.5796072,kem_handshake,0.000054961|0.000064589|0.000062886,0.00,0.00,43618304,43618304,768,768,1536
497,1764450474.581258,kem_handshake,0.000031528|0.000041948|0.000044602,0.00,0.00,43618304,43618304,768,768,1536
498,1764450474.5834558,kem_handshake,0.000047378|0.000040054|0.000053940,0.00,0.00,43618304,43618304,768,768,1536
499,1764450474.5861948,kem_handshake,0.000053459|0.000055252|0.000092501,0.00,0.00,43618304,43618304,768,768,1536
500,1764450474.5893984,kem_handshake,0.000058518|0.000052757|0.000063457,0.00,0.00,43618304,43618304,768,768,1536
501,1764450474.5922043,kem_handshake,0.000071162|0.000053158|0.000113529,0.00,0.00,43618304,43618304,768,768,1536
502,1764450474.5946794,kem_handshake,0.000080259|0.000068987|0.000086149,0.00,0.00,43618304,43618304,768,768,1536
503,1764450474.5981913,kem_handshake,0.000107428|0.000075049|0.000113851,0.00,0.00,43618304,43618304,768,768,1536
504,1764450474.601014,kem_handshake,0.000041727|0.000034795|0.000056084,0.00,0.00,43618304,43618304,768,768,1536
505,1764450474.6025586,kem_handshake,0.000029324|0.000028613|0.000038441,0.00,0.00,43618304,43618304,768,768,1536
506,1764450474.605181,kem_handshake,0.000103401|0.000053138|0.000089836,0.00,0.00,43618304,43618304,768,768,1536
507,1764450474.6084404,kem_handshake,0.000101317|0.000062876|0.000074909,0.00,0.00,43618304,43618304,768,768,1536
508,1764450474.6108415,kem_handshake,0.000051815|0.000053128|0.000045825,0.00,0.00,43618304,43618304,768,768,1536
509,1764450474.612863,kem_handshake,0.000080980|0.000077724|0.000094855,0.00,3867.00,43618304,43618304,768,768,1536
510,1764450474.6155117,kem_handshake,0.000056003|0.000046066|0.000065010,0.00,0.00,43618304,43618304,768,768,1536
511,1764450474.6179006,kem_handshake,0.000034934|0.000031599|0.000042849,0.00,0.00,43618304,43618304,768,768,1536
512,1764450474.6201713,kem_handshake,0.000038321|0.000037129|0.000062475,0.00,0.00,43618304,43618304,768,768,1536
513,1764450474.6224046,kem_handshake,0.000044021|0.000038561|0.000049221,0.00,0.00,43622400,43622400,768,768,1536
514,1764450474.6249208,kem_handshake,0.000055803|0.000057756|0.000080599,0.00,0.00,43622400,43622400,768,768,1536
515,1764450474.6269226,kem_handshake,0.000066412|0.000059339|0.000078244,0.00,0.00,43622400,43622400,768,768,1536
516,1764450474.629452,kem_handshake,0.000062325|0.000061574|0.000089555,0.00,0.00,43622400,43622400,768,768,1536
517,1764450474.6317658,kem_handshake,0.000068276|0.000052597|0.000097861,0.00,0.00,43622400,43622400,768,768,1536
518,1764450474.634078,kem_handshake,0.000051245|0.000055002|0.000075920,0.00,0.00,43622400,43622400,768,768,1536
519,1764450474.6359751,kem_handshake,0.000027892|0.000027992|0.000038150,0.00,0.00,43622400,43622400,768,768,1536
520,1764450474.637524,kem_handshake,0.000035286|0.000032029|0.000050193,0.00,0.00,43622400,43622400,768,768,1536
521,1764450474.6394718,kem_handshake,0.000037309|0.000035305|0.000079877,0.00,0.00,43622400,43622400,768,768,1536
522,1764450474.6421647,kem_handshake,0.000141902|0.000045575|0.000065722,0.00,0.00,43622400,43622400,768,768,1536
523,1764450474.6441116,kem_handshake,0.000036567|0.000036628|0.000048760,0.00,0.00,43622400,43622400,768,768,1536
524,1764450474.6462643,kem_handshake,0.000046556|0.000047438|0.000057236,0.00,0.00,43622400,43622400,768,768,1536
525,1764450474.6489017,kem_handshake,0.000053108|0.000050153|0.000089926,0.00,0.00,43622400,43622400,768,768,1536
526,1764450474.6512513,kem_handshake,0.000049762|0.000054170|0.000043450,0.00,0.00,43622400,43622400,768,768,1536
527,1764450474.653715,kem_handshake,0.000048430|0.000037239|0.000065180,0.00,0.00,43622400,43622400,768,768,1536
528,1764450474.6561654,kem_handshake,0.000054782|0.000055252|0.000087010,0.00,0.00,43622400,43622400,768,768,1536
529,1764450474.659067,kem_handshake,0.000071512|0.000051225|0.000065100,0.00,0.00,43622400,43622400,768,768,1536
530,1764450474.6612966,kem_handshake,0.000028793|0.000032731|0.000076331,0.00,10183.20,43622400,43622400,768,768,1536
531,1764450474.6630235,kem_handshake,0.000040886|0.000033101|0.000059369,0.00,0.00,43622400,43622400,768,768,1536
532,1764450474.6652677,kem_handshake,0.000055693|0.000044683|0.000081270,0.00,0.00,43622400,43622400,768,768,1536
533,1764450474.667219,kem_handshake,0.000030927|0.000030687|0.000040936,0.00,0.00,43622400,43622400,768,768,1536
534,1764450474.6689703,kem_handshake,0.000030497|0.000031137|0.000046005,0.00,0.00,43622400,43622400,768,768,1536
535,1764450474.6712627,kem_handshake,0.000063117|0.000059740|0.000098251,0.00,0.00,43622400,43622400,768,768,1536
536,1764450474.674728,kem_handshake,0.000049241|0.000053759|0.000062045,0.00,0.00,43622400,43622400,768,768,1536
537,1764450474.6775072,kem_handshake,0.000058918|0.000058087|0.000089154,0.00,0.00,43622400,43622400,768,768,1536
538,1764450474.6795235,kem_handshake,0.000055743|0.000043220|0.000065230,0.00,0.00,43622400,43622400,768,768,1536
539,1764450474.6820707,kem_handshake,0.000050814|0.000044653|0.000069148,0.00,0.00,43622400,43622400,768,768,1536
540,1764450474.6844823,kem_handshake,0.000038982|0.000034694|0.000046506,0.00,0.00,43622400,43622400,768,768,1536
541,1764450474.6870081,kem_handshake,0.000043660|0.000048860|0.000071512,0.00,0.00,43622400,43622400,768,768,1536
542,1764450474.689073,kem_handshake,0.000038812|0.000036868|0.000052457,0.00,0.00,43622400,43622400,768,768,1536
543,1764450474.6914928,kem_handshake,0.000048269|0.000053949|0.000078425,0.00,0.00,43622400,43622400,768,768,1536
544,1764450474.693392,kem_handshake,0.000037710|0.000033942|0.000083334,0.00,0.00,43622400,43622400,768,768,1536
545,1764450474.696607,kem_handshake,0.000080489|0.000072413|0.000115563,0.00,0.00,43622400,43622400,768,768,1536
546,1764450474.6990907,kem_handshake,0.000037799|0.000034353|0.000047688,0.00,0.00,43622400,43622400,768,768,1536
547,1764450474.7008038,kem_handshake,0.000028794|0.000029114|0.000038692,0.00,0.00,43622400,43622400,768,768,1536
548,1764450474.70232,kem_handshake,0.000025918|0.000026950|0.000037700,0.00,0.00,43622400,43622400,768,768,1536
549,1764450474.7038012,kem_handshake,0.000029284|0.000035114|0.000062375,0.00,0.00,43622400,43622400,768,768,1536
550,1764450474.705655,kem_handshake,0.000032751|0.000031438|0.000046316,0.00,0.00,43622400,43622400,768,768,1536
551,1764450474.7080388,kem_handshake,0.000036668|0.000032971|0.000056956,0.00,0.00,43622400,43622400,768,768,1536
552,1764450474.709851,kem_handshake,0.000037619|0.000030216|0.000045575,0.00,0.00,43622400,43622400,768,768,1536
553,1764450474.7113008,kem_handshake,0.000026889|0.000027440|0.000038772,0.00,0.00,43622400,43622400,768,768,1536
554,1764450474.7140443,kem_handshake,0.000101267|0.000070630|0.000122656,0.00,0.00,43622400,43622400,768,768,1536
555,1764450474.7173347,kem_handshake,0.000063788|0.000061443|0.000062055,0.00,0.00,43622400,43622400,768,768,1536
556,1764450474.7194042,kem_handshake,0.000031308|0.000029935|0.000049672,0.00,0.00,43622400,43622400,768,768,1536
557,1764450474.7208686,kem_handshake,0.000027581|0.000026188|0.000046937,0.00,0.00,43622400,43622400,768,768,1536
558,1764450474.7228205,kem_handshake,0.000049681|0.000041637|0.000074918,0.00,0.00,43622400,43622400,768,768,1536
559,1764450474.7252326,kem_handshake,0.000065090|0.000048590|0.000062366,0.00,0.00,43622400,43622400,768,768,1536
560,1764450474.727307,kem_handshake,0.000026710|0.000027691|0.000042378,0.00,0.00,43622400,43622400,768,768,1536
561,1764450474.7291794,kem_handshake,0.000053679|0.000058047|0.000100475,0.00,0.00,43622400,43622400,768,768,1536
562,1764450474.7321374,kem_handshake,0.000090046|0.000090837|0.000075690,0.00,0.00,43622400,43622400,768,768,1536
563,1764450474.7346876,kem_handshake,0.000046456|0.000042268|0.000080408,0.00,0.00,43622400,43622400,768,768,1536
564,1764450474.7366407,kem_handshake,0.000034884|0.000029695|0.000046386,0.00,0.00,43622400,43622400,768,768,1536
565,1764450474.7396295,kem_handshake,0.000074097|0.000081821|0.000143565,0.00,0.00,43622400,43622400,768,768,1536
566,1764450474.7426453,kem_handshake,0.000072554|0.000058288|0.000100345,0.00,0.00,43622400,43622400,768,768,1536
567,1764450474.7445884,kem_handshake,0.000030617|0.000029575|0.000039993,0.00,0.00,43622400,43622400,768,768,1536
568,1764450474.746133,kem_handshake,0.000026509|0.000030376|0.000039674,0.00,0.00,43622400,43622400,768,768,1536
569,1764450474.7479916,kem_handshake,0.000037109|0.000034093|0.000048119,0.00,0.00,43622400,43622400,768,768,1536
570,1764450474.7503417,kem_handshake,0.000093132|0.000054110|0.000073846,0.00,0.00,43622400,43622400,768,768,1536
571,1764450474.7532063,kem_handshake,0.000054811|0.000059751|0.000088644,0.00,0.00,43622400,43622400,768,768,1536
572,1764450474.7563615,kem_handshake,0.000065641|0.000050524|0.000076421,0.00,0.00,43622400,43622400,768,768,1536
573,1764450474.758716,kem_handshake,0.000035675|0.000069738|0.000075640,0.00,0.00,43622400,43622400,768,768,1536
574,1764450474.7608786,kem_handshake,0.000043501|0.000051796|0.000071933,0.00,0.00,43622400,43622400,768,768,1536
575,1764450474.7633998,kem_handshake,0.000055372|0.000043189|0.000070881,0.00,0.00,43622400,43622400,768,768,1536
576,1764450474.7663817,kem_handshake,0.000045564|0.000034153|0.000055392,0.00,0.00,43622400,43622400,768,768,1536
577,1764450474.768833,kem_handshake,0.000045865|0.000052227|0.000077653,0.00,0.00,43622400,43622400,768,768,1536
578,1764450474.7710087,kem_handshake,0.000050322|0.000053008|0.000086320,0.00,0.00,43622400,43622400,768,768,1536
579,1764450474.773295,kem_handshake,0.000060020|0.000062505|0.000086570,0.00,0.00,43622400,43622400,768,768,1536
580,1764450474.7760308,kem_handshake,0.000051826|0.000057296|0.000079187,0.00,0.00,43622400,43622400,768,768,1536
581,1764450474.7780702,kem_handshake,0.000041617|0.000048610|0.000068317,0.00,0.00,43622400,43622400,768,768,1536
582,1764450474.7807236,kem_handshake,0.000074307|0.000058127|0.000093633,0.00,0.00,43622400,43622400,768,768,1536
583,1764450474.7835436,kem_handshake,0.000039362|0.000034624|0.000045744,0.00,0.00,43622400,43622400,768,768,1536
584,1764450474.785488,kem_handshake,0.000046385|0.000036958|0.000054301,0.00,0.00,43622400,43622400,768,768,1536
585,1764450474.7872865,kem_handshake,0.000055272|0.000079397|0.000041176,0.00,4556.10,43622400,43622400,768,768,1536
586,1764450474.7891173,kem_handshake,0.000028493|0.000032600|0.000046586,0.00,0.00,43622400,43622400,768,768,1536
587,1764450474.7919774,kem_handshake,0.000089405|0.000079317|0.000130691,0.00,0.00,43622400,43622400,768,768,1536
588,1764450474.7940989,kem_handshake,0.000046265|0.000050273|0.000071181,0.00,0.00,43622400,43622400,768,768,1536
589,1764450474.797037,kem_handshake,0.000067284|0.000055743|0.000101587,0.00,0.00,43622400,43622400,768,768,1536
590,1764450474.8001025,kem_handshake,0.000045564|0.000039443|0.000053980,0.00,0.00,43622400,43622400,768,768,1536
591,1764450474.8023174,kem_handshake,0.000052988|0.000069698|0.000072263,0.00,0.00,43622400,43622400,768,768,1536
592,1764450474.8050864,kem_handshake,0.000073947|0.000075389|0.000121724,0.00,0.00,43622400,43622400,768,768,1536
593,1764450474.8077815,kem_handshake,0.000049612|0.000059610|0.000084245,0.00,0.00,43622400,43622400,768,768,1536
594,1764450474.8102925,kem_handshake,0.000042569|0.000034884|0.000045033,0.00,0.00,43622400,43622400,768,768,1536
595,1764450474.8131495,kem_handshake,0.000076551|0.000075690|0.000118398,0.00,0.00,43622400,43622400,768,768,1536
596,1764450474.815976,kem_handshake,0.000068146|0.000065270|0.000051626,0.00,0.00,43622400,43622400,768,768,1536
597,1764450474.8187535,kem_handshake,0.000056053|0.000055853|0.000093393,0.00,0.00,43622400,43622400,768,768,1536
598,1764450474.8208642,kem_handshake,0.000038581|0.000030596|0.000051064,0.00,0.00,43622400,43622400,768,768,1536
599,1764450474.8237693,kem_handshake,0.000076120|0.000038280|0.000064258,0.00,0.00,43622400,43622400,768,768,1536
600,1764450474.8265612,kem_handshake,0.000053198|0.000053779|0.000075329,0.00,0.00,43622400,43622400,768,768,1536
601,1764450474.8282344,kem_handshake,0.000026308|0.000026388|0.000049352,0.00,0.00,43622400,43622400,768,768,1536
602,1764450474.8302119,kem_handshake,0.000053739|0.000059349|0.000104493,0.00,0.00,43622400,43622400,768,768,1536
603,1764450474.8324542,kem_handshake,0.000045484|0.000038551|0.000061744,0.00,0.00,43622400,43622400,768,768,1536
604,1764450474.834864,kem_handshake,0.000050313|0.000056455|0.000070841,0.00,0.00,43622400,43622400,768,768,1536
605,1764450474.8378282,kem_handshake,0.000086269|0.000049992|0.000079867,0.00,0.00,43622400,43622400,768,768,1536
606,1764450474.840563,kem_handshake,0.000047508|0.000039002|0.000069288,0.00,0.00,43622400,43622400,768,768,1536
607,1764450474.8429632,kem_handshake,0.000029134|0.000028312|0.000037789,0.00,0.00,43622400,43622400,768,768,1536
608,1764450474.846257,kem_handshake,0.000215949|0.000112337|0.000138386,0.00,0.00,43622400,43622400,768,768,1536
609,1764450474.8497093,kem_handshake,0.000047618|0.000043911|0.000068717,0.00,0.00,43622400,43622400,768,768,1536
610,1764450474.852102,kem_handshake,0.000066362|0.000063086|0.000057807,0.00,0.00,43622400,43622400,768,768,1536
611,1764450474.8556335,kem_handshake,0.000084636|0.000075870|0.000105204,0.00,0.00,43626496,43626496,768,768,1536
612,1764450474.8590996,kem_handshake,0.000096007|0.000071041|0.000123818,0.00,0.00,43626496,43626496,768,768,1536
613,1764450474.8617198,kem_handshake,0.000060111|0.000044532|0.000079828,0.00,0.00,43626496,43626496,768,768,1536
614,1764450474.8646505,kem_handshake,0.000081260|0.000073877|0.000124019,0.00,0.00,43626496,43626496,768,768,1536
615,1764450474.8680317,kem_handshake,0.000065300|0.000066102|0.000088824,0.00,0.00,43626496,43626496,768,768,1536
616,1764450474.8710341,kem_handshake,0.000078605|0.000060642|0.000121033,0.00,0.00,43626496,43626496,768,768,1536
617,1764450474.8746927,kem_handshake,0.000072043|0.000067064|0.000092741,0.00,0.00,43626496,43626496,768,768,1536
618,1764450474.8778586,kem_handshake,0.000080910|0.000096749|0.000094184,0.00,0.00,43626496,43626496,768,768,1536
619,1764450474.883324,kem_handshake,0.000124741|0.000107538|0.000125342,0.00,0.00,43626496,43626496,768,768,1536
620,1764450474.8864768,kem_handshake,0.000060552|0.000050293|0.000066282,0.00,0.00,43630592,43630592,768,768,1536
621,1764450474.890631,kem_handshake,0.000110674|0.000076972|0.000117156,0.00,0.00,43630592,43630592,768,768,1536
622,1764450474.8936853,kem_handshake,0.000057586|0.000049050|0.000068607,0.00,0.00,43630592,43630592,768,768,1536
623,1764450474.8983204,kem_handshake,0.000057847|0.000053919|0.000065592,0.00,0.00,43630592,43630592,768,768,1536
624,1764450474.9022334,kem_handshake,0.000055673|0.000045594|0.000063727,0.00,0.00,43630592,43630592,768,768,1536
625,1764450474.905996,kem_handshake,0.000107048|0.000078485|0.000128006,0.00,0.00,43630592,43630592,768,768,1536
626,1764450474.9100869,kem_handshake,0.000058458|0.000048199|0.000063827,0.00,0.00,43630592,43630592,768,768,1536
627,1764450474.9139705,kem_handshake,0.000112528|0.000087040|0.000126413,0.00,0.00,43630592,43630592,768,768,1536
628,1764450474.9174523,kem_handshake,0.000055933|0.000047668|0.000063267,0.00,0.00,43630592,43630592,768,768,1536
629,1764450474.9216971,kem_handshake,0.000087211|0.000072224|0.000121364,0.00,0.00,43630592,43630592,768,768,1536
630,1764450474.924973,kem_handshake,0.000071311|0.000053659|0.000063778,0.00,0.00,43634688,43634688,768,768,1536
631,1764450474.9274697,kem_handshake,0.000043641|0.000038942|0.000053208,0.00,0.00,43634688,43634688,768,768,1536
632,1764450474.9305518,kem_handshake,0.000133196|0.000083354|0.000149987,0.00,0.00,43634688,43634688,768,768,1536
633,1764450474.933246,kem_handshake,0.000033061|0.000038792|0.000046176,0.00,0.00,43634688,43634688,768,768,1536
634,1764450474.9354608,kem_handshake,0.000038832|0.000037209|0.000049261,0.00,0.00,43634688,43634688,768,768,1536
635,1764450474.9383564,kem_handshake,0.000057416|0.000044251|0.000076631,0.00,0.00,43634688,43634688,768,768,1536
636,1764450474.9410472,kem_handshake,0.000061935|0.000053308|0.000081601,0.00,0.00,43634688,43634688,768,768,1536
637,1764450474.9458723,kem_handshake,0.000179421|0.000129960|0.000185192,0.00,0.00,43634688,43634688,768,768,1536
638,1764450474.9506836,kem_handshake,0.000118559|0.000109141|0.000080900,0.00,0.00,43634688,43634688,768,768,1536
639,1764450474.9544806,kem_handshake,0.000133827|0.000057797|0.000095225,0.00,3988.60,43634688,43634688,768,768,1536
640,1764450474.957774,kem_handshake,0.000085357|0.000060662|0.000098101,0.00,0.00,43638784,43638784,768,768,1536
641,1764450474.9605296,kem_handshake,0.000063357|0.000058699|0.000085868,0.00,0.00,43638784,43638784,768,768,1536
642,1764450474.9643276,kem_handshake,0.000064650|0.000053859|0.000099413,0.00,0.00,43638784,43638784,768,768,1536
643,1764450474.9663277,kem_handshake,0.000047538|0.000040205|0.000061444,0.00,0.00,43638784,43638784,768,768,1536
644,1764450474.9693305,kem_handshake,0.000054371|0.000062165|0.000080098,0.00,0.00,43638784,43638784,768,768,1536
645,1764450474.9720716,kem_handshake,0.000069338|0.000056243|0.000079496,0.00,0.00,43638784,43638784,768,768,1536
646,1764450474.9754326,kem_handshake,0.000093132|0.000093723|0.000119841,0.00,0.00,43638784,43638784,768,768,1536
647,1764450474.9778433,kem_handshake,0.000030887|0.000030397|0.000038551,0.00,0.00,43638784,43638784,768,768,1536
648,1764450474.9796307,kem_handshake,0.000039272|0.000032951|0.000068486,0.00,0.00,43638784,43638784,768,768,1536
649,1764450474.981264,kem_handshake,0.000031739|0.000037850|0.000053278,0.00,0.00,43638784,43638784,768,768,1536
650,1764450474.9832816,kem_handshake,0.000039312|0.000036206|0.000042319,0.00,0.00,43642880,43642880,768,768,1536
651,1764450474.984798,kem_handshake,0.000024044|0.000026670|0.000038661,0.00,0.00,43642880,43642880,768,768,1536
652,1764450474.9866843,kem_handshake,0.000042108|0.000048680|0.000071642,0.00,0.00,43642880,43642880,768,768,1536
653,1764450474.9889293,kem_handshake,0.000029765|0.000033181|0.000041407,0.00,0.00,43642880,43642880,768,768,1536
654,1764450474.9907892,kem_handshake,0.000042188|0.000033452|0.000048841,0.00,0.00,43642880,43642880,768,768,1536
655,1764450474.9932387,kem_handshake,0.000051495|0.000053749|0.000079357,0.00,0.00,43642880,43642880,768,768,1536
656,1764450474.994806,kem_handshake,0.000023313|0.000026218|0.000035766,0.00,0.00,43642880,43642880,768,768,1536
657,1764450474.9963815,kem_handshake,0.000032641|0.000027771|0.000042078,0.00,0.00,43642880,43642880,768,768,1536
658,1764450474.9981866,kem_handshake,0.000030967|0.000031458|0.000067475,0.00,0.00,43642880,43642880,768,768,1536
659,1764450474.9997895,kem_handshake,0.000034404|0.000036157|0.000048850,0.00,0.00,43642880,43642880,768,768,1536
660,1764450475.002332,kem_handshake,0.000046205|0.000063998|0.000103511,0.00,0.00,43646976,43646976,768,768,1536
661,1764450475.0051136,kem_handshake,0.000062685|0.000051525|0.000082653,0.00,0.00,43646976,43646976,768,768,1536
662,1764450475.0080853,kem_handshake,0.000077743|0.000062184|0.000156318,0.00,0.00,43646976,43646976,768,768,1536
663,1764450475.0109468,kem_handshake,0.000051875|0.000056664|0.000080719,0.00,0.00,43646976,43646976,768,768,1536
664,1764450475.012856,kem_handshake,0.000045364|0.000037650|0.000062305,0.00,0.00,43646976,43646976,768,768,1536
665,1764450475.015141,kem_handshake,0.000052256|0.000055793|0.000128497,0.00,0.00,43646976,43646976,768,768,1536
666,1764450475.0182407,kem_handshake,0.000054901|0.000060631|0.000077383,0.00,0.00,43646976,43646976,768,768,1536
667,1764450475.0198133,kem_handshake,0.000025137|0.000026689|0.000036297,0.00,0.00,43646976,43646976,768,768,1536
668,1764450475.0216181,kem_handshake,0.000049230|0.000051946|0.000082582,0.00,0.00,43646976,43646976,768,768,1536
669,1764450475.0239282,kem_handshake,0.000058358|0.000064790|0.000122827,0.00,0.00,43646976,43646976,768,768,1536
670,1764450475.0264938,kem_handshake,0.000052607|0.000053148|0.000078625,0.00,0.00,43651072,43651072,768,768,1536
671,1764450475.0287106,kem_handshake,0.000052827|0.000055572|0.000090888,0.00,0.00,43651072,43651072,768,768,1536
672,1764450475.0306232,kem_handshake,0.000029174|0.000029695|0.000039753,0.00,0.00,43651072,43651072,768,768,1536
673,1764450475.0326805,kem_handshake,0.000071452|0.000057175|0.000082502,0.00,0.00,43651072,43651072,768,768,1536
674,1764450475.034665,kem_handshake,0.000043009|0.000039433|0.000048630,0.00,0.00,43651072,43651072,768,768,1536
675,1764450475.036269,kem_handshake,0.000025257|0.000027741|0.000037720,0.00,0.00,43651072,43651072,768,768,1536
676,1764450475.037737,kem_handshake,0.000029444|0.000028493|0.000043821,0.00,0.00,43651072,43651072,768,768,1536
677,1764450475.0391555,kem_handshake,0.000025747|0.000027000|0.000046966,0.00,0.00,43651072,43651072,768,768,1536
678,1764450475.0417979,kem_handshake,0.000055703|0.000052156|0.000091349,0.00,0.00,43651072,43651072,768,768,1536
679,1764450475.043765,kem_handshake,0.000038111|0.000032871|0.000048028,0.00,0.00,43651072,43651072,768,768,1536
680,1764450475.045578,kem_handshake,0.000050583|0.000053649|0.000074728,0.00,0.00,43655168,43655168,768,768,1536
681,1764450475.047894,kem_handshake,0.000057536|0.000071182|0.000101428,0.00,0.00,43655168,43655168,768,768,1536
682,1764450475.0505497,kem_handshake,0.000077743|0.000065431|0.000085017,0.00,0.00,43655168,43655168,768,768,1536
683,1764450475.05279,kem_handshake,0.000064358|0.000058838|0.000078134,0.00,0.00,43655168,43655168,768,768,1536
684,1764450475.0552561,kem_handshake,0.000037509|0.000038852|0.000047037,0.00,0.00,43655168,43655168,768,768,1536
685,1764450475.057435,kem_handshake,0.000076241|0.000043901|0.000092611,0.00,0.00,43655168,43655168,768,768,1536
686,1764450475.060714,kem_handshake,0.000064550|0.000063437|0.000098322,0.00,0.00,43655168,43655168,768,768,1536
687,1764450475.0628083,kem_handshake,0.000031669|0.000028162|0.000044162,0.00,0.00,43655168,43655168,768,768,1536
688,1764450475.0644884,kem_handshake,0.000043931|0.000036598|0.000053669,0.00,0.00,43655168,43655168,768,768,1536
689,1764450475.0663733,kem_handshake,0.000047437|0.000042930|0.000084847,0.00,0.00,43655168,43655168,768,768,1536
690,1764450475.0693164,kem_handshake,0.000070200|0.000054601|0.000055102,0.00,5042.70,43659264,43659264,768,768,1536
691,1764450475.0716128,kem_handshake,0.000060642|0.000061183|0.000084727,0.00,0.00,43659264,43659264,768,768,1536
692,1764450475.0735166,kem_handshake,0.000031087|0.000041206|0.000045855,0.00,0.00,43659264,43659264,768,768,1536
693,1764450475.0759342,kem_handshake,0.000045234|0.000043490|0.000047377,0.00,0.00,43659264,43659264,768,768,1536
694,1764450475.0784204,kem_handshake,0.000126634|0.000062435|0.000070680,0.00,0.00,43659264,43659264,768,768,1536
695,1764450475.080547,kem_handshake,0.000050283|0.000041407|0.000073495,0.00,0.00,43659264,43659264,768,768,1536
696,1764450475.0830622,kem_handshake,0.000062295|0.000045935|0.000081290,0.00,0.00,43659264,43659264,768,768,1536
697,1764450475.0848649,kem_handshake,0.000028272|0.000028202|0.000059389,0.00,0.00,43659264,43659264,768,768,1536
698,1764450475.0867276,kem_handshake,0.000039462|0.000047648|0.000127846,0.00,0.00,43659264,43659264,768,768,1536
699,1764450475.0886538,kem_handshake,0.000031267|0.000028552|0.000041667,0.00,0.00,43659264,43659264,768,768,1536
700,1764450475.0902205,kem_handshake,0.000037329|0.000032971|0.000049682,0.00,0.00,43663360,43663360,768,768,1536
701,1764450475.0922487,kem_handshake,0.000052858|0.000054190|0.000072043,0.00,0.00,43663360,43663360,768,768,1536
702,1764450475.0944483,kem_handshake,0.000053519|0.000054090|0.000070170,0.00,0.00,43663360,43663360,768,768,1536
703,1764450475.0962882,kem_handshake,0.000043741|0.000035255|0.000061354,0.00,0.00,43663360,43663360,768,768,1536
704,1764450475.0979896,kem_handshake,0.000034865|0.000031498|0.000042869,0.00,0.00,43663360,43663360,768,768,1536
705,1764450475.100275,kem_handshake,0.000056675|0.000061584|0.000090728,0.00,0.00,43663360,43663360,768,768,1536
706,1764450475.1025307,kem_handshake,0.000048019|0.000052868|0.000079447,0.00,0.00,43663360,43663360,768,768,1536
707,1764450475.1041987,kem_handshake,0.000030887|0.000029395|0.000047358,0.00,0.00,43663360,43663360,768,768,1536
708,1764450475.1060288,kem_handshake,0.000047047|0.000051686|0.000099163,0.00,0.00,43663360,43663360,768,768,1536
709,1764450475.10898,kem_handshake,0.000091469|0.000067445|0.000107789,0.00,0.00,43663360,43663360,768,768,1536
710,1764450475.1111853,kem_handshake,0.000033302|0.000030687|0.000047678,0.00,0.00,43667456,43667456,768,768,1536
711,1764450475.1131516,kem_handshake,0.000045825|0.000039693|0.000088012,0.00,0.00,43667456,43667456,768,768,1536
712,1764450475.1149855,kem_handshake,0.000027411|0.000026189|0.000037630,0.00,0.00,43667456,43667456,768,768,1536
713,1764450475.116956,kem_handshake,0.000061193|0.000053038|0.000098241,0.00,0.00,43667456,43667456,768,768,1536
714,1764450475.1196103,kem_handshake,0.000060051|0.000053870|0.000047428,0.00,0.00,43667456,43667456,768,768,1536
715,1764450475.121469,kem_handshake,0.000051816|0.000052948|0.000082833,0.00,0.00,43667456,43667456,768,768,1536
716,1764450475.1237495,kem_handshake,0.000076220|0.000105685|0.000091589,0.00,0.00,43667456,43667456,768,768,1536
717,1764450475.1265562,kem_handshake,0.000039513|0.000036978|0.000050062,0.00,0.00,43667456,43667456,768,768,1536
718,1764450475.128344,kem_handshake,0.000024475|0.000024896|0.000035015,0.00,0.00,43667456,43667456,768,768,1536
719,1764450475.1303225,kem_handshake,0.000042629|0.000058808|0.000084777,0.00,0.00,43667456,43667456,768,768,1536
720,1764450475.13241,kem_handshake,0.000036087|0.000034173|0.000043791,0.00,0.00,43671552,43671552,768,768,1536
721,1764450475.13439,kem_handshake,0.000035325|0.000030857|0.000060442,0.00,0.00,43671552,43671552,768,768,1536
722,1764450475.1364312,kem_handshake,0.000055392|0.000066573|0.000075960,0.00,0.00,43671552,43671552,768,768,1536
723,1764450475.138959,kem_handshake,0.000054701|0.000060331|0.000101547,0.00,6158.00,43671552,43671552,768,768,1536
724,1764450475.141243,kem_handshake,0.000054741|0.000044662|0.000102539,0.00,0.00,43671552,43671552,768,768,1536
725,1764450475.1437347,kem_handshake,0.000064449|0.000052747|0.000078445,0.00,0.00,43671552,43671552,768,768,1536
726,1764450475.145619,kem_handshake,0.000046936|0.000051855|0.000079808,0.00,0.00,43671552,43671552,768,768,1536
727,1764450475.14808,kem_handshake,0.000042187|0.000039122|0.000049782,0.00,0.00,43671552,43671552,768,768,1536
728,1764450475.150343,kem_handshake,0.000074849|0.000062606|0.000127104,0.00,0.00,43671552,43671552,768,768,1536
729,1764450475.153109,kem_handshake,0.000080348|0.000057245|0.000064158,0.00,0.00,43671552,43671552,768,768,1536
730,1764450475.1555464,kem_handshake,0.000052597|0.000053609|0.000071622,0.00,0.00,43671552,43671552,768,768,1536
731,1764450475.1573877,kem_handshake,0.000042779|0.000039473|0.000058618,0.00,0.00,43675648,43675648,768,768,1536
732,1764450475.159628,kem_handshake,0.000037089|0.000032711|0.000044553,0.00,0.00,43675648,43675648,768,768,1536
733,1764450475.161983,kem_handshake,0.000059269|0.000058097|0.000078455,0.00,0.00,43675648,43675648,768,768,1536
734,1764450475.1643124,kem_handshake,0.000035907|0.000062666|0.000075760,0.00,0.00,43675648,43675648,768,768,1536
735,1764450475.1664598,kem_handshake,0.000078104|0.000047308|0.000078736,0.00,0.00,43675648,43675648,768,768,1536
736,1764450475.168503,kem_handshake,0.000032309|0.000035335|0.000045644,0.00,0.00,43675648,43675648,768,768,1536
737,1764450475.1704552,kem_handshake,0.000036948|0.000033582|0.000043750,0.00,0.00,43675648,43675648,768,768,1536
738,1764450475.1721215,kem_handshake,0.000027330|0.000029124|0.000039343,0.00,0.00,43675648,43675648,768,768,1536
739,1764450475.1747663,kem_handshake,0.000069589|0.000069448|0.000062345,0.00,0.00,43675648,43675648,768,768,1536
740,1764450475.176951,kem_handshake,0.000033673|0.000032199|0.000039843,0.00,0.00,43675648,43675648,768,768,1536
741,1764450475.1788793,kem_handshake,0.000049943|0.000051335|0.000072023,0.00,0.00,43679744,43679744,768,768,1536
742,1764450475.1812963,kem_handshake,0.000057436|0.000059169|0.000088634,0.00,0.00,43679744,43679744,768,768,1536
743,1764450475.1836557,kem_handshake,0.000047979|0.000042007|0.000068497,0.00,0.00,43679744,43679744,768,768,1536
744,1764450475.1857526,kem_handshake,0.000033061|0.000029845|0.000047127,0.00,0.00,43679744,43679744,768,768,1536
745,1764450475.1876376,kem_handshake,0.000042979|0.000038971|0.000065321,0.00,0.00,43679744,43679744,768,768,1536
746,1764450475.1894078,kem_handshake,0.000046726|0.000053158|0.000072805,0.00,0.00,43679744,43679744,768,768,1536
747,1764450475.1920183,kem_handshake,0.000122255|0.000076521|0.000084837,0.00,0.00,43679744,43679744,768,768,1536
748,1764450475.1951215,kem_handshake,0.000057586|0.000058258|0.000094364,0.00,0.00,43679744,43679744,768,768,1536
749,1764450475.1973023,kem_handshake,0.000071142|0.000050733|0.000094284,0.00,0.00,43679744,43679744,768,768,1536
750,1764450475.2004151,kem_handshake,0.000090026|0.000069989|0.000103171,0.00,0.00,43679744,43679744,768,768,1536
751,1764450475.2035728,kem_handshake,0.000071011|0.000052437|0.000089785,0.00,0.00,43679744,43679744,768,768,1536
752,1764450475.2063959,kem_handshake,0.000076331|0.000071943|0.000110314,0.00,0.00,43683840,43683840,768,768,1536
753,1764450475.2091203,kem_handshake,0.000053068|0.000047267|0.000116645,0.00,0.00,43683840,43683840,768,768,1536
754,1764450475.211739,kem_handshake,0.000049542|0.000052818|0.000080609,0.00,0.00,43683840,43683840,768,768,1536
755,1764450475.2135913,kem_handshake,0.000038451|0.000031709|0.000057195,0.00,0.00,43683840,43683840,768,768,1536
756,1764450475.2155974,kem_handshake,0.000068737|0.000061975|0.000071142,0.00,0.00,43683840,43683840,768,768,1536
757,1764450475.2172315,kem_handshake,0.000022311|0.000031719|0.000035436,0.00,0.00,43683840,43683840,768,768,1536
758,1764450475.219281,kem_handshake,0.000073176|0.000098422|0.000075039,0.00,0.00,43683840,43683840,768,768,1536
759,1764450475.2227254,kem_handshake,0.000091750|0.000073255|0.000125883,0.00,0.00,43683840,43683840,768,768,1536
760,1764450475.225077,kem_handshake,0.000059761|0.000052166|0.000065491,0.00,0.00,43683840,43683840,768,768,1536
761,1764450475.2275307,kem_handshake,0.000071733|0.000067615|0.000094805,0.00,0.00,43683840,43683840,768,768,1536
762,1764450475.2297432,kem_handshake,0.000050413|0.000053749|0.000086650,0.00,0.00,43687936,43687936,768,768,1536
763,1764450475.2315216,kem_handshake,0.000030376|0.000031609|0.000041877,0.00,0.00,43687936,43687936,768,768,1536
764,1764450475.2338674,kem_handshake,0.000054932|0.000039863|0.000071442,0.00,0.00,43687936,43687936,768,768,1536
765,1764450475.2358053,kem_handshake,0.000032610|0.000030667|0.000040865,0.00,0.00,43687936,43687936,768,768,1536
766,1764450475.2375538,kem_handshake,0.000034794|0.000029495|0.000054220,0.00,0.00,43687936,43687936,768,768,1536
767,1764450475.239564,kem_handshake,0.000072794|0.000075340|0.000118198,0.00,0.00,43687936,43687936,768,768,1536
768,1764450475.2427518,kem_handshake,0.000058548|0.000069589|0.000123218,0.00,0.00,43687936,43687936,768,768,1536
769,1764450475.2446604,kem_handshake,0.000027451|0.000027781|0.000038240,0.00,0.00,43687936,43687936,768,768,1536
770,1764450475.2468853,kem_handshake,0.000068226|0.000060782|0.000070250,0.00,0.00,43687936,43687936,768,768,1536
771,1764450475.2493005,kem_handshake,0.000066613|0.000050032|0.000086339,0.00,0.00,43687936,43687936,768,768,1536
772,1764450475.2518008,kem_handshake,0.000033141|0.000032390|0.000042439,0.00,0.00,43692032,43692032,768,768,1536
773,1764450475.2535672,kem_handshake,0.000039593|0.000038511|0.000078085,0.00,0.00,43692032,43692032,768,768,1536
774,1764450475.2559416,kem_handshake,0.000044462|0.000041647|0.000056664,0.00,0.00,43692032,43692032,768,768,1536
775,1764450475.259068,kem_handshake,0.000059270|0.000051886|0.000081370,0.00,0.00,43692032,43692032,768,768,1536
776,1764450475.2615752,kem_handshake,0.000044452|0.000051094|0.000070280,0.00,0.00,43692032,43692032,768,768,1536
777,1764450475.2637825,kem_handshake,0.000060191|0.000040325|0.000044562,0.00,0.00,43692032,43692032,768,768,1536
778,1764450475.2661045,kem_handshake,0.000090818|0.000097340|0.000066162,0.00,0.00,43692032,43692032,768,768,1536
779,1764450475.2686884,kem_handshake,0.000025217|0.000032490|0.000041537,0.00,0.00,43696128,43696128,768,768,1536
780,1764450475.2709727,kem_handshake,0.000114702|0.000042689|0.000054511,0.00,0.00,43696128,43696128,768,768,1536
781,1764450475.2733822,kem_handshake,0.000040915|0.000033773|0.000046586,0.00,0.00,43696128,43696128,768,768,1536
782,1764450475.2766867,kem_handshake,0.000094305|0.000090808|0.000151780,0.00,0.00,43696128,43696128,768,768,1536
783,1764450475.2789624,kem_handshake,0.000057075|0.000053650|0.000086480,0.00,0.00,43700224,43700224,768,768,1536
784,1764450475.280998,kem_handshake,0.000032069|0.000029955|0.000040696,0.00,0.00,43700224,43700224,768,768,1536
785,1764450475.2834942,kem_handshake,0.000071201|0.000051745|0.000082032,0.00,0.00,43700224,43700224,768,768,1536
786,1764450475.2855117,kem_handshake,0.000046236|0.000066653|0.000069669,0.00,0.00,43700224,43700224,768,768,1536
787,1764450475.2870843,kem_handshake,0.000033602|0.000032720|0.000050914,0.00,0.00,43700224,43700224,768,768,1536
788,1764450475.2891955,kem_handshake,0.000045143|0.000051996|0.000081891,0.00,0.00,43700224,43700224,768,768,1536
789,1764450475.291825,kem_handshake,0.000048840|0.000047938|0.000065351,0.00,0.00,43700224,43700224,768,768,1536
790,1764450475.2940192,kem_handshake,0.000063657|0.000065370|0.000079627,0.00,0.00,43700224,43700224,768,768,1536
791,1764450475.2965622,kem_handshake,0.000038250|0.000034864|0.000058478,0.00,0.00,43700224,43700224,768,768,1536
792,1764450475.2985353,kem_handshake,0.000062435|0.000043190|0.000051836,0.00,0.00,43700224,43700224,768,768,1536
793,1764450475.3007412,kem_handshake,0.000031829|0.000032089|0.000064990,0.00,9942.70,43700224,43700224,768,768,1536
794,1764450475.3029168,kem_handshake,0.000046907|0.000051395|0.000071542,0.00,0.00,43704320,43704320,768,768,1536
795,1764450475.3048966,kem_handshake,0.000048459|0.000051596|0.000078475,0.00,5949.20,43704320,43704320,768,768,1536
796,1764450475.3067918,kem_handshake,0.000048169|0.000036027|0.000067976,0.00,0.00,43704320,43704320,768,768,1536
797,1764450475.309051,kem_handshake,0.000064389|0.000048129|0.000083815,0.00,0.00,43704320,43704320,768,768,1536
798,1764450475.3108873,kem_handshake,0.000031508|0.000029013|0.000045534,0.00,0.00,43704320,43704320,768,768,1536
799,1764450475.3123164,kem_handshake,0.000027721|0.000027331|0.000042588,0.00,0.00,43704320,43704320,768,768,1536
800,1764450475.3139455,kem_handshake,0.000032721|0.000032490|0.000050193,0.00,0.00,43704320,43704320,768,768,1536
801,1764450475.3157847,kem_handshake,0.000054340|0.000056344|0.000078365,0.00,0.00,43704320,43704320,768,768,1536
802,1764450475.3182306,kem_handshake,0.000041567|0.000043651|0.000104233,0.00,0.00,43704320,43704320,768,768,1536
803,1764450475.3204224,kem_handshake,0.000048008|0.000055382|0.000079918,0.00,0.00,43704320,43704320,768,768,1536
804,1764450475.3227067,kem_handshake,0.000063637|0.000055682|0.000077373,0.00,0.00,43704320,43704320,768,768,1536
805,1764450475.3259099,kem_handshake,0.000075119|0.000055352|0.000100807,0.00,0.00,43708416,43708416,768,768,1536
806,1764450475.3283455,kem_handshake,0.000044943|0.000060372|0.000085317,0.00,0.00,43708416,43708416,768,768,1536
807,1764450475.3298833,kem_handshake,0.000027330|0.000027130|0.000038561,0.00,0.00,43708416,43708416,768,768,1536
808,1764450475.3316994,kem_handshake,0.000047548|0.000034223|0.000063988,0.00,0.00,43708416,43708416,768,768,1536
809,1764450475.3343396,kem_handshake,0.000057335|0.000083404|0.000083013,0.00,0.00,43708416,43708416,768,768,1536
810,1764450475.3360288,kem_handshake,0.000023884|0.000024535|0.000034233,0.00,0.00,43708416,43708416,768,768,1536
811,1764450475.3380327,kem_handshake,0.000049170|0.000051485|0.000057035,0.00,0.00,43708416,43708416,768,768,1536
812,1764450475.3399708,kem_handshake,0.000035045|0.000030927|0.000042929,0.00,0.00,43708416,43708416,768,768,1536
813,1764450475.342092,kem_handshake,0.000050353|0.000037539|0.000067755,0.00,0.00,43708416,43708416,768,768,1536
814,1764450475.343855,kem_handshake,0.000031969|0.000028373|0.000047438,0.00,0.00,43708416,43708416,768,768,1536
815,1764450475.3454323,kem_handshake,0.000032801|0.000031228|0.000045414,0.00,0.00,43708416,43708416,768,768,1536
816,1764450475.3474133,kem_handshake,0.000050493|0.000040235|0.000061323,0.00,0.00,43712512,43712512,768,768,1536
817,1764450475.3501678,kem_handshake,0.000088513|0.000069268|0.000070040,0.00,0.00,43712512,43712512,768,768,1536
818,1764450475.3532076,kem_handshake,0.000059751|0.000059941|0.000097179,0.00,0.00,43712512,43712512,768,768,1536
819,1764450475.3561928,kem_handshake,0.000076020|0.000089045|0.000119330,0.00,0.00,43712512,43712512,768,768,1536
820,1764450475.3591745,kem_handshake,0.000059590|0.000061964|0.000096348,0.00,0.00,43712512,43712512,768,768,1536
821,1764450475.3627937,kem_handshake,0.000087762|0.000074538|0.000119150,0.00,0.00,43712512,43712512,768,768,1536
822,1764450475.36479,kem_handshake,0.000029955|0.000028343|0.000036838,0.00,0.00,43712512,43712512,768,768,1536
823,1764450475.3666446,kem_handshake,0.000044112|0.000039272|0.000048830,0.00,0.00,43712512,43712512,768,768,1536
824,1764450475.3697574,kem_handshake,0.000102620|0.000095466|0.000148554,0.00,0.00,43712512,43712512,768,768,1536
825,1764450475.3732343,kem_handshake,0.000116665|0.000085948|0.000141121,0.00,0.00,43712512,43712512,768,768,1536
826,1764450475.3765147,kem_handshake,0.000068417|0.000053689|0.000066232,0.00,0.00,43712512,43712512,768,768,1536
827,1764450475.3781838,kem_handshake,0.000025276|0.000026099|0.000035636,0.00,0.00,43716608,43716608,768,768,1536
828,1764450475.380274,kem_handshake,0.000050172|0.000076301|0.000069067,0.00,0.00,43716608,43716608,768,768,1536
829,1764450475.382439,kem_handshake,0.000039523|0.000031929|0.000069449,0.00,0.00,43716608,43716608,768,768,1536
830,1764450475.3842695,kem_handshake,0.000040514|0.000034193|0.000047208,0.00,0.00,43716608,43716608,768,768,1536
831,1764450475.3863904,kem_handshake,0.000030256|0.000071471|0.000073135,0.00,0.00,43716608,43716608,768,768,1536
832,1764450475.3882513,kem_handshake,0.000030416|0.000026489|0.000038101,0.00,0.00,43716608,43716608,768,768,1536
833,1764450475.3904178,kem_handshake,0.000040585|0.000036167|0.000050934,0.00,0.00,43716608,43716608,768,768,1536
834,1764450475.392904,kem_handshake,0.000029916|0.000030516|0.000054410,0.00,0.00,43716608,43716608,768,768,1536
835,1764450475.3950732,kem_handshake,0.000029765|0.000028392|0.000041316,0.00,0.00,43716608,43716608,768,768,1536
836,1764450475.397339,kem_handshake,0.000069107|0.000057587|0.000090498,0.00,0.00,43716608,43716608,768,768,1536
837,1764450475.400202,kem_handshake,0.000057977|0.000059740|0.000093122,0.00,0.00,43716608,43716608,768,768,1536
838,1764450475.402354,kem_handshake,0.000039763|0.000031038|0.000042047,0.00,0.00,43720704,43720704,768,768,1536
839,1764450475.404455,kem_handshake,0.000074027|0.000072364|0.000094204,0.00,0.00,43720704,43720704,768,768,1536
840,1764450475.4069889,kem_handshake,0.000053549|0.000046937|0.000077883,0.00,0.00,43720704,43720704,768,768,1536
841,1764450475.4101968,kem_handshake,0.000040384|0.000034674|0.000061263,0.00,0.00,43720704,43720704,768,768,1536
842,1764450475.4121714,kem_handshake,0.000050874|0.000053889|0.000098192,0.00,5679.40,43720704,43720704,768,768,1536
843,1764450475.4143534,kem_handshake,0.000038250|0.000034914|0.000046907,0.00,0.00,43720704,43720704,768,768,1536
844,1764450475.4171867,kem_handshake,0.000046937|0.000039674|0.000068096,0.00,0.00,43720704,43720704,768,768,1536
845,1764450475.4193282,kem_handshake,0.000047709|0.000066022|0.000073155,0.00,0.00,43720704,43720704,768,768,1536
846,1764450475.4213166,kem_handshake,0.000054881|0.000057055|0.000092220,0.00,0.00,43720704,43720704,768,768,1536
847,1764450475.4235303,kem_handshake,0.000053218|0.000041416|0.000052387,0.00,0.00,43720704,43720704,768,768,1536
848,1764450475.425313,kem_handshake,0.000029866|0.000029845|0.000040835,0.00,0.00,43720704,43720704,768,768,1536
849,1764450475.4269626,kem_handshake,0.000037299|0.000028734|0.000052477,0.00,0.00,43724800,43724800,768,768,1536
850,1764450475.4289124,kem_handshake,0.000047598|0.000051515|0.000089736,0.00,0.00,43724800,43724800,768,768,1536
851,1764450475.4308772,kem_handshake,0.000043461|0.000038230|0.000051274,0.00,0.00,43724800,43724800,768,768,1536
852,1764450475.4338408,kem_handshake,0.000078244|0.000074768|0.000092681,0.00,0.00,43724800,43724800,768,768,1536
853,1764450475.436234,kem_handshake,0.000035285|0.000038952|0.000044502,0.00,0.00,43724800,43724800,768,768,1536
854,1764450475.4381883,kem_handshake,0.000031258|0.000033292|0.000063798,0.00,0.00,43724800,43724800,768,768,1536
855,1764450475.440603,kem_handshake,0.000048960|0.000041818|0.000059860,0.00,0.00,43724800,43724800,768,768,1536
856,1764450475.4431102,kem_handshake,0.000037810|0.000033812|0.000043911,0.00,0.00,43724800,43724800,768,768,1536
857,1764450475.4449143,kem_handshake,0.000041516|0.000049701|0.000067494,0.00,0.00,43724800,43724800,768,768,1536
858,1764450475.4473317,kem_handshake,0.000085358|0.000091239|0.000096589,0.00,0.00,43724800,43724800,768,768,1536
859,1764450475.449957,kem_handshake,0.000061724|0.000058528|0.000086630,0.00,0.00,43724800,43724800,768,768,1536
860,1764450475.4528267,kem_handshake,0.000051865|0.000055312|0.000074858,0.00,0.00,43724800,43724800,768,768,1536
861,1764450475.4549704,kem_handshake,0.000052807|0.000057105|0.000080990,0.00,0.00,43728896,43728896,768,768,1536
862,1764450475.4581752,kem_handshake,0.000070801|0.000064610|0.000097129,0.00,0.00,43728896,43728896,768,768,1536
863,1764450475.4610968,kem_handshake,0.000046185|0.000040815|0.000066663,0.00,0.00,43728896,43728896,768,768,1536
864,1764450475.4630718,kem_handshake,0.000033542|0.000034494|0.000055562,0.00,0.00,43728896,43728896,768,768,1536
865,1764450475.4657636,kem_handshake,0.000061964|0.000050182|0.000067345,0.00,0.00,43728896,43728896,768,768,1536
866,1764450475.4683926,kem_handshake,0.000081511|0.000039794|0.000044061,0.00,0.00,43728896,43728896,768,768,1536
867,1764450475.4705095,kem_handshake,0.000073395|0.000038150|0.000068366,0.00,0.00,43728896,43728896,768,768,1536
868,1764450475.4730325,kem_handshake,0.000080117|0.000062746|0.000107158,0.00,0.00,43728896,43728896,768,768,1536
869,1764450475.47528,kem_handshake,0.000050092|0.000030737|0.000040004,0.00,0.00,43728896,43728896,768,768,1536
870,1764450475.4773612,kem_handshake,0.000026640|0.000028021|0.000041486,0.00,0.00,43728896,43728896,768,768,1536
871,1764450475.480404,kem_handshake,0.000091049|0.000083635|0.000116595,0.00,0.00,43728896,43728896,768,768,1536
872,1764450475.4838853,kem_handshake,0.000099644|0.000063147|0.000087932,0.00,0.00,43732992,43732992,768,768,1536
873,1764450475.4858017,kem_handshake,0.000030116|0.000043070|0.000069408,0.00,0.00,43732992,43732992,768,768,1536
874,1764450475.4874825,kem_handshake,0.000034544|0.000031839|0.000048750,0.00,0.00,43732992,43732992,768,768,1536
875,1764450475.4893382,kem_handshake,0.000043951|0.000038791|0.000085708,0.00,0.00,43732992,43732992,768,768,1536
876,1764450475.4914,kem_handshake,0.000033021|0.000031818|0.000041847,0.00,0.00,43732992,43732992,768,768,1536
877,1764450475.4930947,kem_handshake,0.000027892|0.000064258|0.000040745,0.00,0.00,43732992,43732992,768,768,1536
878,1764450475.4952438,kem_handshake,0.000045785|0.000067886|0.000055062,0.00,0.00,43732992,43732992,768,768,1536
879,1764450475.4970808,kem_handshake,0.000057146|0.000036547|0.000044643,0.00,0.00,43732992,43732992,768,768,1536
880,1764450475.4993944,kem_handshake,0.000056274|0.000041877|0.000066683,0.00,0.00,43732992,43732992,768,768,1536
881,1764450475.502398,kem_handshake,0.000086971|0.000089957|0.000058689,0.00,0.00,43732992,43732992,768,768,1536
882,1764450475.5040474,kem_handshake,0.000032881|0.000033612|0.000039814,0.00,0.00,43732992,43732992,768,768,1536
883,1764450475.506536,kem_handshake,0.000092921|0.000087351|0.000131803,0.00,0.00,43737088,43737088,768,768,1536
884,1764450475.509688,kem_handshake,0.000051515|0.000042769|0.000095136,0.00,0.00,43737088,43737088,768,768,1536
885,1764450475.5113707,kem_handshake,0.000022832|0.000025597|0.000036166,0.00,0.00,43737088,43737088,768,768,1536
886,1764450475.5129488,kem_handshake,0.000035466|0.000036217|0.000053599,0.00,0.00,43737088,43737088,768,768,1536
887,1764450475.515651,kem_handshake,0.000080318|0.000048089|0.000069819,0.00,0.00,43737088,43737088,768,768,1536
888,1764450475.5176206,kem_handshake,0.000047287|0.000041307|0.000063276,0.00,0.00,43737088,43737088,768,768,1536
889,1764450475.5199392,kem_handshake,0.000046155|0.000052848|0.000075058,0.00,0.00,43737088,43737088,768,768,1536
890,1764450475.5219646,kem_handshake,0.000043981|0.000039543|0.000057146,0.00,0.00,43737088,43737088,768,768,1536
891,1764450475.5245016,kem_handshake,0.000042329|0.000038351|0.000051074,0.00,0.00,43737088,43737088,768,768,1536
892,1764450475.5269165,kem_handshake,0.000056654|0.000053719|0.000080699,0.00,0.00,43737088,43737088,768,768,1536
893,1764450475.529021,kem_handshake,0.000029855|0.000040164|0.000100265,0.00,0.00,43737088,43737088,768,768,1536
894,1764450475.5315795,kem_handshake,0.000052357|0.000048860|0.000074438,0.00,0.00,43741184,43741184,768,768,1536
895,1764450475.5343714,kem_handshake,0.000037489|0.000037539|0.000049802,0.00,0.00,43741184,43741184,768,768,1536
896,1764450475.5360105,kem_handshake,0.000024175|0.000025717|0.000036087,0.00,0.00,43741184,43741184,768,768,1536
897,1764450475.5384455,kem_handshake,0.000093021|0.000047928|0.000065180,0.00,0.00,43741184,43741184,768,768,1536
898,1764450475.5411448,kem_handshake,0.000052697|0.000043190|0.000065220,0.00,0.00,43741184,43741184,768,768,1536
899,1764450475.5438588,kem_handshake,0.000066453|0.000062646|0.000084827,0.00,0.00,43741184,43741184,768,768,1536
900,1764450475.5468314,kem_handshake,0.000075159|0.000072995|0.000120733,0.00,0.00,43741184,43741184,768,768,1536
901,1764450475.5496933,kem_handshake,0.000107498|0.000084065|0.000140439,0.00,0.00,43741184,43741184,768,768,1536
902,1764450475.552047,kem_handshake,0.000037359|0.000033742|0.000042479,0.00,0.00,43741184,43741184,768,768,1536
903,1764450475.553748,kem_handshake,0.000042880|0.000036056|0.000046125,0.00,0.00,43741184,43741184,768,768,1536
904,1764450475.5560184,kem_handshake,0.000059580|0.000062015|0.000097370,0.00,0.00,43741184,43741184,768,768,1536
905,1764450475.5591705,kem_handshake,0.000063468|0.000064970|0.000088554,0.00,0.00,43745280,43745280,768,768,1536
906,1764450475.5621173,kem_handshake,0.000042288|0.000058708|0.000089946,0.00,0.00,43745280,43745280,768,768,1536
907,1764450475.564808,kem_handshake,0.000073005|0.000061894|0.000085979,0.00,0.00,43745280,43745280,768,768,1536
908,1764450475.5675113,kem_handshake,0.000048089|0.000041838|0.000062635,0.00,0.00,43745280,43745280,768,768,1536
909,1764450475.5705824,kem_handshake,0.000078816|0.000083274|0.000116586,0.00,0.00,43745280,43745280,768,768,1536
910,1764450475.573688,kem_handshake,0.000127004|0.000100044|0.000138737,0.00,0.00,43745280,43745280,768,768,1536
911,1764450475.5766912,kem_handshake,0.000044602|0.000038732|0.000048750,0.00,0.00,43745280,43745280,768,768,1536
912,1764450475.579062,kem_handshake,0.000063597|0.000052587|0.000084827,0.00,0.00,43745280,43745280,768,768,1536
913,1764450475.5824726,kem_handshake,0.000089044|0.000146871|0.000149607,0.00,0.00,43745280,43745280,768,768,1536
914,1764450475.5847368,kem_handshake,0.000037630|0.000034203|0.000043730,0.00,0.00,43745280,43745280,768,768,1536
915,1764450475.5866702,kem_handshake,0.000025547|0.000027982|0.000043300,0.00,0.00,43745280,43745280,768,768,1536
916,1764450475.5891733,kem_handshake,0.000073175|0.000049141|0.000105325,0.00,0.00,43749376,43749376,768,768,1536
917,1764450475.5932982,kem_handshake,0.000065371|0.000064690|0.000155397,0.00,0.00,43749376,43749376,768,768,1536
918,1764450475.5962563,kem_handshake,0.000073526|0.000071161|0.000120041,0.00,0.00,43749376,43749376,768,768,1536
919,1764450475.599877,kem_handshake,0.000045935|0.000041497|0.000079447,0.00,0.00,43749376,43749376,768,768,1536
920,1764450475.6021204,kem_handshake,0.000036568|0.000033081|0.000043650,0.00,0.00,43749376,43749376,768,768,1536
921,1764450475.6045096,kem_handshake,0.000058418|0.000043380|0.000065541,0.00,0.00,43749376,43749376,768,768,1536
922,1764450475.607712,kem_handshake,0.000094835|0.000086320|0.000134198,0.00,0.00,43749376,43749376,768,768,1536
923,1764450475.6105437,kem_handshake,0.000039413|0.000035877|0.000054571,0.00,0.00,43749376,43749376,768,768,1536
924,1764450475.6126814,kem_handshake,0.000071733|0.000068176|0.000098802,0.00,0.00,43749376,43749376,768,768,1536
925,1764450475.6155407,kem_handshake,0.000049771|0.000041937|0.000079076,0.00,0.00,43749376,43749376,768,768,1536
926,1764450475.6184702,kem_handshake,0.000031638|0.000029684|0.000040144,0.00,0.00,43749376,43749376,768,768,1536
927,1764450475.6199884,kem_handshake,0.000024044|0.000026769|0.000039182,0.00,0.00,43753472,43753472,768,768,1536
928,1764450475.6227999,kem_handshake,0.000074868|0.000071893|0.000113299,0.00,0.00,43753472,43753472,768,768,1536
929,1764450475.6251895,kem_handshake,0.000053860|0.000057496|0.000087712,0.00,0.00,43753472,43753472,768,768,1536
930,1764450475.6281424,kem_handshake,0.000061203|0.000068296|0.000072073,0.00,0.00,43753472,43753472,768,768,1536
931,1764450475.630164,kem_handshake,0.000038691|0.000037600|0.000058188,0.00,0.00,43753472,43753472,768,768,1536
932,1764450475.6324708,kem_handshake,0.000042408|0.000063207|0.000051645,0.00,0.00,43753472,43753472,768,768,1536
933,1764450475.63454,kem_handshake,0.000057235|0.000061403|0.000075239,0.00,0.00,43753472,43753472,768,768,1536
934,1764450475.6363788,kem_handshake,0.000027000|0.000028873|0.000038321,0.00,0.00,43753472,43753472,768,768,1536
935,1764450475.6383026,kem_handshake,0.000047578|0.000063307|0.000042408,0.00,0.00,43753472,43753472,768,768,1536
936,1764450475.6404734,kem_handshake,0.000037218|0.000043079|0.000115394,0.00,0.00,43753472,43753472,768,768,1536
937,1764450475.6432688,kem_handshake,0.000055282|0.000058969|0.000074417,0.00,0.00,43753472,43753472,768,768,1536
938,1764450475.6456633,kem_handshake,0.000047497|0.000051244|0.000068777,0.00,0.00,43753472,43753472,768,768,1536
939,1764450475.6479087,kem_handshake,0.000047117|0.000038652|0.000073596,0.00,7882.50,43757568,43757568,768,768,1536
940,1764450475.6505225,kem_handshake,0.000062125|0.000062946|0.000085097,0.00,0.00,43757568,43757568,768,768,1536
941,1764450475.6529708,kem_handshake,0.000033873|0.000031699|0.000043250,0.00,0.00,43757568,43757568,768,768,1536
942,1764450475.6550682,kem_handshake,0.000035065|0.000039803|0.000109242,0.00,0.00,43757568,43757568,768,768,1536
943,1764450475.6569912,kem_handshake,0.000035115|0.000034173|0.000044712,0.00,0.00,43757568,43757568,768,768,1536
944,1764450475.6597886,kem_handshake,0.000077383|0.000048149|0.000079016,0.00,0.00,43757568,43757568,768,768,1536
945,1764450475.6617794,kem_handshake,0.000031197|0.000029374|0.000041687,0.00,0.00,43757568,43757568,768,768,1536
946,1764450475.6638517,kem_handshake,0.000066432|0.000060331|0.000096909,0.00,0.00,43757568,43757568,768,768,1536
947,1764450475.6670084,kem_handshake,0.000063528|0.000046116|0.000087552,0.00,0.00,43757568,43757568,768,768,1536
948,1764450475.6699626,kem_handshake,0.000053308|0.000056415|0.000072814,0.00,0.00,43757568,43757568,768,768,1536
949,1764450475.6725023,kem_handshake,0.000082973|0.000089455|0.000138917,0.00,0.00,43757568,43757568,768,768,1536
950,1764450475.6758208,kem_handshake,0.000073625|0.000067194|0.000194418,0.00,0.00,43761664,43761664,768,768,1536
951,1764450475.6787586,kem_handshake,0.000053289|0.000057827|0.000102349,0.00,0.00,43761664,43761664,768,768,1536
952,1764450475.6821947,kem_handshake,0.000119110|0.000059711|0.000085077,0.00,0.00,43761664,43761664,768,768,1536
953,1764450475.6851761,kem_handshake,0.000049121|0.000052407|0.000079767,0.00,0.00,43761664,43761664,768,768,1536
954,1764450475.6869097,kem_handshake,0.000023493|0.000026960|0.000035866,0.00,0.00,43761664,43761664,768,768,1536
955,1764450475.68963,kem_handshake,0.000072404|0.000056154|0.000103962,0.00,0.00,43761664,43761664,768,768,1536
956,1764450475.6916037,kem_handshake,0.000031248|0.000030105|0.000047868,0.00,0.00,43761664,43761664,768,768,1536
957,1764450475.6932087,kem_handshake,0.000035526|0.000033371|0.000050674,0.00,0.00,43761664,43761664,768,768,1536
958,1764450475.6949427,kem_handshake,0.000023393|0.000025026|0.000038901,0.00,0.00,43761664,43761664,768,768,1536
959,1764450475.6967516,kem_handshake,0.000048249|0.000050043|0.000068497,0.00,0.00,43761664,43761664,768,768,1536
960,1764450475.699088,kem_handshake,0.000049692|0.000042127|0.000074448,0.00,0.00,43761664,43761664,768,768,1536
961,1764450475.7009604,kem_handshake,0.000032049|0.000030817|0.000043000,0.00,0.00,43765760,43765760,768,768,1536
962,1764450475.7026563,kem_handshake,0.000028473|0.000028813|0.000038271,0.00,0.00,43765760,43765760,768,768,1536
963,1764450475.70449,kem_handshake,0.000052006|0.000042839|0.000073165,0.00,0.00,43765760,43765760,768,768,1536
964,1764450475.7068524,kem_handshake,0.000049832|0.000040415|0.000053288,0.00,0.00,43765760,43765760,768,768,1536
965,1764450475.7099564,kem_handshake,0.000082984|0.000077052|0.000091209,0.00,0.00,43765760,43765760,768,768,1536
966,1764450475.7118032,kem_handshake,0.000030827|0.000030236|0.000040715,0.00,0.00,43765760,43765760,768,768,1536
967,1764450475.7141128,kem_handshake,0.000075389|0.000064849|0.000104252,0.00,0.00,43765760,43765760,768,768,1536
968,1764450475.7167232,kem_handshake,0.000055482|0.000057836|0.000077964,0.00,0.00,43765760,43765760,768,768,1536
969,1764450475.7193284,kem_handshake,0.000070060|0.000079437|0.000042007,0.00,4387.30,43765760,43765760,768,768,1536
970,1764450475.7217228,kem_handshake,0.000056935|0.000053198|0.000105244,0.00,0.00,43769856,43769856,768,768,1536
971,1764450475.7244868,kem_handshake,0.000057837|0.000057896|0.000069038,0.00,0.00,43769856,43769856,768,768,1536
972,1764450475.7266157,kem_handshake,0.000059490|0.000064018|0.000104012,0.00,0.00,43769856,43769856,768,768,1536
973,1764450475.7286263,kem_handshake,0.000044533|0.000049461|0.000072203,0.00,0.00,43769856,43769856,768,768,1536
974,1764450475.7310326,kem_handshake,0.000078876|0.000069959|0.000110153,0.00,0.00,43769856,43769856,768,768,1536
975,1764450475.7338002,kem_handshake,0.000034735|0.000032840|0.000046095,0.00,0.00,43769856,43769856,768,768,1536
976,1764450475.735861,kem_handshake,0.000043931|0.000049812|0.000068676,0.00,0.00,43769856,43769856,768,768,1536
977,1764450475.7376707,kem_handshake,0.000035505|0.000032460|0.000050112,0.00,0.00,43769856,43769856,768,768,1536
978,1764450475.7400029,kem_handshake,0.000064669|0.000046856|0.000088032,0.00,0.00,43769856,43769856,768,768,1536
979,1764450475.7421908,kem_handshake,0.000031568|0.000029825|0.000040384,0.00,0.00,43769856,43769856,768,768,1536
980,1764450475.7442894,kem_handshake,0.000042859|0.000049301|0.000069048,0.00,0.00,43773952,43773952,768,768,1536
981,1764450475.745872,kem_handshake,0.000030145|0.000029715|0.000045504,0.00,0.00,43773952,43773952,768,768,1536
982,1764450475.7479455,kem_handshake,0.000043069|0.000037980|0.000053689,0.00,0.00,43773952,43773952,768,768,1536
983,1764450475.7506518,kem_handshake,0.000075039|0.000069879|0.000099844,0.00,0.00,43773952,43773952,768,768,1536
984,1764450475.7527742,kem_handshake,0.000043951|0.000051555|0.000069087,0.00,0.00,43773952,43773952,768,768,1536
985,1764450475.7545424,kem_handshake,0.000034073|0.000032961|0.000074638,0.00,0.00,43773952,43773952,768,768,1536
986,1764450475.75642,kem_handshake,0.000047878|0.000041046|0.000070710,0.00,0.00,43773952,43773952,768,768,1536
987,1764450475.7584405,kem_handshake,0.000036137|0.000035796|0.000053870,0.00,0.00,43773952,43773952,768,768,1536
988,1764450475.7606897,kem_handshake,0.000073916|0.000042718|0.000061413,0.00,0.00,43773952,43773952,768,768,1536
989,1764450475.763418,kem_handshake,0.000083213|0.000093012|0.000122607,0.00,0.00,43773952,43773952,768,768,1536
990,1764450475.7663574,kem_handshake,0.000055983|0.000056033|0.000044452,0.00,0.00,43778048,43778048,768,768,1536
991,1764450475.7680266,kem_handshake,0.000028002|0.000028432|0.000038271,0.00,0.00,43778048,43778048,768,768,1536
992,1764450475.769736,kem_handshake,0.000026479|0.000027441|0.000036046,0.00,0.00,43778048,43778048,768,768,1536
993,1764450475.771545,kem_handshake,0.000033923|0.000035095|0.000070079,0.00,0.00,43778048,43778048,768,768,1536
994,1764450475.7737968,kem_handshake,0.000060531|0.000049982|0.000067284,0.00,0.00,43778048,43778048,768,768,1536
995,1764450475.7761903,kem_handshake,0.000046756|0.000037829|0.000070039,0.00,0.00,43782144,43782144,768,768,1536
996,1764450475.778902,kem_handshake,0.000052356|0.000058808|0.000085378,0.00,0.00,43782144,43782144,768,768,1536
997,1764450475.7812784,kem_handshake,0.000049601|0.000048780|0.000066242,0.00,7210.00,43782144,43782144,768,768,1536
998,1764450475.7835486,kem_handshake,0.000036838|0.000035485|0.000043661,0.00,0.00,43782144,43782144,768,768,1536
999,1764450475.7855134,kem_handshake,0.000047368|0.000052286|0.000044533,0.00,0.00,43782144,43782144,768,768,1536
1000,1764450475.7875545,kem_handshake,0.000041717|0.000042057|0.000068496,0.00,0.00,43786240,43786240,768,768,1536
