Iteration,timestamp,client_keygen_s,client_enc_s,client_dec_s,server_enc_s,server_dec_s,server_sign_s,final_key_hex
1,1764562605.0024712,0.000896136,0.000048149,0.000030126,0.000083274,0.000186896,0.000310013,87836658506368f29a603c130e6295c811894c4875ae9ffe054f8ad6d7ce6ed3
2,1764562605.0047348,0.000029064,0.000017292,0.000057937,0.000041276,0.000055513,0.000085147,dc37de70cc3d47601f8725148faaa0f4de1ee34d733d68730da201c515ff41d4
3,1764562605.0060337,0.000040455,0.000021048,0.000022231,0.000016541,0.000020959,0.000033893,82500fc95174a8bbe57d95bc47be917912d7a73b507e53e53d27292c8aacb12b
4,1764562605.0076182,0.000021891,0.000016170,0.000020878,0.000043219,0.000069990,0.000065972,2cc99543c9222bd0e7ed1f5ecddad943d203f88a88e7effaf749b443139623f5
5,1764562605.008893,0.000021129,0.000015509,0.000021099,0.000017312,0.000021469,0.000033172,3402cd57a09d772b6c3df2affdd6bebd6c902cd2d37f4cb369700fcca3e41eb0
6,1764562605.0102725,0.000024194,0.000016751,0.000022472,0.000017001,0.000026109,0.000043982,10a797149d7466825663029f39c656fab0b12fee9899d0ef942f19d09d7b7424
7,1764562605.0117645,0.000022692,0.000015508,0.000020758,0.000017282,0.000029123,0.000034784,db85974c051b3d385eeea4ab19f0aba77ae67a4bdcb42f3820baba5d6354b42b
8,1764562605.01295,0.000023533,0.000016730,0.000021089,0.000016801,0.000021460,0.000033051,78862a7a243b95fe374b4c81576f4c1cafdb3dabed0eb362ea862016715ce69c
9,1764562605.0140386,0.000021309,0.000014918,0.000019586,0.000016651,0.000019546,0.000032780,cbceb8a1908bcd184a125a32e02c861f05e991e6d55911d79abc6cbc1094ae93
10,1764562605.0151143,0.000020227,0.000014437,0.000019266,0.000015609,0.000018875,0.000032681,fc4ec70fd3aa92143845de106ac2306c26fe23504241c1ddc18ef0c26b9dd695
11,1764562605.0165288,0.000019887,0.000014197,0.000019225,0.000040615,0.000055092,0.000065891,861b745ae98675cc9e1a5b27f53ca097325f30293901428a2aa852ce8780b3da
12,1764562605.0176225,0.000021089,0.000014507,0.000019516,0.000016189,0.000019876,0.000032430,979f16f3e72869d60503a12a3f08a94dd6c8feec9b520c31cb5ed0fe6798ca66
13,1764562605.0188096,0.000020007,0.000014477,0.000027922,0.000016411,0.000021429,0.000033452,e05e7a09e59ea6e4e1a35c7c92e3a2148b88036d056801eb87b5a8f32438b376
14,1764562605.0199635,0.000024645,0.000015659,0.000019636,0.000016030,0.000020608,0.000033973,82b378b50778f253878b609103fc788b683bacce4621789710f5bbef400275fc
15,1764562605.021038,0.000020238,0.000014617,0.000019626,0.000015739,0.000019076,0.000032641,60c193e44d5e65bb95cbdf1063ee4fbec42bc720f0fb57fbcc70e3ebf866c052
16,1764562605.0221238,0.000020127,0.000014326,0.000019636,0.000015830,0.000018915,0.000032790,c6a110146b3ca1e72bbf324d4f210eaefa26d41aea71d2bd77113f899a9a1440
17,1764562605.0236452,0.000020848,0.000014617,0.000018905,0.000065080,0.000024856,0.000066473,a9de221cb111553e9bc5d5865adb43e60348829e8f18cdba4bd148f4c36bbc85
18,1764562605.0248613,0.000019657,0.000014287,0.000018995,0.000027070,0.000066533,0.000041908,ab67507011a452faf978d0b67429a15656d3b554fd0d53d7f788267c96cb54e2
19,1764562605.02596,0.000020278,0.000014487,0.000019747,0.000016380,0.000019556,0.000037569,c7a212b6d9ef1f55bfc5c31de2d378cd48c976c3ec20db082df39130054357fe
20,1764562605.0273132,0.000019777,0.000014717,0.000027290,0.000023804,0.000021109,0.000036688,e6543d4fcc0bd3e66cc02b128c8a80ff091eab5600f04e28cb8a9f8662083b56
21,1764562605.0284529,0.000020939,0.000014537,0.000018834,0.000015769,0.000019486,0.000032870,577308def1165624d31b94cdd314b58df2d92ed697c1ce3ae7870f619e7fa594
22,1764562605.0295582,0.000019827,0.000015178,0.000018705,0.000015438,0.000019557,0.000032941,7a9192cadf74162b0868aa6ff66fa9438554a94f8364b631d09991ab63d6720d
23,1764562605.0306423,0.000019867,0.000014487,0.000018644,0.000015448,0.000019736,0.000032510,c9c4c941ba40614f0376abc51e2d9b49c69dea378e4c5c0356f45f55e0911731
24,1764562605.0316863,0.000020437,0.000014066,0.000018434,0.000015799,0.000019256,0.000032590,f314cab864e4167c04d39eda7badd5a0714920fd9d8339afc624d2e5d8f19989
25,1764562605.0328143,0.000020258,0.000014878,0.000018615,0.000020488,0.000026509,0.000041457,c6196c62e8598dffa6a02c2b9cff68cb3748ffab1533a291120876f6bb148dd3
26,1764562605.0339458,0.000020387,0.000014487,0.000018985,0.000015609,0.000048871,0.000033281,6d8d4cca58796d93e35216d49d02a666d8f340fc78525fd9f45c2a5679580390
27,1764562605.0351534,0.000020347,0.000014567,0.000020759,0.000020568,0.000022070,0.000062566,38562a8fb92e43ced469dd8efb3cff1d50d7be1ec2094fc01d9fb487c95d1ce0
28,1764562605.0363293,0.000021059,0.000014517,0.000018845,0.000016029,0.000021350,0.000033963,03270050ff51474224e89109a6bdccd04c6618c8c76ac7b5b754c1718a27f99e
29,1764562605.0374055,0.000020348,0.000014627,0.000019205,0.000015789,0.000019235,0.000032741,e4bd332b2d6b7783b3b93c31ac89422a8099fb854bb292670b201d74c062c918
30,1764562605.038447,0.000020047,0.000013875,0.000018785,0.000015779,0.000018935,0.000032530,60675ceea9041b18c9718b659da1c567b38684f049efd822d6e2bd821858da8c
31,1764562605.0394993,0.000020127,0.000014918,0.000019016,0.000015077,0.000018694,0.000032460,d2f336ca16f6b69586d41008e8f1876084e9388b50feeaf9901e9c9e4f76a347
32,1764562605.040543,0.000020047,0.000014407,0.000018714,0.000016160,0.000018424,0.000032560,f641ffbfaab8bf9162fe206b1ab450ada2fa53b30e06b40736baed9c22ce2714
33,1764562605.0416818,0.000019596,0.000013876,0.000018885,0.000017402,0.000025567,0.000033201,61b4249832ab96fb702420f45d9df4cf28accd0aca58a3380e50d2090e6ab60c
34,1764562605.042764,0.000020518,0.000014296,0.000019096,0.000015849,0.000019236,0.000032109,67c8a2d24c1f954cf80b7ad49576bac213fb73fbe348fc681697466bf454a3e7
35,1764562605.044112,0.000020147,0.000014647,0.000023233,0.000016120,0.000021099,0.000035335,2fa44f3a8646d69c735fcf941a2c3340277c790d485c870aeba445693b976f3e
36,1764562605.045231,0.000021480,0.000014937,0.000019205,0.000015969,0.000019997,0.000032890,29a5ecf2dd5252f8e86ce9be4029d123f0721b50e7eaa007e3d7c56ec66b2cb4
37,1764562605.0463347,0.000020227,0.000014987,0.000019286,0.000015839,0.000019466,0.000033021,4dbd31d674ccebe22198450e5e3d17dff43b846c2b999a727d2a21acf36e8938
38,1764562605.0474148,0.000020377,0.000014387,0.000018935,0.000015549,0.000019135,0.000032550,825737eb118935457b3757c396c9d84a05f20d0958625b2f5002dc169a5b9942
39,1764562605.0484645,0.000021078,0.000014327,0.000018905,0.000014988,0.000018414,0.000032550,04f77e7ffcb43669282744711e09ae02f250939ebd5303cf18f5a46fa914b120
40,1764562605.0495598,0.000020468,0.000014708,0.000019075,0.000016130,0.000020357,0.000033382,bd5502024df60d2c13fc8f278f3a143dead9b5d1beedd09ae870093d33682bc2
41,1764562605.0506215,0.000020678,0.000014406,0.000018825,0.000015498,0.000019266,0.000032670,248dd20a9b26782821dbd2943216a29a14062dacdd1e467389ae668586d89a33
42,1764562605.0519094,0.000020558,0.000014747,0.000034844,0.000025798,0.000041086,0.000045795,e06b7d1446242919e4e0c78db05539f3f065382c5bd02fbaf2feea86b999613a
43,1764562605.0532184,0.000022682,0.000016280,0.000019866,0.000016751,0.000023603,0.000042830,4c62721376a154bee90fcb4580f763f0d01ec3ad614b67312083e21cb3211139
44,1764562605.054513,0.000027941,0.000016951,0.000022702,0.000017372,0.000020518,0.000037479,4d58c01fa0b99788be127767a185286b0f0a124275f9e3f57c61f25db419dd49
45,1764562605.0558167,0.000023814,0.000014396,0.000021449,0.000015388,0.000019637,0.000033061,3df5c312e3d86dccdd87199dd7c9d97e1e52a72e12da4d1208ec91a41c5f7456
46,1764562605.0574708,0.000026038,0.000015999,0.000047417,0.000015830,0.000024134,0.000032580,b68719f578097e45155352c7788af410fd991f9f2c3585a1eb8e195f454b20e9
47,1764562605.0585847,0.000020448,0.000014978,0.000019175,0.000016020,0.000019887,0.000033101,f61a2bee34a2cfbb503d2585018557387dcb17c6da461fb84e558b30214d074f
48,1764562605.0596714,0.000020809,0.000014497,0.000019616,0.000019806,0.000021930,0.000033111,e25f1521c91a435cdbad80bfc98ac64358ea42a73083da2d5af1eda2b7ef784c
49,1764562605.0612314,0.000020468,0.000014677,0.000024836,0.000027130,0.000038151,0.000062074,60d395fdcae2fee13bbed3314d3b260e787035895eae1cf194cd6fc8f22983c8
50,1764562605.0624714,0.000023564,0.000015579,0.000020097,0.000016731,0.000023243,0.000035926,f7a7005dfd9238e315b5fa6ac1a3624281703be3d9a14ee0646d188dff2e3416
51,1764562605.0637798,0.000022411,0.000015118,0.000019606,0.000015760,0.000034313,0.000033102,d65470e710f6e24ed7c4d55e83d88821fabc87a71ffb8c39cd1cfe4f0f197b44
52,1764562605.0648968,0.000022963,0.000014848,0.000019907,0.000015779,0.000019796,0.000032660,72198101a7fa549972e255328bfa4cfb79f1f808a019036274181c4672799c61
53,1764562605.0659819,0.000021710,0.000014356,0.000019516,0.000015479,0.000018965,0.000032691,1223d50323fab1c331444d0989f5657f1b6b73bdbdb2eb892bda6d0a185cee9d
54,1764562605.0670469,0.000020859,0.000014457,0.000019676,0.000015619,0.000018555,0.000032580,87e52e4fa99a98501aad91781c4ccd1e171c149dedf5d10f5f8b270c539a1d00
55,1764562605.0686564,0.000043861,0.000014747,0.000022131,0.000041277,0.000045915,0.000051906,203df6c5f82ad331cadc2ad8a60f089c95b0473b5b157d457c11776dcdaf6055
56,1764562605.0699432,0.000022020,0.000014847,0.000020548,0.000016761,0.000023173,0.000034023,9958b889084e47e186a11034d5729680807c5de07df8577ddd4db32a3f6c8ae8
57,1764562605.0711405,0.000021039,0.000014768,0.000020007,0.000016200,0.000020348,0.000032791,f296f5ec1c5250a3c3263441d04807ad7a9c9469bb568a61eaef65645202ad9c
58,1764562605.0723572,0.000021399,0.000014447,0.000019376,0.000016610,0.000020317,0.000033653,e77fe66e6b0c96209cd477542dfe34dd069e7af4882cb67e4d1f4343331147ef
59,1764562605.073444,0.000021349,0.000015709,0.000019776,0.000015809,0.000019657,0.000032730,00046ff4ad13129e397d69cdfb790ec78d08a4f485b9fef8c77ff510085c0263
60,1764562605.0745864,0.000021249,0.000014507,0.000019396,0.000019997,0.000022611,0.000040685,5513b2f026f36a40b5d67b211e25d98b13de5deef67fea9acdbcc95c716344c2
61,1764562605.0757174,0.000020969,0.000014858,0.000019446,0.000015769,0.000020267,0.000032680,53cac96a13af78372e746ae7db6e0f3570e612d5031123c85a259e40e833bf68
62,1764562605.0770268,0.000021159,0.000015459,0.000038822,0.000019406,0.000025377,0.000053399,ede3c88544fbeade780193517b8a2cf343e8d4565c5c0a18472df77d2a62f629
63,1764562605.0786583,0.000022702,0.000015208,0.000040374,0.000017132,0.000023944,0.000034524,14b2e6bf3fbe68599dd1b53e2ceff271c296a4dbd85aa1f9a5abe2dce416f98c
64,1764562605.0799978,0.000053719,0.000029805,0.000019816,0.000016380,0.000021069,0.000032831,a4cfa368a764b9102b528e1ef3cc6cb0b0b01a18870a954d015eeddaf75dace4
65,1764562605.0811188,0.000021310,0.000014968,0.000020118,0.000016260,0.000019896,0.000032871,244c85a07d9d011e23793f12a2365346e33204afcdba531693ff823dff05e6a0
66,1764562605.082199,0.000021009,0.000014537,0.000019056,0.000015739,0.000018935,0.000032811,3d1e48d53966c73690004ee6ff87e3af36f56f8db81a934b08dfdc1958c6556b
67,1764562605.0836139,0.000020157,0.000014257,0.000019136,0.000031909,0.000040875,0.000082863,cb33dbe941bd3fba92d24da2958190c49d0dddcb7579bd0b37d2fd7f0f478171
68,1764562605.0848148,0.000020598,0.000014206,0.000022822,0.000015769,0.000020067,0.000039483,13186cc44e31229951c4baecc8f9e04f1fec311c7d29ff2e56d3672e8e21383a
69,1764562605.0860324,0.000025747,0.000014847,0.000019186,0.000016120,0.000020408,0.000033562,423416db84519d692b57853f49c31f0615e39ed97d1d9e61127e7b18debee9da
70,1764562605.0872211,0.000020959,0.000014687,0.000019035,0.000015719,0.000019026,0.000032249,7c1387b557a32e6d9d77f22347d7277738fbeccb349aea49d1f98cc45a9c0ee9
71,1764562605.088763,0.000020477,0.000014927,0.000019025,0.000030757,0.000037770,0.000064529,fd6c2fa78fb480029994c4bf27df8e7342dcb57c3663493ec3526b8fdfb6225e
72,1764562605.0898468,0.000022401,0.000014427,0.000019536,0.000015709,0.000019566,0.000032760,0b3a94df45ef6be9821cb674bdef26e47eb3ddc922754edce93bff2a8ce19fea
73,1764562605.0909185,0.000021480,0.000014266,0.000019426,0.000015228,0.000018834,0.000032690,97bf15475736f23242113f8a2180aa0565e9580ffc91fa7f6dbe4dc4330fb0bd
74,1764562605.0920284,0.000020768,0.000014577,0.000019336,0.000015929,0.000020097,0.000033061,fd464bef8b01e4d80e636478968e6818e3030e27a22a5dc19deee34eb22cb3b9
75,1764562605.093443,0.000020498,0.000014476,0.000034413,0.000019906,0.000025948,0.000066413,1a1f6aa6872e90977406fe9743cecd6d77098def0ee07bc249943994dba674f2
76,1764562605.0946755,0.000029685,0.000016230,0.000019706,0.000017442,0.000023343,0.000034764,0d4d4134ac279a17f716230c99d479974df42b8e8378f89737a9a25aac92cb46
77,1764562605.0957897,0.000021320,0.000014977,0.000019326,0.000016831,0.000020618,0.000033351,c9df4b0c4206d263e4108538e7d021c660a9e9351b6012d2a2294dd7ab572ee2
78,1764562605.0968733,0.000021309,0.000014136,0.000025267,0.000015619,0.000019657,0.000032880,ec374f638375adaaac4a22b35082711be632dce2b17d85e1d421a27f2d4b405e
79,1764562605.0979567,0.000020858,0.000014417,0.000018965,0.000015469,0.000018985,0.000032640,edd58552a079681694843452b40727a2f4af10dfc964bb9bc2bd7c90fdc511ab
80,1764562605.0990186,0.000020077,0.000014086,0.000018424,0.000015740,0.000018664,0.000032600,9dc1812f0955b80e5e1e25da6ebc8ebecd0d5e2d210a820605535d1f453edcaa
81,1764562605.1005793,0.000020277,0.000014397,0.000042008,0.000016530,0.000020868,0.000033111,834450323d91d35b218f5ed1876ed9a6521c0674b49c6b72af4fad008da6389f
82,1764562605.1018512,0.000022361,0.000015288,0.000033712,0.000016330,0.000022592,0.000034053,8580ce49a61eac83504f6865fedd609dcad940544fc6ebed0134c2cb17ae074b
83,1764562605.1030364,0.000021560,0.000014828,0.000019105,0.000016150,0.000020408,0.000033522,962bd1f9d1fdd7f7530bdc7c5058a31dc870eb10589803dc5cff295253a437ad
84,1764562605.104111,0.000020237,0.000014376,0.000018824,0.000015628,0.000018834,0.000033001,e1626b4fd322c4da64f1017a08058d4b701d16b26fe003be1a36b08264e86818
85,1764562605.1051946,0.000019787,0.000014156,0.000019827,0.000015578,0.000018804,0.000035716,e2414f82211782cfb8ab022f17b5ad3ef6f9b164a0945f0355fe4df7dcc46bde
86,1764562605.1062717,0.000020327,0.000014627,0.000019055,0.000015408,0.000018895,0.000032600,10104b1b73ab3db85535b302b243b64760d99faf4f2ef2e1c7bf40b3fdd57f09
87,1764562605.1073453,0.000019676,0.000014908,0.000019456,0.000015509,0.000018103,0.000032611,95d98981e939ce629e01ff73f240b4a6f3580843e703b4f3195548ab403bc41d
88,1764562605.108426,0.000020107,0.000015669,0.000019025,0.000015659,0.000019376,0.000032490,18f1a7924a3c775d5d373de98d468c60952aeb8308b338e87ab4e8b7a95aa2ca
89,1764562605.1095567,0.000020007,0.000014858,0.000020007,0.000043130,0.000018995,0.000039152,d6dd972a49758c80db6c57b404c8f03f37f77fb4797b55ecabe2342b33462cff
90,1764562605.1107643,0.000020297,0.000014366,0.000019406,0.000015810,0.000049862,0.000035085,00868f2cc0843390f5dd9799167ef4b86945a06a93e4fe695dec0b91261780a7
91,1764562605.1118693,0.000020638,0.000014456,0.000023503,0.000015349,0.000019125,0.000032209,7ae05d763c6ae54b1e088437df22f7efb0d0bbe105d6a769949b2070e3ee3274
92,1764562605.1129472,0.000020779,0.000014316,0.000019085,0.000015609,0.000018915,0.000032811,12202e02ae9c3386a9e053964bdaf8fc3d02c7b4354cdd057ba9785df921e544
93,1764562605.113991,0.000020267,0.000014386,0.000019005,0.000015308,0.000018454,0.000032620,11b25da64824f346c02fcae41a49333411c06ed244c547f44b06cdb4b92f37f7
94,1764562605.115209,0.000019946,0.000014317,0.000021199,0.000015428,0.000018545,0.000032690,1c45d5a8aea63988ba1261364c46cbd063a45e89ba39630204870ef122cd86bb
95,1764562605.116946,0.000022221,0.000015168,0.000061734,0.000021841,0.000063507,0.000034463,e9fab5d63d2b05c1f8993220f7789d0cb755184725e56baef650403c62d53cf6
96,1764562605.1184943,0.000056304,0.000042979,0.000024084,0.000015468,0.000021029,0.000035426,6729d880d7e70fa28786698121425e0ff14876b8a4784be6fd5a724566570e3b
97,1764562605.1197474,0.000022481,0.000015169,0.000021259,0.000015749,0.000022160,0.000034113,a972b45f720cadbc1aafe0299911149efc6173a07245f69c4216e7fa93a98027
98,1764562605.1209202,0.000025698,0.000015248,0.000021079,0.000015448,0.000019486,0.000032470,495c2a3df9c18ce7140919c050c52df7dbe0177317f1b16ee725bb3c9f17e3c8
99,1764562605.1220417,0.000021730,0.000014927,0.000021079,0.000015439,0.000018765,0.000032841,09739995f929fa2f893baa4e09653764af334a71b50f4c694f540c743fcdd2b9
100,1764562605.1231391,0.000021760,0.000014787,0.000020047,0.000015468,0.000018914,0.000039162,feb1405654b72aee81486894d78188b459c16d36bbafae7d7b078cd7cbcd2ead
101,1764562605.1242197,0.000020729,0.000014867,0.000019696,0.000015980,0.000026449,0.000032691,5d5c021f7fd011f49070c339b2f96a7334902f79cbb5a21792285693be11aed6
102,1764562605.1252744,0.000020508,0.000014957,0.000019115,0.000015638,0.000018454,0.000032710,315fef88bd889ed6c2646577c30b1ed5ae539e94c6bc990f443c46d4c1d8fad3
103,1764562605.1264246,0.000020237,0.000014316,0.000020738,0.000015388,0.000019556,0.000033011,8b451610257bf57b53da879f1c3acb60720a6a5c6b05616c1f0055df4afcbbd3
104,1764562605.127628,0.000021720,0.000015148,0.000020868,0.000016962,0.000021349,0.000037209,cb0583fca7369862eb017201554b088c01af8b29ad286b4b5f8bcc611a45fe7f
105,1764562605.1287138,0.000021740,0.000015198,0.000019456,0.000014947,0.000018695,0.000032841,09871ae1c34fdba405b1d04ab78ef1173881502c2aa20cf5bbfb6bcda11ce748
106,1764562605.129799,0.000021751,0.000016110,0.000019306,0.000015017,0.000018775,0.000033001,dce188404486f76dabf8edc2057a26c733fbf76a22436f9977fb8c464d815140
107,1764562605.130891,0.000021500,0.000014547,0.000019526,0.000015158,0.000018184,0.000033272,757be0cac3a1a1d9c94ab91d9132677ca6182efdeb226edfa6b0b2d55b015e64
108,1764562605.1319625,0.000021539,0.000014527,0.000021048,0.000014978,0.000018074,0.000032720,c5677e65cb067614b94421fb9afc95703bdb6284d53e40f71dae9ba23c070740
109,1764562605.1331322,0.000020908,0.000014677,0.000019356,0.000016811,0.000020699,0.000034674,1781913e527b35ca57deffb917f20f766aaf7336d6ec51b1c9574a1d684f547a
110,1764562605.1342883,0.000020268,0.000014787,0.000020057,0.000016691,0.000020629,0.000033262,aab9f1d3815cf30d4e3eeb051a646a21fd5ed4d388b624f6a4acf5784389b652
111,1764562605.1357868,0.000020128,0.000014417,0.000019376,0.000033131,0.000041927,0.000036578,29e9b40b374172b9d484cfe22fdcb0d6c922f9fac0010c7a4f035764cf025a35
112,1764562605.1369004,0.000020728,0.000014456,0.000019226,0.000015699,0.000020188,0.000032360,ecb2f1f7b1742a977cf6a33680c35e4337de1bd76e67dfbadc99eac3c087338e
113,1764562605.1379776,0.000020508,0.000014226,0.000019476,0.000015829,0.000019296,0.000032690,73636c2ca6aa15901c1a03d1898ea0c274cd77894129ea64865ae1f3047129ad
114,1764562605.1390264,0.000020388,0.000014627,0.000018735,0.000015819,0.000018725,0.000032590,11137be72771675af8753f885549b4c53c638f6a788e85d5923841e627041b66
115,1764562605.1400824,0.000019586,0.000015098,0.000018735,0.000015318,0.000019005,0.000032570,ecdbfc9bbbfc3766f77e51cbd567443e30823ad8d12caec51b8ab7caa1717712
116,1764562605.1412103,0.000020188,0.000014447,0.000019105,0.000016531,0.000025397,0.000032871,7eb595bb38cff72d7c6075f84c0a48ffeeaccbad13e538e8062b58a8f8bb57d5
117,1764562605.1422508,0.000019556,0.000014617,0.000018585,0.000015178,0.000018504,0.000032219,1d73f5d228bc1469e19ef5d4124035756fe0b05f5351482864011134d92978fd
118,1764562605.1435328,0.000019797,0.000018774,0.000025016,0.000018334,0.000032320,0.000043140,a1fc99c649403f1f47cefe594dd8dc137c8f3cc3d3a74cb2506055ac3789865a
119,1764562605.1446652,0.000020548,0.000014467,0.000018945,0.000018494,0.000024926,0.000038411,3a678d24122342630bf952cd622820f4aa956449c6ba4daafe1bf74ca0dbbe73
120,1764562605.1457205,0.000019996,0.000014126,0.000019065,0.000015538,0.000018595,0.000032561,608138f2e69a5fe4f33637f45553379b763c9b22cde0c7d4610ce8f6a2fbca35
121,1764562605.1467764,0.000019666,0.000014747,0.000018975,0.000015498,0.000018765,0.000032601,0a8e7f1add71f080daf44600fc3035233b958a241c3f38d521579d58cdb075f8
122,1764562605.1478283,0.000019696,0.000014417,0.000019065,0.000015218,0.000018243,0.000032550,45dc394e0021c4ae2befc27e7e8cbe1e57883ca09fd3d980a69f7665cd0e969a
123,1764562605.1489336,0.000019896,0.000014266,0.000018775,0.000018685,0.000022492,0.000040305,aa3b312c880830c8f2bdf45223bf515801d64f39fea059a84f3ec8fcf3f822c6
124,1764562605.1500127,0.000019646,0.000014437,0.000019005,0.000015869,0.000019787,0.000032580,56ee7fd39690beb657b64d9a17db95f4e038bf2bd0730a8f5178d894fff98dba
125,1764562605.1515155,0.000019706,0.000014637,0.000058478,0.000021359,0.000025738,0.000033712,ccaaea114c10559abfd64b108a8139745e756b2239c709697f455db8d5696c6d
126,1764562605.1530604,0.000049742,0.000041246,0.000021610,0.000016350,0.000023093,0.000034494,61f728529d17887430c6af031b8116825f48f895cb911a68c93f6f8ff2ab0a81
127,1764562605.1545324,0.000022071,0.000014787,0.000039012,0.000016531,0.000019867,0.000032941,beeef201426abf119c563d8b52887127cb8ed028c2b774839e92e665788b20a3
128,1764562605.1556747,0.000022672,0.000015118,0.000019706,0.000015819,0.000020157,0.000032621,793e3570729247df390cd123fab4b3686b51aa103e552f9c5fa23f01fb1cb6ea
129,1764562605.1567624,0.000021731,0.000014908,0.000024315,0.000015408,0.000018645,0.000032630,5e9aff18f2546745d30fbb107f4b8f97a944ca7f4c5c0bc0f757885a973a1cdb
130,1764562605.1583467,0.000044622,0.000031408,0.000020688,0.000015349,0.000019085,0.000032090,da441d7a478ebb641a9b7595b5bb3ecc585c9d8b4ec726d1d5c2c9162afb721d
131,1764562605.1597466,0.000021129,0.000015178,0.000020278,0.000030326,0.000034664,0.000063397,23b3b3371bab29f05eb90187f31735fdf319bc26c43617bcca19ece8037f66f2
132,1764562605.1610625,0.000031939,0.000019326,0.000021119,0.000018194,0.000030957,0.000048600,42b7014d5e974e6e74791f9e21026e5dfadb3541b8426c9afb9c515034c19835
133,1764562605.162199,0.000021079,0.000014877,0.000019776,0.000016050,0.000020769,0.000033612,b260fb048d20a80c6f4f7bcad750fba9ce9d773a4eb972863583ec5477311e2c
134,1764562605.1632848,0.000020828,0.000014707,0.000019175,0.000015469,0.000019686,0.000032550,9eefbdbbb09d5a907b95adff5cf817032a4394917f22bc7c1c9d856c397dface
135,1764562605.164382,0.000021089,0.000014707,0.000020288,0.000015819,0.000019165,0.000032560,61e80779608488672509ad1211ca24cfbfe619acf12533a1f644c5ec2aa906b6
136,1764562605.1654665,0.000021780,0.000014697,0.000019226,0.000015229,0.000018674,0.000032670,14ace430f8443fdeaab6144741ae9999844957fd8ddf70515252947ff2899f28
137,1764562605.1665359,0.000020958,0.000014627,0.000019126,0.000015298,0.000018664,0.000032560,900991239c54c1fa48f6c3f6e21fb76e017072901c135fe97dc58fb876d1a045
138,1764562605.1677659,0.000021219,0.000014657,0.000021289,0.000016931,0.000021961,0.000035365,1d634d9df143a6c23f2629e5f997903cec7d8a9540e9522e3c84755351f3c643
139,1764562605.169072,0.000021560,0.000015058,0.000019806,0.000016931,0.000022141,0.000034443,ff2088825b0f40efde59721e855757dcb256e356dc939c1d978297aad1b1dae4
140,1764562605.1702144,0.000020709,0.000015118,0.000020628,0.000022111,0.000021129,0.000035035,36c6e189d56df9bdc530574a1ae01602345c096da4874bf8f42719846b00f50f
141,1764562605.1712828,0.000020428,0.000014407,0.000018975,0.000015688,0.000019315,0.000032991,cfb7f5d84d94ca6d3975960b0f2bead7fa23230f98e4c2dd064768b027bcccd6
142,1764562605.1723473,0.000020127,0.000014206,0.000018915,0.000015438,0.000018945,0.000032740,1435272c3f9dfe6bfe859f9c189190243f08e078de65ef1dbba7e6c152edac02
143,1764562605.1734343,0.000019827,0.000015589,0.000019787,0.000015679,0.000019736,0.000032891,ad0c231ef6897e47a0bb4a987a747f4ac763b319d7be874e8841dd93977a385e
144,1764562605.1746085,0.000020558,0.000015078,0.000019165,0.000019216,0.000024064,0.000040475,fe3dd8c08ac893752e3231a06c33b1f91243e3032b7946f8cfad653062399fef
145,1764562605.1757088,0.000019957,0.000014356,0.000018725,0.000015870,0.000019306,0.000032881,52d21ac14d6d19964ea70b1be0ed03d8a95a7baf83e64eadbcd956162cabfbbb
146,1764562605.1769779,0.000022762,0.000015639,0.000028984,0.000017121,0.000021350,0.000035085,d682e02a8ac0c101970637b16b712095bb9e8bfeff6bff7fc51c4ec3805f058d
147,1764562605.1781156,0.000021269,0.000014607,0.000019266,0.000015889,0.000020488,0.000033602,da2213502d5ea92ca275bccec33f653b1fb68551a8c53e7d2721f77fb8e39d1b
148,1764562605.179249,0.000020458,0.000014376,0.000018725,0.000016451,0.000020367,0.000035586,dff9051974a9b1d474dc5244329d4bb1279e2dba43b8e1ca4ddb35a1d13c7a64
149,1764562605.1803277,0.000020808,0.000014086,0.000018815,0.000015919,0.000019405,0.000032680,e4f3cce3f06bfcc2647a5899ad6a628e5f11a500a3f238d2037a514415e75d25
150,1764562605.1813822,0.000020688,0.000014307,0.000018945,0.000015338,0.000018765,0.000032570,2a0fbd71b7da00ae815c104b884dd2b7c28612f91431ed8d6c724f147d0ca569
151,1764562605.1825504,0.000020467,0.000014557,0.000019406,0.000019887,0.000024435,0.000038231,2e4d5f5bd8870e23dd3d4e11967bff9b294d7c38295bf54f3c6423d55c271ec0
152,1764562605.1836371,0.000021129,0.000014577,0.000018985,0.000015879,0.000019907,0.000033061,e8140dec69def9db334157f2f14881a771aba76421ea420a13d42a7b05cdb83e
153,1764562605.1848,0.000020608,0.000014668,0.000019796,0.000016281,0.000021409,0.000033502,9f9dee4144782f29a401bc335b958acdcac312d5d6d0622402041ca91191311f
154,1764562605.1859987,0.000023193,0.000017342,0.000018725,0.000015739,0.000020948,0.000033231,69426cf72199600ee1baf90e6aded771442ffb63c2777289d8f43a23b298b435
155,1764562605.1871836,0.000020448,0.000014567,0.000019065,0.000020428,0.000024666,0.000034534,bc031a22c506233abd27bde3a2f79b7da2622a3cf2248e0d90c2f9264d51bcf4
156,1764562605.1882727,0.000021940,0.000014757,0.000018875,0.000016150,0.000019376,0.000032690,32b780d2027dc331e8353ebb7ec04470baa134494faa3c0f23d25790d735ad96
157,1764562605.1893632,0.000020417,0.000014347,0.000019035,0.000015659,0.000019056,0.000032640,dff6e3ac012b8ea5b967ea5ec03216f1a5aa0a4e2f1ff43bab9a22c366cb3382
158,1764562605.1904423,0.000020718,0.000014547,0.000018965,0.000027361,0.000018384,0.000032580,510ec596923f918c116d671ddd4fe11fee4963f824b9d82764a6fd80d5739c90
159,1764562605.1915162,0.000020468,0.000014387,0.000018734,0.000015188,0.000018604,0.000033322,1a651bd8f483fe266a94e8405d1d4478c4f0a55b6f93c035d5530151e6273798
160,1764562605.1926484,0.000020447,0.000017262,0.000019766,0.000018965,0.000020487,0.000032871,5d41d4f2fdbb52f5129dccefc84dcdfec990f7cfb39cfc57d72a9ed6577f0471
161,1764562605.1939008,0.000020468,0.000014396,0.000020007,0.000018274,0.000022642,0.000062896,0c2c1f8e7485e80df1a65c8ce308b1353c2f740c04cd1640b1c0fa24fcade539
162,1764562605.195034,0.000021249,0.000014416,0.000018784,0.000016370,0.000020518,0.000034264,e9b827b4e9434f5bd6b4d4908ba1ecd461ab63d3d554f28067db546e81499ed9
163,1764562605.1961286,0.000020548,0.000014307,0.000018996,0.000015769,0.000019216,0.000038221,a23b888b18f5862baf294095843f87e90a13318935ed5f961a89267807253ac7
164,1764562605.1972136,0.000020858,0.000014507,0.000019096,0.000022552,0.000018805,0.000037008,07e92f2a6a8c62b1d6413dc73fc4e22bde3fea1f189e013b4d5e6c741f438c2c
165,1764562605.1982698,0.000021580,0.000014266,0.000019055,0.000015538,0.000019036,0.000032821,8c2baf8c828ddb416ea75d99f208223a2b17366bd942709b3846d12aa273f2ed
166,1764562605.1993253,0.000020698,0.000014527,0.000018875,0.000015359,0.000018494,0.000032450,43ff335109ca6af13c5eb59718bcfcdd5155c65a2ba885574bdc148d684d0304
167,1764562605.2004004,0.000020207,0.000014367,0.000046906,0.000015097,0.000018033,0.000032580,4e3466405ff691e4e9db5e7b04d1abea4cc981041f47621d2cb817c5ea268584
168,1764562605.201585,0.000020388,0.000014527,0.000019085,0.000020037,0.000024325,0.000040304,86dc17b500bc6a471e0c47cc2b3b1d4db8abd88751c81febf7a1a3a6290a2b3f
169,1764562605.2027483,0.000021580,0.000015759,0.000018374,0.000016751,0.000020858,0.000033702,bf747ff59bec5d61228a07c4631f3cf3ae815569cbf36ddec57c5f0f3e9ce4ec
170,1764562605.203815,0.000025737,0.000014617,0.000019476,0.000015519,0.000019556,0.000032650,9737f6a94a048021bcac1219b24b349b42bcab1e48db6c4476ff72b28d85c36a
171,1764562605.2048688,0.000020839,0.000015118,0.000024846,0.000015378,0.000018324,0.000032611,35158ff53cc83006ef1147916d5713465ecc64f19a99a28ffd3efbc44cd3c3a2
172,1764562605.2059617,0.000020938,0.000015058,0.000019947,0.000015960,0.000019015,0.000032150,2ed76d9754e03e8e798256ccae96cd7e17c8271ecf906fcbeb8759d1443dbf88
173,1764562605.2070298,0.000020338,0.000014788,0.000018674,0.000015549,0.000018544,0.000032260,b6b67d6bd4d871ce9c7687bc0099360cce5e94df1c0573533f0a03016ce3f029
174,1764562605.208125,0.000020167,0.000015047,0.000018454,0.000016140,0.000019716,0.000037980,0fa8c3d8a367b7ede2cf6685a7f447030c5e690ce70b337157a64549264c9a4d
175,1764562605.2092626,0.000020127,0.000014377,0.000018554,0.000029785,0.000020898,0.000032540,38859fefc0bb38b765500a9a7d3fbdfda31de28d02793f8717e73e9c6fc6dbe3
176,1764562605.210502,0.000020899,0.000015208,0.000020338,0.000018003,0.000027772,0.000049060,d3cdf5b0ee5f6b846aee1f15bb2fffac16a938e96515f02c47748844fe8b65c4
177,1764562605.2117038,0.000021159,0.000014617,0.000019406,0.000018313,0.000023082,0.000040665,317c9079006023f4ce7142b0d2e5ef4503252c41e74f7acb97154896a80fa9dd
178,1764562605.2129369,0.000021800,0.000017212,0.000020207,0.000017653,0.000023133,0.000039823,99054339512805a20cd351c0cd7093640610a907d47ef84a231c9dd43fb60960
179,1764562605.2140183,0.000021490,0.000014376,0.000018985,0.000015669,0.000018654,0.000032700,71c6696290bc3bd7dc2ad9bbad3884a7fb805ed578721ec4a42fa2f786382a00
180,1764562605.215073,0.000020679,0.000014466,0.000018454,0.000015339,0.000018835,0.000032600,5db9b92acead4d4377bff6a56ba2b4ffb4030408993769a71e21efc729495348
181,1764562605.216269,0.000021219,0.000014297,0.000019095,0.000020628,0.000030216,0.000038070,82a310829bc824dc40107839a0e42da669ed73df2461838e0caf0575eecc2af2
182,1764562605.2174642,0.000020749,0.000014697,0.000019025,0.000015529,0.000019366,0.000032370,369f82a09b72a29aea80dab3167433f4fc53c2ae796d6a7acec6c691f07f8b25
183,1764562605.2187908,0.000020438,0.000014767,0.000035886,0.000022551,0.000060973,0.000035856,9a2f9f682d601994e684100fc5686652eab7e3a9a47978eb46d577fe8de73588
184,1764562605.2199926,0.000025087,0.000015499,0.000019846,0.000015779,0.000020348,0.000035456,ba945b170d2b38ae012e479056e215954b29708bb7e404f9b0234172a04e00eb
185,1764562605.2211077,0.000021259,0.000015729,0.000022972,0.000015469,0.000018624,0.000032661,28a437131ecd48798665e1121bdfedbf36e592e9594609a636143574eb06638f
186,1764562605.2222013,0.000023213,0.000015128,0.000019356,0.000021930,0.000019496,0.000032841,c9873e50cc252b40f6deb58f98dc2dc3874bc4577616eef70c12fa11e5e306a1
187,1764562605.2232916,0.000021570,0.000015439,0.000019225,0.000015789,0.000019236,0.000032651,a7f7bf40a33f44f5d7d2566c0d1c338df19898f06bf5ef2f9f091a3634e8c382
188,1764562605.2243497,0.000021239,0.000014717,0.000019236,0.000015128,0.000018905,0.000032981,7e3fe3c16d1db869038dbd77174bc006cf891fbe38c9bc04f208d2f83b0ae115
189,1764562605.2254424,0.000020989,0.000014467,0.000019215,0.000015959,0.000019986,0.000032891,73afb43583a8b5856715342444427389351a62e1de2c1ca39b90fef164dc872a
190,1764562605.2266338,0.000020738,0.000015148,0.000019646,0.000020818,0.000024676,0.000041647,f8b20c7ca255cdc93b286c05e25b77c286f8369bf5a2be6bfd61ae85809b2e32
191,1764562605.227824,0.000021169,0.000015468,0.000019797,0.000017412,0.000022171,0.000035997,49aff4cbefd28175ef7a9fd230535fe07ab43f86b350bebafb10c5c0e3c55737
192,1764562605.2288892,0.000021029,0.000014797,0.000019366,0.000015639,0.000018945,0.000032560,e573db6df85f9511214c1538e16ab11bd252e6fd352f9d4299e7b7ba8ec6b6e0
193,1764562605.2299523,0.000022000,0.000014056,0.000018845,0.000015428,0.000018965,0.000032561,7aa8f230fb68773797ed4a17866afe609001c04eb8af12843b9a634f2857d5fc
194,1764562605.2310352,0.000021430,0.000014337,0.000021019,0.000015128,0.000018244,0.000032540,4e8e6220d059ba3fb83f27893d596bc3cce54a30856064a66332b8d17fe158f6
195,1764562605.232081,0.000021569,0.000014918,0.000019305,0.000015168,0.000017923,0.000032610,9c3754936385347bb66e3bea64f30a1883b44791603112df4fd05bfaa3b79a3b
196,1764562605.2332156,0.000021169,0.000014647,0.000018955,0.000016190,0.000025908,0.000032701,1f9a6d7f129d3bf73e499f23b69ee68ae3d6d73e5b2a6899286d9b7a817b19b0
197,1764562605.2343733,0.000020958,0.000014768,0.000020578,0.000019326,0.000023383,0.000033131,724ab9c7a44b3081ef5fd2255076b4f07a502fd256ab9afd496758509c60c8f9
198,1764562605.2356308,0.000023243,0.000014557,0.000022030,0.000020658,0.000026579,0.000045534,0f97861e4eed5a93f2ab9c80bcfcece88be38fb92fc8856118b949e9cbc586f3
199,1764562605.2367327,0.000021910,0.000015338,0.000019195,0.000016070,0.000019957,0.000033301,eaf5207ffbfaa9d2924564bf616850048117fff1a3ca3b8d065aae217d1a1e60
200,1764562605.2378016,0.000028062,0.000015719,0.000018905,0.000015438,0.000018835,0.000032640,361504ad909c19d6a02c4f40d8ec12acd652c7e65372a75515c71f7863c8ead4
201,1764562605.23885,0.000021340,0.000014878,0.000019075,0.000015498,0.000018034,0.000032470,1bc76d501f8f782c36194edcc5211f4d706aebf0479262773661da331ceae5cc
202,1764562605.2399032,0.000021380,0.000014597,0.000019335,0.000015098,0.000018264,0.000032650,455fed4890a2a1e0baca63580a71752c0cf24eb57c52e82e3e577d2ee9e8dc01
203,1764562605.2410905,0.000038331,0.000014697,0.000019726,0.000020848,0.000025267,0.000036869,dff30812b4caabd0077bbfe0d4555555aa3b1261ebd96ad49ea88bcffcbe2fd5
204,1764562605.2421772,0.000021069,0.000016069,0.000019275,0.000015719,0.000018585,0.000036116,55ce704602679721c9ee519dd92e89ec0a16452bf51328108532b1c4df223931
205,1764562605.2433753,0.000020507,0.000024355,0.000026008,0.000016100,0.000020949,0.000033451,953a5e7b2a24f3676c973f40c918400587d6a33f624fba50818b8e374f9f6554
206,1764562605.244518,0.000027210,0.000015318,0.000019446,0.000016150,0.000020348,0.000032901,b232b41ac04fccb00fc77958fa7013bb03c9a8858658a9a9099179f876b41809
207,1764562605.2456093,0.000021370,0.000015018,0.000019225,0.000015549,0.000018695,0.000034894,e922cd6465007bf734314d89b50d589d5ceec64a75aca7f6c96f21dc27466c16
208,1764562605.2466865,0.000021430,0.000015288,0.000019326,0.000016240,0.000019676,0.000032811,f0bfa1e7d29f061a20d73dad7d9f158d76f314afb21c1b3268d81fba71111427
209,1764562605.2477481,0.000021209,0.000020628,0.000019126,0.000015940,0.000018865,0.000032880,f2ed4424887ce47f27dc352c967b07ce572af0f24360c2067d20992fb860630d
210,1764562605.248841,0.000026099,0.000015008,0.000018935,0.000020237,0.000020418,0.000041376,31dfbb7680d18f73c3bdad9f20801295a2a1fcdbddb13d478c08d75bbb1eec6b
211,1764562605.2499416,0.000020869,0.000014497,0.000019055,0.000015729,0.000019616,0.000033101,f34365c9c8e602ba3fd839c99f925565109dd3d957cbbcaeb482198cf6ff05d0
212,1764562605.2510884,0.000020808,0.000014547,0.000020077,0.000020297,0.000023423,0.000042368,f6f452a9e412fefeeb450f4c70c7ae4756530e53c8e8e5c9683f24e9a571a1d2
213,1764562605.252287,0.000021369,0.000015278,0.000020708,0.000017062,0.000022301,0.000035505,b7a92f8b1063e650a2ddc14d9370dc2ec01779b58a7380b870f07c36528c6c9e
214,1764562605.2533886,0.000021319,0.000014357,0.000019115,0.000015980,0.000020137,0.000032910,85674036593fdd44ba041dcc87791e3be92182df7556f7bfb4e5a08359613e77
215,1764562605.2544482,0.000021169,0.000014537,0.000018604,0.000015378,0.000018524,0.000032610,01600e28d0527d7a9e7900425a98cecdf919b6a6eee39d14c9e3fde0d0c7e47f
216,1764562605.2554927,0.000021520,0.000014607,0.000019005,0.000015910,0.000018364,0.000032561,a384f5aacb422094db7dcefea718262a9e09f03e3d6aeef7247458f01bc9ce47
217,1764562605.2565517,0.000021119,0.000014477,0.000019075,0.000015699,0.000018595,0.000032570,38bf6ca4c4e85cc832796080d62e8f47b1c7de4e23e1dd3c1d73a502c427b0ea
218,1764562605.257601,0.000021018,0.000014597,0.000019256,0.000015218,0.000018364,0.000032520,301bd8f755729fe340ff4d2692bc63110fa4d714b04941a06f6428d098b085db
219,1764562605.2586899,0.000020849,0.000014406,0.000018674,0.000016059,0.000019295,0.000033552,31fc31b1887fe8a8d8b50909a39c8c3f2e6d86156273c01ad31d47767a7fe992
220,1764562605.2598913,0.000021129,0.000020688,0.000029004,0.000021179,0.000025437,0.000040555,92bee117fcc6067793d08588a47cb2ec5585633c05f1adf1d51bde9fe95227b1
221,1764562605.26107,0.000026659,0.000016220,0.000020077,0.000016149,0.000022311,0.000034364,2807df3cdf0c7aa58e6fd3298fb7d886f007df80593eb37076e91abffad4c076
222,1764562605.2622857,0.000020888,0.000014878,0.000019667,0.000020629,0.000031378,0.000040996,9182be44722ac5567fd636c9def33d24f9d007e7c2aa32d0d35191a910b8f5c0
223,1764562605.2633774,0.000021169,0.000014577,0.000019837,0.000016070,0.000019776,0.000033392,c4763a92d31768bb8a477594eed9aa81cf1991af21da1b57a444316444938532
224,1764562605.2644746,0.000020969,0.000014647,0.000019627,0.000016199,0.000019926,0.000033552,f2afc8f9f76b31692ce844bdacb2b267fdd09fb8b9233d581253b38e079557d7
225,1764562605.2655618,0.000020798,0.000014827,0.000019917,0.000015588,0.000018864,0.000033192,db4df9d7bffcb88faaf7118a8a410ec3548962fcf902885e7d2d6c85ba2e475f
226,1764562605.2666404,0.000020799,0.000014968,0.000019396,0.000015359,0.000018925,0.000033282,b87b21e1f29340d5f1002b9d1e4805464016ee9ddce51224ecd8d3ce93835ed7
227,1764562605.2677746,0.000030547,0.000015228,0.000019937,0.000015639,0.000019105,0.000033291,2ac692aee923e19bdb41f809e0d9102044c9ddcae9366fd67c0929d9479486cf
228,1764562605.2690692,0.000021560,0.000014787,0.000019847,0.000016461,0.000022421,0.000035315,7397076f8f04039a9428af9ca137d4e0c02b77c182c3947b5be2fe13ff879e18
229,1764562605.270343,0.000021470,0.000014728,0.000020808,0.000021850,0.000026199,0.000048419,9a1b9f207e80269467919b9e2e5edcdcd7b36abf500835ee5343b5dbdfcae859
230,1764562605.2714434,0.000021810,0.000014617,0.000019986,0.000015900,0.000019656,0.000033231,8368f60f19c0a547f98c244320289e47111f5da93136d7a74384b776c03b3b8b
231,1764562605.272518,0.000020838,0.000014547,0.000019857,0.000015749,0.000019236,0.000033291,c84beed08d3d33323c401259094e6ad45b200e5f204c490db5d55073cd0fdab0
232,1764562605.2736294,0.000020849,0.000014797,0.000019846,0.000015839,0.000019005,0.000033201,ae34194359bca321cc72a1c8e39a12e5a113fee604c2547c14a120d953b14b1b
233,1764562605.274714,0.000020839,0.000014347,0.000019966,0.000015839,0.000019196,0.000033411,255b6791a7e47f4bd2b4515e7033aa76119c8c993762deb17b2dae8181b794c1
234,1764562605.2758484,0.000043851,0.000016079,0.000019507,0.000015900,0.000019646,0.000032731,bcb880d9f03f8867a8c5712eedf0898b8947ba629fbb70157c76352db6e0214e
235,1764562605.277072,0.000024695,0.000015639,0.000021610,0.000017833,0.000028363,0.000042618,bee2a2b94d7b43d279f17a88ec26d32a488d45dcf24f6ac2fa3fbd90945613a4
236,1764562605.278249,0.000021770,0.000014848,0.000019135,0.000016721,0.000026509,0.000034744,7059d8a41dfa37f486fb06a63ad7862df24eed0fa4ccde919880f2eaccb0fe08
237,1764562605.279334,0.000021169,0.000014376,0.000018494,0.000015980,0.000020327,0.000033502,0dfb15336aead8b0704e107d3e14ba7bcacfe477cdca495ce709ea1c9cf1dc50
238,1764562605.280405,0.000021019,0.000014657,0.000018604,0.000015809,0.000019496,0.000032891,4b91f486aaef12135ead1fd02ba02b16e8d80623bfccc16bf2526273a62e3d1f
239,1764562605.2815008,0.000020779,0.000014346,0.000020238,0.000015478,0.000018524,0.000032580,684cd0715dcd7b98183166048fbc8953c1f9ec713226d90de92def9eccf47a12
240,1764562605.2826195,0.000021229,0.000014767,0.000019587,0.000016000,0.000020087,0.000033502,d6a94b716e130e79483e1a93da0d0baf5201a50ec20eebe46b3855fb6ef7d9ad
241,1764562605.2836962,0.000021369,0.000014798,0.000019316,0.000015468,0.000018324,0.000032490,e2400473ae23375fb8d804d2b20a52839f841100eedb41f1f48382f3a29504e7
242,1764562605.2848756,0.000021269,0.000021400,0.000027782,0.000020097,0.000024385,0.000041126,146053c1c9d3ef9f6dc4f0074b486f34ababb116e545c3a52559eb598d87f860
243,1764562605.2861435,0.000021409,0.000014707,0.000019245,0.000020357,0.000029063,0.000045324,f5b047a32e2e78506848b7c47d6eac67de3ccfcc484cb55e7574e6c2c76e1aa3
244,1764562605.2872276,0.000021530,0.000014718,0.000019606,0.000016030,0.000019817,0.000032671,4ed33c5f9c1e167f4faab12bb62dba651e2eac62517eb14921d84f4638108a45
245,1764562605.2883134,0.000020869,0.000014707,0.000019346,0.000015749,0.000019015,0.000032791,0dbc2c0db16c1eaea91cb47f2d2743dbca8275bb9a275d20b3f5d7304cde5e80
246,1764562605.2893775,0.000021690,0.000014417,0.000018905,0.000015539,0.000018304,0.000032751,8ad56fe3ee396595a4bca8f86c00f165b1be7baad170b829de178e67969e2fac
247,1764562605.290438,0.000021530,0.000014787,0.000018935,0.000015278,0.000018184,0.000032580,0c36ade29cfc6a2b351a81ba16b3bbac059485d5cd3a2a159eef179f94572ed7
248,1764562605.2914822,0.000020548,0.000014557,0.000018585,0.000014977,0.000018504,0.000032510,b556b2f2c8c707497c9c6500d9ed2830bf4f003b2dc16f2b82f2b41dc13761e3
249,1764562605.2925994,0.000020417,0.000014307,0.000018875,0.000016000,0.000019406,0.000033161,985e48bdd96e8336336f2ec6e360067c7753965ba420a35bc50b48f5e5bfc1c5
250,1764562605.2938766,0.000020768,0.000014697,0.000026749,0.000017772,0.000027270,0.000037640,210f5e751fdbc3453ba4792f581dfdac1240c0f3398d43c5cb3371a7023dfe5e
251,1764562605.2949564,0.000020538,0.000014627,0.000018755,0.000015579,0.000019737,0.000032761,a071a987c2e15a653a4b32ff89cdd7a14f9a4b77b1c552de27f4bbdc8b8a954b
252,1764562605.2960079,0.000021079,0.000014447,0.000019096,0.000015358,0.000018724,0.000032621,4ed2089166b33903ca3adb88aac0c5972cc0109786a711e4e5d7f6dab2be3cc1
253,1764562605.2970803,0.000020317,0.000014487,0.000019917,0.000015388,0.000018935,0.000032500,f826a09581a3a722f2bd56693492dcb8cc88f70836b89ffade56d1e47a56a781
254,1764562605.2981539,0.000020868,0.000014467,0.000018925,0.000015389,0.000018404,0.000032570,9dd8dbf3aff987237f693adcc91f27830ee059a6e05d4a6b9ddb36b2a956b8ee
255,1764562605.299335,0.000020749,0.000015619,0.000019616,0.000018695,0.000025107,0.000033211,7f2576da3e46bcd600f165172383d0d556909810134b2491bb48cd4a8f930cb3
256,1764562605.3004866,0.000021430,0.000014788,0.000019946,0.000016260,0.000020047,0.000032801,9a3ec8156d32606a564cfa695a3da9f9932ac987e46c5ca46448ddcb009b7f62
257,1764562605.3017175,0.000020788,0.000014617,0.000021299,0.000017873,0.000023934,0.000035566,14dd4a9c181071014dbb62933a546104bc3d1a35e52ff5f5aafdcd6bc1b431c5
258,1764562605.302974,0.000033321,0.000023022,0.000019176,0.000016460,0.000022341,0.000034634,3e471013ba83712bb3ee528e270abdb4c4a181328d5f2332e01b5aa949e83853
259,1764562605.304076,0.000020158,0.000014527,0.000018975,0.000016080,0.000020097,0.000033031,0d50743626e82da30c559ce754da2d6f6f8916cb252ddb8b9fb3db6d21e81183
260,1764562605.305145,0.000019907,0.000014457,0.000019195,0.000016120,0.000019306,0.000037540,af0c9c7a797590698ab505f580734fef29ac64f5a6b9c579ffb9deacba1e14be
261,1764562605.3061926,0.000019907,0.000014357,0.000019005,0.000020978,0.000018514,0.000032821,7311b7508c0cf28904a24c507fce599c4db57a10b91e68d0ea62e036e3e2b981
262,1764562605.3077152,0.000019206,0.000014056,0.000019105,0.000041697,0.000051725,0.000081761,398a4f77c8ff199e4a4f2b70cbb7f7994e2bb2a425acdbdb91e1c5d78f9513ae
263,1764562605.3088863,0.000019917,0.000016551,0.000020518,0.000016280,0.000020097,0.000032470,a790d855c32b52405bf2c1c0ad6e971ccdffa11fd21299cc0b6d6b058c091fd7
264,1764562605.3099806,0.000019857,0.000014496,0.000019206,0.000045123,0.000019355,0.000032861,cdbedf8346ab9c6fef9ef3b617456e7563f7768a3b99505d76ed8e0e13d2c541
265,1764562605.3111513,0.000026509,0.000018524,0.000019035,0.000015819,0.000019726,0.000038521,ed9f147abdeefeb6611747c4d366bb9da2490ecf02c9a616833bcb55237bc369
266,1764562605.3122673,0.000019977,0.000015118,0.000019686,0.000015589,0.000024896,0.000032179,c65153c83f3c09401da48269ffa74bf0b536355716530bb142aae9fd23cabad4
267,1764562605.3136306,0.000020418,0.000014366,0.000042588,0.000016330,0.000021530,0.000034934,7e9b293ee0caff08d0ca8cc3d60eae1592deae629a1f4b210f590ad0bdb14786
268,1764562605.3150675,0.000052166,0.000030897,0.000020348,0.000016070,0.000019386,0.000032991,ad8931a3445e0d94aff9ea3879b4469c15a5290805e0f0338aad0565cf6f147f
269,1764562605.3161685,0.000021710,0.000015128,0.000019806,0.000015819,0.000019065,0.000032800,fda3cbc943a322cd67d43bed87c81170b16dfac24e1b850afed57d98908f12aa
270,1764562605.317249,0.000021109,0.000014747,0.000019717,0.000015479,0.000019075,0.000032339,d4568e6984454f756c03255d50008fd10fc7c9f8e511ff559a64e87b6001127d
271,1764562605.3187733,0.000023273,0.000016050,0.000022763,0.000023874,0.000036087,0.000056024,21e2f0e8dbea9cae042594487f57097fd2ceb2cf84fea2488791bf07984cc234
272,1764562605.3199732,0.000028994,0.000015048,0.000020357,0.000022361,0.000062917,0.000034233,0d3697f0b9e8df233c8c37d8963556262286fa90a02e4cea366382a6d48990cf
273,1764562605.3210523,0.000020869,0.000014417,0.000019396,0.000015649,0.000018565,0.000032670,efca579ebee0b8dd8b7c09e27b0270a0a76f46457cc5df114589d703311a24ea
274,1764562605.322138,0.000021059,0.000014647,0.000019747,0.000015599,0.000019095,0.000038040,1e1da86e5e6ce6a50a72ef4424bbe6966ee398eea55ac3256272b0d058c33bd3
275,1764562605.3232212,0.000021339,0.000014758,0.000019055,0.000015558,0.000018554,0.000032670,ca6db99b1664a4b4433faf3be0d755c5ea09619ec515f49e6ad28e3c103ed3a6
276,1764562605.3243408,0.000020297,0.000014556,0.000024064,0.000015459,0.000019366,0.000033332,5aeed258d54b7f34f1c0ac1c916d1801e58d47685c8f3dc2bffc26415678bb7f
277,1764562605.3254945,0.000021400,0.000014547,0.000020107,0.000015909,0.000027902,0.000033331,49f29b8efee9f35c5d395a125dc26bd1421400bead465eb99d20148865a74445
278,1764562605.32666,0.000021310,0.000014456,0.000021159,0.000015829,0.000019586,0.000033672,8372a5456fe8cef121991d143a760468ba498ce9998bd205e9d1aeb8904eb391
279,1764562605.3278427,0.000021580,0.000014667,0.000020017,0.000015559,0.000020658,0.000033672,0993d94d7aef9fc3ef772e0bfb022de015db6827e10753ab2eaa0bbcbabfa3b0
280,1764562605.3289676,0.000021640,0.000014607,0.000021560,0.000015599,0.000018805,0.000032820,2160b1e518acaaaecc11d243c0a2a68442967256e95fb8a4fa064d14fe0871a4
281,1764562605.3302522,0.000021770,0.000014848,0.000019827,0.000016791,0.000020407,0.000051185,3bf328426bec47cea70e7d33bb5d7d839b01e5d5d9b3e218a532bc0e3f233dc3
282,1764562605.331492,0.000020738,0.000015027,0.000019626,0.000015739,0.000019145,0.000032861,4c273f02f07da554a6510f72b419b86c8f5e19ecb540d65f4d5c7ba0cb9378de
283,1764562605.3326364,0.000020188,0.000015138,0.000019516,0.000015729,0.000019737,0.000032570,89c1050952f25521e6a90df7cefe08b71fedea30657e2dd0990dbafa1135285f
284,1764562605.3338575,0.000020147,0.000014838,0.000019997,0.000018785,0.000027000,0.000062265,5e4469c27bd09fbe9ccfc28b73b1f7a985681de3d0cc2acb37a1f170bbdeeec0
285,1764562605.3350477,0.000020919,0.000014918,0.000021279,0.000016340,0.000020849,0.000034434,c48b92d84b10e2fb95774cc67885fc59859507a2b7f68d8613b423fb35386024
286,1764562605.3362467,0.000021589,0.000015238,0.000021089,0.000016601,0.000023163,0.000036067,afe49df334cacb65ac4475fa1ca9111963537a61de970fa776d4ae7515b8282c
287,1764562605.3377347,0.000025147,0.000017643,0.000023213,0.000021049,0.000033422,0.000046806,55fe4335b19f8d5c024b4f1ee915e423adf0f905460a3e115633b99394b37652
288,1764562605.3389294,0.000030887,0.000014617,0.000020098,0.000015900,0.000019206,0.000044583,dafd6bd8c571157a568a2164a78a6d51d942c2909ac1b6229c8dff639f44d0a1
289,1764562605.3400466,0.000020027,0.000014226,0.000019396,0.000016400,0.000019296,0.000033492,ca1a0a5af5f464ce41ece3c8c80674e93ff9952a5077fd9995f18006eae9350a
290,1764562605.3411238,0.000019786,0.000014176,0.000018635,0.000015639,0.000019035,0.000032820,1c17c89d8f1615a144412679ba6e39e38bc332b02049d0972a76d0bef021d5ff
291,1764562605.3422766,0.000019746,0.000017151,0.000021921,0.000016320,0.000022031,0.000034954,acac76867e57b219cda36b5c9e3e5f82bbac8bc02d0b6f4da1592a45102e192f
292,1764562605.343482,0.000021660,0.000015037,0.000022211,0.000016811,0.000025317,0.000037640,cd6656b4fd672e7059014b526357e6035c8a7246e2e724bea9cf0cc885772699
293,1764562605.3446338,0.000019857,0.000017352,0.000020929,0.000016491,0.000021019,0.000033933,188274095e87df0cd88caa37dd65812f94f70e34302f5c2b34bb1d18107e14c4
294,1764562605.345896,0.000030927,0.000016781,0.000020247,0.000016761,0.000022371,0.000036648,8166c607403fcd70a7d8b47e2f480a9825c1102799a3740913a7fbc6bde4a0c7
295,1764562605.3469856,0.000021830,0.000014397,0.000019145,0.000015658,0.000019726,0.000033622,e6bc1214ec70f4ded63a26c2f92795bf0887370f636acbeaa809d6e0f5be27ac
296,1764562605.3480513,0.000020227,0.000014016,0.000018665,0.000015498,0.000018935,0.000032751,9bffb0e7a57dff07ae52c4716ece612d78df3fd8a4828c85bc199d63fd35ee51
297,1764562605.34919,0.000019806,0.000013995,0.000020808,0.000015809,0.000019897,0.000034404,e10c88915d62fae879cce9ada73379269acdf9ae032cbc71bd99e6b3aaa67db3
298,1764562605.3502913,0.000021009,0.000014877,0.000019976,0.000015549,0.000019246,0.000037910,563b085a4b4689b23b2ab434b5bd84158271bf462f2d56ffe5d7751a88cc5dbf
299,1764562605.3513515,0.000020668,0.000014086,0.000019746,0.000015469,0.000019055,0.000033231,5f1513dcb8a749576fc8a1b8f54103315070a2c87ddf5498a6bdc41d156a5852
300,1764562605.3524616,0.000020087,0.000014317,0.000020609,0.000016310,0.000021560,0.000035075,6c739124cf457d0e5044b8ae5d70add347b6b310b1b5da77a153c79c56758c1b
301,1764562605.3535807,0.000020237,0.000014267,0.000019265,0.000016371,0.000019486,0.000033913,318a4afb39a7a8f07e76e4a52677189ee22c24ffa5721541c346631aa69a49b3
302,1764562605.3546834,0.000019867,0.000014406,0.000021169,0.000016150,0.000028893,0.000033041,e6a3e0e5399538ed4c78d4835132a18e84ac7b4edc2dae06ba58dc1c7b2cbe6f
303,1764562605.355805,0.000019686,0.000014046,0.000021279,0.000015829,0.000021280,0.000033713,6f30412a4d3d694d7877604b6b09ce54c6928b2354899a77ea1de41145eb5af5
304,1764562605.357188,0.000021230,0.000014417,0.000023885,0.000017793,0.000026378,0.000040074,455cdacf2a77eeae3f81984d5c871ea3c2229a19eac38f911b454919ace96f14
305,1764562605.3583176,0.000022361,0.000014687,0.000019586,0.000015780,0.000019756,0.000033081,218003e2b6a2eea467b723959ccaf2ba624f78291bea406a011ab5378d4f6e54
306,1764562605.3596847,0.000021730,0.000014437,0.000041587,0.000015969,0.000019476,0.000033953,176948e4cdcda99212ed68f5fdd6fa3df1165449c0f8badbdb3053aa23a84a10
307,1764562605.3612697,0.000028403,0.000019786,0.000034493,0.000016621,0.000023894,0.000039342,d11e4496bb3a31aa715a4ecfc4a508f4036bc8ae71d0dcfe7e9f55cbb6643a99
308,1764562605.36266,0.000022753,0.000015218,0.000021119,0.000016861,0.000021920,0.000062906,48dc7ecbb921cf740347c7c5ae7216e49577f176139b0b3e787d8cecf32805de
309,1764562605.3638074,0.000020478,0.000014276,0.000020067,0.000016220,0.000020778,0.000035616,75d3c0eab6076882eee6f28bcc3cbbefaefbb84acfb4aa60cd91adfeef94cd8d
310,1764562605.3649101,0.000021019,0.000014627,0.000020538,0.000015859,0.000019426,0.000033662,f9c4b5a9ef727e3c09b09f1b8558e58d944887d409f720526f4408fb9ce7887e
311,1764562605.3664796,0.000020407,0.000014988,0.000019326,0.000032550,0.000039173,0.000065571,d45baef3f2251e77bd095ea10a67b475144016e195b570374c0ceacbdbd95d02
312,1764562605.3676317,0.000020267,0.000014738,0.000020578,0.000016029,0.000020097,0.000033442,7c66e362200565c6e159c8db3c78c091ae47cf1e4aaa412f434f9cd8407c2854
313,1764562605.3689752,0.000022571,0.000015128,0.000034614,0.000021320,0.000026769,0.000040434,2b43c4d845639e24bc31a3bb7194a9fae1f3dea5635e04c98ae1404995ceb78a
314,1764562605.3703372,0.000023464,0.000014907,0.000021199,0.000017122,0.000025647,0.000042008,77f90c348f30f5bd0d9973bea5947e84c7a301a5d9e1cba13656f99d7755bc18
315,1764562605.3714213,0.000020558,0.000014837,0.000019386,0.000015770,0.000018835,0.000033402,9580192e4034b586ea64068557e88de83f5ac4d790385a799ec93ff5f73ea1b3
316,1764562605.3731728,0.000048860,0.000031377,0.000021830,0.000016140,0.000019566,0.000036237,53dea95024f15baaafa5969d41c3396e0548007c6d60de935fa052f5038ddbd0
317,1764562605.3745399,0.000022211,0.000015128,0.000019616,0.000030567,0.000036468,0.000032871,f991b2526237bfe43653b25b00beff0d6df48185e5140f949fd4b321c99687fb
318,1764562605.3756192,0.000020558,0.000014838,0.000019696,0.000016210,0.000018474,0.000032680,b0d48188553148ef4b937acbf7b5fda35cc3b50512c25e2edca5f0ac7571883e
319,1764562605.3769298,0.000026248,0.000019907,0.000028803,0.000015719,0.000021580,0.000035516,37ff052900ddb0b22f43c730ac8c969e8338f63c93404dc7073f13c9d3e1d5fc
320,1764562605.3783243,0.000024045,0.000015298,0.000023043,0.000033912,0.000050052,0.000067364,5438031764edd05a1db81a7cda5b01ffc01c57b8d4d5ebf5c6e557a9e77456e0
321,1764562605.3795023,0.000023173,0.000019867,0.000020017,0.000015889,0.000020948,0.000035706,7a9d9f40925983b507ae08b4e9c8d9b9fa3691ecb130a9f422307b0a51183643
322,1764562605.3805788,0.000021039,0.000015268,0.000019205,0.000015549,0.000018845,0.000033452,5dc43910aa7f3872bcc538715897bdb38798634c33f75a6d8a24161161c62e6a
323,1764562605.3819835,0.000021028,0.000014487,0.000021940,0.000015369,0.000018594,0.000032700,245875056738d98259ba70f8abdcaa1eb9e2fdf9006d86a5a919808fead8ab41
324,1764562605.3830578,0.000021660,0.000015459,0.000019977,0.000015268,0.000018083,0.000033081,f6e5e5e3ae16e9ab81f59dce8bdb46b0980c87349bc6feb5e816294c27c811ec
325,1764562605.3843007,0.000020748,0.000014798,0.000023093,0.000022652,0.000019175,0.000033852,8eb76f4af46d29ebcf51f6887b4e1c8ce9ecbd958072939132f994cd6b7bd1f7
326,1764562605.3856544,0.000022942,0.000015398,0.000023965,0.000016881,0.000026830,0.000044061,6353effeed40e58d138e8fc4c99fc37203bd433ba499f5b9aad5543c4cd7dbd7
327,1764562605.3869252,0.000023884,0.000015819,0.000022442,0.000016400,0.000021911,0.000042729,888e4000e49d2725f5f373f94dcaa9f16bc3bedb48d040ab072a07f9813c6085
328,1764562605.3880582,0.000020988,0.000014657,0.000019747,0.000015649,0.000020578,0.000034433,b54cb27ef53d2148296677bce247fb72800ea20877b8db57c1323cccda0bed8d
329,1764562605.3892016,0.000020128,0.000014546,0.000029284,0.000015679,0.000047738,0.000033412,d6bd38ac48eac2e5f657429b030386d1b9bd03738f0b8fc7f443fe1f892dd530
330,1764562605.3905733,0.000026279,0.000020939,0.000031177,0.000015349,0.000020117,0.000035014,39b494c568bd2b5f9addce091835c1a072a93f84cf4f8d44f709276dfe10ccf9
331,1764562605.391792,0.000023303,0.000020729,0.000023935,0.000015479,0.000020017,0.000034194,c53843b9ccca9250e0f28ae4a225baef6a2ee24df9b8605d37db8c2a4ec6c77b
332,1764562605.3929799,0.000021870,0.000014677,0.000023423,0.000015750,0.000020047,0.000033873,1429964c1c73f6da622408e15c3c7220292a7d0f8bf1d73a5554df0b56bc98e6
333,1764562605.3942451,0.000022050,0.000014887,0.000022051,0.000016000,0.000021299,0.000041356,165d6531be57565cc0d554bad2ce8bc880d37328e5cd139ffbcdafb305ca789b
334,1764562605.395626,0.000028853,0.000022281,0.000021269,0.000024375,0.000051385,0.000040716,cdc0224e35030fdb44cf2da2b5e22d17cdf64419dbd1138c2705165b424c850e
335,1764562605.3967488,0.000021129,0.000014577,0.000019356,0.000016771,0.000021420,0.000035315,186280c854a6170ae50e3b121e786d289d09521350ea264b9b45c3ccf05fef88
336,1764562605.3978071,0.000025176,0.000014818,0.000019345,0.000015469,0.000018414,0.000033161,388edc894fc2fb302d36fd53bdd9118a06e7556e213709e8f098caf7f47c2714
337,1764562605.398875,0.000020328,0.000014287,0.000028432,0.000015018,0.000018504,0.000032901,c9f04b14ad8d667a9a01b66d8c9692d471952c752cd01cd5567f44575ddf7078
338,1764562605.3999255,0.000019667,0.000014156,0.000018995,0.000015458,0.000018224,0.000032751,bc7b6067f9278425c2b4350d67c6ae2ace212a9135cd8a829813a61fefa7f2c5
339,1764562605.4009924,0.000019796,0.000015108,0.000020448,0.000015078,0.000019015,0.000033251,dce227727e32222c39b7e6723657dadff9a79fce047ec0086546295fd6d4e98f
340,1764562605.4023504,0.000020648,0.000014887,0.000026960,0.000019225,0.000030477,0.000042599,d26056e920d8e8039bdcce810ca10358121d27847e0c07d1cffaac514332be0b
341,1764562605.403793,0.000027020,0.000016340,0.000021279,0.000018064,0.000025437,0.000040896,83868d3d860e1bd7c0de52423fc2dd198d4d3ef9fecae55d3a3a743be1fa8464
342,1764562605.4048803,0.000022382,0.000015338,0.000024155,0.000015829,0.000018274,0.000032951,ac699ada6a01d43a6c57f22fe34a1f1904d2a89207788fd6283f983a14ff6d15
343,1764562605.4059572,0.000020568,0.000014536,0.000019526,0.000015599,0.000019076,0.000033222,d77aee3ceb0d62f72f88507a835b9ab6f1272e21430192ebb81aa6f535e5ae11
344,1764562605.4070172,0.000022151,0.000014988,0.000019426,0.000015378,0.000018284,0.000032760,befb4ce94796177937183db9a6ebf98a0a97ef60f03ba52a0e2281612092783e
345,1764562605.408054,0.000020277,0.000014566,0.000019106,0.000014887,0.000018244,0.000032590,005a7d6fbff4eb99fe35e854782741db31bfc708597c6fae7c3c59930c6fa158
346,1764562605.4092638,0.000021871,0.000021029,0.000021750,0.000016701,0.000021721,0.000034364,b8bf1c00e9d789d84ec240fe922ed76ba7e6fc841991e285ea43f2cb2c35f36e
347,1764562605.4104025,0.000021901,0.000014908,0.000020638,0.000015318,0.000020809,0.000035836,261de75a0e9d54e77ee38a400900e147497be0523d32fbd4479063607b6d83d0
348,1764562605.4114754,0.000021089,0.000014627,0.000019947,0.000015208,0.000019967,0.000034363,832cfbd2f628d5fb8d445d09468a4788b0febe2927d1a0ec22e275d60006301c
349,1764562605.4125397,0.000020708,0.000014837,0.000019616,0.000015208,0.000019316,0.000032450,f82c2e62a9472cd8a3de9775ab371c1054868456697efbd60645682d022e2183
350,1764562605.4137049,0.000020508,0.000014717,0.000022071,0.000015789,0.000020017,0.000034254,0b18e9b3ad77eb8aa47d17312282daf0d030a3fce140f8abfbdfef8f7dec288e
351,1764562605.4149733,0.000021410,0.000015278,0.000023022,0.000015969,0.000021259,0.000034254,182fa6f133356651fdbad92b021e3ea8e765a4c69ebc5c508967205c5df9f9b3
352,1764562605.416216,0.000056825,0.000017152,0.000022121,0.000015579,0.000020087,0.000034484,2fdf13abd86406e0ae6594b31aa96dd9ff978d1928644c9adfa216e03a429e83
353,1764562605.4174457,0.000027732,0.000017202,0.000019897,0.000017652,0.000022451,0.000038250,1f4a91a2fe7362d7fb76ae4053cb66eb19ee360738c211ede68ef96dacadab73
354,1764562605.4185567,0.000027500,0.000020969,0.000020177,0.000015518,0.000018925,0.000033732,3992764ee5bcc147c5983e691cfa9c96e455d6cb613f73754828f1264ff59ef3
355,1764562605.4196887,0.000021369,0.000017473,0.000020188,0.000015740,0.000021930,0.000037179,e323b5a5570542f14b8c71db18dceb56185f906cfbe4d3a0c715ae1d50075386
356,1764562605.42092,0.000020238,0.000014416,0.000021229,0.000016059,0.000020768,0.000035225,46e474348308b6b6d6afb6cf17ff1085dac046e43d693a0f80e653e5388f3de7
357,1764562605.4220493,0.000024075,0.000021780,0.000019947,0.000015489,0.000019316,0.000032961,135bf92fed3e3f857ccbaae7f41e5ba725e426f6b86b2f30d584f82f6e7d96ac
358,1764562605.4231262,0.000021539,0.000014276,0.000019095,0.000015258,0.000019446,0.000038612,0c41c1709337ab6e119bf3cd78b8a1f321c72e21993c4489f28e97ba7610ee33
359,1764562605.4242854,0.000025497,0.000024565,0.000019637,0.000015869,0.000019987,0.000034705,ad66f38c27b943451ddadc1875d591de7eaf14505854155303f41e4616c35de9
360,1764562605.4253798,0.000020307,0.000014958,0.000020207,0.000019687,0.000021490,0.000032880,3c040edc0108acd87ac70bb84058e3c7b5ee9953c111f5c65a6729e67ee16483
361,1764562605.4266472,0.000020909,0.000021740,0.000020908,0.000022000,0.000057636,0.000033502,429482a81a9d4e067b0b2d1debe3e1e025e00c71ab015aa7f07bf0f4ff02d162
362,1764562605.4280646,0.000021740,0.000016009,0.000029855,0.000019296,0.000029765,0.000051555,686fe929e8b51a1a9af4a6226376c59355cd95f192982c639da61671e2510e68
363,1764562605.4293387,0.000024836,0.000015318,0.000030226,0.000016591,0.000024806,0.000037830,a7009bf87ca56eb9b945e263da445f8c1c1321eda162dc8f427081e967f378cb
364,1764562605.430645,0.000023222,0.000017002,0.000023103,0.000017382,0.000028353,0.000038381,0362d5903e91c776d20b62b5220704ed69235ca5c13a113d991aefd15f27e71c
365,1764562605.4319704,0.000022281,0.000015469,0.000025617,0.000017893,0.000026930,0.000040194,ca7a7b1464e470a55719d9bbff69335cc170a1b0f478304e3eeaee38f1fec258
366,1764562605.4332418,0.000023784,0.000015058,0.000022171,0.000017272,0.000022852,0.000039133,0a53032b1269aa0d3666c8299700891e944c5f63785ab8af8fb3f06838ad81ed
367,1764562605.4353228,0.000030135,0.000021089,0.000037249,0.000021900,0.000041517,0.000068597,b585d520c1f27d66dd319a6c4f44531bf2d1e1d17effdf10dceca49008514d43
368,1764562605.4376752,0.000033692,0.000017001,0.000031428,0.000039503,0.000062916,0.000109953,c21030b5fc2de4df03d82184947343b4589c2ef8eb58bd8d54b3c548c543c643
369,1764562605.4400973,0.000027200,0.000030687,0.000026248,0.000046466,0.000060151,0.000090196,d60ee5fa518c93e9179bc87d686bdc0cebfd80bb80ed04b6c54eb503842c9bee
370,1764562605.4416697,0.000026289,0.000015348,0.000026870,0.000020578,0.000038181,0.000058809,e31b930f9491f214873f614e46027f24481ece53c4cfecdd786dad41c461ee4d
371,1764562605.4430444,0.000026889,0.000016511,0.000024996,0.000017403,0.000027300,0.000039202,33af5f5d86c76da429673ea9c20c51b1a2b8fad9ad80bf6884f6af93dedc6c6c
372,1764562605.4453087,0.000026159,0.000019436,0.000059801,0.000022803,0.000040935,0.000103301,d11d8a6973fd1dcffcd8f28f3dd78a59b7a8e778fefe72dfd183392c40dd33bd
373,1764562605.4475129,0.000038501,0.000019256,0.000040705,0.000022011,0.000043480,0.000077092,71c43c6aac3a99a952150ac5f263b880a3041f20704e95aaf9cdd4b22c1f00e4
374,1764562605.448979,0.000027050,0.000015789,0.000021810,0.000018063,0.000028783,0.000037149,1b77ffd19ca7965843e8066a4422eef1413c163dbfd30bc1224781fd566dc36a
375,1764562605.4501593,0.000022531,0.000015268,0.000020688,0.000015669,0.000019816,0.000032531,21de86c0654468f59d507bfaaafd0fd6ca96951f2213acb82d021578c984dac4
376,1764562605.45136,0.000023544,0.000015549,0.000021670,0.000016511,0.000021099,0.000033802,25cda01f20cd2eb978613e3fa24cb64723ef5e1c5f3052f408ae25277f03f9ce
377,1764562605.4526722,0.000026288,0.000021570,0.000021249,0.000017522,0.000027100,0.000044132,29114593adc266d552d58f2f80560cde28465dd07f4bca58f8467276aa8fa946
378,1764562605.4539049,0.000021449,0.000015329,0.000025046,0.000016511,0.000023323,0.000035305,60e3c0d40db35abacc9b5d0726803a9072ec076c634afc0a65cd7072d2fdb084
379,1764562605.4551313,0.000023303,0.000014797,0.000021961,0.000016381,0.000023563,0.000036267,b2c4c44b992a6b2b23198f97139b44de114992553223a3de13758bd26fbbef44
380,1764562605.456365,0.000021901,0.000014968,0.000020488,0.000017011,0.000022782,0.000037189,360497df52cc1891287dbea30801cc8ea62c2344986390b4cdf59d0f8a6ca7ea
381,1764562605.4574609,0.000021620,0.000014547,0.000020027,0.000015408,0.000019396,0.000033381,053f156a8e2bef9e7676b949948f2c5457c7a200fdc88e233409193e51281712
382,1764562605.458936,0.000020939,0.000020037,0.000033833,0.000017813,0.000028893,0.000039473,dd3274543204037b9815a46d1b876f927d33b3db8e5ccae0e5405baf517c4a00
383,1764562605.4606397,0.000032660,0.000023273,0.000039123,0.000020077,0.000034274,0.000053328,90be8bb3dc247e37f18fc8e2d15294e9eb6d02e5f99df63640e6d26ad2ab5555
384,1764562605.4628026,0.000028112,0.000016941,0.000032880,0.000022863,0.000038932,0.000108360,9d80ac1caec9c3c6bbdf4c2d011743c057b82d4805835e8d914dceba21e21d75
385,1764562605.464574,0.000027681,0.000015879,0.000045374,0.000020128,0.000032780,0.000049611,50cbd5915b9e8d203e9abd71665994342db3ebea286fe4d0fa33642dd36ffad4
386,1764562605.4664588,0.000045353,0.000032049,0.000024776,0.000021039,0.000035836,0.000049973,2e30577a5337e9d504608d5419f57e760d4d2e6c0d2933fc472ded0d090e4531
387,1764562605.4676611,0.000022121,0.000014958,0.000020828,0.000017072,0.000025868,0.000041116,2a9b7bbd8e2f7558ac5d71d78ed63125b5867f3fec2c12028c86d03ab879144a
388,1764562605.469389,0.000022431,0.000014637,0.000026138,0.000033672,0.000044522,0.000071693,c5fcd0d3213306ebe322bef26140584bb7a875e4268d64bf3af040993972291d
389,1764562605.4708767,0.000023193,0.000014958,0.000041477,0.000017241,0.000023713,0.000034975,ce6d2cc232574d278a180740f0bb4ebc81801f53a2ea7a33a71c61c5c17b4687
390,1764562605.4724264,0.000042318,0.000030106,0.000022762,0.000017422,0.000023663,0.000036146,9562cba39936b53843bcf8b0f20c9fad9f56c946ec1bb7b93bd248ce360264eb
391,1764562605.4736125,0.000022050,0.000015269,0.000020367,0.000016792,0.000021099,0.000034514,eef6b2240d3b6011735d6698387499347d682849551aec643a5f3ec5d0454eab
392,1764562605.4748964,0.000020719,0.000015208,0.000031939,0.000016982,0.000023784,0.000036227,7cfec703e999b438ac61667095ef66f4846802c9b541a5edaa44516a14c35d8a
393,1764562605.476683,0.000025206,0.000016220,0.000038291,0.000036627,0.000066773,0.000078275,f9321d9746bb27c9778921cbdea20a595ccdeb8f6a952ac7c233cf4db3ff7d19
394,1764562605.478382,0.000036828,0.000016922,0.000026319,0.000019716,0.000034143,0.000088533,270c1941ebb547e7a1a9f85c581a32df4376f0054fc2de7f61e2ab29e77dae55
395,1764562605.479778,0.000021890,0.000015879,0.000028623,0.000023123,0.000031989,0.000048089,5036e9ba428bb127daa04a1359bb3a86aec0814b319726b5b4ad8b3585c050f5
396,1764562605.4814613,0.000026789,0.000016781,0.000038431,0.000021470,0.000037108,0.000046966,0dc9266866fb6532bcff5b1033ca6285f8f9825332eadf7a33ae9805dfb38bb3
397,1764562605.4840722,0.000033532,0.000016611,0.000041066,0.000060171,0.000099654,0.000168983,63912a5ddf2521ef4e8bea830feaf6a946dc5ab5e6f5664d229d44708725639d
398,1764562605.4862812,0.000027571,0.000016611,0.000045525,0.000027932,0.000053209,0.000072534,78678144406839a6efc70537c9aee176ab817e16c2ef79c894c52a4ffa2c522a
399,1764562605.4883056,0.000032800,0.000016410,0.000028253,0.000028442,0.000046205,0.000060031,058fedfd3d1adabd97526e782ec1367bcb27f4de8e80d3f92fe895db3b67ac84
400,1764562605.489925,0.000028643,0.000015077,0.000028112,0.000021720,0.000040244,0.000051976,a7937726287b1bf2692ad4b51675e50506c13b51e460e5c1bddab1e8eeab2f69
401,1764562605.4912798,0.000025597,0.000015879,0.000020458,0.000019767,0.000039443,0.000041307,a4f2bd2d9a7dff5214c8cf858c6f45a8cea10ddac209e05738a3890ab30a348a
402,1764562605.4926765,0.000021450,0.000015769,0.000025207,0.000020798,0.000039122,0.000057737,2fcfae1df94fcf18dba12a563aeb2ba01b2443bef3b5155c976ee29bf0bfafbd
403,1764562605.493853,0.000021520,0.000023864,0.000019476,0.000016841,0.000021720,0.000035225,d614733dd8c913232d33af05e05eb46c34880f469b813af8e3560e3493a2c02d
404,1764562605.4949877,0.000022893,0.000014998,0.000021059,0.000016140,0.000020368,0.000033843,34aa6d4cd887acd38bd86dff394e4f3d4a149479940c6a9cd232c7db21f77c2e
405,1764562605.4965367,0.000020307,0.000014587,0.000020398,0.000032821,0.000038892,0.000067344,56039797cb57c21c268fd4c007ec1f434c014ed9ed1c6a320411d70053ac36e3
406,1764562605.497647,0.000020087,0.000014467,0.000019977,0.000017031,0.000020818,0.000032760,a8919cddf641faa55a3623e00d8904bd9380c3569563cdcb57ad2c2f2a627f9f
407,1764562605.4987605,0.000020578,0.000014587,0.000022382,0.000015929,0.000020257,0.000033422,3624508df37f4c30800adfddaabe4d8d7c0b3bc7a724e949abca54dbebe43e47
408,1764562605.4999697,0.000021220,0.000014677,0.000029956,0.000015830,0.000020728,0.000034954,b302012c915e653a708d0215896e6d6cd884733e4b91d3838c2bd10f3a82f1a8
409,1764562605.5018213,0.000031698,0.000021189,0.000026609,0.000021770,0.000033963,0.000053199,5d56904a4cdec78d963261326d34dc5a2223cb964bbc4aa49022e6d576d4ce33
410,1764562605.5032177,0.000025227,0.000015919,0.000022993,0.000019255,0.000032621,0.000049942,76f22dfa2926191df00dd43c6cea03f2cccaf1a26cb7792b79f4ed47601bd4f5
411,1764562605.5044734,0.000024906,0.000015338,0.000022221,0.000017663,0.000027311,0.000042388,3fac28357c00c5fae1d7dd9141a0d6763970876a1690299360274b93a101c1dd
412,1764562605.5056722,0.000021390,0.000015057,0.000022752,0.000017452,0.000024906,0.000036167,b552b72dcaf95a055a32fbdb6d176eb8e5eeb009b75471fe9f823de67d4eabc6
413,1764562605.507114,0.000021740,0.000015198,0.000032129,0.000019637,0.000034133,0.000053068,ec904023abc51cfeb3afec66b572a69a4493fa1981cad8ec1e4d77839c124659
414,1764562605.5083687,0.000024886,0.000014487,0.000025768,0.000017122,0.000023633,0.000036527,3588c0ffdb9685ff32d6539e0bd15ddf6e7227e131f17d97ecbe923a0fcd7d21
415,1764562605.5104384,0.000028603,0.000016811,0.000040795,0.000023294,0.000049922,0.000068006,64e51949aaa86accf749b203fcc8f6eb4981d18c8bfeabd041ba402fb5c24a4b
416,1764562605.5122893,0.000026660,0.000016110,0.000030336,0.000025787,0.000053449,0.000064649,8ff9ad076b10ea0c72e69b6a4d985bbafba3275346e6ccf8dd2eb6cb7c87bdf5
417,1764562605.513976,0.000028262,0.000016010,0.000027190,0.000021850,0.000036648,0.000058148,000ba63d2e26aaa72003b3938342ed1aabf2a378b6480a933badfabca6718e8a
418,1764562605.515305,0.000022542,0.000015488,0.000020868,0.000017101,0.000029275,0.000043601,2a0cedef46fb4ab077f56826496c001ac3a8370d0787ed607d7bca56f62c0d4b
419,1764562605.5164905,0.000022040,0.000014647,0.000019325,0.000017082,0.000023053,0.000036797,c1adab7b33db996ed0162f4ab475d803d1048f903321cf7d07c956231893319c
420,1764562605.5176878,0.000020378,0.000014687,0.000022852,0.000017212,0.000026088,0.000039723,3ef97ce1be3a33108165184a4f8cffae2abcdd2bb8e6294063d70bdf80a183b7
421,1764562605.519069,0.000021319,0.000022411,0.000023764,0.000019015,0.000034834,0.000050764,b0ea1c9976f67cbf72ea1d1076415dad0849d9b165b2b6894d25486e1fb34e1b
422,1764562605.520313,0.000023143,0.000014847,0.000024265,0.000016922,0.000028963,0.000036246,37020f9819d670d8ba1aa2354354915a77dcba649ebf9493cd8c49c16bfc1133
423,1764562605.5214772,0.000022251,0.000015679,0.000021300,0.000015739,0.000021109,0.000033962,e56404b155fb762b6916190fe9d9e26fc26ba2025ed668f7677b378b9d4629a4
424,1764562605.5226593,0.000021760,0.000015108,0.000022843,0.000015609,0.000020688,0.000033893,9bf76044d769f010fdfd716a74f1adb9487415fa7c87918052c4122de630b0f1
425,1764562605.5238128,0.000021991,0.000014797,0.000021830,0.000016200,0.000022261,0.000035145,a7c09ed003d4b6e0aca1c0f7ad2bed8a4f0907a8557278fab551a8fd4f1b1c69
426,1764562605.525131,0.000020838,0.000018955,0.000023714,0.000016691,0.000023874,0.000037078,7494bbdf2086e2d2d8d5bdbb0727c318fe13d245122b6f7539c9083caff3ef49
427,1764562605.527429,0.000023283,0.000015359,0.000038581,0.000052167,0.000041417,0.000076422,11baed9972558684253179a3dc8ec457c25de0d94e7bdc7d0d36099ab31c6a27
428,1764562605.5292742,0.000028452,0.000017061,0.000028532,0.000025938,0.000051646,0.000058248,6c5d7e62e2ac1a1fbf033612eab88a2d098190628d9631b2dc39aa1b1dd75074
429,1764562605.530747,0.000024064,0.000015278,0.000022010,0.000018414,0.000029485,0.000044082,550f8213492105dbef3bcc75db901e022de0e73cd4cc5759956806dd322cd0a8
430,1764562605.5320215,0.000035085,0.000016981,0.000021029,0.000017783,0.000024636,0.000043250,0fd644dfd89afe783028d02a4389f98da3c34517dffae2ef3f44235b85d0ddc5
431,1764562605.53317,0.000021339,0.000015438,0.000019566,0.000015879,0.000022923,0.000035987,ff7b5b0ae4ccefd1536dba8a725850cfe9c868380946f27d3782b5b0b968c79f
432,1764562605.5342712,0.000020808,0.000014958,0.000020168,0.000015900,0.000020247,0.000033922,95f0d1190ca1a9b85f6ebde0092f3b1823fed6555c7f5cf0c93c7631d6223e50
433,1764562605.535378,0.000020528,0.000014557,0.000019877,0.000015929,0.000020988,0.000034875,65e6c9d76dc8d44ed4a17e7bd9f3e53af616c40803b92ace2a80239bfaed2ea6
434,1764562605.537003,0.000025497,0.000018715,0.000048199,0.000020959,0.000028783,0.000045413,7ce07ec8fb7300a14b5f31220f0acbf37b19ac4e708badde229f1a9a8be4f54c
435,1764562605.5385993,0.000033442,0.000015790,0.000021620,0.000028723,0.000059530,0.000058288,1ed8fb2aecb1f76b62ae32de7bc17766985a822be0821bd00160e99a477e8465
436,1764562605.5398164,0.000022551,0.000015339,0.000021169,0.000016290,0.000021760,0.000037329,a92f38b196935a1c146319c9d43db019a1937ec2814226114f630b85913c6b47
437,1764562605.5409024,0.000020748,0.000014316,0.000019846,0.000016120,0.000018224,0.000032961,64fc855011156848ad1e16fc928d92acacfaf381d6ffb74c2142dce5a8b95bef
438,1764562605.5419393,0.000020177,0.000014507,0.000019176,0.000015078,0.000018274,0.000032680,b29395905025190be9769974df17f5719401b0ca83d5cf4d639de84523e1bf26
439,1764562605.5432408,0.000026018,0.000018033,0.000026459,0.000016521,0.000021249,0.000039333,56d07564b930892f6859510ca279f605bd9a4cf6c1a0c95c4f50326ba8cc3317
440,1764562605.5447905,0.000030096,0.000016621,0.000059390,0.000019666,0.000028583,0.000042339,787a311df33af94dff53b7030657cbf6703b9a3e69d470c2d6824fac4675a9fa
441,1764562605.5461009,0.000024205,0.000015238,0.000019216,0.000017512,0.000025918,0.000038010,0f31a8d695634024873f0921803dc46c2e5d151082af3cfc25bd4edb1e71ee48
442,1764562605.5471935,0.000020368,0.000014317,0.000019286,0.000019456,0.000019536,0.000033101,3a6e2e00b89fceb6d26b86c056916814813249c9e62dedbb75ee21884f6ec96d
443,1764562605.548248,0.000020428,0.000014076,0.000019105,0.000015629,0.000019225,0.000032530,d146379f439bc210c73ba17167437d204ed9954f3decf61e8b33d9c0ab402812
444,1764562605.5493023,0.000019646,0.000014096,0.000018875,0.000015599,0.000018995,0.000032811,14784ac8c10c6a596343ffb404ea8c939ce09f8c5acd966309576310f8d661fc
445,1764562605.5503538,0.000020147,0.000014427,0.000018875,0.000015228,0.000018524,0.000032640,ed07dc3225c77f0bc7dbc143a3d6b430c62b3e2fc718dc96506b7d95bf6ed549
446,1764562605.5521123,0.000019777,0.000015078,0.000032009,0.000033372,0.000055332,0.000067815,26b1432ad26a719dc51955cc064260fa213d7d4a6f4d32276838c14d60b62d52
447,1764562605.5538182,0.000028482,0.000019336,0.000044452,0.000017392,0.000024755,0.000037469,085ebb8dd2e2ab85357de6667f244a08ae4bfa4b5cd7ca26924a4719c3ec25db
448,1764562605.555264,0.000044062,0.000029555,0.000021219,0.000016360,0.000029174,0.000037149,9b64d3b06a90e95bd32d9a620150ed5d34d69e4d67b2dec74c66afef03eebdbd
449,1764562605.556368,0.000021380,0.000014687,0.000019647,0.000016200,0.000019386,0.000032871,7ccc2984849b19aaac13d1e648722778cec14aa6893cc33e927de949158cf1c1
450,1764562605.5574338,0.000020718,0.000014277,0.000019466,0.000015709,0.000019286,0.000032820,1849e66e605f01a0f7d3b9927d38680eef02a84a32e6b58c02169737eef774cb
451,1764562605.5585918,0.000019947,0.000015309,0.000021380,0.000017612,0.000021610,0.000040264,5af62caaf44d7be6e3e8ca52f1c70b45002fa0cba15424e25251f1e91b1d216b
452,1764562605.5603461,0.000021691,0.000014938,0.000027140,0.000022011,0.000030907,0.000039513,29bed581167156f81962e4099e464af6e7ccd4dd56f3d35ab638588b489007f6
453,1764562605.5617216,0.000026659,0.000019476,0.000021931,0.000016851,0.000025327,0.000038842,e595842fbab0d11e9ffaff32331cfa4a4d6a579e4cb99a7fbca60436fcf8e5f6
454,1764562605.5630066,0.000021600,0.000016060,0.000021880,0.000016841,0.000022662,0.000034735,b32450d8a328379e1b944d2d420de8d122184d1ac91e51f4da2223a6b7cc6f77
455,1764562605.5643442,0.000029274,0.000016751,0.000020628,0.000022522,0.000071893,0.000036267,d6abfb1665279037a7262d60d6b6d982942f1b2af8ccdd6b9a9a866927202ec6
456,1764562605.5654411,0.000020969,0.000014998,0.000019756,0.000016320,0.000018615,0.000033182,5aa1bb359bad94bb55722b6bb7ee22d2abd33add670190f6d62e89fa4abe3c84
457,1764562605.5666158,0.000020839,0.000014567,0.000021590,0.000017623,0.000022782,0.000040555,f1f6adc0e264bc91f6455cf8b00323d9205285abe9a37dde1b3e979eef06a10e
458,1764562605.5678637,0.000020378,0.000014658,0.000026308,0.000016200,0.000021239,0.000042839,63c8d1458d3776738582c4de651563a1d596a2dec54b9730c96c0a650ee91b3c
459,1764562605.5693102,0.000028413,0.000020889,0.000021570,0.000017622,0.000042198,0.000047879,5e2923612c2224f84bc86badf60ffdaa571320939222f8d40d0c1438c75eb840
460,1764562605.5707326,0.000022191,0.000015018,0.000020177,0.000017152,0.000032760,0.000040364,77f3ca8fc1539e6cfa806e2f2ef4b01bb59e1098ed23e02cdd055ee2c189cedf
461,1764562605.5718482,0.000029755,0.000015378,0.000019626,0.000015279,0.000019235,0.000032851,d9243ff788dd074f5b8bbf41648fac23f7ae1b5411f362913b64e4994eb3d32c
462,1764562605.5729551,0.000020438,0.000015148,0.000019476,0.000019446,0.000022040,0.000038571,9f7543b02e8dc2c1565e9ab82703b06f52a967bc477d5d441f60991cef8dbc91
463,1764562605.5741045,0.000020728,0.000014567,0.000020778,0.000015649,0.000021740,0.000033302,65aaea846d686603add3a1e74a1e7bc61dc8d54c80b10da3257c9c0ce1d86258
464,1764562605.5751987,0.000020338,0.000014327,0.000019887,0.000015359,0.000018855,0.000033371,98142977342e822af47d72ed0e2aa6e40e2f3c21464e82e5a8772f6291a2404e
465,1764562605.5764124,0.000020458,0.000014767,0.000027932,0.000015769,0.000020478,0.000034293,5921d454aac54a99199e773e5ea97e84da5a1e83bb7a8956478711426768deb6
466,1764562605.5776603,0.000029174,0.000020438,0.000021059,0.000016561,0.000023203,0.000034424,b3925595d4223c79b7de7ca1c9fa22d6eb08606f5402db10551ac2bcd080a831
467,1764562605.5789778,0.000021189,0.000015057,0.000020528,0.000016570,0.000021340,0.000042810,6fb73d354d04d14b1e2c80a016280fa4520f1b077cb7a020386e44a17df71383
468,1764562605.5801005,0.000020588,0.000014757,0.000024015,0.000015659,0.000019596,0.000033903,62508f9cde4e3684ec612dd380f22691fd80ae01c4383b69c5997bf74af030bc
469,1764562605.5814407,0.000025136,0.000019205,0.000023834,0.000015889,0.000025477,0.000039843,304a54e6a8490ad2a7ddb1d1df65d025e3af94bd779c74ced198712508b7f0f4
470,1764562605.5828063,0.000023793,0.000019365,0.000021770,0.000016069,0.000023213,0.000038461,13587d53167a6b315c058463ae676cb8d925d2c6a22c8184dfd7f232a0dd1a3f
471,1764562605.5840423,0.000022511,0.000015880,0.000023323,0.000015459,0.000025026,0.000040044,7e35565766a6e77ba5c2a6edb684317cc9fd08c9876ac7003c5fdd45b147b0f1
472,1764562605.5858028,0.000022432,0.000015729,0.000046446,0.000019456,0.000034183,0.000075870,e57bad56d1a05dd2d3a24270ec1b5138459a3ff82f0c7cc928a49ee3b89f3348
473,1764562605.5872712,0.000034735,0.000016089,0.000020808,0.000023523,0.000028302,0.000044492,e4b24e677895b83f834595c4e880180c4a3397ea139e2b1114d2994c2a1109eb
474,1764562605.5883722,0.000021430,0.000014988,0.000019596,0.000015729,0.000019957,0.000032409,ffe746ff7a70a0b0ae41bfe4826c303b5959ceee20966cc6f68d692341b9937c
475,1764562605.5895708,0.000021270,0.000014918,0.000025367,0.000016120,0.000021570,0.000034564,504ad4ffac1af8d9d4a042a90e984f68026f8d199ee4580a85e7e56d31b6c83e
476,1764562605.5912411,0.000023473,0.000014897,0.000044462,0.000021741,0.000030366,0.000051175,2a0ea79487dadfe80c7ec44dc76552e91b071590660bb659fc4fff81baf705e9
477,1764562605.5939872,0.000043000,0.000030417,0.000029675,0.000038752,0.000071763,0.000095186,b33493adbcd4469ef19486e0341a84859ec2d187b48270f46bb4530450971588
478,1764562605.5955591,0.000027771,0.000015829,0.000024375,0.000028002,0.000032230,0.000048350,d48b8bfdd59b07d23f47a34cbd47e517af8de3afc46bd344bddd56cd0b24db73
479,1764562605.5969841,0.000025037,0.000015559,0.000020628,0.000020518,0.000025758,0.000038862,18812d858b027eb7aa4cc1d108b32b72dbdda0366af8714f3307d4470978241f
480,1764562605.5981321,0.000022662,0.000015418,0.000019346,0.000015769,0.000020468,0.000034544,aba8481ca743653d58d9df27137482c23e16c2af496c14b2be6d078c32e483ed
481,1764562605.5992408,0.000021490,0.000014737,0.000019175,0.000019316,0.000018614,0.000032791,a6982418825784406643bf85ae10439941deb0c5728f70447d19e165f1f45b54
482,1764562605.6003168,0.000021439,0.000014457,0.000019416,0.000015529,0.000018985,0.000032660,4b3e8dea780bbfc450c7dae6f82b7c490c1c5f9feb2c5e20eb5cc8021b7c4452
483,1764562605.6015024,0.000021550,0.000014527,0.000022702,0.000017212,0.000022271,0.000037359,97020bb224ad168eb14b938a3e65a2d77e5e4768a90291a7029cb0210e0a1833
484,1764562605.6026726,0.000021470,0.000014897,0.000020678,0.000016230,0.000022942,0.000035605,f5b2e99d0deb3f59aaa1771b99ea7e348bf9c67c1aa089f73bfe82a3dc2e3562
485,1764562605.6040006,0.000021510,0.000014407,0.000022792,0.000018935,0.000027631,0.000068126,81065dcc8bdfdda436d9c272f637e89e09381ab9bac8fae07e640c237a666602
486,1764562605.6052735,0.000024625,0.000014607,0.000020618,0.000026809,0.000020608,0.000056505,5eaced806ad2a86775e2770da719a7d416b71dd53be5ee9f30d54f6934efe613
487,1764562605.6063616,0.000021189,0.000014256,0.000019105,0.000017883,0.000019105,0.000034524,f93cf696855155cb824685605ba29b0505530caa3687f3f6da33cd1871f1f6da
488,1764562605.60745,0.000020798,0.000014197,0.000019346,0.000015669,0.000018945,0.000032971,8fc4ad3bed6c2290907ae87cc623d4374d8c8f63341e2b669a0604e3bc1f2796
489,1764562605.6084995,0.000020788,0.000014146,0.000019416,0.000015228,0.000017983,0.000033612,9e69e1f6900d773e1cdf5f8b342fe5afbffebef897d8f91f7c5923aa17dc9ace
490,1764562605.610237,0.000021230,0.000014657,0.000042529,0.000015569,0.000018464,0.000038301,da803272029151853affe51811ed2d89b2dae0f0388ed0ab75da1c729c16f623
491,1764562605.611748,0.000043199,0.000029365,0.000025037,0.000017142,0.000028422,0.000043982,413e85aae824c28e4b350a63e772fcf1f5245bd3dce9f7583e987685175a9059
492,1764562605.6131632,0.000024305,0.000015929,0.000049461,0.000017332,0.000026008,0.000042568,86f66d142e5f54c4485cf0ce20c567822356a9352b1e991c1f6396f7ddc9a3bd
493,1764562605.6142933,0.000022432,0.000015098,0.000019867,0.000015498,0.000020608,0.000035235,c2abd8f152ba87ad90872096e5eee258fcbc41df190ca0f541ad7a71da0cca37
494,1764562605.6153915,0.000021289,0.000014767,0.000019757,0.000016721,0.000018965,0.000032961,aefa38520f76cb9d72126bd52eccdab94005b5b60be300a31db9fcf13c538e9b
495,1764562605.6165333,0.000023824,0.000014788,0.000019706,0.000016250,0.000020418,0.000035947,38770f8cb8e51ea4dd00ccd9cb3ea50acddf6a0f64627e6b4d4933338988e32e
496,1764562605.617668,0.000021139,0.000014797,0.000020268,0.000015860,0.000022341,0.000038962,0cb3cde34c6f46139c9045838031033b880f65b613e12f22219c87bcb0bdb9c4
497,1764562605.6189883,0.000021330,0.000014717,0.000024165,0.000017121,0.000025908,0.000038982,e3de2776d9c3e33db28af66a49917f6ff6e0be9e92d71040137ac88de4c15df9
498,1764562605.6204038,0.000022652,0.000015108,0.000021731,0.000027881,0.000049641,0.000075970,102e7c0d1afd29bbbdd7d06f70fc1ee972d3ae5a7be237f0d43db6efdf47ba49
499,1764562605.6215723,0.000022331,0.000014787,0.000019707,0.000016020,0.000020698,0.000033752,ba16927fd243340c147363f0838f59e380548f8c4616f17c7aa011cb77800079
500,1764562605.622685,0.000020658,0.000014256,0.000019426,0.000015789,0.000019025,0.000032850,0dfbba4c45fef8539785efd05711acf3fd05e78961aec42d2d651beeb75df5d8
501,1764562605.6237526,0.000020198,0.000014708,0.000019436,0.000015398,0.000018735,0.000032650,dd81314dacb22a71786a9f4dffe8e356880bfec45593f6c4c3bc5d4fa2aefd72
502,1764562605.6248379,0.000032720,0.000014757,0.000019296,0.000015649,0.000019185,0.000032540,c61ffe2457df67bc476fcaa5759680d0db0c74c4f8caac062fd2f8ee5f79e656
503,1764562605.625994,0.000020198,0.000014447,0.000026359,0.000015729,0.000018965,0.000032721,ca7c8bf30269d60413dbf0f85ace8368f1698337a1e1f9347f86107a9c73a366
504,1764562605.6272454,0.000027812,0.000021980,0.000022391,0.000021249,0.000022292,0.000037409,407ec0b9430f8d61eebfd63dc1f6012337d5d9de9bfbdda14e0083b9ba8971c1
505,1764562605.6286914,0.000024295,0.000015739,0.000022461,0.000018303,0.000030826,0.000049121,b4a5c6e79f00b0df0ad4cc19c54abc238b13c2bf7d4a451ec9bf1988c7523acd
506,1764562605.6299734,0.000026919,0.000016611,0.000020247,0.000016260,0.000023293,0.000038552,c29eede5a3cccdb14156115f273890295cf2c95de5b9f1f261526bd1e6ff7948
507,1764562605.6310751,0.000021239,0.000015759,0.000020338,0.000015780,0.000019376,0.000033502,d4bd23bb2f296e23019b566deded88f5ad015b167e66e5cbdc154e9827505373
508,1764562605.632164,0.000021249,0.000014667,0.000019375,0.000015459,0.000019245,0.000033202,051c8b42f95218b73f9ebdd3bd3292174bab2327d90d5c4d16f2733d977bb191
509,1764562605.6332455,0.000020248,0.000016891,0.000022752,0.000015188,0.000018354,0.000032620,cf5e2ae9bf52da3301a327ad3f360d295dbbc8799d8568cb6a1e90b0c1433a39
510,1764562605.6347408,0.000022121,0.000015639,0.000027020,0.000024315,0.000030436,0.000046796,9fb9ec6b8680bee6537db1a2d2af1258f574028021785511d8563ee8b45b41c1
511,1764562605.6360054,0.000024645,0.000014727,0.000021670,0.000016862,0.000024054,0.000036187,8a1abd02a391999316fa194ecd16a2306aa99864bd7fdff20cde90003f34e9b6
512,1764562605.6371543,0.000021590,0.000015519,0.000021179,0.000016240,0.000022171,0.000039883,97415dc02e408bd6e54983a10948c57ee5e2f98d99e30ee9d6b895125582f41b
513,1764562605.6382632,0.000021139,0.000014947,0.000020257,0.000015659,0.000019345,0.000033732,f4a97adbfa5bf2858eb120861cf8611be7649737d46fe4280b5dbcf1686e604b
514,1764562605.6393669,0.000020468,0.000014927,0.000020297,0.000015679,0.000019756,0.000033512,da8802d9f1025c7d87124a4c2a43319ac4de041c665b52b61f83c03efed5d132
515,1764562605.6405644,0.000020328,0.000014227,0.000027050,0.000016350,0.000022081,0.000037750,819d2b2c2a8c1ea6c2be0ccd6ae5769cc1b9311a6fe85659f88c5cf797a5adba
516,1764562605.6417212,0.000024875,0.000016210,0.000019246,0.000016170,0.000019977,0.000034223,1fa74963f296917c4df22cf1359b86866f1757cdc1e80ab3b7e93deeb49fbf2e
517,1764562605.642905,0.000019787,0.000015569,0.000022241,0.000015679,0.000019606,0.000033502,c45fcaadd4a7fc372c63706ccc998af79604db667e0254028c53cd767939babd
518,1764562605.6452057,0.000039163,0.000034393,0.000049842,0.000031378,0.000032310,0.000096098,b40841ae74ce521fa6c6a423f890afb59509347425ab9f2fc68728bf9f94d9ed
519,1764562605.6465197,0.000027852,0.000014697,0.000019806,0.000017031,0.000022873,0.000037669,b67fea4baddcc2757af162862b7be67f9572e6a33350d06699f894f703e5a900
520,1764562605.6476068,0.000020938,0.000014587,0.000019987,0.000015629,0.000019536,0.000033832,90fdc8dc56f92f78b8000899ce9760b3155ac510b0b4bf8938d2e6770c293d11
521,1764562605.648705,0.000020137,0.000014066,0.000021490,0.000015118,0.000019145,0.000032671,d701d3282b7848a29ce8a2972d329283af23852988ff7add2cb48c08b95ef4e6
522,1764562605.6498628,0.000021380,0.000015369,0.000020378,0.000015529,0.000020067,0.000033852,5a4904015ccba530d678b6753a71b73c9f6711b7aeb6e58607a0bc01adad50dc
523,1764562605.6515758,0.000025968,0.000016050,0.000027911,0.000032540,0.000040144,0.000066853,909f5f5bebc7fa50387f205cfb7d26f93bfa5e24b288aae6a81d797e0f54a785
524,1764562605.6531155,0.000027531,0.000016140,0.000021039,0.000019636,0.000027551,0.000043159,97b596a3f14ef5b0d0041a8233a773a58f2de29c24e594301b398323187b9c47
525,1764562605.6542614,0.000021740,0.000014727,0.000019496,0.000016120,0.000026369,0.000033512,6decc7f474662ddb0a618eaf4c581fc090a1662d7f56ad08ad6815ad5b3c520a
526,1764562605.6553435,0.000020488,0.000014496,0.000019115,0.000015438,0.000019306,0.000033001,8154985c2e50047277722ef34faac4331f0c309b4997ddbb515ae87bcef7c8f6
527,1764562605.656443,0.000019886,0.000014167,0.000019065,0.000015438,0.000018844,0.000033031,e840e55eed57d8988fa5a511d9f921ca282b2d18c3bea48bcade491a5663bdee
528,1764562605.657551,0.000020467,0.000014767,0.000019356,0.000015840,0.000021089,0.000034413,068740cd12b3fc5c000fef94d55e9175f42d6fe099c2f10533286d47d6207225
529,1764562605.6587093,0.000020869,0.000014086,0.000019486,0.000020979,0.000027962,0.000037199,062c786d13debeb7544e1b0c73f4608bcf140d54ceca89f3c96d26f06726e7ca
530,1764562605.6598127,0.000020127,0.000015649,0.000025247,0.000015198,0.000018845,0.000033011,44c2d638bc9487d73b29876e029d227076b627a73fc842d7fc59e3914ebaa9e9
531,1764562605.6611502,0.000026829,0.000022090,0.000021159,0.000020838,0.000034794,0.000055473,6e0e98ab0165480c32b3a25d27e2a14024542f241ea070ee964a16c5e3af6614
532,1764562605.6622703,0.000021169,0.000014697,0.000019616,0.000016650,0.000021860,0.000034393,929f3eb237a1a4cb40de4d71794830df378dd6297c901f36ec36991b06cd7a76
533,1764562605.663349,0.000019837,0.000014197,0.000019206,0.000015359,0.000019105,0.000032560,67c7d6a54c55be898a38cb0d5a1d7ce1f8598efb82e5079cc944e3dfbcbd262a
534,1764562605.6644967,0.000020869,0.000014186,0.000019466,0.000016881,0.000023834,0.000038541,c84818459403afd4089083248224ac5f3066249775544c921116aeb5668b4249
535,1764562605.6656091,0.000021540,0.000015509,0.000019175,0.000016130,0.000021209,0.000034664,415148ab12eeaf4fa439a46cec60916691e138efd1ebb8f8e1a13e91175c4338
536,1764562605.6666954,0.000020348,0.000014877,0.000019095,0.000015919,0.000019236,0.000033703,c0752556557d516ae8bde7db08631caf0b89dc246e05f7287ce1b70d17d7d0e0
537,1764562605.6678133,0.000021160,0.000019667,0.000022511,0.000015639,0.000019075,0.000033111,be61bb89a11e40da122176bc87fd94c5ce31e321bab5f20aad8dc46653d05ea9
538,1764562605.6691618,0.000021650,0.000014797,0.000024846,0.000016240,0.000021520,0.000035806,492b5cc35dec67c7c725c0d748e189e96cde4cf635a534cf1f4887eec05858ef
539,1764562605.670895,0.000022873,0.000014717,0.000021349,0.000032920,0.000042569,0.000071572,e810e37ac48a0fb1f9dec7b809d58dbe204def98822f8074ede1bf5698aa41e2
540,1764562605.672076,0.000021770,0.000014477,0.000021390,0.000016450,0.000022121,0.000040335,44ff8fcd86240b77db2f9597e5055fbda2bd1b29ec9596938e48907b2cea9f55
541,1764562605.6731882,0.000020728,0.000014918,0.000019606,0.000015920,0.000019416,0.000034584,547cd030124965752dc581058728d9f728039f2fcc28fd0beb46b3f6bd15c244
542,1764562605.6742733,0.000020808,0.000014276,0.000019676,0.000015709,0.000019766,0.000033081,830f8ae705149ee4decab13272d1381f5c75ccf5e01ad4c1f8cd2957b0b83d3f
543,1764562605.675361,0.000019897,0.000014506,0.000019175,0.000015639,0.000018714,0.000032951,27876733710dfd7b471f40d6e1b67661111d28cb90884840e0870081b18d0c73
544,1764562605.676739,0.000020307,0.000014387,0.000022331,0.000015899,0.000020388,0.000033361,13a0947dff8d315775a0ab08bf86d75b378fa93af9505a381b04eda40ff53fac
545,1764562605.678159,0.000027721,0.000019406,0.000020739,0.000022632,0.000122977,0.000039243,2375665e92aa249cc3ac398c6837e76cd3d037b04bf11ecbe01b1c7bf809ae25
546,1764562605.6793704,0.000021670,0.000016300,0.000019927,0.000016671,0.000023283,0.000037008,297ae83cc850f02ce64498bec0bb8282aeb13efe8f6441908c9a7e98498054c8
547,1764562605.680463,0.000020688,0.000014988,0.000019146,0.000016781,0.000019707,0.000032891,48b688775b5216f2fee26257cd4d61b00549d551e2c3339236f972fc3c863004
548,1764562605.6815536,0.000020718,0.000014687,0.000019375,0.000015589,0.000019145,0.000032720,22b6a639722d3e9487096a61c83d77215987ab85b791cbb61bce931f73e1ae99
549,1764562605.6826143,0.000020177,0.000014387,0.000019156,0.000014988,0.000018755,0.000032590,215e5e240fde48fbd3affef698b12a711dc9deba61c61a894e253877fafacab5
550,1764562605.6837008,0.000019867,0.000014336,0.000019546,0.000015599,0.000019346,0.000033141,b81041ea1dbe486d82d1d61c6e69c461a4b8beb8c2e9a44cb077ac27d89db711
551,1764562605.6847908,0.000020268,0.000021049,0.000020317,0.000015318,0.000019576,0.000032350,f3a1f46a83f44f211d4a86859cd237de4373e7c59b5d372332f5b6194a57e26f
552,1764562605.6863608,0.000024235,0.000015338,0.000025928,0.000023042,0.000054100,0.000053058,6d65be467e9420be4222041b2d3ad53ed623a0027e96233ff7dedc6f31a7ae89
553,1764562605.6876874,0.000023333,0.000014847,0.000021991,0.000017342,0.000024055,0.000041337,b32b7e0fc74fe8314ee9de51e55d42637a0e3a625f77bf477edd602de914e690
554,1764562605.6891112,0.000022321,0.000021920,0.000026689,0.000019416,0.000027481,0.000053960,45f52cfe3d60a06f2ebc44ea99395db14ea52adec4b06e0e041848ed810b5a98
555,1764562605.6908035,0.000024926,0.000014507,0.000020378,0.000033201,0.000041898,0.000068216,233614585155447a36d333386ceffbd28404d6127cacdeb6ef9739eef7842dec
556,1764562605.6920197,0.000021850,0.000014918,0.000020047,0.000019476,0.000025247,0.000034494,256cb43989cf929082e15b8bbf50b43682be0d52945c9c36d793c38030d3ccfb
557,1764562605.6931355,0.000020638,0.000014887,0.000019886,0.000016681,0.000020969,0.000038772,e132b8a61950b0ff8c76a35b1d44486cdd61d83aab648d5cafe15d0e7e05461b
558,1764562605.694492,0.000020568,0.000014677,0.000031879,0.000019486,0.000031639,0.000051816,1706d1da170dae0dea1aa28a75e80e7d6f4c734ccec72167e8d01dd63b77bd6b
559,1764562605.6959505,0.000026970,0.000015338,0.000020538,0.000026459,0.000054701,0.000059079,74673bb02256fc5c9d35849f713906f23ea35ed036e808b65e61e19904cc2e13
560,1764562605.6971104,0.000021740,0.000014697,0.000019666,0.000016350,0.000021620,0.000036117,8a4281b7f5199ed570e96a08d0f667713c9a2491f08f0c881f3e33be1f8f9e0b
561,1764562605.6981776,0.000020608,0.000014567,0.000019125,0.000015940,0.000020427,0.000032830,4b2bfdf4778ee96e73b070e08e6833e79a07a3014d02b9569d41d6f7fb27ff33
562,1764562605.6992576,0.000020368,0.000014437,0.000019295,0.000015859,0.000018885,0.000032630,53d41d8e74263b4404c68808dd7e08f1f82c392037ac60388b0c0b36b297999c
563,1764562605.7003713,0.000020037,0.000014497,0.000021349,0.000016981,0.000024516,0.000032891,a81cbcc3c2b539d82d30a38c2e73b498d38760e091a551e75f301faa751ea795
564,1764562605.7014668,0.000022311,0.000014577,0.000020518,0.000015679,0.000019867,0.000032961,0449ac6c3284f1eeb3f9e796fc2d97d8570428479b59e0a6d2547fe11c4dd72d
565,1764562605.702727,0.000021560,0.000014316,0.000019566,0.000019045,0.000028162,0.000042248,480ae9c17ae294b339929701d5db87705dec6d70701091f8e9c831a848a4d7f1
566,1764562605.7038436,0.000021179,0.000015959,0.000019186,0.000016029,0.000020488,0.000033772,15a523cd0263474aa72ace5826f579f05dcb724e699a303d29c1c33d4ad0fce0
567,1764562605.7048986,0.000020528,0.000014276,0.000019086,0.000015679,0.000019546,0.000033262,3891794dc23331acaf94eb9a1deffe310185a1cfcbdeb6272db2484cef95a945
568,1764562605.7059565,0.000020098,0.000014247,0.000019205,0.000015769,0.000018634,0.000033192,89bf527ee2fd636882f4d39b9e5856bb1bb65a0f43b2402895a6886a3ee0d7f7
569,1764562605.7070296,0.000020277,0.000014316,0.000018815,0.000015899,0.000018975,0.000032801,e82402215eac19236608b4ac21ba983364dee17ad9a45be342a3114495f6c928
570,1764562605.7080674,0.000020468,0.000014397,0.000018774,0.000015870,0.000018925,0.000032650,f0ebe17f59fe585879a7174b08769cb114e5b2852252abee035b85ea062db0c2
571,1764562605.7091823,0.000020097,0.000013886,0.000021449,0.000016270,0.000021650,0.000041086,6d9deabe0e0068389f8a8cfc879174454418d4aad79228d532b177806a1153fb
572,1764562605.71044,0.000019917,0.000014307,0.000022261,0.000016420,0.000023183,0.000034674,1dea77afe635330d225dafa6058ea5a9eeb69a04c4a435baf349e8ee886f5b80
573,1764562605.7115884,0.000020307,0.000014497,0.000019466,0.000016099,0.000021109,0.000036798,f978e3774d947e34520d17822e2aba97c8e3df68f8a4b11b099a60cb0f403997
574,1764562605.7127001,0.000020287,0.000014306,0.000022071,0.000016049,0.000019726,0.000033352,3dec0d90c8136105b6c50acfd82aed712cf49268ece531b6eb9675a22462d2b4
575,1764562605.7137687,0.000021459,0.000014847,0.000019396,0.000015679,0.000019195,0.000032670,cedcb5a90885ba0eddd23452cc474897053e978b7add44b0a94facd9a753a0a3
576,1764562605.714807,0.000020979,0.000014126,0.000018935,0.000015358,0.000018394,0.000032621,c2136f755de23a5fbbe12f0c980ab3ccc86d47ffd7e6ad7c120106f08cc8379c
577,1764562605.7158577,0.000019997,0.000013886,0.000018815,0.000015549,0.000018454,0.000032660,6f3f7b8f5fac6e2629bb6ac43a50e601c7e21b36beeadbd41f190d29edc129ed
578,1764562605.7169433,0.000019917,0.000014326,0.000019586,0.000015779,0.000018965,0.000032790,e171941267cc8f27f1eed918eea5e8ef289e2fb2c8b142d9b2950ec9077d70e5
579,1764562605.7180352,0.000020357,0.000014317,0.000020478,0.000015940,0.000020608,0.000034374,7d4db09e893717f8fc3ebbcb558216a99a9dae54eee649158cfccd36d01d3f3c
580,1764562605.7193294,0.000023093,0.000014988,0.000021490,0.000016060,0.000022552,0.000050113,33cd2bb568549d0cb725171f50421546fe01f95ca4839dfc2685d53cf504611b
581,1764562605.7205136,0.000021991,0.000014497,0.000018975,0.000018424,0.000023293,0.000037379,1ee3c9e387dcc4de28b56f9806fb158bd773b1866d4e5bc4585a32bc86be9e23
582,1764562605.7215838,0.000019737,0.000014206,0.000018805,0.000016089,0.000019776,0.000032881,32d9e49915892162e22300809691e7c359e0d644df850bb40023e1d3fe787d06
583,1764562605.7226667,0.000020047,0.000013786,0.000018815,0.000015629,0.000018865,0.000036267,0106945e5319d33702de12076601f313b3a73be413092722beb3a7c5d7c344a6
584,1764562605.723828,0.000019566,0.000014186,0.000018985,0.000016401,0.000021319,0.000034353,b66a6e68b67f03045fa9decdf33f8788e3ec02fc659f4f5a3c654328527b3826
585,1764562605.7249417,0.000020879,0.000014407,0.000019677,0.000015779,0.000020248,0.000033933,eabf58ced54595bf5bd12d511b14cfac4073dd550a69dacb7443aa1a500c38c2
586,1764562605.7260244,0.000020097,0.000014577,0.000019366,0.000016200,0.000019716,0.000033101,3295a1212d7a1fdbacfdc4793776baeb2e0366699821ed639fb9b6faf091c942
587,1764562605.7271345,0.000019877,0.000014257,0.000021479,0.000015980,0.000019546,0.000033743,8c430709b29959ef6d9b8ba1b04211ca19f6644ac765db07a2d1444ef955ee47
588,1764562605.7282898,0.000022602,0.000015679,0.000019266,0.000015920,0.000020538,0.000034063,a2a0b26e9df293ef82e364e40b3e4fc036210a1b4067af448c1319b9fd06535d
589,1764562605.7293494,0.000020368,0.000014216,0.000018594,0.000015669,0.000019356,0.000032901,fb0e95ac8094a837fd2c9ebf379bbfebe77b3bdd8466aef849811cd98da1df9e
590,1764562605.7304006,0.000019927,0.000014557,0.000018734,0.000015749,0.000019005,0.000032660,c2d4cf0b094e375b31859e4d8ca00a7966cd3b0bf3dd576bad8cc63d4ea43d65
591,1764562605.731704,0.000019846,0.000015048,0.000033301,0.000020568,0.000025757,0.000041167,e437be07a533ed1c36859e267146c62913d80e93f2c2acc6668829582d433236
592,1764562605.733011,0.000024726,0.000027049,0.000020477,0.000016220,0.000023303,0.000036728,4364e3ae98bf98bd38c1b3336dae179934db35c4d3db4c7b796a2be12efa1980
593,1764562605.7343237,0.000020528,0.000015028,0.000021200,0.000040866,0.000026409,0.000035957,715591dc41aec85759eec669acd765ca20c2dc47ed7b0e2e1da6da4f018c31fe
594,1764562605.7356253,0.000021019,0.000014517,0.000040825,0.000016821,0.000021760,0.000036107,8edf98c4b6e8fe40d0a51260abf9b8f8b255ef79a5b431bc9125b6863de3f877
595,1764562605.7369387,0.000037640,0.000018103,0.000020949,0.000017031,0.000022362,0.000035375,12adb27c0be3b7db3877e41fc76a1a67b05d15a8f495a8d3ba495813623b1fa5
596,1764562605.738107,0.000022571,0.000014977,0.000020318,0.000016831,0.000020719,0.000034113,615850d5f5c20a95dbf52d675a4986565732f34df4986e9ff0b792a0f5311080
597,1764562605.7392998,0.000020728,0.000014667,0.000021440,0.000017202,0.000022061,0.000034954,67f870416cca661d110e59468f5e41185955cfa294fcb47d61bb65ab2acd86cf
598,1764562605.7404969,0.000021389,0.000015108,0.000020598,0.000017051,0.000022241,0.000034644,41bf15825d3cc7124679640e6c6e4b0116f1110ed91dbfc25c5ea54a851e3238
599,1764562605.7416604,0.000020438,0.000014567,0.000020578,0.000016160,0.000020147,0.000033452,801c6fd1290e2ac205fe38b0d2d4ae7716e345005768b9d0e076cf6057b5c23d
600,1764562605.742812,0.000021079,0.000014477,0.000020548,0.000016711,0.000020348,0.000033833,99b838e4c0d3fa5dd7437a2302fe757491b05b21524afe2d4f0c64247ade152c
601,1764562605.7440832,0.000026238,0.000021079,0.000021740,0.000016852,0.000021329,0.000036477,aaad5da93883029b0026825176874842e215aef22346a23cf0528b76d03caf6a
602,1764562605.74557,0.000022111,0.000014968,0.000023032,0.000022011,0.000028803,0.000043189,3c5f51274208440574aafb56aadad0534eb6ff5a8fd175924af2f5eff6403951
603,1764562605.7467933,0.000024085,0.000015689,0.000021810,0.000017001,0.000022482,0.000047147,e4dfc8065c1dd4d6d281ed8b609f552c4854de96cad8af18abe38e9b19f341fd
604,1764562605.7480195,0.000022131,0.000014777,0.000020528,0.000016260,0.000020588,0.000034874,095f42a0811b460c10b44681baed46bd8beeafc81cd4510692ddc67a48b40074
605,1764562605.7491853,0.000021329,0.000014658,0.000020358,0.000016490,0.000021079,0.000040064,2c3b81d909d1054f99281b94aecfc00a1c10298f0c2fce4a10b7db5170e8e077
606,1764562605.7503357,0.000021880,0.000014617,0.000021289,0.000016330,0.000019807,0.000033262,1b749c5be1600394da9c4dab10a294f24703961ca29580ef2c83c5cef7c4583f
607,1764562605.7517846,0.000021289,0.000014817,0.000041807,0.000016380,0.000020117,0.000033251,87ae483054bc65d9bb0bdbe9d3d661f7685e85c6b195e964dfe01841ee512d6d
608,1764562605.7535794,0.000066693,0.000041226,0.000023212,0.000020107,0.000029545,0.000043922,f1229c56d6a5d32cae301cabdc0a6cb40f4e794cfb5f64ef62a76cf28af41715
609,1764562605.7548292,0.000022311,0.000015048,0.000021119,0.000016961,0.000024646,0.000039352,6163e5c910f8f14c89d5f678cf19c86b5b0ac12b8c9476a2d57240864c2fc2ff
610,1764562605.7559445,0.000021340,0.000014657,0.000019957,0.000015909,0.000021249,0.000033542,8239150e45602e01ca33be5319c6b901eea5c6f3f6afc80cbbf3693e8a8ac8b0
611,1764562605.7570164,0.000021289,0.000014887,0.000019526,0.000015619,0.000018534,0.000032781,1e2854d4a7109d40d3a5a44a3de76b90d0cf508180a4014a5e79edbc82468ac7
612,1764562605.758072,0.000019957,0.000014296,0.000019165,0.000015389,0.000018664,0.000032941,8ae0a65471737b81c39fe97bd59fc00c4796da8d2a65f5fe5165d240889aad05
613,1764562605.7591846,0.000020448,0.000014376,0.000019786,0.000015338,0.000019106,0.000032971,d0d89c84035f86b7326855a6d8f77607064c412edd8d2bcdf4fb47c7ecd1df4d
614,1764562605.7605767,0.000020157,0.000014476,0.000045564,0.000016680,0.000022451,0.000036588,9b0988be96097cb36ba1363fa02f8f9e30f841ba05d912dfb469aba58781abdb
615,1764562605.761803,0.000023603,0.000015499,0.000020588,0.000016010,0.000022040,0.000035946,624a699a11ab9535e0abbdfde74ba1e00b74b6956a6f04df800e875c29ba118c
616,1764562605.7629514,0.000021439,0.000015068,0.000020157,0.000016100,0.000023003,0.000035095,dc7c3655cdbdac64acde98f4e3067889582bdfec30c181209614e9a5278e9db0
617,1764562605.7640235,0.000020388,0.000014658,0.000019295,0.000015559,0.000018545,0.000032781,eb5ecf4454265f54ad15e03d1a2ade7c009f0369009345e51fb050be0a7244b0
618,1764562605.765145,0.000020248,0.000014106,0.000021209,0.000015618,0.000018634,0.000032069,2c5bde1f91b81f74e457167f12355980909e4aa58d27c483e6e0bc9e7053a98c
619,1764562605.766399,0.000021560,0.000015328,0.000020187,0.000016601,0.000021109,0.000033973,dc6cd31c9206b5df3030ded7f33b5b9a12a6e1a5fe19c54bc870eed2673e422d
620,1764562605.767578,0.000020929,0.000014688,0.000022171,0.000016160,0.000020598,0.000033102,821320d144e2f47f6de6c82e1f25a68fd0aaa3573a05f68e83019055cf13794a
621,1764562605.7688162,0.000021189,0.000014928,0.000021800,0.000017022,0.000023443,0.000038542,31c6a1aa0428cf2b3362a3cea93bb26f4d1835e376de013ff8e67a8029138441
622,1764562605.7702575,0.000022111,0.000015058,0.000023544,0.000016881,0.000031519,0.000037580,e3fba77a49531997a2e73e0c797d490f5364eb0ce5aa7679f16c402a1bf0d72f
623,1764562605.7714674,0.000022421,0.000015067,0.000020457,0.000016270,0.000020959,0.000035826,7c6c664496cf769c3d51cec1143c859697ad35b3bc3e4b7f30a6760cac29f916
624,1764562605.772618,0.000021179,0.000014707,0.000020237,0.000016601,0.000019847,0.000033441,4c49c44703e75041aa73146819ed536b70a484c49dcded999e2c791527d50316
625,1764562605.7737777,0.000020929,0.000014687,0.000020568,0.000015970,0.000019666,0.000033341,74526ea9ecc1c090e64e576091ddbaf51221338e2cb0edb281839ce43d608748
626,1764562605.7749543,0.000021640,0.000015339,0.000020809,0.000016440,0.000019817,0.000033522,18885a31038163bef077bed2a336c5ac041d087e01a4cff059857bea430e6e69
627,1764562605.7761273,0.000020718,0.000014967,0.000020468,0.000016179,0.000019846,0.000033683,7c987527f256a1094b433adfd7634e20574ba8b3e3d2edc03b9f7ce15c855394
628,1764562605.7774737,0.000020658,0.000014867,0.000025698,0.000020828,0.000024696,0.000039773,7745a6069b196072c88f6063c46ee6a87a23a3bd61b199fec14da6c81e9e75f9
629,1764562605.7787943,0.000033141,0.000015970,0.000021039,0.000017151,0.000022411,0.000037840,f4d7680ecd042378b48fb865276ea8a9c2148179a860e98bc52d38ed179a9ab2
630,1764562605.7799592,0.000021680,0.000014757,0.000020458,0.000016070,0.000020308,0.000033862,adf6b7088290c107f6f10dd0564629c14708e05673f3d6bacaeca0e74762fbe3
631,1764562605.7811458,0.000021339,0.000014718,0.000020769,0.000016421,0.000019896,0.000033332,0cf47c09042170ae205fb5066551286dfaf2426284fc62e0b0b2302e478b7318
632,1764562605.7822983,0.000020829,0.000015258,0.000020458,0.000016130,0.000019897,0.000033362,23c38813ee31c18a13b4cb5a4f1579dd561685f51292e36e874eca438fa58750
633,1764562605.7834828,0.000021008,0.000014908,0.000020869,0.000015910,0.000019596,0.000033221,eaedf47bee18994eb026f39f4e0537426863172349cf24acd87e8642f1648267
634,1764562605.784846,0.000021219,0.000014597,0.000025116,0.000018364,0.000021971,0.000035626,26b5a5688eee4e86ac9b7f4a81bb1f45060b8df7f219fb6a364bf055301130aa
635,1764562605.7864437,0.000024585,0.000015359,0.000021039,0.000024184,0.000099083,0.000061013,4887c3f429b5d07bf7ed4833263c32f3bbc11a940e09c0652692e23f7100a053
636,1764562605.7876132,0.000021650,0.000015128,0.000020568,0.000016510,0.000020408,0.000034053,9a829418014f78a1c8769bc561dc1ed7a9f421dc609a2c43c3868fe98dc74f58
637,1764562605.788786,0.000021089,0.000014697,0.000020608,0.000015859,0.000020077,0.000033522,bf64a66bb563ab9848e832ead2808f4c9116e1ec117b492239c453dceb469f45
638,1764562605.7899623,0.000022241,0.000015018,0.000020488,0.000015809,0.000019786,0.000033482,f4ce00be69da4e0c55447d58311abe30a8e4664cb01d152d371389bf55851b36
639,1764562605.7911048,0.000020939,0.000014757,0.000020057,0.000015639,0.000019606,0.000033422,9e961adbd8ab90f847aef37a320c24222baf5159354d9e63cc5dbcf69288bef6
640,1764562605.7923174,0.000021229,0.000014877,0.000021650,0.000017092,0.000021269,0.000036257,9482369efda6cff0dfd238a7bb6a02e381abb148ee63c331f4e449dd742a752f
641,1764562605.7935913,0.000021579,0.000015038,0.000023844,0.000016982,0.000021850,0.000035516,c203beb8fbfa09aeb749033c4addcadad2c6d018b6f1fb6b6113150cdbfb0631
642,1764562605.7949712,0.000021920,0.000015569,0.000022191,0.000017152,0.000032099,0.000038220,e955b4c620ce4e77495c5def19935ed1e6ed88de8071c9941e8c30e3ff1d1115
643,1764562605.7961667,0.000023243,0.000015168,0.000020558,0.000015949,0.000021279,0.000039373,ade3a3ba7672170208fef41f20decb1b678afa26957fcbfd1a285e5f9aad174f
644,1764562605.797349,0.000021480,0.000014908,0.000021119,0.000016120,0.000020067,0.000033642,c607b24d1d80688b6a907914d6d6ef64249434fc1533a06423273997869c1192
645,1764562605.7985418,0.000021510,0.000014727,0.000020147,0.000015869,0.000019676,0.000033572,b22c0a549bbdf3882e4af9fcfe54b8f4e56aaae95d8914703962468cda9ab7ed
646,1764562605.799735,0.000022381,0.000015048,0.000020448,0.000016390,0.000020237,0.000034022,7351c814b2009066f8d398fd9e1f9f32fb947b653c3404eef51bf2b224c221bf
647,1764562605.8009675,0.000026399,0.000016019,0.000021280,0.000015959,0.000036067,0.000034143,498e2cfcbfa6ebf424df93f50b21f9947cba3037d7d0487c71ba6976c682dd4b
648,1764562605.8022707,0.000021680,0.000015037,0.000022301,0.000023784,0.000042559,0.000048069,c6958b667d927cabcc72839fa42ba2cf2fef3f7e7c0c4304ebc7452be83b6c2d
649,1764562605.8034534,0.000021760,0.000015338,0.000020288,0.000015829,0.000020799,0.000033743,2aa2226894e92251c2d1b7334b5be2788acd1cefce3b47b84c686e71b0fda0f6
650,1764562605.804611,0.000021189,0.000015479,0.000020448,0.000015930,0.000020207,0.000033452,a3a5c164683360a1e06e267ecb392c44c570380f167cf921c4224eb906b15aad
651,1764562605.8057528,0.000020869,0.000014867,0.000020358,0.000016380,0.000019676,0.000033342,67f361f1c07792ea29fc4d06976348b3e7a746adf255da0fc97a14ab357a3c2c
652,1764562605.8070362,0.000029935,0.000014928,0.000020528,0.000016361,0.000019907,0.000032891,1c46c6c9c7a238d3123195b5317d24382ef6f97770900600d74f3777d65809f1
653,1764562605.8082175,0.000020498,0.000014547,0.000021029,0.000016079,0.000020197,0.000033261,2197f7a68449d7717c4f6c607eb2404e774ba120643d9757c2858dc6717b4d37
654,1764562605.8094816,0.000021179,0.000014928,0.000023283,0.000016560,0.000022752,0.000041096,f27877a16fdedab66072127cc14150e70d0d36a55f7066d761651a00e373c7a5
655,1764562605.8109248,0.000046576,0.000014928,0.000022632,0.000016471,0.000021980,0.000036738,7fc0ae9dd979b11fea18fe7ced3917d2a91856f582cf8286863c9fba8f625035
656,1764562605.8121014,0.000021038,0.000015008,0.000020739,0.000016060,0.000020367,0.000034203,6fb48e362baa53f5f8a735005cb29d0fd85e9b71ccd2320db0f28c0d19dcbee7
657,1764562605.8132737,0.000021409,0.000014757,0.000036508,0.000016250,0.000025147,0.000033973,5da095d04191d5cfd3fa81d4b84be3d61f1438ded7327d2033df83e9fff2c75c
658,1764562605.8144925,0.000021620,0.000014627,0.000021460,0.000016651,0.000020568,0.000033331,e1c2b7c40ec840be341d93a3da8d795412e0eb5945d22edba55a262241f487a0
659,1764562605.8156676,0.000020218,0.000014637,0.000019946,0.000016280,0.000020518,0.000033272,9326dc0111421ffbd03885f917d95c16059f68ae7849e45a1adffda651e88142
660,1764562605.816811,0.000020428,0.000014597,0.000020227,0.000016230,0.000020628,0.000033051,349b43050b2dabfbf7b4fdb6a76d5865cab0441928bab31df5b6ad6780c465ba
661,1764562605.818013,0.000021199,0.000014847,0.000020658,0.000015819,0.000020027,0.000033131,614bbf5933f2214264fa9d9e161353d27c5f660101cbc082aeabc7b068689939
662,1764562605.8193154,0.000027000,0.000015248,0.000025146,0.000022702,0.000023313,0.000035516,339da3a9bdac23be2ffb1836ef1eec79a48d0e2e2ec0e3462c0a92a70dc3d86a
663,1764562605.8206906,0.000021029,0.000015118,0.000021540,0.000017272,0.000025487,0.000041517,72254db2f2add7560655df0ac2c7093b4efd0c6d8bbebb5212c1c1be66bd5be1
664,1764562605.8219743,0.000027291,0.000015569,0.000020989,0.000017372,0.000021339,0.000035746,42d5ac3800ff0a1ac96a00008790a705676d98d3f4c6c37fed2c9599af24e3b7
665,1764562605.823168,0.000020498,0.000014347,0.000020067,0.000016170,0.000021320,0.000040986,9144ec8205ed911f362232be6ec2ece9f2020d892c62427cabe95fe92260d2c8
666,1764562605.8243275,0.000021560,0.000015048,0.000020117,0.000022311,0.000019767,0.000033452,8928cccc261ae29d511405f569a8e4cdf39bdeed151d2c0e75be800a521d467b
667,1764562605.82549,0.000021580,0.000014988,0.000020337,0.000016090,0.000020258,0.000033342,d81ec41ceeb1367e72c4616340a9bc245b22302fdfb4d3f152985548be001a6d
668,1764562605.8267205,0.000020388,0.000014537,0.000020388,0.000016190,0.000019857,0.000033171,faa510ef0da248c3ea4aa2521d9d789dd6e748eb3b38cb52ddd65c885954b48d
669,1764562605.828105,0.000020668,0.000030887,0.000021109,0.000018134,0.000030596,0.000041667,5d7b7903d92b090a115478e1a51bf1709bb80999c3b3ad99f1c7cf828454ea80
670,1764562605.829476,0.000022361,0.000015248,0.000021139,0.000015840,0.000024194,0.000037329,190fb2318e89aa00d0368edda6c13209a8766cb9a6724022d93950c87fc36bea
671,1764562605.8306768,0.000020938,0.000015198,0.000020739,0.000016330,0.000021319,0.000035916,db2e97dd5fb1ad3fbaaa9355aefc35c334f4f5d968c85a1f792ee20c3df888e5
672,1764562605.8318272,0.000021419,0.000015068,0.000019837,0.000016240,0.000019436,0.000033582,afd546fb1d521d7e220efd76bfb1d321428499b890e8cc75a8845f80f9dbb19a
673,1764562605.8329947,0.000020979,0.000014557,0.000020087,0.000016029,0.000019657,0.000033361,52ce799a2aa6903e794b78535516c69e5170dc9c88d01fa860c4187bc0ff3e41
674,1764562605.8342006,0.000020428,0.000014526,0.000030125,0.000016871,0.000020858,0.000033412,a0450d78351158dbea8957a59e219f500ec0263c33bfdb3f6d8fb2982bce9cdc
675,1764562605.8354704,0.000022261,0.000015429,0.000022672,0.000016871,0.000023303,0.000036818,b4db2d773d727cb64d6b826bd698bb6c4a4bedecbd9279ab3250bee8e187d71a
676,1764562605.8367605,0.000029695,0.000014998,0.000020678,0.000016952,0.000023824,0.000038000,d0cfff0d35701775b8edbcae5ce4eb0b3e4b6e775373b384fd9203ab2d3585bd
677,1764562605.838004,0.000021871,0.000015098,0.000021089,0.000016781,0.000023724,0.000038692,4aa32f41f8367534d57f20a4979f3ccf6d98ed3b1ed7809ada01a2d3dc055c16
678,1764562605.839176,0.000021920,0.000014607,0.000020317,0.000016240,0.000019656,0.000033411,2a7d43700a85025eb37e18c330fe16470cf682ce65017cf3b872615d467308c4
679,1764562605.8403466,0.000020939,0.000015008,0.000020658,0.000015969,0.000020337,0.000033892,25b0731381d1e5d3c7e4fd76c200e2ee16ce67ff74a1aad67e28b58ec192324b
680,1764562605.841506,0.000020558,0.000014898,0.000020427,0.000016140,0.000019887,0.000033352,d49c2d0b24cd0828634b7fba17dc085252b54456a961439d552333caaba42432
681,1764562605.842669,0.000020919,0.000014377,0.000020799,0.000016240,0.000019766,0.000033612,cd8f87183b43918f1316e19e19c61215555e756c207b0c9a212ba14c9773461c
682,1764562605.8440099,0.000022020,0.000015999,0.000025757,0.000017212,0.000024054,0.000037349,7761e0e3c5c68490aba74f318e947121a64bc1bbc9deebb24c4b61f38ae1056e
683,1764562605.8454535,0.000022231,0.000014917,0.000020829,0.000016972,0.000025196,0.000038331,67d4493a28580972e12929c01ac7f7b4c6f3821d39a1baa9fa38e52b5a81661d
684,1764562605.8466196,0.000020989,0.000014777,0.000020778,0.000016581,0.000020137,0.000034023,17191016374656cad6450fb73a980eff532a89a3aa805aaae9f5c968c4466dc7
685,1764562605.847772,0.000020538,0.000014507,0.000020077,0.000015879,0.000019687,0.000033382,75946a60ad5f5b5a9d9fd938a7840b77af6d38ace754efde08f8bf78486695f0
686,1764562605.8489428,0.000021109,0.000014657,0.000020508,0.000016110,0.000019877,0.000032721,4fb9809204d93697563984f0aeb6f0fe259ab6d6e5e6a276810bd8b71c73b3dd
687,1764562605.850106,0.000020809,0.000014747,0.000020839,0.000016000,0.000019526,0.000032770,f92bd74000ca9f9e047207d855a845e4b8dcb9afd2bf78fd461b182b7f708a70
688,1764562605.85138,0.000021279,0.000015108,0.000022271,0.000019216,0.000023744,0.000043600,ae58543f444581fd82c6d0c60c4813ca39b459046a0b5a089775613c03423bec
689,1764562605.852929,0.000023453,0.000015849,0.000021840,0.000021329,0.000032641,0.000049291,f1109b817d8be4689916bd4fe69a70e875aa74ad647038db6222772323b03f66
690,1764562605.8541489,0.000021400,0.000015378,0.000037018,0.000016431,0.000020528,0.000034513,12396ee2c9ff4f54878448a7c6c33164e861a0e8b88a2cac82b94d95f4c994aa
691,1764562605.8554754,0.000024085,0.000015469,0.000023192,0.000018184,0.000025928,0.000038561,236a158e116ab281ce083a874c75062a75c4bc0c046deda7807a2157b594f0fb
692,1764562605.8568661,0.000024526,0.000016140,0.000020999,0.000017081,0.000025317,0.000037840,dbab33a1f28b4a07e41743199f2f6889b2b44a77466f97e07c8c62afd019be79
693,1764562605.8580258,0.000021901,0.000015008,0.000020868,0.000016120,0.000020318,0.000034103,a8d520ddce811c94a16ab0b109c14f7280afb1e6bfc44e2ee2734d4343228856
694,1764562605.8592477,0.000021279,0.000015438,0.000023674,0.000016260,0.000022171,0.000036838,eee3028de72caaeae73247a25a8d64d4136453820894ccf3061f5fc0a4d73658
695,1764562605.8606753,0.000022231,0.000021650,0.000022281,0.000022902,0.000038962,0.000058097,c9c712ed3161da04a1bcf9052448de9fe5977b75221014007cce58d6b67ba48e
696,1764562605.8618653,0.000022361,0.000015288,0.000020748,0.000016200,0.000020679,0.000034213,cacb31cb7ee0c05be9b4aa41bb2393588c7c87d7071622aa254056d127a7f7d0
697,1764562605.8630257,0.000021610,0.000015048,0.000020588,0.000016390,0.000019847,0.000033522,c748e12466aa4e11e3df50e5c36edc6dccd047cb570a1932564113257fcde492
698,1764562605.8648016,0.000020678,0.000015008,0.000020197,0.000040254,0.000048990,0.000087371,8e2d9fa0780e0f202c6fa8d352b7272e5090297408443a440ad17b762cbcfcd8
699,1764562605.866273,0.000021069,0.000014516,0.000036939,0.000015930,0.000019897,0.000034243,597a7b5b2b1763ec605f5820d514bbe0f8aedd9120a01bb9da673c1956797b87
700,1764562605.867416,0.000020508,0.000014978,0.000021249,0.000016240,0.000021379,0.000034894,748082bea75590e915ebc7694b186949a00424b91989fcbcd16006d11b59807c
701,1764562605.8687558,0.000021841,0.000014837,0.000031488,0.000016381,0.000021990,0.000035265,b9a63a9861fefb2cc174bf009206b1ea45c8ebcfcd1941d4079d86054877b6c8
702,1764562605.8698885,0.000021880,0.000015038,0.000020669,0.000016030,0.000020177,0.000034233,dc9f401d209b31a62adcf39da5c07d4da9312eba03714ae269fdb289d711fdaf
703,1764562605.8709764,0.000019866,0.000014938,0.000019276,0.000015458,0.000019016,0.000032720,d6f8971c981f0bde2ec5f7419b25760708917130f0f19043e778b109eafeb0b7
704,1764562605.8720462,0.000020317,0.000014516,0.000019676,0.000015468,0.000018484,0.000032511,ed0aea95925f126c69183cb56bc5da8b12f2fdd0d16fd4d1834d9d0d79ec3088
705,1764562605.8730936,0.000020599,0.000014446,0.000019265,0.000015299,0.000018594,0.000032741,0343333fbf42a7a85f71efe02cea06b028a93c4c7b9b03c702307af6b2d68d1f
706,1764562605.874165,0.000020247,0.000014367,0.000019917,0.000015478,0.000019086,0.000034333,fa42815a806e4613ed39a411d7e90721cd9930a7052595db72588e3ca70f6955
707,1764562605.875239,0.000020167,0.000014546,0.000019606,0.000015749,0.000020007,0.000033421,0815eea3d73d5ecab575ad1bfd9568a31fadbe57300b09479bcb627e0e113085
708,1764562605.8763947,0.000019877,0.000014176,0.000023163,0.000015989,0.000023955,0.000039423,6274453179d4ed238d76974a7b9147ef947d3906f40fd78072f431b8432f4bc9
709,1764562605.8781977,0.000021159,0.000014366,0.000035867,0.000033402,0.000047417,0.000070280,c63a8abee07944ce7685db703dfc44670e781e6c67525c3ec4916a4d2c258caf
710,1764562605.8797262,0.000022090,0.000014667,0.000019496,0.000032240,0.000041347,0.000068337,4faf81fe2e3bf35a88e02c19b671d5ad2350bf5fcd5ce0fa4c2e646c37153adf
711,1764562605.8809974,0.000020648,0.000015790,0.000019156,0.000015809,0.000025246,0.000032730,369209a5885ff7a752f9b82b0adeeefa1a4ff44fdd10460cef144d3f8220da66
712,1764562605.8821774,0.000019916,0.000014566,0.000021540,0.000017091,0.000024355,0.000038491,64e12e1a40a997cb4c2f636427042c0c6744a209a285c4e102fd6987dde051eb
713,1764562605.883395,0.000020508,0.000014908,0.000024896,0.000017101,0.000022462,0.000036217,891c957d062789353b4f9ef064ace5a95db78bd1b8b8e241b6f4def7f0ce825f
714,1764562605.8847084,0.000023844,0.000014858,0.000026449,0.000016491,0.000027060,0.000040835,ecf46bcbb38103e4c4e56d72e1f34292694eee18f38104ff377e95ef230b4f1a
715,1764562605.8866851,0.000038231,0.000018364,0.000025998,0.000024145,0.000046997,0.000067214,248aa64e89b428e9c506c57c88a182cbbbcfde6d4316dbc9a6cf9b8403fdddb3
716,1764562605.8880544,0.000025387,0.000016961,0.000024225,0.000018915,0.000028433,0.000039994,365a5e9723526b681e2f084275e69da090a5bc3940b9e16c828ad8dea1d8816f
717,1764562605.8894324,0.000024305,0.000016491,0.000021500,0.000018795,0.000027621,0.000046496,006eee43b04f6904aa08ce8726bd07612bf4ced252abe126e697a1f105c4a86c
718,1764562605.8906398,0.000022472,0.000014807,0.000021670,0.000017111,0.000023713,0.000036216,51c9da883ba594cd79d15d674ea7fe890b4065c480510ab9e45cb95fd377a089
719,1764562605.8918583,0.000021059,0.000014917,0.000022782,0.000017152,0.000021791,0.000035896,f3bcb9f5b80e573b3a8de46dd2e39098ac1a385236b41fb219beb4ee5833c170
720,1764562605.893049,0.000022652,0.000015027,0.000022742,0.000016640,0.000023503,0.000059239,30595e329a20394d1897a54a983dd1a0c52a74827e6a83c9b7c854148beac220
721,1764562605.8943837,0.000021159,0.000014476,0.000029695,0.000017272,0.000023875,0.000037549,777f80e815eb7da70389b46bf5744bbb2b75dc434fd1fd1732005c0f282e388e
722,1764562605.8956716,0.000024295,0.000016230,0.000019917,0.000020488,0.000026078,0.000042308,39c56f72ef6d501032aa82c6dc2252d3d3bf30250204feda176e49c40e095e78
723,1764562605.8968172,0.000020889,0.000014597,0.000021920,0.000016000,0.000021520,0.000035886,40c4574e7b291a3b6c1d1ceea7c76ce221a2795b3feba2923a37ee73e3af9b22
724,1764562605.8989515,0.000024666,0.000014837,0.000026939,0.000020999,0.000028032,0.000039894,a57d71371dff893e1fcc8922ae5b68fd887a3cac0f900d2d7383a057d62db246
725,1764562605.9002097,0.000022602,0.000015038,0.000023844,0.000023063,0.000059620,0.000034133,e351b078394c832b8ba714b1a7a4fd3be931d2a437d7ecd63c4b831023fa56fc
726,1764562605.9016073,0.000022822,0.000015188,0.000025938,0.000018625,0.000030065,0.000041487,306271278bcae34147c158b75accdf44cdfc0452376a4e7c63832e9219bcac41
727,1764562605.9031458,0.000023663,0.000014878,0.000027882,0.000021019,0.000030476,0.000040946,8165d5f48683263dde63b56276108f643476cc7664d2703bda7b7e1cdc67ac24
728,1764562605.9046555,0.000034274,0.000021820,0.000027000,0.000018695,0.000029905,0.000047899,e6d373126d4f8c2ba2981633d5c635f1e21ba82e2e58459b332407c62ca68102
729,1764562605.9061441,0.000029635,0.000020478,0.000022702,0.000018875,0.000024435,0.000039053,4c9657d915bc399b8dd62e45afb1cb06bbda00db7a82080857f39cb8a000fecf
730,1764562605.9074745,0.000025427,0.000024405,0.000021740,0.000016380,0.000023053,0.000037980,bc544d2b36d3308a408d7eb2f58caf6de86617f175278ef0b36da6b3e631c24a
731,1764562605.908725,0.000020428,0.000016451,0.000028252,0.000016030,0.000020919,0.000034964,93d0b8666404d8b10bf35bb7b9e0bba39f0332b731ecdd75f4a750c43c3ebdb2
732,1764562605.9101532,0.000035565,0.000018434,0.000030806,0.000016691,0.000024325,0.000037880,ac19f0a6d1ce9dbcaeb8560ea0ff92da387fc3998b994810799554ccf7ee083a
733,1764562605.9117599,0.000027751,0.000019076,0.000025618,0.000020067,0.000029856,0.000050583,5eda17c9d6a9c11072f79e220a6ef4b58e7fd2ed600823eec3c1021bd097c4c0
734,1764562605.9130971,0.000024796,0.000014807,0.000022772,0.000016831,0.000026369,0.000045434,8e00504aa013d02b26303f202c76b572463444dea983ba183217eb0b3ee58988
735,1764562605.9143841,0.000021319,0.000015609,0.000026649,0.000017122,0.000027070,0.000037720,fab656693c28f9d8427dbb2abfee5ec51beb417f6d2f39997e04879d0d5e511a
736,1764562605.9156792,0.000023494,0.000015228,0.000023774,0.000016089,0.000022692,0.000035686,ae3d2019a2d5f1020a60397c4e21087d71861c666e6759b84c386a4e077630f5
737,1764562605.916799,0.000022181,0.000014827,0.000020427,0.000015539,0.000019917,0.000034464,8f8901de1417de8e8791545886ccb127dbbdc24e19d0478e33512ce4b2460fbd
738,1764562605.918011,0.000023723,0.000015608,0.000023984,0.000015889,0.000021399,0.000037169,f5ec05de9fe6cedee76aeb15c18422ebb088750dc93f8d8b6fc2f5ec9edc605c
739,1764562605.9201896,0.000023864,0.000014927,0.000038501,0.000027020,0.000053609,0.000078345,b75700f3c12bf56688ecc019c031f50aa1b7931a864a4251999bf798de5433b5
740,1764562605.921857,0.000031839,0.000018564,0.000022130,0.000018685,0.000030927,0.000050854,badb125b03425782eefef9424b203d7339fec11484157e84ce4c504d26aeaead
741,1764562605.923105,0.000022000,0.000014757,0.000019747,0.000015930,0.000019335,0.000034103,8a53959236ffc8e352f566db0a23775e4d9b5e764090650d0dd6fd67b028c7f5
742,1764562605.9242606,0.000020107,0.000014247,0.000020858,0.000016010,0.000018955,0.000047508,7212993e4e0864862e12ccd584a64ffb3df7abe05996f1bf2305220cb9e42074
743,1764562605.9254677,0.000021249,0.000014968,0.000021460,0.000017071,0.000022041,0.000034133,70a0fd249d1ca5244750f71743255433a253b7a37a14da83dc4378acbfb7a81d
744,1764562605.9266675,0.000021309,0.000014678,0.000022131,0.000016050,0.000020628,0.000061553,64914bccb14192f19482e5cf6dd0309a866eaaa5a69d03cea0f85b0f55ecf956
745,1764562605.9279542,0.000021360,0.000015369,0.000024825,0.000017011,0.000025768,0.000038000,b66879d20287f3f23db14637345c1b73a1f2046f90de51410c1b02a5e4112d24
746,1764562605.9294217,0.000022732,0.000017162,0.000021170,0.000017923,0.000026439,0.000040655,60f70baf1b58d33aa22464380a1dd2f3ce91d2d9471a6598518deadc3f3842ef
747,1764562605.9306142,0.000021379,0.000014687,0.000020318,0.000016671,0.000020709,0.000034704,af0e712a3f398e67c2c1381e2257f7b3c95e11cc3d4c577669d3ccee2178801d
748,1764562605.93178,0.000020698,0.000014707,0.000020478,0.000016801,0.000020138,0.000033672,15f298eb16d028a3c34878eb20d1ed88de4fb34f5c8e285a9980c65f5cf70b6c
749,1764562605.9329526,0.000021791,0.000014617,0.000020538,0.000016030,0.000019546,0.000033412,5358764eec9d9632e743c00d4bb09558be42f07992c269ba31d226b72aac351f
750,1764562605.9341269,0.000020608,0.000014647,0.000021239,0.000016881,0.000021890,0.000035605,9624c65f9c8585d403de5c7d98cd93f00e07b47f0bbf5eff94e7446d0d58f58d
751,1764562605.9355538,0.000021170,0.000015208,0.000029514,0.000017953,0.000029995,0.000046195,1e707ed3b1e3fef01034ad5719239cef8fe323fcba12dbd4d3420022eb87de33
752,1764562605.9367673,0.000022852,0.000015398,0.000020448,0.000016320,0.000021099,0.000034063,e229fb9eb54146c0b4940668c0253c882b5eb9c26fb237d09a4c95240642228f
753,1764562605.9379182,0.000020829,0.000014527,0.000020347,0.000015809,0.000019837,0.000033402,f3c53c673d43802bd2db42af147d54e4dde63eeedd854f40ff41e1ce2ac40186
754,1764562605.9390736,0.000021329,0.000014748,0.000020117,0.000016190,0.000020107,0.000033341,3a4b9c5fef43bf2859e0e682dae92566ca1c082204960238398becd936bc5b46
755,1764562605.9402251,0.000020468,0.000015128,0.000020078,0.000020858,0.000019657,0.000033302,df2bdff0abf309d4d84d40c4d8dcd5c17b5d8c7b433486d341120caf58e058d4
756,1764562605.9413683,0.000020849,0.000014567,0.000020498,0.000015999,0.000019786,0.000033421,e8639e3a476b027ab15c7d86be64136ae49a5adf5752833ed25087480008815d
757,1764562605.9426053,0.000020958,0.000014266,0.000022031,0.000016611,0.000024345,0.000037910,c8e60f06902c6f70a045678962e59cd8af5deeb5b3f607570694625a4a34da47
758,1764562605.943997,0.000022381,0.000014678,0.000021570,0.000023053,0.000047959,0.000058899,5450b7b1a4c7c2239bd4ca9406264e080611200d20586fef12a8be526133af32
759,1764562605.9451523,0.000021320,0.000015458,0.000020729,0.000016330,0.000019806,0.000033722,9732f277d3161d346a6bcb236a9c1ced81d827b300328b6bea2e6b16ea9d8f08
760,1764562605.9463198,0.000020979,0.000014607,0.000020608,0.000016520,0.000020208,0.000033863,40acb848e0364916f0782eda32a404c41bdc339d4cec364b378820b603604a55
761,1764562605.9475048,0.000021309,0.000014978,0.000020297,0.000015979,0.000020458,0.000033502,5b9e4185ffc51b0717f18d74ac3235448fb72703eefcc8e97f58ba07603728d5
762,1764562605.9486542,0.000021120,0.000014526,0.000021590,0.000015859,0.000019446,0.000033061,501e64f34b0ac6f7218f40430d10489c7901a590c0e665817692388bce35cf89
763,1764562605.9498804,0.000021219,0.000014957,0.000026289,0.000017953,0.000024596,0.000036157,30254cd561d9f0ba46a3bb8aad69c11fb6276995e095d4892711f16d418ee50c
764,1764562605.9511356,0.000021560,0.000014978,0.000022942,0.000016400,0.000024004,0.000038190,f153df26a48d9e718e4a683692f8f8d1f588ae217c1b0a497742f660162840b9
765,1764562605.9525259,0.000022481,0.000014787,0.000026759,0.000016981,0.000023504,0.000036498,959c2a4b68b5d89c5a4f36319e4e88bad5fe940cf4bcb14347f0c506e71af7a1
766,1764562605.9537647,0.000022712,0.000015378,0.000020177,0.000016500,0.000022332,0.000035766,c983ffdacb2bc10f63548e617235b91d6d334458d860dbb922a3aab04f9d397f
767,1764562605.9549532,0.000021941,0.000014747,0.000020819,0.000015960,0.000020388,0.000033372,f2056b0a68900a1bec93dad2970f3c6eb76580a356955825db7a36c15089056b
768,1764562605.9561033,0.000021119,0.000014637,0.000020298,0.000016140,0.000019947,0.000033412,2eda4d0bb4fdda11c004ad89d6005ff3d7609e5dbf943c4e83f128067795c8c8
769,1764562605.957267,0.000020859,0.000014778,0.000020608,0.000016190,0.000020418,0.000033692,c4de3d504f456581f1d36bd92168ba48b27c82ce8f60ef7c161d8284207e2480
770,1764562605.9584277,0.000020799,0.000015048,0.000021229,0.000015869,0.000020498,0.000033572,7d0048cd4431a8e0b6dcf0522dff754efff07e051b36949d87fd74da6ba09f8f
771,1764562605.959582,0.000020578,0.000015228,0.000021360,0.000016671,0.000021430,0.000033011,a271a4bf06969ff4e64b63625dd1bb0d6403bc27f4847f345f9b7bcaef08b547
772,1764562605.961225,0.000021220,0.000014627,0.000036808,0.000018734,0.000028263,0.000051485,0df1bcd55080ad78db6a598a0b5a32bfa78e8c0fbe77a80b60e384455ecccee4
773,1764562605.9631326,0.000028643,0.000016631,0.000042598,0.000023714,0.000038371,0.000073406,f9de27af3e01800ef23577c8d169e448a57d6f4986ea57df1fe7a5df729d3599
774,1764562605.9648461,0.000032931,0.000018324,0.000026169,0.000019366,0.000034724,0.000053078,99bdffdb6e5409c4e33e8c6a0793689c10216bd6c9dfaa599fe62b1a934eb891
775,1764562605.9662633,0.000026529,0.000016240,0.000023403,0.000018595,0.000027931,0.000044242,8e4561f34f72fd6a60f85856353f9e92aae3eb886b08e80ed026d15ac161b749
776,1764562605.9679587,0.000022882,0.000015578,0.000029775,0.000022993,0.000047538,0.000059170,f59a02dd0c58721a5ddfbc018cdfa8a197a6bc51e082d5a60ed8876e7d3c0ee7
777,1764562605.9696887,0.000031188,0.000017933,0.000028022,0.000019245,0.000027491,0.000069729,5e6a5d6fe731befc6f81d10aef0dff37e714ad3b72953ce7e0d53a27e3893265
778,1764562605.9718418,0.000025447,0.000017392,0.000084937,0.000021189,0.000032009,0.000076771,56c6a07b8affdd38cce75bccc80d5f7e34a07ad5d8f81a98859d3d365feeddf6
779,1764562605.9758196,0.000042309,0.000024345,0.000120142,0.000055372,0.000084175,0.000105765,19f7e89b4f138d5ca78f3fb4533a378b9935ae9eee457f962329d924fb02381f
780,1764562605.9792838,0.000062586,0.000027371,0.000078264,0.000035225,0.000072544,0.000079236,ddb5bbe20cf674dd3d221875f95d590b09c8705b89f20913db8e3e74f12fac8b
781,1764562605.9826398,0.000047187,0.000025267,0.000045394,0.000039423,0.000082683,0.000115573,0ab6ab0bb6ed4b221132f423fc09c80082562ccdb98e01b14f7c38f4f0ad7583
782,1764562605.985746,0.000046295,0.000022491,0.000068206,0.000039252,0.000077002,0.000080629,8823fa3a48d561c353196c5f675d645b10b8664be2e40f35cadc227c87dde8d4
783,1764562605.9891026,0.000091580,0.000026318,0.000048379,0.000041757,0.000093903,0.000116836,c74a914b0ab1bfa9c72d29fc914aeaddd7cce3e368a275323c410e68d3b48d2a
784,1764562605.9919896,0.000038652,0.000023964,0.000084105,0.000029805,0.000057516,0.000070981,6786f100d0da2a7b7d68d8a47fc104494fe21604ffebd2227a6f0ef1d3459fdc
785,1764562605.995597,0.000049111,0.000023142,0.000062876,0.000034534,0.000065882,0.000076682,d5cad79dde979bf2b7e14b825c23ba5df088cf59a9e5f669f09d31c2af07faf5
786,1764562605.998817,0.000041626,0.000023324,0.000043571,0.000047478,0.000103661,0.000132044,43d455503a6c9ac202f5a8762dd22edd9c2a7f07651db16d81d8b52e09051130
787,1764562606.0017736,0.000037059,0.000024144,0.000054721,0.000035506,0.000080148,0.000113640,96c8901dfa5d2804f17dd06c33e5a5cf5128aca4af567bfa872419ed9475b1e9
788,1764562606.0055306,0.000041857,0.000024195,0.000069027,0.000058037,0.000140480,0.000160657,d5fbbe9b1895644dfa52f5c2e030098ab5d4c698b9e8320b9f3ac922821dca96
789,1764562606.0080307,0.000044242,0.000021400,0.000031698,0.000026910,0.000059009,0.000074577,382a8fae423bda6bb3e303c695ee8804d16088bec7fa32982dc1aba31043a359
790,1764562606.0103316,0.000028983,0.000016260,0.000036818,0.000035436,0.000080969,0.000099093,f5323e4f83adfdced1ff04bc3d8ef824c8c58736980893acf29b61073a15d3a8
791,1764562606.0122511,0.000027391,0.000015659,0.000025797,0.000023944,0.000044252,0.000063548,c48f7915f5f4a4ca28a017a6e5d907ff74c93bed703c4887ddd9a1787c0489cf
792,1764562606.0135975,0.000024335,0.000014898,0.000023453,0.000019215,0.000029956,0.000046035,51c123a1450b07c3c4bf8c358ebc953489715c2d59a079651f61e88cddd6bd24
793,1764562606.01481,0.000021290,0.000014747,0.000020959,0.000016571,0.000022542,0.000039703,ca70affb4c866025dbea5c77700aef93a2741240251ed3a3b033d3dfa031a1df
794,1764562606.0162485,0.000022681,0.000015268,0.000025688,0.000020729,0.000033973,0.000064048,4d67772ca0b71c6fc19098c9a76ca95e42681d544818c0e7db8fabf7549c2855
795,1764562606.0176957,0.000022852,0.000014367,0.000029996,0.000021049,0.000031709,0.000053008,eb80824c2e44bcfd6bb9076987da4ee8ee69295b64d9ba6a7889b590a0afa831
796,1764562606.0196545,0.000035135,0.000018595,0.000042008,0.000046656,0.000101428,0.000078355,711841432a5ff35e28dcb4af9790bddc37c47ba3628b6ed32ad361e204d8ae32
797,1764562606.0221128,0.000032199,0.000025888,0.000059480,0.000029966,0.000063166,0.000099654,6c39ab881aa49e22a820f0400e9d1ea1366380000809a1f2b248f313f84d0fb2
798,1764562606.0249455,0.000042839,0.000021039,0.000072765,0.000031578,0.000070581,0.000073215,8f71cc3fbd8cca94d7d6bc0c408570e523b7b8c71087e71b55393407bd72d82b
799,1764562606.0287058,0.000058267,0.000024395,0.000085518,0.000043811,0.000116666,0.000113390,213dfc380e85695ba3c5bee7f84eb0e2c4d1924e4bf0fefcd319c1093615a08c
800,1764562606.0315905,0.000057216,0.000030606,0.000043701,0.000033542,0.000051084,0.000056274,ec3bc29d866fd6beeb0645f5a7498bdaf798a8399c767f05ad1a5d89dd601645
801,1764562606.0341842,0.000029234,0.000016410,0.000026609,0.000025187,0.000045314,0.000063377,69252841f3ff556f0e629f0a77c0257f05e6553f9034de36a608884f19ee0bfc
802,1764562606.0359476,0.000032269,0.000017513,0.000026148,0.000019546,0.000036447,0.000065671,29181e08ff233299bbcca5361bb857026f90da948631a26ffe072bc16d526f97
803,1764562606.0373092,0.000024836,0.000016080,0.000020698,0.000018815,0.000029654,0.000047578,f174de5666d01895f3a3719f263341c46b0439e2f0d4f14d77f0b6333c516ed7
804,1764562606.0384948,0.000029454,0.000014957,0.000020578,0.000016270,0.000020658,0.000037620,3435a4f73e3947291c4332ec411f038f872797822791dd6fc8d200942d2800d0
805,1764562606.0396929,0.000020909,0.000015008,0.000021069,0.000015970,0.000022141,0.000037790,50b3c71e935ff2fe3cb7be7cb575e57b4796a55844cba05e260038e23ffbfcaa
806,1764562606.0407827,0.000021129,0.000018173,0.000019756,0.000015919,0.000019997,0.000034183,5390f86e33f4d2b86c91b873005adf704b626b39c68c196285c0a5d59234e137
807,1764562606.041823,0.000020518,0.000014527,0.000019055,0.000015218,0.000018214,0.000032780,4a3486ff6e8ee7c6f8623dd641d1d2f94ff75f9079d1b2af7a1fc0a51424ac6a
808,1764562606.0435314,0.000048660,0.000045875,0.000021951,0.000016941,0.000023113,0.000036808,be0f8aa3ce742892e0bd9ae29aded37ee189a161bd18c4e30a4d10dbc961028e
809,1764562606.0447965,0.000021430,0.000014837,0.000020248,0.000016571,0.000022802,0.000035977,3755803fd53a34371c739fed3a12cb69e1f4d584e5fdc6be9d04605f9bf8b3ad
810,1764562606.0458915,0.000021099,0.000014678,0.000019807,0.000015810,0.000019275,0.000033201,2130d77a50b760f4f122ee40b28645270bfd7bf375e95cb02c888863a150b805
811,1764562606.047044,0.000020327,0.000014416,0.000022191,0.000017743,0.000021069,0.000038862,ae1e44f84d0d518d2df9d909512061f63cf476ddea101c979a4bf99f241458c1
812,1764562606.048182,0.000021039,0.000014476,0.000019276,0.000016160,0.000020889,0.000033973,a7b92bad65e77823d38281c58ea6a2632d9b5e07b0f523973c9f745b179477c7
813,1764562606.049635,0.000020437,0.000014497,0.000019627,0.000032220,0.000041457,0.000064720,d7b18719e23d4f59340dcb134c298e5901ba07323f6ff0b30c543b3dbeb423d7
814,1764562606.0508287,0.000020157,0.000014457,0.000019036,0.000016330,0.000020387,0.000032991,c6871baa25b886ed7515616408ecbd392577280795ceca6653d7c477200ecc08
815,1764562606.05219,0.000020138,0.000015108,0.000027491,0.000024565,0.000093553,0.000036237,2166fee1195164a2a2f24b8058c697766de1740e6ad898f21488fef00b92c3c5
816,1764562606.053562,0.000027531,0.000015829,0.000024565,0.000016200,0.000027260,0.000035325,b05ba86a4cf2bb99694b177bbf11bd06d38742bd0f8d2d06ac4e918cca369a62
817,1764562606.0549693,0.000025327,0.000020016,0.000021911,0.000016590,0.000025027,0.000044813,29806de7af72c3b61981a8b9846262bc3bfccccb93333607d791647893880c0c
818,1764562606.0560915,0.000020859,0.000014517,0.000019757,0.000015960,0.000020678,0.000033643,7e7efe86d6c784c85a62f332709003446f2824c5be1e62774827b532ec736050
819,1764562606.057153,0.000020408,0.000014637,0.000019376,0.000015429,0.000018955,0.000037589,920804e4db735d676907574868102c18f2c689f2c6f6ea668590d63e8f89735a
820,1764562606.0582612,0.000020167,0.000014537,0.000019416,0.000015800,0.000020247,0.000032790,65c2f6f9ae7411c9f7c97671eb8a91e21bdd6c832a2d50fa56e96ddee7ccb5bd
821,1764562606.0598824,0.000044622,0.000023924,0.000051114,0.000017142,0.000022642,0.000043310,d7d45d6ab1ba4f2474d9f84d87c8c4a4682634f1cf1b4e2593045c7982ef62ac
822,1764562606.0620685,0.000051465,0.000035937,0.000026609,0.000020087,0.000035967,0.000070731,81e70b441f3ae57f3a3c7bc4449dc093902b74a1a73843efba22349843731034
823,1764562606.0633953,0.000023643,0.000015138,0.000020829,0.000018264,0.000026889,0.000045153,94d3b6ee6326f10bf6a4bbd8266361bb78439cd9f1e9f470da26c255f8db7e2b
824,1764562606.064523,0.000022372,0.000015108,0.000019887,0.000016180,0.000019827,0.000034253,c4a7c9624273138bfb7913f60bbd8976015f7f3df2e0370ea0feab767e0fb29b
825,1764562606.0656037,0.000021260,0.000014887,0.000019326,0.000015518,0.000019136,0.000033192,1a17e808acbced1588c2b29b7db20799e3038785c09d76df59c14c33cf21644d
826,1764562606.0666854,0.000021029,0.000014446,0.000019647,0.000015840,0.000020107,0.000034003,04a989a630b84262b24a9503e2b8ce8b1f104b3bbca6fe7682d5fc3e32a3604e
827,1764562606.068022,0.000020127,0.000014066,0.000041526,0.000015438,0.000019346,0.000034003,2d4c6577c4d19010b687183d71901849b0fc35b4571b115c4cc5eb3fd99add1e
828,1764562606.0699737,0.000042449,0.000050663,0.000021660,0.000017392,0.000027702,0.000044472,0f3c9d2ad6b0fd04f3b096b344aa2300a4b18a67c883e346c3395fa412a94853
829,1764562606.0711112,0.000021279,0.000015348,0.000019577,0.000015950,0.000019556,0.000033592,e1d7e49786d99aaf1aba5ff34b3f96f0525b3010d9ec4d29c3be936034698d55
830,1764562606.0721776,0.000020749,0.000014807,0.000019887,0.000015338,0.000018544,0.000032660,a4b903f7ff11880cba1c92c0f0be891278aacf093d08455e6d56c3a8815dbfb0
831,1764562606.0732296,0.000020458,0.000014276,0.000019526,0.000015028,0.000018495,0.000032630,6ea1d71ecde3251b1826985f9d5a21d20772f99c0aefa9a5b9fbedcce5ab2c89
832,1764562606.0747862,0.000020228,0.000014187,0.000019176,0.000032359,0.000038170,0.000065431,09895549e4afea6ae31f95b149551015a72232ea7e3868cbb7c55ae4437b983f
833,1764562606.0759556,0.000020278,0.000014296,0.000022532,0.000016310,0.000019706,0.000033131,a39ece37ac9df2a2b38fb1bc2dcc85930c8617c3f96300f3402f9fd2553e2311
834,1764562606.077702,0.000026088,0.000015629,0.000022933,0.000033753,0.000060652,0.000097260,9d2342c9f0be7a5f7afe4c5ba59ca32badd5ef114e1f2499171b6b5476324762
835,1764562606.079031,0.000022652,0.000026068,0.000041697,0.000016180,0.000020248,0.000033732,2cbfcb3a847b9d2af150f68d5da5a7d0e82661134852ce696caa3614f2962748
836,1764562606.08055,0.000040855,0.000029624,0.000020217,0.000015569,0.000018314,0.000032671,127cfcd57ae8afe1678badf7fc365108d9aa9618cb38e97db99f5995b987824e
837,1764562606.0816083,0.000020418,0.000014407,0.000019216,0.000015299,0.000018023,0.000032680,a98e597f03beca2359d1fa2706b3209e8404678d3f73b45f38f8dec8a41e29ce
838,1764562606.082695,0.000020027,0.000014407,0.000019806,0.000015078,0.000018575,0.000032149,7bac5ff6ebac22f3d8f985fd63513caba8a6960bcc4cb82d3b788d0ce99be943
839,1764562606.0838947,0.000020428,0.000019166,0.000021119,0.000017572,0.000023122,0.000039943,f3d5be78a1d74ac12632ee3e127c927b06560db6e0e46b37303ffd4b47b14635
840,1764562606.085222,0.000021039,0.000014857,0.000023834,0.000021450,0.000028222,0.000042098,2c2857ce40894567e1031a63d26281ffb8d016f634f3b74cb30c25333d753a55
841,1764562606.0866663,0.000021730,0.000017983,0.000022171,0.000017022,0.000024876,0.000037079,404c5b2c6f978f28cb1a0583fdba1005799d40b144864b239634d11653b4b381
842,1764562606.0878217,0.000022171,0.000015058,0.000026389,0.000016370,0.000019987,0.000033211,a520eee3b826bf0fe8f954b169c13a813ef323c1167861c083b30be2549687ac
843,1764562606.0889075,0.000022401,0.000015579,0.000020147,0.000015609,0.000019406,0.000032670,880817f863ca45f0a8d88475062b66058805aa6f18f4797027ea3a702ae246f4
844,1764562606.0899858,0.000020889,0.000014457,0.000019236,0.000015629,0.000018935,0.000032620,29321c4dca15926e37479412d003c76de9b79da354d27b3c197a4d53cf91bacb
845,1764562606.0910578,0.000020288,0.000014597,0.000019686,0.000015238,0.000018624,0.000032601,9a83bcf4f1da6899b43c71094a3045236350132ddc50711ad10b805fe1686f1e
846,1764562606.092321,0.000024696,0.000022261,0.000028803,0.000015889,0.000028854,0.000035807,637c145dedb155cea3dbd435b8638cacb9da354358a89e93f2dbe6121a2a7e66
847,1764562606.094046,0.000025887,0.000021089,0.000024415,0.000026188,0.000053760,0.000067475,eda2612da63f311e350d4bb71c80231d69287324f560446cce2d1f6121ee7ae7
848,1764562606.095249,0.000022882,0.000015940,0.000021079,0.000016300,0.000020939,0.000035706,aca27908a154e90fabf5b06ebc2424550b420071b016384c288906ea857bb4d6
849,1764562606.0967546,0.000020889,0.000014727,0.000019657,0.000032260,0.000039333,0.000064469,9d1c023fbbbbdf78b44ddd4b35be0b0451d93b64d02796f16078f0888b90680a
850,1764562606.097853,0.000022512,0.000014687,0.000019386,0.000015659,0.000019316,0.000032710,bb61008f997e5e5422865aa8f10c8ba7c37678fb156e219bc4602c661f7a2b56
851,1764562606.0990267,0.000020408,0.000014417,0.000023363,0.000021690,0.000021830,0.000033673,13f6fc886480867ee1ca5f8ba87509659304376412a9508cd73bc70c0ae29a17
852,1764562606.1001768,0.000021319,0.000014707,0.000019376,0.000015739,0.000019797,0.000043250,a785919cc3bfdfc7d306fdc1ca09f5d4b06dd1ba73aeca0ce5768a9393c1dac3
853,1764562606.1014006,0.000028393,0.000018774,0.000021460,0.000016340,0.000020879,0.000034253,76da15471f41d9e00e83ce16ca63310d3d8ce3a7b4a6ad5bacf6f55d82404715
854,1764562606.102954,0.000023103,0.000014848,0.000020268,0.000032720,0.000039854,0.000037449,565c8caadc4acb38c5076e8343644ab056a72c985a3e44661f6e6706f3caab69
855,1764562606.1040242,0.000020037,0.000014577,0.000019476,0.000016080,0.000019055,0.000033061,42564c16445a8989a2af92e468560659d5aa21b353fa2d9a32204357be8e1fff
856,1764562606.1050851,0.000020518,0.000014526,0.000019015,0.000015469,0.000018574,0.000033161,60dd1febdd23e3366f866481b4c34f4cf21d4cb8443231cd1290add72484dfe0
857,1764562606.106682,0.000020228,0.000014176,0.000019526,0.000031398,0.000037920,0.000080358,02e86d5d84769844707fe1e9feef89fe2b8edddd986925c0a7c9049273f08aad
858,1764562606.107959,0.000019707,0.000014507,0.000019596,0.000016610,0.000023504,0.000034714,a8168325ade232fb2bce9e4588387d4cae88d87e8cad09baf99ada3edc897699
859,1764562606.10922,0.000020157,0.000025708,0.000024425,0.000016080,0.000022011,0.000033241,41d106ff2c44914e2e592d819e22b6abb59e12908975667443380c6317b5137a
860,1764562606.1104941,0.000021750,0.000022532,0.000021680,0.000016781,0.000023182,0.000041958,3ec957e317bc39d8cc6e7232e0be621947a43d7c308c1b965edab4795cf01d13
861,1764562606.111745,0.000021279,0.000014817,0.000019386,0.000016710,0.000022852,0.000036828,27ad541b0fc9e75df53bccb3044d6b8bd8ccd3dce6d44f1e9ddc20a8e2bd10b6
862,1764562606.1134582,0.000047177,0.000028573,0.000020588,0.000031668,0.000048730,0.000065631,f815547f9f30bb3b95aa05b308e168df63ae42461fe66904bf4bd3d8666b0388
863,1764562606.114616,0.000022492,0.000014917,0.000019847,0.000016050,0.000021169,0.000035005,35f8fdc9a8a47b4c7ee2b8e22ccb30fac7cc36f150961b110c94a195912c132f
864,1764562606.1157029,0.000020789,0.000014527,0.000020377,0.000016140,0.000018825,0.000032640,3e2ee3ac293f2beda9cc1ae89c1c8303924e99fbc51dfd71a58496944bdd8c16
865,1764562606.116835,0.000021489,0.000018394,0.000020037,0.000015348,0.000018584,0.000032280,00d99c4b01ce4416afe0f8ccd816869b44bfe52bb8b653025d2a3e5626202f2c
866,1764562606.1180336,0.000021019,0.000014317,0.000027290,0.000015739,0.000019797,0.000032581,5028a2c2e427e16e5d05b21c62626c56ec16b857fecf97fb40d8100ce089f878
867,1764562606.1193452,0.000023053,0.000015038,0.000020097,0.000017342,0.000028963,0.000044292,4116ce4ba5c1e90de848e034ffe66f5b46fa306db20eee344e15ba97b34e22c4
868,1764562606.1204932,0.000022422,0.000014547,0.000019616,0.000016029,0.000020098,0.000040194,7d110d4745c96ce87ed3baeea9c9e8f136880ddabfdeed690c51ae206c9298f4
869,1764562606.1216152,0.000020678,0.000014546,0.000020518,0.000015819,0.000018975,0.000033652,db5383c42f1eb6813d5b48afa3bb5bda29bd2825b3d923c714cd19c4b88d38d6
870,1764562606.1227188,0.000021781,0.000014747,0.000018915,0.000015829,0.000019216,0.000034033,be05a41d26a5f37c9702bea1256f99056613bbf8dcf7d95f1f560da130b5026b
871,1764562606.1237862,0.000019957,0.000015639,0.000018885,0.000015448,0.000018835,0.000032871,d3dab52bb258bbf51c7773b5c46dc5cedcd7c2a4be1203f5721c56eb8f29ea3d
872,1764562606.124868,0.000020578,0.000036157,0.000025077,0.000015328,0.000019146,0.000032950,7f796009f40fd0184019b844bdbd27894702afc2c9ae4271e1db8ecef6608d15
873,1764562606.125938,0.000020829,0.000014197,0.000019676,0.000014937,0.000018354,0.000032600,3446efb89d1a276d00285786c963171d0c56fa0e7ae2bef530bdcd4d30fb9f6e
874,1764562606.1274023,0.000023784,0.000019646,0.000023914,0.000021550,0.000022712,0.000051274,1d4a26bc6b27b99fa92cfd2f4f9464a05625ba7563fdd23263d22b835ca5210d
875,1764562606.1285682,0.000022562,0.000014827,0.000020578,0.000015849,0.000022432,0.000036457,dfc242e8a7cd60719f6222c67edde8e96c8df19a1042ce518144bc3ba82a2e29
876,1764562606.129741,0.000021460,0.000014487,0.000019977,0.000016901,0.000022411,0.000037690,2bdc7d14b792c3fa8fc9e1978e157f1fa3caad2745843ca4b327d2f11c783835
877,1764562606.1308289,0.000025608,0.000014957,0.000019286,0.000016721,0.000020488,0.000032961,11743045fc516bed5c6d0c35b93a61f157a2ff6faf6318632df90ac8a8acf2a2
878,1764562606.1319027,0.000021260,0.000014838,0.000018915,0.000015339,0.000018574,0.000032591,c1c83d774d587626fd91f3f341389981cb42ae66e6e8053a86366fc5a70c3ffc
879,1764562606.1329427,0.000019917,0.000014617,0.000019275,0.000015669,0.000018374,0.000032591,b32e2ee48f29d2397c978b7ac50270e52cbbf7c62aea3a55438378bbcecc3e49
880,1764562606.134009,0.000020208,0.000014337,0.000031047,0.000015448,0.000019065,0.000032731,8a5af83be430b0b37624a812dbc3f378fa79f223a2f3da0f18188abc8990f84c
881,1764562606.135308,0.000022351,0.000014827,0.000023524,0.000022622,0.000021921,0.000036087,b55b2bd25122fa5d981f06490cf04aee9b463599623e700a35b8c45674277485
882,1764562606.1365638,0.000022872,0.000015108,0.000020117,0.000016360,0.000021580,0.000035977,1e29d47c47057ed9886f46ee3f33c2d2812df57eee7adcb334f525c6bba8737c
883,1764562606.1376574,0.000020207,0.000014657,0.000020158,0.000015619,0.000018544,0.000033061,1f627443eafbf6883c79bd97c289cc59e194c371715283244e99122dc67757e4
884,1764562606.1387284,0.000020278,0.000014477,0.000019246,0.000015338,0.000018705,0.000032621,0698baf04c7ba952f23bc9d3f0e78f3232ffdb1c1435c95d0330e5a784ef3ab3
885,1764562606.139766,0.000019917,0.000014768,0.000018945,0.000015178,0.000017903,0.000032520,a7baf0ac4ea85633b135d441622839d6156c94b7cf881d15178ae8726911c00f
886,1764562606.140816,0.000020157,0.000014126,0.000018965,0.000015438,0.000018945,0.000032730,7d5fb13add4372fe7703033681ec5a8fa58718d3960bd5f4a13bee3da67386f5
887,1764562606.1419175,0.000020147,0.000014547,0.000020277,0.000015479,0.000019196,0.000033051,2e36d3df6e55ad2d54c767e3d9f10f04c609d18e64ac4e66e644b1922be5d1ca
888,1764562606.1430326,0.000020789,0.000014707,0.000022131,0.000015498,0.000019085,0.000032710,04fa2ab309fba921128394f310775c42dd022ad8b0b65e42d02d7676d05bb0f7
889,1764562606.1446297,0.000027351,0.000019587,0.000025948,0.000019006,0.000030506,0.000043821,8fbc5f93a268ac7177231ea14bae5ec8e6292c3c58b0edb8347b2fc7c395cebe
890,1764562606.1457748,0.000023012,0.000015048,0.000020027,0.000016701,0.000020608,0.000035305,523a23421b1fad67bcbc72db16612f6de08ef7435138a79a8051868c66a5be1e
891,1764562606.1468477,0.000021790,0.000014587,0.000019335,0.000016010,0.000018805,0.000032771,dec0ee6969092248e1f85391ad280e9e80f55dc0891a83b38b77234c933a6e1c
892,1764562606.1479168,0.000020198,0.000014457,0.000019435,0.000015629,0.000018414,0.000032610,5f7a342359199c9f8db841dbf62bd0860dc459b9479d7384fd9f02a80044ca07
893,1764562606.1489713,0.000020909,0.000014147,0.000019155,0.000015829,0.000018705,0.000032690,59ac5e5eef8609cd85b62f67a6548750ba78f9f7e06daf63c18b671bf3a88ffc
894,1764562606.1500268,0.000020117,0.000014216,0.000019395,0.000015439,0.000018053,0.000032220,dc65bd30984421fc569c0c40f7bcbc097eedd9ef7575b17afd911145fb77b0bf
895,1764562606.151122,0.000019666,0.000014827,0.000018855,0.000015508,0.000019235,0.000039303,3798009ffa306c4c7b54f141ae79f87d52a30855f2a34742502d4d6cd5f5a372
896,1764562606.152424,0.000026409,0.000017472,0.000027150,0.000016240,0.000023193,0.000034985,c4029b411dd3e24ff4f86fc442bcf83d68eac6702133fdd21d9b86aec6bf7c58
897,1764562606.153733,0.000022401,0.000014948,0.000020378,0.000015980,0.000023223,0.000035125,2d59f181e7a89cba615e72e271ee93c687d0f2e52ee96aceaaa8dac4da8e4cf7
898,1764562606.1548471,0.000021079,0.000015439,0.000019175,0.000015669,0.000019286,0.000032761,aef5a1fa00de83dc0b812c4b7b3551aafeddcd2acaeff443b5aa7f7d86db0ada
899,1764562606.1559105,0.000021119,0.000015398,0.000019145,0.000015449,0.000018975,0.000032670,3acff86e3e0ecaa47061bf1fac50ac05c02d44e9b60ab1fd3b008c9d0f7c1bec
900,1764562606.1569533,0.000020758,0.000014537,0.000019145,0.000015158,0.000018804,0.000032610,887a4cc6da30badee09b0aad8766042f4577742d00fa6189e96858947dfea8ae
901,1764562606.1579974,0.000019876,0.000014437,0.000018985,0.000015408,0.000018815,0.000032630,5feb15912fa9dcd8815f851dcf3d8a74317b9f68927a0799ff182279db01d2b9
902,1764562606.1592155,0.000019306,0.000015018,0.000021069,0.000015699,0.000019245,0.000036838,c7c2e174564ec0930ff22969ccc9a6d1bcb155491d3136561c8471dcd1694e08
903,1764562606.1608446,0.000020948,0.000014486,0.000024745,0.000032359,0.000041577,0.000039062,57d4e5e6ad8d26ef0518f850b96619e3b3ea569d787b3b8919b638d703e84c0f
904,1764562606.1621702,0.000023934,0.000014977,0.000020137,0.000017152,0.000022702,0.000039363,6c53eeefe1efb132914e2e9f9b404b1adbfc3194080684a485496ebc1d6b3754
905,1764562606.1633313,0.000020598,0.000014837,0.000019326,0.000022031,0.000071482,0.000038331,17584e7cd4fa56fcba3adaa6d2ff706139c61e98b455027f60898e304dc5351c
906,1764562606.164418,0.000020798,0.000013996,0.000019115,0.000015919,0.000019806,0.000033392,d5a36022252a21fe09a6d208a3613ceec321490a8e25968371363779b4b2278b
907,1764562606.165484,0.000019896,0.000014376,0.000018845,0.000016160,0.000019556,0.000032871,886d073d2ae22ca334365f3949d184e7583f923fdfd1e04d863a4006a0fec1a1
908,1764562606.166608,0.000019957,0.000014156,0.000020868,0.000015839,0.000019907,0.000033913,7c9cf954fb08fd26e5f84342858cb1d59ad46bb11b54c86c677d7d3e5302f19c
909,1764562606.1677353,0.000019926,0.000014798,0.000019827,0.000015959,0.000019927,0.000033432,e79271953f2967645e1942c98d7a5ece4ac9c3a9ae4fae54c59509f88234c53d
910,1764562606.168917,0.000026178,0.000015037,0.000021680,0.000015919,0.000021310,0.000034013,755f05335f291c11e83a7082e1f139e46f3e42f3cb1734cbc3e83617df6995f0
911,1764562606.1702752,0.000021340,0.000015058,0.000021690,0.000016280,0.000022010,0.000052587,c9965183163253b47bf7ed01c6400485fa0592080b13bca9426b5a958a147e1b
912,1764562606.1714752,0.000022601,0.000014787,0.000022622,0.000016280,0.000022712,0.000033562,fe5548518a9713b0de9736209fe1996dc88338fc0d5d857e02a82fbd8f153720
913,1764562606.172585,0.000021951,0.000014347,0.000019446,0.000016581,0.000019436,0.000032761,82b52105cc4e201465be25502e25b10d8268feb2527b241e8d72b66de6754a24
914,1764562606.1736643,0.000020448,0.000014316,0.000019306,0.000015860,0.000019085,0.000032640,7e143d6e73d547b2e094e8994509a3156a897e444c0b4fe749da9db7e3cccb87
915,1764562606.1747239,0.000020518,0.000014437,0.000019425,0.000015138,0.000018575,0.000032610,a37a79d42011b8bfd448be5d9a032ea83f4b1ef17d4b153c0ab1687140bc8d3a
916,1764562606.1758554,0.000020147,0.000015178,0.000020798,0.000019295,0.000022862,0.000033391,f214a5ac4b62de8acbf9bfb02dc4b8eef217f3c85969c0492ec1696027e0d9f0
917,1764562606.1770365,0.000021029,0.000014627,0.000019636,0.000019326,0.000025347,0.000042619,deb84b1b375c0736e570e9eecd3ed788f63515543db3c44472aabf52d6402f53
918,1764562606.1782057,0.000020608,0.000014827,0.000020057,0.000022752,0.000022542,0.000034042,ead56f118d5d36fcdd88c724c18b04e5204449634f952b0bab75f3f74adb3333
919,1764562606.17928,0.000020538,0.000014256,0.000019506,0.000015408,0.000018654,0.000032640,5fe8ddd1bcefa68f74545af7e9d1ffe53c6d623e13c2a12f7f6666bcfeb4ec52
920,1764562606.180347,0.000020368,0.000014457,0.000019236,0.000015428,0.000018695,0.000032600,29678a8bedfd5552c020a4d5a9a5c3d1ec7a556a5032cb7d8a5ee52e190b2bc9
921,1764562606.1813886,0.000019706,0.000014426,0.000018734,0.000015018,0.000018023,0.000032900,1fcd72c2a515089fd1c0d38bc110ccca9078a4eb9521cf1f5c9bef74fb7900a1
922,1764562606.1824327,0.000019807,0.000014356,0.000018675,0.000015338,0.000018414,0.000032820,8de462add510f69763ed213c54c923469cba9e60fa1686b7c6231a8d0c1854e7
923,1764562606.183469,0.000019055,0.000014427,0.000018774,0.000015228,0.000018103,0.000032119,2e5ace5f1465140ef091165e3c54ef52aa52d92c61306c1a68658252b8f734be
924,1764562606.1845112,0.000019887,0.000014476,0.000018774,0.000014918,0.000017743,0.000032119,45cdae467c1e577adfea1a12b263ebd5c9d1fb731c3475ad0aec608b3496c9c1
925,1764562606.18566,0.000019365,0.000013976,0.000021009,0.000016000,0.000022602,0.000035746,f2096ed0122fdfed39786260d9c2b648471a4771131a940904bb1427a5250c87
926,1764562606.1869457,0.000021680,0.000014176,0.000022963,0.000018334,0.000025317,0.000039613,d42f1f8ae73f742692963e74a66a036dbda04d5d123d97807e3baf823e60cec9
927,1764562606.1880207,0.000020688,0.000015268,0.000020057,0.000015608,0.000019936,0.000033031,ba2c6fb9903a6c66a525fc16c27d0d603a974790c53b8423bf5b195f7063accf
928,1764562606.189091,0.000019637,0.000014356,0.000019586,0.000015799,0.000019065,0.000032800,9c1b7799fd4069759c033496fd5f9d53b3d956773e8ddd253a5bd9bcf75433fc
929,1764562606.1901443,0.000020097,0.000014377,0.000018945,0.000015088,0.000018605,0.000037800,22047dc435fcbe37bbab6fccf28e9862923ee6fc5d905d99019edc5f574b5b42
930,1764562606.1911836,0.000019877,0.000014136,0.000019105,0.000020839,0.000018544,0.000032730,4ac20c335702c5af9c5e7a36e0fe96991fd48b05a46311896ee1a0caee631b95
931,1764562606.1922495,0.000020478,0.000014377,0.000018925,0.000015328,0.000018715,0.000032540,f591cbf401fca93595de7de8e3137c7050509e8eca61bf239895079d51b00fcc
932,1764562606.1933248,0.000020517,0.000014267,0.000020538,0.000015759,0.000019596,0.000032691,3f8c27f0e5d3c3d2f153cd2f3fdc4d802ab1cbf6629fc1151f4cb58159f1d8b6
933,1764562606.1943934,0.000020218,0.000014758,0.000019766,0.000015970,0.000020318,0.000033582,32cde2d2cfcf6340d980e8c48d720e14231596c04d24c95e09c8276783c01b29
934,1764562606.1954694,0.000019707,0.000014256,0.000018965,0.000015008,0.000018675,0.000057496,79f0d830fa2ea3bf1e71e352ee00d13ddef43adc3727dfbaf34d8457192963e4
935,1764562606.1966207,0.000020057,0.000014096,0.000025076,0.000016340,0.000020298,0.000034534,5feffc752e45676bb2b862553e97c73b281ac50954383fb348fdb9eb9a7e1b9f
936,1764562606.1977403,0.000024605,0.000014246,0.000019106,0.000015188,0.000019336,0.000033151,14afc2ec7f75671f11fc36edf0df272f5330599598058732a53072409dd7cff8
937,1764562606.1987832,0.000024234,0.000014417,0.000018745,0.000015358,0.000018535,0.000032089,6743b4fb3fb9a334ff651cc667f50d9f6be9b59bf7b4f198dbdd0daf26a8501a
938,1764562606.199824,0.000020498,0.000014507,0.000018955,0.000015379,0.000018013,0.000032570,a6ae5d746939d674cff49d976aa5e480c87da20921f528fb32fc3dd468e6db71
939,1764562606.2008512,0.000020007,0.000014347,0.000019075,0.000015128,0.000018024,0.000032651,f59a9199a0c185e3d249bb5ff1278e80169a12b30bd12e335867b8260037384f
940,1764562606.2019293,0.000020638,0.000014146,0.000021139,0.000016470,0.000019886,0.000033151,a572d2537ad7afaa21da7099b1651f2bd659a493bdb38ef1cdecea4c28f93ea1
941,1764562606.2032712,0.000021290,0.000014156,0.000020798,0.000025988,0.000044322,0.000057447,ebb519d264e716a16b60672d0d3f266d9fbfca2393ec9f7b4bf15a15c1cee7a5
942,1764562606.2043595,0.000020167,0.000014507,0.000019326,0.000015899,0.000020188,0.000033081,4e8c65c3852432392d1c9aa4ba866c932b3dfbddf43794b6e766bf8d015a683e
943,1764562606.2056987,0.000020257,0.000014056,0.000046286,0.000015529,0.000019466,0.000032700,65e85404c738b196cdffd4688be9fc9c82560a9dcc77d0434a399d7bc508cc72
944,1764562606.2074227,0.000044692,0.000030888,0.000020137,0.000015649,0.000018935,0.000034204,dbda953b0350fb2b299a70db93c53bef4e6146161a4ce8be16e919713c6dfdbf
945,1764562606.2086573,0.000021139,0.000014978,0.000019657,0.000015318,0.000018484,0.000033442,2d49279305ad95b3ed63234e6e61c4e874b3cb79bc9547a4037ad3a6d7d5d899
946,1764562606.2104363,0.000019836,0.000014767,0.000027060,0.000034835,0.000041537,0.000067404,83abb744af08dd5b890a10f9cb21e70c4b15715140479ba579f82b3ac3758ad7
947,1764562606.2117305,0.000031708,0.000015299,0.000020097,0.000016841,0.000020778,0.000035075,10b77250307de17bcffea37f29fcf70d115db3b0156f4c7d840a5c13655504b4
948,1764562606.213344,0.000020979,0.000015989,0.000025457,0.000032971,0.000042448,0.000068877,6f384e7bf0951e3eccfe89c343144545a5dcf40902f04cc8301d8e36c1241198
949,1764562606.2144623,0.000020979,0.000014587,0.000019956,0.000016942,0.000019316,0.000032971,a09be1172a3f9a57cb792d32fd3b5db640c9d1073b1bde17df86856b56ffcc6b
950,1764562606.2155738,0.000020047,0.000014417,0.000020769,0.000015599,0.000019897,0.000043059,2282931785ba74a5941498ede4aebfffcbb8d06414e5adaf4a9ed3bf8a0bba25
951,1764562606.2166455,0.000027901,0.000014246,0.000019065,0.000015088,0.000018304,0.000033301,fe95d908cd012db051baa82981750c6a14f7694c975f84ed15ca231569fe1cf2
952,1764562606.2177708,0.000020187,0.000014577,0.000020107,0.000015659,0.000019256,0.000033071,734ed3445964c997704b858aa0c3e8e2ab587008ec827e14cad098faa3c46faf
953,1764562606.2191467,0.000021440,0.000014567,0.000020428,0.000032500,0.000055893,0.000063047,ff81485a5db27583f343bc0bc701f26ae7cd4bb75381f0ecf6528e4a2ba3ed88
954,1764562606.2202122,0.000021289,0.000014277,0.000019256,0.000016250,0.000025858,0.000033021,7d759b837a4dd7a57bc5e81176f50cacf48071daf53561d0c53448d82208a494
955,1764562606.2213001,0.000020377,0.000015208,0.000020588,0.000015599,0.000018895,0.000032681,6e188944b9e6dca57ee13be79a341b4b61bf8fcd6c11d4c5c5502d9844a2b456
956,1764562606.2223845,0.000020498,0.000014577,0.000019065,0.000015539,0.000020237,0.000032741,da8f2aea20a29117f636cc578ce9406c036d9c26b0587ab60c22f0ae9e1d4f19
957,1764562606.2234297,0.000019596,0.000014177,0.000019265,0.000014857,0.000018364,0.000032931,0b28f83985182f16cb5a3fef74e56ae1c94cdb44dcbe478300e99f3b65f9b013
958,1764562606.2244859,0.000019937,0.000014407,0.000018835,0.000015248,0.000018454,0.000032681,b0824b0f18be8cb2eb6eadb8337cacc0264eac589c5ff3448b55e863a1d85d53
959,1764562606.2256005,0.000020067,0.000014166,0.000019977,0.000015429,0.000070500,0.000032901,51e659d00ad554864e89d5e4063e45299c7d550ea2fa9551bc8ea42d11b6b8b5
960,1764562606.22717,0.000019767,0.000014276,0.000063958,0.000016440,0.000049822,0.000034103,41a548552cff5322237e9553d66555119115fd1fe46f0c0a30e44200ea7b3784
961,1764562606.2284667,0.000042419,0.000014988,0.000020027,0.000016872,0.000021850,0.000034784,aa6d905f891804fe13ed3aeb835fbb2c71003fa2c8704eedd48f925cff09d035
962,1764562606.229554,0.000020778,0.000014617,0.000020158,0.000015649,0.000019095,0.000032680,d29c1de83bcb6cebe4ea0756fed0288723d5caddc8001500b2357a7498b30ce9
963,1764562606.2306168,0.000020688,0.000014457,0.000019065,0.000015269,0.000018464,0.000032781,d6c7c4a83d1761d9fa8431dda1f7f211a0e877289e5fd9a3d18d3f857ee2114c
964,1764562606.231669,0.000020188,0.000014296,0.000019355,0.000015208,0.000018234,0.000032530,8b99c5bc75d7c4a6f88be6b725da66ac8d77737910e2af7579c77772eb15e852
965,1764562606.2327123,0.000019857,0.000014597,0.000019105,0.000014967,0.000018354,0.000032610,8540e4e0959da7a853a4d6ff223fe08e83005e5d792b759e40f9904709f1f781
966,1764562606.2338,0.000019757,0.000014767,0.000019606,0.000014687,0.000017763,0.000051004,70df65093c0c8e0fb5ff50c03a53d444e8073e1f688b9603942d8cae860cf0b0
967,1764562606.2350507,0.000020538,0.000014567,0.000023233,0.000021560,0.000026649,0.000039193,5393ba7860a72d0df3ffed3ad02876038b5e69c0f89cf0ffb5e26987a62cfcc8
968,1764562606.2362661,0.000022602,0.000015098,0.000019897,0.000019696,0.000057196,0.000042659,b87b77071d4aeb314e1820d6c9ae681236fd2bf5042eb47d82877639504e3b52
969,1764562606.237316,0.000020888,0.000014597,0.000019556,0.000015037,0.000018844,0.000032580,828145b505cc53895edd1589d0f9627c20ee95042af9db87ee7f141b1da5d633
970,1764562606.23838,0.000020438,0.000014226,0.000019125,0.000015428,0.000018985,0.000032891,7338238f1fa87de80553639f95a2eaf519f0d0560a0edc433a31f1902e91e663
971,1764562606.2394235,0.000020027,0.000014407,0.000019225,0.000015309,0.000018324,0.000032620,8fa6fd6853ca6d82c518a6348d65fcd85f6497281e95ae0c3ad1021c0ae84bdb
972,1764562606.2404857,0.000020848,0.000014096,0.000019396,0.000015328,0.000018134,0.000032881,a897819c95b9b59f3aaae3f11d96918ec6c18472f3765467084182ea12263182
973,1764562606.2415242,0.000019797,0.000014307,0.000018785,0.000015158,0.000018164,0.000032520,f9704547365aefd705255243f52195a3755d110f7ad801118496e8aed6ecb782
974,1764562606.24307,0.000019827,0.000014537,0.000052276,0.000015870,0.000019526,0.000033592,43e04a2c41d1dd3dfec365a78fcac92f280c70d8159a740bf5c99d82822209d5
975,1764562606.2455108,0.000049501,0.000047668,0.000024385,0.000036347,0.000095777,0.000073896,7f08fb6c68ca8e8c4d5f8fa953fda8a61e6c9a34bb23e932a5c3b08670b618aa
976,1764562606.246647,0.000022332,0.000014567,0.000019356,0.000015989,0.000021410,0.000033993,f55edca4bebdcd2de9b2a2f50fbbf76df409f7e7595e68a152d2935a6492f12f
977,1764562606.2477138,0.000020147,0.000014266,0.000019286,0.000015398,0.000019116,0.000033452,749a4c2b5d2cf892b37d1cf0bbb3cd35b339a5dad95e7e7bd5a0d0eeec10ce96
978,1764562606.2487795,0.000021169,0.000015088,0.000018955,0.000015308,0.000017803,0.000032610,bf87e79f4978eaddaccdeef9275e292f744bf79e96e9ddca0176137e8e461e82
979,1764562606.2498221,0.000020367,0.000013885,0.000019205,0.000015057,0.000018394,0.000032780,0fb0a1440db1db63d7cf1b7c9b6d9cb08d1f289b984aa48d2b432133a68d9add
980,1764562606.2508996,0.000020408,0.000014547,0.000023474,0.000015228,0.000018404,0.000032630,cd8ffb571ca90ce1b05ed04bfeef3dd97e60571d0a74f7ff47e40ab499e8122e
981,1764562606.2522793,0.000026629,0.000021459,0.000041457,0.000021800,0.000027480,0.000039633,f5ce3e771fe6b169bdc7fcb3af04201d0bd3c0a2e2838b579a19f7c291ee7edf
982,1764562606.2536712,0.000022091,0.000015659,0.000020799,0.000021710,0.000038761,0.000044633,a93872231b2ac9113d8ab4e4b9d03fc2d07c6010beead7dc2999590c554cb23e
983,1764562606.254793,0.000020528,0.000015248,0.000020097,0.000015378,0.000018495,0.000032690,9753c37602275bb3cc59cca2303d9ce989ddbcca2216f8acf1758f3263750f0e
984,1764562606.255876,0.000020959,0.000014757,0.000025717,0.000015208,0.000018515,0.000032700,ece40fa7ae478f5031c1aacac3a0d56135d9a0994cd0cbf976ef5e7d467b8f96
985,1764562606.2569427,0.000020498,0.000014557,0.000019396,0.000015168,0.000018635,0.000032660,ad9d02e2b4ba356e63899d17bbbda6b436866f43d5302f88638dad5a37913fea
986,1764562606.25802,0.000019806,0.000014187,0.000019876,0.000031128,0.000019937,0.000032650,4a732ddd2ceea7d5d82b872d1cb654869dbdbfb2f91bc4f96320c8c18f931db3
987,1764562606.2590663,0.000020037,0.000014496,0.000018915,0.000015379,0.000018364,0.000032651,dc67e4feaa42edebf4ec7379e05122a8ee702089cc282251e6ed09ea51623709
988,1764562606.2602284,0.000020238,0.000014527,0.000022992,0.000015780,0.000019556,0.000033151,4ae6819dc8fa16c2dfe4431ac81b78e1b6f7fefbfb2f9d5450ea1179a13a8e7e
989,1764562606.2616847,0.000031298,0.000015088,0.000020578,0.000022291,0.000040746,0.000064008,13d692e11ea3e7ada818f4276669c2e71e36120b715d84c82433c3424defaecb
990,1764562606.2627761,0.000021439,0.000021359,0.000019256,0.000015649,0.000019386,0.000033161,381f20ff7c7455a03b96605136dd96c0a11b134625fd85ef38baaab621e298ff
991,1764562606.2638755,0.000021329,0.000014116,0.000024826,0.000015779,0.000019376,0.000032630,52f23710deb9b260d89f3d938706fe8ff01819034714265973afc76367df94b8
992,1764562606.2649357,0.000020077,0.000014397,0.000019126,0.000015469,0.000019126,0.000032490,5804583bbff1ddafbf50e55a05247e22b33cef4577d6e35f408fee27ca2cdae7
993,1764562606.2659864,0.000019787,0.000014086,0.000018524,0.000015098,0.000018093,0.000032620,69e84c0aff9e8f49366bf1236122461f2386af69ccb0be74809292e793de1774
994,1764562606.26715,0.000019837,0.000014277,0.000026459,0.000015568,0.000018283,0.000032920,dce6b1b06ebf307739f814fa89e4562e731c61a3cd1863e03d10c9106e504039
995,1764562606.2686207,0.000025738,0.000019236,0.000022392,0.000028963,0.000062396,0.000045384,0e51ed7d7069924170c3a744d9fd5e3a990ddecf814075f613df4f1ee0455260
996,1764562606.2698982,0.000021930,0.000015268,0.000020358,0.000019997,0.000041858,0.000052857,bf32a97ceb15d70414996f66bf12cb53971b3510be6c3ca9f2c36f46e0a5d3b7
997,1764562606.270991,0.000020268,0.000014367,0.000020037,0.000015879,0.000019707,0.000032871,450d6c15c10475464fa26c554c5c55d9532841a00b68fa0f4c1a017d9fcf29fd
998,1764562606.2720945,0.000020568,0.000014196,0.000020207,0.000015529,0.000018965,0.000032650,5a4deaccd72b98882af34d3562b4791d94947960509202146b7b7b37fe81c6f8
999,1764562606.2731776,0.000021169,0.000014587,0.000019105,0.000015689,0.000018724,0.000039583,52c09e64533f70cdeb1adc240b9fd8ddca6ed5a82816717ec5793244c1f4e714
1000,1764562606.2742372,0.000020077,0.000014557,0.000019065,0.000015278,0.000018725,0.000032590,b29bcbb9e46b4e764bea55aea943de6acc21119a9045e45b66bbedc7576c598b
1001,1764562606.275291,0.000019587,0.000014076,0.000018545,0.000015008,0.000018394,0.000032680,8f0c6d6cd31ef856ef89b0e948fc70439e02b02d3a2ff88749790b924a5f5e3d
1002,1764562606.2764575,0.000020517,0.000014527,0.000032531,0.000015489,0.000018664,0.000036828,fcc5632c2b7849b4a0952c4756fce1f3329b75ed8fbc3a66cbc9145145170c59
1003,1764562606.2778814,0.000025858,0.000019476,0.000030777,0.000015799,0.000022702,0.000035355,c5795e4633392e55f8459ce5f5180276a97ed60fd837b92facea3044bb713dc3
1004,1764562606.279225,0.000026188,0.000019556,0.000024936,0.000015328,0.000018915,0.000041577,546bfe724a26cb5516884817a0d35a3aca36583960679e5195befeecdaafd85b
1005,1764562606.280458,0.000022953,0.000017192,0.000019806,0.000018504,0.000030887,0.000040706,0b54add160327cf006a6d75e94efb89bbde8af82739fa2d96e55de02104ef0c9
1006,1764562606.2817304,0.000020598,0.000015138,0.000019666,0.000017012,0.000023062,0.000036046,5f64d4a105c536c731722a9940fee564227ee8ae348d12680371888ec5c3cd1d
1007,1764562606.2828162,0.000045474,0.000014697,0.000019486,0.000015248,0.000018515,0.000032180,9ba04317c1a60adcaccba4a9a69c82958f776706ff520d45ceab288c85fcd5f0
1008,1764562606.283866,0.000020688,0.000014457,0.000019115,0.000015108,0.000018274,0.000033031,ce74cbff279aa4c7ff6274626627e0c919efe3a40031e6aa0fcc58b369d35cea
1009,1764562606.2851593,0.000020788,0.000014537,0.000022972,0.000015528,0.000019355,0.000033432,c01f15e0ca84a0bbd071460c63516ac20456c23b9244e24d7976a06f4abf1e5c
1010,1764562606.2869816,0.000021981,0.000014908,0.000029645,0.000021189,0.000030296,0.000050443,5fc5a988c20a59341984f1ee1a46f8873dbb95a3c0fb904a877dec815f1173c5
1011,1764562606.2883518,0.000024115,0.000015659,0.000020759,0.000016390,0.000022001,0.000096879,fcd90c99e8c1a558817c01113ae41adb8910aad1b4d526daefac76b35d970e67
1012,1764562606.2895074,0.000021800,0.000015479,0.000019416,0.000016882,0.000021940,0.000033592,6ba71afe99a798234d4589363f53485288bfceabb3e9f8d1aef3da98c32181e3
1013,1764562606.2906163,0.000021740,0.000014947,0.000019576,0.000015528,0.000019737,0.000032821,f92e6786b48c2619f8dfa4163713296a563914a94098d657b42b99e1cb62656f
1014,1764562606.2916794,0.000021029,0.000014486,0.000019405,0.000015719,0.000018845,0.000032800,1d276aed73674fb54419e411359eb678ce25ea5f45b7c8dc0721e57716b178b6
1015,1764562606.2927961,0.000021219,0.000014697,0.000024575,0.000016170,0.000019096,0.000037128,54a242f7f3706cdd655a3bdf1091f4d7673ba9a2902c48d7ab7ce88cb9877367
1016,1764562606.2942407,0.000042549,0.000024315,0.000022191,0.000022562,0.000045825,0.000059039,d0c15efcc69800ffdb0fb5625c6e6dfbba9e76e3c0de7cec7a02fee2b01bf317
1017,1764562606.2953343,0.000021169,0.000014997,0.000019406,0.000015528,0.000020237,0.000033843,25a53f69b4e98651bf0a24d16d1e2bff76ce5126c7fac3f650da18095f08c83f
1018,1764562606.2964194,0.000021049,0.000014557,0.000019626,0.000015949,0.000019086,0.000032690,bf0cfc8fd584cf6af8e9346efec5d0506b15c999bb4bcb364f69bbceb7d0af3c
1019,1764562606.2974882,0.000020708,0.000014407,0.000019286,0.000015198,0.000018494,0.000032640,de1aaf8794e4868e1ff8256d99585072bc9f3e6be5dca5f300ac0fb309c6c0eb
1020,1764562606.2985396,0.000019486,0.000014487,0.000018925,0.000015338,0.000018003,0.000032651,7b4fa58cc024a23abdfab3a43dd3ae42f9e62db9a673e504778cebb5a4851382
1021,1764562606.2996042,0.000020819,0.000014837,0.000019205,0.000015178,0.000018555,0.000032640,8686be9b35b8869d5d1d06961b01fbcf154c2e0c3f74c66fea82dfbc87934325
1022,1764562606.3006887,0.000020127,0.000014466,0.000019636,0.000015729,0.000019025,0.000032530,7c7b909acda64f8d48c372125db05118bb10a6745d1b8f5ef6429fa2e9679f99
1023,1764562606.301972,0.000022141,0.000015188,0.000040404,0.000015789,0.000021300,0.000035937,ccc4488b71706f9dbbb8bc0ab5443d6f24b1b26217f1e7c7ba25f4455e988168
1024,1764562606.3032005,0.000024175,0.000014888,0.000019686,0.000018885,0.000026879,0.000039713,aad789fa1a231f0a0802bb7f2bdd790dea2b2892d123cabf5bd919070472d0e0
1025,1764562606.3042703,0.000020417,0.000014587,0.000019105,0.000015118,0.000018774,0.000032670,0f377a3b0f5c596e8f6a9249a16acf59446d183be9ece3500a1341277751c6b8
1026,1764562606.305345,0.000019656,0.000014016,0.000019035,0.000015609,0.000018264,0.000032631,37f5e811249279c7333fe029e6b132aee778bd2da5d52da1445d4127853f04d5
1027,1764562606.3064315,0.000019977,0.000014066,0.000019116,0.000015399,0.000018554,0.000032770,1a960001b6f31842d8f91446858f734ccc8f7027ca5aca0731bb4544667fad53
1028,1764562606.3074913,0.000020859,0.000014537,0.000019166,0.000015458,0.000018545,0.000032701,631b7ca7381887d5486dcb1a653f0596ec9116368dcdb4595ff71f20ac0c393d
1029,1764562606.3085554,0.000020027,0.000014227,0.000018835,0.000015789,0.000018083,0.000032630,14c788ac675993c01a0ef5f0d28b20ceb97a7150f243e145439992bac187b172
1030,1764562606.3097134,0.000020818,0.000014046,0.000027121,0.000015619,0.000019557,0.000032770,b3eeb05ee732755c11326ba33cfa0a985c45ebe2448bd5c6b1c18da93e80ec8c
1031,1764562606.3110664,0.000029665,0.000015930,0.000019747,0.000019245,0.000023023,0.000046125,094b02a486e32cd563171f257d9e984bf17cdb6a95c1f8b38ef8509070790a9c
1032,1764562606.3121252,0.000020648,0.000014657,0.000019125,0.000015298,0.000018985,0.000038491,d837596e005d3ca6aadfbe6322922bc1705bab6dc6f8e27c2c4d495c34f6e5e6
1033,1764562606.3131976,0.000019947,0.000014146,0.000018935,0.000028533,0.000018093,0.000032530,0e85945dafccef6dc7f34e3cbe238dec8759a7ec944aa8520b82784460e0e030
1034,1764562606.314259,0.000020378,0.000014166,0.000019256,0.000015529,0.000019386,0.000032731,de1feb2097c755bd3c46c05e9a90f42b5cc3b59670849f76a917e7ddde67eee1
1035,1764562606.3153028,0.000019987,0.000014407,0.000019115,0.000014917,0.000018083,0.000032650,0e19ee3126d3a6886caa46b90153ebdb63345b05658dbe59f64d2b74f15b291c
1036,1764562606.316344,0.000020077,0.000014016,0.000019065,0.000015148,0.000018154,0.000032811,f17f17ccf309a4ef02ca23b1b319163b1b39a2c038e4a6334104c8e1481a944b
1037,1764562606.3173847,0.000020097,0.000014507,0.000019085,0.000015077,0.000018464,0.000032610,4fcb15e95cceb04b3f7d816c71bede2241ca65b88f248650b5e1d11166f3485a
1038,1764562606.3186057,0.000050793,0.000016089,0.000029905,0.000015629,0.000018735,0.000033402,8a505cf88b2e550417aa412a2b583f4015399eb72edfa988d079c625e16564a7
1039,1764562606.3197489,0.000052226,0.000016060,0.000019717,0.000015498,0.000019676,0.000032881,7d6dfe797f74a7f7d579f16111a268d38c9148f141f946feebc18b40a3ba864a
1040,1764562606.320798,0.000025537,0.000015308,0.000019015,0.000015148,0.000018485,0.000032310,35e7f114ccde8e134999317796893b81c7640c7f7baf5b8f17c1b26066ebf6f1
1041,1764562606.321825,0.000020027,0.000014948,0.000018845,0.000015138,0.000018394,0.000032981,0a3b403a536e294efbf54e74211c03085b41f50d6428f6994ac620fa9ab97e2d
1042,1764562606.3229244,0.000020338,0.000014387,0.000019335,0.000015469,0.000019226,0.000034233,297c4e8aa27621e186124b8e0555634c566248f09dfe859c035c9f2f554077bc
1043,1764562606.323962,0.000020097,0.000014046,0.000019025,0.000015008,0.000018043,0.000032760,c915170e15e3fbc0c93f8091e8a5415509001ecb11d9d16e8bf2f86e61c11289
1044,1764562606.3250139,0.000019987,0.000014056,0.000019045,0.000015669,0.000018554,0.000032610,54668cc978d35ab15e5d6281737687901a8bb852327d429f5433ce481356c3bd
1045,1764562606.3261795,0.000020628,0.000013925,0.000026439,0.000018695,0.000021089,0.000033242,dc68c575e626c55e43d4f90847754baa1f2c15c0107a752ff3b56733f669025e
1046,1764562606.3275611,0.000027732,0.000015429,0.000020558,0.000016991,0.000030857,0.000038851,0a14089fff4cd926464aa325458c1d1e8035cf69edc5bf6e09861d9f61cfe648
1047,1764562606.328625,0.000020719,0.000014617,0.000019416,0.000015118,0.000018244,0.000033242,be4a532cb6bf161f1bd5aa812ef5affe42fec5efb784f941bb6f910fce4cb0ec
1048,1764562606.3296995,0.000020247,0.000014246,0.000019005,0.000015158,0.000018925,0.000032640,67f928f44ea3d72debfa921412e40a98c1319b97efff1f83c7831d354e3b4ce0
1049,1764562606.3307602,0.000020027,0.000019155,0.000018995,0.000015188,0.000018363,0.000032831,2ddae0e136d38c9e1c3a14ff797eaac41e89db45f01ff0fcc3f33df428407db0
1050,1764562606.331792,0.000021049,0.000014286,0.000019076,0.000015048,0.000017693,0.000032470,bac792583e7c53e8ab2018c7c2864a92dd0091ec6733333e0a9641e97644a2bd
1051,1764562606.3328223,0.000020098,0.000014377,0.000019045,0.000014928,0.000017693,0.000032670,b9d818f282d42ba770c687d9d64cd7537915202cd42a48b476457a215ab6891f
1052,1764562606.3338625,0.000020428,0.000014196,0.000018965,0.000015138,0.000018224,0.000032510,ee6ae479c61eb4d2260cfdcb4d71acf3abb5d3cb2bc2376407fa7ea60b7ea837
1053,1764562606.3350654,0.000021820,0.000014517,0.000035806,0.000015358,0.000019496,0.000033742,3145ae6a930f99992e86709e773a358c978001228de948a5b8f1c76ecda190ea
1054,1764562606.3363004,0.000036538,0.000020207,0.000025537,0.000015910,0.000023564,0.000035526,297a290f5ee0eed77d95c81b88b5b1d47f1546ebadb73423ff1426648530ba21
1055,1764562606.3373706,0.000020718,0.000014857,0.000019195,0.000015087,0.000018334,0.000032701,323affc2c7d46ce4a4c2ff13e1444b3aa255d059891c1404ded34097a4d0d1e6
1056,1764562606.338408,0.000020467,0.000014627,0.000019586,0.000015399,0.000018274,0.000032741,c98f311cc0b0d3504c8e0ba88eeea5c8b13a9571b3376e68a79e94f6b271e654
1057,1764562606.3394873,0.000020388,0.000014486,0.000019195,0.000015940,0.000020157,0.000035736,8333fd561e5f89accb0549f774a733db569ed3b40f2c233a37e00d7d81af15ce
1058,1764562606.3405304,0.000020057,0.000014387,0.000019446,0.000014977,0.000018323,0.000032650,8a85c712d7aa5447ca6f512f01d5cda00b55f7f0403f4e80eede9f34dfdd3e35
1059,1764562606.341564,0.000020588,0.000014146,0.000019095,0.000015078,0.000018014,0.000032560,f9678ea90a8b7513f19d040a1b51120b8814dc7d49e8637640a789e33a56e10a
1060,1764562606.3426926,0.000020227,0.000014187,0.000025167,0.000019476,0.000021680,0.000032861,5ecfa6e7f3e2a9904668d27676552860a6962fd9258cce6bafcc09c44c041e6a
1061,1764562606.3440547,0.000028562,0.000015048,0.000023734,0.000017192,0.000022832,0.000036778,1bd95c002fd1ec766731bd1f071a0d243dcbf5547c0e4b03e73d9ed56f3a7ad2
1062,1764562606.3451269,0.000023233,0.000014737,0.000019316,0.000015739,0.000019877,0.000037880,11a0acdda17fa69b3cbc1d5f93c84abe818c70c00e0225bd240ee3244e1be0aa
1063,1764562606.346188,0.000020037,0.000014667,0.000019085,0.000019466,0.000018674,0.000036328,d52de80cc0ca96e5a92a618efa005b734d9aede5d0fb57f07fb27e4fd8d7e150
1064,1764562606.347233,0.000020047,0.000014116,0.000018955,0.000015268,0.000021911,0.000032791,8fcc84daba1f4ed959a6daaaac44ccf84a1e5c9daf286a861fa9b77f5c905af9
1065,1764562606.3482654,0.000019305,0.000022221,0.000019005,0.000014957,0.000017953,0.000032591,88e4130a7f6f979dbfc101902c48db8a2e4548c10fb2a7f282c14eb1c305d792
1066,1764562606.3494065,0.000020778,0.000014036,0.000018905,0.000016140,0.000019757,0.000034313,bdd8143a94b563fd3084c3bf1bbf1a94fa3024bffb1360cbfa39225ac724aaaa
1067,1764562606.3505077,0.000020958,0.000015218,0.000020067,0.000015659,0.000025136,0.000032670,8f4989e79141acea396350e57d8065ec21e15a1a58bc32e52846f26d61e18ba6
1068,1764562606.3517406,0.000021038,0.000014547,0.000021370,0.000020428,0.000027491,0.000040315,9f30fc107f676109272e29c6fad5739bb01735781126576cc711690c649cd900
1069,1764562606.353115,0.000025157,0.000015198,0.000021330,0.000021530,0.000029044,0.000052647,98f895b34456babbe443cea4988849def647bf0d290a58475e8ab3757d72e952
1070,1764562606.3549967,0.000021830,0.000015078,0.000045063,0.000032560,0.000041366,0.000080248,a19d11d02c149cf1b4e737f54a8baad215f3acf4b74a0dd549be9603c9f35d3e
1071,1764562606.3566387,0.000032230,0.000017062,0.000021961,0.000025246,0.000064389,0.000051846,7fe863f6ed657c5092c55cf01eecb3846abf61124967896c2db2f2de42c87cdf
1072,1764562606.3578465,0.000021510,0.000015969,0.000021139,0.000016651,0.000023333,0.000035365,76ee3004b19efa68501c5613b6c52e266d219f9d484ec8bec5fccc0e57cce18d
1073,1764562606.3589768,0.000021751,0.000014246,0.000020317,0.000015809,0.000019806,0.000033111,565d04685e9936f970c38c2596caaaae11efca4f98848be58101cbf7476cedf6
1074,1764562606.360347,0.000020768,0.000014747,0.000030677,0.000019626,0.000025547,0.000049011,23c59520f2fba5a23737edff9591557ed575d3e33ea7c9de890691d699d1aa08
1075,1764562606.361499,0.000021680,0.000014557,0.000019566,0.000016500,0.000021320,0.000033772,0f66aa4b1d674ff0cda5ee63f576b9d07c589c2bc5604f1ca10ce4daa6ed56fa
1076,1764562606.3625998,0.000020057,0.000014627,0.000020187,0.000016220,0.000019826,0.000033442,f0f075e52f0815323eef7be97be5d535f25a7af042207e2272dcae8ee506cf94
1077,1764562606.3636725,0.000020067,0.000014757,0.000019035,0.000016100,0.000019105,0.000032760,1bf592063755170926fd7b97246ac370c68fd4f599642251a773c5abdcf1dac1
1078,1764562606.3647392,0.000020578,0.000014627,0.000019075,0.000015518,0.000018834,0.000032821,a0ea18d64e42d337d601e02f99f45e6e6f939924149b5759c8b87750b860387f
1079,1764562606.365814,0.000024886,0.000014877,0.000019656,0.000015799,0.000019677,0.000033241,facbfda99a026ef80c46787cc7c19a0285c310a1ee956bd4d8eab2c6f2c35fc4
1080,1764562606.3670142,0.000020949,0.000015088,0.000020528,0.000056073,0.000020498,0.000040966,f048bcc1172ea20f0794c328d6c86fe0a52da49d72793f941443326d1d4b70fd
1081,1764562606.3684506,0.000020989,0.000014156,0.000032680,0.000016340,0.000028422,0.000068617,50f5c4b4fd61a8754fed6705cedc0fdc4075f96af0abae7191a08b2348f668c7
1082,1764562606.3697047,0.000027872,0.000015799,0.000019376,0.000017152,0.000021680,0.000035215,e10020a14902180d6369259943fb5bc5b0211a18cb555ead718a4d0d5334c707
1083,1764562606.3707883,0.000020768,0.000015328,0.000019376,0.000015870,0.000019686,0.000033121,d8d5d0a602a95f24f0b3f32eeee6c41e39db9d065b9fbbad45de051da25065ad
1084,1764562606.3720007,0.000020919,0.000014426,0.000019246,0.000015558,0.000019647,0.000032369,5527237b94cfa91525d461a439c9a2ff0d48c8e56c7c4b5039b03c236d251e78
1085,1764562606.3735998,0.000020067,0.000013946,0.000019837,0.000042990,0.000105054,0.000065321,590a84ed87c898ba10e8b26cef0c9723b14bf5f6d7bc0080d98318ebe83a534c
1086,1764562606.3746731,0.000019887,0.000014086,0.000019155,0.000016130,0.000019937,0.000032821,9866606745db9839d6ffb317e0dbe1107c32ae2fb62db5f7f5c97863154c83d8
1087,1764562606.3757627,0.000019426,0.000014016,0.000019496,0.000015399,0.000019165,0.000032741,142302b37ebc47c84833feb53b0f73aae76523506fb6ec2e559867403b42082c
1088,1764562606.3771021,0.000020568,0.000014206,0.000021259,0.000019055,0.000029895,0.000039453,c089268add6a3cdb8eaf511eb1f15790bcafd2f998560484779e0213daf4012a
1089,1764562606.3782117,0.000021139,0.000014877,0.000018995,0.000016330,0.000024185,0.000032891,8dfb8f1bfd24a2c3b253bb048bc0c8be299c07a708819a461760696835e0978e
1090,1764562606.3792787,0.000020178,0.000014767,0.000019246,0.000015739,0.000019216,0.000032921,805099352486416fd0f7b31f4bc4b313b1055352abdce02021d83c89f2eace0a
1091,1764562606.3803384,0.000020729,0.000014447,0.000018895,0.000015589,0.000018544,0.000033031,cc2d6f751841502c1033f24164de4fe1e81a44e1f3d8892562b1ff9e485c3b44
1092,1764562606.381424,0.000020227,0.000014597,0.000019196,0.000015488,0.000018654,0.000032621,0dc0b03074d89c933575b5450fce5a9e565414735ec7cdb6d5bd0aa0593cfecd
1093,1764562606.382473,0.000019647,0.000014197,0.000018814,0.000015468,0.000019086,0.000032611,20a9d3fa357457ed11924519cfe5b86394b3a19cd5739fbcfb4bc3d300c13bda
1094,1764562606.3835354,0.000020247,0.000014196,0.000018945,0.000015259,0.000018464,0.000032290,d004dae42f2ad56d3111ab989c3462b32e02a223682d714f0add4e464934ac00
1095,1764562606.3846555,0.000019496,0.000015027,0.000023443,0.000015719,0.000018915,0.000032921,6a6cf5dbc645fa48e32e5a595d80da8a487c9c14322b95230bad14439b5f4d8a
1096,1764562606.3858821,0.000037269,0.000026299,0.000024976,0.000016090,0.000022010,0.000035716,da9f3ee5ffdca444f9e05c6ad4bb5c0d75117dbb888069ba1c661c5ebf01ad79
1097,1764562606.3869543,0.000020958,0.000014717,0.000019106,0.000015408,0.000019346,0.000033061,5b90068607f89efc76fcb47a36ce18c23cef622e0fed74e124907672cd946000
1098,1764562606.3880057,0.000020227,0.000014648,0.000019476,0.000015228,0.000018153,0.000040645,8ec31aa96cf15f52fc26c3fa8251c940b7bfeaca5e0495f5fa397bc9c36c4860
1099,1764562606.3890703,0.000020678,0.000014547,0.000019396,0.000015609,0.000018364,0.000032941,c10d090bf82ebd83cabd452d1dc0fa589b634a046f55639838557a3a747f3bdf
1100,1764562606.3901222,0.000020588,0.000014767,0.000019406,0.000015619,0.000018184,0.000040535,a698e001ea26731d9f058e27cced7a886daee856ea6fa16e6c721bb4e623ff38
1101,1764562606.3911495,0.000019566,0.000014527,0.000018965,0.000015559,0.000017993,0.000032891,abcd35a21f2f88732827ebd6e14ef5c6b104c7b21a733e6725d96639292ee0e0
1102,1764562606.3922024,0.000020398,0.000014256,0.000019787,0.000016080,0.000022802,0.000032500,4b7e6aeafbc01ce7930acf8ee06edfd52e993ef312d476bf2ac057e54785107d
1103,1764562606.3933666,0.000020308,0.000019516,0.000025998,0.000015759,0.000019516,0.000033853,7ef4e94c242cc28d22e48fc47788dc370cdadef0bd55eba2631c2c4401836e58
1104,1764562606.3945153,0.000030847,0.000015559,0.000019677,0.000015168,0.000018795,0.000034173,cf8fbdf231e21820877b8722dec992795fa5e70c2ea7cee058a8bb8bbb3974df
1105,1764562606.395597,0.000021008,0.000014817,0.000019126,0.000015208,0.000018404,0.000032590,2b39dfb0a9956fca130452fb1e83be565778229a9847aa07db59ba940dacdc77
1106,1764562606.39665,0.000020228,0.000014808,0.000018965,0.000015118,0.000018054,0.000032550,a54c653d0add4f3c7ead17e7131e33b3c7c79eed652ea776005f57260a053040
1107,1764562606.3976774,0.000019406,0.000014396,0.000018995,0.000015158,0.000017733,0.000032600,cf784ba9567694459655250d9b587e5bc0d64460ce6449f7b240d2d87ad1b91b
1108,1764562606.3987262,0.000019797,0.000014537,0.000019326,0.000015599,0.000018314,0.000032851,2c0fb1b4d8ca0b6a6f120d7adda80751b93c4ec38620bbf8e9c154d777b0ed6d
1109,1764562606.399769,0.000019886,0.000017723,0.000018965,0.000015388,0.000017983,0.000032831,0a05a00a47e00f8a35f8a878e37cbc0217b47cf827ed7a7b5a14964be124a36e
1110,1764562606.4008088,0.000021610,0.000014778,0.000020137,0.000014808,0.000017693,0.000032790,210461e59ca7af8f7e893e83f7d83607e1a8d9bb98723b965a1d05af360ed204
1111,1764562606.402089,0.000026338,0.000024074,0.000019696,0.000016421,0.000033923,0.000043210,6a9d8b8593dd066db452e4d2571743bd6d57361ff4438467a1225ebd90be400f
1112,1764562606.4031777,0.000020808,0.000014206,0.000019135,0.000015729,0.000018634,0.000033271,bb5bed555c2bf7d5bb9c2913a90885645017cc74f74c5e42861ab7f1ed76adc4
1113,1764562606.4042244,0.000020058,0.000014687,0.000019096,0.000018765,0.000018885,0.000032670,0819406f60226943fa99ddda339789490c1bf760ea8d89f50e799db8a1b01a26
1114,1764562606.4053075,0.000020628,0.000014546,0.000018905,0.000015909,0.000019386,0.000032430,1969affedd1419302f3037d93a8bd64842878682eaf0e90c609ddc512874617a
1115,1764562606.4063563,0.000020778,0.000014167,0.000019126,0.000015298,0.000018173,0.000032741,58b11e5e49338e1801181e40253d5e550eb36d73b208a2196003e49cf538646b
1116,1764562606.407391,0.000019987,0.000014476,0.000018845,0.000015318,0.000018023,0.000033011,4e44b47b194f02eba3bbf15334a9d051f6473c08712a11adcc2b0bc70bdebef9
1117,1764562606.4084384,0.000020127,0.000014116,0.000018885,0.000015279,0.000018023,0.000032680,7f34691bf9323858429b6267586317bf8ce70783eca46e55baff1c8d1616ef8e
1118,1764562606.409652,0.000019747,0.000014337,0.000028463,0.000016631,0.000020438,0.000035095,cc11c2163c391cdd9016ba48b2cfcdab1897a8e94a86100de2f914a611e462f1
1119,1764562606.410853,0.000024265,0.000014688,0.000019726,0.000015458,0.000021270,0.000035876,340d120393772e4bc402ae0842342c1de1d698e0fa1c48ce4e7b18c0ed28bc36
1120,1764562606.411972,0.000023033,0.000015028,0.000026428,0.000015018,0.000018044,0.000032680,1a1dd9fc9bb321fbd14d3113a6d08e020e8ca7645e7f561434a5293cdf046594
1121,1764562606.413021,0.000019987,0.000014167,0.000019396,0.000014878,0.000018704,0.000032570,93f855dbf5981a13a5bea32be68736966ecf41e01ebfed6b7d8b7a86fec2b518
1122,1764562606.414066,0.000020758,0.000014196,0.000019205,0.000015218,0.000018174,0.000032761,e3a8ed74cede12eea6eac55511c3836ea8b9727adb1a2ab7c497b2dada5c1095
1123,1764562606.4151394,0.000020107,0.000014868,0.000018855,0.000015108,0.000018254,0.000032410,7c9c66c25fa34bb4fb697f7d1e2830a749a044bd71b7943624531194ec979b70
1124,1764562606.416215,0.000020197,0.000014016,0.000018945,0.000015649,0.000035165,0.000033422,23540650982061962de22ef82c9b52844e7ccc2c1c7bb64114fba841d3b90676
1125,1764562606.41727,0.000019967,0.000014677,0.000020658,0.000015499,0.000018074,0.000032620,477c0ad9cfd0897d62d58b4d966dc1ce9ab4e0a55b3b07bc18f08fcc1dfcd2fa
1126,1764562606.418534,0.000020017,0.000014647,0.000022171,0.000015609,0.000020037,0.000034944,4ce90073a63b2cd1de3e9b3777ead4f391b99ac02f701e528578aa70a58499ba
1127,1764562606.419606,0.000021129,0.000014456,0.000019686,0.000015449,0.000019366,0.000032520,61fd0bbddefe6066503ad86c0a14e945d1f86762cfd6045d00d67c214ac1d122
1128,1764562606.4206326,0.000020658,0.000014407,0.000019596,0.000015198,0.000018133,0.000032670,3cc52524546f68f3a3e76e34bdda618ecdd64aff83197b4980cdf7b4ae33443e
1129,1764562606.421682,0.000020067,0.000014447,0.000019486,0.000015318,0.000017953,0.000032740,81e7f4b99b631874c05bf64abeb0af9ae2f8fcaf92d8e1f752497d422a764b98
1130,1764562606.4227266,0.000020187,0.000014637,0.000019386,0.000015208,0.000018574,0.000032521,77928a6df70b32b5ab20db828fb3c114ae387f421e1f69c2f39f5ea99cfb90cf
1131,1764562606.4237504,0.000020007,0.000015398,0.000019045,0.000015339,0.000017592,0.000032470,3af7e934d6f6bab95307f94fe07f624e52f3c07ce599e0cb252f01c87d87bcd4
1132,1764562606.4247816,0.000024024,0.000014818,0.000019055,0.000014898,0.000017923,0.000032751,08704535f69ba7162a0540d3c418365d724a78c5b426ffba40985539f0b69e46
1133,1764562606.4259095,0.000020668,0.000014557,0.000023022,0.000015709,0.000020107,0.000034043,1349a030782c23a8550731ae750d49c88bb7c524348dadcb8db02c2037121916
1134,1764562606.427238,0.000021450,0.000014867,0.000020177,0.000024505,0.000022262,0.000037850,3ea587fbdde818f18156f55a36eb7399581d1c9fefb4f264c69ea06911653ea0
1135,1764562606.4283395,0.000020798,0.000014918,0.000019185,0.000016020,0.000020478,0.000033091,2344ac7e1806aad4a10d1457e1dc1993cb515f83f8d739b3513e9a9bef1b84eb
1136,1764562606.4294293,0.000020278,0.000014798,0.000019657,0.000015789,0.000019646,0.000032801,dcd37ebf3207fd9b48e25152dbf0b0c03939e7fa0f87faaf039ff998fc09dff6
1137,1764562606.4304817,0.000020098,0.000014657,0.000019466,0.000015558,0.000018985,0.000032591,bff57b8731492d7c033faf8350e8b564b19d789280961951229d0071f4e2b47b
1138,1764562606.4315464,0.000019947,0.000014627,0.000019175,0.000015559,0.000019136,0.000032650,11295854e45b905332159aca3504ff6d02bcaa573374e17645f064495aeaece1
1139,1764562606.432623,0.000019957,0.000014647,0.000019176,0.000015288,0.000018594,0.000032170,3ba8823fb0ebfdf6ff7f7f3e07760b65577c2ad15f29dd168db7cee1192306bd
1140,1764562606.4336612,0.000020949,0.000014506,0.000019265,0.000015649,0.000018344,0.000032900,248ce2902085fbea982f451f5b7ee4a52b31cdd70efa1a0fd379098198f22281
1141,1764562606.4347973,0.000019836,0.000014557,0.000019896,0.000015308,0.000018804,0.000035405,b821e61e3ce98e6a264eddaf9b8d6e9f8ccb1e9dfb38fc9487c6c4edcd6a794f
1142,1764562606.4360533,0.000020748,0.000014868,0.000019175,0.000023133,0.000036127,0.000047909,4edbe061e4d20e4dfa92dd43416a5e99d708344bad606ed6a8992ff068cf7eac
1143,1764562606.4371119,0.000019396,0.000014727,0.000018935,0.000015850,0.000019506,0.000032760,6e840d93b09625d3ad9211dbd04ec19dbe6ca45e21d33e6e1e68a206fcd5814d
1144,1764562606.4381785,0.000019796,0.000014587,0.000018965,0.000015659,0.000018855,0.000032761,a3ca72509d90c707ce7e3be41689a955dd4d6862eecd3db03667d3649054818a
1145,1764562606.4392247,0.000019867,0.000013996,0.000018925,0.000015389,0.000018544,0.000032640,ed6f149632da1462ff8cc20d9ab8c79986afec058323c815157690858684599e
1146,1764562606.4402635,0.000019767,0.000014547,0.000019115,0.000015348,0.000018333,0.000032741,511f992abdc22e485a5062ff9c136f9f5bcccbfa1ab26935c0b01831c24cabd6
1147,1764562606.4413168,0.000020729,0.000014617,0.000018745,0.000015569,0.000019056,0.000032099,6e9bf731884142019d1ee2790b28d0e4e8e5f6cd7d94825e1cc968acc1d9c728
1148,1764562606.4423497,0.000019957,0.000014497,0.000018595,0.000015419,0.000018314,0.000032450,ab8e96b41050620ffa306f3b3792394fc0f554846aaeb3a8753be2cf634fa839
1149,1764562606.4436035,0.000020197,0.000014707,0.000026699,0.000020768,0.000020388,0.000040846,5720fd236b8311c074b00c57f482774d1c12c811b4ef57954ac78c7ed528625b
1150,1764562606.4447682,0.000026710,0.000015598,0.000018975,0.000016030,0.000019746,0.000032780,73c534615fb44b0f3efc7c6c6adfa042e9741b15b51c545c813a49d4615363d8
1151,1764562606.4469938,0.000021079,0.000015368,0.000052948,0.000026359,0.000046035,0.000063578,1df71f70838766dd2dfd814a77e1133f9e2832cc28f9218cbfd18e49de21fa7a
1152,1764562606.4484277,0.000033201,0.000017032,0.000022982,0.000016921,0.000026468,0.000037860,f17c877a57c4538e39370e3e057123c0932bf5efe9e58d7de8923853c5b53414
1153,1764562606.4496112,0.000021239,0.000015118,0.000021089,0.000016430,0.000020938,0.000033933,eb295bd4921af30e6a25767bf82f080ea78c642938479bb2ca74b53bbfa19138
1154,1764562606.4508073,0.000020628,0.000014677,0.000021540,0.000016480,0.000020387,0.000033893,3f1a88a04fd2709c6e43379ca4acf224e779b002bae8d8803673cb85a7cb922e
1155,1764562606.4524162,0.000023063,0.000015589,0.000038541,0.000020698,0.000045765,0.000067705,28d93cb94ad1873e0ae7f9848126827906ad888c3fd6e2e8309643e614bb40a4
1156,1764562606.4539483,0.000033432,0.000017062,0.000021008,0.000019256,0.000028082,0.000042608,99d601f01e03bb9b5dd24a5ee405652807d718d7b07faf73ee1ffa4fef511c15
1157,1764562606.4551659,0.000022141,0.000014898,0.000021219,0.000016300,0.000023603,0.000036428,2c9ee6ba5500dcd5b6abd0abfb76c73910cb4b214153cc94af7764dced58e809
1158,1764562606.456313,0.000021960,0.000015148,0.000020608,0.000016671,0.000019826,0.000033612,e589999ca7dcd3640b5204a2ca8ff5426909d6162ab8248642dc5dfb7294a4ba
1159,1764562606.4574666,0.000020778,0.000014777,0.000020198,0.000016230,0.000019777,0.000033843,dd63f0f59b200d1d2e5932dffb46fa4b5e18f5618a3cac6e6c67b88394d54e38
1160,1764562606.4586468,0.000021419,0.000014947,0.000021379,0.000016500,0.000021400,0.000034193,edef16ff2bacb0c997ea07b4e9f8819c6f4d9ada91474f0e02613049f0f9830f
1161,1764562606.4598866,0.000021330,0.000014957,0.000032500,0.000016892,0.000022271,0.000038752,f3ed4b74a41727bacf25482b60dbb8129bf7501890a88890b9ea60b76f8c22b8
1162,1764562606.4617724,0.000022281,0.000015949,0.000039203,0.000019547,0.000031909,0.000093623,393a0a57403092cb90f3b17d64125de9df9b3e13066d7e59f36c248db4758798
1163,1764562606.4637058,0.000031599,0.000018264,0.000034945,0.000022161,0.000050544,0.000069588,e8bfa4c0f97987b9d4ffaa3d95c7b0083c9b6728dd12f5f18269e9b1513ec4f2
1164,1764562606.4653862,0.000035215,0.000016721,0.000030316,0.000020488,0.000037700,0.000052887,0974a592711df305d7cfa3269a07419d782ebc354f5697dc2a599fa4da0970f3
1165,1764562606.4667013,0.000023333,0.000016090,0.000023764,0.000016470,0.000022993,0.000035947,c8c121c41b187555f2878f5dddc07b93cf4193bf3cd5584b0054ecda9bcb7626
1166,1764562606.4680696,0.000024315,0.000016580,0.000025577,0.000016921,0.000023884,0.000036918,3f51faade3412c0877094664f6ba13845e2d594368234945b8e3956ed62600e3
1167,1764562606.4697175,0.000025337,0.000016170,0.000023283,0.000030657,0.000064178,0.000060281,2f4c10fc444cb43d07c224c367afb2b8ba445f4e31b3d81fcec8db551361225f
1168,1764562606.4712217,0.000022552,0.000016550,0.000040826,0.000017522,0.000023363,0.000034684,c222563f56c96547963822892f6e4e642651fcaaea0ba1642f6d317264e26b24
1169,1764562606.4729626,0.000043451,0.000029344,0.000021249,0.000016911,0.000023594,0.000037499,27185bd5dd295b7f4d80161d4db13719b5955407d7e3f8970a116ed18d4624dd
1170,1764562606.4741561,0.000021840,0.000014657,0.000020999,0.000015999,0.000020618,0.000036006,5950227842cd551396f7f67a843107f14d26c8df4c9dbde864be001c216c9545
1171,1764562606.4753072,0.000021680,0.000014877,0.000019406,0.000015900,0.000020648,0.000033492,f9a8d2bfab1112bd69a302ab7af9c8cdbf56a30e4b24b69a23653d57b287d878
1172,1764562606.4765632,0.000020688,0.000014567,0.000023854,0.000017582,0.000027661,0.000038952,8fb4bdfe0b3e958d86896c48c7dee07d4ed151fbe7f5c43fa5f3cbd33e8997e1
1173,1764562606.4779172,0.000024566,0.000015498,0.000020999,0.000022242,0.000039262,0.000049551,6294e0af0f9271df06aa6056bdeca9d71786339cad837f3866df0e399cdcf67d
1174,1764562606.4791877,0.000021620,0.000014236,0.000020318,0.000016100,0.000020478,0.000033572,afcdd17473af2cb487f65cee83c8b0e3bfc6bf8968ab61cbcd53936e6bd3f3ad
1175,1764562606.4803376,0.000021499,0.000015018,0.000019867,0.000021881,0.000063357,0.000033252,08cec5b516e6846e56c8067191cccb69227ef173350f5a5a970ea61a2d09bcb0
1176,1764562606.4814572,0.000021600,0.000015489,0.000020097,0.000016190,0.000019847,0.000034664,b49b66bb5acf7fb4e402091b7ea05e6ad686062fdbf6bb3260865e02d45c653e
1177,1764562606.4825392,0.000020728,0.000014957,0.000019656,0.000015869,0.000019697,0.000033562,16051d1d28e680124bd721945dc0dd0bb085ef517e6307d8e2661f0942237d07
1178,1764562606.4836109,0.000021069,0.000014698,0.000019596,0.000015199,0.000018324,0.000033131,972a1e43367f68bb4347c9b147674deb50a29dcf683d4c99e0441005d5f4e0ff
1179,1764562606.4846656,0.000021109,0.000014857,0.000019866,0.000015299,0.000018975,0.000032660,34a68c563ecda44e1cb6be91bcb757688c2147fc19e6f06e6d377c301994562a
1180,1764562606.4858193,0.000023133,0.000015178,0.000023002,0.000016270,0.000023293,0.000035235,747caef7e812cbc7938ecd2543a4d15d55a3dc3e3569ad4c7901d368ffd403b1
1181,1764562606.487136,0.000023043,0.000014848,0.000038952,0.000016611,0.000023634,0.000036929,f4758395749304db551ad63df98dba200016a77ea705c2e0235b8e68818badaf
1182,1764562606.4884186,0.000022902,0.000015198,0.000020188,0.000016511,0.000022541,0.000038050,753f6cc18a83f57eba644118d6c5d3b56aae25ae2ec50564734a354fb8c4e95f
1183,1764562606.4895675,0.000021180,0.000014747,0.000020428,0.000016611,0.000021800,0.000035596,95e732c725efc04f2ed15617b977fff52c8db3b7044f9fdbdcd4380d7ea4158c
1184,1764562606.4910352,0.000021530,0.000014788,0.000020037,0.000015639,0.000019356,0.000033041,e1b6831e94803104e472f882dad187a4083b1643be61c5216476b4bf2cb05859
1185,1764562606.4921625,0.000020699,0.000014527,0.000020428,0.000017162,0.000021069,0.000040264,0d9f29eba1127cfe37e8abacd8a639be9795f0bea205a4ff01149828e5ddc78b
1186,1764562606.4932857,0.000021380,0.000014477,0.000020378,0.000016060,0.000021109,0.000033613,0fa038848c9514851b58cdaf8d13bb31b1b37a8001b0eeecb4ce15b584d344c0
1187,1764562606.4944518,0.000022171,0.000015118,0.000021750,0.000017251,0.000024625,0.000035675,855018172d38ecec18803c76feb5284a63f03e466f8c3a7664c37c0ce5dc9412
1188,1764562606.4956224,0.000022251,0.000014527,0.000020758,0.000016410,0.000021159,0.000034614,a90f3e9565e2add2f14f7abe0472e1d67010444e3b32cba709d6b4c7d5297647
1189,1764562606.4968817,0.000021609,0.000014937,0.000028743,0.000016982,0.000024615,0.000038141,6014cad2a32f7ad232e24b3e8da70bf70573842b7146eda002c1022b09e4aa2a
1190,1764562606.4981518,0.000028102,0.000016049,0.000021520,0.000018063,0.000025157,0.000036537,76b98a14ad8efb56369138ae31238297bc83a31e2f52b86a30ff976d6180bc82
1191,1764562606.4993536,0.000021630,0.000014567,0.000021720,0.000016030,0.000020308,0.000039863,ed2f8d3db0f5fd0783b048cbf79e0c6c1cda93b4750e0e45c915e8df7c8a5c47
1192,1764562606.5009665,0.000022973,0.000015158,0.000070360,0.000023193,0.000038011,0.000050323,dd19a3f7d3bef13ff0aea0cf1e6b73b582b1791cc528cb008b71f98d2a016c87
1193,1764562606.50311,0.000033552,0.000017974,0.000042077,0.000022561,0.000039623,0.000060912,e9a302bc07d23a1a52c1d943969c50f1737b28b2d4bf0d1817b89ffa43431722
1194,1764562606.5050294,0.000032781,0.000016330,0.000023985,0.000021510,0.000036047,0.000057056,dbf398856157a48b464ed903b46ee686e0f6d50f483f7b34267cffba8386331f
1195,1764562606.5063717,0.000023504,0.000015168,0.000021429,0.000017692,0.000027501,0.000051465,05854e2d379db51a62f10718ab7099a9d84bc7af02e6fd90c1aaf37e5701ffde
1196,1764562606.5075653,0.000022993,0.000015398,0.000021078,0.000016551,0.000021900,0.000039733,487e58ea32f7c1ab28042d2f70750edae88337cb99438db07982a6fc2d1efe46
1197,1764562606.5086448,0.000020027,0.000014647,0.000020027,0.000016050,0.000019666,0.000034404,af9f4aad87c06dfec04dadb9232f755ba602dfa2753350b8309dac164d7ffa88
1198,1764562606.5098593,0.000021590,0.000014497,0.000030807,0.000016340,0.000020147,0.000037259,8589d04d10871599b161a4cfa672b759d834711635ccc1ce63c4770ad8209d0c
1199,1764562606.511695,0.000026118,0.000018454,0.000025697,0.000023493,0.000043441,0.000066473,26d7f61f1d5d9835df7966f663cc9e6747fcdaf3d7c7db0177ca46f5a56b0deb
1200,1764562606.5130556,0.000023533,0.000016671,0.000020979,0.000020608,0.000029515,0.000051205,a02bb97896027f28a7f20e375d476f349d9d2c296310d87fd443fe0039d8f0eb
1201,1764562606.5143456,0.000022391,0.000014757,0.000019927,0.000015920,0.000019616,0.000085077,cd3356cb77b3b11c317c8e41913c416d7ba8f1526fdcaa7a9a4f6c041e84e390
1202,1764562606.5157516,0.000020167,0.000014377,0.000019637,0.000032290,0.000038812,0.000047448,7d9575ab1ccdccd67b2a873f52c5375a9e919947bf9f3920ae6fc5dac9d99dc2
1203,1764562606.516854,0.000024896,0.000014256,0.000019265,0.000016100,0.000019566,0.000033392,5e5d006a2b7cc20929ff2747df207275b312d04815aa1e4820fcca5dc1b3d466
1204,1764562606.5180802,0.000021209,0.000015118,0.000021499,0.000019716,0.000024294,0.000039703,b8e93490547df732775bc60e833d4bd134e69d911a746eed17dff8c3b2a12dcc
1205,1764562606.5199747,0.000021509,0.000014246,0.000024355,0.000019145,0.000037499,0.000073075,f16aa4d3cdf124b33656a26f170ad17690d5143157055790c3e7b00faff79b8b
1206,1764562606.5212302,0.000021630,0.000015278,0.000019987,0.000017923,0.000024225,0.000041396,037e5d0227fbf029920816fb00580a2838fe5dcb74931b400b1e47837fc2a680
1207,1764562606.5223446,0.000020668,0.000015128,0.000019997,0.000016941,0.000020067,0.000034624,15e198bf12f4007fc78a504c591d8cc949e0bb359f7fa300c6317e496d96d156
1208,1764562606.5234632,0.000020979,0.000014627,0.000018955,0.000016280,0.000019887,0.000034564,4eb31a156b87c28768d97c77c2bc564222f3489ff39009545268c55c65d25fbf
1209,1764562606.5245426,0.000020037,0.000014326,0.000019336,0.000017683,0.000023103,0.000033401,06a4a5a07c9f1025c586417a04f52311e1bdaa28358379e6d19d76e9eac687a2
1210,1764562606.5257246,0.000020668,0.000014387,0.000021449,0.000016561,0.000025537,0.000037529,82c69f940fcc23bd785f8e1939acbc637d117d5a41b21e2bda2dafb71272825b
1211,1764562606.5270967,0.000029144,0.000016160,0.000027831,0.000019957,0.000027901,0.000037780,dbff4be6fbf0bc618866c5620175b5680ea0099146fecd421da1e55c8b087efa
1212,1764562606.528783,0.000042949,0.000018093,0.000023293,0.000023523,0.000036879,0.000044543,cbda95e9bbac4f5edb5e1ce9f543b4fed69a94e3f32ddb068b953e0042ac18eb
1213,1764562606.5300188,0.000023534,0.000015158,0.000020368,0.000016961,0.000023153,0.000035465,d8574760ab5b1486321049ab4f510bfb08d3b992f2f4b586fb290dba59ecada5
1214,1764562606.5312033,0.000021390,0.000014707,0.000020468,0.000016411,0.000023423,0.000037249,164fdd06ec22a5032be802834d1a5433d046a12e48ddb8780df8026454d2f14b
1215,1764562606.5322635,0.000021028,0.000015008,0.000019346,0.000015488,0.000018885,0.000032791,30cfac6062f12a7e1f106c4a72256462975799cd90081c01424d444ed610b488
1216,1764562606.5333123,0.000020107,0.000014237,0.000018744,0.000015488,0.000018634,0.000032650,0e31ab99a86222c0db1d8b2c2fbfe0437723fc6784d087fbbcd6b9cd051db35c
1217,1764562606.5345254,0.000019596,0.000024104,0.000028763,0.000016050,0.000020288,0.000035696,b4009ffa6511dadc958b01d140e073b0a29525507c83c84392a02bddcb8d7a85
1218,1764562606.5361984,0.000025127,0.000016450,0.000024335,0.000018054,0.000032720,0.000052287,fd9463b8feed6a0295339957f4c0ad832805e86aaa885ddda42af822c596b29d
1219,1764562606.537414,0.000022823,0.000015418,0.000019897,0.000016371,0.000025036,0.000038330,e1c08e6326c3511d07fe45f9101e2aef4b20dc90157237f457a30a9791d39571
1220,1764562606.5384965,0.000021319,0.000014747,0.000019135,0.000015569,0.000018805,0.000033381,1e12ce199a5275940a03d3ae6426997e446feb2b31bec97809598a1f49b3b0c6
1221,1764562606.5395982,0.000019996,0.000014918,0.000019887,0.000015809,0.000019806,0.000033752,354534af48708a071a0f4bba89a9c45fda2f358eff10871dac6ac584bb6f3be8
1222,1764562606.5407515,0.000019827,0.000014557,0.000022893,0.000015879,0.000019997,0.000038682,408775e6aafd43b7d86e31261e2e7a1b156562bc34eb9541f1680b9fbbd91dd7
1223,1764562606.5419722,0.000022311,0.000015338,0.000048309,0.000015879,0.000020518,0.000034854,26fd48b6f69351aba9df086e84561884dfe936fd9632ad462cf44e80266c9691
1224,1764562606.543227,0.000021971,0.000014577,0.000027501,0.000016190,0.000022171,0.000038351,25ed8cd9e41939eca3a657835a6ac1f69aac04b4fd7dc1c20ef2d7c0afce1f62
1225,1764562606.5447648,0.000025166,0.000019185,0.000023844,0.000031248,0.000068286,0.000079287,0ff5cc539fe50772e275f50357822ec7e20088833ff25ee355173c14054878f4
1226,1764562606.5459118,0.000022812,0.000015008,0.000019607,0.000015769,0.000020337,0.000034173,cfabe2b7e875c84cdd43f1a102ef7db8ac62ac2c82d8700ef6d8493c71c06691
1227,1764562606.5469625,0.000020838,0.000014877,0.000019616,0.000015499,0.000018845,0.000032751,ec51ea3f857f5f51a906fa6a7bd5cb68c7c60efb9d1ba079d4581b2816bd9d8a
1228,1764562606.5480194,0.000019856,0.000014526,0.000018855,0.000015158,0.000018734,0.000032641,a68fbb3a40b137f0c81e920cefa0771d81b447c51e3db04f1df28cc16aa67a31
1229,1764562606.5492306,0.000020257,0.000014076,0.000021099,0.000020137,0.000023774,0.000039102,9e21996800b758f3dcc3c3eedcdae13312f840dbbae6dd6923332d26307731c8
1230,1764562606.5502992,0.000020798,0.000014537,0.000019606,0.000015709,0.000019747,0.000032540,7ff0e51fab21602cfc0a00dc73c6570ab6a0bc06f43366e4a61823640f885091
1231,1764562606.551425,0.000020458,0.000014597,0.000022131,0.000015569,0.000019316,0.000033151,dc6c6aaa8bf9874bffbcad3491723b489f1207926a70fe07d3f05b822f0c4108
1232,1764562606.5525763,0.000020588,0.000014657,0.000022111,0.000016050,0.000022131,0.000035225,a8b60f8d869073ccc6841a6776fece2e4d90f93d2939597fbcfa0073920b6600
1233,1764562606.553676,0.000020628,0.000014798,0.000019156,0.000015739,0.000020007,0.000033332,36d6c8bba430de135894c7df61e5feff09355a1fda788712544d124156890c1f
1234,1764562606.5548408,0.000020057,0.000014357,0.000024997,0.000015890,0.000019416,0.000033822,6361de6c05a18da232bb3a681af7436b85299072eed9df5d6b19e92fd2e8f452
1235,1764562606.5563293,0.000026880,0.000015880,0.000038071,0.000017081,0.000025918,0.000042429,368494aaf234db0571ce6e33600cc662e672540c4b1f8b61ec8ed35a6de96c39
1236,1764562606.5575488,0.000024165,0.000015830,0.000020128,0.000016270,0.000022712,0.000036317,4ec79a5106a29aa0bea19c763d2cd66408d580dea6835315c2aaf596d77245a4
1237,1764562606.5586255,0.000020799,0.000014667,0.000018995,0.000015699,0.000019306,0.000033011,be03098442e8bbe81ba08203c88c3839b7329206ca5b22d4c36136c9ffe6f347
1238,1764562606.5597067,0.000020588,0.000014256,0.000019226,0.000015749,0.000019185,0.000033371,ec4f3343d7965107b1cd561410a84251c9cd76b900316539206a6ba447c98ec3
1239,1764562606.5608432,0.000020779,0.000015248,0.000026298,0.000015889,0.000019366,0.000033021,86f2177302a92f36f273bbb167e3a48d7f7b07232fe1ada3ddbb5baca7146d23
1240,1764562606.562028,0.000024596,0.000015418,0.000020107,0.000015859,0.000023334,0.000035826,a54099a156c3e17afff6b06359c1a7b93c99360d11f5a0356dc2dc268834be68
1241,1764562606.5637734,0.000020237,0.000015158,0.000021681,0.000040405,0.000049081,0.000083034,229fd1c775d18c2ea56b9e802ae5ce985a5bcf6631213c4aa37965c87bb17519
1242,1764562606.5650613,0.000021971,0.000014778,0.000026529,0.000017212,0.000021900,0.000035936,cd6c49f6fb66f6fe7d87ccb002a265a49b4f8a7ffad4263c96523b3c47803a91
1243,1764562606.5662344,0.000021731,0.000015508,0.000019536,0.000016250,0.000025828,0.000036137,0ce4c8107859ad10b5e2a26f5e8eb1c53346f33adecd540cc8d7d8b86099b181
1244,1764562606.5673265,0.000020217,0.000014566,0.000019787,0.000016240,0.000020798,0.000033732,01e025b8551c671e212f490bfffae618e067d9597a5a4a3e99f4026193a804a5
1245,1764562606.5684154,0.000021399,0.000014336,0.000020408,0.000015829,0.000019887,0.000033221,b2661d8d35425c4b4c05a3b7791ba0017998c67078a682139ba2a402e6fea9fb
1246,1764562606.5695395,0.000021810,0.000014808,0.000020127,0.000015568,0.000020168,0.000034093,13c9238eabecc3b08559349cea5fa6f42ac1e4fd9761200983927b82be316a51
1247,1764562606.5706327,0.000020698,0.000014226,0.000020899,0.000015398,0.000019175,0.000032500,1b137480244562e1267f78029fa2615def26d390a49fc852eacad90f28ed8a72
1248,1764562606.571889,0.000021539,0.000014908,0.000033552,0.000016961,0.000025117,0.000037569,f8ae6132e1b2fcfeececfe5bb74475ede4f16bd153b40403ec41748a3c7cbe68
1249,1764562606.5732582,0.000023954,0.000014948,0.000020128,0.000017432,0.000028703,0.000035005,2b3275d15d599afd4775013382e17071ad843ff8de040c81dbec8d0dc3398cd0
1250,1764562606.5743272,0.000021169,0.000014827,0.000018975,0.000016330,0.000019496,0.000033251,eee3b1232540549079f9f1272af3edd6b3ea6deb429753a1d6cc46ec9e11b9cf
1251,1764562606.5757854,0.000019566,0.000014567,0.000047638,0.000017903,0.000022451,0.000036177,86c91bcda2fc8ed9df136e52225d99150ca0c09248dafa8b9a5a58c91485f59f
1252,1764562606.5771658,0.000027902,0.000016140,0.000020498,0.000022993,0.000026569,0.000041236,cb2f93a4eaedc7c517fbeef23a6ccaa64c7689d35bf8f19571a2e1eb5573ec39
1253,1764562606.578471,0.000021239,0.000014797,0.000035276,0.000017572,0.000023894,0.000036187,dc2d910e155d77f2daec2490b3bf15003406d65d7284e08c56cce896aea792fc
1254,1764562606.579759,0.000025717,0.000019185,0.000020759,0.000017101,0.000023613,0.000037098,86e49c186b30639e0c4afb641e9d01612bee5cfbdc81daba9298c79922291fdf
1255,1764562606.5809114,0.000022041,0.000014637,0.000019787,0.000015839,0.000020337,0.000033472,544899034e9b25741570d9b9805fd2fbf1bdc484777278347ab5e6aab2e2f2aa
1256,1764562606.5820067,0.000021008,0.000014477,0.000019226,0.000016219,0.000019125,0.000033121,276ce7ff8197fb0c4d94223bc70ffcd205b8d1698e26473c082c4692429a3c87
1257,1764562606.5830553,0.000019897,0.000014046,0.000019125,0.000015279,0.000018274,0.000032581,be67f42c658e7153f23d634adcaaf76a61849965385cd772b43acb5bc8da131e
1258,1764562606.5841906,0.000019907,0.000014176,0.000019296,0.000016079,0.000023984,0.000037770,aebba24b896d5eccc69d6622661b0bfb1dd405c67eadb7b5291a876eb2aa8d8a
1259,1764562606.5855527,0.000020227,0.000014247,0.000034143,0.000017112,0.000028983,0.000041978,ee0338d3efe66145535e9b8b0de7d0e46a542c3f420f3203a83e9f0240e7ca6b
1260,1764562606.5869946,0.000027601,0.000015088,0.000022772,0.000017332,0.000022943,0.000055613,ec2e3559fb749506f944d35fe582f4867d8f81eba4ae45b91c6fab570e563478
1261,1764562606.5881433,0.000022692,0.000014997,0.000019646,0.000015979,0.000019957,0.000041166,6420bd7e77800d9e8f97017e5efb1780c03616f3ac36ce7036f6f95d64aea544
1262,1764562606.5892665,0.000041456,0.000014988,0.000019646,0.000015549,0.000019195,0.000033432,3521169d95fbc3748fff1d004c433ec566d3c111e428a3f642daa81832236fc5
1263,1764562606.5903168,0.000020418,0.000014888,0.000019476,0.000015178,0.000018084,0.000032700,0b68b4c152b857fdc156adbe881ff8581df097ca73d0626d8678b35e7abc9175
1264,1764562606.5915847,0.000020307,0.000014517,0.000019786,0.000015870,0.000019516,0.000032700,83f4e09a70d601dfc6e38d066a7c678f6b1049f9450bc749cf9563d3087b7b86
1265,1764562606.5928955,0.000020908,0.000014787,0.000022541,0.000021770,0.000072334,0.000034594,9688d686ef48e05cd71c1a4f2c819eb6cce58408f7b0c70f8b309b3f9d973319
1266,1764562606.5941455,0.000025217,0.000015028,0.000023644,0.000016852,0.000024305,0.000038171,9affc3baf97e899c13c1ce37ff2dd0d4306ed897b1dcb3faa442d26b016127dd
1267,1764562606.595295,0.000022391,0.000015098,0.000019827,0.000015869,0.000021860,0.000033482,b29ae3a06376ea1a554eb7491a5b2f6f7c823a07456546516740e919f4871f9f
1268,1764562606.596491,0.000021049,0.000015739,0.000020188,0.000016330,0.000021269,0.000035095,f64f1c0aec918f71a0935bf0288adfa86ae3377144171d56f5cc217b0f1f9dcd
1269,1764562606.5978281,0.000021199,0.000014867,0.000026298,0.000016270,0.000022221,0.000034934,b624f22e2951c2364ed6d70dd2f6ebbc86e1bb28832a9ef6bac4671ac8e983a8
1270,1764562606.5991206,0.000032179,0.000021439,0.000019697,0.000016170,0.000022201,0.000034113,7a53d7bce8d9c006e93a5a1cdbcd2699fe0543b50a455050f5264c240c41666b
1271,1764562606.6002383,0.000021099,0.000014477,0.000020949,0.000015118,0.000019747,0.000033111,e649e3dab514e21a5f216d631bba98572ec96bc861d73e8c09f6a63db17ddb79
1272,1764562606.6014187,0.000021400,0.000014918,0.000020498,0.000015669,0.000020778,0.000035606,3ec616ef1b12c98a77fecc8bd7087007f648c306c6caeb27083d28bc186a56dd
1273,1764562606.6026442,0.000024866,0.000016571,0.000023634,0.000016300,0.000023884,0.000035606,506670676683cd27de08987cc00caf4d167a2e0f5c24f62a35e93fd65d2408ea
1274,1764562606.6037989,0.000021710,0.000014757,0.000020177,0.000016330,0.000023042,0.000035436,ac2342fb043f9813b7e55e85f14afba5b4f2f0c8e571843caef2db5172e7d643
1275,1764562606.6048682,0.000021489,0.000015338,0.000025618,0.000015058,0.000018735,0.000033111,68bf89c54343558eba96c4f64730796631be0b54794ceb4effa5f2eb9a0ae515
1276,1764562606.6059463,0.000020678,0.000014947,0.000020839,0.000015258,0.000019576,0.000033121,d6b9dec9ce5be0fab1dbb959d669c1de9828d62bf8260ece253edbb7dc8935e1
1277,1764562606.607027,0.000020358,0.000014567,0.000018905,0.000015068,0.000018384,0.000032410,99653303370e50185a276adac9e7fbb3cd120533dbd3ae72d860c81797d23452
1278,1764562606.608151,0.000020418,0.000014958,0.000028303,0.000015579,0.000019376,0.000033031,eacd4f232b85466250d0764552634570f6e65c9ba1fcf7d6e0371b74f5b46ef7
1279,1764562606.6098976,0.000029154,0.000019456,0.000035456,0.000020137,0.000034855,0.000054501,81e512d5e0e48fa476849d12e9ea12da2c8037fe67f25b34eec5643f275b7d59
1280,1764562606.6116304,0.000029575,0.000016391,0.000022361,0.000023353,0.000036918,0.000057155,b40e7f4acc14a88ba24442f01936ddeac3adfd16aefe66e7f9208117ade1e66b
1281,1764562606.6127822,0.000024415,0.000015378,0.000020769,0.000015719,0.000019667,0.000034624,4808f1134dbea1e8a0739a98f59af4330bed58660337e10619db665ab9e1c3d9
1282,1764562606.6138802,0.000023103,0.000015028,0.000025507,0.000015299,0.000018965,0.000032781,1740f43a36780e8735f5d14797e14c2170d55e4279a44280a06637bc557c3b72
1283,1764562606.6149561,0.000020197,0.000014447,0.000022542,0.000015318,0.000019226,0.000032690,97903a7594853336cfcd2e6e6fb749323cd52aba4071713bf79054af5b1986b7
1284,1764562606.6161232,0.000022081,0.000014928,0.000021850,0.000015900,0.000022081,0.000037940,817e81ca8051e90acdf4f4560b6d6e5e06a730ab5dc26e4a210bf33be43dfb53
1285,1764562606.6172266,0.000021400,0.000014236,0.000019807,0.000015429,0.000019636,0.000032921,86792a87dea86c8b10ba7595c8240ff783bb63e8abf32358eac47c196b34fd6d
1286,1764562606.6190348,0.000021059,0.000014637,0.000033171,0.000034874,0.000045274,0.000071592,66f9b01a00fb922874dc44de246034bd73590d0ace37cd1ab74b4e39a2e6fffa
1287,1764562606.620421,0.000042679,0.000016300,0.000019746,0.000017141,0.000023945,0.000036818,c9028b01d9b525ec034942a0ce0529a04412f53935af3ae2506651c7ca81d7bb
1288,1764562606.6215372,0.000020438,0.000014516,0.000019676,0.000016190,0.000020037,0.000033903,52e1312be7b4b97ca8f376611f3daac158f5c55787c10610da2e7f04ee3e2e41
1289,1764562606.62263,0.000020037,0.000016891,0.000019907,0.000015538,0.000019335,0.000032711,32ee55f267284ba365ef8230835a12ca25d472e32da702d7e144343f624f2000
1290,1764562606.6237059,0.000020859,0.000014507,0.000019706,0.000015499,0.000018745,0.000041497,adcc6d68488e4de7297c964f9d04c574642c55112062b66d8d68e1c1e7f852b4
1291,1764562606.6251223,0.000020148,0.000039563,0.000020778,0.000015999,0.000024015,0.000032931,c50e4cd48516b2b79111a2d54614374afa339263cdbcadb7922836d3eb2ddcad
1292,1764562606.6262498,0.000022070,0.000014927,0.000021409,0.000015599,0.000024846,0.000032560,044c31c3c7ea16e42b0480a346afdeea88836f824371ab284040b69a3c921d3c
1293,1764562606.6274347,0.000021380,0.000015148,0.000024355,0.000016270,0.000021930,0.000036948,413f21b8ec61e21511e0b0f3aae15861632b4a3f54e799d18671d68afc96f24d
1294,1764562606.6294029,0.000025688,0.000016009,0.000042849,0.000017523,0.000026399,0.000047448,0dbcfc36276de1da67818eb43c23c60e02066d44dafc0c64523d73ae75fe5a2c
1295,1764562606.6305864,0.000024786,0.000016149,0.000021961,0.000015078,0.000021911,0.000035546,1beb9b4d0770d7f06d50bd0645c9f61ca5f620b2da71c2e4ed9ab4acadd2bd07
1296,1764562606.631658,0.000022632,0.000015088,0.000019506,0.000015379,0.000018965,0.000032641,62b1d7e711e19dfa174f4ae4160c43a4801dea01fa33222e4c5376f4311fe4d5
1297,1764562606.633311,0.000020208,0.000014777,0.000021229,0.000032120,0.000039553,0.000075399,16d94b819428d233b8d1dd0e3d51b576f408ba0a4ad2075f2dbd23079b42c83c
1298,1764562606.634461,0.000023944,0.000015308,0.000020247,0.000016270,0.000020628,0.000034183,8336bc468826280ea0c04f8d570ebce8e49424ed9b7714be5664e5c87fd3d127
1299,1764562606.6357071,0.000021590,0.000014617,0.000020738,0.000020709,0.000027972,0.000045274,12ef525ca34ce974a1327bf57641451a541b0e635d09e70910c8a30069684e7a
1300,1764562606.6368694,0.000021450,0.000015478,0.000028212,0.000016310,0.000022081,0.000034885,8ef882a1d689a1c8805defd568f2ffb154cbd6db30793d0742d5e9b9c4d3b592
1301,1764562606.6379492,0.000021119,0.000014717,0.000019295,0.000015699,0.000019405,0.000032921,4037a334cead393c8dfe17202b2481034c84293c88d95c56662a56be1da9aa87
1302,1764562606.6391022,0.000020317,0.000013915,0.000020558,0.000015930,0.000020057,0.000032911,aa966f38a21378d2e4966fdfcabece80fb7464e4e20669f28ebbee4969692599
1303,1764562606.6401975,0.000021219,0.000014557,0.000019987,0.000021509,0.000019636,0.000032620,49d083b894d02edcc2daac4f5c00ec3b59b66fc11dd23cdac7c2616af6d6932b
1304,1764562606.6412575,0.000020538,0.000014206,0.000019126,0.000015619,0.000018845,0.000032610,8e4fa059c48a5a1f8d83b8c6e826ca00c50214ffe1e82fca5cb8c0f71c40898c
1305,1764562606.6423044,0.000020338,0.000014196,0.000019225,0.000015689,0.000018675,0.000032940,bb2ca569f5cb9d1348ac8a2c6a8bfb264b10ab8cedd3dfacdc7ea111fd5d3e0a
1306,1764562606.643442,0.000019816,0.000014647,0.000019847,0.000016591,0.000021450,0.000034855,ba573134d6940d01dc931772ffd38d8a0a1adc867164fad480da5b9be543dd17
1307,1764562606.6446478,0.000019696,0.000014217,0.000022432,0.000016781,0.000023463,0.000034334,7ccd16250a1397a74f26fa50284e45b45be13ef6a33369737fbc0d59c96ee96d
1308,1764562606.6462383,0.000024566,0.000016070,0.000024275,0.000016761,0.000027030,0.000047879,383b2f0dcea3a8c4cc4960c9d4bb99c1fe3dc3a37c46428c0d9c61794463c42a
1309,1764562606.6473887,0.000023073,0.000014927,0.000020327,0.000016019,0.000019696,0.000034203,7686fb82a208fb533019bee16d22e1719242d646ea960641450bffb20cdef36b
1310,1764562606.6489437,0.000021710,0.000014607,0.000020157,0.000031969,0.000039984,0.000069008,8ad5ca54a43fcbc46344eaa0c0929f8a43432ca2f233a7521bd38cbb4ed009dd
1311,1764562606.650024,0.000020508,0.000014427,0.000019657,0.000016190,0.000019947,0.000033022,29a92b1e83959b87abba560f5f0027b5f0312e94ecb621f0bdcea0d222c7ba40
1312,1764562606.651495,0.000021149,0.000014817,0.000021590,0.000039193,0.000047508,0.000040044,b0179f765bf2817dca6e8abc4daa63eb6925b03c711ffe8ac2e5dc5c581f6014
1313,1764562606.652825,0.000021560,0.000014948,0.000021500,0.000020798,0.000030756,0.000041467,417762b4cc44dd9f00df149ee7b2cf93915609283bd49b1eeaae33c14fc60c4c
1314,1764562606.6544576,0.000023663,0.000026298,0.000024044,0.000019366,0.000029144,0.000048670,12e3b7612afc168ca0022f21ea0a87d5ae4e00c3a04857d0b2e87def49793b62
1315,1764562606.6556818,0.000021940,0.000015189,0.000020758,0.000017342,0.000025206,0.000041357,f259f57fea77e0a7a5510e549ad6bc3ff9b702a2e075e799f85b58d710c19b33
1316,1764562606.656824,0.000020719,0.000014607,0.000020248,0.000015980,0.000021900,0.000038441,1ad5b6f5f99d018ac4124c158801ab85dd1d8bfd0d41c2df6f1f597e4731cbdc
1317,1764562606.6579351,0.000020939,0.000014727,0.000020087,0.000015629,0.000020458,0.000035185,205725ccd1291c467116b23fed4783797717e596eb59d0d36d4b6f00472e8b76
1318,1764562606.6591804,0.000020288,0.000014527,0.000021049,0.000016350,0.000021570,0.000039513,af871068f9e6b89c9d51260b5cb6aac09eec9528a1bd152803cca2e7b967ecfd
1319,1764562606.6607368,0.000021960,0.000015298,0.000043089,0.000016630,0.000024155,0.000035666,5d27e879b0d988899c62ad0c58d2846978ba741e317c4d79b6c8021c30858e1f
1320,1764562606.662748,0.000042569,0.000029514,0.000022141,0.000017783,0.000029835,0.000044773,8234d6a7ca562198578dd590152ebc29c5bc7c4eb21262c9b2d8f552d6a3682f
1321,1764562606.6639583,0.000023223,0.000015629,0.000022090,0.000016391,0.000020548,0.000035666,ab9c0d97ee8d57e140b32ca83fd6ff473263130244e9f3d7ed949dbcdbf2d6a3
1322,1764562606.6654577,0.000021610,0.000014857,0.000019947,0.000015759,0.000019486,0.000032860,c7ebb748fcbb642d18a3e5436034e3ec41c8b3cded0401fdb8124115845749f0
1323,1764562606.6665273,0.000021419,0.000014637,0.000019266,0.000015559,0.000018484,0.000032701,88704c386ef6cae811040ee92503e67b804e63e278bafe2111d35b8b8051e4a9
1324,1764562606.6676273,0.000020588,0.000014427,0.000018995,0.000015749,0.000018835,0.000033262,7fe71656cd3297be4a004fc7701bf1ed5397da92b8132db4684bd2795d0a0697
1325,1764562606.6688478,0.000020328,0.000014707,0.000024365,0.000017302,0.000025187,0.000037880,faea15e488c1e6f7ee25dfc0d8700f30c35c11e377962de82172843aa8ceea46
1326,1764562606.6702976,0.000023163,0.000019325,0.000021660,0.000035185,0.000056765,0.000058338,5502aeceae83ee3dc940c271c0db12aec76c1c123d8f36bad8bf6df3e9c4af3d
1327,1764562606.6714218,0.000021650,0.000015017,0.000019366,0.000015819,0.000020507,0.000033662,db117b1cef9e502ae9afef3834db0a56aeb3f69f47cf43c737945bd56a3803b1
1328,1764562606.672487,0.000020618,0.000014597,0.000019335,0.000015699,0.000019075,0.000032580,45e7cf2545fc8eac396fe7926821f139a248be1e7009c94cf7fd50774e855653
1329,1764562606.6735277,0.000020157,0.000015128,0.000018914,0.000015649,0.000019316,0.000032490,47aa8fe66545cd58e326c62ec646e90f411f975e9e5d255f206dbcdbe81ea990
1330,1764562606.674576,0.000020177,0.000014637,0.000018734,0.000015539,0.000019145,0.000032039,f50d3bb6a5c9dec98fbf2e7d9b4cc8c05ca3777ffeab6e37b53162f9c0d86fe7
1331,1764562606.675717,0.000019816,0.000014306,0.000021851,0.000015709,0.000019436,0.000034524,1b4f2156300d91aba8e6717ce85ac91d219b51cfdb44d5a7ed46dd21cd765c5c
1332,1764562606.6769023,0.000021620,0.000015038,0.000019517,0.000016020,0.000023063,0.000035636,c9c5a9751db823c914852b29382429be595016d561e432a2eb87ab81575b088b
1333,1764562606.678067,0.000027280,0.000015349,0.000019416,0.000015399,0.000021630,0.000033592,ba8db583f07f82914cd0c4fe63ebebb4254d09ececeafa09e6f34acaa072d411
1334,1764562606.679349,0.000020418,0.000014807,0.000019817,0.000016911,0.000024435,0.000036888,8a99075f22614954d8264ef13b1fa9b6c785e75098e7461cb18e3d1959dfb322
1335,1764562606.68041,0.000020939,0.000014307,0.000019396,0.000015499,0.000019185,0.000032650,b31542370a92089a2b398cf20f10c2927885ec07e474c5e169951f5cf97d8d9b
1336,1764562606.6814635,0.000019917,0.000014106,0.000019496,0.000015359,0.000018935,0.000032630,616c26f3a24aed7a73893b1fb0f5c86bae6c6889edb822beeecb771aa1975558
1337,1764562606.682903,0.000019887,0.000014226,0.000062205,0.000015228,0.000019286,0.000032651,6a42be41caaeb31fd496164925192b9fac27f1f3bb45b1d22280995f4cd4e669
1338,1764562606.6841068,0.000023343,0.000014837,0.000020568,0.000018745,0.000025898,0.000033943,66ae963c5188bd074518d86d917022446307eaa4296470b915c8ad10103eff91
1339,1764562606.6852906,0.000020829,0.000014647,0.000020949,0.000015889,0.000021590,0.000034734,4c1a6af56affca0584684d4b1449f04f74c4fda7ae0ce9a3a9416986a9ccd0b9
1340,1764562606.6866207,0.000020899,0.000014577,0.000019656,0.000016591,0.000023904,0.000035676,0a394a8af377f0357ce4c4b50e2570a612f624248b677bd33b38983362338f7f
1341,1764562606.68769,0.000020107,0.000014577,0.000018975,0.000015538,0.000019015,0.000032860,a8b9e457b66ce613aff788de74076a86111b1785a65b7fb3c1b24957b01348fb
1342,1764562606.6887527,0.000019446,0.000019345,0.000019065,0.000015479,0.000018765,0.000032871,c2eb652ce05184104218431341f50d6af22469d7d433d2ff4c92b233f5eef89c
1343,1764562606.6898198,0.000024826,0.000014317,0.000019196,0.000015809,0.000018825,0.000032610,4e792f71e8d265c63cb01f352a1375ea6b80d77fc768881ad880203565bedfd5
1344,1764562606.6909542,0.000020628,0.000014327,0.000020297,0.000016180,0.000019456,0.000032941,0e57e3613e1d94557818b2293ca7d464a0784f6c6ab80d69b8bc60784871c285
1345,1764562606.6920395,0.000020438,0.000014086,0.000019205,0.000015409,0.000019196,0.000032520,71d8c1aed8fabb14c957de119292e49d80505c853737921c5ed5b6092251d3f4
1346,1764562606.69318,0.000020368,0.000014667,0.000019777,0.000015689,0.000019797,0.000041226,b593eaf55418cfec06a9713d2b0fcbfcf79cd5dbf69272693c9e3fbac63527b8
1347,1764562606.694365,0.000019987,0.000015047,0.000021920,0.000015739,0.000022492,0.000039603,0b7963651343909bc2d4d94487300522c9e774f6b065c89d56009719b16da76e
1348,1764562606.6956255,0.000021379,0.000014497,0.000018804,0.000019035,0.000038071,0.000047107,717ad1eafe2ad24f0df29f6a059c5f92c4e58fa8e39ea45f2b783bcab641b4b5
1349,1764562606.6967025,0.000020127,0.000014326,0.000019516,0.000015759,0.000019146,0.000032911,1d0ae013e5c3deb3dee55ee29fb8443881574eadbacd72884eb96f4f40d84452
1350,1764562606.6977608,0.000020458,0.000015559,0.000019396,0.000015319,0.000018975,0.000032800,320ce3440981c138f8d4b03bb5b1acd4f7d8c3e79e5650374c318c3d046a791a
1351,1764562606.6994421,0.000056013,0.000032991,0.000021038,0.000015719,0.000019607,0.000033061,86dfbff872a1ebf1e884ce343f3713888e069b9a7898f818eca2f578065060a1
1352,1764562606.7005904,0.000021590,0.000015168,0.000020618,0.000016721,0.000020808,0.000035556,900eab53f23b5ea0610af8a1d86f426343aea3f4cf3e4613f6fbaf806d853925
1353,1764562606.7017667,0.000020778,0.000014217,0.000020858,0.000015619,0.000020518,0.000033752,70f586b565bbf2d6003c2af98673b1116489977b4425513533059f9b790c1053
1354,1764562606.7030509,0.000022070,0.000014246,0.000022321,0.000015638,0.000020958,0.000041728,f77a5966f49755f1c5774e5464bbae95861811130d97caa11cf65132dc4553db
1355,1764562606.7044492,0.000022812,0.000015268,0.000022462,0.000024535,0.000104463,0.000039143,a63c5e2f563d0d6180b07eb36faf032a413452b85da76c19cd2fed2d2d219d48
1356,1764562606.705657,0.000021580,0.000014978,0.000024225,0.000018344,0.000031629,0.000034754,bd7af5faedc7fa63be4636c05d86ac90dbcc17e394b67e27ceb0a0fad6cc16e5
1357,1764562606.706809,0.000022712,0.000014858,0.000020368,0.000016080,0.000020328,0.000033843,7346b97eb4e50789bd94342767dee244b1dda6d6b75b2148c2d530d5192c9445
1358,1764562606.7079248,0.000021961,0.000014807,0.000020107,0.000015859,0.000019767,0.000033862,1ce3e93e767334eb06114ce63db9cfdb00b56ffab08152774a43cee82b31cec3
1359,1764562606.7090447,0.000020288,0.000014687,0.000023844,0.000016120,0.000019276,0.000033162,af9e947af13b85e96a52e8763a53698c5f7639a0aea60b74234f37661fb726f2
1360,1764562606.7102208,0.000021910,0.000014557,0.000025116,0.000015859,0.000020648,0.000033602,411852313762750b9a8fb2963069c6fe6d4143c958204b588be7594f4d542f53
1361,1764562606.7116728,0.000026539,0.000020689,0.000021620,0.000054161,0.000050293,0.000052587,4ff8f7fb9ec6607c84da454878301f39cd52349284ad5c948cbae5d6e5dc15cc
1362,1764562606.7129078,0.000020779,0.000014677,0.000026970,0.000018324,0.000025127,0.000036177,b5fa63e0290a1a7d90b0bd67170189d96fa557ccb1908f04c7552be18ae1f9c5
1363,1764562606.71416,0.000023454,0.000015198,0.000020919,0.000018224,0.000023975,0.000039233,ddf3071f078ebae16e09a647fc08dd4e263b0a7c2fcb7d6b629c128490386458
1364,1764562606.715261,0.000020688,0.000015348,0.000020207,0.000015408,0.000019867,0.000033182,3c5313ecfc813ae1bbf1a7e0bacdfe4ebba62c4c213e95f28b14238bdb396a6d
1365,1764562606.7163389,0.000020788,0.000014617,0.000019936,0.000015389,0.000018985,0.000033321,90a90cbcf127defe5f51505399e43e1d734dc583169de5181b8ea670d3a9a1ca
1366,1764562606.7174456,0.000020347,0.000014206,0.000020939,0.000015418,0.000019105,0.000032931,83a87fefa0c0a2b9a52ec274c1358e6f2ff73d23c154ab7d6991e19085895b90
1367,1764562606.7187135,0.000021079,0.000014877,0.000023814,0.000017372,0.000026649,0.000072464,8ba713a5632b73cd9c8076e6fb80c5c8f887e9cc63662db938ff15443e932942
1368,1764562606.7199767,0.000021469,0.000016050,0.000022442,0.000025136,0.000030566,0.000034253,6ccde059ad3c35df693ca3627918fa0f3917e2a26ef7fe9179f7f6bf457d25f6
1369,1764562606.7213058,0.000021950,0.000014767,0.000021079,0.000017803,0.000026068,0.000039884,5c8124916f6cd5c54a2dc83f6a08bd7e83a877b4c1081208f6ed98aed5128063
1370,1764562606.7224305,0.000021901,0.000015068,0.000020158,0.000015860,0.000020388,0.000033722,759280444c3893201b81d68d16cf4503578e7f2df762822aeb04f37a13e5315f
1371,1764562606.7235072,0.000020458,0.000014788,0.000019806,0.000015739,0.000018785,0.000033211,1f63421081a863f90861422239738a0389c33ce673d880856a29a11b32378426
1372,1764562606.7245874,0.000020428,0.000014527,0.000019717,0.000015639,0.000019205,0.000033181,8c2f93efcab8a3f1f74a63e05061d75b573544825927b4204f90e36a2b19963d
1373,1764562606.7257366,0.000020017,0.000014316,0.000027491,0.000015739,0.000020027,0.000033192,324d99eb63281f8815d84cd92debf924eef690bd5dc5992875abb57539461b90
1374,1764562606.7269504,0.000028422,0.000014917,0.000026820,0.000015819,0.000020858,0.000033461,84a450d18bad59169f9df977620934cfbcea6b30c85bdc2295ebd9e7090c8670
1375,1764562606.7285674,0.000027611,0.000020007,0.000029164,0.000057046,0.000098071,0.000062085,811918802787bb9ba2fb0f237807c6ba6a4780f2f990b8879e2ea0fd38746497
1376,1764562606.729849,0.000022752,0.000014377,0.000019887,0.000016621,0.000021550,0.000035345,019f362ccec8b9df3ba5e034b2d01541929148e791973bc99909cc960290f853
1377,1764562606.7310221,0.000022091,0.000014456,0.000019386,0.000016400,0.000020408,0.000033461,baa728ad82949edbcbcda218db8458fc8d19f6014a571c2a8ee2adc047a0a3f8
1378,1764562606.7324326,0.000020097,0.000014606,0.000040625,0.000016391,0.000020858,0.000052066,eacfc1748ee76a173ae15e5b34720f491eec2153d1c3089f6080d8923868a36b
1379,1764562606.734079,0.000041086,0.000029124,0.000020278,0.000016961,0.000021019,0.000033402,9bd4335f2f6e4ffa07dc61f587ed0f72e667d9d3a5e4ae94e30b0fd9438b0cfc
1380,1764562606.7354908,0.000020898,0.000014607,0.000024014,0.000023213,0.000039442,0.000033672,6e97a4d8bfd445b8187ef8d96c1502d6a0059d82ba167e807be709b092aa4028
1381,1764562606.7369845,0.000022191,0.000015037,0.000023984,0.000018033,0.000032490,0.000039463,a4bc13831b7647d9a27be620e6be9395f8242311546989e2a40861bd631d0e09
1382,1764562606.738157,0.000022531,0.000014747,0.000019576,0.000016390,0.000021429,0.000038791,b4f44c891174e72de15d4fbbb50e9dd2cb353f134592b26e37b65708e69328e3
1383,1764562606.7392201,0.000020629,0.000014307,0.000019667,0.000015568,0.000023653,0.000032760,63874ec2e2204101ee3e579440b8a1a44bd60f7194beb19f40886623b69434d3
1384,1764562606.7402833,0.000020147,0.000014076,0.000019335,0.000015329,0.000018775,0.000032610,c8f871459133f2c6b55f7bef1f61230d6651aee96076ba6629b46dbef3223211
1385,1764562606.74134,0.000020648,0.000014296,0.000019516,0.000015148,0.000018845,0.000032611,a1faee9c333f494eb704f18842d7d3547118e4ffe074783b935fc22d2bdf6c81
1386,1764562606.7424104,0.000020137,0.000014557,0.000042529,0.000014968,0.000018004,0.000032730,0b7e5d00e0d3281ac1f44a283b0f135e1ad4b8cbb083beb83bb48a17c6bd3b8d
1387,1764562606.7436798,0.000019767,0.000013936,0.000022562,0.000016020,0.000020598,0.000040195,bf709af6c3b54826db7d86347f4f7062bfe56747b9b75661e2ba86c4c8cfc867
1388,1764562606.7451007,0.000022602,0.000020859,0.000034424,0.000016701,0.000023053,0.000038050,e9cfee4ae6dd8d1f274a58ace728321ebfb346ea92b6af35c2d2f3094590c7f4
1389,1764562606.7463026,0.000024014,0.000014768,0.000021299,0.000016561,0.000023183,0.000036678,521508e946f6b35a1df1b8ff25ca9ca0fed3abd257d98dbecec22ffb87c4b3ce
1390,1764562606.747407,0.000020558,0.000014587,0.000020368,0.000016090,0.000019937,0.000033582,9b5520c0dc9f54fa9f9288ee3201ae4baa7b871b09d5630330e0b2f437117cc7
1391,1764562606.7484846,0.000021310,0.000014336,0.000020157,0.000015248,0.000018865,0.000033161,203c53bf6a1ce6f66c8789ec77dbec859de028577e70c7e31acef87fc16c2015
1392,1764562606.749568,0.000021069,0.000014577,0.000020247,0.000015939,0.000019096,0.000033161,e94ec5a432e3f4ac6b72053d6991841c8bcc0a354615e8e268861337c23a0e4b
1393,1764562606.7506812,0.000019997,0.000014216,0.000021009,0.000015609,0.000019236,0.000033562,fa8e899d2036626cb135d97bcb23b7f8805e4b9baf3084d87abad4f5efb0e4b5
1394,1764562606.7519162,0.000020999,0.000014687,0.000021740,0.000015679,0.000019326,0.000037730,2c40807e7e059d2d0403a3bceba7941398af4a9914998cc8ff4306c59d7e60f1
1395,1764562606.7530184,0.000021500,0.000014797,0.000021469,0.000015589,0.000020127,0.000033763,0c408c1fc22c5acfc4fb668905d328e072ad19c60d21b0e5d0b96a98a6994aa7
1396,1764562606.7541566,0.000020097,0.000014506,0.000022181,0.000015940,0.000019205,0.000037689,a07a5989b93f951d2e1147ae95bcf8101cb0be95f10640f252cd676c7d1fff4e
1397,1764562606.7553627,0.000021720,0.000015529,0.000021349,0.000016320,0.000023924,0.000038912,82ca1e440ad6c98fb853e0401d682a7f2c9eef93e1d33cd35e3b0c2164d36f82
1398,1764562606.7565472,0.000021690,0.000014777,0.000020628,0.000016460,0.000021831,0.000034403,deea7044f825cf2a2c2796b72bfce3144a31f2faae51e5c19237f9c7240f1e67
1399,1764562606.7578952,0.000020498,0.000014346,0.000032770,0.000018695,0.000027862,0.000044392,0fc73d2cf8989868db42f8a87cc9ff7cca20bb127378aec35401dd7282e3a502
1400,1764562606.7597573,0.000027521,0.000020388,0.000034644,0.000021590,0.000065661,0.000056685,e6df568b6095ecf73cf05a3e1e8ed69c270a62b2dc0adba866758d4b34c55f0e
1401,1764562606.7615244,0.000029414,0.000019546,0.000024706,0.000019456,0.000037489,0.000055733,33e58150eb34b1f868e04cf037b87aceb4d8a4f1630eb38af00bf650d5ea26df
1402,1764562606.7630062,0.000022231,0.000014997,0.000020237,0.000019516,0.000040054,0.000042939,8d8f3db25cf1297c8c72d1eca69e07f275053f6d13e267d82d2ad470bc34dc4b
1403,1764562606.7641387,0.000022532,0.000015339,0.000020788,0.000015689,0.000019987,0.000034264,391cba45d3ea0379d7836db370c772243581096204425002724e97a76b2c3f30
1404,1764562606.7652662,0.000020578,0.000014697,0.000023754,0.000015970,0.000025617,0.000036167,0a18469e059ed0470263da79f1c78e43c73b22e14d8cbfa0d4fa7eebacdb9aac
1405,1764562606.766492,0.000025838,0.000019155,0.000020137,0.000015699,0.000020498,0.000034824,80a1e4ed2a5a852d2c2192faa60d90ea4ec68b863904967b2c37f41882f5b16c
1406,1764562606.7676837,0.000022943,0.000024105,0.000020788,0.000015658,0.000020908,0.000033803,26e86ea9a450c5b54bdb382e9e2ff8017bcd765dab55ee6d4109d8a5e3a2854b
1407,1764562606.7690635,0.000021279,0.000021169,0.000056004,0.000015930,0.000022381,0.000036958,6e5fa8574878c43612733729b17569a70471997b4203b31bf6d959168990effa
1408,1764562606.7702966,0.000026409,0.000015578,0.000019326,0.000016159,0.000022411,0.000038090,5985419466d33e695f5db069a17fc72a8dca8f143e7b164a014485e4e2937bc2
1409,1764562606.7713976,0.000020418,0.000014477,0.000019176,0.000015880,0.000021259,0.000033733,0505164f180849ca569c8d8b4684742b67c593447a6b6ebcc2c836a9f4189ab1
1410,1764562606.7724514,0.000020057,0.000014477,0.000019125,0.000015348,0.000018484,0.000033381,e60ddce6608c8c1ff0010ea4f32ba9596aadce7fe1013179a5d30626353c051f
1411,1764562606.7736237,0.000027090,0.000022602,0.000021048,0.000015709,0.000019997,0.000033302,9015909edf13bd480780fd13539bcacfd141b4b76e6d649027e1e61a9e5ec7ed
1412,1764562606.7747197,0.000022592,0.000014517,0.000019527,0.000015849,0.000019085,0.000032881,d2a25f328ceafbdfc8cc2c99413acef95e3a99f4041db390618688bc26f1513f
1413,1764562606.7758436,0.000019747,0.000015509,0.000019807,0.000015438,0.000018604,0.000032650,8700b2485e90a060577f5b0e172276690351e826088f3cef31c52bfa246290f3
1414,1764562606.7771482,0.000021500,0.000014928,0.000025297,0.000016921,0.000024476,0.000041948,9f15156a05535a2089ccab540cf695d235507c8593a0ed72259bfef1891282d3
1415,1764562606.7786531,0.000023824,0.000016600,0.000021079,0.000019015,0.000030186,0.000048630,a55e676dd14786b5e7bd0b9a8d34dba28edf1deb14c7207f4c262c26a38b04d6
1416,1764562606.779864,0.000021319,0.000015077,0.000021019,0.000016872,0.000023002,0.000034564,3482bb613ba2a4dcb55793cda8167201ec52b8d931d1a753f3d4bb19e93ed604
1417,1764562606.781069,0.000021610,0.000014797,0.000019987,0.000016871,0.000021299,0.000035675,654212d254858178b79bd5ec009793decb92905633e48740bfed0f560cec204e
1418,1764562606.7822235,0.000020858,0.000014687,0.000020608,0.000016040,0.000019586,0.000033391,fa372359087b4f3d291bc171a1a3ed53a958c5f6d1fd8e3533872375e7dc437c
1419,1764562606.7833626,0.000021369,0.000014597,0.000020488,0.000015959,0.000019817,0.000033482,31c1e1e10cb6dad9418d981b15a4a17adacc73d4f9db8d7294d389504571f77c
1420,1764562606.784547,0.000021109,0.000015168,0.000023804,0.000016009,0.000020809,0.000033452,ce8616e6e968011d481e41596540cb4a457b510c86d4cd086392cdb8e7b908be
1421,1764562606.78596,0.000023243,0.000015028,0.000021971,0.000019676,0.000037469,0.000047478,50b473da73c9f9c409d23131b494d5422f53651825d700d7a87ba51466cb7506
1422,1764562606.7871554,0.000022181,0.000015078,0.000020088,0.000017923,0.000020959,0.000034864,17c2d1c0d9362ee2166809b9083711665af16e419f071136d8b39ee1eeaf4e3c
1423,1764562606.788308,0.000021089,0.000014547,0.000020107,0.000016210,0.000019927,0.000033672,e3995740689f7255534eda3c84dd7594d9b8390f5f8ba734ef6201ea53f10710
1424,1764562606.7894785,0.000021259,0.000014297,0.000020398,0.000015609,0.000020588,0.000034013,1bf9fd8c7110435caecb6cb863c2798c7f3a6f600144cea541aec6c98b5be2ba
1425,1764562606.7906137,0.000020518,0.000014677,0.000020077,0.000016120,0.000019306,0.000033382,0b9a495bc45e019cc5442c337417f55e5a9a2716c0c8f24dc30281d53242e31a
1426,1764562606.7918203,0.000021089,0.000014838,0.000019887,0.000015920,0.000019937,0.000033522,8d7e13e5bf8e58c5c5208b69c4cb9bef5fb38f163765a00bc0362a762c633d65
1427,1764562606.7930298,0.000020788,0.000014547,0.000020568,0.000015919,0.000019797,0.000033422,7b3c092c35344438942a9bdeb9145ac5f1155aecde8c575f59e9fc59aa52c44e
1428,1764562606.7942612,0.000020919,0.000015178,0.000021009,0.000020738,0.000022982,0.000038591,5b59c94d320e15474b7f6e2edfdd0e3417ab57bb9d70f151527ada1365f8891b
1429,1764562606.795632,0.000020748,0.000014556,0.000020899,0.000019456,0.000033531,0.000037129,9ccfb8d61019cf9471bb47ac814871686929830077bc67ebcfd793b59f077b0e
1430,1764562606.7967987,0.000020628,0.000014537,0.000020258,0.000015929,0.000019927,0.000033662,06d166653c02f8df50893cd342171696e2892a1d802c13d59469f400f1be847a
1431,1764562606.7979548,0.000021741,0.000015879,0.000020708,0.000015899,0.000019767,0.000034013,f05d7f2826a74a9722ef731ac5ac35a0fb4a15816d8e71395e2b15e5710acad8
1432,1764562606.7991173,0.000020728,0.000014748,0.000020347,0.000016341,0.000020548,0.000033462,ed045ad152a9d3562f12e6b2a94cd8cd783bf55af1092a3aa9ac45db2babbc10
1433,1764562606.8002748,0.000021099,0.000014527,0.000020398,0.000016089,0.000020037,0.000033351,49b53f4d7de6033c4d84bcb36b9277e32390930b12397aa0ef338dbf91100074
1434,1764562606.8014932,0.000021179,0.000014757,0.000035315,0.000016040,0.000020168,0.000033772,9efe40bc406df8510560918ff08efda4220bc89b5b413ad076af56a598ba743d
1435,1764562606.8027875,0.000021670,0.000014597,0.000021199,0.000018724,0.000037008,0.000042479,e692b21749220eb3bd51941a3c16083f17985205686267f1102cd0fb08d4fa24
1436,1764562606.8039734,0.000022641,0.000015319,0.000021089,0.000016390,0.000021730,0.000033802,c34d1f7f77c50439487a31ff3cccb528c063531ee46d610daa43c1aa3cc79ff0
1437,1764562606.80513,0.000020899,0.000014878,0.000020538,0.000016310,0.000019956,0.000033653,b4e53a8ba202b36a63de84652310eae31059c58184f2c406438b299c7227e9fc
1438,1764562606.806293,0.000021680,0.000015299,0.000020478,0.000016311,0.000021319,0.000033873,0d2fb6d82261c4e91e220666442b812afa474eddc22008fdd094e767faf75f48
1439,1764562606.807443,0.000020869,0.000014857,0.000020177,0.000016340,0.000020017,0.000033552,5b29f4834a53897d85929d40c0cb021cc2598ec1b6eb776b136319a55bfd2d15
1440,1764562606.8086016,0.000021008,0.000014957,0.000020457,0.000016129,0.000019616,0.000033471,e15197241476d7beb2bbe63cd713f4d306d72bed58dd524c856917d9c27b8628
1441,1764562606.8098133,0.000021760,0.000014807,0.000020849,0.000016431,0.000019586,0.000039784,d5173b7de608f4adbca78de199ca1cde62902c60957b43579f993735e1ebb127
1442,1764562606.8111584,0.000022251,0.000015168,0.000021129,0.000020859,0.000041426,0.000046305,22e7c6b787469d0247220633d9691fcb77f86eca24777467807865b7e231aaee
1443,1764562606.8123107,0.000020819,0.000014807,0.000020448,0.000016220,0.000020318,0.000033922,6ecfb1fea5b6e267acd45cfc82ddf79a59fcf76234db88b0afddce5b379ceb0a
1444,1764562606.8135917,0.000021871,0.000014847,0.000020578,0.000016060,0.000019977,0.000033431,be2d36c3d0999c20bf1d22586590817c56c06ab7c7405ac636bc226e5e5670b1
1445,1764562606.8147883,0.000020427,0.000014486,0.000020468,0.000021439,0.000061493,0.000033492,bf36efff8665f664cdba0a203544a1b1f69d1e370de96cde404f2de76b5d91e2
1446,1764562606.8159673,0.000021229,0.000014767,0.000020257,0.000015989,0.000019787,0.000033402,f068d2148b1c860559900fbc8c00459d22ec094850b9d1c4e2fdf02f3d568cf9
1447,1764562606.8171525,0.000021349,0.000014828,0.000019796,0.000045464,0.000019807,0.000033452,225034762e8c33d9360839c6cc998f163a5e808ac559ed89268788735b79e182
1448,1764562606.8183963,0.000021019,0.000015117,0.000021560,0.000016520,0.000021139,0.000033913,e82780f3cb195004e3fc259f979140b9fc3d862eb05aa0521dfd9bb237f142b2
1449,1764562606.8196478,0.000021630,0.000015078,0.000020649,0.000016821,0.000022281,0.000034965,926081dadad76ca384901920867d12bfb67950ae4ce1f86056215e210cdcc834
1450,1764562606.820816,0.000020999,0.000014437,0.000020517,0.000016030,0.000020248,0.000033392,ec2bfaf3fe46815cf16e91543be72f3d24a0c19f331e0a590e4d04f998e63ec0
1451,1764562606.8220043,0.000021610,0.000014527,0.000019986,0.000015890,0.000021990,0.000034013,4a532eb0c7d975e54e9978be274807568e1d406f4e439621874f26627ee36522
1452,1764562606.8231409,0.000020938,0.000014747,0.000020447,0.000015940,0.000019887,0.000033431,96ebfc5b5a8029eb29afab9aa6c4040324d240ab7a09dfe723034d38bad78567
1453,1764562606.8242898,0.000020758,0.000014877,0.000020288,0.000015950,0.000020007,0.000033372,33be59fe008337fc4885e061aefe912e06d4eaa3df1eb4e5dc2668903289d342
1454,1764562606.8254724,0.000021279,0.000014837,0.000020858,0.000015950,0.000019756,0.000033542,fd73cefe80aaf985205b071fc2859cb0dd30e684f23394441dc8d743b09979e5
1455,1764562606.8266873,0.000021700,0.000015048,0.000021570,0.000016791,0.000019807,0.000034884,40b36f567b4b1c717856c61ed43182c5328669d75270f7227dcddcf114ae9a6f
1456,1764562606.827955,0.000021600,0.000024285,0.000020538,0.000016491,0.000024605,0.000035325,6560a252d5dc073c4fb1f4579d23ea13563e9629b792cd037066d6bd1bb78fb1
1457,1764562606.829112,0.000020628,0.000014617,0.000020558,0.000016441,0.000020337,0.000033662,a0f7aae9fdaca23fb3a71b54aa33212941cb4a7039ce90bb9f00238942f0861d
1458,1764562606.8302624,0.000020668,0.000014677,0.000020357,0.000016240,0.000028943,0.000033442,afe2f65e956d127eedba5e04f5df00c1e47277e968344443a3a57d2ae998aba4
1459,1764562606.831431,0.000021400,0.000015468,0.000020528,0.000016290,0.000019987,0.000033372,841604f5d76441d1cd5ce779e06bec332e9993ca828aa79f3e35d73bf79045cc
1460,1764562606.8325784,0.000020938,0.000014497,0.000019987,0.000016180,0.000019807,0.000033462,5406a587f216de512c889febd36e53b7b54c2e7a48186fca23602fe696785ed9
1461,1764562606.8337796,0.000020999,0.000014727,0.000020328,0.000016240,0.000019506,0.000035185,8d1c5f1be53749bf25046b7fe40945560d26e9b8c774bf578ae642bbb7a50313
1462,1764562606.8350525,0.000030497,0.000015368,0.000020608,0.000016421,0.000021610,0.000034484,250c66e2a6f040b87abc8513a8e275762e748d570b903362e03da098d66d2426
1463,1764562606.8362827,0.000024405,0.000015759,0.000020337,0.000016911,0.000021830,0.000034203,75a497d5b3080f495df1beb610a5032a5b3c0ca7ea12e2183227c39ca350c98c
1464,1764562606.8374183,0.000020658,0.000014767,0.000020367,0.000016430,0.000019877,0.000033431,5754f5fc79948509dc4647034c26f953319b120795f1f59f3559185c687fd9f0
1465,1764562606.8385684,0.000020708,0.000015208,0.000020287,0.000016159,0.000019906,0.000033752,4dd20e64474cbcca9929fd4b37f27828d31d1c695b6bca5bcca5ba585b94548c
1466,1764562606.839719,0.000020729,0.000014917,0.000020438,0.000016150,0.000020147,0.000033462,0e9714bcfffcf49ef6560fedd83e8276af691d3a3a26062d34a892af29676390
1467,1764562606.8408704,0.000021139,0.000015669,0.000027340,0.000016260,0.000020017,0.000033552,1dabb8277a90b6ca25862a7b8a635792458a3a167cba08b8bb4aa59653bf242f
1468,1764562606.8420281,0.000020939,0.000014837,0.000020789,0.000016370,0.000020207,0.000033411,b7515d79100c985f7e2ed1feb8a880310a6afbefad887e591ec3091400fb8c8d
1469,1764562606.8432455,0.000021129,0.000014908,0.000027711,0.000016781,0.000020888,0.000048710,13f665f806d4b61792f572ff1c0f495a4137c6c7d6e872ebc8e6a4990c3da07f
1470,1764562606.844566,0.000023914,0.000015138,0.000021330,0.000016641,0.000022752,0.000034975,0e31304c021372c9cef806716683e9d470104cf4c0f8b72974d6e742d7b60ef7
1471,1764562606.8457346,0.000021179,0.000015338,0.000020568,0.000016130,0.000020337,0.000033802,8647350a8a0465fedc0accf3611de391d5ae67bb6b9b9fe9f4c33a75d020e94f
1472,1764562606.8468955,0.000027361,0.000015468,0.000020398,0.000016360,0.000020548,0.000033382,32f63a9659f05cbde40bc1c390d04ddc7408e9834dbb96c3aea8b0a4b2608110
1473,1764562606.8480864,0.000020969,0.000014717,0.000021290,0.000016010,0.000019686,0.000033361,3d9afd38d1fac30a22309245fedccf4aba12a99f08cf14b81d794ff5b1268b92
1474,1764562606.8494248,0.000021250,0.000015308,0.000020999,0.000016501,0.000021570,0.000033983,4553ef857b9d109e18de29d407709f545a2f72231dbbf5c6102d10b9de8bf735
1475,1764562606.8506124,0.000020999,0.000015228,0.000021369,0.000016521,0.000020458,0.000033202,48d3694c4c64b3f56d2cc55fd36377aa91ffb75e4228f9d97275be1be38cab8b
1476,1764562606.8518894,0.000020968,0.000014767,0.000029926,0.000016821,0.000023674,0.000035305,7ac218521a39fbd86d8e23f2f0487d675cfa76ec2f80b2901979918067f44370
1477,1764562606.8531666,0.000022893,0.000015068,0.000021179,0.000017933,0.000024435,0.000039623,c67252b6b5ea836a4b6adbc6091913695228609cbe8883a2537ce0b39a9143d5
1478,1764562606.8543327,0.000021299,0.000015058,0.000021259,0.000016540,0.000021559,0.000034033,574aa3ee3f96c3293ebfb1e8f4900ab21c8b094c3841b6c7f06b6577c788c5ac
1479,1764562606.8555417,0.000020798,0.000015509,0.000021831,0.000016550,0.000022702,0.000035556,8d864227c25f00aeb6e5d7bdcd612656c6fcc16566db4839e8e5fc4b104dbf92
1480,1764562606.8568912,0.000021700,0.000015218,0.000021429,0.000016771,0.000022592,0.000034794,772efb4d6bfd4fa045a0883c3afd05ce457ae2e2115fe9538a4f139972a200a3
1481,1764562606.8580818,0.000021280,0.000014757,0.000020428,0.000016270,0.000020208,0.000033432,1b361149d70e823c6f93762b528ec7db9069d66c42fe6781ed5fa6d3dcd51a43
1482,1764562606.8592353,0.000021369,0.000015098,0.000021169,0.000021770,0.000019967,0.000033822,8ce40587d1533e6d7af0f90fa42b5312195992434a74a8b48d15a18d1b621687
1483,1764562606.860463,0.000021169,0.000014978,0.000026860,0.000017072,0.000020698,0.000033973,7c25396a9e0843ba0d37869b4bf3f4b34ea74c87452befc3ad5f6b8891bddc62
1484,1764562606.861646,0.000025497,0.000015359,0.000020678,0.000016551,0.000020377,0.000033442,f429836abfb5696b8e6cfb92267b463ebeea65d1afc6c0d759b68deb9fc0e001
1485,1764562606.8627856,0.000021440,0.000014997,0.000020348,0.000016321,0.000020097,0.000033292,58c625741fd1cd0cb17b2391c4b37155451ba47a5f6c5dbbc1d3c769c89421ea
1486,1764562606.8639574,0.000021620,0.000014877,0.000020608,0.000016280,0.000019867,0.000033332,b31194e049320f57221c6f4f674edacf94696f5bfbd8e1a717c2dcd040466bf8
1487,1764562606.8651197,0.000021450,0.000015499,0.000020618,0.000016130,0.000020477,0.000033392,95105c30e99ebc0dd72482d9a1418a82fa1ff5dd5cb906aa605004e2e5e7f452
1488,1764562606.8662972,0.000021289,0.000015168,0.000020518,0.000016400,0.000020768,0.000034113,09f663fa9d27679f2b275020934b1c246bf5a87294655b233fa2dddd61dcdf6e
1489,1764562606.8674784,0.000021149,0.000014958,0.000020748,0.000015809,0.000020268,0.000033422,1d7909810c3dbdb9ff5848e81a18d8d59d65a8acf69eadd5327b2b96192be33e
1490,1764562606.8687544,0.000021250,0.000014818,0.000025807,0.000016470,0.000020698,0.000033753,84b0b9e200735a8c6066980054e59d1d62840ff1797ba0892c5be820fe28bada
1491,1764562606.8699272,0.000021530,0.000015078,0.000020448,0.000016340,0.000020458,0.000033091,a2f2350987f8fc5afc3386055c40f059c374bc77f871a30780958b09165454f2
1492,1764562606.8710992,0.000021200,0.000014517,0.000023484,0.000016050,0.000020368,0.000033692,6bea99b0465ab94a440eb1445b2f72573815e2217e417f7a14e699750b16ddeb
1493,1764562606.872277,0.000021209,0.000014587,0.000020528,0.000016100,0.000021329,0.000034704,0152c58d71c554b7e87c248027568485400706fe40378d5cb9fba7155c009cb5
1494,1764562606.8734257,0.000020909,0.000014757,0.000020638,0.000016110,0.000019666,0.000033251,b9003e4a7ffff3e2d21ce9566f08cf8037f6ed3f1c3d81a7de4f1382cfdbb5a7
1495,1764562606.8746018,0.000020929,0.000015018,0.000020478,0.000016080,0.000019787,0.000033341,b1c85da5974e65343843728ca6be6aad513bc3a3a6d5731ebea195c835d723cd
1496,1764562606.8757644,0.000020488,0.000014977,0.000020859,0.000016000,0.000020427,0.000033412,4627a58a250af3989b0c6dec8b355fbb577f26cc34e98e77785f9107321cb170
1497,1764562606.8772757,0.000021199,0.000014878,0.000036949,0.000018304,0.000055102,0.000044632,0757ad876b7e2ad1057e61877568047f1b8e680a68bd39706d4d68f68cb36b66
1498,1764562606.8784492,0.000026590,0.000015819,0.000020367,0.000016811,0.000022833,0.000034343,4a70d42ee7a3456a3d299184f8fdc0c1625a7157ca0ac505a159f9275f1cfd67
1499,1764562606.8796048,0.000021088,0.000014997,0.000019667,0.000016240,0.000022652,0.000034955,08bb0aca98a499ed068fe0d1b0226a7281c9400e2194bf329cb142d3f37bdbbc
1500,1764562606.8806787,0.000020397,0.000015189,0.000019296,0.000015809,0.000019687,0.000032840,15adc6bc49f04a6c5b9ceae8ee9eb472d79de319c9cf46eb757be3d175d452f5
1501,1764562606.8817499,0.000019817,0.000014668,0.000019205,0.000015468,0.000018444,0.000032641,64c8c23a47ab01e447bcadb38a28de397808a4ec069cb360b50e24a9ee2fcbda
1502,1764562606.8828232,0.000026378,0.000014837,0.000018915,0.000016020,0.000019667,0.000033061,00c73bcc7601ffc0f981cf45adf1c265f6256e52aded9d0bab699ab3a87dcacc
1503,1764562606.8838904,0.000020508,0.000014557,0.000019516,0.000015419,0.000018865,0.000032791,09b05de3bb7de1216dc62deebd1f35b46ac0c72bf58a0f4b4e717ee4f842b796
1504,1764562606.8851697,0.000020007,0.000014247,0.000025948,0.000019997,0.000027882,0.000042950,6bbe870e29eb5fad05ccc74d5f722b73e21cf78b24c21edbd147c49e49b03f02
1505,1764562606.8865983,0.000021811,0.000014888,0.000036708,0.000017632,0.000025367,0.000040835,c1e567d52658de06272f0a944625a80b52c3ad5adfa12c3659b8541b290ad9be
1506,1764562606.8877957,0.000023803,0.000015259,0.000019085,0.000016110,0.000022372,0.000036918,f7086a9be1a5ee7451e62a8c288d027ee251ed13019802105e0e85ed7d04b3ee
1507,1764562606.888879,0.000020808,0.000014196,0.000028092,0.000015528,0.000019616,0.000032961,b4722a75638e56b4987e17e5ba59458a0bab2380ff20f7cb45646957aefd6e5e
1508,1764562606.8899581,0.000019997,0.000014086,0.000019957,0.000015639,0.000019546,0.000032750,e1e0e545970bfa1ceaf41da49df4c2892043225a8d44437374d273cfaeaf2237
1509,1764562606.8910027,0.000020458,0.000014487,0.000018354,0.000015368,0.000018534,0.000033041,305e8b1f76b94148d3c25925a6282680414f1d50728df0e07223958676450eba
1510,1764562606.8920496,0.000019546,0.000014557,0.000018805,0.000015679,0.000018704,0.000032681,129d0f313d91c14aa406b64e5c79c80c935ed859108a8c41f09fa71e377c9595
1511,1764562606.8932884,0.000020588,0.000013965,0.000028182,0.000019075,0.000024465,0.000037980,6baf33b54f6fe5ba55f66289091b7f6dadbef89c23b94f09f4e7055b0660b2d3
1512,1764562606.8947968,0.000027961,0.000020829,0.000029845,0.000019687,0.000026669,0.000043240,03f637b20fe4d2421a6bde3fbd5dcc6a2d16861c0fb60dbc3d38cd672c348d9e
1513,1764562606.896119,0.000027331,0.000015369,0.000020618,0.000016120,0.000035235,0.000038732,0533995858b4aa5fa716c957cebf02f2843723073d4c13c557435f767cf094b4
1514,1764562606.8972132,0.000022071,0.000014947,0.000019466,0.000015348,0.000022952,0.000033061,3baa9ace7176e2ef8ae966584f9a942cd6784f139bca9d899c20d411e912e890
1515,1764562606.8982844,0.000021269,0.000015228,0.000020037,0.000015649,0.000018875,0.000032991,cbeabb148f2604eb4d6b9851ce553582823a6f748ed20df90e140d8fbe27093d
1516,1764562606.8993518,0.000020908,0.000014687,0.000019606,0.000015249,0.000019105,0.000032710,f49e8f0dc884c932548e3516655ee6bbc52a57d84eebd3fbba2ba4d32f368770
1517,1764562606.9004173,0.000021399,0.000015278,0.000019637,0.000015348,0.000018434,0.000032561,be75750e71e5ac8b4e2b048d913fdaf1ef4459ab7612463167655f2b597f5453
1518,1764562606.9017892,0.000024525,0.000026158,0.000030145,0.000017542,0.000022201,0.000034914,0e39883fd98d6b9eb4c50a7bc1e19ab1f43a128e41193b7536439be5280ced33
1519,1764562606.9031987,0.000022822,0.000039754,0.000023333,0.000016410,0.000023854,0.000054341,22d930837b665dbdcb0714be29e2e888ebaee493fdbb0a01142e6d662082b5dc
1520,1764562606.9043314,0.000021089,0.000014577,0.000019766,0.000015669,0.000020458,0.000034203,79d91952e5ea783261b306178b0b809ac0f20730c47b8eb3771403e728edad88
1521,1764562606.905387,0.000020348,0.000014417,0.000019295,0.000015478,0.000018484,0.000032580,82d0a293b4b6bac3d31a0884f9fc62b7f45bf61dba15eb3bced08ceba01abca4
1522,1764562606.906457,0.000020378,0.000014727,0.000019516,0.000015789,0.000019706,0.000032890,0d08e5f31230f76f6dada74a0619988e7a865697956797819d6242a742cbfac1
1523,1764562606.90752,0.000020849,0.000015178,0.000019185,0.000015429,0.000018644,0.000032580,122e0c528a15170577c46841a8b9e3fd3f6b5950880f611d0624802aa1f9e24c
1524,1764562606.9085782,0.000020187,0.000014276,0.000020087,0.000015489,0.000018374,0.000032670,a37325a1894621eec6638de5dd3bf13ac65658ecdec36af493283a24035edc8a
1525,1764562606.909849,0.000020598,0.000014577,0.000027201,0.000016441,0.000021259,0.000036287,61702b694d483678fb70eb3b460d64fcd75118f7c3857465833660fcdf20a044
1526,1764562606.9112318,0.000027431,0.000020819,0.000021911,0.000020007,0.000029435,0.000035776,f5fb117c9e3709c2bdfe629fcbb53b456df0c5be14ca369c4e8afcbb32dc31ef
1527,1764562606.912519,0.000021930,0.000015910,0.000020157,0.000016300,0.000025357,0.000037709,38c0c276cd2e14fd176f75bb5ab53e41a3fb3a31162c6478c886ae5a41e55a1e
1528,1764562606.9136145,0.000020788,0.000015038,0.000020087,0.000015800,0.000019005,0.000033342,762a1642c769ec9b28ec46a70ce349ece4d798a345be710a8bb7a4788bddb1b5
1529,1764562606.914685,0.000020007,0.000014447,0.000019586,0.000015628,0.000019215,0.000032570,9f2bf1b7986a46dd7cfbf0d44eb3bfabdb160391153e5debd3edbd2e270ce6f1
1530,1764562606.915824,0.000020889,0.000014326,0.000020778,0.000015839,0.000019916,0.000033441,aa309d75399f0e87a09db709789f21a55dff8e0c9639902f362907e23dfdfb53
1531,1764562606.916948,0.000020789,0.000014507,0.000019526,0.000015459,0.000018905,0.000041507,bf85df290e57024b3d5b877f09deb44cc28c21807d8c3fda1152514f57ad8d4f
1532,1764562606.9181333,0.000020938,0.000014497,0.000025296,0.000015749,0.000019306,0.000040124,a1a800f33014177feb27939a16731d7c17707376067eaba25cd37afbc1eb3be4
1533,1764562606.9194286,0.000026159,0.000020838,0.000020709,0.000016912,0.000022381,0.000037569,26d2a3c3f6685231d8a8dd3778611c0cf0c8be8e4704a9c51354d58bb826f0a4
1534,1764562606.9208732,0.000021610,0.000015328,0.000026599,0.000017703,0.000024986,0.000035906,5b450f04495fb1295b47846a4412f8dc57a4645a3340a2344ec8b8ef3eb29df5
1535,1764562606.9220817,0.000020739,0.000015088,0.000023433,0.000023764,0.000061093,0.000034594,b33fad610b26bc7c769edbb6f1f291237150aa672de8b20eeae59d886ec9f830
1536,1764562606.9232354,0.000022902,0.000015819,0.000021690,0.000018074,0.000026489,0.000034724,3185de4338621d128ddfaf75c8454d1f828962ee62260ecedb8d110c270dea73
1537,1764562606.9246082,0.000024525,0.000015228,0.000024855,0.000020698,0.000024415,0.000040355,e8d6852786857242ed77fd92b955791b97d167b3cf60a4456e10a32e95751879
1538,1764562606.926053,0.000025988,0.000015148,0.000028483,0.000017853,0.000025597,0.000045294,8278892fe80c89f8f38a0639973e40d0bc0846ecd8b8896d73b6fcbb166f8162
1539,1764562606.9275346,0.000028553,0.000017763,0.000028072,0.000022862,0.000031528,0.000039382,ab0bd8b891302b0f693aadadb9bcd2b6caf24f42a7beee49891a34efe5b09f9e
1540,1764562606.9293487,0.000031638,0.000020849,0.000030767,0.000018764,0.000030356,0.000048780,ac1e014f08f8f0b5260ef2a1ecbc1911537d5feac6582d6e7a4f0361928b1b2d
1541,1764562606.9308681,0.000034604,0.000016200,0.000029384,0.000018825,0.000028833,0.000048580,588d99a6332526c5b610d3bd63ee0259c78e17775a0605b15edcc38aaaa4fc15
1542,1764562606.9322615,0.000033321,0.000019235,0.000021450,0.000023603,0.000029525,0.000045414,2b99e1ea9b38be40bc6fa0358c012dd67d9e02f44602d73b8bfafc4bf609189e
1543,1764562606.9333584,0.000021129,0.000015428,0.000019566,0.000015449,0.000019206,0.000033111,91d22b84b724e0a242fe4c145dfb63e394a13af3cd89db0a6001244e15dd063a
1544,1764562606.934451,0.000020728,0.000014877,0.000021440,0.000015368,0.000018945,0.000032551,01ad3d500411dad372dcaa66ef100fedf7f87ebaecc567b0d0c18f6eb68beb94
1545,1764562606.9356081,0.000020848,0.000014597,0.000019887,0.000016290,0.000022101,0.000038080,3e838ffa71709fde9c5ec5a238814d840f6aa0b82ecaf4232bdb43c450b9e64c
1546,1764562606.936879,0.000021270,0.000015108,0.000031098,0.000017222,0.000025618,0.000045303,2656be58b919566c763f9d881bfba13289f17c1966d189e20d65aa8cc98bb0a3
1547,1764562606.93805,0.000023423,0.000015048,0.000019366,0.000018905,0.000024395,0.000038742,f532393dda5a61d6e176e613bc21813bac461ae41e5fe114e0cf77d7a073bef2
1548,1764562606.9391308,0.000021710,0.000014357,0.000020207,0.000015608,0.000019195,0.000033451,08237f8c5798547b0f6cacb29c84dfa05ff629c278ed3d83de3d834cbeed582d
1549,1764562606.9402008,0.000021269,0.000014617,0.000019777,0.000020448,0.000018805,0.000032821,65264a65d6a8bde5098ca7e9350b05b6bceec1817a565759e87a8866fde56142
1550,1764562606.9412599,0.000020208,0.000014557,0.000019066,0.000015538,0.000019065,0.000032660,360a0a0d1f7b55072d24389702f3c5987eb3a7b57b9005983f3dd926d6cb2355
1551,1764562606.9422975,0.000019777,0.000014087,0.000019677,0.000015128,0.000019095,0.000033161,6a54050dc32e7ab3b4d9d1b12ce398bf8041c949156e5a969804655b98bc6b11
1552,1764562606.9434674,0.000021800,0.000014587,0.000024786,0.000015790,0.000022461,0.000033452,f22a09d43ac958ff0df334ce60e0144d5d3fea4e5d35c97b761d1f0a25cbeb44
1553,1764562606.9446578,0.000024225,0.000018324,0.000021560,0.000016400,0.000020317,0.000033112,22aa19029ac97df5f75ef3f20bdb1cf10ba70ceedfbc730e29404387d3985f1c
1554,1764562606.9461288,0.000021751,0.000015158,0.000035927,0.000017483,0.000025507,0.000038481,f3b4aacfcb18f9ca0a40b70690df5d63a9338162141da12ddb1da2ae32cfca75
1555,1764562606.9474454,0.000024525,0.000015479,0.000021039,0.000017332,0.000023914,0.000041216,e95aea11088d80eea5a5277f11c01ae7e5353a71e0202ffa7a82ec6278b486f4
1556,1764562606.9486172,0.000020809,0.000015058,0.000020267,0.000016179,0.000019926,0.000034344,7c6ecd69df695ecfeda89fcc4782398b340ce9a98df1151d47cc60ef6cc8b2a2
1557,1764562606.9497643,0.000021289,0.000015118,0.000020277,0.000016410,0.000019717,0.000033402,755d60cc587bd5eec402c0a8e7092edccbbc79d7febbd3c048ccfc149ef6fff8
1558,1764562606.9509628,0.000023504,0.000015068,0.000020498,0.000016301,0.000020628,0.000033352,479399b6bad6022a1b3c18919b524a32517d287aa34bd76d851ba93641b31705
1559,1764562606.952134,0.000020868,0.000014818,0.000021419,0.000016200,0.000020348,0.000033622,ded528b2eefa701abb1d1975f63c9384bff7c72adea6cddc46f2c9d4cc9b8ec5
1560,1764562606.9534538,0.000021299,0.000015469,0.000036698,0.000016431,0.000023483,0.000036136,9af6d28d3ce00f94fcea8881328cfc0b2b068771947d9fa06f8831e48a7e7fe0
1561,1764562606.9547658,0.000023403,0.000014938,0.000049040,0.000016360,0.000022422,0.000037409,708504a2d3abaa634845db573098cd98f5feadfb688b61fbef735b15b0145d1b
1562,1764562606.955931,0.000021479,0.000014758,0.000020618,0.000016400,0.000019596,0.000033512,fc90d2b4ad3a73f2d99c773c93ce2536fe5099f003ff0ac2b278ccc6f34d7bcb
1563,1764562606.9570673,0.000021109,0.000014506,0.000020438,0.000016130,0.000019606,0.000033441,e7aaef33bd9dbd93b1f6eeb954cf10b1fb82b175280293aa3d1d65dd94a0163f
1564,1764562606.9582245,0.000021740,0.000015008,0.000020458,0.000016030,0.000019897,0.000033492,f44e6920237c0d3a09da30542ce19071dae491c0cf1f8743b64cc950628ab590
1565,1764562606.9594183,0.000020849,0.000014587,0.000022161,0.000015890,0.000019957,0.000032960,3d6d15ea3b6f0180c973f331fcf4323b9e063b094f310d39bef2450e1201c683
1566,1764562606.9609768,0.000022161,0.000014757,0.000048609,0.000019105,0.000027160,0.000042188,a5778dabf55c8e97f0e62790cdfe55ecb88f708bac5c2746c330f0a1d69da4e2
1567,1764562606.9633117,0.000036728,0.000017663,0.000034875,0.000027140,0.000051726,0.000077102,64628de6c4d92d0773469afc741fa938f675f137e346319dc1dbde05b4ad279a
1568,1764562606.965076,0.000030366,0.000017602,0.000026549,0.000021931,0.000035015,0.000052578,32272872eba6ba54ea8e9049e571c8b08c394ece787bde9429b5cd9e2f44af2b
1569,1764562606.9664075,0.000024596,0.000015779,0.000021750,0.000018424,0.000025767,0.000039282,c039f016367967cf42f27195775bca8d0cea52673f3998ea909423fcab6d3b77
1570,1764562606.967795,0.000022702,0.000015058,0.000025827,0.000020088,0.000037880,0.000042088,db653d294bb9783f0cbc4846177513b3a2047a329742a3a79aa1bc55d9c76eb6
1571,1764562606.9692132,0.000024255,0.000015789,0.000022802,0.000020057,0.000034735,0.000053819,37b4c7f3f2f43939f84c7c01dd902620c7c4a551cba8feed6038bcd3875e517e
1572,1764562606.970393,0.000023563,0.000014857,0.000020438,0.000016240,0.000023914,0.000035195,8ed7251c04a6c53b8906160d1f055187cff9dbbe64e8bbdbbb76e36a027681e6
1573,1764562606.971482,0.000021570,0.000014948,0.000019305,0.000015739,0.000019435,0.000033371,114d623c1ca6f37f7d18c70b9a4decc5e0af7ac6a3f43ad146da9b7b5ab91638
1574,1764562606.9725816,0.000020227,0.000014486,0.000020428,0.000015519,0.000019626,0.000032680,97528ca2ac5edaf2566f87c2afb548fe6c8babfcade8ea0e163e3814d37dfef9
1575,1764562606.97382,0.000020007,0.000014206,0.000024655,0.000017552,0.000030156,0.000043780,bc9c53b0485376efbefe92e7dabea5c951475f0c6bd42571aa3915566941528f
1576,1764562606.9750865,0.000021720,0.000014917,0.000024716,0.000018304,0.000024716,0.000038140,db9c1d575b42592a8bb5b967c09ff08f097534d11796f6d1849d1e04bddb3942
1577,1764562606.977047,0.000027010,0.000015659,0.000028473,0.000021650,0.000038602,0.000062315,e6c32351d259c80369a71317dbb2faa6efb1e68a2fc82bbfb4e1dc369e87c5f1
1578,1764562606.9788227,0.000025658,0.000015429,0.000023925,0.000031629,0.000043461,0.000072494,c7c23736a27cc284d900590c105d3b975c3813a3c562617eab33697182fcdcce
1579,1764562606.979939,0.000022722,0.000015007,0.000019796,0.000015819,0.000019326,0.000032841,13c56f72c68385ca0a5f6884adcadb7a9a5b7456b2312057f54dd70ac049b22e
1580,1764562606.9810185,0.000021059,0.000014997,0.000019716,0.000015669,0.000018935,0.000032820,d53a2341283134a4b6e37c737e80068938180c0b94eac139cbac8f2d8531c79f
1581,1764562606.9820833,0.000021800,0.000014697,0.000020177,0.000015238,0.000018565,0.000032660,80e3614808890b699df9e45f10aed40147a0362163fbf09c19632d35740bf56d
1582,1764562606.9831588,0.000020838,0.000015108,0.000019125,0.000015299,0.000018995,0.000033312,13045f0d668ad41875f267a6b3dabf1d669962627038c7127cfd5bcb72ed6c5f
1583,1764562606.9843464,0.000021540,0.000014396,0.000020859,0.000016791,0.000022241,0.000037169,265465155d363a396cd6a52c823be5c83c23fa6b2728c1dc74de6995a92ac0db
1584,1764562606.9854772,0.000021520,0.000015138,0.000020258,0.000015859,0.000021570,0.000034925,470f6a719f5c32331c810e3474d35dd52dde2636381cd5579a24fdccee4dad9f
1585,1764562606.98664,0.000022391,0.000014947,0.000022461,0.000015919,0.000019967,0.000033051,96fe443e540202ba72cb3ee2de2d502fe7f4eafa6528553a0727589bf95ace9f
1586,1764562606.9879053,0.000022461,0.000015199,0.000019706,0.000016521,0.000022401,0.000035516,d4b9f0d09bade3cef6cf4d9fef3c2ab113405311d54492cd79ee67557f781dd0
1587,1764562606.9889753,0.000020749,0.000014988,0.000019416,0.000015589,0.000019836,0.000033161,4353442545bd3fbb9c0c5f14aafe4de6528f4ce5e3487b6d3214294d89717843
1588,1764562606.9900563,0.000021009,0.000014838,0.000018975,0.000015458,0.000018844,0.000032651,ee9a73a2d4d70425b3aea6f463e03ae3b9483e349db80873b7e9e5ea7f8883a3
1589,1764562606.9911242,0.000020547,0.000014727,0.000019055,0.000015328,0.000018935,0.000036858,9236ca898d3b0dbf40a51cb427509d0cd33f0eb8e4832994375c9e6009f0edcd
1590,1764562606.992202,0.000020528,0.000014677,0.000021169,0.000015468,0.000018725,0.000032430,d3fe7d60fe84b75de62f55f18cb1c3fa303e7363525f86dafb10e0e0a1dd6058
1591,1764562606.9934218,0.000021439,0.000019476,0.000027421,0.000015939,0.000020868,0.000035746,28f8a305ebe57806349af484b14ad5c054abddb3976a9a1fc24654bb7e2496c3
1592,1764562606.9947531,0.000022982,0.000015389,0.000026178,0.000020347,0.000026629,0.000036617,0899a66d0a7bdd9c6b692e2783aefa6d2516ab6274ef7efa1487bd7711d5baff
1593,1764562606.9958766,0.000022331,0.000014868,0.000025227,0.000016040,0.000020117,0.000032951,236b46760feca3ca03f5847290334087d1751ebd5375ec125913c3b74e06f098
1594,1764562606.9969456,0.000019816,0.000014166,0.000019045,0.000015799,0.000019516,0.000032861,a2f719925f957636d0304d7993efb7cb55a2d35f0119e7711ea874b48f6d2b7a
1595,1764562606.9980116,0.000020148,0.000014748,0.000019186,0.000015599,0.000018194,0.000032500,513d985454af65edf16c71dbb555a2fff84060fb006620bf21d359c6b8285648
1596,1764562606.9990683,0.000020689,0.000014647,0.000019325,0.000015228,0.000018364,0.000033241,e5fbe29d5e15b5cd9807788c210726177482c39fdd813f826f7696081d7f7ca1
1597,1764562607.0001202,0.000020268,0.000014517,0.000019005,0.000014938,0.000017713,0.000037770,e59380a2b79e9b718681d63dec0fc5fcfa3a16d72d0f3211ab3600e9e439b1ee
1598,1764562607.0012636,0.000020668,0.000014948,0.000025667,0.000015208,0.000018554,0.000034063,f2818d15eb70f36b0b5a95dc9b93e4837162277fe764afb3838a83ed2d7f8d71
1599,1764562607.0025373,0.000026319,0.000022372,0.000022742,0.000016240,0.000022632,0.000036166,f0e80f81428a9e4a37d25de939f3fa8e8138374f8a5c5ba3d5b3fa842acc7f35
1600,1764562607.0038404,0.000021600,0.000015038,0.000020137,0.000017332,0.000025577,0.000037420,e0275100ff341f1692179247379b7492269d3f05067bd979f2f198769e642656
1601,1764562607.0049233,0.000020748,0.000014887,0.000019105,0.000015849,0.000019516,0.000032740,5027efcaa06e65bbbb155dbb87e1ee62260af3896cfe1d27649c1da95f2b8a9c
1602,1764562607.0059958,0.000019957,0.000014306,0.000019566,0.000015469,0.000019326,0.000034664,5274d14b5369034df789abc067d00e21ded6b612109c65d25740ed698206b91b
1603,1764562607.007075,0.000021350,0.000014587,0.000019085,0.000015438,0.000018474,0.000032601,8e2d6c548a0f3fcd3d73d8dd081a62a1a965626ce3220af1961ff3ecbb1173c0
1604,1764562607.0081244,0.000020248,0.000014567,0.000019616,0.000015409,0.000019286,0.000037419,ec3e32b696c2c63d605a9c68e5d47a4f1239081a63247794f27f24e8216ab9f0
1605,1764562607.0092025,0.000020348,0.000014486,0.000021640,0.000015088,0.000018424,0.000032590,d8818dd40aa2c5b40ae40be31d801cd477f520b9f44a81daef12e9abd3ec784b
1606,1764562607.0105314,0.000025326,0.000018474,0.000025376,0.000015639,0.000022903,0.000036858,d8cd897c276f09191ab53c9f78ad4c3ab2418e44735e0d758bbfd6d7dd8f1da1
1607,1764562607.0116944,0.000025657,0.000017793,0.000019967,0.000015529,0.000020087,0.000032911,e09576daf63c61ba8e028d15998784648b65b139f50fcec1d5b7116586954d3e
1608,1764562607.0129435,0.000021660,0.000022251,0.000020187,0.000015970,0.000021840,0.000037870,3c61dc9bd481ab4b091f2713fed1872b375f5a0d3905f8a2505113c68cb19a39
1609,1764562607.0140276,0.000019877,0.000014778,0.000019526,0.000015999,0.000019476,0.000032891,328bc87592dba1ba3dbdb41cb379b81f1edfc884d231dcb329a4f9a2407a4a41
1610,1764562607.015091,0.000020768,0.000014577,0.000019496,0.000015639,0.000018795,0.000032601,d811864fbd1557f8f2af95c2f55401f14d51ebd95d17173c3ee20544364cbfbe
1611,1764562607.0161283,0.000020387,0.000014447,0.000019195,0.000015639,0.000018153,0.000037760,1537f52f61320aeea35057f5ab616107345839c4049a62b9704fd1778f0e2cf6
1612,1764562607.0171824,0.000019977,0.000014847,0.000019255,0.000015619,0.000018574,0.000032490,43d5e0194fd81ea99aee9b01918b1a5bd038f91696efba91ac19917db767f822
1613,1764562607.0185106,0.000019797,0.000014167,0.000028102,0.000020518,0.000027832,0.000041467,2dd9f2822f6a825e81d60c5c4fec23fe5e2c030b71140375c0cc3297b2fe718f
1614,1764562607.019621,0.000025387,0.000014236,0.000018915,0.000016250,0.000021299,0.000033542,8b0328d992d34e3fcbec6e45ed9a636ada4ed095f67e6da7162deefb15490daf
1615,1764562607.0206802,0.000019737,0.000014347,0.000019436,0.000015949,0.000018804,0.000032651,dee11aba7376d7262d4defcc47c28ec7b285c2b98cbee95d7729eb592658bb3b
1616,1764562607.0217814,0.000020338,0.000014086,0.000019736,0.000016040,0.000020087,0.000032841,b5695072233c70f5ae3e31e98cbd6077f53feb1608ce2fed92732bc28d31bb33
1617,1764562607.022843,0.000020999,0.000014166,0.000018965,0.000015449,0.000018564,0.000032620,0efc3320605b485a89001fa7a87b655e065e147d4333c752e49e6b4d880b78c0
1618,1764562607.0238976,0.000020588,0.000014607,0.000019045,0.000015309,0.000018544,0.000032930,cda3978341278d95d23d1b7b9558f379d1b47c01e7cfb8f625653811c781a6d6
1619,1764562607.024978,0.000019746,0.000014246,0.000019335,0.000015158,0.000018424,0.000033191,b4538ceda114d34d2b9b03e6713f7693f354100687579cff656867eaa59c3dbf
1620,1764562607.0261083,0.000020127,0.000014527,0.000019406,0.000016320,0.000021249,0.000034253,2408e31963cd53f0e0096334b62054dcbcf6e01ec062cc656b93bf1b496a4de0
1621,1764562607.027335,0.000020057,0.000014076,0.000019315,0.000016520,0.000021059,0.000036007,0bfe9ce6bb798f03c9e3ae14a7125811f25f051a4c10406c46ad66a98988cf6b
1622,1764562607.0284348,0.000019866,0.000014417,0.000019566,0.000015849,0.000019146,0.000033001,74e657b80049da8034e9a4ac497e1445840233e4f7f56361752144517c9624eb
1623,1764562607.02954,0.000026078,0.000014938,0.000018765,0.000015209,0.000019626,0.000033472,dba2a5326592e7ba447c8d1df81834584fbf3becea822b3f455fd4a5c17a9a7f
1624,1764562607.0307293,0.000021089,0.000014367,0.000019145,0.000015999,0.000018494,0.000032049,736a678e0434ad8d453ea87004ae92a14afe21171f71078ecd9c4a61fe02b14a
1625,1764562607.031828,0.000020267,0.000015168,0.000018995,0.000021340,0.000059750,0.000032760,9a1aad55d591ebb9600a8feaabd5fa69aa0b9720ea6dff34651b74888b45e6f4
1626,1764562607.0329404,0.000020598,0.000014307,0.000018755,0.000015138,0.000018314,0.000032130,ce3e8fd8145e13e96b5e1f3f5de1df16eeb23b3baef11c9634638f379aedd908
1627,1764562607.034028,0.000020017,0.000014898,0.000019075,0.000015519,0.000019305,0.000032299,f11c75201a1b985274f9c81510e83fd152916ff262c6fb8d72773d86741becdc
1628,1764562607.0351682,0.000020247,0.000014496,0.000020668,0.000016440,0.000021099,0.000036006,a1d13bff23c18034c3015af29105b6e8b40101c6a8898a5acff59f951f2c511f
1629,1764562607.0362616,0.000020608,0.000014857,0.000023954,0.000015629,0.000019507,0.000033131,239c351b5fcef2436a109451d8011ec8ac11a3fbdb0cfaf15dd37d915fd15219
1630,1764562607.0374663,0.000019977,0.000014206,0.000020868,0.000015979,0.000021600,0.000040034,b0cd39c53afcc51ec9690de8cff2439f845d46ec93a0e49dc1f0cdc0378038df
1631,1764562607.0386553,0.000029204,0.000015959,0.000019025,0.000016039,0.000021229,0.000034794,ca5a8a3d8b4f6518b6d2a69621a4563bb9947ba82f11b9c7fbcdbaae25a74f23
1632,1764562607.0397327,0.000020368,0.000014247,0.000018905,0.000015930,0.000019997,0.000033071,6d89638eaf1579266a7988b3d9946695e3fab414801e8484109398c58d825eaa
1633,1764562607.0407922,0.000026870,0.000014798,0.000018995,0.000015399,0.000018524,0.000032661,d6bcd40ac7ed79d965daabbfeba06e074a11f4cd80ca5a81db955d688ea66eec
1634,1764562607.041847,0.000020077,0.000013966,0.000019206,0.000014868,0.000018514,0.000032339,c7e2f8c06ce44e88d746cc0e36f2f3541b87e1baf338c9b1710d96672ac30c96
1635,1764562607.0429997,0.000021049,0.000014376,0.000035696,0.000015599,0.000020838,0.000034974,906668fe7906bf435f141b1160aeb38d6a497d5a04545c263645b20ae0e24ea7
1636,1764562607.044238,0.000020087,0.000014276,0.000020869,0.000017953,0.000024575,0.000038221,a6f38b42878315b3cf5edb7a4f33fa32b4c9743189c36bff25bd052d3fa58d4a
1637,1764562607.045516,0.000020959,0.000014537,0.000020068,0.000018785,0.000023994,0.000041877,4d6a8f0149a30c003303d5c4961d5d27af1023365131c519bf75950c29d05dd6
1638,1764562607.04657,0.000020348,0.000014356,0.000019426,0.000015558,0.000019276,0.000033062,b4ed8cc3c918d26a02e2e56f7170319bc82a509d7735a64fe6b2ad220b9de639
1639,1764562607.0476367,0.000019757,0.000013856,0.000019125,0.000015809,0.000019065,0.000032550,486a371bf9584bcac485b441675cabcde3f4098428d416e1b2f450e495a33bf8
1640,1764562607.048688,0.000020799,0.000014347,0.000018785,0.000015398,0.000018775,0.000032480,acd38231f82ffd172e8ef79ff844466a172e815c32f6589db1957dfdc3357730
1641,1764562607.0497124,0.000020137,0.000014296,0.000018764,0.000015409,0.000018244,0.000032500,6dcb903e2564b908d9409264c4a095b4ed5f112ea0ac5a699ee161eefd285181
1642,1764562607.050889,0.000019616,0.000015118,0.000028954,0.000015589,0.000019587,0.000039933,d651dda5adb9ce11da269e9c5a9f5ac00e599e02c194295c72e8eec741cce28d
1643,1764562607.052081,0.000022081,0.000014877,0.000019997,0.000017462,0.000022271,0.000036979,266e14dd0c32be24b05dc96e4dc8609a7fc5768ba3109e2393bf55ad4bd358c6
1644,1764562607.0532966,0.000021189,0.000014347,0.000023604,0.000015568,0.000019757,0.000038982,8209ea0de2a17abf808003266b0aee7af3ca22b277c6f6c5f85cdda591db9622
1645,1764562607.0546622,0.000021750,0.000014637,0.000019797,0.000017622,0.000025237,0.000037749,d95e6db36068387d2b90e8cc675ad900fd11549ef56e15aa4e83279ecff66574
1646,1764562607.0557444,0.000020447,0.000014707,0.000019456,0.000015759,0.000019125,0.000033201,10e3496d88dc1f8d0077cef9f9a8370691cae5077e113196ee47c0b8c0d48701
1647,1764562607.056802,0.000027481,0.000015037,0.000019386,0.000015448,0.000019225,0.000032771,c92973fb6533553e27517bd3d2ceddb046ed8b6524d34fbf69f0c0ecae964075
1648,1764562607.0578544,0.000020578,0.000014327,0.000019065,0.000015438,0.000018705,0.000032690,568300e41f094d1e8f3d8ab2798aeef25742f7ccf5e71b098aa9e89f0658188a
1649,1764562607.0589542,0.000020238,0.000014586,0.000021791,0.000020027,0.000020187,0.000033813,c09992dd87e8ded7ac7ad19ae3a78bd062c87fff1fa1b3b1d5f694d120fa747a
1650,1764562607.0601194,0.000021500,0.000014106,0.000020477,0.000015709,0.000020738,0.000037780,9b6a3d60d5fa18cc88f7d83b44d96cc1f32f9435a4bc9c1a61435381f0ebd984
1651,1764562607.0615115,0.000020298,0.000014467,0.000027851,0.000020568,0.000026348,0.000037850,9e53ba8c7de7ebdc2a4d69d8deb803f72779d4534c6915c187e21639770259e3
1652,1764562607.0626214,0.000021009,0.000014867,0.000019416,0.000015559,0.000019506,0.000033121,31975b6489faa4648f3d267dcc3332acc756511e6493374513e6e79c4ff24278
1653,1764562607.0636725,0.000020247,0.000014577,0.000019105,0.000015328,0.000018584,0.000033332,993fe26efdf3b1b345358d24246500b58f71cf0651f242a870baec8036081866
1654,1764562607.0647445,0.000020839,0.000014998,0.000018915,0.000015408,0.000019456,0.000032630,0ad8aabd7fe81539a2ca74bfdfac6f8521ed020c8478e6d8d94cacfa851d10bf
1655,1764562607.0658133,0.000027120,0.000015629,0.000019075,0.000015168,0.000018364,0.000037520,e47034d8fcfa638130a213d101068371c3e9d15ba805448df70edc9ed70a9688
1656,1764562607.0668793,0.000021089,0.000014577,0.000025497,0.000015118,0.000018324,0.000032280,42afbfc3738fb8c330f7710e5021ab1cfafa8b0d10d5ffeb2ae25aee35ef88b4
1657,1764562607.0680623,0.000021921,0.000015178,0.000020438,0.000019235,0.000034354,0.000039433,b1965125eb545d1013c6f12247b8d365118bf7c44c6ed9313ebbd5fa4fb62709
1658,1764562607.0692031,0.000021399,0.000015298,0.000025296,0.000015378,0.000019386,0.000050373,3680752c09aff76c4d54290cd19b18e362174dc4ef4ea614f14ba9d91ba86f60
1659,1764562607.0705612,0.000027361,0.000018464,0.000020839,0.000018514,0.000027140,0.000039142,b8080681854dd6b781415fb208cdda3da3f52605fb9cf4605ea0b09baf61d331
1660,1764562607.0717337,0.000021470,0.000014808,0.000021319,0.000015659,0.000020318,0.000033262,5889932f68679d28e62027ddfcd2b14ca130f94ded359721a89d7f6a4f4aebcd
1661,1764562607.0728097,0.000026719,0.000015989,0.000019186,0.000015459,0.000018664,0.000032700,41a4faf8758a604e5fd07de0330275e7c3f045b6bd03a57565fa70882fe1e90e
1662,1764562607.0738635,0.000020608,0.000014397,0.000019005,0.000015378,0.000018774,0.000032961,86c14eb36226ede69bf99d40e517768405f81a0c58b248c7ce9f49703549ca81
1663,1764562607.0749257,0.000020087,0.000014366,0.000019236,0.000015068,0.000018344,0.000032700,07bfb7cf40cd6f0bb59450fcf3ea93bbc99c21b8f9a9d621793c00c82ca03049
1664,1764562607.0759919,0.000019887,0.000014257,0.000019707,0.000015348,0.000018934,0.000032551,817d568d4b18ac332a9bbfd56d3b74bff0c8f214f404355c3a65a327aae094ae
1665,1764562607.0771174,0.000019847,0.000014357,0.000021259,0.000015609,0.000018865,0.000033432,39d83cb8e8b6edceb3ac0b13e9515c390518abfcbbdec49c15ab338e377dd20e
1666,1764562607.078299,0.000020869,0.000014887,0.000020668,0.000017402,0.000024205,0.000035025,cb721a6a64f55be7a4432df81d7279c68f487be21c94c4210a39e210201f1f93
1667,1764562607.0800657,0.000021409,0.000015118,0.000021380,0.000033933,0.000048449,0.000073445,badfd291ae887d51e922e80f53069e20e70e061bd4f154c6ce08e1fa77331ad5
1668,1764562607.0812418,0.000022572,0.000014627,0.000020358,0.000016851,0.000026960,0.000034724,619cb0af0a33f8f80daa2200f435ffbaf454eceb4ff3253b049d42d1c845c9b2
1669,1764562607.0823355,0.000020698,0.000014928,0.000020257,0.000016060,0.000020328,0.000034234,5bff7ca75a9b1d265e731e3dde86012f0aaa39d912d5c4fd66e6258faa6739e9
1670,1764562607.0834017,0.000020578,0.000014747,0.000019556,0.000015548,0.000019195,0.000032781,d2296f9a4f5961e584e71f6f85f39c4a0ef5a212729e047616e824e4372da94d
1671,1764562607.0845106,0.000020548,0.000014918,0.000019846,0.000015409,0.000019546,0.000032931,c57e46ee071e6adb9fd531907fc0fbdc2a7c53311b5b6f8cda4257801e548cd3
1672,1764562607.085652,0.000021870,0.000014678,0.000020909,0.000015889,0.000021390,0.000034914,1aaaf6edc250eda3ca5003e77c9a1b541cdd632aacc727f3fcbf854290f41ef9
1673,1764562607.0868206,0.000021780,0.000014787,0.000020648,0.000016331,0.000021409,0.000034444,2cb67371563098856e1912139fa52009e5ede1fba1fab79c8bf87f6acc40ee86
1674,1764562607.0879362,0.000021520,0.000014917,0.000021219,0.000015870,0.000019035,0.000034103,1d77fbae549ee4263a9002ce1e0e76615808344ed51edd1590af887f619b084e
1675,1764562607.0898027,0.000022271,0.000015849,0.000026519,0.000044182,0.000073826,0.000103992,111424bb73d116735097ccf1613906cfa5dd544c8d8f4ce07d6d7c79095f31cc
1676,1764562607.0910366,0.000023242,0.000015498,0.000019286,0.000016791,0.000022041,0.000036227,9be4aec7d213af2e889a4d81c3e8314ba2e50c039573f4ee95c47091c0901952
1677,1764562607.0921378,0.000021500,0.000014556,0.000019877,0.000016190,0.000019937,0.000033622,a11014c3c6321222e82c0529d9ea4bd4aeb3cad61c70613960576d5d6264421f
1678,1764562607.0933425,0.000021009,0.000014777,0.000023945,0.000016801,0.000021600,0.000034063,96d9847d82758c27888e1ec8c9a7a923b54b7cf074cf1b59dedb05b1741c9e3c
1679,1764562607.0947664,0.000024014,0.000015028,0.000025527,0.000017833,0.000030967,0.000043992,2ed1f19a92131d5754bae2ac813e34675254ae5c2cf69f2e4e1950609daf9abf
1680,1764562607.096062,0.000023053,0.000015048,0.000022742,0.000016621,0.000021761,0.000038121,0fb427e7949049739954f2ab9426051d4a9a186af107da0d2d0497b5c2152b85
1681,1764562607.097165,0.000021469,0.000014316,0.000019346,0.000015759,0.000019967,0.000033452,184b8ecddbf5d347fd4f059a282da81cb9592040f344cdf69a4c255865c2ada9
1682,1764562607.0982423,0.000020417,0.000014677,0.000019105,0.000015198,0.000018996,0.000032750,5884e4507534231fc3c8141f3b2a64220070c801c2ccc015b4c969681c13d6f4
1683,1764562607.0992858,0.000020728,0.000015128,0.000019176,0.000015629,0.000018585,0.000032781,faeaa65ecc7c9cfd293635c234b7bc5524ba8b3df1a0b1958868ad4347b638dc
1684,1764562607.1004002,0.000020108,0.000014457,0.000018985,0.000015679,0.000042588,0.000033202,09b2438c282b45ddc9d6c8bb390057ee5e3d7410f71a046af1b3929e6b985e23
1685,1764562607.1015053,0.000020338,0.000017172,0.000020408,0.000015378,0.000018835,0.000032249,851d203cc31271a93e3e2c1d462cf392bf96b0aad7c4d1bbf9478ff7f009101f
1686,1764562607.1025808,0.000020408,0.000018835,0.000020448,0.000015568,0.000019236,0.000033291,e629ebb2ff750524791556b5670ee7682ea44a1a79a5e40791e4b038566a0e64
1687,1764562607.1039174,0.000020187,0.000014587,0.000021459,0.000020508,0.000046456,0.000043781,f0fc0473eb06456892dae6e473544b01a3574efb626588da1e20381a383d7c28
1688,1764562607.1050527,0.000021690,0.000014788,0.000019766,0.000015929,0.000020578,0.000060361,bc140d0d4b6d278345c9f63e247e298659b1951d32fdf38a8020e522e38ecfb1
1689,1764562607.1060889,0.000020017,0.000014486,0.000019245,0.000015719,0.000018254,0.000033011,35209f1c38bf355b7f19e545320064e0c3bb853913c35a3954fff0b1a32bfcc5
1690,1764562607.107145,0.000020177,0.000014958,0.000019045,0.000015138,0.000018554,0.000037930,1e48760ab9e1e27d846baff5b06adf8ffaa7ed327d239702e221962c4123c2e7
1691,1764562607.1081998,0.000019987,0.000014446,0.000019466,0.000022692,0.000018875,0.000033031,f12583a3c09fda960ef16585a69e836f5be859d7e0610c9cd4b63cb52a8ab7be
1692,1764562607.1093724,0.000020408,0.000014788,0.000020789,0.000018003,0.000023834,0.000035776,267662130acc8dc5b06da229d0c572ab841e961c6e06d5505caabd62dcee6cf5
1693,1764562607.110709,0.000024956,0.000017182,0.000023734,0.000016631,0.000030747,0.000037118,95f807844145490e626b2ffe3fced321672e2ebec308b72e3b31dde768c52292
1694,1764562607.112174,0.000028573,0.000015289,0.000020979,0.000017542,0.000024666,0.000038050,51f0334f2e2b2bc5678714717c0eea959650d1aa8c2777b24ee612d60b033795
1695,1764562607.1133637,0.000021290,0.000014637,0.000021540,0.000016651,0.000021099,0.000033552,fd0962af5e306c363a79b5596797bfbce09f5e5d42d85c5dee1c899f57626d8b
1696,1764562607.1145487,0.000020799,0.000015318,0.000020248,0.000016731,0.000020198,0.000033552,d50c6b5e4a6f5d1348849426975663cca0d0d7d0d5d9127f7311488e21b1f5a9
1697,1764562607.1157238,0.000020668,0.000014677,0.000020538,0.000016290,0.000020177,0.000033562,417149bbba6becdebf7f7d4b840e5c06ec6dcac5d917980db8b5a7333e7c2ea6
1698,1764562607.1168988,0.000020888,0.000016110,0.000023874,0.000016149,0.000019696,0.000033391,932eb71208a1452894bae3d74967482bd49456c6bb004f936ddd1a393658106b
1699,1764562607.1180716,0.000020599,0.000014857,0.000020819,0.000016341,0.000020057,0.000033302,b2620f715256119b8aabda019fba1a4f21529f313578bff85a54b53700161a7c
1700,1764562607.1194155,0.000022943,0.000015338,0.000021620,0.000018515,0.000026469,0.000044703,c924b4dca0317a95fe9ea7a6503f786612afb39a0344bd667758c1b1148c37f8
1701,1764562607.120708,0.000021550,0.000014868,0.000020638,0.000021941,0.000038300,0.000046486,2843aaac0ae70a9c4fd3b652635aecae4ecfba8bf146e8e02aea8823f17954d9
1702,1764562607.121897,0.000021169,0.000015970,0.000020879,0.000017693,0.000020838,0.000035115,6cd2376a53b30e6ab845c6c5204ba853585e564faa790cbd91b491f7c995fbf8
1703,1764562607.1230538,0.000020999,0.000014907,0.000020227,0.000016340,0.000020268,0.000033412,0ec0867efe6ed985a8d1044c6360aeccd48ce21079eba499f81d4f79783abca4
1704,1764562607.1242027,0.000021289,0.000014717,0.000020337,0.000016059,0.000019666,0.000033481,bbf956d048dd7bed8590dce1a44f61d41ed12ac08b4f905dbef373c929a32834
1705,1764562607.1253912,0.000020959,0.000015018,0.000029154,0.000016511,0.000020258,0.000033411,6d5cba7249a90655868d9ec00e5dd0e36fa23c93d81e097a482d92bb88e18337
1706,1764562607.1265824,0.000020579,0.000014757,0.000021119,0.000016480,0.000020588,0.000034163,e8691f2c05eb4446968a764321bd508cfc60120ef84159ed5f9f93d2f7a4b672
1707,1764562607.127773,0.000022071,0.000015178,0.000021750,0.000016280,0.000022161,0.000035386,779d579858f959247e24a7d60bfd7637f794443356debce6c3a6551929456ba1
1708,1764562607.1291246,0.000021831,0.000015007,0.000021169,0.000017221,0.000024214,0.000058047,08c1e4aaf9078041ddc468188b1a5ec36bab0bb42b77307b14975709d89cb5af
1709,1764562607.1303113,0.000020898,0.000014677,0.000020097,0.000016631,0.000020368,0.000057596,3a5f882f931c82013078a72c49e1933c8bbe01788622a7b6bee8d7948a597b44
1710,1764562607.1314466,0.000021099,0.000014536,0.000020238,0.000016110,0.000019857,0.000033351,5b4be7bc5e9a8d56c2534ace84194a6bbc3f5bcd22cd52263c07cb18bc7442cf
1711,1764562607.1326041,0.000020708,0.000014928,0.000020127,0.000016129,0.000020027,0.000033793,d82bf43c9d37cbdcbc19d7ecc4e5f3fd3ea81d1139a009f68c8d5e01ac0667e5
1712,1764562607.133818,0.000021240,0.000014908,0.000020378,0.000016891,0.000019506,0.000032970,039df6c5e11e686d0c86692a9da25674a7fe0c3bd35b61745f8f54676f1d633b
1713,1764562607.13501,0.000021049,0.000015108,0.000021389,0.000016130,0.000019817,0.000033562,9f2793a4c829e994efbfde8fac8e85a666fbaa317c27ec4742f4ede87c3bda6f
1714,1764562607.1366465,0.000021910,0.000015108,0.000024154,0.000017372,0.000026469,0.000037890,0119fd2a6f3c6f1a9a117ad020e3acdb6e903449ec0ac0f186cf4a427a5db172
1715,1764562607.137959,0.000021580,0.000014807,0.000020468,0.000023945,0.000073586,0.000034794,e816eb846c3a323641468c138878dab9f56f04312ad4a16a96555a78866ed3f7
1716,1764562607.1390982,0.000020958,0.000014898,0.000020368,0.000015959,0.000019176,0.000033542,abe3f495d479a3a88911cd373b52e0706bb1aa3ccd74a9449abba0034a6d75ae
1717,1764562607.1402676,0.000021820,0.000015038,0.000020167,0.000016291,0.000020608,0.000034935,65ed02d9b730f8c7163a68d68ec0eb3e229e125db7f83228929ebe080d33c74d
1718,1764562607.1414323,0.000020688,0.000014987,0.000020368,0.000016019,0.000019837,0.000033432,34ce896a0f22b4b3199909395e3525d57da4b92b77a78ff4e9fb9f2b2bff33ca
1719,1764562607.1425729,0.000020478,0.000014838,0.000020818,0.000016179,0.000019856,0.000033432,1d36498839ba57eb6385b8fe5baf87f3ea7458bd191f640e2d22e6c4e2bdcf3c
1720,1764562607.1438527,0.000021039,0.000014978,0.000043691,0.000016430,0.000022271,0.000035546,38df37122976ce0f136b336157893be9bca810b9004883b86138967000e4327e
1721,1764562607.1451194,0.000023584,0.000015168,0.000020468,0.000016410,0.000021991,0.000035485,fe9c81510c950284745ceae8851fcf23d12fe6cbd0a1f13b3a68e9aa1994902d
1722,1764562607.1462655,0.000021270,0.000015138,0.000020658,0.000015970,0.000020087,0.000034825,5bfea76e5bf0ee94bad9d9da6fc214231a749bddf8ebf43e5b7ab544aedbc07e
1723,1764562607.147412,0.000020728,0.000014607,0.000020228,0.000015489,0.000020047,0.000033371,be66340044e1edd397fcdd6d79cf4f1e2fb42954da3f7128ddf8f5400a972944
1724,1764562607.1485798,0.000020368,0.000014858,0.000020468,0.000016189,0.000019776,0.000033752,60d02fe836b63863240545262bc27d116a929a79c679d7d65d06ecdd26bc1bdd
1725,1764562607.1497428,0.000021049,0.000014687,0.000020578,0.000015839,0.000020288,0.000033532,59236bc47dacb2a6a7170c6f1f57ee76e83f4d082dc3a6231affc44fed0d9751
1726,1764562607.1509414,0.000027271,0.000015539,0.000020878,0.000016200,0.000020779,0.000033402,a8a0120f1628e71a2898bff2e7c4cc32545f77336c2c7221541a6f8af0165abf
1727,1764562607.1522133,0.000020878,0.000014927,0.000025728,0.000016611,0.000023483,0.000040064,c74c60a8ca3fedf47729cb8f84772a5d5a9da1556ce2bdafa1173c9e7d280670
1728,1764562607.1534088,0.000022341,0.000014908,0.000020628,0.000016000,0.000021009,0.000034093,74f1631eea7033f55b840612058fe83e3313372ade424d93c1b6a9ae656de4b7
1729,1764562607.1545959,0.000021420,0.000015108,0.000020678,0.000016170,0.000020147,0.000033683,2f1e4f86f6abffd133d105ad6a53628678e02f61896649fe539fbb9bcc6d08d9
1730,1764562607.1557665,0.000022442,0.000014507,0.000020207,0.000016310,0.000020177,0.000034043,7fb6b8d1c85480c97b555e510acf719f2d5a29027f9ebf29318b362ce1db3fcb
1731,1764562607.1569116,0.000021038,0.000014727,0.000020659,0.000016200,0.000019717,0.000033301,9b9724b01695db96be61fb5312e1349844eaa3a61cbb5cf9938fcd4b5cf4398d
1732,1764562607.158065,0.000021069,0.000014677,0.000020157,0.000015859,0.000019526,0.000033321,fbf2fac90bf678bf018b51de3a710ade0bd7726f964f8a6b3eae5bc6e8ffc8b6
1733,1764562607.1592228,0.000020829,0.000014277,0.000020107,0.000016090,0.000019786,0.000033341,0066270054c7772825f2cef6faf9083f64e525f3349fdfa5e04fe0e75c670380
1734,1764562607.1604455,0.000020528,0.000014677,0.000024846,0.000016320,0.000050784,0.000034905,f3fc1d01c4cc32a5fd97368eed464a6fe9602008d2bf943f170ac74fec21b826
1735,1764562607.1617787,0.000021851,0.000015439,0.000020658,0.000016731,0.000022071,0.000036537,a9c97f39de8be2a601e18a5015498c4029088c46350d2946b026150e9d9862fd
1736,1764562607.162957,0.000026699,0.000014607,0.000020909,0.000016060,0.000020057,0.000033712,749f969934906383dcb8fc6a86552bf2a8955d43d1b68dd5bdcbe2b1156d96ec
1737,1764562607.1641285,0.000020508,0.000014968,0.000020298,0.000016080,0.000019736,0.000033371,9b0c34f90c21b61bde41cdad41930662d567cbeae132f1261be07dea5d2e487e
1738,1764562607.1653028,0.000021750,0.000014797,0.000020107,0.000016100,0.000022922,0.000033562,0f293a999311ba0994e53f7d3f3bbc14c127efe59241829e05a95c1c3336d751
1739,1764562607.166451,0.000020367,0.000014768,0.000020689,0.000016070,0.000020107,0.000033572,309b86e302a8d18caeed1e48e1b2381cc784488b61ed6e3695e2026840fb8dc6
1740,1764562607.1676214,0.000020508,0.000014938,0.000021099,0.000016280,0.000039433,0.000033632,ec2d847960949b47edd7ff7046f45866221d1b1dea005743dccee3d3ab6555d9
1741,1764562607.1689985,0.000021019,0.000014908,0.000022271,0.000023353,0.000049111,0.000053488,27bbfc6919f03b33842157646c7ec1e459a5b96c2ace155ac98a6fac9bf772a3
1742,1764562607.170194,0.000022011,0.000015359,0.000020568,0.000015789,0.000020237,0.000045775,5519b4b814113de9d57da10d91c9ab39d22e7dc5b3a6e6b8aaa865bbb5a0b884
1743,1764562607.1713529,0.000020929,0.000014717,0.000022772,0.000016210,0.000019977,0.000033431,2fe2985ba8a570af5808a10f599b99fd9cb76a52b1fc6631bee0ed901999f0a2
1744,1764562607.1725228,0.000021089,0.000015198,0.000020337,0.000016190,0.000020177,0.000033863,7135e79238348fd8d4a701490a82039c06d59ebb8bf956d1b263dcf89d72cc9b
1745,1764562607.1737182,0.000020598,0.000014787,0.000020117,0.000016260,0.000020879,0.000033212,6aa572e0b5bf5a75f64606173d5dde2cdab86be725a05e9e963c2f9f58ed8bbc
1746,1764562607.174871,0.000020909,0.000015809,0.000025017,0.000016491,0.000020137,0.000033362,b5cbaa48c682004f08603ffdf3e62b61f52db538074b6595a92e83744a7f36cd
1747,1764562607.1760707,0.000021149,0.000014837,0.000020658,0.000016160,0.000019676,0.000047959,025ce7d8b864dbd429318fca97930eeb396ff35181afd59d0baa345f4b00b904
1748,1764562607.1773486,0.000021119,0.000015178,0.000022702,0.000017833,0.000024485,0.000037780,35cdb00b89ce6c2ae555f7e1b1d4b3047e1ade20d95a6c715d8d1c054525b469
1749,1764562607.1785462,0.000023013,0.000014868,0.000020228,0.000015970,0.000020267,0.000033912,5deab5262a847ba256cf60c2c541a9b10bc60785eccef29482f0fbee0a2a42a2
1750,1764562607.1797156,0.000021209,0.000014838,0.000020247,0.000016240,0.000019957,0.000033642,ef2f2462a16fecf302220b6bb917bf82f514ee085068ab201192bd875651cd7f
1751,1764562607.1808934,0.000021950,0.000015879,0.000021881,0.000016491,0.000020057,0.000033461,30f17c4fcc5b2a58728d8de6c464ef8b6a2d6b04861cd20eef37933c39621946
1752,1764562607.1820278,0.000020497,0.000014727,0.000020408,0.000015920,0.000019596,0.000033362,e3bfb770c79262c96f1636e96b953a38082584e79ad5c03c10a602a062ebbb36
1753,1764562607.1831808,0.000021189,0.000014778,0.000020478,0.000016100,0.000019546,0.000039093,86655807ea90621b5d6a8f434f07031f4432295afe4991a5d6b63f8522a96d0d
1754,1764562607.1843753,0.000021008,0.000015389,0.000020608,0.000037188,0.000037500,0.000033482,9d6fa4d20837fccc89f4213ac8cab8e98020af4175b267044bf3ef6c1f572166
1755,1764562607.185756,0.000020357,0.000014898,0.000022742,0.000022772,0.000042900,0.000041105,5479314fd4c417d3db9e5b10f5dc6c5b2b8e584fe0fb77af1b679f1e2ab71dd1
1756,1764562607.1869416,0.000022712,0.000015238,0.000021139,0.000016440,0.000020458,0.000033001,6b51d9a2403fa16b756998dfb214d43594a730500c4f529ad9787c62d4ba30b6
1757,1764562607.1880972,0.000021079,0.000014818,0.000019967,0.000015959,0.000020107,0.000033381,228fe17145d5ea8411f4d6aa6c845e55c20afad2928ad8f3585ce8cd8c0cc17c
1758,1764562607.1892407,0.000020608,0.000014527,0.000020067,0.000026869,0.000019657,0.000033572,f05efad1ff24357894194e1f0a7facb9b32e210cd8c992d8be4818e066e8d940
1759,1764562607.19039,0.000020639,0.000014597,0.000020287,0.000016080,0.000019797,0.000033442,e6d63819a5893c14b4acf26437dc519ce013307be6f2c9fc9ca34010b6724fc0
1760,1764562607.1915624,0.000020879,0.000014357,0.000020327,0.000016220,0.000019977,0.000033622,597143e2a9120cb7b6dde636bc70487196e1e8ae647501ae9f9fdd727186139c
1761,1764562607.192758,0.000021009,0.000014858,0.000020398,0.000016531,0.000019937,0.000033562,a46d8c3832d6f846c520a35a39a0cc327d731af67561a788ad40776d5c405a40
1762,1764562607.1940045,0.000021369,0.000014506,0.000020808,0.000017161,0.000023353,0.000035967,717c071893a9b5519c02ea8f1099c14815ae46488261719234899920042856a6
1763,1764562607.1952343,0.000021800,0.000015649,0.000020237,0.000016280,0.000020318,0.000033232,f4617f5352d1f768221913e8ac60ae49edf0dfea11d72de44b981459bc78b5b1
1764,1764562607.196373,0.000020207,0.000014807,0.000019787,0.000015959,0.000019777,0.000033472,81a3efd8f506b0a6cefd147efdd4b47d9f943874acc74e6139d4f14091a4cd68
1765,1764562607.1975315,0.000020818,0.000014597,0.000020237,0.000016150,0.000020889,0.000033452,1e6b854149a95a923cb605225a56e85202b82968784951f6aa83c44521137997
1766,1764562607.1986802,0.000020928,0.000014988,0.000020558,0.000016361,0.000019887,0.000033412,b4b1e05c831ecb825b74a21fff8e7c5da4cc0e171a8e28717d452be25130daf8
1767,1764562607.1998098,0.000020468,0.000015418,0.000020558,0.000016080,0.000019776,0.000033301,652e898b5b41e072c9c73b9624a2f24aa6ced44fb09a474042c9d15ca2e05ae9
1768,1764562607.2010167,0.000020889,0.000014487,0.000020828,0.000016511,0.000020197,0.000033492,34fa2bf7692420cc93bc29bc7679673280d3d220b55b8923836375449799672a
1769,1764562607.2024841,0.000020427,0.000014768,0.000029294,0.000017813,0.000027511,0.000039523,89e74971736255cccd5570c8b6c88f98e1401e191232fada06206df5bfeea4a5
1770,1764562607.2036242,0.000025267,0.000014968,0.000019496,0.000015929,0.000020959,0.000032571,4a62677bf3480bf2eb7d608b6c8784b672ce8b9091dcf5a1de54b7159529246c
1771,1764562607.2047231,0.000020237,0.000014677,0.000019276,0.000017162,0.000020468,0.000032811,42b50b1a158297994f9530100878637544096fccbf0f7e8c3d0604569a555bc7
1772,1764562607.2058008,0.000020307,0.000016160,0.000019666,0.000015599,0.000019246,0.000033021,23135939c4016b0192c92b3d600e31601813f7f617f4b8475045bf19c95dfd98
1773,1764562607.206862,0.000021630,0.000014467,0.000019306,0.000015057,0.000018885,0.000033112,68ea3893d387e422fea9d4ea85d42192851111dee2529bb12eb907006369f353
1774,1764562607.2079165,0.000020468,0.000014276,0.000019166,0.000015418,0.000018665,0.000032750,c1417d171fcbe4311616ba7201634a9d5d77fe8dfa2dfc776a2e09ffac4bca8f
1775,1764562607.2089844,0.000019656,0.000014456,0.000019376,0.000015509,0.000019406,0.000032650,5906572d96a38cab8cab561e26245ffc85ffd79ac1d4766f86baf4a561e84fad
1776,1764562607.2102218,0.000020147,0.000014497,0.000021650,0.000015789,0.000021841,0.000034324,d1bd1c3a24aa07d98a3945ffdb5a9c3e38d588c9fb877fb116e3288d43d88da5
1777,1764562607.2115293,0.000053959,0.000015108,0.000019396,0.000016791,0.000024556,0.000035505,cbc6d532d29ac1799c5be3587d30dde0c1b5e1e62035efcfd9c717f18824e1b4
1778,1764562607.213076,0.000021971,0.000014888,0.000024215,0.000026358,0.000043500,0.000040375,4783b7d1e8fb45c9a7524ba21a77ce75fae5e3ae46638b90c0a013a4f269f091
1779,1764562607.2141812,0.000021640,0.000014376,0.000019947,0.000016090,0.000019817,0.000033753,7c63d4f97b6634b10897215ba03292fc701142e60275ee042b7a5d680b92b62e
1780,1764562607.215318,0.000020488,0.000014517,0.000020148,0.000016751,0.000024976,0.000033501,9b0fb1146882ef3b230d9476b6292cfc1c272d2d04b726f2ff941e8328f46008
1781,1764562607.2164826,0.000020458,0.000014387,0.000019586,0.000016210,0.000020839,0.000033071,46730439a733cb93504b2e14c3fba7b593c703278183fee3b4f2c0e5c96d5221
1782,1764562607.217562,0.000020959,0.000014807,0.000020077,0.000015749,0.000020067,0.000033573,50da4ac6af004e98fbad61713360659f7826c20ac6788b1e545ba28fd5e835f3
1783,1764562607.2188468,0.000020488,0.000014256,0.000035155,0.000019356,0.000026680,0.000040164,94949cdf589aafc1991dee8a2c6253491ef852ae29b96efba8ecb576873edb8a
1784,1764562607.2201262,0.000049852,0.000016060,0.000020178,0.000016811,0.000023203,0.000036527,3c3fcbb7e368fa705124f1c3087f3d0201bf221aa4c89899c92732baf56076c4
1785,1764562607.221202,0.000020428,0.000014486,0.000019366,0.000021339,0.000019446,0.000033472,201879fe75f2690d268bc875e1ad0ef4c352428ef65e2d6752c8ccd838db4caa
1786,1764562607.2222965,0.000021059,0.000014376,0.000019827,0.000015669,0.000019646,0.000033932,81e2b33c309d0bc2b4c0e08ccae6784215eb2eee6933a01eeed9b3dec8c6b93e
1787,1764562607.223385,0.000020668,0.000014547,0.000021279,0.000016070,0.000019656,0.000033232,26e54ff46d74565e17f182855eb788bb668815fc1ae4499e668f28614983b143
1788,1764562607.2246668,0.000020718,0.000014767,0.000026219,0.000024896,0.000028062,0.000042338,30259380b51246f4434778bc77df2c89f6527776ce60e8467ae24f71016d6426
1789,1764562607.2263536,0.000023303,0.000014848,0.000034163,0.000019366,0.000032560,0.000052257,0c24d9a9b657cd3df0d4612d594ef47b596fb418f0c48f18160a6b72bceb7e2a
1790,1764562607.228186,0.000031829,0.000017603,0.000028442,0.000024695,0.000045144,0.000065021,e387c30e31c9bef73823e88c4b5ab4bf0d8604511446b7cbaa3be8cfa882720e
1791,1764562607.2294056,0.000023484,0.000016150,0.000020588,0.000017422,0.000023143,0.000038221,889c699dab766b0b817a0c99c1599277489e591f88af383c722c2b029b74754a
1792,1764562607.2305334,0.000020598,0.000014747,0.000020487,0.000016310,0.000020127,0.000034323,f2758024c1add5a4ad30c0fdb87a5c36b0a904bab411023ae86f182649335e47
1793,1764562607.2317514,0.000020468,0.000014958,0.000024665,0.000017042,0.000021389,0.000035265,7a937a9d76407330f1cadd4b4e079eb27aa6a1f236de20742fce02cc19298711
1794,1764562607.2337446,0.000030677,0.000017002,0.000057567,0.000036497,0.000053368,0.000054841,30b3dd664af7e910dd3882345a9a3eb40dc3d7b446da3303176b327992fad805
1795,1764562607.236139,0.000044131,0.000024095,0.000033151,0.000020448,0.000039132,0.000101157,e84f0190196d65c10a87b2b58e7f763135dbf2456f5b700d211a72d5ed5c1e3c
1796,1764562607.2378223,0.000028923,0.000017142,0.000030567,0.000021330,0.000036628,0.000056284,aa97c8de4b6a3d3f567f30467c935e6137802519a66fa93b5cc88a6d3c483ddf
1797,1764562607.2397146,0.000033432,0.000022862,0.000036618,0.000020748,0.000034543,0.000049912,cff488eb0b6d450aac77aa7613c5430f784618d8cb3198d948d988f447848bfa
1798,1764562607.2418752,0.000033793,0.000016451,0.000027792,0.000052427,0.000064630,0.000088022,9d9cdc3eb757c06222a7c960c579b68e760af99da31b0293aa30c2fe7bea9e0b
1799,1764562607.2433248,0.000033121,0.000019105,0.000021790,0.000016670,0.000026098,0.000051415,06794529b0114ccd34a3f63ad5be3a434604cfa12c8ae3473ec4ada55a051136
1800,1764562607.2444985,0.000021229,0.000014667,0.000019876,0.000017182,0.000023564,0.000037610,d909e016dfd5aac1b0b17e8d763706b571d3b3667041a57c37796106971dad93
1801,1764562607.2457576,0.000020809,0.000014566,0.000024575,0.000016510,0.000020628,0.000043591,fdd4f43fc8bc8642d7bdc885d95468eb0ec214ad46ac169b55147434036bb261
1802,1764562607.2469444,0.000023854,0.000015038,0.000019356,0.000016210,0.000020227,0.000034304,a1890ccfcd27eebb3dc95d0e7af18ab58ae720c07993bbb3224337ccd454f228
1803,1764562607.2480621,0.000020648,0.000014637,0.000022822,0.000017382,0.000019005,0.000038902,a005569ed7fad7e93d25bbeb1cb30c5286c8b3b15df625faba265954c1124e71
1804,1764562607.2493749,0.000022472,0.000017923,0.000019997,0.000015949,0.000019886,0.000032901,1a1014568d2cf05500fe934215f750007c2dfe3a9117477c15ba667cdaab3c93
1805,1764562607.2505147,0.000020148,0.000014556,0.000020769,0.000022091,0.000064249,0.000033182,28b1cc49569be3c80f994e339441bf398054bbdfd65634df56ecf16742878254
1806,1764562607.2517648,0.000029124,0.000017402,0.000025087,0.000016481,0.000020288,0.000034414,97bf77b75c1a8efbe1961646a2d6d950e50882a5803ef60b8d2d54f29626a387
1807,1764562607.2529247,0.000023744,0.000014908,0.000019766,0.000015519,0.000021520,0.000034063,da134d7e52744300e94066221487cfadc29045d1cfed4220a1d513e593d90c26
1808,1764562607.2541273,0.000020788,0.000014587,0.000021870,0.000015539,0.000019987,0.000035405,00590c56181c9e65190bc8d74ca72dda2b9c56d721ac4bd4acf4ae005099d238
1809,1764562607.2552037,0.000021239,0.000014968,0.000019766,0.000020628,0.000018614,0.000033011,f79ed97521e1b787275d4303cd9945ad02286eeefba65926c1aac8aec51cdbb8
1810,1764562607.256269,0.000020858,0.000018173,0.000019336,0.000015348,0.000019266,0.000032540,8e72b8fb0b0b847a821b40c01e6b4549e9a69bfb7c61f7e90ea7405638ff1489
1811,1764562607.257319,0.000020568,0.000014227,0.000019075,0.000015108,0.000018484,0.000032570,4ee428310bc1fa76b0204f0192f194f4e15ea1c96ef50dcdfffc1bdb260cbc88
1812,1764562607.258454,0.000025407,0.000021439,0.000019967,0.000015469,0.000018444,0.000032581,86f3aae9d34db2d7833ed3694cb389c7df3d574b8767ab3b540e8c59ff9829fc
1813,1764562607.259567,0.000020819,0.000014888,0.000020137,0.000016029,0.000021660,0.000033402,bffe18d0a1b32922aac5b971868781c0f353aa8d1c43b1cf23d5965e5f087540
1814,1764562607.2606494,0.000020438,0.000014607,0.000020157,0.000016110,0.000019997,0.000032981,2874ae308e5e2f64a3b06ea50ada8d63bf1c8f996378951601ae0eb06f2ba6ac
1815,1764562607.2617474,0.000020488,0.000014667,0.000023634,0.000015057,0.000018975,0.000033642,ff8dab6c805fe89314e094918d751fb0649b6edc9d23735cdf0aa76e88c57f6a
1816,1764562607.2629435,0.000029424,0.000023984,0.000020007,0.000015067,0.000018945,0.000032800,c17c24c02d2e8b8087ccd7cea1405f5bd4537bdc8cf679ea60f562037c77c574
1817,1764562607.2640138,0.000020879,0.000014938,0.000018885,0.000015048,0.000018684,0.000032560,b106a2a90f76508eb70a05ac09bfcd02dc3ae885ed29bee4f564cea90ac736a2
1818,1764562607.2650738,0.000020107,0.000014236,0.000020658,0.000014927,0.000017732,0.000032600,1b9b1d4ba8726386d50aa8b907db2b821c684ad6d1c7e97f199dec1dcfbfb516
1819,1764562607.266152,0.000020939,0.000015047,0.000019456,0.000015840,0.000018604,0.000032801,c728d47c1120df08cb2bb1f130fad29b803d1038147eb20f3a19d90b1c7f9699
1820,1764562607.2672217,0.000020739,0.000014607,0.000019205,0.000015018,0.000018384,0.000032611,3f89010073b0fa8e8811ef8d4343e933fc86b613caa17462257c85ba3df4a360
1821,1764562607.268467,0.000020377,0.000015028,0.000021369,0.000017252,0.000028021,0.000044132,3d32611b2f926e9a30add4e8ea4c4564ce88337148b779018649f3a894a50e22
1822,1764562607.2696939,0.000020958,0.000014898,0.000020177,0.000016881,0.000024395,0.000039804,b61e700705ca0f50f7043303f715671afb9ea446e4e619d1e00390800928c16c
1823,1764562607.2707825,0.000020057,0.000021660,0.000019075,0.000015739,0.000019796,0.000033712,5d4ae48500c6aaf508b275a6e3cb60afd2ff2204186d0c6e54fe79271eeec9e0
1824,1764562607.2718613,0.000020458,0.000014647,0.000020949,0.000016010,0.000018965,0.000033021,1002995070bbeab7678b6fb9044adaa300c264cab046b2d8d475e4b139177a95
1825,1764562607.2729282,0.000021069,0.000014647,0.000019506,0.000015449,0.000019075,0.000032621,2c831ff1bee07fd5e87a4282ba825f154d12bf060030ebc43163236970a17f09
1826,1764562607.273977,0.000020057,0.000014306,0.000018865,0.000015359,0.000018274,0.000032570,8b676b1adbfa579dce3e690dbe2e1605ac0044416cc71ca9dbaa9745b00d3727
1827,1764562607.2750106,0.000020287,0.000014687,0.000019286,0.000015028,0.000017944,0.000032620,f789dee543d77d952fb932b8d4a706a33d279952c695e5fe8c4d8a90debc0e34
1828,1764562607.2760823,0.000020899,0.000014156,0.000018905,0.000015519,0.000018955,0.000033071,9545f6e99f105af37aff229344e462c229b8f5276a26901b05ec50b574468dcc
1829,1764562607.2771654,0.000020188,0.000014707,0.000020177,0.000016220,0.000020367,0.000044682,cfb21d3a5e80423832e2e9b7954b5e4dc7b5e5413ec4b21915ec6b18d7629b34
1830,1764562607.2782927,0.000019966,0.000014196,0.000020108,0.000016441,0.000022381,0.000034904,22c542405e53dbab17a405ad7a0981a3044ea86dbfe78d68589daf8918552bcb
1831,1764562607.2794726,0.000021269,0.000014847,0.000019877,0.000016350,0.000023724,0.000037139,7c0e63754e01e96b9526ad3565561bd4184e5ab6743e41e40433f5cab18b1840
1832,1764562607.280612,0.000020488,0.000014466,0.000021029,0.000015779,0.000019897,0.000039443,7888f36a6a5dbf2a79fbfe5829849abb1fd83468370d53c5ff932b5b9eb02d10
1833,1764562607.2819276,0.000020778,0.000013986,0.000025127,0.000022191,0.000030025,0.000048069,bbb0909fa5d2598c579ebf9c333d4b7cfb21d74113bccb5ab5fe6208927f195a
1834,1764562607.283328,0.000023133,0.000014908,0.000020838,0.000023614,0.000037760,0.000052457,0a240079550c24bed2d348af1d76e793097dc16649302ed57a7da62ad33bd877
1835,1764562607.2847075,0.000021880,0.000014106,0.000022000,0.000022842,0.000030797,0.000051405,b923f421c6115939ecc63b0e342b6e329bd6808dfaaf2887364f98d90d2aad71
1836,1764562607.286058,0.000021750,0.000016060,0.000020358,0.000017251,0.000028152,0.000042900,550ebf8bcbe064a720db6aa7762ee85741f3d71532d90499e712079818a93080
1837,1764562607.287169,0.000020949,0.000014467,0.000019486,0.000016621,0.000020548,0.000033161,2adcb2c943b663552269c416e91a2fee4e02699ce6976afb393e433e90e74da2
1838,1764562607.2882285,0.000020568,0.000014446,0.000018865,0.000015819,0.000019406,0.000032671,b4a528b334f9d6f7b16255df6d54affc36b0c1b4c0f51a6a602ef3bad649a5e3
1839,1764562607.2893102,0.000019986,0.000014758,0.000021970,0.000015399,0.000018714,0.000033261,5a3a1855155d2e7a7e5b7e3dc1e5efbdcdfd68b3ffd3b5ed3f2f07aa9241ccdd
1840,1764562607.2903783,0.000021279,0.000014296,0.000019255,0.000015148,0.000019065,0.000032340,058186a5c13fb9d992a6c1aabd08f1c35e5cc1c6a4244e74fca819983912ad77
1841,1764562607.291437,0.000019186,0.000014167,0.000018685,0.000015058,0.000018304,0.000032019,515dbc2f440bd1d524b6d4d91276784f929d8e4c1f8ab698a7696ef5d64da9f6
1842,1764562607.292495,0.000019666,0.000014066,0.000019015,0.000015278,0.000018123,0.000032250,480cf56211090b94e01c375a4cad35a604d7c646f94babd3a736cf7fc22eaafe
1843,1764562607.2935865,0.000019967,0.000014406,0.000019587,0.000015920,0.000021329,0.000035706,db4e88925ba4446cd03297892da8ff0f9b48b98cdebaab71868fe82a2bba04d4
1844,1764562607.2946784,0.000020347,0.000014767,0.000018785,0.000041967,0.000019556,0.000033172,b97791ab8c88a5cebc3fdae5eaa9e436ee613fe58be26a59a49a82863b50a142
1845,1764562607.2957082,0.000019787,0.000014336,0.000018684,0.000015108,0.000018163,0.000033051,4f268004c0c71754819d28aef101b0ce0da57bd380b326d4b4c8706bc74a5133
1846,1764562607.296754,0.000020117,0.000014948,0.000018705,0.000015739,0.000018654,0.000032580,525ce4d551c4c826cb9ff133775bf90d70721dd4408c95f0322a4f3abd7d78f6
1847,1764562607.2978082,0.000025888,0.000014537,0.000020448,0.000014948,0.000018284,0.000032630,00d93708d73838e86f0bc9443ff89659953f34295a9884c5a23af367ebbcbea0
1848,1764562607.2988622,0.000020588,0.000014096,0.000019395,0.000014968,0.000017833,0.000032570,b30b418b80274e5d8f51caa419887aab5b61a2c81f015e2ef10df9a21f075e9f
1849,1764562607.299901,0.000019917,0.000014146,0.000018535,0.000014927,0.000018264,0.000032541,74e0084ee08efde6273cde4e2a4b37849262740aa9af0a127137e26b1b2aaac5
1850,1764562607.3009503,0.000020197,0.000014337,0.000019035,0.000015288,0.000018685,0.000033632,47b9dbf7f1eddeb38b99ca999b6ab474c9d35a0b5f33e388a39062206f681b2c
1851,1764562607.3020165,0.000019776,0.000014997,0.000020348,0.000016009,0.000019537,0.000034634,e6f6ca45699bd79bfdd07f8a22be04e3d1c8a40a4fd18fdcd3d02828a71cfc88
1852,1764562607.3030748,0.000020087,0.000014627,0.000018855,0.000015428,0.000019355,0.000033222,120190aef1af53d686b1fcbfe68ed05e67209413cd14fc048615eac21c002492
1853,1764562607.3041308,0.000019967,0.000014436,0.000018945,0.000015088,0.000018113,0.000044331,73769d912df85b7a7b76d99de6bbbab811b8e289f00d9f124d966098e412be39
1854,1764562607.305149,0.000019977,0.000014597,0.000018915,0.000014907,0.000017723,0.000032580,79a989b8f7f8cf700afe3e0da6bfb8711f62008f0a10e011e3268275376d22aa
1855,1764562607.3061833,0.000019687,0.000014015,0.000019266,0.000019776,0.000018434,0.000032531,406dbfb7adf6d5be00008d11ce3acc431684146c6e77c2046a4fc554613f28f6
1856,1764562607.3072379,0.000021360,0.000014657,0.000019025,0.000015189,0.000018844,0.000032620,2bada8ce8c283b0194c14c8d0644043914bba46148f3020f8a21fa8b38b9d4b0
1857,1764562607.3082597,0.000019706,0.000014126,0.000018534,0.000015088,0.000018174,0.000032631,3157e6101fe1436ca6d68be566228ed26828521abf13bc30cb4d0252af063cbe
1858,1764562607.3093352,0.000019816,0.000014106,0.000019716,0.000015298,0.000019196,0.000033432,ddf04dbbe179d5ed84aff414712a9912728943ea0321ba75c6412b6f80309b22
1859,1764562607.310425,0.000020287,0.000014697,0.000019977,0.000015860,0.000021590,0.000033713,29124fb4bcbd59a32699f6a66634e4ccbca7b6abf30a7b9f11cf721fe6680df0
1860,1764562607.3114653,0.000020237,0.000014437,0.000019025,0.000015468,0.000018585,0.000032600,477d55183850c230212c545171997af0201181c48cce3a9fb75ca14c5bbcd581
1861,1764562607.312521,0.000020668,0.000014256,0.000019085,0.000015228,0.000018945,0.000032830,593a7861b7e6d1f5ee2293b255e356a98a9fcce32e0d244f7d6e6ce89dd4cb88
1862,1764562607.3135655,0.000020107,0.000014086,0.000018815,0.000015248,0.000018935,0.000033372,3d12128995d702f0a9dd4f834dbac01322ed2f2b16c24cb83edf36aeebdd945b
1863,1764562607.314586,0.000019927,0.000014246,0.000018454,0.000014867,0.000017934,0.000032460,2fec0ea249abe56332e7f2d32d5b62ba742508e82b0010ff649f02c3569d8548
1864,1764562607.3156202,0.000020157,0.000013926,0.000019616,0.000015088,0.000018364,0.000032500,d0efb8f3cbaaf1626968496e4c31fb2d2505cfc56828acb4606d695cffcc7c31
1865,1764562607.3166616,0.000020007,0.000014036,0.000018885,0.000015198,0.000018003,0.000032360,113951680b40ca9f3797bb8ea2565ec114a12e80fd5a8eb567ecb54f6ebe4a83
1866,1764562607.3177028,0.000020377,0.000014086,0.000018835,0.000015398,0.000019086,0.000033071,57819ff9ba3afb31a94f94cac3acbdc32673ce5a178587160cfbcb55ebfc8386
1867,1764562607.318792,0.000020278,0.000020738,0.000019266,0.000015238,0.000019516,0.000034374,18a2d553c0d705d52f35a3a538a067af4fdf15ad0cab59bce1374a794a322eff
1868,1764562607.319826,0.000020618,0.000014296,0.000019235,0.000015107,0.000018043,0.000033001,5fc41cf714a37b99f74ac52725a065acdbd57ae361602f89cbbdb8a732229ad6
1869,1764562607.320855,0.000019966,0.000013996,0.000019006,0.000014698,0.000017692,0.000032490,43e106546beaf8a381c81adda663abb1add2ab58a938c37a6efea06b933a0c76
1870,1764562607.3218775,0.000020397,0.000014216,0.000024556,0.000015038,0.000017693,0.000032500,1f19b0ff2405b4eccc245d23f8dc33ace1c3af23efbb356e16a6c5d0d44d7010
1871,1764562607.3229146,0.000020188,0.000014427,0.000019456,0.000015348,0.000018324,0.000032611,8080b37747bd2061edeb3ee52de2066e0ee4a5f3188d8fb967c2509d61954c7a
1872,1764562607.323923,0.000019787,0.000014587,0.000018604,0.000014938,0.000017442,0.000032080,15b563bf60208ca31fe05d35fc0cca1ca5efc540e2542523030f58ff9bd62c33
1873,1764562607.3249846,0.000019406,0.000014377,0.000019095,0.000015409,0.000019075,0.000031989,eb9c48439fa28c7d86649b98a314fa087462bd9e8586f8750a96dc9c223c5c51
1874,1764562607.3260245,0.000020608,0.000014487,0.000019136,0.000015919,0.000018784,0.000032901,aee5b842ba27d0f1a109926305eac05f6baea0f2f02f2fe61e28d9f0e1c724fb
1875,1764562607.3270853,0.000019977,0.000014427,0.000018785,0.000015659,0.000020699,0.000034224,c8bca36375b9ab2f3ff8a9c6941270a2364b2e554e2352263448890ff85a40c4
1876,1764562607.3281283,0.000020227,0.000014176,0.000019286,0.000015239,0.000018294,0.000037509,5816922c19cc0a32783d4e2b621e531de23bd2422d465409f46c5ca5ddfdcb9a
1877,1764562607.329166,0.000019806,0.000014496,0.000018745,0.000015028,0.000018033,0.000032860,1765fffad30898c4b83c9bf1a0ad99219c80f94f1fd5aea0d6762cc32e7ea340
1878,1764562607.3301995,0.000020327,0.000014277,0.000019917,0.000020708,0.000018975,0.000033141,171ddffd8186e019dd1acb8a25c79c8b1a558fcc022cee0e1ea6cabb4e71087a
1879,1764562607.3315525,0.000021169,0.000015288,0.000027581,0.000018604,0.000028322,0.000039623,22deb83785456c2e33be71f265878c95c9c0e342ce3199fd9ab39033a9617d0c
1880,1764562607.3327045,0.000022151,0.000014847,0.000020087,0.000015820,0.000019436,0.000032681,03af8ab9098981038964a6b1bf20b5a9563cab476523f1a5ef1111eccf7fe8d0
1881,1764562607.333779,0.000020247,0.000015249,0.000019276,0.000015228,0.000018424,0.000032260,1e35b9fad657d5ac3566db9e3c6c5721a87ae79410ce24a359402dd07038873b
1882,1764562607.3349123,0.000020888,0.000014968,0.000021029,0.000015870,0.000020718,0.000033912,3740e468749f9454eee1317f2de8b0e31df8bf861ab1752a33a1a89deb2701e0
1883,1764562607.3361363,0.000020668,0.000014357,0.000024846,0.000017984,0.000025106,0.000034624,c7285e56ccf9e1d344930aa5371392cfa55c0eec85f6df3e79cc07dc05d4bf5f
1884,1764562607.3374968,0.000021209,0.000014617,0.000032210,0.000017142,0.000023794,0.000037589,77c355be78311979a8bdeec60e3276cd6ac9901babc0f3855d6d825f4b2439d3
1885,1764562607.3388424,0.000030196,0.000018565,0.000027561,0.000017202,0.000021460,0.000035966,e42af67156575823b4a8390b6ae14aff766d37875ad4c6fdeb313f5e4a21ae4f
1886,1764562607.340201,0.000027441,0.000018374,0.000031718,0.000016360,0.000021790,0.000034404,cb9c92bf870cd817fec041fc5a9cb991e5860dbf54b94bbdb5f04bf138aca118
1887,1764562607.3416505,0.000029053,0.000020107,0.000031198,0.000018204,0.000025026,0.000037599,e8b702cc438c1da1493de86c11f353e93c1001aab11f0c4520766fe1815d4959
1888,1764562607.3443224,0.000032811,0.000027291,0.000047257,0.000032881,0.000080228,0.000106867,a73ae62ff6c78dc3d86f497f89860d9666dde8166bb0803d7ad38ccb4db7883c
1889,1764562607.3462298,0.000038291,0.000025607,0.000036748,0.000020578,0.000036608,0.000044341,3abb831807ec60fded7eded2f9cc15b557acb229cce6b81655798a67ab645946
1890,1764562607.3479881,0.000035365,0.000025648,0.000031137,0.000020027,0.000030496,0.000040344,3afd45c5e85407c1448c7892c2862224eb3f5976df229d506e2c2e30ca308a5d
1891,1764562607.3496912,0.000030256,0.000022492,0.000037380,0.000019346,0.000030156,0.000042929,2e5216739030794cbecb1a5971c6b80daa1bccce22584d0bdaca71104c4680c0
1892,1764562607.3517938,0.000041025,0.000023964,0.000038211,0.000021449,0.000041827,0.000056474,c685e25e55db9866285b92e5903f78d3da6538b8832b0dec1b64033c049d4b0d
1893,1764562607.3536773,0.000067675,0.000022271,0.000034563,0.000018384,0.000028132,0.000069318,26ca13c431faa51125fe26d6730bff9e21cb97f4e566cd448f0a6f4d9fab214a
1894,1764562607.3563895,0.000070520,0.000051145,0.000032390,0.000027470,0.000062195,0.000063287,43fca81ed7049614de154ba3196bb95162d580f8a77c2e86d6d4fbee59ba79fe
1895,1764562607.3593786,0.000026089,0.000016280,0.000075059,0.000059260,0.000169443,0.000110374,79de88ebfcfde7421d7eadea2ed0e6ec818e228a9037af9b22fdf6c98102bfff
1896,1764562607.3624494,0.000036858,0.000016760,0.000048359,0.000028803,0.000057987,0.000091960,16ce32e1173ead29dee04d7edc03e80076bb46bd8ef6b8c623703b7a40ba69f1
1897,1764562607.3644495,0.000035726,0.000020649,0.000036468,0.000024745,0.000050383,0.000060702,a5229606f484e8aa40e019d477481c974a743af924feb6efba4b20ad5121a038
1898,1764562607.3663015,0.000028553,0.000016912,0.000041246,0.000021610,0.000039222,0.000048649,1baaa7e0e50d7a3485bf8ba83df1d76124cb8c10b16111537a5b395666a60b16
1899,1764562607.369454,0.000033292,0.000021310,0.000056875,0.000036638,0.000079837,0.000094946,ccc2e5fc24353da5e883cb83c30a21a6678f3c3fe2bf4d7c3aed5404f0f072e4
1900,1764562607.372072,0.000048650,0.000018966,0.000033562,0.000027691,0.000059420,0.000080379,ad9b46084e3edabdf074164008b033c16f7e6d3c2db9a3f524d8829a77425a04
1901,1764562607.3744717,0.000028552,0.000016691,0.000034814,0.000033843,0.000073095,0.000101727,5149ddc7aa2fd3e29d38037c35e035a3416a585cf30ff81c2dccf8b54c2fa2f2
1902,1764562607.3770652,0.000030376,0.000030697,0.000035716,0.000028091,0.000058558,0.000080198,a420e221115ec14078b16ee62110041260a5c470fe81c535cd7807a0199ea199
1903,1764562607.3788867,0.000027060,0.000015810,0.000030907,0.000021560,0.000046206,0.000059360,1340bdc31838bb8c03cd820a7d2bb98e1acbe4e735b49b01645edfb0f0c53166
1904,1764562607.380344,0.000028603,0.000015919,0.000021189,0.000022481,0.000036137,0.000053259,aeb630f3f61c928431929126051eb9c83b8c087a4bdb5605de84c1b25ceee0da
1905,1764562607.381612,0.000022692,0.000015449,0.000029544,0.000016660,0.000021509,0.000036848,435a7b180c3445b2c9a9616270a99bf21f6aaa557ccae5876f0e5189261c0595
1906,1764562607.3848605,0.000036608,0.000030156,0.000084636,0.000038101,0.000077824,0.000087782,484085670c3c8f6a452942d612a7965bafafb51d54ceb5f2b0baee097853d48a
1907,1764562607.3883035,0.000054180,0.000035245,0.000063347,0.000041837,0.000091819,0.000123167,d01620d7eff66314c264fbd01339f95dc195f131db5b772bb98b4dbf1dce286b
1908,1764562607.3928146,0.000056214,0.000041787,0.000137994,0.000037870,0.000084106,0.000089135,774854a4005a32ef32c976a523e52fc9ff3117bc632f5f3a6ff45c0fa133aea0
1909,1764562607.396218,0.000058117,0.000025367,0.000139597,0.000036948,0.000076190,0.000081120,b410eebfa41236fddc860b443982b1cfd2c1bb0478436ded765cf7f4a4c54a44
1910,1764562607.3997715,0.000050353,0.000027150,0.000065591,0.000042148,0.000089295,0.000119771,b92df742e3c828a2ad61c0088181e647a3d7eea21ae13bbe1fddb88382b4c116
1911,1764562607.40353,0.000046306,0.000022732,0.000120112,0.000043641,0.000127695,0.000111837,7473e58d74eb9406fdcc49fd78e8480ad5cad12e9b9b861d4ddca15ed37f48b8
1912,1764562607.4068544,0.000066983,0.000025778,0.000082392,0.000033482,0.000068376,0.000077323,8cd8c87b59e822d4d303047fd347b7b8cb3e6b91d2ef62e53a68dbd15363cbfb
1913,1764562607.4100523,0.000042549,0.000023804,0.000104834,0.000034844,0.000067996,0.000118879,de1235552f8ee8019bec3e8bf07c51489b24a76d80ee8b9c815e8aa976491ba2
1914,1764562607.4134595,0.000057055,0.000024094,0.000046456,0.000043350,0.000094264,0.000113890,43c14fec9e6ea38df9c8eab0bfff3189115a61da6ad711986992e57e8b4f15e1
1915,1764562607.4163952,0.000040415,0.000022371,0.000053158,0.000038261,0.000072204,0.000098282,60fd8d9dbef968487ac2e57bdef501dc8d151ec61871fcfbb7bbfb060aea8b1a
1916,1764562607.4197652,0.000042118,0.000023434,0.000053940,0.000046897,0.000082663,0.000130311,419e9d1e334593163e8eb33e00561a3e53febc413e856298f8fb920fdf318ce8
1917,1764562607.4230807,0.000041577,0.000022341,0.000057687,0.000060251,0.000118869,0.000131883,2982cdc1be904ee67afe62f0b041042d021601b6f43ccf4c1c0b0cd1b6c7d9d9
1918,1764562607.4247432,0.000031067,0.000016500,0.000028393,0.000019866,0.000031388,0.000040906,ec447d5558ae077a94cce23fe3eda5f3e715b127352943b6f94f8ef0474618fa
1919,1764562607.4273207,0.000029074,0.000016180,0.000088724,0.000023233,0.000041136,0.000074808,be45b6498ed93b7f0722fd129903d97ce0600c0848a17e5bb02b01bbe536e189
1920,1764562607.4297702,0.000039132,0.000018495,0.000038231,0.000048650,0.000082573,0.000100756,57ea94bfa9f405579f4d914ff51f964fe607df150ef04fe17ffee2959dea5c3e
1921,1764562607.4315407,0.000030196,0.000016030,0.000024676,0.000022722,0.000040465,0.000056104,e5e88121194514c0fd3aaf1b9e7d75dde627bbd836036cd5e2814292a39f0c06
1922,1764562607.432908,0.000025968,0.000015318,0.000021450,0.000017222,0.000022932,0.000039143,f72c4e686968d0a01363a1c108cca54575658d30f805be0fe0ad6e588ea7a3c4
1923,1764562607.43471,0.000021399,0.000014948,0.000037288,0.000027831,0.000085237,0.000075630,9113a707f146931dc1a708c338389dd85a8f558e8689c3a729c1a43f9830034e
1924,1764562607.4366035,0.000034434,0.000015518,0.000044532,0.000023744,0.000041677,0.000068987,b6891ba873208775560927f1e0094fe3127a0fa5e1047459759503047b1fd41c
1925,1764562607.438653,0.000044542,0.000020068,0.000027962,0.000023253,0.000041858,0.000054010,0510252a29007f3ba3033c151f2f394ff69ae68876545a2b3e98569156ff9779
1926,1764562607.4407678,0.000026268,0.000045434,0.000026209,0.000024505,0.000067635,0.000075109,092dfbcd22c6e30a0a38b43607cda7504891c543279e3a7f217475865752560c
1927,1764562607.4423394,0.000024986,0.000015920,0.000033902,0.000017983,0.000031418,0.000040114,d61dd54c445bb3c63eecb497308866e5616180e666bb6b39063999536dc80864
1928,1764562607.444049,0.000027521,0.000016350,0.000025938,0.000020939,0.000042739,0.000057226,c48fd50b26d9fa2045a305bf4a6ae22c5595480049baa7b8fbc04e19d1914804
1929,1764562607.4454353,0.000023653,0.000015979,0.000037439,0.000018284,0.000026308,0.000039773,bf98adb0d805c2315969e3f99cbd2046dc84f35eb1e169a474af49856380b7c8
1930,1764562607.4475126,0.000038802,0.000022882,0.000032590,0.000019736,0.000036497,0.000052257,f55b8d2e036e4946b5523e0b087669002f59ae648275e34d780514fda0627633
1931,1764562607.448863,0.000026740,0.000015399,0.000024956,0.000018725,0.000025637,0.000039974,6918a46793a27f576aba7f5e4b53f9559e49f4169fe60ce66c78d8fac87d9f68
1932,1764562607.4508402,0.000024596,0.000016390,0.000060131,0.000025517,0.000037119,0.000046285,f5de619cd525f8fdf4b908ae5fc5d918876322caae92d8edd6514569b1b5ef48
1933,1764562607.4530392,0.000034844,0.000016610,0.000039153,0.000026018,0.000051225,0.000068957,3b148c3bef5a162eafd40fc59a1b86f75570b7a099cb84f3ec4b9c3801a6cafb
1934,1764562607.4547577,0.000029164,0.000016771,0.000039753,0.000020347,0.000031819,0.000041436,c1151cde828e36b407a6514be7c5cb3c78baf6f73c351dfd0e690b01608cc3fc
1935,1764562607.458469,0.000035045,0.000023573,0.000182166,0.000033893,0.000065250,0.000068667,5fd16278735da41b67a189c5a403dd48725a8b25059e582ca2c9ff7d61be2631
1936,1764562607.463537,0.000111325,0.000027841,0.000106837,0.000092181,0.000159675,0.000167460,9b42194be9203f1364e9c7d90b22751cc3f1c546cf3adb5a6f0212e4d1ea561d
1937,1764562607.4660244,0.000037670,0.000017984,0.000080008,0.000031599,0.000068927,0.000065261,d8bb0e9362b3aaef5b088ec6a8aca23fda4f78080e50f657e23a43821faf9ec0
1938,1764562607.4688754,0.000059129,0.000041477,0.000033882,0.000029895,0.000052237,0.000093012,494f99d0af3519e4cc26a4d95b9978521efed0fbdc3fcb6965d41a7667fa4ef9
1939,1764562607.4705782,0.000029695,0.000016501,0.000023914,0.000025837,0.000051064,0.000070390,3edc2d90bb8ab73b1cecf7725d6a58551d9c592c712be8b285abc7adb2e694c7
1940,1764562607.4719,0.000025807,0.000015729,0.000020999,0.000017753,0.000025918,0.000043511,677882c1d948bb013391a6864bf06a358d5a153fd106f1b0d66a623ad0412b47
1941,1764562607.4732883,0.000020858,0.000015038,0.000040956,0.000015879,0.000020167,0.000035025,86c7b82710587d7ab256b3d85c98545dc71dd66092dfb378c587874d821945ef
1942,1764562607.4750853,0.000042439,0.000030386,0.000026379,0.000017953,0.000028233,0.000040936,be21a1091089206170e90e2487e877bdd2215875755e4cda2f0e38fcc22a7ba4
1943,1764562607.4769824,0.000026880,0.000016791,0.000050063,0.000019566,0.000041126,0.000070861,7802539ec182392e78bed9d89083f52603dd5a5a4c970d4e68c33cbc3abf9617
1944,1764562607.479111,0.000033702,0.000017512,0.000031979,0.000031459,0.000061804,0.000086971,0d7f74a890f276018a292152b180be93ed1d90a1980a46dedccae575b2529177
1945,1764562607.481363,0.000027561,0.000016671,0.000039102,0.000048640,0.000074348,0.000094084,2dd1ba8a68b1e881f47799f7bd6fd442773f068e7db2a87eb01f5ef958470f1f
1946,1764562607.483616,0.000054090,0.000033071,0.000026650,0.000023925,0.000042138,0.000049782,c081d788a9fd6d10179f73186512732344e2df12322257ace82e4d69a0c18b07
1947,1764562607.4848647,0.000023293,0.000015228,0.000021650,0.000016791,0.000024355,0.000036667,5451ee48715eb2ba4944f09a2608255cf6b6fed22a2a69cb32c768da2b3091ae
1948,1764562607.486016,0.000021870,0.000015088,0.000020658,0.000016140,0.000021360,0.000033972,c10742639e653128642ecae7eb2f9fdd15bc4b122936d76ba4adaae9ab400274
1949,1764562607.4872653,0.000020939,0.000014327,0.000028082,0.000016600,0.000024385,0.000040194,9a797b193faec7eb6b57a4b58e4c1f9629740a526ef111680ab26cb884ff291d
1950,1764562607.488728,0.000024325,0.000014878,0.000032881,0.000019336,0.000040856,0.000049963,b4ce5bb78482b065ac008abc30dc67009317b472eb809915c6c4137d0333ebaa
1951,1764562607.4900796,0.000028593,0.000015468,0.000022953,0.000017843,0.000025327,0.000038050,0a092e3ff8713c1f24797a689f8367854e52bdb066e59c9f2159095a0c4f8204
1952,1764562607.4913435,0.000021340,0.000015498,0.000026630,0.000018604,0.000028493,0.000039393,8ea3a5bb2065ea9ad2896eed0c759ce6e3f90cae734ba9a0ad0956e3e0df7baa
1953,1764562607.4930828,0.000023183,0.000015529,0.000035836,0.000022722,0.000046636,0.000056544,9a97aa0249a415b73e9fc3a7020f5af05c7049e84729eaa03364da926928cdd9
1954,1764562607.494605,0.000030386,0.000016560,0.000021840,0.000017312,0.000026229,0.000042859,d48454247d2cb97cd83a1252f5ab2b4d502592359fb9fe809afed856e3d863c3
1955,1764562607.4957724,0.000022060,0.000015168,0.000021379,0.000016320,0.000022312,0.000034053,0120e58b002d642c591e7421ab975c544d8e2d507da468f0c59ad8651e2e74b8
1956,1764562607.497005,0.000021710,0.000015188,0.000023703,0.000017613,0.000023563,0.000038912,23fd7b96a7df268a305fd3c2ddeefcdf67afe01289a019af07620501fba6c785
1957,1764562607.4982092,0.000022442,0.000014987,0.000020718,0.000017191,0.000022651,0.000034955,115e4c98751c6abdc70637ee36bbb8fc3b8c702ffcdb897a6c3248dbb78acdd7
1958,1764562607.4998283,0.000021981,0.000015158,0.000074587,0.000017803,0.000025838,0.000038401,acb5011e720f976712b9ae564f87a8a7163637cc1375818f8d0ba70c8b15346a
1959,1764562607.5024798,0.000073015,0.000042289,0.000028923,0.000035946,0.000079567,0.000067665,c9f1c906a91d099300533e201e3fb2a9f63de89f3577f596ee2e3ba02682d178
1960,1764562607.504729,0.000031498,0.000017281,0.000049051,0.000038741,0.000087312,0.000096228,886297f19eaf2706da7edb9e55daab472483b83ed4abb29b2754ae623758893b
1961,1764562607.5068579,0.000034043,0.000016952,0.000052347,0.000027350,0.000054752,0.000068767,3eba41931588ae3ebc908107699b97d3bd16fab2f1ba2948167f09b445fcd9a1
1962,1764562607.5089684,0.000039623,0.000018765,0.000035025,0.000023564,0.000044382,0.000051205,8bcfbf5bbe03c32ae225650111d1235e460de8189cc14e0faef8bc4e1776a8ad
1963,1764562607.5108855,0.000026058,0.000017162,0.000035947,0.000022392,0.000051886,0.000057527,4fe5bdfd60906b3a052282e91cc9cd605c48f02ce5ff50796841c56d60f724da
1964,1764562607.513477,0.000054601,0.000032830,0.000036939,0.000025417,0.000044612,0.000114601,f3ba2c19852a2c37a073242180b4b8cf1154bc2d6ca147ab2b3ddae7ac6cba47
1965,1764562607.5150237,0.000034103,0.000017322,0.000022432,0.000021009,0.000037700,0.000049882,7a3a27d2f4332f63db8b10017f0c2f2419e99a2a5e1eb7e6543a25d9436f652d
1966,1764562607.5165834,0.000021930,0.000015138,0.000048470,0.000021640,0.000023554,0.000040134,dd64f3586bb204c0001bf9b2a556ae6e8a4e068d8624f785b7ec8298df676927
1967,1764562607.5184343,0.000050363,0.000033852,0.000022812,0.000020257,0.000032180,0.000047788,0aa70a6e0f1a03a628c6a9702665e4ace25a7b90a0e584d218182971a9545431
1968,1764562607.519653,0.000022351,0.000014898,0.000025527,0.000017542,0.000020789,0.000037960,8c04ebfe6611fb0f7bfb086f84365ef0752bb240e204d00732d3baec48050e57
1969,1764562607.5210838,0.000023513,0.000016150,0.000025217,0.000019126,0.000028763,0.000047799,7957d9b243bca99630faa9c4ceb8fca75e1fb0e767883a3d80a36a015a24914d
1970,1764562607.5222964,0.000021610,0.000015629,0.000023825,0.000016100,0.000021259,0.000035375,98977347155ed6a4055d54a138e977efc8ef7c62bcbc51bd0674d71c45e8fe59
1971,1764562607.5236437,0.000028904,0.000018294,0.000026499,0.000017653,0.000028442,0.000041577,f130e6a4c9b78f7ba4e0e2865eef0f84b06655644b150cee1906ebc8eeb7d670
1972,1764562607.525467,0.000024034,0.000015589,0.000048230,0.000020207,0.000038852,0.000044863,a2b3aab36f569c7ba50cd6bc1c9c6f81149613741ad7fab42a8acc8215db4685
1973,1764562607.5276816,0.000052648,0.000019215,0.000034975,0.000027581,0.000075690,0.000082222,2485b3dcc4b079d2458100304ae3191ebb126e22a33a43c71d9109986be40b96
1974,1764562607.529359,0.000040104,0.000016230,0.000021961,0.000028222,0.000039503,0.000060321,075a7b4b61f0f752d9d0810932885dfb5d25525bc592317a4fc4a9f7932d5f45
1975,1764562607.5306427,0.000021059,0.000015168,0.000032050,0.000015929,0.000021069,0.000034313,f15101313e8372e9296517b0f2219f7c24b14381577a946b2ffb2b19dcc52ed1
1976,1764562607.5323381,0.000027902,0.000022201,0.000028793,0.000022191,0.000033511,0.000062516,90bec95d0a87bd19a0e486d216a316192a3006f2c579ec2bd28ed3b2ba15379b
1977,1764562607.5342693,0.000030186,0.000017732,0.000044462,0.000020969,0.000033071,0.000048580,8ae0cac3aef2cd33073b5c7189c19c3dab5b80ee746262e5c5da677df75a3f33
1978,1764562607.5361302,0.000035405,0.000018143,0.000027561,0.000024736,0.000047939,0.000067645,ca46ef51ca82347571d55146ccde5e96b0161ac9d07abfbeea84194b35bc7cd0
1979,1764562607.5374954,0.000027791,0.000016922,0.000021500,0.000017653,0.000026379,0.000046135,7909949de888283c484501466e98607176b26c8a9b1fec6fa98b45553b7125cd
1980,1764562607.5386188,0.000022231,0.000016160,0.000019986,0.000015729,0.000018615,0.000033832,bc24b835a257fc03effa28cad4da512bb16f4a5c9e485102056556651e4cf819
1981,1764562607.5397255,0.000021429,0.000014837,0.000021720,0.000015559,0.000018925,0.000035345,2c7c917116c24aa22815144bc0bfdb4426b33ed2cf59f1d151d1eca969988cb4
1982,1764562607.5416005,0.000024415,0.000016711,0.000040064,0.000025628,0.000047518,0.000062526,e1cab25286e22508caf764366aea77f4ec1fb5568fc941b6261f0f85ddbdc7f6
1983,1764562607.5434105,0.000030566,0.000016891,0.000025868,0.000020909,0.000042749,0.000061514,fa101b914eafa655b97fa1e158b6ff380a952d2aaa5ec054a3480a2643e7de59
1984,1764562607.5449977,0.000025096,0.000015489,0.000027010,0.000017312,0.000021890,0.000038511,4d875b0b815adf5936a7e1576fa162a1e99ca91e58b6c3fa2ecbf4df9ffddc37
1985,1764562607.5468502,0.000024896,0.000015890,0.000033933,0.000025617,0.000073596,0.000043631,e24d2e20f4a5554ce7611d54383ab0045cc8227eb7904f27616644461b43ffc2
1986,1764562607.5485964,0.000025618,0.000016581,0.000033953,0.000020037,0.000031088,0.000046316,9ec818dfe156ec310be50e0ffd176f799488147935e65cd96a8f5e5a60c66ded
1987,1764562607.5502422,0.000027711,0.000017162,0.000027631,0.000025076,0.000033962,0.000055102,f71fd335bb2309bf907c1974e4235b3fa3a05f23dc755343c00f0b9592caf3d0
1988,1764562607.5517132,0.000023984,0.000015248,0.000026960,0.000021299,0.000035646,0.000041046,77dd04c1dc6984cf2c1c7b5473d801ceaca9157504e8fca165b382b50f093e2f
1989,1764562607.5530667,0.000024225,0.000015990,0.000020849,0.000017763,0.000032019,0.000052347,a122cfff7e2e973aa6dddfe134453ca6cc563c7693d5160a07e9ab8d7e80108b
1990,1764562607.554265,0.000022041,0.000015499,0.000020317,0.000016441,0.000022932,0.000036177,aaf100ec4c97f658beaa075b279dab230b3c5248dd95c858372d4a38dbc6618f
1991,1764562607.5553453,0.000021049,0.000014938,0.000020207,0.000015258,0.000019045,0.000033592,b55249d1c34f67a4e14aaaff2b7da9e32bad3a8c4ed09fa22aeffdd9b3439dba
1992,1764562607.556402,0.000020929,0.000014446,0.000019557,0.000015479,0.000019215,0.000033032,7a0a3e873c6a99946d8d152d523ef6a055c1d4cfda14963346a85f51481a3efb
1993,1764562607.5574744,0.000020808,0.000014496,0.000019697,0.000015639,0.000019265,0.000033141,41bed11d877ff2b9d78cacb8cbef6b8666eb5cb4f7828dfdbbe0b5fad7eecf8b
1994,1764562607.558527,0.000020417,0.000014647,0.000019215,0.000015458,0.000018745,0.000032730,ea39e3b3979005b0d84a46cf21fe5ab97f8dd5792c80502f4d0cf9cf4475080e
1995,1764562607.5597496,0.000019987,0.000014056,0.000025968,0.000016351,0.000019877,0.000034784,0f012c86494791bcb7584f6d687537fb5b8f2fb93e6c5af44ec2591b7cf406cb
1996,1764562607.5609696,0.000027441,0.000016029,0.000021400,0.000015999,0.000022231,0.000035235,8373e59abc6c62dc689864f76f361b015ae1f643fea3cca086ab1c022efde2a8
1997,1764562607.5621114,0.000021890,0.000015408,0.000019957,0.000016350,0.000020458,0.000033592,a050d43e15c5875e96bbdafd06687b6a428d48001f5bdda1d6a1a823adc1e08a
1998,1764562607.5631788,0.000021330,0.000014617,0.000019315,0.000015328,0.000018374,0.000033211,06b2e797338b62c004a3ee94665aaec4bcf7b4aa6385896b04b0126b85955cb2
1999,1764562607.5642543,0.000020508,0.000015068,0.000019546,0.000015839,0.000018794,0.000032901,2932849f53d341cd2a0b13ca8b7a75f2aa2a4d99c63d8b880c73581e97a3c695
2000,1764562607.565312,0.000020178,0.000014387,0.000019756,0.000015638,0.000018313,0.000032830,158ea63433e879c1c0e0939026a08020d06b215c7bf873874b17e302374d2fa7
2001,1764562607.5663493,0.000020609,0.000014787,0.000019305,0.000015539,0.000018183,0.000033001,74b4e862ef316d02f8d25ceb233d944a85cf1e0216adb28b8705ae5579c77389
2002,1764562607.567444,0.000020538,0.000014887,0.000020488,0.000015529,0.000019015,0.000033973,527381b970631f96e981005b237c145c031ddbdfb9c547834b84ad143bf4fc38
2003,1764562607.5686283,0.000020568,0.000014437,0.000021660,0.000015419,0.000019746,0.000034053,e69d35456f60d42b3b3127750c67501a9e3d672a792d10cd4ddda72291e12ec2
2004,1764562607.5697205,0.000021740,0.000014968,0.000020388,0.000015489,0.000019335,0.000034204,17a698ade97058284d5372f3cab5a05157ad86aa2fce506a9b656bf29fe0b914
2005,1764562607.5707965,0.000020859,0.000015910,0.000019256,0.000014957,0.000019617,0.000033703,830cf3da4465e0ef5120b3e678dc343a1f15b2b510888ce77330292a0a117893
2006,1764562607.5718613,0.000020448,0.000014467,0.000020458,0.000014948,0.000017813,0.000032661,c8eee2e7003295fefffa94132890985d3b42f80e61e1ac8bcc347813448f32bd
2007,1764562607.5729308,0.000020648,0.000017432,0.000020017,0.000014998,0.000017913,0.000033572,812ab4f86144f2e7df6f57cb7f85991fada332d54f80e63142474d17a8270389
2008,1764562607.5740333,0.000020548,0.000014267,0.000019396,0.000015850,0.000018554,0.000032711,ea3af008245cb00b5b2a751f7dececd8d69ea85ffe4b1d5f4b2cea231be17959
2009,1764562607.5753913,0.000020037,0.000014526,0.000021289,0.000016420,0.000021750,0.000035045,7359321439c8d13e554b2d29dd4c20f06d3a6c1b1ad49601f4f408a191778db2
2010,1764562607.5765564,0.000022091,0.000014777,0.000019997,0.000017593,0.000019365,0.000043510,d05af693466e4e7a5344e4c8d6ccc97ba8b184c1493b7100ee0db560be563ca2
2011,1764562607.5778294,0.000021019,0.000015138,0.000022762,0.000019556,0.000028383,0.000040255,3978952ea8f336cad60650429332822f8d0d201ba124cf8bc2cfcf78acce0adb
2012,1764562607.5792491,0.000023303,0.000014467,0.000051314,0.000015930,0.000020167,0.000035626,2cbf010b798356227178c7b06c1b5349a647802e951cb39e6b6aeee0731dd4d8
2013,1764562607.5807166,0.000050232,0.000036648,0.000020988,0.000015649,0.000018835,0.000033091,5ab2bc6e5bf3c865f1d74e3cb4c1068128333b72242caea2b87f18218fea7225
2014,1764562607.5818744,0.000021530,0.000015388,0.000027651,0.000015999,0.000019216,0.000032651,cc9a26de86c45154dca4efa758fea0ab3538638027d2082f31d4cdeb9d81750e
2015,1764562607.5830257,0.000021670,0.000014707,0.000021160,0.000015309,0.000018424,0.000032090,dc0aad6554a8749b42735d09d23f83c77f03b3d500b915dd0c812e8f3ef3a052
2016,1764562607.584145,0.000021239,0.000014607,0.000020999,0.000015920,0.000017873,0.000032280,0d19c09f47ed9557c39c3c95044af5508baec5ffd11b1351df1013a2aa98e651
2017,1764562607.5855007,0.000021048,0.000014637,0.000025998,0.000022291,0.000030676,0.000039753,6401f5cff5892429e63a15129b1ba64873a85cb9deb85c6ab2e4806d0f133312
2018,1764562607.5867145,0.000025847,0.000015539,0.000020087,0.000017332,0.000022001,0.000035445,8cfa28bfae894c02e5148eb3868fade30062f79b2227cf7fee65b05d1e4256ee
2019,1764562607.587795,0.000020558,0.000016030,0.000020188,0.000015428,0.000018615,0.000032870,783d539d227184725d151330a5a5ce0d9179dd4be70ab0d50804e0b7e6a0e23b
2020,1764562607.5888782,0.000021300,0.000014777,0.000024745,0.000015469,0.000019196,0.000032601,4ded8f045cc2e1acd9943bbedc2b6fb4488abee7273b0790a29b68c1324d1649
2021,1764562607.589937,0.000020678,0.000014236,0.000019406,0.000015508,0.000018875,0.000032660,85e7209df40e8b2bf94f211bd906295af15e950dc90522d3a9963af6ce479cd9
2022,1764562607.5909808,0.000020107,0.000014587,0.000019476,0.000015128,0.000018043,0.000032891,05656117a27b62badb5ff0ae023de21038339a4b6d90c1fe39658720aa1cd86f
2023,1764562607.5920603,0.000019957,0.000014497,0.000019846,0.000015619,0.000018304,0.000032039,ec16c77fb830e72bd922f6be4d0ff99f7ec30d9ed4c9bfd70cbab41931e42749
2024,1764562607.5932178,0.000022832,0.000014827,0.000020197,0.000021911,0.000020858,0.000035986,54478495bf73e8951420c6e1bc1c3a66068bdebb59bd73c3c5233207ce7c7a91
2025,1764562607.5943365,0.000049892,0.000014156,0.000019436,0.000016049,0.000019957,0.000033292,d5e52df8267bc9c6f2fe064bb9e39b6cf12a5dcc0e77738ab843355f77103952
2026,1764562607.5954177,0.000019987,0.000014256,0.000019416,0.000016069,0.000019285,0.000033051,69ecda1f5e3ddd5b2385b9b97005e68aeea6827fc56a34d23a41290008cc8138
2027,1764562607.5964937,0.000020568,0.000014516,0.000018965,0.000015408,0.000018874,0.000032761,daf4c4f500df39f6e5e0b20b481c96e3612b1170758b784a0f4d5547c807e4e9
2028,1764562607.5975437,0.000019596,0.000014296,0.000019246,0.000016149,0.000019145,0.000035686,e66d7513106bda8a6f7fde13ab74588366b4e5c9904573d9d47343e7eb4deb98
2029,1764562607.598605,0.000020588,0.000014457,0.000018785,0.000015809,0.000018905,0.000032831,1a1a95474af2648f165ceac0e70e4583dbad02fe099136466753296de8eeb991
2030,1764562607.5996432,0.000019596,0.000013916,0.000018875,0.000015438,0.000018434,0.000032681,929501d3c7b174e83da7268b5310ed3c91b1e8de8328ff29f0b8dfc12ef73bb1
2031,1764562607.600742,0.000019606,0.000014316,0.000021590,0.000016601,0.000018675,0.000042849,6bfdd8c07e70e26de1fd62c0fa8b5d4d954ed455f79620fce55195e00440faea
2032,1764562607.6019378,0.000026850,0.000014747,0.000020758,0.000017772,0.000024435,0.000038792,51a292490c576c7ccdb31d8dd31a7e08c92f220265f350e060136419d13cf22b
2033,1764562607.6030226,0.000020678,0.000014236,0.000019056,0.000015429,0.000019406,0.000033091,1b595ca723f5af9945f8f3aba846029cd7c734a9424dff69b6097c6a6d2b0ea9
2034,1764562607.6041093,0.000020999,0.000014547,0.000022772,0.000015369,0.000018534,0.000032740,559c05499d9fee06cde7e60115fbe66ba83284c42195526118f38f1fff58b3f8
2035,1764562607.605221,0.000021920,0.000017753,0.000019155,0.000024004,0.000019025,0.000033933,a51ddba436b0c5fd04e853b0be649e343850c4473bb23d8ef6d7095e2d3e04b8
2036,1764562607.6062968,0.000019817,0.000017062,0.000019787,0.000026479,0.000018615,0.000032620,b7dec66f5226cd650d0345c97d4341e3dde1801bd5a61b27277773b8be93216c
2037,1764562607.607324,0.000019836,0.000014366,0.000019396,0.000015108,0.000018224,0.000032831,7c7cdd8b074b70c561c8896d43c6701cbb0e3e8647e258e0aec9bbd810fd6428
2038,1764562607.608375,0.000020317,0.000014326,0.000018885,0.000015459,0.000021840,0.000032731,58ffd366d37b05c7a10f6db3b0fb34b2c34469902bf00408ae0a68796d4f8064
2039,1764562607.6100688,0.000020197,0.000014066,0.000028021,0.000033652,0.000044953,0.000082022,3a27228cdfc0a8f70bcbc55a55f9a0fa3a680f3cb91ea2f6316c9331ecffb285
2040,1764562607.6112802,0.000024465,0.000015178,0.000020117,0.000017162,0.000024094,0.000036988,339336f04380b8452a4dba8bbe9caf0cc5b6d02e30731f56a1958e206cfcc38e
2041,1764562607.6123774,0.000021099,0.000014767,0.000019606,0.000016079,0.000019856,0.000033492,ba4b20d190f4fc352027cdcf976284da9e311856bc1620e0dee7cd58625429c1
2042,1764562607.6134708,0.000020147,0.000014066,0.000020758,0.000016110,0.000018945,0.000033322,385e3487f03307ca140c1456aa20dbabc8521d02c0595a88c56e7f134c82e3be
2043,1764562607.6145399,0.000020498,0.000014076,0.000019937,0.000015468,0.000018795,0.000033331,8bea92376af857ff37b40d7df631c87ac1e9cbabab7501cb3ecacbf49f35b1b0
2044,1764562607.615618,0.000020588,0.000014667,0.000019997,0.000015749,0.000019616,0.000033251,e8372a2193ec93d9248238d974dd9d19e79bef2daa312877161d51a90b6ee671
2045,1764562607.6167002,0.000020708,0.000014487,0.000020017,0.000016361,0.000018955,0.000033341,9a74f512f888109ca8d9797dee1e40a942f7b655490bb35747f258cf63c7d9ca
2046,1764562607.6177745,0.000020528,0.000020188,0.000020147,0.000015749,0.000018955,0.000033361,36028abe1c95107fbce9fef9be8f44b8dc967f0b49e5f5aa45993ab8fc96312e
2047,1764562607.6189613,0.000021079,0.000014617,0.000020979,0.000016751,0.000021811,0.000035846,8e3ad17edb3863cfb8a4b67a487f21f1f572b5c4faa5eb72a80c95c7276ae9ec
2048,1764562607.6201158,0.000020898,0.000014707,0.000020949,0.000016090,0.000020107,0.000032710,c605c6c9c93828d84748e4193f5b308547ef9528c8f9ae3e683f85dc09171a7f
2049,1764562607.6216273,0.000021249,0.000015148,0.000019336,0.000031599,0.000037590,0.000065691,c3ce0d6054723ab11a5b001343de3a055d3223e0f8104c5131f44d9a3de3821c
2050,1764562607.6226969,0.000020478,0.000014357,0.000018685,0.000016451,0.000019907,0.000033372,3b7efac331f3259dbdbecc9a2f7711097b4cd2d0f67356a463d0e233ea324612
2051,1764562607.6237595,0.000020307,0.000019366,0.000018784,0.000015639,0.000019135,0.000033172,29b9aeb41f2f73dd42ba7247e5e9be47bd2e1b11af19c08d929afa367bd84181
2052,1764562607.6247895,0.000020157,0.000014376,0.000018965,0.000015328,0.000017612,0.000032580,a825a56b57439ca7fb061b05cea464ba4074c91397c4785c74d6e15f0aa24060
2053,1764562607.625982,0.000020618,0.000014407,0.000020027,0.000019035,0.000024174,0.000047288,377c75d587139a1e08a18c791550d8d0223767e836b3087850280b2fac1e06b9
2054,1764562607.627176,0.000019846,0.000014286,0.000020438,0.000015990,0.000050864,0.000044372,51ad83d26f6fa07750c0842bba573a0147e454100aab03b4b4cd12d283522eb0
2055,1764562607.628226,0.000020558,0.000014377,0.000019115,0.000015889,0.000020168,0.000032961,87c152f1eac3c6d40c5a64ff13856228c694f29e169e9fd50a0b84066cdff715
2056,1764562607.6292925,0.000019956,0.000014136,0.000018875,0.000015468,0.000019315,0.000032290,faa2ada2c8790ca55b315ac2f3f0c8401551bcd6a353d68347532b93f86788c8
2057,1764562607.630331,0.000019696,0.000013976,0.000019025,0.000015188,0.000018695,0.000032831,b110585b404833750af82dbaa0aeb2cd7a6a55c0b2196c083253ddd01bbe2479
2058,1764562607.6313581,0.000020478,0.000014386,0.000018564,0.000015249,0.000018464,0.000032810,172509ee9f63b72293f86f8fb4ddcc535344e1c7079c4a1503784e2e905b09ef
2059,1764562607.6324024,0.000019617,0.000014006,0.000018675,0.000015048,0.000018013,0.000032610,543d0e43fa11f30ec684834a128e55139be58e98e7430d07bc5ad82ef0bfcb15
2060,1764562607.6334746,0.000019466,0.000014156,0.000026028,0.000015088,0.000018123,0.000032610,be25d8999054cff6044c00e9059a8c13999a639bf217bb29bf9042df9eadccb9
2061,1764562607.634625,0.000019937,0.000014136,0.000020538,0.000019225,0.000024385,0.000043421,1e054880d694971be8b1ee0b61161f7344fcea790e728ef4316e14120d79f542
2062,1764562607.635772,0.000020498,0.000014357,0.000020297,0.000016250,0.000022722,0.000035576,5860dfa309354e83937b69d42cc1dcdfbed2d02334b268e6715fb6ce91762ae2
2063,1764562607.636844,0.000020899,0.000014907,0.000018755,0.000015949,0.000019256,0.000032820,e6a069fab4ca64f58cca7b0ad38477ea02d19db44e873da784adf94fecb40865
2064,1764562607.6379182,0.000021149,0.000014397,0.000019056,0.000015959,0.000019306,0.000034664,bc07ff6dddbef35e28935944adedc2150cfc4533c551f68d1dade14ce2688169
2065,1764562607.6389637,0.000020017,0.000014487,0.000018875,0.000015418,0.000018344,0.000032751,94d31efcc8777110d6d453f76f86718ea9c13ffba5e60dd5e1b5a6ab6146aa90
2066,1764562607.6400259,0.000020137,0.000014307,0.000018875,0.000015468,0.000019726,0.000032621,811aff9c9d1c5cb1beea5df3df7c494fa6ed5689bef774a70c72aaed97192f54
2067,1764562607.6410823,0.000020247,0.000014497,0.000021109,0.000015208,0.000018204,0.000032610,eb8c5bdb554fa3be4f93de8a9fed516c1647d9b2d9e3379b87eec7891485fb2e
2068,1764562607.6421807,0.000020518,0.000014206,0.000020147,0.000015488,0.000019345,0.000033412,55cccd8cea7968b072d8ca20d9f0c71e9396fbe3c352ad7c7e90520a40e6ee04
2069,1764562607.6433446,0.000020759,0.000014456,0.000020659,0.000017212,0.000021159,0.000035225,6f6ec57ddd131186f4d8d61993caa6ef9ce0b0e9041f487802a1b5c8251ae96d
2070,1764562607.6444688,0.000021600,0.000014757,0.000019475,0.000015889,0.000020508,0.000033662,9395442bb1bfd6ad92c760ef739ffb3eaa6f2a91ccca20a6b9cae50e6579f677
2071,1764562607.6455626,0.000020629,0.000014317,0.000020208,0.000016090,0.000019706,0.000033181,63699c71b23cd76480a65ea83f0e4001cdfec0ac26e38e38dbf7cd9c2b6ad888
2072,1764562607.646664,0.000020608,0.000014566,0.000019405,0.000016160,0.000019365,0.000033231,a47a4668079016e3a40bb3154250dc333bb28be73800e50450973707242347df
2073,1764562607.6477213,0.000020298,0.000014316,0.000019446,0.000015849,0.000018885,0.000033331,241bf9287493813fad603da0bcbb5ac7104fc54c0c5f9d9b00fc6d1deefc1f27
2074,1764562607.6489065,0.000019767,0.000014967,0.000019556,0.000015649,0.000019306,0.000032590,3af650231331ab100a90a4e1013a0b0b20781e0356c17601a8e248d023c05ba0
2075,1764562607.650059,0.000020198,0.000014797,0.000019767,0.000022191,0.000060662,0.000033252,a3f7f2f0bdea727fd8c71a0c98635b3f6146491d4c19fa23410ad8561a6e3c50
2076,1764562607.6514232,0.000020798,0.000014336,0.000022511,0.000019806,0.000051425,0.000071733,bfe6a668240c77a4bf8ac9de87e466f1415d85fdef0cc66b90557acd741950c4
2077,1764562607.6527426,0.000022001,0.000014958,0.000019066,0.000018084,0.000027871,0.000037439,fa86c2feae8a6e6d3ff3e606a2196523a570d158290e74617f4fe3f9d793f349
2078,1764562607.6538558,0.000025587,0.000015058,0.000018704,0.000015979,0.000020047,0.000032990,b9acda1d870211ee7c4a8d7b8464f53823bdd1ef00dc235aebba9716a481c774
2079,1764562607.6549144,0.000020207,0.000014136,0.000018664,0.000017282,0.000022462,0.000032691,252a0636a8fc2cb5c9a50678158a59cc80438ffa7e2d87025f7d70703561c3ee
2080,1764562607.655981,0.000020067,0.000014006,0.000018404,0.000015318,0.000019066,0.000034113,a015b215a66f70435e213baa678403b54ad2a797c8938398f718775f688e2308
2081,1764562607.6571074,0.000019797,0.000014457,0.000020007,0.000015178,0.000018605,0.000032680,7d5e40e99fa0676ce8fff169c5bf44cf9d987d96922fd9d8dcd91e5d3c14b88c
2082,1764562607.658921,0.000020237,0.000014457,0.000047087,0.000039473,0.000047679,0.000081020,198006e48e8cdc2b8fbb897f08036776eefab7abffc27cd2a9986b34b5254cb7
2083,1764562607.6601465,0.000021119,0.000016020,0.000020828,0.000017512,0.000025087,0.000037419,aa312756f56e0b2325d6ae14426123af8b22632922ebde37ccf7df1e012c1ec1
2084,1764562607.6613584,0.000022362,0.000015178,0.000019466,0.000016801,0.000021099,0.000033542,2fb414bb99e2e1a383288d615a30d5203433eafa20d27291d8a4a108cc4db88c
2085,1764562607.6624742,0.000021240,0.000014326,0.000018674,0.000016070,0.000020407,0.000033131,0d06f98d19e8d8e4a24cd95a4004a95218dd43f0aaab43deaead20651285150d
2086,1764562607.6636028,0.000019757,0.000014748,0.000018955,0.000016310,0.000020398,0.000033792,e507b1ee435942a7d139f9900b0f265280e3bcb646a2d73fef32e767ec46d3d2
2087,1764562607.664731,0.000020037,0.000013956,0.000019396,0.000016040,0.000020308,0.000033091,54e99ec0cf444ae54a0d75c2dce1b074c1b848d36fd73f59998f9aeb5f68c7b5
2088,1764562607.6658614,0.000020738,0.000015288,0.000018925,0.000016140,0.000020127,0.000033031,1b6c067c73ff763f434f19dc9066e3b64887c9cceff5885303be87b8616d1b11
2089,1764562607.6669865,0.000020227,0.000014327,0.000018855,0.000016189,0.000020007,0.000033041,3a735002bcfbf2a649df173df23761ff9321da799e96c5d76f8aaee598ad9d5a
2090,1764562607.6682224,0.000021811,0.000014286,0.000021360,0.000016260,0.000023193,0.000034905,c5a8774c96e559b5f7ce38704e26481b32ee91e76a5b9915e2c99a422e31250a
2091,1764562607.6693606,0.000021941,0.000014627,0.000018654,0.000016550,0.000021930,0.000034484,4db379c7d9a495fabd5b683e262956441bf324e21356ae40005b20bce29a1e6b
2092,1764562607.6704328,0.000019956,0.000014517,0.000018955,0.000015900,0.000019947,0.000033562,2fa79fbb8a47cce1981be25ce6a4a736ec711ff1f245b22fdfdd424781596ab4
2093,1764562607.671481,0.000019566,0.000014577,0.000019116,0.000014988,0.000018935,0.000032901,85346b073849f35eb7692d3843098dead6a873e2159541d81dd07f6b692cd808
2094,1764562607.6725254,0.000020308,0.000014417,0.000019115,0.000015459,0.000018234,0.000032591,cd0f0315b5119e8d9dbf54c9ef8fcffca00e76ca541f3d2f8c385b9301c811b1
2095,1764562607.6735678,0.000020147,0.000014166,0.000018304,0.000015388,0.000019235,0.000032660,f90dfdcdc5193b4dc1ea1f02117cf09c8607d3bb6cdaa0e333444915e96ef652
2096,1764562607.6746109,0.000019226,0.000013846,0.000018734,0.000015078,0.000018554,0.000032790,fab13010c0a2a30b9def27d9dae0cf9d1b628ebfac3c883282f441f59034aa9e
2097,1764562607.6756792,0.000019867,0.000013946,0.000023002,0.000015588,0.000018645,0.000033222,5347e603043850c872740b0671b3395c2fdfe61ddeb7781866d05efbebf60212
2098,1764562607.6768134,0.000021740,0.000014347,0.000019716,0.000015268,0.000023443,0.000036848,099e74614836c55fbdc794aad1a8b770f3020a6d7ce7aa6283843b695ab15d69
2099,1764562607.6779668,0.000020538,0.000014467,0.000018804,0.000016060,0.000022782,0.000034553,d3741e886e5eefc0b6651b89489bc194eba8f8e1a7217d4f7ca7479f1a6bb48c
2100,1764562607.679014,0.000021289,0.000014436,0.000018494,0.000015509,0.000018675,0.000032840,c272c9afb3cd72428b9cc12954862d50ffd2afcdd14d413a276cf6c8b7a342f7
2101,1764562607.6803484,0.000020007,0.000014266,0.000040375,0.000015459,0.000019035,0.000032690,752ba9e57b47ef38c8b66b3fe7f5396aeb4d6b3ab93592eeed8107ec8bb03ea1
2102,1764562607.6816556,0.000040184,0.000029003,0.000019616,0.000016350,0.000020578,0.000034484,606b3d14e0b2767947ba7b5b683911fac0622885bfcac4ea6b966451afa1dd1f
2103,1764562607.6827605,0.000020978,0.000015578,0.000019577,0.000015709,0.000018604,0.000032881,db365159423fcc726ca0916acbe067680b9ef12d663b72707d8854751c29ac06
2104,1764562607.6838782,0.000020507,0.000014767,0.000025978,0.000015799,0.000019286,0.000032460,0887a4a71d1e9aa9995872e1e3e1c1932bf5565996649f7afcff63747d787919
2105,1764562607.6851497,0.000025938,0.000022642,0.000020689,0.000016360,0.000022181,0.000036428,acc1e549d77c0354a6c9679320b14ffa2eb74665f3c2ec5b00105add86ba92b0
2106,1764562607.6862652,0.000022011,0.000020037,0.000019476,0.000015388,0.000019046,0.000032690,42913affa08690e0e7b2718b6febd08e497fe408b8987286e0c3e3ee151f6d7c
2107,1764562607.6873307,0.000020768,0.000014136,0.000019536,0.000015368,0.000019676,0.000032700,e2b09ade00f70550dd482a4cf7eb38e79a5f426c61b455908aee34afc07b5224
2108,1764562607.688394,0.000020368,0.000014577,0.000019326,0.000015488,0.000018895,0.000032691,2df248a458bab49fd832a9375110398fc91840658ffd0834e1c716c5ea373a3b
2109,1764562607.6894355,0.000020568,0.000014597,0.000018995,0.000014987,0.000018544,0.000032571,d33fd9e521f9e91f9d6f983139db309d8c51386101edbb282c315e73216d170c
2110,1764562607.6904907,0.000020328,0.000014327,0.000018925,0.000015248,0.000018564,0.000032620,d789f037b3b784d27d725294dc3c2b187ae381e0842724efec0b082dac7b32f7
2111,1764562607.6915917,0.000019416,0.000014496,0.000019346,0.000015508,0.000018986,0.000032891,2c8e69b8697afadb4294ea7670f4a583fba3ac0a98215024ba38ed6ef9f5fd5a
2112,1764562607.6926882,0.000020508,0.000014566,0.000021469,0.000015368,0.000018855,0.000034153,888a98087473c141d4aae3d1c6e97e9b37f1f85bc492ad853675e9181f612f20
2113,1764562607.6938512,0.000021209,0.000015699,0.000019676,0.000015479,0.000020838,0.000034043,26f53573016d73cef0aed53311c4b11a68103123c4d2259061972f0a8452ed69
2114,1764562607.694932,0.000021469,0.000014817,0.000019737,0.000015539,0.000019105,0.000032851,14ce1510b58f24de5676347d8d37daea9aff858ef000a6f1cb6526f41350ee8b
2115,1764562607.6959803,0.000020678,0.000014347,0.000019476,0.000014878,0.000017863,0.000032540,3faaf2dbc5309ca38d4b85f19626671c1bcbb024d8d29e5e93af6ecf681b33d1
2116,1764562607.6970444,0.000020598,0.000014487,0.000019346,0.000015178,0.000018955,0.000032620,55f1b05c89571ad628f9864479015050207212dba3074eeb65dafb85aaac919a
2117,1764562607.6981192,0.000020558,0.000014346,0.000018945,0.000015208,0.000018434,0.000034474,c124fca2c3fbc9e16c2cb5e83c1ef9ad3602a6a1f3bfa70883964d787387e7e7
2118,1764562607.6991465,0.000020198,0.000014707,0.000019005,0.000014938,0.000017412,0.000038010,2f6beac1e26b2bede8fb9bbfbfe95ec44447ecef740f635242a365db16ae7211
2119,1764562607.7002373,0.000019767,0.000013986,0.000019185,0.000015068,0.000023122,0.000032680,2f55af05f84e9ff6806931ff324bd03438ccef4400869ae70b485ef3662d3673
2120,1764562607.7013874,0.000019957,0.000014607,0.000021239,0.000016581,0.000020939,0.000035085,ac746e6097122dc24d4361e3ac283308a7a3d4699794487099bd3b6ed53282ea
2121,1764562607.702584,0.000021199,0.000014547,0.000020037,0.000016410,0.000022562,0.000038541,dbf323723af0f621a6f12723ae59467d093b1a51e40b497b1045351cb6b117ce
2122,1764562607.703719,0.000020317,0.000014657,0.000022181,0.000015929,0.000019606,0.000032930,e4d1f521d7744eb0c20d5b170705950482d09214c05d1222fd47f47f05a36232
2123,1764562607.7048082,0.000022251,0.000015628,0.000019686,0.000015178,0.000018945,0.000032631,85e26d6df9010c74578c71e21412092dbdc8f30258f052eb5b65e78792968e4e
2124,1764562607.705863,0.000020699,0.000014397,0.000019406,0.000015539,0.000018564,0.000032600,79268c31882f98af23b175e4306e2469eb7fbdc47e8a22860d09f45f095f8d24
2125,1764562607.706922,0.000019687,0.000014186,0.000018975,0.000015880,0.000018664,0.000032530,3768abdb4217c35d766e71b17dc55b43a19a24dd6463b8704c9982b378276829
2126,1764562607.7079782,0.000020498,0.000014587,0.000018995,0.000015569,0.000018534,0.000032500,ab0f4adf2f318f6a6f9b124782fac470c1dfc31ab492f681599117ff4f2528a5
2127,1764562607.709038,0.000019987,0.000014466,0.000021019,0.000015208,0.000018314,0.000032760,94acc776b4eef83e4ff1180180d69f117d773b5bf8c976a38f921b21a54bc0aa
2128,1764562607.7101357,0.000020868,0.000014967,0.000019255,0.000015148,0.000018885,0.000038882,e17e285e69ccc7b0d2c6c8b941feb9c3d879f677ab31fc9b429d2255f4d916c4
2129,1764562607.7112188,0.000020899,0.000014857,0.000019707,0.000015338,0.000029705,0.000032720,265ae023e80406ae377723df0a2d25a94afd1c3792b61d76ac602dee82ed4551
2130,1764562607.7122598,0.000019987,0.000014497,0.000019176,0.000015278,0.000018144,0.000032520,f4d00fa37e808dc36691e6a89f97c6b70511bb9206ce8759be6be09c32b61e0f
2131,1764562607.7133274,0.000020728,0.000014817,0.000019326,0.000015609,0.000018634,0.000032881,715c44c4169a314934651ed574afa90974b23b3a8e3146781a6a5df37ab20d19
2132,1764562607.71442,0.000020979,0.000014697,0.000019035,0.000016220,0.000019496,0.000034073,f9c187e8f14030c282a9ee8c28e3da66e0b7a8db670b5e3ddc22796068b74c4e
2133,1764562607.7154567,0.000019686,0.000014417,0.000019496,0.000015379,0.000018454,0.000032660,3a0e7c8e36e5030647fb5b2cf301143a5fbdf7b7b9230e9a87e801b39af94954
2134,1764562607.7165065,0.000020638,0.000014407,0.000019176,0.000015629,0.000018374,0.000032680,d97a2b55e668bb95350c24dd9f67f161cc2c43b4468f7c949ebf1451754fbea3
2135,1764562607.7176528,0.000019967,0.000014106,0.000021179,0.000018414,0.000018504,0.000040154,4ed23fd7536f4b10d8ce3ee7cfe3f905c113aa48276e400dbcbfbbbb722712c7
2136,1764562607.719431,0.000020858,0.000014737,0.000029234,0.000031828,0.000055682,0.000094945,3a85faa45f4462596845c9da55f7091ede221c01d8252f57eb0c94d41c692bc2
2137,1764562607.7208986,0.000023994,0.000015249,0.000020478,0.000022201,0.000035025,0.000054611,aeccaab16e653735e2e11cd1132919499fecd79252d3ee34e88a7428ca465235
2138,1764562607.722223,0.000021139,0.000015328,0.000023163,0.000020578,0.000029004,0.000056194,11801fb3b34b41baf4a7d43a095ae4ee853cc808aa661248a6d66c6f9034c1d6
2139,1764562607.7235217,0.000022952,0.000015448,0.000021991,0.000021770,0.000028592,0.000049121,836712185c87649c23498ea83533110bb76da3953f10cc13e80bd1ce8b5cc31c
2140,1764562607.7248302,0.000021159,0.000015088,0.000021119,0.000020338,0.000031218,0.000048139,52326879fdd7aad58b21e7a943c5ff50c422b983c31056063ce422e1bbfd0ae7
2141,1764562607.7263231,0.000020628,0.000014848,0.000023122,0.000024004,0.000031438,0.000054160,9a7292469d4d5c5886364ff69f67f1f8a48f1b3e6f4515d8f99f09d02b51ae75
2142,1764562607.7279847,0.000052436,0.000015289,0.000023213,0.000027891,0.000047208,0.000083404,be39b37223c08c4c9acd9bb8f5a776c39827518bd544a183e727f3d681c3d46b
2143,1764562607.7294958,0.000022161,0.000014787,0.000032510,0.000018034,0.000029464,0.000038531,db5ad05a3c7a9d4df6e12cf123111e6452d4bd70ba81b9bbdf6f09eb8e7d3bfb
2144,1764562607.7312117,0.000029675,0.000020047,0.000023554,0.000018705,0.000026850,0.000039704,42f99b7008eb4816301a51f32d4f3440b7c23b779b9364f842702934be6e3fc8
2145,1764562607.7326198,0.000024005,0.000015518,0.000020959,0.000030957,0.000036908,0.000033652,ba35939098a140693acbe4c87a7962a8cf52d6972f70b479a72e7f3bd94c2a8c
2146,1764562607.734061,0.000020969,0.000015108,0.000048440,0.000017262,0.000022602,0.000034825,d84982af1459f7b41f22c9074e485cb0c3ac5155977d8278ba34eb6c6e85275e
2147,1764562607.735847,0.000048961,0.000041046,0.000025306,0.000017231,0.000028592,0.000041657,ac00ddc2c7afda32e52ea052e295287d593bc318109a6add84a3958a99f5212c
2148,1764562607.7372413,0.000027651,0.000017763,0.000022361,0.000017051,0.000027752,0.000040655,205e3adbff77a2ed3757ec56ae6866889027988ba0cb0d4084e8068078e0367e
2149,1764562607.7389834,0.000022151,0.000017011,0.000077052,0.000017563,0.000026950,0.000045774,8e2a5418ab8c8ee45d0f070f838276c8f134f3698581db4805c2bfa08237469e
2150,1764562607.740704,0.000049051,0.000033371,0.000026299,0.000019776,0.000031548,0.000052947,2f59f088746eebbef2a238e035f9064fd2f0c5bb663c351b65dc4ba3f75f2c39
2151,1764562607.7428904,0.000024696,0.000050704,0.000039653,0.000021499,0.000035746,0.000046085,d3170d129afbda2ee80aa1bf23d9c39d7bc47ae73947cfe1d79e57bd7fb4eaf6
2152,1764562607.7445579,0.000031519,0.000017202,0.000030687,0.000022431,0.000033802,0.000043200,7a9e0ed227717f7c10f030e4f114b8c33fda8bc6537b7df3e74f84fd3293605d
2153,1764562607.7463872,0.000023644,0.000015519,0.000030697,0.000022472,0.000036918,0.000050102,e3d867e3301558b9df91f38d64d5ccab634464fc50857d2718d962ba1a8e6229
2154,1764562607.747784,0.000024675,0.000015499,0.000029053,0.000020989,0.000030837,0.000038721,d5a7ab42cdc64c28d02e80a4050c9e9648993d55c9e385e9b0516d5c25530317
2155,1764562607.7496395,0.000025968,0.000016331,0.000034955,0.000026118,0.000067484,0.000067445,55cad37e72eabc62641f88036396fc3f7aa9e502049fcb7e8d56507c49e62923
2156,1764562607.7517762,0.000025958,0.000017873,0.000037560,0.000021410,0.000042008,0.000057727,141b05c077d4bfef889e822d66d4dac59a83d3ed205c60667d5ceb9edf5cde22
2157,1764562607.7536218,0.000033552,0.000017272,0.000036528,0.000024606,0.000045605,0.000049181,e407c4fc571fb15847cd8d762a784c3fc204ac471a6439e348f88dd88da38414
2158,1764562607.755939,0.000029876,0.000019567,0.000028724,0.000031549,0.000074407,0.000093673,54d33e1a52e9e096e7e9aac43cb458d709e9ee40d9c4a8be09c583e307c116b7
2159,1764562607.7579072,0.000026639,0.000016450,0.000036417,0.000035205,0.000052737,0.000075790,d4e65d1cd31ab7dbe319eb8f304f80abc21de0ab66b2ec9495556ca409c4fcec
2160,1764562607.7605996,0.000028022,0.000016751,0.000062696,0.000046205,0.000079046,0.000132876,876ef4974aa3bcb1a3067a995d91668b82a5689d4aa89ae31663498ef37e4d9f
2161,1764562607.763045,0.000042268,0.000021239,0.000030185,0.000026920,0.000059961,0.000087582,b3d49cb73d6f4d440d560fb20d965df154dbed5ff03e4b171ef3531bcd5f2975
2162,1764562607.7657754,0.000035265,0.000017843,0.000088273,0.000024265,0.000045835,0.000058437,890f48108cbf236370926b2d70a3214be1e95835b893090c8cbc7b2058fbc5d1
2163,1764562607.7681098,0.000043310,0.000018584,0.000028593,0.000041506,0.000079537,0.000114161,370874622124262787aafda2fada6ec91031790c0a591b3fe9861002faa78b39
2164,1764562607.7702796,0.000045474,0.000030186,0.000040054,0.000021069,0.000034954,0.000047969,57b44045b3ae3da13a2fe46e7be46a2221e173ade03c0a0c6064169458777de4
2165,1764562607.7717779,0.000026328,0.000014787,0.000020428,0.000028453,0.000095917,0.000041847,dc5e87653c274c880d00c94f168bd6724f84219897a607ed5739d7c3a454fdb4
2166,1764562607.7729106,0.000021920,0.000014988,0.000019876,0.000015950,0.000020488,0.000033763,4ba74a84fa73910e62bc421e21f5c52e0c325706e333f43a68e1fa6384fc98b2
2167,1764562607.774046,0.000020668,0.000014567,0.000025096,0.000016370,0.000020268,0.000033292,89b58730685ee1997ef0bb184f88852b3fc2cd65a7f83028974fb4242fc01442
2168,1764562607.7751706,0.000022232,0.000014948,0.000020247,0.000015399,0.000019406,0.000033692,8092c22ca43c37dfec9367c4990e564770d4fef65fc17f34121649d876e9fe0f
2169,1764562607.776427,0.000020408,0.000014887,0.000028743,0.000016280,0.000021240,0.000041496,45f2021df4bbc1dec8dbd828e4de99ad716f8f7b646de64034bafb65dce6188e
2170,1764562607.7781174,0.000026158,0.000015408,0.000040024,0.000018935,0.000032009,0.000049832,eff44c37752ec4938c72a1bb5f5b7aff41f64ed36d9665eaa4b2f29818b525e4
2171,1764562607.7797024,0.000024746,0.000015789,0.000023042,0.000021891,0.000040164,0.000052296,246246f6c41692e5a4dc71efcc2eca93127943130f79c284bf0c1359af907229
2172,1764562607.7809086,0.000022371,0.000016550,0.000021891,0.000017132,0.000021730,0.000037600,78bb009ca88116b76d010822b9b9cc15b7f9d71464ccaf962b63c41637735796
2173,1764562607.7820485,0.000022231,0.000014757,0.000020027,0.000016260,0.000020858,0.000033592,83f0d0f99bf93f7068722bc2c0b34134b4e17b365e609030d2d18d8ad76fe8d4
2174,1764562607.7832217,0.000021469,0.000015809,0.000022672,0.000017523,0.000024084,0.000037188,5146eb2a5a322876e82e80c9562331421b4a84ec970d43c5395bd53f817ce8e1
2175,1764562607.784422,0.000023493,0.000014407,0.000031539,0.000016240,0.000021029,0.000034554,0ba254505579955891c699238c50f41fa509c93f579afccf9b14581ba1257a1c
2176,1764562607.7858942,0.000025457,0.000016510,0.000029575,0.000021720,0.000034674,0.000049402,1ed48267eb0ca103e7d08724cc6e7fd6a4ab463990a8cd1726695312b504e5d6
2177,1764562607.787049,0.000021490,0.000014727,0.000020979,0.000016069,0.000021099,0.000034283,4571406e0894b1c7c912ebbbf75a00a43cd1062951eb004bd2ec88cab5e2c8aa
2178,1764562607.7881436,0.000022532,0.000014617,0.000019867,0.000016180,0.000020097,0.000038882,173173d8aa8ba6dabd8e436861e3dcfba0699183f226c2d5e76dd7a06bca5028
2179,1764562607.7893033,0.000021259,0.000015098,0.000022722,0.000016250,0.000023553,0.000036718,6364236b496713ef55300b22dd703a066c17c9f0da6a1de94a314952b8966171
2180,1764562607.7905703,0.000022612,0.000015258,0.000028012,0.000016571,0.000021880,0.000034754,23f1a48f0649f8c9467ed4dfaf39d3c5d4af5e57868b2eeb2e7807f807a3339d
2181,1764562607.7919908,0.000026058,0.000016270,0.000024946,0.000019696,0.000030396,0.000040525,7d5d0c156bf53afbc5f262fc4212223eac3a9baa501ff24e38fd38746f5b5385
2182,1764562607.7936919,0.000022782,0.000017382,0.000029315,0.000034283,0.000048119,0.000071242,859ac5dabd1a816edf972b2e6547a64d3dcd8999860b41a63ff817a96ffaf7ee
2183,1764562607.7955163,0.000034584,0.000018284,0.000026759,0.000023834,0.000039703,0.000060221,87b66ccf76285f230ea43f6db4540d6c4803f61f8b8c705da13c1858224830d4
2184,1764562607.7969782,0.000026389,0.000015579,0.000028232,0.000018163,0.000026049,0.000042299,0f1c210de19011cb8c85fb192ac52d4b4d08c97a7a67580dc747e8cc1d8130f6
2185,1764562607.7985802,0.000026038,0.000015558,0.000044132,0.000044612,0.000028082,0.000040405,b64cf3c8ab5d3d78edcb8fbbc0b42111aa0827cf66590ec83efb7fe05b412d80
2186,1764562607.8005831,0.000044612,0.000041186,0.000029624,0.000020367,0.000029986,0.000052627,6e6a767d16af1663e00968a3c7353551b3cd80c3f103abcf0347911576f10658
2187,1764562607.8019123,0.000023533,0.000042659,0.000023333,0.000017272,0.000022071,0.000038601,c8fced96efe774cbd0c73b6ec1e71d2788c80d16ab74b53a6ad2c4496d244c05
2188,1764562607.8032236,0.000022391,0.000014907,0.000021089,0.000017312,0.000026689,0.000041566,65ca5bf46292d1a28a1f7103510cb8f8e26d68129cffe03e7fdd31c6a3f446de
2189,1764562607.8043725,0.000020808,0.000014287,0.000019746,0.000016480,0.000021159,0.000033622,43d1acbeafa215876f6671b7e9f27314f03b0f02c1adce85bc8608e3c9be57b6
2190,1764562607.8054414,0.000020929,0.000014697,0.000019165,0.000015699,0.000019496,0.000032961,b580f33892fb31511944c2d26c0075825923f7a136adf3e8993e94c2ea0d57ef
2191,1764562607.8065164,0.000020408,0.000014577,0.000019567,0.000015328,0.000018714,0.000032700,5a99d044107b7821032cb86339b1a435ada532d488a7424fb3a1eef31f47d4d0
2192,1764562607.8075914,0.000020137,0.000014417,0.000020598,0.000015549,0.000019025,0.000032349,50d558705a120263fd6409e13172a69baaed09d658b320ac1d8c84371ed09749
2193,1764562607.808678,0.000020418,0.000014507,0.000019185,0.000015208,0.000019927,0.000032260,cd2f306fe7cb28024ecd82f415542e5ec735a33a933fa9682ec590b090fade30
2194,1764562607.809916,0.000019616,0.000014907,0.000022933,0.000017733,0.000025387,0.000036187,5970a7e94995120b437fe17cbc024d30c32d38749913db4f47c10a10e3e43a96
2195,1764562607.8110435,0.000020318,0.000014827,0.000020267,0.000016530,0.000021409,0.000034594,c34577f3e5b63b6c8e5c7bd13625e9cd54f8f1c66d074210f96da28a7ec2f753
2196,1764562607.8121293,0.000020267,0.000014797,0.000019957,0.000016080,0.000018875,0.000037430,09ee20fda428221a86968f877ba7916a5cf45dd8b066acbcd2b3f780335dab5d
2197,1764562607.8132129,0.000021169,0.000014808,0.000019035,0.000015298,0.000022933,0.000032620,a1bfe158cb812a2800b0cb01d0977f5c39c54e47f254a79eaaee46d267cec0e2
2198,1764562607.8142695,0.000020748,0.000014737,0.000019186,0.000015098,0.000018875,0.000032791,771525fc8a9a565af81b765e34c6eb845a2652b06e95b46190bdd3f9da4daa5e
2199,1764562607.815318,0.000019907,0.000014025,0.000018785,0.000015088,0.000018324,0.000032520,d194b8bf6e417eeff5ba32c31da6fbefba65f2fdb5db62a938c95547f1f20b4b
2200,1764562607.81641,0.000019476,0.000014236,0.000020207,0.000015539,0.000018454,0.000032330,ffc3cb30558e32e3ac17b0e8d9204b12093605018f6fffeef0e7431aac4b4fdc
2201,1764562607.81746,0.000020818,0.000014326,0.000019286,0.000015669,0.000018704,0.000032751,e7ad82e068b5f45b8cde75ea097231053ccf32964947c24dc4311712d62e2ca4
2202,1764562607.8185961,0.000020127,0.000014858,0.000020518,0.000016290,0.000020979,0.000034573,cb580af3699ff51df10d1d5efd7aaf0f9eaaa6c17d4e9217302aeeb8a28103ad
2203,1764562607.819733,0.000020588,0.000014487,0.000019226,0.000016160,0.000020308,0.000034975,684186344008a2de7ef7dc70517f27dde07a40d0ee7d755bad779e59af161277
2204,1764562607.8208117,0.000020117,0.000015018,0.000018996,0.000015519,0.000019065,0.000032820,8f05ef323ec9d5101c949ad87f6164759a0b2c0d98a011af4331854bc9998de7
2205,1764562607.8219516,0.000020398,0.000014807,0.000022201,0.000016881,0.000020047,0.000047277,f9b5d79e534c373eb67e93bc26d53e976fbc7564a163449ab893076767803d71
2206,1764562607.8231137,0.000022241,0.000014958,0.000019806,0.000016390,0.000021159,0.000043140,ea4f807e70ad6fe137e6708f2d9e650f0b80bcc3163edbfdf442f59cd355c747
2207,1764562607.8241751,0.000020768,0.000014406,0.000019095,0.000015399,0.000019175,0.000032971,c77a7ffbedd1a3a7afa1f39896ae59c98f1070d5c2775e7abba37301c2652070
2208,1764562607.8252218,0.000019706,0.000013886,0.000018955,0.000015338,0.000019296,0.000033182,55b11b50ab1cdfcc480f1f4caf4f4230c47c3ae7efefceadfd215ced955762f5
2209,1764562607.8263092,0.000020097,0.000014717,0.000019736,0.000016340,0.000019987,0.000034294,194b62ed15e82fbef78456a00ae1ff61fdf55a1d57480b40885a7536922a3501
2210,1764562607.827619,0.000020007,0.000014617,0.000035115,0.000017362,0.000023753,0.000036307,e2871198deae57b813f60d1e913af72d1af0435ef054c1a39f13de9dc90a703d
2211,1764562607.8288963,0.000027942,0.000015829,0.000019817,0.000016932,0.000024094,0.000037660,0e68000b3ad3d701467f5acd13f379531b14fe759be7688e3f8cd201bdc3468e
2212,1764562607.8299928,0.000020879,0.000014787,0.000019486,0.000016010,0.000020829,0.000033682,d5ca8f22349a35cf9e16bfc3e51094879be0d96fadd23f4ea520077b3c829a83
2213,1764562607.8310559,0.000020147,0.000014587,0.000019125,0.000015659,0.000018945,0.000032911,1dc66b5d8b7bab3f6af365283a106a8120b50f737c94bb2bcbb8dd5c667f4306
2214,1764562607.8321114,0.000020298,0.000014747,0.000018825,0.000015449,0.000018865,0.000032890,0135f06e2a4d44fe808a93c99f74920e51910ef697f8c000391f1854f210a91a
2215,1764562607.8332703,0.000019987,0.000014887,0.000020909,0.000015249,0.000018444,0.000034584,c42fd20ea7fcef97eacfdb5abd8e30c1189746a8b5e5451081256ac87fcc25f0
2216,1764562607.8344672,0.000020698,0.000014417,0.000020928,0.000016671,0.000022842,0.000034493,8c3f13912bb64526744289c427550113e579007dc0c0c692f3cd5aa0a9c0afac
2217,1764562607.8356466,0.000021170,0.000014727,0.000021550,0.000016350,0.000020628,0.000035456,737707e271b4f81235af28d1ffc43e6565f5fcdabeda14b9a1938c41c504e82a
2218,1764562607.836924,0.000020939,0.000014778,0.000021480,0.000018103,0.000024405,0.000043701,2427c056ff31ba5cd2e7eda9ac98c0a4931d2efde10730dd7ca16004f905025f
2219,1764562607.8381045,0.000020618,0.000014467,0.000020598,0.000016410,0.000021089,0.000034013,4136ee4971caa9fa2cf763ab2ab8e6936274d860582fca1e06a23dc21db9d106
2220,1764562607.8392515,0.000021149,0.000014988,0.000020518,0.000016470,0.000025688,0.000033472,15ed21069c4aa008b01715f1c0c757d942ae8dd2412a0a6483cd68a582271f03
2221,1764562607.8404224,0.000021670,0.000014877,0.000020618,0.000016310,0.000020358,0.000033773,8344221e6766e4979d30972685cf9c7f681f7c55e68b833a8b5510167e5f24b1
2222,1764562607.8415828,0.000020518,0.000014697,0.000020248,0.000016220,0.000019927,0.000033402,caa7c138a20e7dd57cae750a96d9e24796a3f7a9af0de9c689b0075b4f3d0e2c
2223,1764562607.8430147,0.000020719,0.000014607,0.000040515,0.000019817,0.000025487,0.000042188,7097419ed16df5d9e24dee2ffdd2be7d9de6b8585ac6f8df763cfe60fb740221
2224,1764562607.844773,0.000046776,0.000032229,0.000021370,0.000018905,0.000032540,0.000042438,2891c126e2a80498323028bc4fd502924cb3a7e0b12461806fc6bcaeb32aeb34
2225,1764562607.8459227,0.000021811,0.000015138,0.000019736,0.000016480,0.000019857,0.000033532,3912f3afb0d6770d8ae400d12c8a7c716c59aa139949e46fe053a45b633b5616
2226,1764562607.8469877,0.000020408,0.000014537,0.000020428,0.000015459,0.000018484,0.000032701,5532dcab3ba58e20008f02470464298d597844b76e0d4b2a648d2c80fe5f5a69
2227,1764562607.8482323,0.000021009,0.000015439,0.000024265,0.000017813,0.000024756,0.000037990,ab8d10586e5362d3bea05f670c74620da2043a2ec876be23fe07c9dfbec58d78
2228,1764562607.8494768,0.000022331,0.000015098,0.000022692,0.000017793,0.000022722,0.000036117,6004d5cf3709cccba04c1d493a5d6ad9095e46a4184910a2bd43ad5e958ae162
2229,1764562607.8508968,0.000021479,0.000015388,0.000023092,0.000017322,0.000025988,0.000036197,1ea9f5950588e01cd93e276fba9741a31d50868ff001fa5ec6f739b9511a9386
2230,1764562607.8529146,0.000047949,0.000031748,0.000031178,0.000017782,0.000036938,0.000056404,af93a056720572110e98ec5bbae872d15ebba2834f990bd450d644b787713ea3
2231,1764562607.8542566,0.000026209,0.000015488,0.000021891,0.000017141,0.000027901,0.000045023,9af96f3e8fd9ad00eef8c44ac5e5540b64e0ee70c07baeb543cb07008d80590c
2232,1764562607.8553774,0.000022312,0.000014637,0.000020087,0.000016010,0.000023974,0.000033441,b5bad57a8df858f3f6a5e9ef3bfa6d43fafffb69045c2431b0c6550b62d51fa9
2233,1764562607.8567297,0.000021590,0.000014467,0.000041116,0.000016080,0.000020327,0.000033632,7e213641db8152702443817e9262618ad3d40ee5f5cdd5d0d031c4fabe1d7330
2234,1764562607.8584945,0.000040785,0.000029174,0.000020307,0.000020327,0.000025107,0.000041958,13801d0642fa52ef39075dfce4cdd9a5dd2ea6ed2641a80f2fa1f91dccaf7621
2235,1764562607.8598773,0.000021520,0.000014667,0.000027701,0.000016531,0.000027411,0.000062185,35d306ec3430eca86c47f2e017b6736c1ef86421f12cb46d7523731cc3851725
2236,1764562607.8610044,0.000021560,0.000015188,0.000019285,0.000016210,0.000021209,0.000034314,d489c87147e8fb6ae512fa108fb5a578683a66ebaef50b79b110fb7a072363e6
2237,1764562607.8621247,0.000020087,0.000014577,0.000049301,0.000016049,0.000019806,0.000033311,851ad5937ac0bb62e81bca55ae1ce866677469c8cd7d62194e175c937c5f8d8f
2238,1764562607.8632116,0.000020858,0.000014628,0.000019917,0.000020327,0.000020388,0.000033982,d2fac8ea39c179d3634df640fd5a749bda22793d123919181159d960853bf602
2239,1764562607.8644211,0.000020999,0.000014737,0.000020207,0.000016691,0.000022361,0.000037289,50f9eea6a553cbff0ee5c434bde3e9c0df12278c7fc048fd409b113dff12613a
2240,1764562607.865512,0.000020738,0.000014276,0.000020177,0.000015980,0.000020538,0.000034814,1f55c772c621a83994d36fb2b7371e74b89cce4f855094422733477a117e3fec
2241,1764562607.8665707,0.000020257,0.000014356,0.000019136,0.000015789,0.000018594,0.000033081,8cabcf8e843dd6382f26a8a8e42f8c8bb40ff300a24ecd809973b76d28a646a9
2242,1764562607.8677583,0.000021189,0.000014977,0.000018815,0.000019245,0.000024555,0.000039173,8f9dc893821363059742ce84c3ff2d63baf9fe0dc664c1d1ce93e01fea348f7f
2243,1764562607.8688567,0.000021119,0.000015229,0.000019145,0.000015959,0.000021260,0.000034133,77f81849b4e47373d548481bcba546b0b9ef0e03bacbeb3f468b013b7874ab21
2244,1764562607.8700185,0.000020508,0.000014407,0.000022031,0.000020047,0.000025327,0.000038841,dd867ec9b961adc8aff210671b51e9f321c3447d1a7f6375e01115ed588fc07a
2245,1764562607.8711116,0.000021790,0.000014286,0.000019356,0.000016019,0.000020948,0.000033121,503cc7b89491ee33e5068de82f29519ead809a83eef49aa86d3350daa3e73073
2246,1764562607.8722832,0.000019957,0.000014477,0.000019446,0.000018784,0.000023733,0.000042097,309445eb67324178f0731acb600674fbec089b1a1f95bbbf4213c97f1bf0494f
2247,1764562607.87337,0.000020578,0.000014797,0.000019616,0.000016450,0.000020668,0.000033923,93eb09410cd94e7ae9d36b5a84ca7edd99c8ddfc218f9ff99d0c70129db9b60b
2248,1764562607.8744283,0.000020027,0.000014717,0.000019125,0.000015329,0.000019285,0.000032670,24f6e2d36a66cb466b141da9e1bc7612faceb1b99ac4871de9559b2f042ef4d5
2249,1764562607.875488,0.000019997,0.000014407,0.000019836,0.000015859,0.000019786,0.000033071,5f04e3bb19d6b1919eed01cd624ea64733542502dec74ec0cdb47a88859aa9c7
2250,1764562607.876574,0.000019977,0.000014667,0.000022091,0.000015759,0.000022161,0.000033552,1c3900ca98cde39d0e2cfcb1fba4c90ccd4832f34e7451e885262c93c8f9bfdf
2251,1764562607.8780048,0.000022111,0.000014627,0.000040254,0.000020337,0.000028323,0.000045534,a00b9307919117d9e08f675d7688863d179be07168059442815800826ef5039c
2252,1764562607.8795118,0.000025868,0.000014898,0.000024576,0.000021249,0.000040034,0.000060331,2e016ea3d276ad5725d50e4e086ba2c1de76115cc94f8a9be70fab8f72e7f5da
2253,1764562607.880779,0.000023814,0.000015138,0.000019466,0.000017172,0.000028903,0.000043461,562ab4ca4554f273518ec96fb47de304036639cf87ddc8c58946cd43dabb8e02
2254,1764562607.8820007,0.000019997,0.000015057,0.000021479,0.000015739,0.000018885,0.000032540,87441ca24d5b975fcdfb5fefef60738cc58cd7420e80e3806919e28405c5847d
2255,1764562607.883163,0.000020498,0.000014527,0.000018765,0.000022441,0.000082893,0.000034834,b1496ee22742f2050645b63696142e82987db1f24b53c5ee653e20e137a46e6c
2256,1764562607.884241,0.000020277,0.000014246,0.000022041,0.000015820,0.000031318,0.000033151,0d9669a578767787f0b9ea9310577d73a05aa68337c272739b3bbb10ab8b22d3
2257,1764562607.88534,0.000020649,0.000014457,0.000021950,0.000015809,0.000020438,0.000035315,7b2d87d1ba27fa7ec033a1b02ed3ce816921f5dc2ff0038e9d730be1229107d0
2258,1764562607.8865173,0.000021028,0.000014758,0.000021320,0.000017001,0.000024275,0.000036447,42a997e378c427f084ff6ddda3cd4c52fa1087bf0d1a177381f7ba6d12acf432
2259,1764562607.887601,0.000020598,0.000014687,0.000018935,0.000039012,0.000019506,0.000032410,fc2f97d627af80d9000ad7cb66e1325e56108b7988414a56607447b5bc72b18e
2260,1764562607.8886847,0.000020127,0.000014116,0.000020548,0.000015920,0.000020658,0.000033772,3814d323b56fe40e5a022e2472a54dc7b530cd23a15432d3e171824cbf85bf0c
2261,1764562607.8898876,0.000021279,0.000014236,0.000029134,0.000016972,0.000024155,0.000036227,f9879026cf03a1bfe53112b253ea3145e5aa157618093512da90270d7df01f69
2262,1764562607.8911064,0.000024977,0.000014918,0.000033112,0.000015899,0.000022922,0.000036768,803cd5db8faf3840729c563cf4de5160d4a4414cb10c2c34aa9d25fc4579281d
2263,1764562607.8923311,0.000021189,0.000014416,0.000019366,0.000017503,0.000054491,0.000036547,b0d5a4cdda2db243bcfa4e196ce63681913e0d563ec06108bf236fcc55a0c6f7
2264,1764562607.8942842,0.000021029,0.000014748,0.000036187,0.000037259,0.000053439,0.000093102,adb463cc8ba5612971aaae7cd5254424427737c19a894d21dda0e6da56f5adc1
2265,1764562607.8955865,0.000025707,0.000015238,0.000019205,0.000018945,0.000028773,0.000041757,8bc383e7adb64aa97ad94d72b585153c0c5c21d519d4c57a90c5521b79ac67ad
2266,1764562607.8966985,0.000021821,0.000013865,0.000019265,0.000016110,0.000019816,0.000033793,974d23d65e6b13c77ae58a15069828aead404d22f50492ba735b08f4d6e4a165
2267,1764562607.897781,0.000020518,0.000018063,0.000019346,0.000015448,0.000018834,0.000032971,bcee40c70a4c744486417817b5cfc256562e01fe872aaaf36c419b9d88165638
2268,1764562607.898868,0.000020568,0.000014166,0.000019176,0.000016661,0.000021259,0.000033952,af402d23a3fb6043dc8406a5ee77ef3e3a085fc9729f10d8adf4e76d1464fc9e
2269,1764562607.9000127,0.000021400,0.000014456,0.000021239,0.000016089,0.000019185,0.000033462,6c49968ed8847bc9d3bc546993d54c2294eb4fe803b312b96dad28eef6af0003
2270,1764562607.9011059,0.000020648,0.000014587,0.000020588,0.000015699,0.000018595,0.000033241,6d2a4a3b93bf907cdd1056c76a502f8c3d4e1ae4237fa558f04f30a48ccb175c
2271,1764562607.9023514,0.000020518,0.000015098,0.000023684,0.000016721,0.000024205,0.000039813,a06f79ea25b3bddfbc07b243a04ecf541ed2277b9d0fb28b3a876aa779849483
2272,1764562607.9034755,0.000021820,0.000014416,0.000019095,0.000015579,0.000019316,0.000032740,812d285719f921b2602934a5bd792828ec7ac276b6b694e0b5a3111935093885
2273,1764562607.9045615,0.000020769,0.000014066,0.000019235,0.000016170,0.000018995,0.000033312,034454384189f913a1f99289305dfd1b96969146dc51d95f2a108f5f4e89aaf7
2274,1764562607.9056091,0.000020257,0.000014356,0.000018925,0.000015769,0.000018404,0.000032780,9502995fbdbe127fd24dbc6f39ef0e3e6e9e500cd7eee4fd11f02d645aea1336
2275,1764562607.9067023,0.000019737,0.000014377,0.000020447,0.000015880,0.000019516,0.000034063,a57460d702a7d4ab9bbc71790e86d8c55a92acf95daff4d7123bcaaf466586d5
2276,1764562607.9078,0.000046226,0.000015699,0.000019466,0.000015709,0.000019195,0.000033312,55ce6f118081092dff8028b6ec601d0086e0cdf9d767814df3b30fe00a75cb11
2277,1764562607.9088514,0.000020328,0.000014206,0.000018925,0.000015349,0.000018294,0.000032721,3fef7e7f4734aedf90e97c87f6263d02889daf3981b70eca30fb4985a985eb05
2278,1764562607.9100685,0.000021029,0.000014867,0.000023704,0.000018093,0.000026129,0.000035566,46264f1e48428c9e8d35dd29daabb0027f2c0e6edf59146eb35ea32457517437
2279,1764562607.9112983,0.000023133,0.000014557,0.000019255,0.000016550,0.000024125,0.000038892,f17dc94d9f47ca1d77c7103a2b460be84d806ecd20b0a251f04a6f7d2b9b5f1d
2280,1764562607.9123576,0.000019807,0.000014417,0.000018885,0.000015689,0.000019125,0.000033061,939a181cd6786f9f61d6c673f0a99542857e1781145968e46c4248a8ac18c678
2281,1764562607.9139445,0.000019926,0.000014346,0.000020417,0.000032560,0.000040916,0.000068727,d46104a052b511394ea051d1aac2599d9dfbffdf3954429fd4b7e54530e26972
2282,1764562607.915141,0.000021239,0.000014597,0.000019225,0.000016050,0.000019967,0.000037649,ac231585911dbc350e0304d7ac28fe3b3290250e3d9c364522ed6a20eeea84ec
2283,1764562607.9161963,0.000019516,0.000014046,0.000019186,0.000020788,0.000018364,0.000032840,e67a1958df2838cc4d0af98e841180d5b775f1a384f870a988adf0cb620c05a1
2284,1764562607.917276,0.000019837,0.000014217,0.000019105,0.000015709,0.000018835,0.000032851,8c67b95bc2683265b10d497c4d387c6f68060b58b104ab930a19c24248e2f7c4
2285,1764562607.9184766,0.000020268,0.000014356,0.000021800,0.000017993,0.000027782,0.000039533,ee1e15a95d9bb2f50af410e4ff110e3e7b4205be11b4a81f1f6e463e19c4b822
2286,1764562607.9196618,0.000023534,0.000014747,0.000019095,0.000016220,0.000023844,0.000034083,701be9674a221d7ee7b62c5e84dffe71a803e7dc827b0c420338ef3551ae9f33
2287,1764562607.920816,0.000021139,0.000014708,0.000023984,0.000016179,0.000020447,0.000032740,53e99ef498c3f8afaf451115b11c91758b6e24f0ef170cc08699d857e47231f7
2288,1764562607.921935,0.000022412,0.000014898,0.000019616,0.000015679,0.000019055,0.000033492,5458f4b280e4f78b0e210006d28da69fbb16ece571ea6a8e5fe7a28f90e5b0cc
2289,1764562607.922995,0.000020178,0.000014427,0.000019616,0.000015619,0.000019366,0.000034103,2e28f1c0c37596928fe6db38ccde34399c2c26233dcfb9cfe697121387ec5402
2290,1764562607.9241178,0.000020618,0.000015048,0.000020127,0.000015999,0.000021039,0.000040485,afc15e33bc052e88ebb02c1932b4f2d578593d95ade710c6c9233406af40d451
2291,1764562607.925333,0.000021129,0.000033883,0.000019346,0.000016881,0.000019496,0.000035355,218c9db793ff525e5ca2e285b6e5a39b1f3a93afb35b529c253f251c14198c73
2292,1764562607.926491,0.000019877,0.000014317,0.000022251,0.000016410,0.000025147,0.000037469,1c385fd31f6e175be071b51ce709abe0f851fcd57b9df5ff701bf346aa120c96
2293,1764562607.9276664,0.000020719,0.000014517,0.000021429,0.000017372,0.000024275,0.000036378,0bb723b22a8edfce2bf482c7f48aa946f5efc800df10a4eba2c2aaf6a84173c3
2294,1764562607.9287462,0.000020738,0.000014947,0.000019767,0.000015438,0.000019245,0.000033552,e83bb5fa5fdeca0f597b9ccd7666ef07eaf6cb555382ccef926b6dec74f32b34
2295,1764562607.9298415,0.000047778,0.000014767,0.000019015,0.000015519,0.000019055,0.000033071,e19e8621fa4a552c200e806f1434d3249b2e526c0bc4c4e743c900d32fe54339
2296,1764562607.9309301,0.000020277,0.000013855,0.000019166,0.000016030,0.000019877,0.000033623,d0ad33e3c89cc871b7a1460c0f898426031c08814cb7bee7f89ee47d75e445ea
2297,1764562607.9319847,0.000019927,0.000014086,0.000018935,0.000015499,0.000018814,0.000032821,6390264b154d63dac3b3d2d333900ec07607a2a822f70923213a1467baf1bf41
2298,1764562607.9330196,0.000020267,0.000014767,0.000019076,0.000015338,0.000018034,0.000033622,b8884e7a8bdfe759387d1ce9947756034b15f67d4b88e2976c60215fbef6b36b
2299,1764562607.9340599,0.000019426,0.000014687,0.000018754,0.000015528,0.000018694,0.000032259,b8f3f5e16d4f228bd8b72ab571e9a46a89a5d0328ecd03f36450eabb9afc53c2
2300,1764562607.9351768,0.000019827,0.000014036,0.000033702,0.000020167,0.000024466,0.000046446,0cab07e70c4f6c688ad5a587a1378bba43a6cad71e65f1a7a6d66c8846aa7a56
2301,1764562607.9362562,0.000020397,0.000014396,0.000019917,0.000015999,0.000019886,0.000035856,9f0c1f70b92dba6872be6a048a05f1dcae44515f11e20f8c40f111f79ea60a07
2302,1764562607.937334,0.000019947,0.000013946,0.000018865,0.000015779,0.000020077,0.000033612,f8f4a385ac8e2eabc63f0d0de9d89f30c4e4811ead608beca8e5be103d3a946e
2303,1764562607.9383857,0.000019586,0.000014356,0.000018795,0.000015269,0.000018604,0.000032961,c47675f36841bd462f648ffddba997c69ec7be7f76b46d76be4ce1af44bf2693
2304,1764562607.939415,0.000020077,0.000014347,0.000018524,0.000015198,0.000018204,0.000032601,ebef3affe8d2fccac80eddb4278a5bc077f53a13dddf3133f106a39f348c4e0f
2305,1764562607.9404428,0.000020027,0.000014317,0.000018815,0.000015218,0.000018485,0.000032861,a49fdd6bbfdff071505f3f8ce9c2999c4152d8d766436f96978def64deb60f0d
2306,1764562607.9414861,0.000019637,0.000014517,0.000018845,0.000015298,0.000018103,0.000032750,feb173f20d5e90bd7cbffe41decf60e8d543257b94ea3ea45c7a0df88441850a
2307,1764562607.942525,0.000019716,0.000014446,0.000018585,0.000015349,0.000017933,0.000032630,37a3b4725510d943db440f0ace774bc843e67d2a6ea6e141d7907d771e635a22
2308,1764562607.9436543,0.000019596,0.000014276,0.000019846,0.000016190,0.000023494,0.000036327,aa5de73ae699d249dcc4e5a7f8f7286c9eaef89c1c75f2c7b99b7f010f465594
2309,1764562607.9448483,0.000019756,0.000014467,0.000019356,0.000017463,0.000023864,0.000037849,1c03d3170f53e7dd6a01e8310d52c5169c9171a09d375a3daa61e71006f71962
2310,1764562607.9458966,0.000020768,0.000014237,0.000019627,0.000016100,0.000019136,0.000033612,2d8155aab168e888ff489839074dde00dd4ce7a0525a979439fb831551adc484
2311,1764562607.9469547,0.000020948,0.000014346,0.000018875,0.000015469,0.000018765,0.000032710,354088902fd9fef832d54d0a3bf727d5f29bb2aced0aac278348683cd7ddbe72
2312,1764562607.9480064,0.000020287,0.000014577,0.000019005,0.000015418,0.000018635,0.000032620,2f939fad3fb5ffcef557f45cb76517853eef25a254ad09b2e3690be6b85d4fcd
2313,1764562607.949074,0.000019656,0.000014096,0.000019195,0.000015969,0.000020418,0.000033672,3111ae1aa51341eb70b3d6ecfbe7886edb82837f297a4b8e9af81cb00ca91e4c
2314,1764562607.9501557,0.000020658,0.000014307,0.000019657,0.000015950,0.000019646,0.000032720,7ad945151372466fceb4711f9b439b979e495c9d59c7f0a27a34b1120c9500cd
2315,1764562607.9512181,0.000020388,0.000014517,0.000019316,0.000015479,0.000023393,0.000033232,76f92e1beb0ee3b69b71e3d7c6514df62d910add0e5f1bdab485ff43dec49522
2316,1764562607.9524546,0.000037950,0.000014326,0.000020438,0.000016681,0.000022712,0.000036577,2add2959030695c642378c6481688c659700356ae31e237146c6e1777b0b79dd
2317,1764562607.953541,0.000020658,0.000014537,0.000018775,0.000015899,0.000019867,0.000034554,d105c9b51d55017935797b636736b0830e7402dd70abb6adf3b497a95c34c83f
2318,1764562607.954608,0.000020178,0.000014036,0.000018424,0.000015529,0.000019115,0.000032680,4e6ecdb56e7160a23f5806d5dc9dc319592f33bbaa9299876b98222073844ceb
2319,1764562607.9557111,0.000020077,0.000013976,0.000024165,0.000017532,0.000022422,0.000032680,01d3c41c8ca711ee06a8217b047e8748d4dc074188c67dcf70d353ca2d7b6be3
2320,1764562607.9567792,0.000022782,0.000015679,0.000018995,0.000015739,0.000018835,0.000032580,df9643f485199968a8b9edcf20557f1fb5a40b925d328539ef8482cd591c5c91
2321,1764562607.957819,0.000020648,0.000014436,0.000019106,0.000015359,0.000018434,0.000032790,dc8e153942958e7676fdbbc6bd6b15ee6563182666af8e5141b475f0bff18956
2322,1764562607.9588966,0.000019937,0.000013945,0.000019196,0.000015469,0.000018404,0.000033141,6f5f7c36a557c980bc08b48fd6c0a3c974d489621acaba9d164c9720071ac7cf
2323,1764562607.9600463,0.000019686,0.000017131,0.000020287,0.000017412,0.000025998,0.000036948,b70026a76404ab619fb3a9f28e7688389f253e564cbad651dfe5665d3281cc00
2324,1764562607.961499,0.000020098,0.000014276,0.000027270,0.000017462,0.000024625,0.000036898,8bb6ab0bae46c67dcdd91c2bba446a52b05a3683f58410a2734cc51fcd89f5aa
2325,1764562607.9632332,0.000024456,0.000016220,0.000026388,0.000021029,0.000040895,0.000076140,40ec4599a91c1b18cb7616d92f6d85dbfde862559e7f34b72bd90dda82045834
2326,1764562607.9646726,0.000025667,0.000015308,0.000032180,0.000018995,0.000031909,0.000048970,5362376573bb562de7c7c4a318036f9af9c2b1c4a397463e99122a3cea996fac
2327,1764562607.9663227,0.000028513,0.000051765,0.000025758,0.000032910,0.000028943,0.000041947,a36ff06b209cc4ac0a2659c7317ce837b91c673a8769ba279cccc4d005a1aad6
2328,1764562607.9676735,0.000023484,0.000015168,0.000024565,0.000018133,0.000033862,0.000040555,d4ed522cffbecb65ba97b232e87cc4296e54540c5f07413e70988d375b345705
2329,1764562607.9691591,0.000026138,0.000017562,0.000024596,0.000018414,0.000026008,0.000043952,08ae2f0f42fa5886f596defd0dc337d4d7889a24b14e73f6af2509a098f5baf3
2330,1764562607.9704707,0.000022241,0.000015829,0.000027029,0.000018484,0.000023604,0.000038351,7058d24e61153db332a724a6034bb61af4559f9e721dc58425f0d38e04af9d20
2331,1764562607.9718108,0.000023163,0.000015579,0.000022101,0.000022281,0.000027561,0.000036808,45a84027d95ae039ea719fdb40427938e5a724cf459622d53d2a9a6844158875
2332,1764562607.973237,0.000021710,0.000015168,0.000028733,0.000021159,0.000027972,0.000043169,7164387f57bcb2bdadee076bb8f7f55aabdd764fe3f8e4a8e3139e34b26a9443
2333,1764562607.9745927,0.000023193,0.000015539,0.000023112,0.000017292,0.000024385,0.000037729,dfc6e70d0922cd1540e93f532bc98f43b1fe83bdc1d1e8885901b7d07412d4c7
2334,1764562607.9761374,0.000022261,0.000015569,0.000030757,0.000023193,0.000041487,0.000054862,3c817a6473b2e5320bc41ff19287957a9b7c61ad344202c751e474967216125e
2335,1764562607.9778285,0.000027451,0.000016430,0.000028703,0.000021991,0.000037429,0.000058127,17effabf3af1eed3ea5c92d37f7ea3318423503952085ed385b2701dc237a831
2336,1764562607.9793048,0.000025047,0.000015388,0.000029134,0.000019897,0.000026078,0.000056845,2a7e90da2c86437797965291db015a81fcc55b3e2935e0d3c04476298eeebcea
2337,1764562607.9807456,0.000025607,0.000015679,0.000026319,0.000020478,0.000031017,0.000045705,5dee28ba0aeb12669607be46be65f385e089f68d2bdca59b4d5960f96b25c001
2338,1764562607.9821908,0.000026549,0.000017242,0.000025286,0.000017732,0.000027671,0.000038471,3c46814ec3fe1e60a409a34ddbc0acd6951233833710c2806957ffc8144c28ac
2339,1764562607.9836004,0.000022672,0.000015829,0.000026088,0.000018584,0.000025737,0.000040554,f05f5e0fabb4c873b049e3a37b20c065bfb94e2cd2281a403ce0a5a4ab18dee5
2340,1764562607.9853637,0.000025016,0.000015920,0.000048580,0.000019376,0.000028132,0.000047437,49103b333bb964e10be8633b5ca05aaa0b11a9050d90f78752c80d75117b6d4c
2341,1764562607.9877067,0.000032520,0.000017573,0.000040013,0.000025668,0.000064639,0.000086490,13ca277f596e81776e43379ad94ce969001eb5a4aeb235c52a9e034acb4c0952
2342,1764562607.9894264,0.000030086,0.000016631,0.000029825,0.000028062,0.000039183,0.000059570,c71a2985279937279b517d814aed823f24551bf33fa52ff76d0f31bc82a5c3f8
2343,1764562607.990925,0.000027220,0.000016050,0.000029675,0.000018955,0.000031699,0.000052246,70e55db207b41e8759efcc20618658305619cfe37b47150e5833ca03abede1e1
2344,1764562607.9925454,0.000023683,0.000015298,0.000025487,0.000021510,0.000037750,0.000037880,5d155adb503435247548ca32894050136aa21856d91777d95b2eb1f461eab436
2345,1764562607.9939067,0.000022552,0.000015539,0.000024415,0.000024425,0.000066433,0.000038812,5e4e08d658b3296cbac59e4595a8f399c1ead67483969f7058cb447fa00dfd6c
2346,1764562607.995122,0.000022051,0.000015138,0.000020768,0.000016631,0.000022211,0.000035296,75f0675b15d6231edb7aace7bf471e8e5d1f3f774ff6ca262aa9502af95df9d6
2347,1764562607.9964914,0.000021309,0.000015259,0.000024806,0.000016882,0.000026258,0.000039052,9d5f98b767f1a950e0dbabeaaf674c301188842377b6f30e040ade9e4fbd7461
2348,1764562607.9977775,0.000023153,0.000015388,0.000020398,0.000017071,0.000023493,0.000036006,6d12481666b9dbb21167eda6b570c573d08ef181630cae137c9f07bd713a7675
2349,1764562607.9989727,0.000020948,0.000014907,0.000021991,0.000016441,0.000020277,0.000035325,e3517e1f0f229dab7ca57875bb0c95eb6b374c69ebbc8f54e67c38007f984826
2350,1764562608.000253,0.000022943,0.000015559,0.000024185,0.000016951,0.000023393,0.000036217,0207f65cb96f25239fe9b30bc685b91bb8656134dcf71d385f68fbbb164fe231
2351,1764562608.0019143,0.000025006,0.000015018,0.000041477,0.000019656,0.000037550,0.000048469,67ca313311af018baa4a3816086a03626b2a3ea65b1b72fc954a99db14798ff7
2352,1764562608.0036323,0.000032239,0.000016070,0.000025777,0.000020338,0.000036978,0.000054611,c0061f6a94bf9f15b1467cdcad6c73666ba9b68e971fc1e958a36dd79bbf64c5
2353,1764562608.0049016,0.000024465,0.000014918,0.000020768,0.000016070,0.000023173,0.000036077,f5a5511fe916559f62295afc85afee2b6c4075f844acd0e38fe89d01f74370b7
2354,1764562608.0060797,0.000021430,0.000014757,0.000020739,0.000016000,0.000020297,0.000033642,3aa19d68ad098e3f4104baec22afbf6f3d18928ee144a794826c691f25f3a488
2355,1764562608.0072424,0.000021139,0.000015860,0.000021119,0.000020338,0.000019857,0.000035315,2d6c28f406217d63c5b252debe1a24e5af4c5d218cd0d3fbbbe0506812516b63
2356,1764562608.0084126,0.000021099,0.000014617,0.000021169,0.000016169,0.000020728,0.000033502,576c792721f06a32eb0dbd52cf7ded981867a5021513e2d5012f0e023d9c2a56
2357,1764562608.0095801,0.000020779,0.000015037,0.000020387,0.000015989,0.000020347,0.000033122,94d5405b5d8a4d9b5b0f811eb2c725275ef47fe113024120a2bf5f3cadedb6f4
2358,1764562608.0108066,0.000020798,0.000014798,0.000024085,0.000016430,0.000024215,0.000038391,22f1549635e4d7320294e2661d488cbb41f61c146f3c19fce3e0b03bde6b55f4
2359,1764562608.0121381,0.000022922,0.000014797,0.000022532,0.000018124,0.000028082,0.000045123,0bd996c4cf0bfcdebeccecd1a7ee90d1a3100d4d23cb128ac0095870de7bf6e8
2360,1764562608.013339,0.000021930,0.000015008,0.000020758,0.000016591,0.000022492,0.000036087,cefd00fb94a1f6d7ca1bafe1e036107233de15f81a0283ec5e1a4c23a53682a0
2361,1764562608.014489,0.000021610,0.000014987,0.000020318,0.000016170,0.000019887,0.000033502,426f0d5a3368f44df3680505edf0179ae86b7c1050dff93e0e06ed39decb0f4a
2362,1764562608.0157003,0.000020578,0.000014577,0.000021309,0.000016591,0.000021189,0.000034664,6c593328d640df7175c2af897ff0f7a2cce14a9019c22cab6d34b4597fa6c21d
2363,1764562608.016889,0.000022201,0.000015329,0.000029454,0.000016030,0.000020237,0.000033542,65c48e572b07a88c9af4a7a002a9259e267577136955573d220564127b35124e
2364,1764562608.0180454,0.000021239,0.000014758,0.000021419,0.000016390,0.000019957,0.000034033,057373b245b19b2a39891da98e0df88a9fec3186a58abb941fc6e6a18a9c9cda
2365,1764562608.0196233,0.000020798,0.000014507,0.000026689,0.000017572,0.000026689,0.000052677,6d83b6427503768ffdba128ce6f060473b254974e999088478a82e27a185f0e5
2366,1764562608.0208733,0.000023714,0.000015479,0.000026318,0.000017813,0.000025097,0.000038772,0252402d8e76d6ac749a45d32f32a84e68bcb829b7665d1f66793ffe302d8215
2367,1764562608.0219648,0.000021460,0.000015168,0.000019295,0.000015819,0.000020207,0.000033332,13f0acc04a11593ca5a8ad84ee13828dca9cfdc83e8591525664af86f08418b1
2368,1764562608.0230415,0.000020719,0.000014277,0.000019276,0.000015528,0.000019126,0.000032710,a09e9422369eff128b965dbded5de3a0391bdfb709d427388c80ab9544a011b1
2369,1764562608.0241227,0.000020949,0.000014697,0.000019035,0.000015419,0.000019165,0.000037189,ca19138a819cba825b90479893896bb80a9086d6d4abbd53ad3a6a1446b1c8b5
2370,1764562608.0251677,0.000020017,0.000014136,0.000019826,0.000015369,0.000018524,0.000032650,dc887d64a02559b45f8b1fdcf1095d685bfe68e81b38c64edb934b7708683a71
2371,1764562608.0266497,0.000020548,0.000015148,0.000021149,0.000033051,0.000040554,0.000035736,ecc2fec67919facd6f3ffbc39c1097caecaf23c37686cd92d6e69c56a6880208
2372,1764562608.0279274,0.000020088,0.000014978,0.000025898,0.000017192,0.000024456,0.000039613,c16deaedcae36ddc4ba635adf29229b4cc8d006d8c8e1316829c3d71299724c6
2373,1764562608.029239,0.000023383,0.000015268,0.000027821,0.000016771,0.000028824,0.000042859,08a17d10ae398d60e882b468ea6681578c053f5c55d97ad7076cdf6f90c39172
2374,1764562608.0305245,0.000023223,0.000014768,0.000021260,0.000016801,0.000025116,0.000035365,8368cd20fc122035b5a20dd9a5ac33bcd16eb5bdec4ed7bf45ad2ae7f0ef8709
2375,1764562608.0321739,0.000021690,0.000014898,0.000019767,0.000031408,0.000039814,0.000066784,755021c17ed8e3fd77c6ec27528f67447881c6d99c82e89fbe0cbdd2af251af0
2376,1764562608.0333927,0.000020939,0.000014477,0.000022591,0.000016811,0.000024665,0.000036687,dc1598c51a68139e86e3a3a13bf06b74aef49e4fd84ff19c9654fc7e99594745
2377,1764562608.0346122,0.000020668,0.000014256,0.000019817,0.000017051,0.000026770,0.000038641,a9cd2557fc6f17ed6952e2bc400d17897e0f1f127fb991c62400ad9773ea35e7
2378,1764562608.035809,0.000020237,0.000014647,0.000020978,0.000015990,0.000022562,0.000036908,368b6d1e0deef5bc9c4258adc8a4df6ae79e372e0fe81ad20650ba9682dae64e
2379,1764562608.0369375,0.000021199,0.000014577,0.000020278,0.000016250,0.000020358,0.000033081,f9ee3417ba42e731f5e72834053c6824873805e8f48cd49b126a08ab60eced9f
2380,1764562608.038025,0.000020077,0.000014136,0.000019245,0.000015879,0.000019726,0.000033132,ebaeb01f084db03b1ef8132e4565e64517dac1626a19ef5bce77c8769687b31b
2381,1764562608.0391302,0.000019817,0.000014257,0.000018885,0.000015860,0.000018875,0.000037369,32fcdaeadec61c14864be9359ce3c61c43e1e97fe68a32990b5c3ab1cb317250
2382,1764562608.0401862,0.000019526,0.000014156,0.000019676,0.000016150,0.000019106,0.000032820,743f0c69db714759c47801eed8e5c27df5c46ff97fd506eadede13d45c5c33c7
2383,1764562608.0413976,0.000020188,0.000015358,0.000024806,0.000016991,0.000024415,0.000037560,f5815d44e241b051a31bf0fc8c46eef287381f09321ba80c3721914f9a1337c9
2384,1764562608.0430305,0.000022682,0.000015299,0.000023003,0.000021710,0.000036227,0.000065951,6199c55a09051abc7955c0c2acd2593e4901072a5c15052a52d2f5682a9a2676
2385,1764562608.0445025,0.000021370,0.000015048,0.000023984,0.000021289,0.000036668,0.000054761,d8a68cf960502e0e27f2c7762de2e75b68821b5b38acffb14336bea50ca60c29
2386,1764562608.0457287,0.000022291,0.000014907,0.000020218,0.000021109,0.000027551,0.000040675,c3faeb3316c271f891d603be364dded902d4e7bbd8887f6a5018f2e1562376ff
2387,1764562608.046826,0.000020989,0.000014867,0.000018935,0.000015588,0.000019866,0.000033692,ff03089c4c29f76287ca428deee8ab0d9dc903db6e1b4b440a4c58524d4e9963
2388,1764562608.0479379,0.000021940,0.000014708,0.000020568,0.000015779,0.000020588,0.000034384,fa0b2c823556550ede032cb2ac017fd06ed108b9d65c77884bf5e08ed8d7e881
2389,1764562608.0491738,0.000020728,0.000014808,0.000030125,0.000016451,0.000022251,0.000036047,ddc36eb8e9d30b0471ad87f5c396671e7e67fbcbbd000c3bd674c097249f8537
2390,1764562608.050662,0.000026309,0.000015689,0.000030125,0.000018574,0.000030016,0.000045314,78421a7b2b6cef7ac5d5f1d5669792e18c7ea300c1dae5966031a6e603160778
2391,1764562608.052104,0.000026219,0.000019486,0.000025327,0.000021530,0.000033151,0.000056294,793a04b75c6f7ebdf20ce9fc9f841491cc2cbe5146aebaa5fea649f6a3a3a322
2392,1764562608.053367,0.000023003,0.000015719,0.000020568,0.000019887,0.000027531,0.000041156,41256131de37b5f89b7bc36d36729d4634b0e51c0b8d5101f1831c1e1a553d1d
2393,1764562608.0544794,0.000020318,0.000014647,0.000019376,0.000015599,0.000019957,0.000034484,db41a09b41c09d72935f1fdf82ac0465bc42d1ab8f8d8b3c19578d6fa875b069
2394,1764562608.0555584,0.000019997,0.000014837,0.000020928,0.000015750,0.000018584,0.000033462,63a621612136dd226a0551c2fd8cf9ee1ddfa3f3e9d00d4c363a766cafcf4299
2395,1764562608.0566728,0.000020538,0.000014597,0.000019176,0.000015368,0.000021400,0.000033071,a1baf9bfb3260f7782d0e106668ce65ea70d2bc1cc09458c3edb8481ba5e7f02
2396,1764562608.0577462,0.000020027,0.000014527,0.000019807,0.000015709,0.000018624,0.000032920,24b246fa1d9a258fe19eb3c81c62fccb3100977fd7e784e0dd2e45eeee01a5bc
2397,1764562608.0588057,0.000025076,0.000014577,0.000019436,0.000015549,0.000019225,0.000032981,7f5fd80a3e26ff5c9933bb476a1cc77ffa91e4168901201a90fc59a8a34c0f7f
2398,1764562608.0599058,0.000020658,0.000014287,0.000020338,0.000015809,0.000019837,0.000032761,ad4aa5d3b0da89b8e2ed42e93947ff670f245b451502c2d5b7953a84470b7c5e
2399,1764562608.0610485,0.000021199,0.000015289,0.000020959,0.000016550,0.000022151,0.000034554,c240790fde340954a892ea5d1571c9fbc2d9c4ffed4c38cadd06636261623f1d
2400,1764562608.0621574,0.000020848,0.000015168,0.000019956,0.000015579,0.000021189,0.000041417,efd270feaf651d0df388fb36158da95cd5009e00f78be72aa1e06f8af8897bf3
2401,1764562608.0633745,0.000020557,0.000014687,0.000020979,0.000017853,0.000024535,0.000038270,af133fd9f768edcc260d489d8369b0b899dfe5cf05b6a1dda7bc325aa96bc7df
2402,1764562608.0644948,0.000021079,0.000014326,0.000019396,0.000015879,0.000019536,0.000033001,5ecd3381aa9f7859b00af54b8a90096f54b0a5ae1ae5b57a0c9695a8fe2e9f9c
2403,1764562608.0655568,0.000020578,0.000014136,0.000019035,0.000015629,0.000019466,0.000032720,2bb9c05eb127e499f7eaaaa9a336ff3b9f283e8bee8662ebe939542c1fc7e1c0
2404,1764562608.066635,0.000019806,0.000014056,0.000018895,0.000015538,0.000018915,0.000032960,d9b40ca9b9e01c98917c39a37682c2050a4461e55d58892095dbf306686641f2
2405,1764562608.0677326,0.000019876,0.000014496,0.000019807,0.000015329,0.000019686,0.000032691,cb37aca1cafe0abc454e587d7f115f41adb3bfa6258a19738be960f095d063a8
2406,1764562608.0688496,0.000020317,0.000015168,0.000024565,0.000015729,0.000019396,0.000034063,12881ac39e7e96968b7364024420b7c63fea73d53c2c2f0bf39fc4102d868057
2407,1764562608.0701237,0.000023112,0.000014858,0.000022201,0.000017782,0.000031608,0.000041296,b243ec0406d846612154f8f06dc0a33c1c38bf1abf7a9436840e350c70f4ab76
2408,1764562608.0713334,0.000022231,0.000014096,0.000019877,0.000016310,0.000022171,0.000034434,67ae9f180d219e731734d5c089c61d5bfe5e644b3621be49dcc8a2df3ff51e2b
2409,1764562608.0724545,0.000020628,0.000014467,0.000019717,0.000016551,0.000020949,0.000038180,50fcbecefa0462cd9166154f3f1f55538dc17972e747f51650c7d3d9460ef29a
2410,1764562608.0735419,0.000021339,0.000014046,0.000019165,0.000015368,0.000019375,0.000032921,1dea30d976874f05e7fc4e1dd9791d70f528077002e81ae931498710aa0393e2
2411,1764562608.0746212,0.000019937,0.000014908,0.000019206,0.000015799,0.000019897,0.000033471,5755802c3116bc65e59946f370517c16fc4b2872d23baa6841766799d2f05005
2412,1764562608.0757017,0.000020438,0.000014006,0.000022702,0.000015508,0.000019216,0.000032791,f4159db7ec75ac8c4205f2dee9c1d6a631504488223afd428fbb6f1501872ce0
2413,1764562608.0767982,0.000021750,0.000015328,0.000020308,0.000015780,0.000019987,0.000033562,ecfcc60be1dc280cad07d16cd1247c4450dc70d2822114f5caa99ee8540de19d
2414,1764562608.0780857,0.000021169,0.000015008,0.000020588,0.000017201,0.000027632,0.000043290,86ace71d6a454d3ad19683f69eecb27e2899d62100b091afbdd71eb2b7282881
2415,1764562608.0792391,0.000021399,0.000014637,0.000020458,0.000031828,0.000022351,0.000036297,01536b32a8d1ee1c552f4e13932ae1c93cce363f0645093dfa291a0c1d658d04
2416,1764562608.0804117,0.000019907,0.000014427,0.000019125,0.000016180,0.000024365,0.000039654,85f0ab9eb34547bc630559bea87d7ac371e597a08121354f3399110dfe91640f
2417,1764562608.0814993,0.000020768,0.000014457,0.000019617,0.000015699,0.000019586,0.000034995,225bb232fc7037fd3fc4df3b5bbec4f021293aa4f4b01cd374d2064c221c40f6
2418,1764562608.0825596,0.000019857,0.000014176,0.000018965,0.000015469,0.000018674,0.000032831,52a8189e7ee64e86c91f8f200f4a4cbab514c5e3bf7e98debcce870159ae46d4
2419,1764562608.0836585,0.000020648,0.000014136,0.000022311,0.000015639,0.000018725,0.000032841,006edb54fb7e396b44c990e7b1e1fd78650b3ba653dca142cf767afe4488b064
2420,1764562608.0847266,0.000021710,0.000014247,0.000019106,0.000015368,0.000018665,0.000032450,4165f0cc5d9b50d779681100eec04457fc125d01bb487843cb0f80c88301d86c
2421,1764562608.0858762,0.000019767,0.000015278,0.000024254,0.000016571,0.000023473,0.000037860,58195fcdf5cc605d0dcdce2ec78d3eddab5259190b05046d26023fe3d04df87d
2422,1764562608.0871031,0.000024115,0.000015108,0.000019566,0.000016481,0.000025587,0.000036127,d14643b231bd20815f9f17058fc6ecee58b22c398a480a9ab9b2358a7cc62a41
2423,1764562608.0883482,0.000021289,0.000014827,0.000022812,0.000017482,0.000031288,0.000045364,fd52efdb17e5a83077e66758aca9649e71794e11f82a886c841aed916c064c7a
2424,1764562608.089512,0.000022783,0.000015068,0.000020208,0.000016129,0.000022411,0.000036267,b6875c9e28e296f430d2612b8a01821dd215060d15b5d84372460f482314d459
2425,1764562608.090661,0.000021280,0.000014928,0.000019987,0.000017873,0.000022120,0.000034935,38031280bda38f2eb36c6910ad978133b2c095b3747f3223068c155840fa5fa4
2426,1764562608.0917337,0.000020498,0.000014257,0.000018955,0.000016190,0.000019587,0.000032910,eaff6ea511ec30aa7988298098f558fa7ab68be891fb443b4b7bee4064698d1a
2427,1764562608.0928414,0.000020167,0.000015007,0.000020168,0.000016100,0.000021099,0.000034975,1eaedeecf3cf710f77ee2fdcda556c52f317dd080f99989be16954698fc26daa
2428,1764562608.0939412,0.000020678,0.000013956,0.000022562,0.000015910,0.000018905,0.000032891,6ba332ffebbb123f083d03fc91cca9db13ed2e5518392ee49e0c32eb3a7fdcc7
2429,1764562608.0951045,0.000023894,0.000014667,0.000019667,0.000016971,0.000023023,0.000040195,481faf2cd96d9a9fce8f31c5588591bd9ba159729b233c85be29aaa1572f48fa
2430,1764562608.0961804,0.000020908,0.000015068,0.000019907,0.000015489,0.000019857,0.000034263,ed4f654201f90ad5a60bb816ea0e6fe42c8d248d72b99305d443eef3d8dc2a5f
2431,1764562608.0973756,0.000020097,0.000014397,0.000019396,0.000016852,0.000024295,0.000041437,3029dc7a80638590221689cdc22d5a8617fdf7bd132f3163940cfe8f251caa8e
2432,1764562608.0984855,0.000020107,0.000014497,0.000018745,0.000015769,0.000021028,0.000033542,5b4154a6b047cc194449c814b49f902f1609dfe622a69a908829755b85830431
2433,1764562608.0995224,0.000019496,0.000014096,0.000019196,0.000015819,0.000018294,0.000032630,2fdd282bc14d341589ec0c326e3980f7940a8cfe610a5686579e83984d0cd0ea
2434,1764562608.1008298,0.000019897,0.000014186,0.000020818,0.000015579,0.000019576,0.000034023,a92f5331e0ecebdc90500903105526da5c8280cedec8a2a752a1467da5b1a29e
2435,1764562608.1019998,0.000021089,0.000014156,0.000018544,0.000026279,0.000079657,0.000034154,c429e3b1fb8bb4c28a0ae6c49ae282b31e932320c5c289f71ba83c1fd49451c0
2436,1764562608.1030674,0.000019756,0.000014276,0.000019376,0.000015800,0.000019416,0.000034333,301f9395e53d1928e2445f6acbd559959f37b2e51979afa8b93430944e07c88e
2437,1764562608.1041675,0.000020999,0.000014487,0.000020098,0.000015779,0.000021169,0.000044312,62c3c80302f045f24950eb812218c9ada8258b1b3ee28339b1060bf1fd1de692
2438,1764562608.105327,0.000020067,0.000014196,0.000019025,0.000016290,0.000023073,0.000038371,17f1a6a04239fbbd934f3128aec6e402e980dac7b62eb7b85051ac01b6e3e610
2439,1764562608.1063964,0.000020427,0.000015018,0.000019396,0.000015298,0.000018554,0.000032921,df513295d6ba4fc94261edd3ddd8faf3dd9e56cce613aaa58be3e36225a7aead
2440,1764562608.1074553,0.000020428,0.000014357,0.000019055,0.000016030,0.000019195,0.000032770,b7005da3e3324f87c6dfd9f82779944508562709881f07de8f59ea88adec89ef
2441,1764562608.1087449,0.000019616,0.000014136,0.000023072,0.000017632,0.000022472,0.000037119,410aa3d462cdc230d18a03c8ffa6e9a4fac3bfd25eebdbfa86c262b3e27054b3
2442,1764562608.1099744,0.000030156,0.000015419,0.000021530,0.000016821,0.000021820,0.000034865,a09ff590c5b714a79ac29b193500479ae66adc386bad0979aea51b16e873c77c
2443,1764562608.1112158,0.000021329,0.000014647,0.000023233,0.000016711,0.000022542,0.000040876,98eb2b332e0c88f20e7370ff007234aa3a583680abd7716786dbc4444a2d613b
2444,1764562608.1127002,0.000023543,0.000016090,0.000024576,0.000023203,0.000030276,0.000055763,3ab324b03d793e1d9c70c502245f4691d78c431eb0fa46c80a319af1abd93d00
2445,1764562608.114011,0.000035055,0.000016250,0.000020909,0.000017974,0.000022822,0.000036477,b9447e98f86c54b390827cec8c98974675735914a8ccabcb6b0d89f7538eaf59
2446,1764562608.1153462,0.000020568,0.000014767,0.000020047,0.000017633,0.000021800,0.000092381,ca3e1ed48bdaac531cad6299837190f626b4b1db3803791bdb5f7a396e512909
2447,1764562608.116648,0.000020998,0.000014647,0.000019226,0.000016180,0.000021109,0.000033742,23314912d651fa89fdd2e8aaafdab2d8ce9a06098c80af5c80a9a9424cef346c
2448,1764562608.1177368,0.000021089,0.000014457,0.000019136,0.000016210,0.000019967,0.000033762,25a93db4c4b6b51cbf7afa8e4581a3432304bc067ac9b5ccf9af131ba54dea80
2449,1764562608.1188939,0.000023343,0.000016120,0.000034123,0.000016110,0.000022111,0.000034814,145fc8d08e4f85ecdaf1e4e34f61f48d3bf60febc66cc24ba6363a29abc8ceb2
2450,1764562608.1200845,0.000023113,0.000014818,0.000019967,0.000017001,0.000023333,0.000037429,b14a0ebac16a9b5480579dea774d50bf4d0fb1105d327e97f14d83f2f9e16e6f
2451,1764562608.1211464,0.000021479,0.000014668,0.000019626,0.000015559,0.000018614,0.000038712,1fc1021482d916e2b31f60e805c81a90883ae4542e74db459bd3f66556351b68
2452,1764562608.1222465,0.000021159,0.000014536,0.000022542,0.000016030,0.000019386,0.000033462,ebfcd995a0c76c8c565ee5f693cffc34cad05eaebe3051911e37510ecc440252
2453,1764562608.1233552,0.000024786,0.000021029,0.000019546,0.000015980,0.000018524,0.000032800,626398985886be6e29b44817d8bd774feb6354158a421fd41cd800542d5b4e00
2454,1764562608.1243925,0.000019847,0.000014577,0.000019175,0.000015579,0.000018073,0.000032300,eb0bdf9537a3facf51d9d40c9045d999afa34d300935d92fd2675b6f3ac8c221
2455,1764562608.1254654,0.000020157,0.000014547,0.000019205,0.000015268,0.000018424,0.000032180,6ce2215fd10748e2a14cf04d2a8705e1f596fafed739efb0b49fe0187da4700b
2456,1764562608.1265702,0.000021810,0.000015408,0.000020478,0.000015549,0.000018544,0.000033221,6e10837890926645e918e5c599d159b3ab9b178956f2cc5598e6b1c86999b834
2457,1764562608.127675,0.000020688,0.000014727,0.000022722,0.000015749,0.000020467,0.000034053,7c87fe34c9458253e57e5a3745156cc2716c7c5ea989689798c5e07b4ef71f34
2458,1764562608.1289253,0.000020849,0.000018874,0.000020438,0.000017392,0.000027922,0.000040885,553a9cb5f92cc72c6b2631f3863b3cf37749337444a0e10ed90e99067e528019
2459,1764562608.1301045,0.000020498,0.000014377,0.000024194,0.000018003,0.000024755,0.000035676,3aa1983b0ecb6d83537eabca9cf444216c49b5287b332d89d6a0ec56fe7d5c59
2460,1764562608.1312962,0.000026559,0.000018073,0.000020578,0.000016551,0.000021229,0.000037309,c4727eb648024c9c31c007d7b2737070d2849e8deb65cf0e7d111147076b61e4
2461,1764562608.132373,0.000020819,0.000014577,0.000019587,0.000015800,0.000019346,0.000033482,7e436d6fce1b1950a5defde6748b51e83ed2a3793765545f31c0cf40bac6a0d7
2462,1764562608.1334333,0.000022592,0.000014406,0.000019616,0.000015599,0.000018254,0.000033122,9bf1ee9f2c88bc019ad4c2478a7403c004f5ef510b9613e4f0bbff9b8ee2b07f
2463,1764562608.134486,0.000021019,0.000014917,0.000020027,0.000015468,0.000018114,0.000032831,bda987fbfb1c0818c38c3c458a7d2d0fa67617ced319ad2bf8c6dce55eb156c2
2464,1764562608.1355703,0.000019837,0.000014587,0.000019917,0.000015289,0.000019355,0.000032661,be584677ebfbe273bbacc4f72cbeb3b99731ae75388ac8849a7f77e2954fa96d
2465,1764562608.1368005,0.000021600,0.000014748,0.000024515,0.000017221,0.000025947,0.000040024,d6e6ccc8149bb61b7cd9a0c56549db031ad3a4d7bd2ca30ff81cd5ad84d775c2
2466,1764562608.138093,0.000022081,0.000014517,0.000052877,0.000016691,0.000025297,0.000038141,39042f1b8d480fd75e11bf825cdde039d6cdf1c312b7653384b2c8f8a1211bdf
2467,1764562608.1391952,0.000021870,0.000015478,0.000019687,0.000019727,0.000019566,0.000034513,6f9c203a459bfec014b7300053f1bb223d8d9f1c8f42af22a97cbe8a781480f0
2468,1764562608.1402442,0.000021058,0.000014286,0.000019005,0.000015148,0.000018404,0.000032611,8c5f1d98090a8733c206d5ba413d1a7cfc2e8cf7ec39f0487d5422b740d049ab
2469,1764562608.1412697,0.000020398,0.000014637,0.000018955,0.000015168,0.000018174,0.000032600,784b81c8f5a006da34bd4172aa07b7a239c3193c806298a8afbd74d603f771f7
2470,1764562608.1423097,0.000020067,0.000014106,0.000019306,0.000015499,0.000018424,0.000032660,4585e31a2d13f8b5232b508acb97cc07b6cd4388c3eebfd09b1cf54bf067cb50
2471,1764562608.1433825,0.000021048,0.000014607,0.000019186,0.000015398,0.000018705,0.000033552,65bc4a0d0be5a6c36ee0eb374adbca658c693f2dd5ac712e47dcab9473af56d3
2472,1764562608.1445074,0.000020168,0.000014206,0.000024435,0.000016100,0.000020057,0.000038681,780b37cf4210cf9bccf5ffb72c7ea69416b282aa1e3055c2686349d8107c58ed
2473,1764562608.1456745,0.000021961,0.000014728,0.000023563,0.000016160,0.000021039,0.000035756,d89307506e702554512f801132db3138a23aa1cd706181596a0b314756d374b5
2474,1764562608.1468515,0.000022903,0.000018764,0.000020247,0.000015799,0.000021350,0.000035366,5c61231f243ad5e0e787d558418e48356620fd3b5f59867152dcd5f82d177bd6
2475,1764562608.1479445,0.000021960,0.000014597,0.000019777,0.000015278,0.000018294,0.000033893,735ef4d46ccdc6e41f3a41d55ddc7c84dd66e4939074f08be361232508099524
2476,1764562608.149013,0.000020679,0.000014467,0.000019046,0.000015799,0.000018635,0.000033041,6aa43bff2de6b77ae3ba4a41830d82b5d7f6d13fc973b613da7852475a5704b0
2477,1764562608.1500843,0.000020448,0.000014327,0.000019295,0.000015849,0.000018965,0.000033102,963d52d5a322dcb53b8fdd1b9ebb396ecb2dbaf850976671ca62d7a8fe662a89
2478,1764562608.1511314,0.000020458,0.000014267,0.000021009,0.000015218,0.000018234,0.000036627,100c61119aefcacad9e4ebb3622d4b4d41bd7e78f9630c372ccc4956439db4e8
2479,1764562608.1522768,0.000020839,0.000014687,0.000024626,0.000015719,0.000020137,0.000034274,60da2f68a61598f20880e245fbe3bc4cd1dfc5f2a702215f446dbc76da50a6cc
2480,1764562608.1535363,0.000023924,0.000016040,0.000020789,0.000016511,0.000023764,0.000040455,d7092cbd1d2c45101bbabaf3fc97bae81f1bdca2b10a06ab71d9ddfbd3cd3f8c
2481,1764562608.1546836,0.000020698,0.000015038,0.000024395,0.000016220,0.000021259,0.000033702,afbcd64bc5b7327bec8646c74f1efa3daf234789207588f6d0f1462d2f504377
2482,1764562608.155828,0.000023965,0.000020638,0.000019246,0.000016661,0.000023103,0.000036097,32cfed1dca18db37bb2489dc9ac73751fad33e88b66718fed96f79a7d73d3553
2483,1764562608.1569455,0.000020989,0.000014757,0.000021620,0.000015428,0.000019065,0.000033381,b1a5db33a6ffd765d8f75ba2316838dd94ac78d8f2c55a2cdb7d6c5e5d023436
2484,1764562608.1580427,0.000021770,0.000014817,0.000020718,0.000015829,0.000019205,0.000032981,07e02ec98485daaf7bbe5f523325221c46c4c67a5177d3bc705efddf8fcbe082
2485,1764562608.1592038,0.000020047,0.000014837,0.000022842,0.000016811,0.000022000,0.000035906,2c445a9f3dc4e4446add68180edb0250cd3a0a3909f847efd250f882d346c96b
2486,1764562608.1603215,0.000022130,0.000015078,0.000020037,0.000016540,0.000020458,0.000034925,744a0adac06da576d8d94122d51705c66d56eadfa5f55a739c16d3af9fb95835
2487,1764562608.1614623,0.000021199,0.000014317,0.000020979,0.000016460,0.000022021,0.000039563,f5e3a551eca600e7b2c14bcf3e98d9ef649a58d86bd2a5b3215ae8fb595f1f51
2488,1764562608.1626077,0.000020458,0.000015219,0.000020207,0.000015949,0.000023383,0.000039543,b47267cb6f69dd003b6e13afcdb42c30af71e45f22c73840c791494e83da8f0c
2489,1764562608.163744,0.000022060,0.000015068,0.000019646,0.000015779,0.000019767,0.000033752,bd36a5e5cead0b6a4f2970cd1594220d77e6c8cc291bb65a05706a508a8c309a
2490,1764562608.1648517,0.000027140,0.000015378,0.000019756,0.000016601,0.000022832,0.000036177,baf8a124f4749ea822f20eb0b3f3308b8a87441c5a46240ef5869f4cfc0ced25
2491,1764562608.1660917,0.000021159,0.000014247,0.000020037,0.000018754,0.000024546,0.000040275,1b52398688985d458e00be4e77d2179306e121785c4281b8ab91441e29dd5015
2492,1764562608.167221,0.000020418,0.000014337,0.000019466,0.000032190,0.000020017,0.000034053,a839f21999c79e20082443399ac5e32909358b9bba1fe780ff30b824a0c73415
2493,1764562608.1684062,0.000021289,0.000014677,0.000021840,0.000017161,0.000023053,0.000039072,35fb5c22f682d3aaddc3763ff6ea09aea5048fe96f82f49ed2ba7746e1d6d71b
2494,1764562608.1695852,0.000025477,0.000015028,0.000020748,0.000015990,0.000020468,0.000034594,60a1d61c363546e28bdc7cb390a2097977036699a7bad2b7467055f0c2265fce
2495,1764562608.1707768,0.000025647,0.000019356,0.000023543,0.000016540,0.000023784,0.000035085,f6539219a44e3b142ab72752606a9baf755ac82bb8744e445a6322d60906f186
2496,1764562608.1720557,0.000023373,0.000015499,0.000022912,0.000045754,0.000025658,0.000042799,9288e461ff94d3d952ae3300335a4e01cd18508fafa46c02c5d8c78651b359a5
2497,1764562608.1732183,0.000022011,0.000014847,0.000019045,0.000016170,0.000025367,0.000034543,0c3f96eb11e0d4aa160950646f67de87df90db87be08265c08b2bebec3a0def2
2498,1764562608.174297,0.000020477,0.000014527,0.000019186,0.000015669,0.000019386,0.000033001,f8b9da260b2eb584f414515b01d8c9cf5d0a16b3b755ed687811c4e26a34872d
2499,1764562608.1753733,0.000020247,0.000014446,0.000022873,0.000015649,0.000018163,0.000032781,06fd11dc24f3c9524fcf86c613b7f9eb17089e1263023281c821224d60024015
2500,1764562608.1765301,0.000022922,0.000014837,0.000020859,0.000015539,0.000019677,0.000033172,ef0b5f8774c11dfb4b87683156c83a49632d3bbd5db2865075b615db018484ee
2501,1764562608.1777806,0.000021229,0.000014928,0.000028292,0.000017993,0.000026880,0.000038992,72c92e5dcf814c29b1c2f35bac91116319ee7f2271e5ed2db1b53859ba5bf6df
2502,1764562608.1790326,0.000022802,0.000015218,0.000030056,0.000016210,0.000021971,0.000035386,b9904075cd6edd97117787a9da1a38805ea8599c9d5613bd419c5743958e7175
2503,1764562608.1804068,0.000029394,0.000017903,0.000021510,0.000017021,0.000024425,0.000037159,2f299ad6983c1200e5bc85e25a62d17a48f99f8657e85d36dcac9daf8096dd79
2504,1764562608.1815,0.000022241,0.000014527,0.000020468,0.000015759,0.000019516,0.000034494,1de5d092215830575e934a271ae13a06f0a998ec22178ce39ca70699b6f51258
2505,1764562608.1825898,0.000021219,0.000014617,0.000020328,0.000015599,0.000018534,0.000032560,8e21e0cf5a2a09cb0ddc05b73df8333a0ac8dd1e9fc81501dc419068adccafc1
2506,1764562608.1836743,0.000020869,0.000014587,0.000019687,0.000015529,0.000018805,0.000033302,09b36258d5d691855d394be5d27f493bb6543946f7befa74d06c681778e53fa5
2507,1764562608.1847684,0.000020829,0.000014477,0.000020648,0.000015689,0.000019857,0.000033422,f376614e08cb2ab8e8c93d05226670bc62bc1f07bd5960fc6ebc665491518272
2508,1764562608.1858716,0.000021409,0.000014667,0.000024896,0.000015448,0.000020027,0.000034514,76a4f1cca6709adca9cabe94dd3ca49d3aeb53edaed06f6c62214b19130863fa
2509,1764562608.187155,0.000020819,0.000014587,0.000027902,0.000017532,0.000029565,0.000045584,682eedcb4067994898b9f38cb6a6ceff164b7b97d5a29620ce8220090818a214
2510,1764562608.1884358,0.000027150,0.000019747,0.000021269,0.000017292,0.000022792,0.000037890,a7512248e2e3d8d291eb9bb2aa64b0a58ff4657e65409a259060c6cbf4864cdc
2511,1764562608.18952,0.000021319,0.000014377,0.000019456,0.000015980,0.000019215,0.000033252,33662d992497e6a9cf319c212a77feb1241b00ca56761939a521f6098d3df31c
2512,1764562608.190615,0.000020628,0.000014377,0.000020098,0.000015789,0.000019556,0.000033763,e7085b71be642eb6ae78cdcd22e306187c41fcc038e7c73c3d1ab834cb8c39f1
2513,1764562608.1917133,0.000020458,0.000014457,0.000020057,0.000015369,0.000020197,0.000032861,d776cd05ee72f9a1c097bca6383fcf52b155f18e34d8ce2e051858f3695798a8
2514,1764562608.192843,0.000020538,0.000015368,0.000020979,0.000015299,0.000019095,0.000033713,0ad0f7b8b183c2ef6e5faabf458ee4ea1db2822849345a544fd90a64a77921a8
2515,1764562608.193959,0.000020818,0.000014447,0.000020387,0.000015899,0.000019305,0.000034634,6375b9464e36282a7a78dfc3c022c643934a318c4b7b2d32e1e7d64c620baf50
2516,1764562608.195232,0.000020367,0.000015028,0.000027892,0.000016330,0.000022882,0.000038010,654b3eb435650a9cd60ada1b44e6c94797b1a5f9286cda2241f6e9f4082f81d3
2517,1764562608.1964447,0.000028813,0.000016701,0.000019436,0.000015879,0.000021921,0.000036508,36e9802bb939ef11d8fd6afe1781f8e49175d47e57a29aed49f569dcc9efb38e
2518,1764562608.197572,0.000019957,0.000014557,0.000020568,0.000015519,0.000020598,0.000033572,0b1c9919d4fa30ed087befe08a669ecef6c8343ec06c1299d3dca55facafaa41
2519,1764562608.1986575,0.000020699,0.000014677,0.000019145,0.000015408,0.000019917,0.000033402,4e3ac40abbaccc0f5a40f28a4416f805614c0c4c69668ca923496c1a78e3f663
2520,1764562608.1997163,0.000019927,0.000014457,0.000019326,0.000015348,0.000018233,0.000032741,ceef548dd6084f06e5abe1e913083b0e3740dc8d62fe9dbcc512e840a22291ea
2521,1764562608.2007866,0.000020248,0.000015579,0.000018855,0.000015739,0.000018524,0.000033051,a17d67556e801de828d74496a1572ad52f4a914c9f025d55b2b652eda32e6b30
2522,1764562608.2019334,0.000024395,0.000020978,0.000022732,0.000015538,0.000019927,0.000033001,78eba7ab5a3e5427cee687e336cdefe79529ec3dd0f7b111c81e395cf33839a0
2523,1764562608.2031915,0.000022342,0.000015629,0.000023754,0.000016080,0.000023924,0.000071873,2fc1f427ad5880c23cc0f6f4c8ca6bae57da9a2bc016094802c35fbd4c22ddf7
2524,1764562608.204655,0.000024816,0.000015719,0.000025787,0.000016590,0.000026650,0.000034624,19bdc9679c705d29db04fb7ddf0f58cba84c9d6c7639e8d5d75795afd9de8768
2525,1764562608.2060485,0.000022582,0.000020728,0.000020808,0.000025076,0.000086830,0.000038370,0f708b02173b40958a5a5f01441b45d4229ba904f6c8ce14dfadda877a28ea1b
2526,1764562608.207149,0.000022862,0.000014577,0.000020428,0.000015608,0.000020017,0.000040444,ed725fa1b21df5cc8aedf1a26b365239a597f00e92e8d2f546b4ea7beb837ae7
2527,1764562608.2082167,0.000020357,0.000014276,0.000019255,0.000015989,0.000024946,0.000032891,149a04b1b2e9ed1eba55e186b41e5e9b312ecfd125bee388629a1aa71c0de925
2528,1764562608.209288,0.000020969,0.000014637,0.000018995,0.000015539,0.000019777,0.000033021,63d4336c5059f707885b36b78d967f0e7feff7fa5dadb4afa0e12e4305dc39a9
2529,1764562608.210366,0.000019566,0.000014547,0.000020347,0.000015388,0.000019536,0.000033241,be981b96008cd2c922749d551a182c1201d743698d1f2cccdece62e74ab09bca
2530,1764562608.2116423,0.000020978,0.000014697,0.000029415,0.000016791,0.000022111,0.000036377,9b73b39ebc949c05836da10081c3f79f22487cb2d9ccfc40c14ff297b9b10499
2531,1764562608.2130566,0.000024315,0.000014657,0.000029464,0.000018895,0.000027391,0.000044853,c51fdda3a6d193de2ca0d0a858ca76e816e11c2241906691a09528dda6bb9602
2532,1764562608.2145576,0.000024585,0.000023904,0.000023754,0.000021771,0.000033271,0.000052346,724ecbaa14aee5711637cf0ec9eb34e860bec252f5e88a766ee35bfbdd94e8de
2533,1764562608.215794,0.000021009,0.000014667,0.000019275,0.000016871,0.000022752,0.000037810,60fbc4d66fe6673e2de0759078ada597848bec216bcb9a12f678b6e22542897c
2534,1764562608.2168925,0.000020798,0.000014657,0.000019656,0.000015689,0.000019606,0.000033021,35b854d26a55298e9418efb24e8525b15468a8d6faf22a894d6e12d13acaf27d
2535,1764562608.2179558,0.000020027,0.000014486,0.000019646,0.000016010,0.000019216,0.000032851,a607cf5eda27ba6f1e0ed4c2591b9258ce95a440d2752080e5688b1d7ac5d86e
2536,1764562608.219736,0.000019927,0.000014747,0.000026599,0.000034254,0.000048750,0.000077794,ff969a56344c37e4110a08d92b0f792bb2c31fe640004d3fdcd7487a9f6458a1
2537,1764562608.2211833,0.000026720,0.000014927,0.000036758,0.000018845,0.000028353,0.000041036,a50b2eb55fbdb85b364a36fff979709291b93e4bb4e5c56f0e166fff4a2cc74f
2538,1764562608.2228124,0.000030737,0.000018915,0.000023063,0.000017332,0.000033452,0.000047368,09ad63b6f03b08d443e29673e80400c97ea2afb3e90e16cdedb5f8d4821329b0
2539,1764562608.2240002,0.000021771,0.000015358,0.000021681,0.000016501,0.000022782,0.000035896,c9dbb81f668d0764dd5d4f453da1d12a04988652c3e7ee085a5bf4a354fb7c14
2540,1764562608.2251287,0.000021300,0.000014677,0.000019947,0.000015629,0.000020668,0.000037169,b48cf9ae2ef5fa30f74658c14606e5099f792fbda3d9d9650b2752e14a2086ce
2541,1764562608.2262037,0.000020968,0.000014547,0.000021109,0.000015319,0.000019456,0.000032561,c612fbdbdc05ae5f52aef3621e7138a1d4171ec8c91f86e4962586a092d270e7
2542,1764562608.2273426,0.000020679,0.000014637,0.000029224,0.000015729,0.000019526,0.000033472,2703f21903fe3fb61525f876c56dc4922ef32777e501de22b601343b73ceae35
2543,1764562608.228667,0.000028723,0.000023633,0.000021821,0.000016100,0.000029184,0.000042378,11ab9243ad5500a50eb8b242abd60592aad595eeed396ac3c92aa8b319f74d9b
2544,1764562608.2298508,0.000021820,0.000015308,0.000029745,0.000015930,0.000020338,0.000035235,d2157316c0c38c81e3231c78e8f66c8eb9e44a7841b906ef6abe65f3c8a96746
2545,1764562608.231079,0.000028683,0.000021109,0.000020628,0.000016620,0.000021069,0.000034784,202745e69b71be177bdacb1bc058ce6dfa91774bbcefe85175b7d8fca2e87831
2546,1764562608.2321749,0.000021439,0.000014406,0.000019265,0.000015569,0.000019436,0.000033873,79855bc0a5fef203c621f85484e596948009ae94e17c6b656669d6548b9ccafc
2547,1764562608.2332342,0.000019977,0.000014437,0.000019847,0.000015158,0.000018464,0.000032590,f47dcc07bfae1d781cdf685410ce4b34054e9ce499969e96700d5a943a115c39
2548,1764562608.2343533,0.000020889,0.000014748,0.000021029,0.000016401,0.000019556,0.000032971,7786c7e3cbb97c0e60123be7a5b4e447baaf780be7b8aea93aca605ca22dfe7d
2549,1764562608.2354953,0.000021320,0.000014326,0.000024205,0.000015478,0.000018655,0.000032580,f2144b9e1845ab76bd85f121c92ff676196bbf5e8a97a10a16f1b3749991659c
2550,1764562608.236729,0.000022091,0.000014727,0.000021309,0.000017663,0.000025427,0.000039854,711f0c8e0765df230fea9985ebe89f15bf7f3a3b078f40d8b61a584acb5ba64d
2551,1764562608.2380757,0.000021039,0.000016911,0.000022842,0.000017543,0.000055262,0.000039203,09d22a53291716b811c295f3be8ed4e3d078a309b364f39e81e6bb05914fa2af
2552,1764562608.2395387,0.000022221,0.000015048,0.000019746,0.000035526,0.000060332,0.000069539,c87534c6a2892a93b9ee9a6a0ca58c8ac3c3a37d7984a5939c604c1946ed46c1
2553,1764562608.240635,0.000020789,0.000014667,0.000019365,0.000015639,0.000019416,0.000032851,65fd97716fe9e77f7bdff4d51cd3a681016789c14c2a7a3e71d147d8de51c166
2554,1764562608.2417111,0.000020268,0.000014887,0.000019356,0.000015629,0.000019135,0.000032831,3ffb27f6aea5769252f95da2e763c1472d3ef35f8ccde8acd2c6c4bd2a1366bf
2555,1764562608.2433662,0.000020598,0.000015549,0.000023283,0.000032510,0.000039143,0.000067424,ac35aa53daabdbb275e4fec3170a18d95c19337ab07ce2224cdccf9d7aa80b13
2556,1764562608.2447367,0.000021490,0.000015038,0.000028943,0.000017522,0.000029054,0.000042178,4228d193b0b3c920306aab2b258d070e386a709ae2f0977d40c9ba0c7765b2f8
2557,1764562608.246271,0.000029274,0.000020197,0.000023914,0.000018474,0.000033081,0.000044863,e83cd59c06a8e91545318775ad695ceb071e64c10f04c90d71705b6364ab7bd9
2558,1764562608.247392,0.000023213,0.000015408,0.000019886,0.000015999,0.000020678,0.000034213,ff6fbc94dacde70d80d26b779b148f4cfad264dd338a670c951d3405f625083f
2559,1764562608.24846,0.000020387,0.000014727,0.000020147,0.000015669,0.000019346,0.000033272,063da02225cd00b893cbb8126bd7e63658c9f2084efc2b6fcc126f8b57d2c051
2560,1764562608.249543,0.000020738,0.000014527,0.000019355,0.000015699,0.000018905,0.000032820,c9291eb74a222ce86309d05045c028baa97376c197dafac70d527841e053e909
2561,1764562608.2506392,0.000020628,0.000014436,0.000021490,0.000016030,0.000018885,0.000033281,8302d2297340d88def1fedb618b29320df8003a7cbbc8084ca80df75253ab5d4
2562,1764562608.2517645,0.000020598,0.000021079,0.000020598,0.000015719,0.000019567,0.000034484,98096ffc490c56435fa95386bf0404bbb8c6b15f2fd668d1e6cac660c98a146c
2563,1764562608.2530208,0.000021229,0.000014997,0.000021150,0.000016871,0.000027992,0.000042078,edccba16cfe04de5bfe0cfa203e7a6bffc4d42e21aef69f59205d8cb9a5e7a98
2564,1764562608.2542393,0.000021450,0.000015158,0.000025658,0.000016350,0.000022622,0.000045394,4e9cb76266f756c30c46a18fa53ab3c2ea2e78d7bce00b4db3cb243dbe1ebb96
2565,1764562608.2554007,0.000025667,0.000015108,0.000020197,0.000015329,0.000019877,0.000034473,7e40e8f97f58340d98381636203e05316b919e3fa1868940b61de19446d8da09
2566,1764562608.256495,0.000021379,0.000014456,0.000019426,0.000015709,0.000019366,0.000034013,b8958ba8cdc856fc51f7ad2b5083449a5fd5808127cfd28178fd5776cef0187c
2567,1764562608.2575936,0.000019757,0.000014517,0.000021861,0.000016390,0.000018504,0.000032410,1343d4ebaf5aad46c722c0d267cce6e6aaeb1250777d357351c245129f8c4649
2568,1764562608.2586706,0.000022582,0.000014176,0.000019496,0.000016220,0.000019186,0.000033041,d74001e40fb8e1c305467ca63780e070451a72bd1e8131a7e1f8d9b4ad397ea0
2569,1764562608.2597473,0.000020728,0.000014076,0.000019977,0.000015458,0.000018875,0.000032580,c2b952b76cc1b12c0ccffd0b88b1b8d3f1a087f0f58cd422c9fea40f42366722
2570,1764562608.2608514,0.000029154,0.000015478,0.000021039,0.000015589,0.000020328,0.000032850,89ff1f4d0451dc8c17a993954ecc53290bb1ca54917193a6f86eb41d630ae2f5
2571,1764562608.2620604,0.000021770,0.000014647,0.000022071,0.000016571,0.000055362,0.000039503,baed8950dbaac9939727634b6be4750584e9cdc891fec47917920a21c549103e
2572,1764562608.2633479,0.000027070,0.000020077,0.000020077,0.000016350,0.000021410,0.000034154,9bad51a6b25b5f95d5d4acefc386a5320590592332f1647cba2d36acb0a11e25
2573,1764562608.264432,0.000021329,0.000014837,0.000019706,0.000015840,0.000020037,0.000032800,4f0254c5884973c43d27ad378e1038ec7f532de5c7d1d1dabb00019c25c7cd96
2574,1764562608.2659593,0.000021259,0.000014687,0.000062986,0.000021439,0.000029174,0.000052467,75f55a8fb35f4c379eef3ab00cdda77ad3570f1052fd5050473584384ede0012
2575,1764562608.2679188,0.000041667,0.000022662,0.000042138,0.000021780,0.000039913,0.000052507,1123c327378ee9b160df1ac15463bf858f6776336482780f76d502911cc4c113
2576,1764562608.2694333,0.000030166,0.000018214,0.000024124,0.000019215,0.000029936,0.000039312,c2fc65ac7cefcbec3edf2c5cd82c5d3b2615fb86fe91277f0dd4c04869f46ac6
2577,1764562608.2709396,0.000028733,0.000016430,0.000022892,0.000021089,0.000032590,0.000053379,1277c124f7185c3ab58ef235b54302549b6001b0d967c876c8c61f829b39bba2
2578,1764562608.2722654,0.000024545,0.000040856,0.000023032,0.000017142,0.000022482,0.000038340,893b301952221dd329874fb13d14eb6bfb77d2215b680d409877214dcaf6d054
2579,1764562608.2734575,0.000028283,0.000016841,0.000020348,0.000016901,0.000020779,0.000035766,8b95eb02095209a2fec36774207887c1356303042e5fac1455d77c58c0a746de
2580,1764562608.2745361,0.000021349,0.000014777,0.000019215,0.000015358,0.000019456,0.000033251,365a0465c283e4b16dcef1143db4c8a472dd42c77530b0c7e87b873a84de9f5e
2581,1764562608.2756672,0.000021019,0.000014517,0.000020779,0.000018634,0.000025177,0.000033522,0a7a9ee02ba3a587d29d03f47752cc9e194745ca80f74b36e8fcf8e4394d5d0f
2582,1764562608.2769349,0.000020718,0.000014737,0.000022151,0.000016320,0.000022572,0.000036528,9311b8ccb142faffee86b6203994956ae4f7d2f6adb3e45291d2cf7836b8acb3
2583,1764562608.2781212,0.000021459,0.000014768,0.000020628,0.000016280,0.000021790,0.000035095,f8b04a0b134c281db378562c41151db69607d14bd832295cf776033257f5138b
2584,1764562608.279653,0.000020678,0.000014297,0.000019806,0.000032300,0.000039864,0.000066744,1903578fdfb975b57a74678c0ba0358ad65bd5bff763551b2ae192e1139ee578
2585,1764562608.2807696,0.000020989,0.000015158,0.000019656,0.000016630,0.000020168,0.000038070,5ad67a3a1f65861017b2c6668aada6e40b878849d6f1386c6d9af27425a19337
2586,1764562608.2818394,0.000021189,0.000014988,0.000019897,0.000016340,0.000019386,0.000032871,30dd388c61af370fa3109cd53ed6c48775a80cf9a37e1879144cd178da445037
2587,1764562608.282945,0.000020648,0.000014928,0.000019486,0.000015609,0.000020177,0.000032490,56e41d7c26ffe879c0afc7c02a2f81fefa218bdbf55acf4ba706e84f6667ae7f
2588,1764562608.284002,0.000020178,0.000014416,0.000019145,0.000015649,0.000019857,0.000032681,0faabccfb67571d3a6f6b3f62c491e0ee1294c269f25276cc3b135aa74ea3e02
2589,1764562608.2850814,0.000019967,0.000014256,0.000021159,0.000015618,0.000019195,0.000033162,d24ae3aace43838e2ed82ba08f6ff5abdda48fd8c729e231822a610685ff4cfb
2590,1764562608.286701,0.000020818,0.000014357,0.000030135,0.000032641,0.000042869,0.000068737,eed0ef799fd82478b45890b36d78ee2f170233fe68907b0051349bf5e8d3a7d5
2591,1764562608.2880058,0.000028092,0.000016480,0.000030025,0.000016872,0.000022682,0.000037088,127d02fb0573edda768ca9919af4019539f72d1c37de72b1b829d1fa97c41074
2592,1764562608.2892509,0.000028823,0.000022762,0.000020568,0.000020498,0.000021119,0.000035956,c75b494f8d79b5f060debbbc6ec15bcaf34d78f9f400cc6dedc8003267284d33
2593,1764562608.29036,0.000021079,0.000014607,0.000019626,0.000016190,0.000020357,0.000033312,64cbaae766e86c143c52ffe165d2ba3eda4bfa45fc5d0343b5436de1c892c3e3
2594,1764562608.29142,0.000020147,0.000014547,0.000019406,0.000015529,0.000018805,0.000032901,91f58cacf7cd9e78dcd7afede0ff4891cd6980571ad542ee9f5a20403c481600
2595,1764562608.2925122,0.000019777,0.000014076,0.000019807,0.000015298,0.000018254,0.000032580,aeda0b52ba20ee82a917118dcc839906f9e06b0b87f38fa550121f5c13bf475a
2596,1764562608.294463,0.000027030,0.000014717,0.000027100,0.000018414,0.000030686,0.000045634,0012180f3fe3cc59b8969e30072f5fa797bd03033478264ab101901d500f8af1
2597,1764562608.295649,0.000022451,0.000014957,0.000019896,0.000016621,0.000021740,0.000037279,3ee5c31f97ee469b7f56bda2a39ca48ad023cd57a7d3fb76aac7fe98e577b745
2598,1764562608.2967434,0.000021800,0.000014978,0.000019686,0.000015740,0.000019516,0.000034594,80086eeb1c8a583b331b524b884a7ae8e538d6d8488ee0688a7ff256e6993c52
2599,1764562608.297857,0.000024275,0.000018143,0.000018855,0.000015589,0.000026529,0.000033782,db145fbe285634bf4f1d8576c90619cd3ed49adc70fa317c18c8eb2227193fed
2600,1764562608.298936,0.000020448,0.000014377,0.000019366,0.000015498,0.000018914,0.000032960,47533198dc709cdef8bb7ff6d8734e05109ea7c3bd2eae55c10537c69e379f62
2601,1764562608.3003337,0.000020007,0.000014266,0.000039343,0.000016000,0.000020047,0.000051234,9427d3b8cd34369c3cb6fcd1605294d90b03a70dcb7888d1deaa7c6df7f02ffd
2602,1764562608.302037,0.000041997,0.000029224,0.000021310,0.000017081,0.000024004,0.000035967,004981c7743e7fbf191952acc5992668a82034044f6b226311a2812285b89e15
2603,1764562608.3032308,0.000021560,0.000014767,0.000020197,0.000016851,0.000027000,0.000033793,8cea97ed0422617bba1a2d58121d7a605330cb1c823ca9d24a5e058458b97835
2604,1764562608.3043609,0.000020338,0.000019436,0.000019556,0.000016470,0.000021370,0.000033111,9c3af007040d7111ba6739a9b4b29131edd365d573a9c1fe847d11b3c4ad1746
2605,1764562608.3054535,0.000020397,0.000014367,0.000018935,0.000015638,0.000019225,0.000032700,5f536b4cbd8146f706dc437df967253858dfdb30b6f80b759bab8838494e1366
2606,1764562608.306573,0.000019977,0.000014326,0.000021570,0.000015659,0.000020468,0.000033542,ad43a108fd42684bd3ef56f45dadd6d0972009f8e93352f03583fa0b728c0543
2607,1764562608.307643,0.000020077,0.000015108,0.000019205,0.000015719,0.000018945,0.000032770,f6643e186c65f5ec2a429a65276792fe701aef53d291b59f71dc9e2f2d9ef5e1
2608,1764562608.3087127,0.000021730,0.000014807,0.000018574,0.000015509,0.000018825,0.000032930,2d8a2883907f930b89616f309cb5648593a11b1a8181a67412f5680076fae499
2609,1764562608.309883,0.000020167,0.000016170,0.000028252,0.000018805,0.000023945,0.000033632,6170a19bbbe8461b4c0d4b9f017040646f5de8d134b4dfd65f9c4bfaeae2e538
2610,1764562608.3110805,0.000023092,0.000014807,0.000020468,0.000017332,0.000028513,0.000035436,0d4232acb6e0e034ad457adfc6680c6a2d32656a1b65d1a055339c96d1420b91
2611,1764562608.3121603,0.000020288,0.000014267,0.000019656,0.000016030,0.000019296,0.000032781,901771809fcff1b91820601a1f30785f2aec73692ee9d62fac4d7bb29affe91b
2612,1764562608.3132582,0.000021300,0.000014927,0.000022101,0.000015809,0.000020077,0.000033282,12157103b5c8c6706eadfd10460c952c6221ed0832b78117477a7ca7b355c78d
2613,1764562608.314741,0.000024435,0.000016821,0.000052557,0.000016901,0.000023353,0.000038802,585594f53a6c99fd85b3613352b2aa9c0f8ed0ff414de3a8a0de7343855fdd13
2614,1764562608.3164406,0.000050002,0.000032219,0.000021931,0.000016681,0.000023714,0.000037890,55b2950e5d88a62b11cfde117472087e0992d8ddef79960cd434ce4aa7d84207
2615,1764562608.3176663,0.000022321,0.000015518,0.000027952,0.000021980,0.000060071,0.000034153,d9ed95590bc53d67dbcd7bfd3e29ac179d011507f37fb1ded4babdbf893b7427
2616,1764562608.319155,0.000028482,0.000017493,0.000022672,0.000019956,0.000032740,0.000045374,5b87aa766eccd245e16c59801071b561103c65ae9cc627ebe30c29cf334085af
2617,1764562608.320469,0.000021360,0.000014828,0.000028964,0.000016731,0.000025387,0.000037970,bae25b5cbb77e3d80d506242ddb18c83de5bea65d7dcb79c3808405246431443
2618,1764562608.322347,0.000027842,0.000016020,0.000051275,0.000020288,0.000040515,0.000085167,fc3637d2362a9c90ba845d69057ebcb339cb4d47ae888bfebed605f77cf1a892
2619,1764562608.3243372,0.000034414,0.000017944,0.000024485,0.000025537,0.000055232,0.000076151,b21039ab35c069b866ae6e476d6230049efde76818fe5ee5e390a085c1cf3676
2620,1764562608.3256238,0.000022973,0.000015288,0.000022492,0.000016490,0.000025397,0.000038502,e4721fedcf970ace14e194239f23a617e9475adb4d25927b46a848309078aacb
2621,1764562608.3268917,0.000021339,0.000014727,0.000021570,0.000017122,0.000024716,0.000037680,c821727a5fe8eeee5e9db8c844d70fbd217aabd622a49b8f1caca4d37f2b3f4c
2622,1764562608.3280122,0.000022171,0.000014387,0.000020908,0.000016010,0.000019847,0.000034143,3ae8c77f41dc883724b50c5e31153d7b50bc3f58fe6756049a59afca64e55235
2623,1764562608.3291893,0.000021660,0.000014767,0.000021380,0.000016952,0.000024004,0.000048089,349ab12e923dca5531a11485ab5584a7c7e70ffdd15a9a730b998a0d30a15655
2624,1764562608.3303003,0.000020207,0.000014748,0.000020437,0.000015629,0.000019235,0.000032921,29b82c329268b703dce2accf1ea0748394c56c15e05aab550508b439d5c0c32e
2625,1764562608.3315427,0.000020437,0.000014407,0.000027140,0.000016170,0.000020918,0.000034434,2081b7aabfcb157e3740e9381a51b802358ec28763c3d27e5ca991283e13c7f9
2626,1764562608.333074,0.000024224,0.000021609,0.000029655,0.000022982,0.000032089,0.000045193,808ba95695394b2631a0a25a5af9021a2a5f816f4f840d24d74a6cef6084523e
2627,1764562608.3344657,0.000028002,0.000016781,0.000023965,0.000021450,0.000025517,0.000051265,cfdc988e398ad3285c78848eeb33a11d741108de64faa82ae7e5865142d8f49b
2628,1764562608.335774,0.000023694,0.000016030,0.000023092,0.000017984,0.000024465,0.000040625,6b894771d199fe2ce5dcf26dfdd7d7c790fc920561ee9f7719a51c96e224af13
2629,1764562608.337117,0.000024967,0.000015709,0.000023985,0.000016871,0.000023033,0.000038180,e0c6cdbcf13b7ca4af097881cea672a14a1381602cbc17fecd719d77db74c914
2630,1764562608.3383205,0.000022612,0.000015098,0.000021660,0.000017261,0.000021589,0.000038571,f500ef721005d24d80eed94cde6659590c4cced3a277621da4796136078c8211
2631,1764562608.3395593,0.000022962,0.000015158,0.000023373,0.000017883,0.000028893,0.000039292,b190e3dcc9d4dcf5d74ca08be876407039bebffa9d0f7d1d359bcf27fdf9da23
2632,1764562608.3407385,0.000023233,0.000015318,0.000021720,0.000016080,0.000020307,0.000033712,efe2565bcfe7e25304f1ee22ea626332261c8f3e359c77c7a63f5fac12ccd91c
2633,1764562608.3418808,0.000027250,0.000015208,0.000026829,0.000015699,0.000019396,0.000033773,0960e1ab5ce8877f650baa708a1a7a5b9df595300fabff581dac8b1dad4d7242
2634,1764562608.3430295,0.000020978,0.000014717,0.000021840,0.000015780,0.000019516,0.000033141,51b1d34315a2fc9f4924b56ec5da6c3f8ba50752e1a01398d9a53dfe6e73aed6
2635,1764562608.3442721,0.000023484,0.000015498,0.000020438,0.000016621,0.000023313,0.000038661,ff6a274d8f15b8e41885824e3c857b696d4d18553c01e352b593843c99079243
2636,1764562608.345527,0.000021900,0.000015298,0.000027160,0.000019195,0.000027090,0.000040284,a073af669ef43366b62d226200e46c81db006708eeb6ae5c7ece12c865224af8
2637,1764562608.3467653,0.000025016,0.000020858,0.000019956,0.000016019,0.000022792,0.000035546,03bd905ca4d632b8ad1b7dafb18340712bfa006e8dbafbe52fb76764fafcdbde
2638,1764562608.3479755,0.000022592,0.000014738,0.000020988,0.000016430,0.000023232,0.000035856,4238230458a1128239d0d4562e0a8b8658c7fef3b610029a3292cffe7540478b
2639,1764562608.3491445,0.000020928,0.000014697,0.000020678,0.000015779,0.000020889,0.000039212,39f57ac2e343e9108d0e14390e43797485b0ab5ae62553a307029e311a087ed9
2640,1764562608.3502424,0.000022902,0.000014687,0.000020538,0.000015619,0.000018935,0.000033191,7bd469b326d9687056943ac8f13b1d08809a9b125174cd897a92174f04c68b9f
2641,1764562608.3513336,0.000022502,0.000014857,0.000019767,0.000015869,0.000019246,0.000032550,ab741dae41f1304287d4681ebc63fc5ee38d11875fd60074a09752b75ceefce7
2642,1764562608.352539,0.000021089,0.000014727,0.000030426,0.000016690,0.000022100,0.000039363,3378534fab166551f4ea0382d75f9dda31125b9971e70c28ae5261edf9e31e74
2643,1764562608.353755,0.000025948,0.000015999,0.000022371,0.000015999,0.000021630,0.000035326,289cf3c7f2abb797ca884aac8f7caad411cf324777cd1e1f924609c874f4ba74
2644,1764562608.354986,0.000023955,0.000037970,0.000019566,0.000016401,0.000022702,0.000035726,a9fb7a65ecfb0d5272791759ff2a7ab5797afc02389b0a3f893722f401938730
2645,1764562608.3561378,0.000026278,0.000015378,0.000019636,0.000015930,0.000024475,0.000039043,3eba1e8ff9a9fa2af5296e1acb0f765e52c77ce2c1ac12912c48b7b2292929dc
2646,1764562608.3572116,0.000021370,0.000014487,0.000019676,0.000017412,0.000026649,0.000033021,76047a09d32b0ad08b00c175af362bc03b6e7cf392791c37316e94514ffb7481
2647,1764562608.3582814,0.000021480,0.000014467,0.000019466,0.000015919,0.000018845,0.000032781,50a198217d85e9974a3d30400e3cd74dad68eca862756409b44477e78f1b4402
2648,1764562608.359429,0.000020498,0.000014196,0.000025276,0.000020959,0.000025938,0.000036678,d7bb6c41482ca6eb7af74ee68a79663024dba090c3e235f16793f4e688695565
2649,1764562608.3606927,0.000021299,0.000014437,0.000029033,0.000017312,0.000026910,0.000036818,c4be88f30e89cc79178e09fc3c0c4de4527c6a57093d4ec4da4bbddd34b5fff9
2650,1764562608.36199,0.000023874,0.000017923,0.000024906,0.000016771,0.000027540,0.000039203,de1f3ab862ef0bf02f7905957de05a6137fad7c1e888afbbef0c83f40aaf6b5c
2651,1764562608.3633976,0.000026529,0.000024796,0.000023774,0.000018685,0.000030677,0.000044211,b58a2f7fff1b3ba76d13d04e910d0305f0547ff8404a0dc6af989d65067af386
2652,1764562608.364529,0.000024375,0.000015238,0.000019145,0.000016169,0.000019696,0.000038461,52d3a6ba2de35d1783f1494af1ffe87b382514d4ac3ae4b62c873f986592c144
2653,1764562608.3656273,0.000021530,0.000014667,0.000019546,0.000015719,0.000019566,0.000033673,efa8999174ae7191fb001db87e5c2a77926404c0a75e14dbec7cd4c0a4a32c11
2654,1764562608.3667314,0.000020929,0.000014477,0.000021058,0.000015699,0.000019135,0.000034063,852809bd9d94cc5ea66e2ed3fdd1bdd64f7f412fb82b982b53085ff66cf39350
2655,1764562608.3679934,0.000030056,0.000015679,0.000024775,0.000016470,0.000022933,0.000036949,ef682ff25760ce7eb1d012eb22f4ec9c453f110260b8da41cb5e4cc19ca84dcb
2656,1764562608.3694046,0.000022692,0.000019305,0.000037890,0.000016671,0.000024856,0.000045814,c7a3577b82006c35ae1bdf05569d6cad77346a9b21aff96d0d47cf935dcb7698
2657,1764562608.371275,0.000026449,0.000016451,0.000032591,0.000027381,0.000047748,0.000085297,e87938171d760c0afacb611d2305b622936e837bd280ebdec9c9fefd1e71caca
2658,1764562608.3736742,0.000026960,0.000016591,0.000040886,0.000044543,0.000072344,0.000099364,a372545c27242806be8dce589bf7ab6c3d1d1d36f0c42021b56256492583fd30
2659,1764562608.3752604,0.000043119,0.000019195,0.000027451,0.000018374,0.000029073,0.000045554,73afca87c9dba15a3e2e0c507bc1cb699d9b9cbb4c4e185df9b95482f4106c45
2660,1764562608.3770764,0.000023774,0.000015599,0.000067314,0.000019356,0.000029545,0.000039232,7285e984b8693652ffd1e4349af714ee370ddba52211aae0787827f6535aead5
2661,1764562608.3797956,0.000052617,0.000030867,0.000068556,0.000026068,0.000049451,0.000056765,8a580259d44535e05bc7239d2d3e298804f89318643e1f09ec01b22caebf59f7
2662,1764562608.3817935,0.000034674,0.000017452,0.000027591,0.000021369,0.000037529,0.000062465,9854c5af7f07f47ba8ed8371af76fe3dead8a56f610896a78bf10647f7516e6e
2663,1764562608.383208,0.000027210,0.000016280,0.000024145,0.000018184,0.000023534,0.000051405,9653990cc831811edb2872ab418f1ed726dac9cc672d792fd34668788e3f2f50
2664,1764562608.384501,0.000021931,0.000015178,0.000021179,0.000017062,0.000023183,0.000038160,725d13beeacda89d0836eb5881bce0a57b1253f1008b4078ae80918e9c48950b
2665,1764562608.386137,0.000024826,0.000017963,0.000029605,0.000023463,0.000040104,0.000064820,8646df54813653e6dcbca5f762157f150b16da9b334d88dc17e5ad99a5c80e19
2666,1764562608.3876936,0.000024586,0.000021550,0.000034373,0.000018945,0.000033152,0.000043370,d146b4dfc82a0e597411317623f9ecc16ead5de13e7c6a0b37e62c49ffff72d4
2667,1764562608.3893647,0.000033322,0.000016561,0.000026479,0.000030006,0.000034954,0.000054290,41c496d3e22eae20a9deda3da1b8a1069c1ff1c720c9f7caa717c49f29c9bbf2
2668,1764562608.3907533,0.000026249,0.000016090,0.000020398,0.000018665,0.000029454,0.000046666,cf5c8416a0bc6376c82048660e55f3608b37fea6f6a6e8c3ef7f0b740b942266
2669,1764562608.391934,0.000021570,0.000015389,0.000019706,0.000017713,0.000023313,0.000039493,032e447b52b46c10c8ebe6f8792e9f27e596960fdaaa601d20842228aa582079
2670,1764562608.3932602,0.000020909,0.000018344,0.000024745,0.000018594,0.000028913,0.000060491,0d7a94e3a70fb638e36750861bae0083285214cfef26a8859e90df621368d082
2671,1764562608.3945837,0.000024805,0.000015548,0.000024956,0.000018445,0.000026479,0.000038411,cfe19ea8772c7849e81b275c0feccb63f4dbf3a609f5f3ceaf75c03ca39032e0
2672,1764562608.3964179,0.000022942,0.000015498,0.000031979,0.000035345,0.000046856,0.000078104,5800dc6192c556b76d6a5cdea91934943592fa212607e86e2b94d1cdf097b307
2673,1764562608.3978739,0.000028914,0.000015809,0.000021449,0.000019316,0.000030687,0.000050884,1969d78147a4a2700eb30a20c2780c0e24ecfce0af2c80898300f1ab66f24495
2674,1764562608.399054,0.000022762,0.000015198,0.000020138,0.000016421,0.000021259,0.000034393,07538929fb3ff7d625948cbad41b42e63921d990d1e4908b665b3d4c853a6a45
2675,1764562608.4001567,0.000021500,0.000014777,0.000020979,0.000016120,0.000019726,0.000038852,dc1104be5b2e6cd196259dd98a5aef710003d0b9a5c7d4ec2a696cb9d985e84c
2676,1764562608.401394,0.000022591,0.000016270,0.000021810,0.000017021,0.000023894,0.000039423,accf9cd46b12cd4b482b502b58cb8db47d38e88b0369d3332a80b6f9c19df575
2677,1764562608.40292,0.000022401,0.000015408,0.000044462,0.000019446,0.000032450,0.000048690,e8667d2e470e9ccdbe6ac981b935e45ccbe1378a838db203be12956c8378ec9f
2678,1764562608.4048104,0.000032530,0.000018184,0.000034614,0.000020588,0.000043320,0.000042789,8705787a738e0989d33e5f71cf3709cb2546062e107e8ced17deb99fcb61e069
2679,1764562608.4063587,0.000027170,0.000015719,0.000021801,0.000020297,0.000040736,0.000051305,84a761ed16fc1bb502a449db59f2cbbf4f8bd26374f4f2b6d88315c8c3833a22
2680,1764562608.4076,0.000023804,0.000014968,0.000020759,0.000018253,0.000024846,0.000037860,1accaed2b7b11370ae330218b66e386f54badc2d156f7d66e246727f48bc3d47
2681,1764562608.4087563,0.000021940,0.000015248,0.000020949,0.000017352,0.000021179,0.000035065,293af295d25a3f4fe2abc3623a029658e7ba788cb41bcc12308288815768d2b2
2682,1764562608.4099498,0.000022471,0.000015298,0.000023864,0.000016831,0.000026620,0.000035676,7de1c1c7a3d8ae7ea3931800566651adb57e7f539f7f7b8d3a609ea9eb987cca
2683,1764562608.411371,0.000022111,0.000014817,0.000022632,0.000021450,0.000039663,0.000055031,8976af7af95b27f1862e989719831b4332fda53a9c6bd3aa1b4259d3b4064adb
2684,1764562608.4126735,0.000021891,0.000014567,0.000026249,0.000017723,0.000026699,0.000040505,1ee36b0d2a8d01f1aaaa537511a7a93f1a2d1279b0a99ccb5144e9e8757f927d
2685,1764562608.413965,0.000024395,0.000018774,0.000020257,0.000017743,0.000027020,0.000044292,3f12995c583cb76bc4dbff42b2913d69ad0cf2965e6631af32af6e293d227145
2686,1764562608.415116,0.000022401,0.000014667,0.000020097,0.000016691,0.000021921,0.000035917,b4b784c2d4d3720064dc73c545484c2daa74f4933257d03a2eab873425cfb0ce
2687,1764562608.416322,0.000021339,0.000015398,0.000020909,0.000017182,0.000025066,0.000040284,21a147970eeb96a2a0a7b755e5b528abcda37e3a576e41f27358cd0f10a9af3b
2688,1764562608.417485,0.000022051,0.000014887,0.000020007,0.000016891,0.000025547,0.000038341,c0f366d143b505eb5e228adc1bb8dd82374fa9642e65ca5dacf5ea947d9a1da0
2689,1764562608.4190328,0.000020888,0.000014968,0.000040575,0.000019847,0.000032079,0.000054290,ef42a19decbd41432299fd84dc24533178f610cfa79860d01c65051cca85d264
2690,1764562608.4205232,0.000029184,0.000020618,0.000031248,0.000017712,0.000024775,0.000037038,7af564a177875fd5d5c8aa6e47ce40e4226064cb7fd80a2758c3407e5d206665
2691,1764562608.4224854,0.000024846,0.000016300,0.000045564,0.000028082,0.000061103,0.000076902,8f2a50642c35a8d642a0c2f602f7487fba36effec3ebd878c0ad612eb04e9964
2692,1764562608.4246736,0.000032590,0.000029395,0.000033351,0.000027581,0.000070921,0.000064309,6501753e5d0c296433315c65f5bf76477e416d8a733fb10f26d6cf831c22b72f
2693,1764562608.4266257,0.000031699,0.000018835,0.000034543,0.000023463,0.000039052,0.000061934,f11688212de8ae7760867bb76e9d3a77ff30271745a38de599922bcd9e2c8f63
2694,1764562608.4287663,0.000026719,0.000021510,0.000031147,0.000032590,0.000074267,0.000099413,052f5748e7372835e46a31a1cd73096fe216539cf83aebdf26403b20f4e9a540
2695,1764562608.4304929,0.000029264,0.000016450,0.000037590,0.000021320,0.000047297,0.000049662,ba39b7a36f6e6243b879da2fc7e6f2b088e6422755655eaf7d7f75505688da5a
2696,1764562608.4326866,0.000030236,0.000016962,0.000036698,0.000044382,0.000077473,0.000140951,f416c3f2d58913c30636147e72761181be85ee6b43bea8810596ffcfd4783946
2697,1764562608.4361,0.000062305,0.000065120,0.000059750,0.000024896,0.000054271,0.000133887,5322bb3d45cccef9637872407ae2bb78cc2505e6c6ff488b303c2efc641a6d3d
2698,1764562608.438467,0.000047588,0.000033111,0.000049131,0.000023994,0.000051916,0.000061604,1000c0a39d58a82c4db1bbf13ec2091561ce4fd6962f9d25bae9bbd9720c8d3f
2699,1764562608.4410846,0.000031038,0.000016831,0.000059540,0.000042338,0.000117948,0.000094915,439dc8ec5ae16397e8d82845ff58035ae628c835b6c020db6132baddf061470e
2700,1764562608.4434385,0.000034734,0.000020838,0.000031498,0.000022863,0.000042779,0.000065080,e7046777748af989ae5a8b5ef5ec976cec7f51301a0f4c3da878199a9092aada
2701,1764562608.4459062,0.000028322,0.000016290,0.000076111,0.000025157,0.000049361,0.000057597,f369c5d5283816e358a131434431a081a79885d19f5401b7f2782741e3d041e2
2702,1764562608.449012,0.000064338,0.000036648,0.000055162,0.000036879,0.000086189,0.000110494,65dbc3da2c05b82479ea0b6e4ad04ab77577619fd903fdfe656855ed800219eb
2703,1764562608.4511068,0.000040084,0.000019656,0.000027191,0.000023944,0.000046065,0.000065802,b6e8314d35356604b8a13444b613bef6e159f67789d752707a8e269a7ff6d9ca
2704,1764562608.4532862,0.000027381,0.000016951,0.000057456,0.000027010,0.000045695,0.000067465,753a6af4eb6db266cfbbd13bcd4f39661fd3810ead9946897baaaa001638f67f
2705,1764562608.456819,0.000058718,0.000024445,0.000078224,0.000044963,0.000139197,0.000112168,6986b0abc14296532fc9d571625a64b5627d88663df95e70aaa4e6d34a1c287d
2706,1764562608.4603548,0.000046887,0.000017201,0.000092090,0.000046966,0.000104132,0.000139447,de29196262c4b61a537f11ec7694b7abc8ebe2ce70539a7a50e76c3e0287fa57
2707,1764562608.4635968,0.000050253,0.000026198,0.000054441,0.000032780,0.000065601,0.000086540,699135a84e8dd164fa76e060e6b0842177a93bb268fc238dbd9ff38b045fbaac
2708,1764562608.4672306,0.000075550,0.000023022,0.000094896,0.000036417,0.000069659,0.000090297,bdcfc29765ec36d4d1f04801d0c8b2dcde62600f4f13c14ec862368698f82fbe
2709,1764562608.4709663,0.000071552,0.000030026,0.000093993,0.000042549,0.000090217,0.000113720,7491c4f50a6a6ecf164823d9f0fb8a5c1a8d4e5a7b266832699401afdfc138bc
2710,1764562608.47315,0.000052156,0.000031007,0.000035014,0.000025898,0.000048580,0.000052577,a4014c3a325469958710befe3a1beb9e9b9c86d223efd49180fdc9f9709f8ded
2711,1764562608.475917,0.000032850,0.000022271,0.000054280,0.000026579,0.000045524,0.000084345,90f8be6ef6770a9ba49ac8ba3355478b486b081adf7a86cd13e3f10863d8d5f9
2712,1764562608.4792638,0.000055553,0.000021079,0.000078225,0.000041166,0.000115233,0.000132364,dda89aca3e20f507bae2b46499937207ca92649716a981227b078d5cf2c71489
2713,1764562608.4830747,0.000065331,0.000035305,0.000091268,0.000036317,0.000093072,0.000087752,3f0e721cb6589b8ed42c12f772345302916cf5ad135c1379e22758f1c6335b4d
2714,1764562608.4854748,0.000060793,0.000032270,0.000062796,0.000021590,0.000038411,0.000046687,32d1e2773f6cc5f23f8878cf142a40165f100f4ccab40c0d857e5f81b694fa82
2715,1764562608.4876084,0.000066343,0.000021229,0.000027751,0.000022171,0.000041256,0.000054501,c03bb04e11b07634eb39b10e56baf32c3a19f21f136d14cef5a92793f7e2fb64
2716,1764562608.4892724,0.000026919,0.000016450,0.000025808,0.000021470,0.000039904,0.000048019,f7ce03e57ba9638338881bbac2f5d72bdb9aadc27929333896fe108b006ee76e
2717,1764562608.4908137,0.000025136,0.000015608,0.000028342,0.000019215,0.000035034,0.000045324,cbdd54eda041e83da78fd68ac9f031e12d7d23d4871e9450939167e644798075
2718,1764562608.492848,0.000025006,0.000015930,0.000033953,0.000025477,0.000051735,0.000072504,ea10f2f50901e32019110b6900b38bd76584b5974f8ce1c22ea02d2538262775
2719,1764562608.495698,0.000034714,0.000018835,0.000068066,0.000032470,0.000077443,0.000113480,3b065efaa4722c03bf3c64317cfd954c1136681b83ef9b0d392cc45c81ebcc68
2720,1764562608.4980016,0.000041937,0.000018084,0.000032761,0.000034614,0.000057226,0.000081971,cac36283c6fce04bc58dcaaf8f4ba9b93b2b71244f096f499f70e684fc290f29
2721,1764562608.4996066,0.000025648,0.000016671,0.000025668,0.000022221,0.000039644,0.000053809,275b470dbe647f7ac1a52d13cfbc6153387d8076f537d9164bbe8048e41388e6
2722,1764562608.5010076,0.000024515,0.000015409,0.000032981,0.000017753,0.000024355,0.000043170,0dac2add987427f139860ec50861733f2a425179b5a9f234acc89ebeef60b6dc
2723,1764562608.5025668,0.000031789,0.000022521,0.000024505,0.000018414,0.000029434,0.000045003,7e0fb419345de187c532c7d7a76f5e152afabd931e7fe32d65b82f1a1ed6009e
2724,1764562608.5040348,0.000022652,0.000015419,0.000028643,0.000021791,0.000032430,0.000043511,c1482512d11b119221fbb911fdb9d64b3b5c95309d59c9ec98e7db0424affd2a
2725,1764562608.506529,0.000025517,0.000015759,0.000060041,0.000022391,0.000043731,0.000055703,d46ef84e3cbb3dea400663adb97da0092dc39e4785785f0358a9b7da1f9ca6ff
2726,1764562608.5084674,0.000033532,0.000016500,0.000025116,0.000024525,0.000057787,0.000065952,c62424d60d956b305031dc788bba9a7b0c226deccaecc94b315c832dbca991de
2727,1764562608.510498,0.000023444,0.000015488,0.000030636,0.000023924,0.000055282,0.000060422,537389789d12988fa9d1d749bed446da342b524c7337441e52b511f13fa7da4e
2728,1764562608.5118668,0.000024285,0.000016070,0.000024776,0.000018264,0.000027691,0.000037500,67fcc3f535f3d942c48c0aba130c454ed9173b79bf0264cd13dd65fa39758b52
2729,1764562608.5136776,0.000024375,0.000016851,0.000028733,0.000023543,0.000053950,0.000076461,e1efc5ff1eace3f3c0eeef8562b1158374572f8db32310a7c5a9367d075666b6
2730,1764562608.5159419,0.000030066,0.000021850,0.000074327,0.000031028,0.000051595,0.000075289,876419145ef2f674948084e1e79b7dad0e1193974d01155dfa58c05117e4d96a
2731,1764562608.5182462,0.000031819,0.000017342,0.000033812,0.000026769,0.000062456,0.000084345,aa31f720db7ae4fecc3aadb8f66b8c6a8ef8c37c29220de7385f20ab29e52126
2732,1764562608.5205715,0.000044863,0.000030416,0.000025557,0.000022181,0.000048259,0.000069408,85eae82181ccffe1c376ae59a8395e5aef2843edb4077bab82ec4011af357b4b
2733,1764562608.5221243,0.000023804,0.000015248,0.000026729,0.000021170,0.000038421,0.000044712,af626f65e0d4c54296994d5adac5989315d22fef50480937a0a7552bd408d580
2734,1764562608.5239792,0.000031779,0.000021901,0.000045915,0.000020027,0.000028242,0.000056575,2038a5e73be4f28760fe3fcdfd7f283e49c7068296ad6b46154e23f595627e4c
2735,1764562608.5255222,0.000047588,0.000015579,0.000026189,0.000018785,0.000026248,0.000044532,8b710ce5ba0d3601feade679168a0ee05816c5b3d17a9d23ce80baa68254f3d4
2736,1764562608.5267544,0.000022532,0.000015559,0.000022341,0.000016450,0.000023273,0.000038932,9891d9d86c61857647080160748b6c919035c802f364c6c62d3bd29bfc55e8a8
2737,1764562608.528495,0.000023173,0.000016741,0.000030266,0.000038551,0.000046867,0.000045514,dec15e2a4b003723993938c190514163700ac1fe623e959e660250ca4a70f7ee
2738,1764562608.5301332,0.000025417,0.000016220,0.000040405,0.000018935,0.000030567,0.000045854,5565682164267c170ee8873ab5a3d20ea458a838e885a69f9f86139030afb5aa
2739,1764562608.531892,0.000025868,0.000015629,0.000035626,0.000023132,0.000048760,0.000066082,9b7727bc726a62d25211a7f0e2b85a80b802a4533759d12c54843042596d7c54
2740,1764562608.5334387,0.000030327,0.000018243,0.000029845,0.000020307,0.000031268,0.000044261,dfdc8a308882bedb229906825741c8c483b694bc6e1c0af01ba7a87c5abaaaf0
2741,1764562608.5356035,0.000032710,0.000019717,0.000081631,0.000022682,0.000039132,0.000056204,84351882762fdb0ba33f9d7a56027bd5c1d422f6eff6e7487d390ee56073d0ac
2742,1764562608.5386317,0.000039112,0.000021800,0.000044352,0.000032330,0.000065551,0.000089626,6425c5d96f23c41985d65379ae0f4a7ef81cece7361dc028a0bd83f604a5d019
2743,1764562608.540732,0.000029585,0.000023754,0.000023002,0.000073496,0.000080038,0.000090708,c615d3ee46ebfd9e21ceb2793850dd99957425649261ae776a0950aa23f530f8
2744,1764562608.5423865,0.000025567,0.000015328,0.000020568,0.000016841,0.000026629,0.000042028,e1d7ed834db0f6b303e5afcd00b61871c4246d7e4840ec902c005928d5c513c3
2745,1764562608.5439851,0.000021370,0.000014888,0.000025958,0.000019296,0.000045303,0.000054561,e5206c5b42be880ccc1082ad2193213c8c372ff02c27cef082b00d2421e2c223
2746,1764562608.5453215,0.000021840,0.000014767,0.000026509,0.000016260,0.000023904,0.000039533,0d7fbddcfb52e2f60301634b5aab4bfa9a03ff08a986ce58dc56d48b80e3e846
2747,1764562608.5467339,0.000024355,0.000015689,0.000027050,0.000018113,0.000026979,0.000039103,6919ecb4f1e8cd9c39632a3830a2e5a398e808e578f2b5650147597f461f304e
2748,1764562608.5480063,0.000027150,0.000015288,0.000021079,0.000017172,0.000022692,0.000037710,8643b25c790e080e0d0a4583e4a0ee06cfc39196394f2ae8e3106e2f7ab924e2
2749,1764562608.5492435,0.000021470,0.000014496,0.000020858,0.000016451,0.000025537,0.000039413,21c75b86f3c3fd7e54248dba77e8921285e790249e9655cacf58fcdd789792d1
2750,1764562608.5504155,0.000021400,0.000014667,0.000024435,0.000015809,0.000019095,0.000034954,f8f7e24563d8d5cc2def0294e323548c06ede67635061faf1bdccf057f49b453
2751,1764562608.5515769,0.000022151,0.000014968,0.000024896,0.000015489,0.000020338,0.000035636,ba21c4948776f06511be07d65b59dca5a6551586baa116594e8a15f795cef405
2752,1764562608.5531187,0.000025497,0.000021480,0.000027410,0.000019806,0.000040525,0.000057096,324d12ed9c0dcbe16ebcfc7f25e96aeb14068be232e071e4b0fc8ee1b426c8f0
2753,1764562608.5544171,0.000022842,0.000015228,0.000024725,0.000018785,0.000032290,0.000038130,b6dee9bf418b36cfbbb54361a34a27b11e9c1abeeacb3dff320124634e475242
2754,1764562608.556068,0.000028793,0.000020027,0.000024115,0.000019546,0.000038321,0.000058228,ae348246f971b4cc1eceea507f206ec8b3ebedc41479fe1e800e25401496bff0
2755,1764562608.5572999,0.000024145,0.000015498,0.000023543,0.000016801,0.000026509,0.000039032,b2b85a495336dd231f9de839a253f787e7b2648fda5812d7f73394c952fc9a00
2756,1764562608.558565,0.000023434,0.000015108,0.000022792,0.000017573,0.000025477,0.000040795,12ca2a9394be754913da136a5c62bd9c535f1e846fd90c08490c4c92181ab8e2
2757,1764562608.5602174,0.000023524,0.000015108,0.000022572,0.000040936,0.000041236,0.000068337,a6ba91f90e004aab05f1021733860294e979ab72c3330908df78acf734efe134
2758,1764562608.561959,0.000022892,0.000015128,0.000030215,0.000021861,0.000046716,0.000056735,a5b4108821e57e9b88aae95b78fee6d22e276cd64c1dcafdd1badc1d8428d479
2759,1764562608.563419,0.000027811,0.000020187,0.000031358,0.000019386,0.000031458,0.000039644,b9b62fb9bf9faa117429b5300d4e1e90d2403a3584b9a2f575ea1befebb281cd
2760,1764562608.5647764,0.000029445,0.000016621,0.000029044,0.000016992,0.000022622,0.000034955,6b932d0e2e88f20646cee3466c558ac9371ec62c519a77c8cb3bb7954a401b69
2761,1764562608.5661602,0.000024295,0.000017642,0.000024565,0.000017062,0.000024275,0.000040234,9d3896c3d4fab73e7fc13ccf51fe2983b51d39a7b5e815a66687b53025995310
2762,1764562608.5675056,0.000023383,0.000014908,0.000026969,0.000018234,0.000025608,0.000040475,8884e3c0196745ddc5d3fd78109558b0efa8e0feef84eb864f769d96a216eb5f
2763,1764562608.5693684,0.000029855,0.000017583,0.000040716,0.000018334,0.000032159,0.000050042,b3e148bafd1350852a310d26dedbae4471b6290809c245ddcdadbcbb7ad08083
2764,1764562608.571591,0.000034995,0.000019456,0.000045965,0.000025447,0.000052627,0.000078465,337685eb4279f919bb8047c5773f88de3fb8fc32a93e98af4540eeeb25b89a53
2765,1764562608.5747628,0.000037209,0.000026489,0.000057947,0.000039443,0.000116816,0.000082943,4739731e8fcc5a8fbed9c35bce719979dacc3a70b0fb4bd9b74f3aa44b0c97b7
2766,1764562608.5765965,0.000041617,0.000017963,0.000027270,0.000019597,0.000033662,0.000041176,400c84b5a34735970fac3ccdc2e48942e08033d16f46e929c390c088a336274c
2767,1764562608.5784342,0.000031518,0.000021440,0.000030637,0.000021440,0.000048229,0.000060902,6959c20a203b4161be2aab94b0140e1d7dca503860756cab0a34b8699ce05629
2768,1764562608.5806108,0.000032500,0.000021269,0.000033602,0.000028803,0.000066163,0.000066963,909f2749d5a3b29b47c1705a8036d050e0d5c54bce2a88c623d07980d0e6a002
2769,1764562608.5820823,0.000030256,0.000015689,0.000022271,0.000019997,0.000036488,0.000057156,0bc3ce5f7d95ef3d2df231a6ec364ebd763271203afe761b6567e0e9ea13da91
2770,1764562608.5832984,0.000022141,0.000015369,0.000022511,0.000017022,0.000021520,0.000034003,83ee8d5136a10063ed9c55fbc8f9a914308d1440bb36fe62ee97d57a3fc190f4
2771,1764562608.5844707,0.000021940,0.000014276,0.000020608,0.000016310,0.000022141,0.000035276,dfdb49782d7190de697463054a8cc513365dff5d9e0fc198da1a40073d7d8550
2772,1764562608.5857124,0.000028623,0.000017052,0.000023864,0.000017162,0.000023494,0.000036477,a3a7950547ee9a66bbf370d5a816a9f8bc3af2d60e155fea1b19ba3c0770269e
2773,1764562608.5870636,0.000022902,0.000022632,0.000028963,0.000016892,0.000024275,0.000036859,c3df2803704554ce99668f6cf73062dbad948ec7a555853e9d4bcb951c35da66
2774,1764562608.588557,0.000030195,0.000017342,0.000030306,0.000017963,0.000028052,0.000040555,c791915c4be7015b0558175a535a53b6cf57f97ac22641f41df64f457e3dd3b6
2775,1764562608.5905128,0.000027121,0.000016490,0.000024906,0.000047628,0.000055042,0.000085007,1babe61656ed0c7ff54f0f5c8773801b42cb0327d0c46fe38d345ae741c247c2
2776,1764562608.591807,0.000023293,0.000015498,0.000022792,0.000017222,0.000025918,0.000039393,745b27716fba9566529644880f2bb840b613e4b6648aee79e480bbb7b490e2b5
2777,1764562608.5930426,0.000022110,0.000014567,0.000023754,0.000017953,0.000021871,0.000035004,b74f86a3ff764d2f6dba06bb3a97babc7a76c1e10553ab1be13e923c6b4dc341
2778,1764562608.5942173,0.000021841,0.000015038,0.000021389,0.000016360,0.000022282,0.000035626,ebb34dfddc7b4e8ce817fa4c7dc60ead889145e83af5ad8f8005e3f3f61207f8
2779,1764562608.5957217,0.000022311,0.000015218,0.000048340,0.000016911,0.000024626,0.000037770,52fab8ad58429f7c45ee8b6d98ddfdfde631d568a9c296b0ed5397a54e664aa5
2780,1764562608.5974536,0.000030066,0.000017383,0.000024044,0.000023133,0.000045554,0.000066203,f26ca7e756902c5bdcd1ab8ba72221cca1cf800b6a7f64d766dc7aa33427902f
2781,1764562608.598757,0.000023494,0.000014627,0.000025277,0.000016741,0.000023654,0.000038130,ef4d53369f73e65041f9255c902b6ffd8718df0ec3e988482807267b23fb7274
2782,1764562608.599951,0.000023463,0.000015509,0.000020789,0.000016751,0.000020267,0.000034684,03d45fd29ec6bd6485dd1b9451226208dbbc8bdb032b0f0984f9c1709a68ddff
2783,1764562608.601108,0.000021389,0.000014727,0.000022361,0.000016661,0.000021510,0.000034824,ea4ae8ab210c2a7046b08021a3a0c5179c471a44f218ff84286ae628783b2b13
2784,1764562608.6023126,0.000021770,0.000019757,0.000023634,0.000016500,0.000022582,0.000035426,01cac97ce1511ccfe980be3cf6e7694a85335d49b07614f638c2472b70613ab4
2785,1764562608.6041188,0.000029334,0.000022501,0.000041256,0.000023303,0.000044793,0.000073676,14b4bfac946b16d5154a00e5f34a3ab3fbe2cb68d73a188a8ba5577c17bee59a
2786,1764562608.605778,0.000030977,0.000022592,0.000028824,0.000019957,0.000037690,0.000056785,00c778bf91e3a3e9a7a65fa529a1dbab667e643513e2b9705c5736e430e4f7cc
2787,1764562608.6076133,0.000027371,0.000050333,0.000021279,0.000019226,0.000033622,0.000041828,ea7e4c7eb0b76b3828b930967a01a95ab95104d6e3db366ccd24fdf545870f03
2788,1764562608.6087785,0.000021860,0.000015449,0.000021530,0.000016501,0.000023133,0.000035325,9d2abe110216f3b0013e158d2b93c72a627a97784e9812074c0483ba1b165909
2789,1764562608.6101117,0.000023894,0.000016320,0.000020819,0.000016851,0.000024835,0.000039093,075e49ba34ddeeb749298c10a2638296d2b2e681489f7d8febf9bed7a470c9f6
2790,1764562608.6113193,0.000021680,0.000017031,0.000022842,0.000016881,0.000023434,0.000038841,0c295482f4cb835f3988ece54aa632d35670f9c340e0b9396c11674db5e97796
2791,1764562608.6126447,0.000021780,0.000015499,0.000023995,0.000018735,0.000029024,0.000040505,adb32804e825e8596153ebf6d7b7aafdb4e07a5146fce2b6bc2a9aba62b31041
2792,1764562608.614059,0.000023053,0.000015629,0.000022402,0.000018294,0.000026629,0.000046666,c39ab32781fdc7055a7d250e0ad0e7ae0a7582679890c8b1b5e77ca100a98929
2793,1764562608.6158607,0.000023023,0.000017592,0.000041747,0.000026720,0.000051254,0.000060452,69913a552cabf68c58e689bd38717e110c3b04bbcfca2d68920a81604d6d40df
2794,1764562608.6181867,0.000031789,0.000016391,0.000047738,0.000024345,0.000050603,0.000053389,6737cbcac403e02af546ea4a6624e793307eec006df50c45dfc289551a4fdd2f
2795,1764562608.6198547,0.000027321,0.000016571,0.000031118,0.000026819,0.000079116,0.000045905,d221b713794310c6a34f87b27748bb97fa357479bcb32ccca281f9cf0a50fd5b
2796,1764562608.6214797,0.000026719,0.000015599,0.000029695,0.000022391,0.000044312,0.000049031,46618123686dc6078e370cbfdcfb6d64a24f4a1df3c03f4402158ee5bf69f00a
2797,1764562608.6232002,0.000027421,0.000016841,0.000028653,0.000020307,0.000038912,0.000047017,e3be35a8763b788ba6535faa6e26338bd52dd6bbb94872b5e1060390c1d95f58
2798,1764562608.6245267,0.000027221,0.000015048,0.000022171,0.000016781,0.000024826,0.000040154,08ea1171151548a412bf95097f117c1a207bdb160cb0bc97d732bf14a5bb3ee1
2799,1764562608.6259065,0.000021840,0.000014878,0.000034473,0.000016831,0.000029524,0.000045324,e1f0014b0da9afb6806edc8810a1368cd7e6755b5cd3dc97efee202daa2f45ae
2800,1764562608.6275134,0.000027721,0.000015809,0.000036428,0.000019295,0.000032259,0.000042178,13bf3906abdecb47e729dc2cb3c66e1d703079c141e9b3f35bcf7803c8d520d8
2801,1764562608.6290286,0.000028642,0.000015138,0.000023193,0.000019706,0.000029925,0.000037890,4155bcc17da44bf38e32c8bf20ee8d213d3a911b3522ffca6d03fdc961ab9846
2802,1764562608.6304743,0.000023283,0.000015248,0.000025607,0.000019156,0.000033632,0.000044141,ff507be6d5dcc4b206902b51b71604f6d7b65db9504aa7f5c2513876beb2cedc
2803,1764562608.6319432,0.000024445,0.000015378,0.000023033,0.000017242,0.000028603,0.000048499,f054a45ac2f6f59b032dce4f78cfbb37f4b0de2ff948f76e654bd7124cfd05ba
2804,1764562608.633517,0.000027120,0.000018955,0.000029344,0.000018755,0.000035796,0.000056264,f391f77ff8dde3f35c768766238a7be4519d83c71da96e113455f5422497d6a3
2805,1764562608.6356764,0.000026419,0.000015959,0.000054621,0.000033722,0.000056725,0.000090056,4365bc93926573579cde94969f3338772977233a19d7432b0d5022c88d180b81
2806,1764562608.638315,0.000042598,0.000020087,0.000053579,0.000038882,0.000063988,0.000086530,f2509725eaf5f76988a69157eb093f4a7996be824114ffc03285a0773bf7c3ac
2807,1764562608.6404042,0.000034364,0.000017392,0.000024055,0.000030897,0.000074217,0.000072354,093d93fc2b9d7aa86032ade71697efae407aea671d44b3d26c02e28f86d52c8f
2808,1764562608.6421893,0.000034995,0.000018625,0.000026079,0.000027070,0.000047288,0.000055663,56e9f6aa032d001f03b9125c5c2e8da9539b1332e7073bd8f1bc05145425740f
2809,1764562608.6439824,0.000026509,0.000015830,0.000040675,0.000020969,0.000041026,0.000058288,8e2f5347122f014c3c26f5d14a906896b25fef0f09a5a8ced962f057eef9c5c1
2810,1764562608.645606,0.000032470,0.000018675,0.000042469,0.000017412,0.000029074,0.000038721,c24f45f9f02c8e7d9d3b072e17c4d360fc22f45cf021b79dee37e867f912a56f
2811,1764562608.647896,0.000038802,0.000022672,0.000048380,0.000028312,0.000051785,0.000069258,9a0a15f683d470feca5e2f2ecde60455d177e72b2b7394be607136ccc3a8dd2d
2812,1764562608.6504307,0.000048229,0.000023133,0.000035856,0.000031909,0.000070971,0.000090807,fe3344dad146af0ad84902621e1924f5ddc14077cf9905494d2bfec558894ee5
2813,1764562608.6519153,0.000025356,0.000016020,0.000023062,0.000018915,0.000029585,0.000049381,12792c983e84e03edb8b32b899baca35bc80bb536efd5698e8ab909c78574f58
2814,1764562608.653201,0.000023694,0.000016620,0.000020368,0.000017021,0.000028243,0.000048350,585b372c47d67f2e841b3f2a1177fe1daef39405b6cd745943f05aa7a9bee20c
2815,1764562608.6543803,0.000021329,0.000015018,0.000023504,0.000016390,0.000022863,0.000035124,753663a07d3cee8e02a54765484f9d707094dbc41c004f6c98d7128196e55320
2816,1764562608.6557138,0.000023293,0.000015258,0.000024275,0.000049712,0.000028573,0.000044442,28ab8039b41c329c5dc74c8a3f336d6a46acb944cafde6dcea2a163b0bfe528c
2817,1764562608.6569972,0.000022852,0.000015559,0.000025527,0.000016159,0.000023713,0.000040625,e9d975caad9106a8977b822476ee3fd273ab1710bc60e51e16bd10eba929a119
2818,1764562608.6584327,0.000023674,0.000015058,0.000039182,0.000015699,0.000019697,0.000035035,d87efe0db8fafd5c74bc42ff85a61ceb14c4a5adad5bd81ec2f7e1869b224256
2819,1764562608.6597033,0.000038862,0.000014607,0.000020588,0.000015659,0.000019906,0.000033813,728e441895e128dff2502b4d62ffd49c49f6d959ee767f8a410d7cea435d5877
2820,1764562608.6607912,0.000020999,0.000015488,0.000019546,0.000015439,0.000019285,0.000034874,c222e823d411a57b0d3003cb603d0e520b3484b4219c0d19bb8c7c42cfb109ca
2821,1764562608.6619122,0.000020858,0.000014456,0.000019967,0.000015488,0.000020017,0.000034123,c683133fa5240f6b6ef7d2a8c9bf980e72d7aa1d6cc8b7083d101d1e18986ad2
2822,1764562608.6633077,0.000025848,0.000019516,0.000022702,0.000019055,0.000033552,0.000042168,644c3e5c1d4d399489626b1b24784d9c5c652ccd41c8efaac51932f50bf52768
2823,1764562608.664409,0.000022211,0.000014747,0.000019486,0.000015679,0.000018945,0.000033933,eb5e4e4fbb3dd5374e179b53fb52e1f910289fd0c32b80e9c04e2513a7df803a
2824,1764562608.6654913,0.000021490,0.000014407,0.000019245,0.000015218,0.000018544,0.000032600,aa933f306742e447de2772f0d12ca2d09a607472ae9004029721a83d96c8c34f
2825,1764562608.6665637,0.000020848,0.000014476,0.000019195,0.000015348,0.000018774,0.000032731,6a4b51fb503886389b4da7e068a0ec0f3acde581c9cf31eaad615b7a7bb3f7d6
2826,1764562608.6678889,0.000020909,0.000014628,0.000042288,0.000015268,0.000017623,0.000032219,b46e282f88fc0b191d4fa94a457e74661aa06dd129dffa4d5e0da936f103d1d8
2827,1764562608.6694112,0.000042147,0.000029154,0.000023192,0.000016570,0.000027211,0.000049301,bddff262cc035fde62300fc24c4de8b3fd540e1f83b757f17eeeae1b43bbbdce
2828,1764562608.6709287,0.000022882,0.000015329,0.000025287,0.000019726,0.000041507,0.000059099,66a486007f4d35ac812ce4da457b937342ef6e82d654ce2f16dd27861534ff90
2829,1764562608.6721888,0.000022692,0.000015279,0.000022893,0.000017262,0.000026109,0.000039152,9b3b76322fcac1b3093bcf6e5ba56ea0ab41981d0ad0545b62bbe48499f13aa2
2830,1764562608.6735227,0.000024846,0.000015459,0.000020477,0.000017452,0.000026780,0.000041146,c2ed070441d9659e024c2378854e9d4d7ab5f10ed110f094ad0067b9ebe95e66
2831,1764562608.67463,0.000021099,0.000015589,0.000019756,0.000015349,0.000019025,0.000033522,6f404ea0e36e4c32c76b76f775b507434eae3806dc490fe4e67d690e3e25bad9
2832,1764562608.6756823,0.000020378,0.000014366,0.000019737,0.000015358,0.000019026,0.000032660,04726544047a3a64e3d7222f2657e02cc2646d49a3debfc3dd33b022fa35c6bf
2833,1764562608.6773136,0.000020728,0.000014757,0.000030576,0.000023543,0.000038962,0.000062105,7e98daf5fd883d0a5c24f0faa45c0617b4ff0f2f008e940ec5677e8dff99dcf9
2834,1764562608.678733,0.000028422,0.000020658,0.000029284,0.000019807,0.000028303,0.000046536,174301a52e9c154ca9e0afdee3462e96ab5d7299a81fad5840c13cf10fa1789f
2835,1764562608.6802123,0.000033662,0.000019306,0.000041807,0.000018714,0.000024646,0.000038712,557547f380cced1c9d5e0c7beb6cd71ccc1183b44e29eafc6b2c1fd55e930009
2836,1764562608.6819634,0.000041687,0.000029214,0.000022121,0.000015479,0.000019195,0.000064319,5c22638819ba09dd9f05b9bcd40d945a49ce6ab28237c712efb926bef7765928
2837,1764562608.6831837,0.000020938,0.000014687,0.000020378,0.000015900,0.000019736,0.000034604,ff3ed06d269bb943acba0cb308fbaa60328c496c1a73392268beea23c074d213
2838,1764562608.6848364,0.000020818,0.000014868,0.000022131,0.000031969,0.000039312,0.000084426,c45232ab6c41ceac60a3be142a88a889f5b0415027a933d6a997f12e8b3630be
2839,1764562608.686119,0.000022080,0.000015028,0.000021660,0.000017161,0.000027060,0.000040244,3e632cf89471312575f970e4f84d4e091974d0a9384d37ea1629689f22dc93fa
2840,1764562608.6875963,0.000021690,0.000014898,0.000050793,0.000017071,0.000023613,0.000036277,a0ac8c030c7a2aa607a89cfd544cf2435a635e4ba9515d905693c5223ec4ee33
2841,1764562608.689634,0.000073215,0.000041146,0.000022982,0.000019176,0.000029234,0.000044282,061c8b82bf3767f9897fc20c31f5eaf0b950c533d42b3c9253c727fc19d28f2d
2842,1764562608.690839,0.000023694,0.000015078,0.000020638,0.000016631,0.000026720,0.000034734,5e02e3d8a4a5eec71fade91c3ae3707d0b2c300dd74aba8087bc3ef6a2940326
2843,1764562608.6919444,0.000021750,0.000015027,0.000019957,0.000015809,0.000020538,0.000033091,45c1074b195df48e2ddea3a1b085dea8dd87259872d70044b063674827d93427
2844,1764562608.693095,0.000023343,0.000014758,0.000021069,0.000016420,0.000022071,0.000036337,d384acb4719c2962892111c3666aab212f7ec3414c117ed2c11413547cca5c21
2845,1764562608.6942441,0.000020578,0.000014437,0.000023092,0.000024285,0.000023784,0.000036257,b2c40e226ca7e962dc8208c26a2b59852c1c3e55db714c07e72b60d18b1e8d54
2846,1764562608.6953936,0.000021530,0.000014707,0.000021019,0.000015759,0.000020638,0.000034975,c82ed538f8df82cb02deb7025bae1226eaad3c865822a4c8b23edc395f1558df
2847,1764562608.6965947,0.000020788,0.000015058,0.000021239,0.000016330,0.000023353,0.000042769,f9f97511732ef0dc29a9cae475f0b98b1713cf7c6854c1d174c6b18562808309
2848,1764562608.6977172,0.000021821,0.000014818,0.000019696,0.000016521,0.000020849,0.000036548,26ac330b51fc0a1873ab528f9754c65163486256c5a194d1553a124a91ce3249
2849,1764562608.6987934,0.000020108,0.000014487,0.000019246,0.000015839,0.000020248,0.000033161,767ff7d0860e84e9832164a62f90da32353d0d0bb705cd66d31389f0c0ea024f
2850,1764562608.7011712,0.000022412,0.000027030,0.000065872,0.000043741,0.000059781,0.000107178,dfb8d027ddeb60b981ceb05ac7498f603d781c7c94fda92b8ed73d656785574e
2851,1764562608.7026713,0.000028021,0.000015538,0.000022672,0.000017583,0.000026319,0.000039293,b77784e8f0dc10feb84263b4e8ba18cf23906784edce357dd0b8c8afe9ca0e58
2852,1764562608.7044892,0.000022552,0.000020087,0.000059220,0.000033422,0.000044833,0.000072264,5ed46103c699e6028172b9af36f11d6538c35770e52d98d37b89dbc13b7db606
2853,1764562608.705873,0.000023834,0.000015499,0.000025477,0.000017312,0.000025167,0.000069068,171ccf9c2f311fee254a380da4642eb4ba283e182f5b13bee3d07d9e9abdc265
2854,1764562608.7069876,0.000021170,0.000015499,0.000019456,0.000016120,0.000019185,0.000034002,8d328a797296691aff68fe0d6f52a9f90a24245800d29a662aa50c28470526d3
2855,1764562608.7080789,0.000022372,0.000014848,0.000020127,0.000015359,0.000018394,0.000032349,4fe45110a3f1c4f712293cdac3c56ef28c918adc51184e0c014ea8e305635179
2856,1764562608.709183,0.000020548,0.000015048,0.000026258,0.000015279,0.000018374,0.000032480,f832e4e130f5b945f43ae726576543a37285e005729de17efc5cfb792fb23eda
2857,1764562608.7103598,0.000021289,0.000014908,0.000021229,0.000016240,0.000021680,0.000034995,39a2d707be76e8942f1c2b7e3d676cba6c7fbdbd21beee0ca894528abbbcfcee
2858,1764562608.7118015,0.000020447,0.000015298,0.000036868,0.000017442,0.000027120,0.000041256,d4f3b59e4065ea432a56790e93fcaedf8b0f1b3af814ee2c8fd63bcd11f3dd0a
2859,1764562608.7133884,0.000031628,0.000019656,0.000021860,0.000020658,0.000036488,0.000048830,90991b0fe20d65429c1627575415e2a9538d27e2ac81645a6bde3706121ba23f
2860,1764562608.714523,0.000022121,0.000014918,0.000020117,0.000016010,0.000020307,0.000033772,11333a5174a755fd69d9cb4d0e9e1e98717b3258a0600022358da491b62b2f7d
2861,1764562608.7156565,0.000020287,0.000014446,0.000022271,0.000016611,0.000019967,0.000035536,46d5852c1d00f98b42f3a1d79b1e5f18c526dc5159913d8bc8bb41b11fc22927
2862,1764562608.716869,0.000021490,0.000015628,0.000026819,0.000016180,0.000020939,0.000035816,3c310b9ca37c80d83ff43994b1900e0a52df578f7ef94f53778c276f51713cdd
2863,1764562608.7183526,0.000024806,0.000015990,0.000024986,0.000019366,0.000037098,0.000043680,f123d74645bd2d8648b599f756708c92211918054221985fff8bb901ca68d1ba
2864,1764562608.7196512,0.000023243,0.000015649,0.000022531,0.000018584,0.000026679,0.000038902,3b522d0b0119f57a45e45cfea6f02953581a44968acc2f1c012e82b808c9eb7a
2865,1764562608.7208765,0.000023414,0.000015528,0.000030066,0.000016590,0.000022803,0.000036988,d15ae1aa3ad99a9038ee465b134905fb69a8380bd4724c8140bdf1b95448adcc
2866,1764562608.7220023,0.000021299,0.000014787,0.000021059,0.000016430,0.000021029,0.000034214,6114755b20351e0feaf607d52fd08620987513e733847422511e32b2b3e2ade7
2867,1764562608.7234159,0.000022622,0.000014587,0.000025327,0.000021400,0.000024926,0.000047077,0bbcd174c2b3ba3668a64878b31023551f891402ee3ba707606770ffbd016be5
2868,1764562608.724626,0.000025197,0.000015709,0.000020368,0.000016630,0.000021279,0.000035926,54122b04df2cb07096694b84e6ebab2980ba8c675e768e82f42f0c68e4221b3d
2869,1764562608.7258441,0.000021750,0.000014878,0.000020858,0.000016150,0.000020117,0.000034323,e0d2de547da484f868f56fd0d131fb022623a6fda4e60fc88d12031161011e10
2870,1764562608.72703,0.000022481,0.000016170,0.000021500,0.000016681,0.000021671,0.000034113,61fa30025236dd2ce3335ccc0328ad72c0c7824bf3f224b2a2757fc50a99917c
2871,1764562608.7283983,0.000022572,0.000014897,0.000037790,0.000022351,0.000025006,0.000038461,394a7eccbc996570c1187302fa6c8da727c536979ba8716b374f7a8da29d4b64
2872,1764562608.7300694,0.000030566,0.000019135,0.000024746,0.000018313,0.000032149,0.000055563,4401670ec9fdf817f048bc36269a08b63fff831688f39515b52162bcb9037cea
2873,1764562608.7314162,0.000029244,0.000016671,0.000021880,0.000018434,0.000027361,0.000044121,2fa49976303f9523833e03d6142dd6f1a70076535ba7b37a3fcbf01f28d5750a
2874,1764562608.7325382,0.000022242,0.000014637,0.000019326,0.000015950,0.000020267,0.000034724,d6f9af6d1b8eba889e1df327c1ac425d2aa34c1ebf2a09c57a6dd2646d0663fe
2875,1764562608.7336752,0.000021870,0.000014537,0.000020057,0.000018935,0.000024315,0.000033552,7be92871294caf3fab1ee036c79ab47f3b0895c402f8c070c1fb85928e0b7257
2876,1764562608.7348046,0.000022021,0.000014848,0.000021861,0.000015689,0.000018995,0.000032299,f3fe9f0762355fed338455579d85c55c1f2ac3d2039365c2687c20363cb13ae8
2877,1764562608.7359476,0.000021750,0.000015138,0.000022081,0.000015299,0.000022531,0.000039022,13cf21dafa3244181d1d03e57419d6202dcc1ec62334d7aef734894f8bb433a5
2878,1764562608.7374513,0.000022421,0.000015969,0.000028172,0.000018745,0.000032149,0.000050854,087a1d1a1a8e75736900cfdfdab5e340d8f97e9bda2278365b212b82daf5f816
2879,1764562608.739167,0.000024916,0.000015598,0.000022562,0.000018734,0.000026979,0.000048099,3c01d9b1cd6929c0b7e3a13dae9d8beda2fd2ecd3fa56439635e882c2f8c115d
2880,1764562608.74031,0.000022562,0.000015268,0.000021039,0.000016020,0.000020087,0.000033672,3fc29cdbd8d1014ebd1f032da64b106c66be4bfd81aeed3625d26fed9027523d
2881,1764562608.7419956,0.000021179,0.000015749,0.000041838,0.000033041,0.000038992,0.000066223,6d03f27985fdadc62f117abff8dfc8fc39946848b343840bde8f011aeae3746d
2882,1764562608.7440104,0.000052697,0.000039583,0.000033051,0.000019696,0.000028071,0.000047287,4754947fe65fd2caf25dd4e3694eb16b7cb886c6232559c5c5e336a32177011b
2883,1764562608.7455347,0.000028232,0.000016731,0.000030025,0.000018745,0.000030416,0.000042098,f80ea1931c0310646ca4f1458fd2d256708bef2023acf987fa68ffea4c58d8ca
2884,1764562608.7471955,0.000029996,0.000018084,0.000027170,0.000020097,0.000033342,0.000042489,e0cabfc83b0dba426009e6a49d5421ceab4f663b6322d7cbd46bf9c32ac21280
2885,1764562608.7486167,0.000023734,0.000015569,0.000026680,0.000023764,0.000063808,0.000061293,3a97fdb0bfedb60581033bca38c8dccca03b17f8471dab28b1183a2e007c0a61
2886,1764562608.7504046,0.000028863,0.000018865,0.000037440,0.000022272,0.000033361,0.000047708,509f370a17ef0a0be8c96b8a36c4a95bd18484b851d8cd659cbbce067d10b0b3
2887,1764562608.7526915,0.000033262,0.000020889,0.000059149,0.000026930,0.000044102,0.000085017,960ec3cddada10201f8fc85883e99d9be2d3831e53b66114b7334357173d04fa
2888,1764562608.7544377,0.000040806,0.000018103,0.000027040,0.000021109,0.000038662,0.000053419,61c0201ecd6ebc926290acd1af1879ed6a5c3cf5599595bd827709263686ea1f
2889,1764562608.756052,0.000029955,0.000017393,0.000022191,0.000020598,0.000037449,0.000055683,d598ac8d392b7249730f5c6a0a220e86779982b7aad3ccfb73810b50fd411a73
2890,1764562608.7573802,0.000022241,0.000014827,0.000023083,0.000018594,0.000026790,0.000040825,483c76e62a395d466dc52ba00934ec86c652fdf6a52175b4dfe358925c9799c7
2891,1764562608.7585082,0.000021830,0.000014698,0.000019856,0.000015709,0.000019015,0.000034163,d84e65464467a81dabd27f974ac533cf5ccb5dd440cade80c44b294fc0fd9024
2892,1764562608.759608,0.000020808,0.000014587,0.000024055,0.000015369,0.000019105,0.000033241,f0317bde916d51e98fd5e3311dc0c0049464cd6f6b40187ed19b3eaa3675efef
2893,1764562608.7613425,0.000022091,0.000014678,0.000028983,0.000024706,0.000034804,0.000046676,e40d8bced4f757052fa063709481479141b9b95e3007f83a4c6716151085999a
2894,1764562608.7626066,0.000025557,0.000015359,0.000023393,0.000016531,0.000022522,0.000034624,b9607582fd2c70ef63f4ef7c284844bde126864bdfb5d2adddd87be78b6ca0df
2895,1764562608.7638521,0.000027842,0.000019816,0.000020448,0.000015740,0.000021279,0.000034884,861146532c00bb2aa8517c37413f1af4a77f9061e51c1fbb838a7ebb69cb95c2
2896,1764562608.764972,0.000021830,0.000015037,0.000019896,0.000015469,0.000019907,0.000033883,6dfa3fcc365e29ff637266da62e2e5ad012d8ecb73330356932676a436466156
2897,1764562608.766054,0.000020458,0.000014386,0.000019466,0.000015248,0.000019436,0.000033552,e8489de435df68e8b04c2cc7b51a9190a5df364afc63fc5612432c218663f3dc
2898,1764562608.7671404,0.000020548,0.000014687,0.000021279,0.000015829,0.000019025,0.000032671,a812c996f3b0333736ce4e145b0741b1afd11f25c5e0660fff4116af98386749
2899,1764562608.7683744,0.000021149,0.000014557,0.000024396,0.000016090,0.000023533,0.000039192,bb0ffcadcda60309d4697fe404d76b2e626ce82ef08e7263683541b870cb8ee2
2900,1764562608.7695634,0.000023503,0.000015418,0.000020107,0.000016390,0.000020979,0.000035626,70fb07d674e62effb74ba307f7fd64bfdb1da56f734039917bcf0e8c109b5657
2901,1764562608.770639,0.000021440,0.000014447,0.000019927,0.000015358,0.000020347,0.000033202,3e4566db7fe49a5f671c4055f0fe755e2cd5c37fc55188223ed949bd92e0d8bf
2902,1764562608.7717066,0.000020859,0.000014427,0.000019165,0.000015769,0.000019386,0.000032850,9b72921391a9b908c59d87765403d9a0f075d700615a6a924b8eab3e4553722d
2903,1764562608.772765,0.000020247,0.000014687,0.000019356,0.000015258,0.000018785,0.000032580,dbc7a1089ad936725608033337fe09bf9eaec72ef2bc00088cac6fe3c740365f
2904,1764562608.77384,0.000021771,0.000014707,0.000019676,0.000015007,0.000019115,0.000033361,2f61949a11eb4e185efedc256163239db08d4609e49614fe74563f41747e76f2
2905,1764562608.7749057,0.000021250,0.000014477,0.000019326,0.000015449,0.000018324,0.000032600,30707f8a511fbf36da74b24eff1fde10b1b900c7b9e8816dd04184ac3226e250
2906,1764562608.7762568,0.000021329,0.000014357,0.000027851,0.000019616,0.000024705,0.000040014,a722088acd35b64338b0a216bd2176426f94ad7d24b8f8d85cf8307dab863771
2907,1764562608.7778394,0.000022942,0.000019526,0.000021340,0.000023914,0.000043270,0.000041296,ac0320a9f35b9e7f9bd2954d5295eabe6c47639d826915be99d4d7894c0cf079
2908,1764562608.7789843,0.000023593,0.000014627,0.000020367,0.000016951,0.000020368,0.000034123,1736dddca008c466368612b8d85e93dd04cc29f1133655249224a51346960d11
2909,1764562608.7800968,0.000021810,0.000014837,0.000019807,0.000016210,0.000019997,0.000033362,056b85d6f7ec0cc8a144f4d5c400dd389e091cefb05c3974e49f893028d48b8d
2910,1764562608.7811685,0.000021660,0.000014687,0.000019506,0.000015619,0.000018545,0.000032841,a26e8e2d1067d8f7e827182333d6abe995dfddc927d8065e5892ef18a84e19fe
2911,1764562608.7824883,0.000021349,0.000014437,0.000041136,0.000015168,0.000019236,0.000032621,0313b2456d0ef44e83e467d7a26ed4c559e06c6b2121a10661eec0c3bc18acbb
2912,1764562608.7842462,0.000043390,0.000029956,0.000021910,0.000016680,0.000022130,0.000038582,cd08324a6f15dc72a7a28e99000b756ae3e3a2477d7c3f55c3671b581c6a069f
2913,1764562608.7855992,0.000022953,0.000014898,0.000024425,0.000019726,0.000029805,0.000048870,082d29af55a55f2f90328a9bbb66b5d59c4f72c09b0e0dcffe0689bc88ec6535
2914,1764562608.7869747,0.000022682,0.000015439,0.000021921,0.000023203,0.000032500,0.000043510,fdaa86a58146f4a65e8d20a45d8f316a139a93eb617bfcb7c0dc2d96dbceaadd
2915,1764562608.7883656,0.000022321,0.000015910,0.000021120,0.000022722,0.000029925,0.000048380,a7b52b7c4162872f7c4b037adf49ac87ba4782b2bb5372b364992fa4ee671fc9
2916,1764562608.7896504,0.000021850,0.000015780,0.000020298,0.000020287,0.000028603,0.000045103,974b86bc3651e1d0e4da9073c11e99cdc9e9267b8944f864f6ca91b019c7ccd4
2917,1764562608.7911885,0.000021670,0.000014757,0.000050002,0.000022121,0.000025918,0.000049832,bf8a9fc61180ce3caf1c049628ce3c906d5ea364207a2050d84b8b48a70e2d3f
2918,1764562608.7935987,0.000052818,0.000039002,0.000045875,0.000025056,0.000045343,0.000057847,61afb93f5ce088d9f666e9ad5254e451447c8a2be895e5bd69f2f80def48f3bb
2919,1764562608.795288,0.000028823,0.000016090,0.000029986,0.000019937,0.000028743,0.000039483,7ab8e790e81140d3c8a4bee5d2a0cf36b970bdc9c89188a686ba93402bb5dfc8
2920,1764562608.7968023,0.000031759,0.000023934,0.000021980,0.000018153,0.000032690,0.000043631,ff256a47c3c243d8900dd6bd57ea2ebb49cd6dea62990ce3f51ec7512101b7f3
2921,1764562608.7979622,0.000021610,0.000015299,0.000020228,0.000015799,0.000019356,0.000033482,5ab2154d6dee26d910ae34b4c5fdca62ef4e827f5df914d02dc53a901f1db3c9
2922,1764562608.7990537,0.000021189,0.000014738,0.000019857,0.000015699,0.000020147,0.000034284,50e1ac2a1c9756f9ce69bff42d38aee368c2413303e75155e7419d79e0aa5315
2923,1764562608.800129,0.000019776,0.000014377,0.000019266,0.000015819,0.000019225,0.000038150,b6b7bf83ab5aca0d2b4516638e20a54ba4e70502d5c6804802a3f2d4c994677c
2924,1764562608.8016727,0.000020658,0.000014728,0.000038501,0.000022832,0.000036207,0.000060332,8d16076e9e0a99e15ccc7defa11ed4699459a840cccf8d37f5d041ab4eedc54d
2925,1764562608.8040667,0.000035395,0.000026289,0.000077574,0.000025067,0.000046376,0.000103111,292aa1f5ecca4cd2f3ccfdc49393f21fe7c9c1b8deb3d1a2a5904365466b369e
2926,1764562608.8058243,0.000028502,0.000016942,0.000025598,0.000026539,0.000042018,0.000051005,0e44ac75cdd0a65712344b8361bd4d664d4c0cf3186958a54aacfb39b30bf2d1
2927,1764562608.8072784,0.000024044,0.000015368,0.000021680,0.000024175,0.000033221,0.000046446,64d9884ae735a836db4f364a4ffb35dd84a916f40db8e97fe16ee693fd236464
2928,1764562608.8092291,0.000025216,0.000015960,0.000042989,0.000036007,0.000048119,0.000080449,3639961ba3816df384795f7bccc3c8e295bbe1c8f4c80078e7f9632584170c9c
2929,1764562608.810644,0.000024466,0.000015488,0.000020568,0.000018495,0.000029424,0.000038201,405ee9a719732e9896767b5fb27d32fc3a19327f7e3d0f646d33a61427881603
2930,1764562608.8117797,0.000021019,0.000015128,0.000020237,0.000016300,0.000020107,0.000034504,efa5bb7d2229aa925f7fe59d5526fd7dba01967ec57738b6407ba0f2e5e56505
2931,1764562608.8134165,0.000021670,0.000014867,0.000054380,0.000021540,0.000040515,0.000046776,68f92e5e4d4165f0372dce4c72513c28657081f4655184678a8898c1d509f1b1
2932,1764562608.816299,0.000046215,0.000029324,0.000057917,0.000027411,0.000080118,0.000119311,968d08a042ef9e3bf55c0ffae9bf7652981cd3dcd98bf1cd6350e755755880b6
2933,1764562608.8182569,0.000027141,0.000016220,0.000026820,0.000024375,0.000045003,0.000067274,ca7e5515aaf5e2128ae0b8763cd617ed8a9ba5f70e5c19b2d72560bb20aae6fb
2934,1764562608.8202336,0.000028963,0.000017893,0.000046486,0.000024715,0.000043320,0.000071572,2edc758cb0298117395a3e2dcdbe7a92db6f9884e09e42a52e8f2e18fde55377
2935,1764562608.8225415,0.000043871,0.000027732,0.000083875,0.000020387,0.000035175,0.000047939,536e75d2043d4276a93760aebdfcbe976d15759e1e3b0c1f3f6defffa8581430
2936,1764562608.8245916,0.000060472,0.000034083,0.000030637,0.000028443,0.000045434,0.000059910,63c36c455a2361e02b47f856cf30ec87f0ff6f345e71bd486caaa64d7f45814f
2937,1764562608.8266616,0.000027371,0.000016030,0.000029003,0.000026058,0.000073325,0.000066593,b6f4c03d38a2a86db941ecf7edd96e784025bf2139cc0f465c76ca3d0cc5662c
2938,1764562608.8291163,0.000032370,0.000018053,0.000052808,0.000042658,0.000060261,0.000102759,900bf17239692cf35763c38fb82ccb88d1882ba6b83631a70bb7b0ac14e50889
2939,1764562608.8315172,0.000034544,0.000016711,0.000071492,0.000043330,0.000062866,0.000081941,e6b37ccff6aca471ceb88a3d32432f0b44069c7738c50e07bdd06c6b4edfb9e3
2940,1764562608.833791,0.000035746,0.000017272,0.000047608,0.000038672,0.000062415,0.000087963,2818653110bb1459d8b60bee263fa9a2b87097c08193c9c9aad0eb63ef5695ae
2941,1764562608.836921,0.000040525,0.000017112,0.000047899,0.000044683,0.000087792,0.000145088,3fdfdd24cd0f2be259ade00af03ba12bd61d078e4c80ef2544ab9dd751a82aa7
2942,1764562608.8389149,0.000029304,0.000016030,0.000030907,0.000025087,0.000054891,0.000072875,314d8fb74ebd5d9af1ee00e08435a9a7ab7cdcc2cfcb11281f4cff354526fed8
2943,1764562608.840491,0.000024114,0.000015899,0.000032210,0.000019586,0.000036597,0.000056845,750e304a92e9de6323d881e65ca7b698c1188615380e21f37155a272ca1208b1
2944,1764562608.8422236,0.000029555,0.000017702,0.000028142,0.000023053,0.000042779,0.000058978,c1b3708b5d22fe7bc586fb164a358c144c766d6439b27e9ecdaea1203f21bfbb
2945,1764562608.84437,0.000032450,0.000017713,0.000035646,0.000030166,0.000058458,0.000086630,dcc7ca89c8684c5defd923410351f96622fd1a3b0f1694b1ebee234d274e1f5a
2946,1764562608.847214,0.000035085,0.000017623,0.000069258,0.000033832,0.000070551,0.000073826,926c1ebe611e2ac0a170a9cc9e93751073a43fa28c4fe701c81410ba941fd541
2947,1764562608.8498561,0.000049602,0.000031448,0.000026870,0.000044122,0.000076982,0.000099494,474a22cd58cd6ec2507b1c8b0e4a9bcc4f1ae77fd73a3e6e2fc87802110f8539
2948,1764562608.851359,0.000025547,0.000016120,0.000022842,0.000018334,0.000028602,0.000038711,68ddb91fac9b6f6d58f574971764130152782f9989ff23976e621f3001e803ee
2949,1764562608.852635,0.000023213,0.000015749,0.000024245,0.000016942,0.000026509,0.000038822,70fd81ebdfd067f44e3153e2bd2e035dac6d6553755e9ae19a82d1d8da1dfede
2950,1764562608.8537903,0.000023403,0.000015309,0.000020488,0.000016280,0.000020798,0.000034915,2b2657ac7a1ab66e5f2045709e62df5860db30ca58ebcab8864b753769cb36bf
2951,1764562608.8550994,0.000021790,0.000015017,0.000040124,0.000017362,0.000026589,0.000036417,efe702e1e427834e8a861d21a4d3f102cc8f35fb4e8a40f7c605c2aa28c48da5
2952,1764562608.8566837,0.000033793,0.000025637,0.000022983,0.000019386,0.000028543,0.000043280,ee7ff90c5c3d50e6e4eddad6da3417e8f4a692715e041b2bbec541306edfd93f
2953,1764562608.8582125,0.000052637,0.000016330,0.000036247,0.000018604,0.000025607,0.000037780,f231f5aa19c8c1a441c10e467ffc03fca59ac8f6ac4b5177d0f64fe062c4601d
2954,1764562608.8600562,0.000035906,0.000019946,0.000040454,0.000023383,0.000036588,0.000053339,1b90eeca6c71ab29ae9a71d4a02d36d10763df91233202f124fed0052624f0e4
2955,1764562608.861634,0.000030927,0.000016059,0.000027080,0.000021730,0.000035846,0.000056624,75baf2161e669039f1c8075b2d81949d4d97013f6f1df9f7ac9e7c6bc830e72c
2956,1764562608.8629072,0.000023443,0.000015589,0.000020558,0.000018344,0.000025798,0.000038181,ee7f561789c6ded807595db3d636c83b40339ecf45838c95ed7da456db66a0a9
2957,1764562608.864042,0.000020718,0.000014988,0.000027742,0.000015759,0.000021470,0.000032881,5927cd1df31308ed92215c35ab147e374f25fd2f7e4279a68be40f57b26ae1a0
2958,1764562608.8654408,0.000022221,0.000014747,0.000019916,0.000017532,0.000031969,0.000036037,f89f10bf26be0e54f3f60e7ab1780163cb2274dbf081c5b28799c0f5ca8a5b3d
2959,1764562608.866552,0.000020098,0.000014387,0.000020327,0.000016260,0.000020568,0.000033371,4f37e48835336ff81810ddd73982eb3a9cb110ccd91912f8ef97d2564cc1057c
2960,1764562608.8676925,0.000022261,0.000015058,0.000020527,0.000016971,0.000020888,0.000034454,e6aed59c3b4db6166ec4ffbe18432f56a1fc76fcf640a13ff80fc6f30b52316e
2961,1764562608.8691993,0.000022181,0.000017953,0.000024035,0.000021169,0.000026719,0.000047608,ba1599a8c9fb9eca158813c1f9b05c86df8e337ac6690c7a61e1bc3f087f732e
2962,1764562608.8703687,0.000021960,0.000014617,0.000019175,0.000016430,0.000022922,0.000036397,83aadcf5f0c7795c11707fd7c96d4bfb8758f094109b7699f8b6e09fe99a4e46
2963,1764562608.8714437,0.000019686,0.000014156,0.000019446,0.000015849,0.000019125,0.000033451,76f7a2e6f03d2085226f6a012ba0e7e8748d84e6b29b62806ff0d6753ab8945f
2964,1764562608.872527,0.000020398,0.000014487,0.000021109,0.000016681,0.000019616,0.000033492,30f32ceb9b5b54232397c2b11448c0961b7e927675a9acb88a6797e2362fe6c8
2965,1764562608.8736632,0.000020779,0.000014878,0.000019255,0.000015619,0.000019857,0.000034424,bd8f45da40d2eb63820e7bcab5e9a9c929780a4a0ec735749ca8fe2093b9c246
2966,1764562608.8747241,0.000019857,0.000014988,0.000019115,0.000015749,0.000018825,0.000032781,f9441d87b458e06037a20f6c742bc836097934e5d8f157c304364d6f138531a4
2967,1764562608.8758059,0.000020127,0.000015118,0.000020268,0.000015499,0.000018624,0.000040235,8cd6bd9b99e8609eb5f2fb3a0110fd3d19c01005666d3a0b5571cf37e1e039b2
2968,1764562608.8769836,0.000020428,0.000014486,0.000029925,0.000016210,0.000021360,0.000035576,785d900552d6f62773615738e5dee5b4a9cb6d52e25a6c01b83fbd00cafd9bf6
2969,1764562608.8784027,0.000027852,0.000018594,0.000024546,0.000016981,0.000025648,0.000038341,93ec5672165e10911585f50d8401b7fdfa4924701152c73efa7758b4c5351b62
2970,1764562608.879681,0.000021821,0.000014888,0.000026148,0.000018344,0.000026238,0.000038541,c131a96526f3d2a03a531350d97ab3f90749b418c3122ebcd55870b006c3e1eb
2971,1764562608.8814752,0.000023062,0.000070680,0.000022081,0.000017863,0.000028102,0.000038451,d1cf9a502480105f0e5400e4c7e258144d6f6ccc4c05dfbb71dfc16ad6ab7e14
2972,1764562608.8830483,0.000021910,0.000015108,0.000022953,0.000022411,0.000037570,0.000057356,264b14c51e4ea788a3db4839b8c23820dd12a8c60c69667023d1d876de4e24cf
2973,1764562608.884591,0.000021650,0.000014687,0.000029875,0.000018264,0.000030507,0.000043892,d3f3afb4c9cb0a06328a196aa9aba92d0ba3ec785933a653c71ecf7e9330efb5
2974,1764562608.9081504,0.000028132,0.000016080,0.000082272,0.000041086,0.000069819,0.000103792,d008621b3b1636d3b8bda2490d612e82a290549273ec368109697fc3f9b2c786
2975,1764562608.9104898,0.000037820,0.000018304,0.000025176,0.000038320,0.000113389,0.000141221,06301b4af01093bcf258175b77ab1f333bddaebb4b540b9a9fcc7b6b29f3e620
2976,1764562608.9123435,0.000029404,0.000017212,0.000020859,0.000023925,0.000038842,0.000051365,9d2f8f31d2ac49d460961f49c44666ce8ad849ed3f3a9b006225d04422e9009e
2977,1764562608.9134765,0.000021369,0.000014526,0.000019296,0.000016260,0.000021560,0.000033562,589ec9c6498677a231b5913f6a0c57970027a0b179eec5c983a37c261369363e
2978,1764562608.9145513,0.000020278,0.000014577,0.000019456,0.000015248,0.000018945,0.000032810,7cc93a1ce69ac887d11d03aa25f82b1be1871b6407b02a2b586c70c3d50cea1a
2979,1764562608.9156413,0.000020818,0.000014677,0.000019145,0.000015809,0.000018945,0.000032651,d48d7e703ce0f70b1c4c315bb1839a164668599406c31cf013f7f00e439a2578
2980,1764562608.916726,0.000019566,0.000014337,0.000021560,0.000015158,0.000018935,0.000032400,830e052c907dd8c200034c3b8b2bbaa36d1ac1f5226967abb2f29d894ced5de0
2981,1764562608.9178658,0.000021690,0.000015138,0.000021500,0.000015508,0.000019816,0.000034754,2e13d7bf7b3b60c8a4efe8c46bd928872cc9fa34b990d8556b952cb4282c9a05
2982,1764562608.9192002,0.000023924,0.000022150,0.000020047,0.000017703,0.000029114,0.000057156,c4695b269a26bbd47c8277ce79526f475a9b878b508c0502e0d25390f4c72f1d
2983,1764562608.920361,0.000020407,0.000014677,0.000021810,0.000016320,0.000021740,0.000035886,59db21c0d9403e898478cc32ca3f43ae9350b72ee3f4ecb310e1824286740b47
2984,1764562608.9218156,0.000023673,0.000015128,0.000027211,0.000018645,0.000029244,0.000041416,8c2f3f1e0fc0ef5cc7c90dd620219dcc390127202e020bd09851630947289cc2
2985,1764562608.9232364,0.000023763,0.000015248,0.000023313,0.000018665,0.000033472,0.000043170,549244bfdb42f277bcdd52594ad8e0161038d55b360fee23073e58527537e806
2986,1764562608.9245503,0.000022692,0.000014998,0.000024696,0.000019075,0.000025587,0.000042929,c5e92288b529d937988a2487c239d9ceb998cdbb1b9d1656fecb97fcd7f4ef65
2987,1764562608.9265125,0.000023273,0.000015529,0.000024766,0.000040745,0.000066613,0.000089475,b7cdbe1910729bd6d953ba6367f7069ba025a0c2dca8c1be8e9ad8cd31e0ac70
2988,1764562608.928003,0.000026279,0.000015499,0.000028012,0.000020649,0.000031047,0.000044823,9c5673321a5f248142551feeb8883c87c593ee2f59bed5d04f0eb0e91b9b32c2
2989,1764562608.929846,0.000023633,0.000015569,0.000025768,0.000035576,0.000049472,0.000073475,4f06f5f42a1b4ade50116913e932a039801c4449187f92ab297d863b1ad6eb49
2990,1764562608.931681,0.000023233,0.000015649,0.000029985,0.000022802,0.000046005,0.000067945,cb38943a8ee3a7eb93dd15b8c90242518e10b21f278efeac7db86edf68c0db74
2991,1764562608.932973,0.000027420,0.000016390,0.000022161,0.000017132,0.000023092,0.000040034,d3636a9c59645ae6bfa0443ea8e4946879d6b3198623fc8e10b93413f35c9e33
2992,1764562608.9343686,0.000022602,0.000015228,0.000039654,0.000017783,0.000025026,0.000037599,20ad65af9a4b7c1a7562855eccb2b7339d242942aad4da7d7f1a8e91f6f29cbb
2993,1764562608.9357903,0.000027140,0.000015468,0.000020598,0.000017522,0.000025978,0.000040134,da859ac631e1af6761a96488f76d03fe7f3a59397fbbfdafb0d58fc6edeb35a8
2994,1764562608.937403,0.000031127,0.000025678,0.000025247,0.000018034,0.000029184,0.000044252,11ae8cb5afed4f5d8b5918dfd2cce40ec02f083dbed9a60c5f3464f8fe063883
2995,1764562608.9387171,0.000022451,0.000014507,0.000019285,0.000017312,0.000024315,0.000034524,84920fdf2f39da1b4cf43b70b6cb6da64104f80bf0062279609cfab8f3c98aee
2996,1764562608.9399128,0.000020397,0.000015078,0.000023032,0.000018083,0.000023133,0.000035325,1403ff05275da67f7c085ca27a28ceed0f5ee324ce50afaf5752106ad95a2f85
2997,1764562608.941049,0.000022882,0.000014557,0.000021519,0.000016711,0.000021329,0.000033612,8553170eadb550785f1603b82f3d4789ca4998ec8788c100a12c60c74d99accb
2998,1764562608.9422393,0.000021901,0.000014687,0.000021109,0.000015810,0.000019275,0.000033092,b52640aee58a776596a8de7cee3b8c8ed52d73d65e35f55c798a6b0fc9a077b2
2999,1764562608.9434614,0.000026479,0.000016130,0.000021950,0.000016030,0.000023343,0.000039312,134cfa3a4c76ca64040618e7a2ba23c50fbd04d45e8451599e06a8c72d21c3be
3000,1764562608.9445896,0.000022381,0.000014577,0.000021039,0.000016210,0.000019867,0.000034043,5ebf7245577a0612e40b8958024cec3409a0234334674311f1f260c05d806645
3001,1764562608.9458854,0.000020658,0.000014497,0.000032059,0.000018223,0.000029504,0.000039163,322d7430be71e1b45b9e38666c709d58dec9a502ff04002220a02be73b61a62c
3002,1764562608.9470215,0.000022472,0.000014377,0.000020619,0.000015909,0.000021219,0.000034844,70d187f95a21f7ff44f9fcbcfa38f32a2b44572802e441cee4ec1795333c9c07
3003,1764562608.9482014,0.000025507,0.000021629,0.000019987,0.000016270,0.000019196,0.000034353,472f9319ac4000703b9a65df8b1f614e6a0cfeb6353ef17578778d668f4661d3
3004,1764562608.949321,0.000019967,0.000014367,0.000021780,0.000016210,0.000019376,0.000032610,e620a8b4c633b0e9bc4bc6c6b15b6edc15ea3acae853a142eddf026cb56be587
3005,1764562608.9504218,0.000020819,0.000014337,0.000020658,0.000015689,0.000020147,0.000034484,7a04b52d3ef457f3a2999d718fb7662a1e3a05894f3f143da1ed91dda0a164b5
3006,1764562608.9515893,0.000027862,0.000018665,0.000022672,0.000015859,0.000020879,0.000035756,beea10fdf0062a17f503c2f095bbaea5407815b9738bbb23b5387b3a13c3aa91
3007,1764562608.9529617,0.000020638,0.000014777,0.000026179,0.000017723,0.000023253,0.000036127,06e29577bea26f9bf8bf1dcf6c67a83702c3613fa91c36bbbd9c6ddf97db5477
3008,1764562608.954466,0.000022482,0.000015108,0.000021851,0.000033121,0.000033813,0.000067154,2b6704dfbf492af72f56515e3a381c54b96655e875b3695377a0ed73384686da
3009,1764562608.9556756,0.000021249,0.000014918,0.000020177,0.000016720,0.000023774,0.000035065,e710c3ff169777c8d59c6cc7db174e1547020699b03afc5ed3790690f1120d12
3010,1764562608.9568062,0.000022081,0.000014487,0.000019385,0.000016310,0.000019717,0.000032761,20bdf2befbd0acadbe9e6ee7b50e7e7560c87877a0c9caf477e23ad5b6ccc0f7
3011,1764562608.9579434,0.000020969,0.000014547,0.000019937,0.000016129,0.000021229,0.000032921,21e05c66cd386ae0408626f8e3ed8fa8c03434d5d03122b9f4a0fa20d2ba9ae6
3012,1764562608.9590886,0.000020228,0.000015078,0.000022742,0.000015929,0.000020117,0.000039333,fd431eb0c923869d2837ae2ec6b1a5d1129de7bb4aa67326dae451fa9d6a477c
3013,1764562608.9602675,0.000021720,0.000014958,0.000020848,0.000016571,0.000029705,0.000036147,855748173606f4d11aec49f16b58d39c8eb087560b2617fb496b1184716609bb
3014,1764562608.9617164,0.000027491,0.000021069,0.000024255,0.000018344,0.000030126,0.000060391,ce9196b8b1ab54ccc7b7b6081851d97d45214ff45cbd7bb03548058bd1af260e
3015,1764562608.9630556,0.000024055,0.000016961,0.000025528,0.000017823,0.000027221,0.000041667,83b09245d5bbf7cb54625a757ff63915cceb7641ea9768e4072a885c6f80e581
3016,1764562608.9646218,0.000023283,0.000016431,0.000030747,0.000019646,0.000038401,0.000056224,8d6193defe965fde015252bd763c8fa4345aa4ed0707389f4fc441b78809b03a
3017,1764562608.9663088,0.000024926,0.000016490,0.000037649,0.000021720,0.000033161,0.000053299,e1ccbf60e74ca04dac7a9a86d01f102c58fd07eb2465d601a6667d6afefdfc74
3018,1764562608.9681227,0.000027210,0.000015408,0.000030076,0.000025517,0.000055242,0.000068516,a4101e00590f6fff6d7985a2100c8ec852627b50f125e2e3d6f471e0139d5bdc
3019,1764562608.9695635,0.000024054,0.000015288,0.000028382,0.000018594,0.000029424,0.000046105,1eee8bb4625931c4c7dbc6368ef76d7a9d274a042165166ec79c3240a0ba77a7
3020,1764562608.9713843,0.000024816,0.000015468,0.000042098,0.000020818,0.000036808,0.000053690,eaf4090f655b0114ee1c2a41a5da8c15444b07a9741c4fd1c56b222dafc9aff5
3021,1764562608.9733243,0.000028012,0.000015599,0.000036938,0.000030627,0.000051465,0.000070731,214955e4f084d24049a10291bed3cde959b0b77446a6f4ce50b4106f705e3324
3022,1764562608.9753351,0.000029374,0.000016841,0.000027611,0.000024976,0.000052427,0.000076401,b59106141afaf265338b1e60d1590b924c37beb59c6a44c146ae2b18b78a95cb
3023,1764562608.97685,0.000029915,0.000019246,0.000029264,0.000017883,0.000029434,0.000040174,7733fafd0c594949377889e8c48092981ebec52a87b31cc700c8e5d17c60eb7a
3024,1764562608.978201,0.000024916,0.000015859,0.000021339,0.000018344,0.000026700,0.000037730,10b70f8f36215a07691e0e30c4dc61d6c42026d722e553b23185bf250446056d
3025,1764562608.9793947,0.000025698,0.000015790,0.000020447,0.000016680,0.000020728,0.000033562,dd7513ecd550337efc9990616c0b5d5ea2b7ade905e2d27d209c70a80731dc91
3026,1764562608.9805143,0.000021911,0.000014668,0.000019847,0.000016210,0.000020137,0.000034293,5f90d65bc6f599c89765bb9472f73505f42e6a085a0b9a7506055969da99a312
3027,1764562608.9818,0.000020648,0.000015048,0.000024385,0.000019145,0.000028312,0.000037630,c018c18e3b8c8c45ce7e06b52c61a836cd2af4bb2298eafdc4b03f0299344fa0
3028,1764562608.983705,0.000022331,0.000014717,0.000058047,0.000020578,0.000035405,0.000046045,7c9e57cb940d382bcd92754bbd22d905629f18677348cb8d3f6c2131fdaab4f8
3029,1764562608.986167,0.000049121,0.000024896,0.000038310,0.000028853,0.000067905,0.000092151,b77149a8e86c485924e6c6efd1ce5debeda6fc16688431d45ddfdb37ce3baeca
3030,1764562608.988183,0.000042659,0.000030587,0.000021420,0.000032680,0.000043440,0.000072284,b6315c708152096ee75f968ee235c55fb56aa2792dece3dca1cab536bbb54b76
3031,1764562608.9894881,0.000021240,0.000014718,0.000027551,0.000017202,0.000023724,0.000036237,16580ca7ce44dd65368b2e8e5f47c1cdc67c632a3312977411ab699744228eec
3032,1764562608.9913502,0.000031908,0.000017582,0.000041487,0.000023915,0.000035996,0.000059369,5be5ab17141cc3b113e7813be6b872da6f37b7ef38e3a7835c25d4b30bc3842d
3033,1764562608.994073,0.000030997,0.000023133,0.000053739,0.000041697,0.000073676,0.000105915,4176f6d0c218ae9d688c4460240dd04cc52959cea5f68425a690cced7db467e4
3034,1764562608.9960039,0.000034564,0.000016360,0.000028412,0.000028542,0.000045755,0.000083333,3519e6d7622defa470eeb4d27b5285964b0512e7af018d3bc35d280afa7fc87c
3035,1764562608.9978263,0.000031929,0.000021710,0.000026590,0.000022982,0.000034193,0.000050293,cb92cde6c650c1e14bdb08ef16bd0aacfd91557c4c0e4beec47c22546ad7759e
3036,1764562608.999137,0.000025477,0.000015619,0.000021731,0.000017903,0.000024986,0.000035605,5006793a79a21440ce1033fea66e9daec95370f70eb5713667c4db20a0727bc8
3037,1764562609.0003626,0.000022502,0.000015138,0.000020808,0.000016630,0.000022341,0.000036668,63859259e2c3c240799b22b5f07217e64e35465c782079c1cfb28ee6548f0f47
3038,1764562609.0016174,0.000021199,0.000019676,0.000020979,0.000020217,0.000022231,0.000036888,d681088cabd506f2a3e663d15da582e5fd6ef52bc500699f45012cb81f8d6d7d
3039,1764562609.002799,0.000021640,0.000014697,0.000022491,0.000016270,0.000021740,0.000034144,3c3769114b5649d5bb1a10214bc42fcd877126e70df6f211ebd8cebf56680af8
3040,1764562609.004771,0.000029143,0.000024185,0.000025728,0.000037840,0.000062455,0.000076271,40259e5f8106ae5304a249c1eb4d9900ce95edf74f7694140cff5e4e896ea639
3041,1764562609.0061796,0.000030907,0.000018564,0.000020788,0.000017302,0.000023453,0.000039443,ca237dc3354025411867e028405a79c713ce9cc998aa36536aeed68945acdac0
3042,1764562609.0075352,0.000021670,0.000015138,0.000020227,0.000016701,0.000022542,0.000034503,442ec173c1fb9299004da1599a444243c41942042fe7166fbb58cc7955c4669e
3043,1764562609.0087948,0.000021280,0.000014417,0.000019696,0.000022522,0.000079447,0.000036518,e12341c82b191032742fe68d9fe12e0788be24625b256b49c50e0ffd053f044b
3044,1764562609.0104773,0.000023313,0.000014848,0.000020789,0.000032340,0.000042508,0.000074167,451c2e1f5c51f327d2a45cacf015d42e40dcbe0444e6f61a75b7e0ab7addeddc
3045,1764562609.0116706,0.000020548,0.000014827,0.000022561,0.000016701,0.000022852,0.000035135,1c350bb9733b7578337ef6cb54eab575f1ab522a2fc91b3ed3d6e133fe3c4eb3
3046,1764562609.013007,0.000025006,0.000022863,0.000020318,0.000022712,0.000028232,0.000038090,68a0b09641afa7df796370dfd9473e7d62e05905c2be114c7ebc747d62bc5812
3047,1764562609.014144,0.000021209,0.000014587,0.000021109,0.000015719,0.000020337,0.000033382,201054898aa1ce9cc23748c51c9e29acb362b9ddb7dc4d60e04504346dc3b3cc
3048,1764562609.015313,0.000021229,0.000014897,0.000020067,0.000017062,0.000026349,0.000041847,354e3af16d197d66074cc08e29cc5f2ff50a4f41d484d9d5ef829239103d5d22
3049,1764562609.0164313,0.000021510,0.000014537,0.000019706,0.000016109,0.000021891,0.000033472,6d768728840b702f1f57845f7a08df9c8da78a0955f56e772bb94e7b274c668b
3050,1764562609.0176346,0.000020698,0.000019165,0.000020999,0.000015689,0.000021109,0.000033381,38d42f183a40c9509576793a7ddc8b2f38af77fd9c24e8e7ff49afd462820387
3051,1764562609.0187776,0.000021349,0.000016671,0.000020658,0.000015719,0.000021029,0.000033943,94de6c4e99c2eac1ba3910324bf58aed61ef4486a6f133c27a6440948362e02c
3052,1764562609.0201309,0.000021409,0.000015088,0.000022281,0.000017041,0.000027921,0.000041807,fbf6d34878ff6b0525bcde5f2de430383337cdb2776a319875cf106aecab6c08
3053,1764562609.0212781,0.000021489,0.000015549,0.000019927,0.000016060,0.000020307,0.000033753,19fa3b960bd664c7b59e14fc9cafd07f100abdda02dc0a972aa4dd50b3af3282
3054,1764562609.0223634,0.000021630,0.000015188,0.000019056,0.000015668,0.000018844,0.000033021,0073cb57303196605812589cb454c73b35d0e6de3c0ea9127ed2e4828f2171eb
3055,1764562609.023454,0.000020689,0.000015238,0.000019606,0.000015869,0.000019767,0.000033732,edd601a1248e1b08677fe6262f09441b12dd956b0f6c014bd5e6538a850ee007
3056,1764562609.0245178,0.000020167,0.000014246,0.000018985,0.000015228,0.000019066,0.000032550,b49e5f63b0d0b0f07c976d74f13a6b3a52536bde21df150f40751e11940acff7
3057,1764562609.0256276,0.000020047,0.000014407,0.000020167,0.000015849,0.000019817,0.000032971,10588d3c800c56092499d2ca479010a57fc19349222f59a318a044c8c514bdbc
3058,1764562609.0268757,0.000020158,0.000014688,0.000029414,0.000018554,0.000024445,0.000037309,a4ac929f427d319689ecd0020713065e77a8c867b414cc738ae6c4310325946e
3059,1764562609.0281754,0.000021560,0.000014277,0.000028342,0.000018935,0.000028773,0.000047187,d084f27008926a33ea5e17fda80b702b9b06bc39b7474c893523ccb3e78a9224
3060,1764562609.0295613,0.000028563,0.000018314,0.000021740,0.000019396,0.000026509,0.000050714,1ea837feeecd33aac2be87a0543d6dc0439e1ff049cf1a5033aff62d58f63ed3
3061,1764562609.0307307,0.000020959,0.000014627,0.000019345,0.000017933,0.000022441,0.000035095,4566571c8decf6d2d9bd0f031edb1f10ea71319d86ce1698abf3e586b4815fb7
3062,1764562609.0318167,0.000020948,0.000016120,0.000019406,0.000015719,0.000021349,0.000032881,a8cec8d0611156da1321d758666fb29cfbce2e5a0bf4ee03389d6b9c494a683b
3063,1764562609.0328715,0.000020017,0.000014277,0.000023743,0.000015418,0.000018624,0.000032701,4023f36a56e8f085dc32b41d6c9cdfd6afc3eeb2e4a23b23570eca0c2ba5d37a
3064,1764562609.0340123,0.000020268,0.000014557,0.000019877,0.000015969,0.000020277,0.000034063,c3e8f186ad25dfb3f6eb340e758b84c05bd6bf890405ada3b295af2aac444edb
3065,1764562609.0352437,0.000026669,0.000016922,0.000019346,0.000035887,0.000025587,0.000039603,59b42b8dbcfdacb4f388898d522034b2ce4ba77537337afbf57532509d35ce46
3066,1764562609.036394,0.000020808,0.000014687,0.000028522,0.000016020,0.000020458,0.000034794,78ac36355394e68d3d9cafd22a88b98d28598645cb4ddd063d564aafa70b2624
3067,1764562609.0376382,0.000023984,0.000015258,0.000019677,0.000019766,0.000025256,0.000035596,9330ae1b8e8b7cc8eb5bf59a67074d1f348d822d2d75d80f2e927adc371aa20f
3068,1764562609.0387495,0.000020938,0.000015008,0.000019496,0.000016150,0.000020138,0.000033071,4d02657ed5fc8b49a440be74010255c7183b234ed813ca76a0deafb089a3072e
3069,1764562609.039844,0.000029745,0.000015218,0.000019586,0.000015479,0.000019656,0.000033491,bb4c644d35bc4a7abb60ec4ecc905446c03e79bb62d5589c72086867d587982d
3070,1764562609.0409083,0.000020337,0.000014116,0.000019446,0.000015949,0.000019516,0.000032880,1c2e179f87c8397542e7072f5c539d5c234f4417cf97a53f4b0fe1f5f8afcb3b
3071,1764562609.0420022,0.000020097,0.000014227,0.000019315,0.000019366,0.000023464,0.000033582,837b3a4c79f4c8bbfa76c56d412e62d54d6fdc3b91d4888d7bb44174635003d1
3072,1764562609.04319,0.000021510,0.000014627,0.000025046,0.000015889,0.000019145,0.000041807,982baa6ac991eb4c6498bf2faa07aff531d7e2c16aa8fe54b2af794cec142141
3073,1764562609.0443902,0.000024355,0.000015318,0.000021149,0.000016681,0.000023584,0.000034394,a3a7f459584f765593b12a0205b4cbe91920c6d6a6625272372f54d3ba50d115
3074,1764562609.0457652,0.000028572,0.000020197,0.000021730,0.000016961,0.000029284,0.000042418,e33f7846d698cd9eea9238ec5d93e67c07ffe6068d821f21f97e041f44e49057
3075,1764562609.046864,0.000021490,0.000014667,0.000019837,0.000015609,0.000020368,0.000033371,832637847c2d66fefec046343cc15970572b5ce762b71ad846225268191dfb56
3076,1764562609.0479467,0.000021530,0.000015028,0.000019376,0.000015589,0.000019476,0.000033011,2d90ed64ee78bec228e7ff9e2aeaf8a1d16178f893d567308080ad7f22687034
3077,1764562609.0489998,0.000020628,0.000014937,0.000018835,0.000015508,0.000018685,0.000032871,e8c171a9740d6a56ac5b76e2e3f0ba94acc245021283488763c32de98435bb9d
3078,1764562609.0500379,0.000019977,0.000014136,0.000019656,0.000015308,0.000018454,0.000032560,500e356f0166cf2bcdb5d5199f93507b9e2c2a54e1fac078adca19a09d621b6c
3079,1764562609.0511446,0.000020518,0.000014607,0.000019997,0.000015899,0.000019496,0.000042078,def4b694f2fab5a8d19ffc958c6283ae341572d082a6d6bd5cd2fe0128f72afb
3080,1764562609.0531023,0.000022782,0.000015378,0.000051485,0.000045814,0.000058478,0.000072133,9ec4c27946d23e0209f466dad99acba874dabded5e21001f7864ddaf8e37ebce
3081,1764562609.0551944,0.000030907,0.000028632,0.000027982,0.000026268,0.000050684,0.000088584,8064bd376d16c75a7bf67b86bd5efb2bf43464fe180d60e96cc8e6f6d95e6075
3082,1764562609.0564685,0.000027792,0.000015809,0.000019887,0.000016320,0.000021440,0.000034353,62ff21493eaf865bed331ee0cb83a7e2a85cf9b41dabff1f57ac8c84f07958fb
3083,1764562609.0575492,0.000020228,0.000015118,0.000019146,0.000015930,0.000019195,0.000032530,90f914642ee1d8bfc5d4270113e65306c5c5ce4b20edb48411c31ed419a543d5
3084,1764562609.058646,0.000020548,0.000014597,0.000020217,0.000015929,0.000018875,0.000032520,9cbf5ae35e60a3222bc49c0e7146460690793af4877c65de7ccb5ca4835819dc
3085,1764562609.060632,0.000020959,0.000015378,0.000031318,0.000043962,0.000047067,0.000090968,a2809d9efd43afd3c5a8b3ba0777fe744e46fa43e4d738290139bb4ad3a454ec
3086,1764562609.0619583,0.000025147,0.000015319,0.000022381,0.000017352,0.000024765,0.000037739,d3e7ffa4e214cdfb2953bca832f21aa3ad6daf63ce8b5f2a7f8a19124e64cf69
3087,1764562609.0631015,0.000032901,0.000014697,0.000019816,0.000015790,0.000019866,0.000034073,3e6668002af51b4f3153f1c3d1686afee7f5b2fd059568f246d66a1c84eeb1f4
3088,1764562609.06439,0.000020388,0.000014928,0.000026178,0.000018594,0.000025087,0.000038401,eb76dfc516d80dbafe3069e23bf9be2cdcf7d5669a20875bf7b936645b153399
3089,1764562609.065641,0.000022702,0.000014878,0.000052427,0.000016601,0.000022381,0.000034675,ffed7d5043c8fefd2c1cbba60a71ed36e47918e7fed58a399bbc3476ddc0865a
3090,1764562609.0669498,0.000023895,0.000015539,0.000022431,0.000017081,0.000023143,0.000040435,07ebb4e30c4637a683d40a0008a154feb35f1b6c706caff81515bd936a2da246
3091,1764562609.0683901,0.000021660,0.000015569,0.000038181,0.000019206,0.000025177,0.000048280,135aaa72e3d8e494ac33b07ea4e0ead793a8494181efe7b8b7c25cb3ab0d24cf
3092,1764562609.0701892,0.000026138,0.000015469,0.000021449,0.000036577,0.000047858,0.000073226,7195e9a8ac3d3bcdc12b8fed692ce310895df3a7bd5c5438f7350e018a64006d
3093,1764562609.0716374,0.000021500,0.000014617,0.000019526,0.000033432,0.000042969,0.000065771,1a2d30fd7ef5150f4f3e36885d4fe371fe118e6afaa2a5ff78cd78fda9fd0570
3094,1764562609.0730274,0.000020348,0.000014236,0.000019947,0.000025447,0.000040365,0.000034865,9c8e0b87ed243f370038fb041fabe0ea6e5ec5a7cad35110681ae2a48f9a8bc8
3095,1764562609.074162,0.000021409,0.000014417,0.000020659,0.000016711,0.000022081,0.000042519,aa65643ba3921e3083b050f92af377c2ce13dfdd70ad7c66e1ac3282d7aced49
3096,1764562609.0753524,0.000021109,0.000015018,0.000021119,0.000017513,0.000025727,0.000040775,6881ac9a6e3de8c7b1fedb402eeecffeb585f0e43bee5a5640a233b271882d08
3097,1764562609.0765407,0.000021730,0.000015218,0.000021359,0.000016801,0.000021840,0.000035054,0d28ad6fe14276db91cc5a6465bfb9368537604de82d29c7e9ce21457474e875
3098,1764562609.0777721,0.000022371,0.000015088,0.000023073,0.000016500,0.000020808,0.000041627,0a394ae4a3066c2d25e581d7ebdb7e5e9aa4b69afe1a8b7bcdab2c648e0003cc
3099,1764562609.0791626,0.000022732,0.000016320,0.000024636,0.000017202,0.000024215,0.000037890,ed87a5dc171bb7332f20fe5064bbeefa5554eea55eaebbb6373a8d44ccd7adeb
3100,1764562609.0803595,0.000024916,0.000015469,0.000020428,0.000016571,0.000022712,0.000035496,0d66ba7ebde18a02ce8ee3b9bd2a9a6e1f5089459f25febad6628349c69fe205
3101,1764562609.0814931,0.000022271,0.000015008,0.000020177,0.000016300,0.000020207,0.000034343,a31bab89a3bb13d05704d7f90953bf308f2cc7f4a784118d20a1bad18b6facb8
3102,1764562609.0826364,0.000020909,0.000014697,0.000020137,0.000019065,0.000023012,0.000042008,f3ae7f0a74e91c1067181af8cd97e4b1ee6acc53643da030f80453d74b59a0e6
3103,1764562609.0837898,0.000020527,0.000015078,0.000020858,0.000016460,0.000021770,0.000035636,df8db2b4f4682bcdeaad46b1b99b04a21090f99583ae449a817d0bff3eafd87f
3104,1764562609.0850058,0.000021710,0.000015679,0.000022091,0.000016280,0.000020488,0.000036287,fe219b1ac504ac93b0a27956088a0015a544fb7c5c84e0c854f6b24dc8b1c7bd
3105,1764562609.0864449,0.000021971,0.000015309,0.000044883,0.000017372,0.000022281,0.000042018,32aaa99d5dbcd1def1f5f3b6a7c8879b4a45918f67722554a5892a1eee79e70e
3106,1764562609.0879774,0.000046877,0.000031117,0.000021790,0.000016180,0.000021420,0.000037780,318ac26b8262f2e98fced8595deba8031160b270374e5c0a2bbef50bacd16376
3107,1764562609.0891132,0.000022031,0.000014727,0.000021038,0.000015950,0.000020227,0.000034013,6a50fbc3f768d3f613a37de2d551f84605a07294e5ab882edfc78fa0ec892b79
3108,1764562609.090299,0.000023253,0.000020027,0.000020378,0.000015889,0.000021711,0.000036538,5595f0bf1f33d99059407496c7fb946adcf8f2a2618fce643125152272fca84c
3109,1764562609.0915077,0.000020899,0.000019305,0.000021609,0.000016261,0.000019225,0.000033261,81368ecd2c4c00d2470e4372c57c4703b6c631b0407e8c8987c0bbbb83822eef
3110,1764562609.0926213,0.000022010,0.000014757,0.000020478,0.000015759,0.000020829,0.000033532,525d1b252cc6dfa02944a01f55d1144bc87c88d7fc6b5e74ff7227a09a3fbd99
3111,1764562609.093747,0.000020417,0.000015178,0.000022322,0.000015970,0.000022512,0.000034644,87f0d047748adce2aa9ef78607ec64a116ac828cf0f4056adf3e3d3b1feb2476
3112,1764562609.0950565,0.000027941,0.000017262,0.000020909,0.000018524,0.000028493,0.000045264,7b0fb98f5099bc27708ee71fc4a81b3e0649d55de968e157c4054e50852f43a7
3113,1764562609.0963051,0.000021570,0.000014617,0.000022732,0.000016921,0.000023263,0.000035946,2c949ecdbeab3775cf532956d91f4873122ddcbae9012329e2deea4596797d9c
3114,1764562609.0974476,0.000021961,0.000014897,0.000020989,0.000016150,0.000019526,0.000034634,7afb199502a74d1196f965753447784ece861847868c0d22cc5ac9854f23c0d4
3115,1764562609.0985863,0.000021470,0.000015098,0.000020358,0.000016431,0.000020167,0.000034844,971057afa0cf4bb6a0ca9f3269d9dddb62923fbcc2603b996fd75a926e5b3dd8
3116,1764562609.0996783,0.000020748,0.000014446,0.000020458,0.000015759,0.000019135,0.000033562,7ef72b5d5339b72a24deca66a951e19f1aa69df7a58ba84336a715e5eb88229b
3117,1764562609.1007886,0.000020638,0.000025487,0.000020418,0.000016260,0.000019246,0.000034233,7a54da0aa69e9187d36d67e1bfc1f97c68684e2be25b3e39f20934ffe6699ab2
3118,1764562609.1019359,0.000022040,0.000014356,0.000020347,0.000016391,0.000021509,0.000035045,c6e01c3da1c8fb3b695878b345f6ea8cec7065c1f517ac58e254e946010b114f
3119,1764562609.1031094,0.000020207,0.000014727,0.000026870,0.000016441,0.000021770,0.000035325,4a924c07341c5a383fbf3ed7036f53e83e7272270d18a532f50d7bd06d765aab
3120,1764562609.1044207,0.000027040,0.000018133,0.000023032,0.000016811,0.000022541,0.000035135,a3c03ed59c2c07d879fdecacbff3c3d7f31203b585eb6fe8fa0da00142318ab4
3121,1764562609.1055994,0.000022631,0.000014938,0.000021871,0.000016971,0.000022281,0.000034734,e44b349cd17570b32add6928c7869c98b33e7435b2c1aaf37f532464a0dd471a
3122,1764562609.106745,0.000021129,0.000014687,0.000021149,0.000015759,0.000020458,0.000034624,a300e3bde2981e4b4632624615275f5bf65fbbe645e2dd56a16a421623796b7e
3123,1764562609.107843,0.000022021,0.000014688,0.000019897,0.000015749,0.000019136,0.000033462,0d1c0f2fdeba85f8792e8759d8a0270c0cb8dde79855b3a21af0003f3849e3b5
3124,1764562609.1089246,0.000020508,0.000014667,0.000019856,0.000016009,0.000020037,0.000033983,c19cc015a480dbae8991673022c3596c0ed820a5e8a0e6694c99e93b93b40492
3125,1764562609.1100483,0.000019777,0.000014376,0.000021189,0.000015408,0.000020849,0.000041266,eb754e719eb9664d4f2e5c4213f4f8f4c96d53c9c199b90823ae9e6c2f1a0cea
3126,1764562609.1111732,0.000020779,0.000015078,0.000021610,0.000016160,0.000020878,0.000039824,85b5dcdc53b21c2a7ab4275e77dbfaefc431b2f4835ccbb2f7677e686026abf5
3127,1764562609.1124368,0.000025778,0.000021650,0.000020828,0.000016701,0.000020789,0.000038882,a39accff1f0584bdc2e9ceda939676109bd8c9b9dbd7365c73183d62014b4642
3128,1764562609.1136518,0.000020578,0.000014406,0.000021089,0.000017712,0.000023142,0.000036838,a2273e26a246c85ef96449df474819568812efd0626bef8bf284d4298ed68bd2
3129,1764562609.114895,0.000021810,0.000015128,0.000020859,0.000016310,0.000020327,0.000033512,f214daa1e5755c8e4c250f6b44938faa9f323834e82519f68a3c4dcb6ba37189
3130,1764562609.1160975,0.000020959,0.000015088,0.000020678,0.000022261,0.000063808,0.000033822,1887a80daf37b916e55f94b10500ab10f49e0ea68545e68960b553536a39cfcb
3131,1764562609.1173072,0.000020548,0.000014828,0.000021109,0.000019687,0.000027000,0.000034865,17d69f805fa989c7d8c21a403df317070cd83971cee843377f1364bace46a574
3132,1764562609.1184797,0.000021139,0.000014827,0.000024826,0.000018595,0.000026058,0.000034924,a0863f3a5b7d6d3f9b8ff7105ce43bdfc32dfc699fced5a677b6a68b25ef7d42
3133,1764562609.1198227,0.000022001,0.000015027,0.000023013,0.000022481,0.000029976,0.000041296,e9c3b3ef033c3acc16ea809c1318405abe8d64d8d110f9f332f466b0ad4f161e
3134,1764562609.1211994,0.000026328,0.000016180,0.000022030,0.000016741,0.000025227,0.000042909,c4cd721569abcde5742c4eb4dfb75eeca2936b90464536b35a222b910df9579c
3135,1764562609.1226325,0.000022652,0.000015318,0.000040815,0.000016861,0.000021660,0.000034364,91d2378ac8d3fd5f5b4ffe1b46675a0203ae7048d212dfd93573574b5e8bdc73
3136,1764562609.1239579,0.000040725,0.000030547,0.000020128,0.000016099,0.000019786,0.000032910,03e1206f907659921558644139970563315be9917e39cd9514b7303ca75db679
3137,1764562609.125048,0.000020658,0.000014477,0.000019877,0.000015639,0.000019085,0.000032319,af7b1b9aeacad5955977a7de3ad5d5950d49d418ee5f94cc4b62e93d10078a27
3138,1764562609.1262946,0.000020558,0.000014456,0.000024496,0.000016290,0.000027320,0.000035926,50f57c57282c8f08c12ec11b81948f32389f3a298d0894b132c1f9e22e440473
3139,1764562609.127623,0.000025657,0.000020127,0.000023974,0.000016992,0.000025437,0.000036618,5e7922ca61c9f139167242ce1e3c2a9ff91a015b957a20d67ed22c011c01aa6a
3140,1764562609.12898,0.000022451,0.000015108,0.000024184,0.000018414,0.000028843,0.000045574,cf2aa08fd1ef70cc53ee0d85866c6ec858f14c4060a968ca357f81ebf2054cae
3141,1764562609.1305733,0.000040595,0.000029344,0.000019726,0.000016270,0.000022782,0.000034854,b7917108b8352ecd1869ae6a5d403c48a8434394a45fd9ad7ea92c34b531c203
3142,1764562609.1316705,0.000020959,0.000014838,0.000019466,0.000016140,0.000020809,0.000033342,7e79e2e8eeb6d9d6d295a316035d8574cb4f693abe31faca67a40f362fe82c94
3143,1764562609.132733,0.000020208,0.000014467,0.000019316,0.000015458,0.000019095,0.000032820,753a1dbd3348e97a003a1059890a47e901f9c4993ac22d2100a144b94a40a969
3144,1764562609.1337862,0.000020488,0.000014978,0.000019246,0.000015208,0.000018595,0.000032641,3ea68112b9e72cd25f401fc80962641fd3c89ef2ff9bff3725f933800fa8aadc
3145,1764562609.1350808,0.000020859,0.000014737,0.000025838,0.000017191,0.000026338,0.000038180,30d773cc892b0ef6c4e6fccaedc6b221addb24589c8f0bef3adca80818cb3996
3146,1764562609.136445,0.000021540,0.000014818,0.000028723,0.000018494,0.000026199,0.000037249,603494b930498a5ebffdab0afb066a7b946160f937004a413d46e1036893e62f
3147,1764562609.1378355,0.000025236,0.000014757,0.000023033,0.000017211,0.000026940,0.000037529,4c254614fb7b11e1f32a6b9066d5f5571f9771ac3015a8db18e15608faf4fe18
3148,1764562609.139052,0.000024625,0.000019086,0.000020497,0.000016841,0.000020708,0.000035175,8cbc08cda0c0f10555eacf3c85cb2ae9229a3963cd717ea6787439a3240aa0f5
3149,1764562609.1401608,0.000021961,0.000015428,0.000020157,0.000015759,0.000019917,0.000033181,703b17f9cef8fa9a9f423cce79496d615b2c9882928ea8aec7b4ec236c1d4c25
3150,1764562609.1412382,0.000022101,0.000014798,0.000019757,0.000015769,0.000019426,0.000032941,9a896d6bae02b2357cb3ed4d44b3d41c2c226bdb2237ff86181d69411241e398
3151,1764562609.1423965,0.000020658,0.000014767,0.000020007,0.000015729,0.000019435,0.000033021,b9d36f3c627f32aca1cf7cbf614a8e4622c9c999cebdd8bb98b2e2bb3d238309
3152,1764562609.1436017,0.000021690,0.000014657,0.000020498,0.000016851,0.000022151,0.000036968,af4cac761a3e2a6b5601d4d5275df346b2e6dd9eb259b93bcb7703c8967eca19
3153,1764562609.1446903,0.000020808,0.000014467,0.000020909,0.000015920,0.000021349,0.000033922,3712b0af6662170bed7f2cd12d8d7ea99ad04951edf72bf0022c207161850836
3154,1764562609.1460671,0.000020768,0.000020588,0.000021680,0.000019616,0.000030266,0.000047458,d9add44d1189d18aec9411ca68781e5cfa240b870626f1f60e2f0da3ae1d5d85
3155,1764562609.1472096,0.000021109,0.000015088,0.000019376,0.000027311,0.000021550,0.000033782,c005f9652e77673985b41886e317f2a81e610afba5f34272569603e0a7110774
3156,1764562609.1483018,0.000021620,0.000014407,0.000021961,0.000016039,0.000019796,0.000032640,9842f8780d8e9121b44d06de1bbb469ddc25d94e83c7e2010b379701e5934433
3157,1764562609.1494558,0.000024435,0.000015057,0.000021069,0.000015669,0.000019766,0.000032840,02c5b30398c50d6fd9af9ee007948f2682e1e4fb0e54b0b13ca31cc2606ea444
3158,1764562609.150583,0.000020848,0.000014577,0.000020237,0.000015549,0.000020077,0.000033251,3800c3e9dec8c8b715cceb9594e09128d2644ab45785ae79ac25a72675497c13
3159,1764562609.1516542,0.000021570,0.000014316,0.000020447,0.000015689,0.000020348,0.000033141,a9efd644a71a04817714b6fbbd4c510596f9f63bcaf3974764bffec63511d9a7
3160,1764562609.1530354,0.000020679,0.000024756,0.000025778,0.000020719,0.000026729,0.000040986,58337ad8c31b027a4cb964d7986abb54ab8fd6099d2b521e1f21409557433ca5
3161,1764562609.154291,0.000054801,0.000015529,0.000021700,0.000016491,0.000022722,0.000037509,7ae639348f902c1e0ca6102065d27f8bb36104ac048f560dcb92ff4773738ada
3162,1764562609.1556494,0.000022131,0.000014908,0.000040915,0.000015679,0.000019777,0.000036337,51bd7a6afdf12aca6c0ecfd5a56993cfb1ef062963fceb1d4c3ff004bce7a82c
3163,1764562609.157235,0.000048770,0.000029294,0.000020799,0.000015869,0.000024074,0.000033031,a5432550e835f134c31358e94c60740b11d280684e5ee4d699b4c78b13ff8516
3164,1764562609.158341,0.000020749,0.000014437,0.000020237,0.000015608,0.000018905,0.000032610,ba596670503adee3bdad3dfe545beddf95387881a3e95550060e931dff4feb8e
3165,1764562609.160029,0.000021781,0.000014527,0.000029004,0.000032300,0.000039242,0.000065631,b5c493b523e943018c6bfa85e78c6892c39c1ab9ed884777a61c83835245c824
3166,1764562609.1612055,0.000024776,0.000015779,0.000020107,0.000021250,0.000020297,0.000032821,25c0d6297be453f29087d2ff8e0cdd0fe26c8ffbee255d657a0a79f2387f4d8c
3167,1764562609.162305,0.000020187,0.000015138,0.000019335,0.000015989,0.000020218,0.000032701,61b8bbe1bc95867a4f5a0a2e4f4dafe1026c3ea7ee53d9da7214d72939088885
3168,1764562609.1633687,0.000020608,0.000014567,0.000019446,0.000015759,0.000019446,0.000032731,3659f4e88738b568545ea568ee0b322a0c3bcae1ed34f74d482d34709cde299c
3169,1764562609.1644783,0.000020327,0.000014547,0.000020147,0.000016100,0.000019827,0.000033271,918d7ac015b0e438c9ec897b59c4692b76b6b6c9dd1401f4053d761439291d65
3170,1764562609.1656127,0.000020358,0.000014677,0.000019136,0.000016210,0.000046836,0.000033892,bca7425b57cee99bf20531910008d14089b0ebb328abf3aeb92e7e88a5590e53
3171,1764562609.1667168,0.000020367,0.000014497,0.000019375,0.000016030,0.000020317,0.000039423,fd093b2dd00f09844746748e5801c5b1f7e8fe48cc4ab56c0b25ea1634855126
3172,1764562609.1680403,0.000020297,0.000015068,0.000029214,0.000016801,0.000023654,0.000033692,1fe68478b4abaa44b7a0864d72844e413f86be80108cc8689600e973f6be84f9
3173,1764562609.1693196,0.000027951,0.000021650,0.000021610,0.000016921,0.000022331,0.000035906,9ebe78a5bc78fdad47d8a47c4c78e42549abcf42f5016dae7a17b91b0ffa56c9
3174,1764562609.1709292,0.000023113,0.000015198,0.000020969,0.000032219,0.000043199,0.000067455,660a1e86db70dd50e13957803a2d7e573eb88e1994a2f6ef3e167d96616171ee
3175,1764562609.1720428,0.000021610,0.000015028,0.000020638,0.000015629,0.000020117,0.000032890,6c00a6db463791f124293bec84535513ca0083eadded90373514504534535daa
3176,1764562609.1737092,0.000046406,0.000030877,0.000024155,0.000016631,0.000021159,0.000033512,bb5db6fae141d4ddd3b4152bbc8d1e9d449f1f151c3608f915b546f0674d89c8
3177,1764562609.175123,0.000022772,0.000015339,0.000020809,0.000016220,0.000026639,0.000063207,b8e25caf446243408d69abffe1053db955cb288c620c224407d8b6bef12c6c5d
3178,1764562609.1770537,0.000021149,0.000014387,0.000052457,0.000032290,0.000040275,0.000066543,42f7af8f5788b8eaf8801e27ae97f62842998372269546dc5aa387fcea314157
3179,1764562609.1783566,0.000024255,0.000043981,0.000020458,0.000016070,0.000023453,0.000035686,cebd249e703f351687fc02f8a49e3b609c88468f986d26f159846590104868c3
3180,1764562609.1795182,0.000021710,0.000014797,0.000020628,0.000015919,0.000020277,0.000033361,616a1ae291b20c484389ccb07991d11c8a3c95dab6fda48db60591e1e4b67c9a
3181,1764562609.1806722,0.000022111,0.000014848,0.000020057,0.000016911,0.000021620,0.000033282,41c38743a7f69ed2f951cd122dbda783f937d85cef6aac798f6f07222b6f534c
3182,1764562609.181803,0.000020288,0.000014837,0.000020167,0.000015869,0.000019686,0.000032841,74beb80c05be166c643ecb80c377afaa23e9ec5a73cdd05ceb3f41b03f70ffd7
3183,1764562609.1829371,0.000020929,0.000014787,0.000020388,0.000016110,0.000020258,0.000032961,3f809081c3d8633eea7e0e2519958acc790af99cbbdf334a070515f48263c237
3184,1764562609.184048,0.000020738,0.000014868,0.000019907,0.000015569,0.000018594,0.000032490,53ce9c593dc1910bb31768e158e7e8367fb00b9ae5ea4cd1327f99c2ae0c3fa7
3185,1764562609.1855621,0.000029244,0.000022812,0.000025978,0.000024365,0.000034945,0.000049702,9331c1300f069bc371f92ccc911fd3fc5ff31de05532b2c9248cd3cc6a1b3934
3186,1764562609.1868985,0.000023364,0.000015208,0.000024165,0.000016751,0.000022701,0.000034654,294da2eb94066c61ef2010e2d891dd7343ef801dd3320dc80120a427e8bbdb33
3187,1764562609.1880698,0.000023414,0.000015789,0.000021039,0.000015899,0.000020268,0.000033472,545d773d3927c6508322cad484d76024250cfb07f462cf86b957db881fae5de7
3188,1764562609.1894908,0.000021089,0.000015038,0.000038701,0.000022291,0.000038041,0.000034654,a2259a44edc8df51bbb8c238bafa94b512e3206b7dcd8ec60beba4e113a172ae
3189,1764562609.191012,0.000039403,0.000028392,0.000019526,0.000015769,0.000019336,0.000041286,9febe3afdeb6387f419483b9af0bd3fdd81727c34959b4a089c46a20adcbc118
3190,1764562609.1921382,0.000021830,0.000014747,0.000019276,0.000015839,0.000020608,0.000036467,2ad6ada6489294436dcd89367d18f3a4fd24d08be854a00ecb67eec133cf57bd
3191,1764562609.193273,0.000020268,0.000014487,0.000021610,0.000016761,0.000020378,0.000034123,6a91f08977cc95c6f7cce56320fed260a170bf6aadc53d59ff49a906272f73cf
3192,1764562609.194428,0.000021519,0.000014477,0.000019827,0.000017212,0.000023854,0.000038290,68a48c7a940b05b8fe1a3d71464e7c137e0ebd4f23c4dd862431ffaf56e4611e
3193,1764562609.1955376,0.000020437,0.000016570,0.000019576,0.000015789,0.000019867,0.000032660,bb7ac514902bf0246a8a6b73f3a0e4413389f9e62b1f9347df96553db68ae1d5
3194,1764562609.1966279,0.000020538,0.000014446,0.000018995,0.000015669,0.000019086,0.000032671,f49966337dd949d123a6d22a93fa2dc7b02f49960fd727f058abb3e818d326a6
3195,1764562609.1976888,0.000020278,0.000014947,0.000020598,0.000016010,0.000018564,0.000032600,43d035843d57928fc861a3410dd5286288c2acc844b8791c4e1f09fe577c6df6
3196,1764562609.1987534,0.000020568,0.000018685,0.000018995,0.000015890,0.000019416,0.000032701,b97724ea958a9056b6aa3c06b4cf5337a9eeadc06133ff22a2fcd7106bcaf444
3197,1764562609.1998117,0.000024105,0.000014496,0.000018644,0.000015598,0.000018404,0.000032650,e836af32e5fe4a970bf89ad3672d76f50497855e2c85bcbd3b47df588274081c
3198,1764562609.2012303,0.000020328,0.000014216,0.000052787,0.000015959,0.000018164,0.000032580,a768b35d13d455eac09ce21724dc42050f6ca0e24b68feed1a3734d9638d6834
3199,1764562609.2031534,0.000052096,0.000037379,0.000021760,0.000018775,0.000026689,0.000047167,86745f94053624c24ec35373d75d40f666f3729f87044da3115504985b06e6ac
3200,1764562609.2042894,0.000022471,0.000015528,0.000020057,0.000017052,0.000021199,0.000033682,713d71d68a396f65d783b310d77153c05aa4812757b95a839cc22084e7c0ab45
3201,1764562609.2053454,0.000020518,0.000014627,0.000019616,0.000015649,0.000018655,0.000032870,1adffdf4e3f9652b093503486479831464472ed4fff6c70d3e5ead6ae8360791
3202,1764562609.2068043,0.000020779,0.000014707,0.000049531,0.000017432,0.000023153,0.000034754,a1fbebc650810480a6762a57599f8df4533f70f4714f89ed3ac9f41dee5f9964
3203,1764562609.2083673,0.000043510,0.000029454,0.000020839,0.000018234,0.000031899,0.000044472,e6914c493f61ff63c4822e149315f0b2ce8ad42caa4106ff4959ccf4cf8776ba
3204,1764562609.210059,0.000020749,0.000015038,0.000046206,0.000021449,0.000033302,0.000045284,50be6b2b9da6599a667bc7e4925c8aa9f87f6c61ee9298c3c343c75b5b29c90b
3205,1764562609.211563,0.000041537,0.000029925,0.000020158,0.000017072,0.000021941,0.000036468,74511df58ba4a55b0353e4645fa08c9327bee551e0905c1ae3cc976448cf8159
3206,1764562609.2127254,0.000022431,0.000015068,0.000019757,0.000017322,0.000023764,0.000035135,03b1ccd685204e357799a4bfb958073a4ea380a862aaf3642b7a76928f5fc6b9
3207,1764562609.2138753,0.000021490,0.000015598,0.000028062,0.000015729,0.000020447,0.000033311,298a0b003568c797f672eb272a7dc48f48b0183e2698c548de7b995564152057
3208,1764562609.2154458,0.000023734,0.000014728,0.000040125,0.000017272,0.000024065,0.000037860,f8b02ace531c5074e1e1a952278ac7952c5e56bbbce7c825519779a01c721f1d
3209,1764562609.2165642,0.000021049,0.000015228,0.000021199,0.000016380,0.000020227,0.000033001,b1320bcdeb54f8df99bd14e8b921458e75d3ba9fe586be413439ab0e95d98dbf
3210,1764562609.2177417,0.000022060,0.000014987,0.000022281,0.000015579,0.000019175,0.000032410,ee32f1545f5b833fc3afa0e682ecfe07a2ae30d9afb3c1e4f5d463dd5275c5eb
3211,1764562609.2190337,0.000025898,0.000015689,0.000021209,0.000017152,0.000022752,0.000040665,5273d80890d475a29f6d8ec01c4fc1cad43d82d42b60a97e77b146e5d5df0571
3212,1764562609.2204854,0.000021430,0.000015158,0.000021781,0.000047748,0.000024405,0.000067795,c5105b03412212c375272cc63c509ace53db5749bb61e5c532149fcb426c89a9
3213,1764562609.2216644,0.000021008,0.000015028,0.000020508,0.000016861,0.000022301,0.000035015,2f7e24070788c808dfeb8889ba0dac81d6f2507b9b66dcf202654c6b43646009
3214,1764562609.223513,0.000020989,0.000014948,0.000041566,0.000019817,0.000024726,0.000037419,0911d866e9c75f727868cf1a237c70dbe1c62f02491bd412f1f9971f450e6924
3215,1764562609.224824,0.000041006,0.000029504,0.000023885,0.000016511,0.000021359,0.000034273,b4484c4d8e464f1f8ad471fb1a7da445b99c5f3ccf2e41b98c96403808dd8011
3216,1764562609.2261286,0.000022482,0.000015479,0.000022362,0.000017693,0.000024135,0.000039223,d8b655278d1166c3c27baae2e74ef147928b4d5658518083b441c4da3a59835c
3217,1764562609.2274826,0.000022191,0.000015068,0.000022120,0.000022972,0.000027251,0.000053188,ae8a75c3413fd213a598265df0b38e595acb7f91ef15e1cf0e8804f72388c19d
3218,1764562609.2287948,0.000020829,0.000014787,0.000021039,0.000016050,0.000022111,0.000033472,91fb82cf2c4ace3ef6fdfb6121ce7e38d8cea1709d7b99ac1e1b4a58771abde9
3219,1764562609.230001,0.000022090,0.000014687,0.000020628,0.000022211,0.000081040,0.000032710,66bf21b11d90ddbbac3ce9a6a7a2ccfe352d1ac3c6b347921e15cf250b95190c
3220,1764562609.231093,0.000021710,0.000014747,0.000019316,0.000015819,0.000019156,0.000033061,d86bf1afdedf45639475a78a249627493f0f0b3d3bc7b2a1da8e97c8b457104e
3221,1764562609.2321713,0.000020308,0.000014657,0.000019386,0.000015749,0.000019185,0.000032861,ae3109ffedbad7bdc0223a8d487f422573a61d1832443c618992c8fde02117f4
3222,1764562609.2332835,0.000021199,0.000014938,0.000020659,0.000020588,0.000022552,0.000033623,f5cfd22a945feb9f59df7d5d690716408a45f022e0c425b0c9d9a9031e900568
3223,1764562609.2345316,0.000020467,0.000014937,0.000030026,0.000018444,0.000021570,0.000035145,183046cc121eefb6467d55a80deebd25e75938da2300221d4b75e09f8c996175
3224,1764562609.2358062,0.000022933,0.000015168,0.000019787,0.000019186,0.000027831,0.000039203,090ec2227843c873320a39d93690aadb9a8f78ec52bee093e355b14935f8401e
3225,1764562609.2368963,0.000022672,0.000014697,0.000019446,0.000015719,0.000019075,0.000032971,e35ad2579610fdc039a27c7da60110e392833c24a54c8e05cbf94e8e9241248d
3226,1764562609.237992,0.000021930,0.000014757,0.000019316,0.000015779,0.000018895,0.000032791,ae0a9e90a6e2104891bd28bb654d26e4ff9e94fdaa2c0c620605a7f74248c3ea
3227,1764562609.2390406,0.000020187,0.000014577,0.000019566,0.000015208,0.000018524,0.000032741,85bae6740691ae9c0fdd6c1f72d936979d0fdc5c708d1b50fcdc5437cdfdb92d
3228,1764562609.240108,0.000021119,0.000014737,0.000018784,0.000015208,0.000018394,0.000032840,9e51ae8be403a27c66ed68151262716266528a961d75291e8bc40f3793122151
3229,1764562609.241273,0.000019847,0.000014287,0.000019015,0.000018825,0.000085368,0.000033161,11cc3e40a4cd624e6201f1cb74962b702522d53b0cfd5821e5ff095cbf755765
3230,1764562609.242356,0.000020408,0.000015058,0.000019346,0.000015799,0.000019095,0.000032871,6a8f2dc174017b9d4ecc6617ef7413e5eb47e0e58c3767bf1ad7c6f5af7331ba
3231,1764562609.2436087,0.000019757,0.000014096,0.000021560,0.000016200,0.000048269,0.000033803,36e6bdddc9da202695c621091c8129af639bcf38b47178190f5f11d3b5cd43e4
3232,1764562609.2447667,0.000021569,0.000015138,0.000019596,0.000015979,0.000021260,0.000032450,f9c2c561f4decd179344baf1c7891f0f444d723f92fedd6f36efd54803ef506b
3233,1764562609.246016,0.000021049,0.000014787,0.000025637,0.000043631,0.000025567,0.000037128,c174a40706bb0ab52591948f2f29b49edcdde7c34014ab27f135c7c0a7f9773d
3234,1764562609.2471652,0.000022742,0.000014837,0.000019947,0.000016250,0.000021880,0.000040154,54a38bf43236bfc5d114cc9708d05dc097e6618864728a6212e1755656e6417a
3235,1764562609.2483733,0.000025818,0.000017983,0.000020037,0.000015609,0.000020849,0.000033773,d464712a7dacee858e7782715cd25c690ee224b5b5e7b2fc44035235b8712cfa
3236,1764562609.2494404,0.000020718,0.000014256,0.000019135,0.000015419,0.000019025,0.000032530,980f26e4e1c7f24688717192268445bd5b8ae42707a1464dc070142412a9ed70
3237,1764562609.250496,0.000021079,0.000014447,0.000019486,0.000015830,0.000019065,0.000033773,6a3c9bc9b67432493110daac7a7a01ebc9869c458b323bec0abd3c6d93e75471
3238,1764562609.2515688,0.000019917,0.000014597,0.000021921,0.000015729,0.000019677,0.000033492,152b6a86a4179ab3859bf60beb2eca431587167abae9cb80eeabadf532e72982
3239,1764562609.252817,0.000020738,0.000015098,0.000022081,0.000017292,0.000027030,0.000038781,c39bd484b000425b180ba0fdb82c9312a360ac3983156ea9286d260a038257bd
3240,1764562609.253989,0.000021299,0.000014687,0.000023033,0.000016170,0.000020558,0.000042107,e2a5a1e7dc48f4610f6b3c98ac2b6aaa8b92a85f6b545b668911d8f5bcfe8fd6
3241,1764562609.2552032,0.000022812,0.000015148,0.000021259,0.000016952,0.000021940,0.000036698,ad5fe49c4a1a801aa7ffe15e8ab627d47f30a7e74cb36c5f389cbb968d5de29d
3242,1764562609.2562902,0.000021881,0.000015279,0.000019596,0.000016440,0.000020007,0.000032690,05100210fee711e208d95710a173c4d594c5eb24f8101403401ab27f1f2eb9b7
3243,1764562609.2573392,0.000020187,0.000014376,0.000018925,0.000015699,0.000019386,0.000032640,b1092fbfe77323b254a6bb6e3ca458441182d64ccd43d6d5ff9840a1e73a3d05
3244,1764562609.2584057,0.000019866,0.000014397,0.000019516,0.000015549,0.000019616,0.000032740,9c7ac0430da6b93a5d92d8aa1c56a60834a5357a37f6788c020b4f2ee83b2b92
3245,1764562609.2594676,0.000020138,0.000014226,0.000019005,0.000014978,0.000018905,0.000033071,f705d7df10248bd48fa09ccc683c1c3c10ae54e29d9c028e27d475bdd83307f6
3246,1764562609.2605903,0.000020207,0.000014516,0.000020487,0.000016531,0.000022552,0.000035917,7158f71b5c8d404e9c2e779386276e59790ac855652a5f41f41f105279bcb268
3247,1764562609.261683,0.000022111,0.000014827,0.000019476,0.000016691,0.000020959,0.000034313,1dfc45fce07e576ccbb0d164201aa8eb53be3fc22205fcea9c7286053007b7db
3248,1764562609.262759,0.000020247,0.000014357,0.000019215,0.000015790,0.000019416,0.000033883,6701cc3734c359197adf06707367d02eb4ac2fd58a0d3b22f6857921def8eb03
3249,1764562609.26382,0.000020528,0.000014387,0.000019015,0.000015408,0.000018154,0.000034073,b5b2e1571334034be60e174eabfa7339b759b918688d5953eebbd3fdf812b9b2
3250,1764562609.264899,0.000020828,0.000014397,0.000018845,0.000015779,0.000019325,0.000032540,f67fa048a5aaa9cbe32409e1bcc10fd1e7a22e126a3fed6d113674263a17cd97
3251,1764562609.265958,0.000019807,0.000014877,0.000023784,0.000015268,0.000018524,0.000032591,2c0fbbfe0f5641c849b92e077a8dc25adef856920b55c701b96c88d5bed2d6d8
3252,1764562609.2669866,0.000020578,0.000014387,0.000018875,0.000015538,0.000018124,0.000032129,2d7951eba220352c867e9b331495964b4400ba608ca6f2e341e0781f28ab96e4
3253,1764562609.2680779,0.000020518,0.000014417,0.000020918,0.000015268,0.000019036,0.000032530,7783a7236989931f6cdb5244ce5bcdfc1bc85985c016bb3378b546b79ef36093
3254,1764562609.269322,0.000021349,0.000014206,0.000022622,0.000016831,0.000025648,0.000038141,fe8be35c8ada07c85bf91e9fa576824bf7fe0be860264320810ba3363a0f81f3
3255,1764562609.270588,0.000022070,0.000014126,0.000019606,0.000018644,0.000029846,0.000054191,037f2fc42387e7199fd3e16312d18a1e2b44c128585520b79ada154a15826e5f
3256,1764562609.2717052,0.000019987,0.000014577,0.000018784,0.000016420,0.000020158,0.000033702,993a8abe61f594e8ef445cb586a5c2b572f3f85a86745d908b2492d2e83bb1d0
3257,1764562609.2727602,0.000020488,0.000015008,0.000018765,0.000015829,0.000018805,0.000032640,0c1d7699d45d15a5bebf0abcdb110bc7badbf5984addd4208c3f0b34ea21b7cf
3258,1764562609.2738552,0.000021049,0.000014437,0.000019106,0.000015759,0.000019746,0.000033172,474d945d3fed1dbdc2a02260a9af583202130fa4fc69cfdb20c0a3a715b27d62
3259,1764562609.2749689,0.000020177,0.000014296,0.000020258,0.000015989,0.000019385,0.000032641,07bd0b0804ff51b317db4e53748152bb62aac779c87e00c478e7db03f4c933a6
3260,1764562609.276324,0.000037729,0.000028453,0.000021780,0.000017442,0.000021751,0.000038170,3c4290b821823c0a43571af42a6d2f920daa6a10314c1ae7e0a0e5dbf352b731
3261,1764562609.2775962,0.000023062,0.000015699,0.000024966,0.000016982,0.000023263,0.000036628,3a23832865c6edb72272f2854f217644a4d5962be2c08aa30092159c546e9357
3262,1764562609.2789366,0.000022362,0.000015429,0.000022963,0.000018313,0.000025988,0.000037820,caabcd6a9d6173b48af7d7296544eba155c076504d1660eeb8b42b2b385cc3b0
3263,1764562609.28016,0.000022632,0.000015168,0.000021269,0.000016591,0.000020528,0.000034273,a8140b61c42f355c1986c8706583cbf66e7d4fee15eb2c490892c4c49f16fd77
3264,1764562609.281326,0.000021199,0.000014557,0.000020247,0.000016381,0.000020748,0.000033642,cf1d33a93f08d2f32b161a3bf77aa5bf9723b8f4294c9b5966e3abff38823141
3265,1764562609.2824805,0.000020858,0.000014557,0.000021229,0.000016139,0.000019686,0.000033061,9b86fec3f9bf6c6cee7826b2149e58c75f5213a6bced3be02988efe0f1bffac5
3266,1764562609.2836506,0.000021029,0.000014867,0.000021059,0.000016290,0.000019706,0.000034333,7572aab34a6dd9b486e8fc5561dddedd54491c044742ecc5ad27a11af602e006
3267,1764562609.2848778,0.000021430,0.000014988,0.000028283,0.000016681,0.000022401,0.000035877,6ac0438841c7dbfbd365ecdd35590fb579023af74bf355e99fc4b03f0d11118c
3268,1764562609.2861884,0.000022642,0.000014778,0.000023713,0.000016811,0.000022622,0.000042648,58d2ef3b36fb00c2c2777ff06ead15a42f1fc3db8a63f17f1aa292f3850f90c4
3269,1764562609.2874484,0.000022121,0.000015218,0.000021289,0.000017492,0.000023093,0.000037680,eb3d6e4ffcfac8bf3f0ba51219d4f00f2829c8dd9f51127e0827c4f563fdd34a
3270,1764562609.2886198,0.000021550,0.000015458,0.000020298,0.000016570,0.000020758,0.000034935,0069cb53738076e74c342b0b07b70f09d2787c43bb8feaef217862b86089b460
3271,1764562609.2898116,0.000021019,0.000015138,0.000020408,0.000016581,0.000020828,0.000034644,bdb561a884a748d424f11f05e551ddced6411574885b7c92548741eff49888da
3272,1764562609.2909696,0.000021320,0.000014968,0.000020658,0.000016390,0.000019877,0.000033472,59098e73d55ec18c93ba86ebdbdea71ea19b6a5f6b9d2299196e12d87f0473dc
3273,1764562609.2921207,0.000020848,0.000014617,0.000020238,0.000016280,0.000020137,0.000033502,e951130ca148516b2372be873726fa9424652d762581b006e59482d28bfac22e
3274,1764562609.2933898,0.000022161,0.000015038,0.000021210,0.000016270,0.000021740,0.000037499,8f49fe667b1baa157fb156e2d7e5916cb8b28e6d4cbf44b3a377a61a85605a42
3275,1764562609.2948604,0.000021209,0.000015028,0.000025858,0.000017743,0.000028273,0.000049843,d4e119af24b478f6d42d37070d14f01af833b4fa57250520c63274f1ff1b1a55
3276,1764562609.296093,0.000022071,0.000014897,0.000020217,0.000017031,0.000024385,0.000038411,3dde3289ae8996c22b60735c8f96d958c7dc38c248c1d2b8e58b22607797a4c8
3277,1764562609.297279,0.000020928,0.000014447,0.000020558,0.000016952,0.000020307,0.000034504,3726e4d1c2ce27060807ce9c23dccd917c57797d66baa8844d1173f022380b6d
3278,1764562609.298454,0.000021951,0.000015228,0.000020358,0.000016400,0.000020047,0.000033562,0a0127c453818a2a654bba21f5502bb7054b51170a7315eb113674faf48635bf
3279,1764562609.2995937,0.000020338,0.000014847,0.000020417,0.000016271,0.000019315,0.000032861,f7e74269d73bf92f871445a82f090a2ad0bd589fda32404518969695e15c5456
3280,1764562609.3007832,0.000020508,0.000014797,0.000029836,0.000016751,0.000021059,0.000033461,9a801aa71d1f188c579bc2f38dde953dfb7ad256427560da66b623e78bb7ee58
3281,1764562609.3019896,0.000022752,0.000014677,0.000021389,0.000016731,0.000022983,0.000035255,ca954882ceaf931a5780026244977cb35af443ea88d18862f93bc45f3de5d949
3282,1764562609.3032272,0.000021409,0.000015178,0.000022742,0.000016720,0.000023283,0.000042919,fe28619842ed798c2651fcebea5936e6c885ee54a0f0e2bb68b3bcf3865c6bb6
3283,1764562609.304549,0.000022342,0.000015117,0.000029033,0.000016911,0.000024506,0.000037370,b106da1d4afc7dd4602e46786103c79b0bc2baf235d85687c994884573a2f369
3284,1764562609.3058584,0.000024435,0.000015659,0.000021279,0.000017071,0.000023804,0.000036798,a211e26a3c425051566087c294572cb17d3f26ad87101c57cc15ea155cbabb58
3285,1764562609.30702,0.000022181,0.000014697,0.000020408,0.000016290,0.000021620,0.000034805,ef291b0da7dadc73ab9ad790dfed71811471e1ba92ee36da205a7ed0b15427cc
3286,1764562609.3081884,0.000020889,0.000015248,0.000020838,0.000016100,0.000019867,0.000043740,835feb234ab930a9d91426e833fa2234292cbefa188b0192e735faa2e54c55f4
3287,1764562609.3093479,0.000020848,0.000014827,0.000021700,0.000016701,0.000020378,0.000033693,86ad3392c86f4bae41561ce9e1acde17c0ce8e6c6914bde05b7e7d03422b87c2
3288,1764562609.3105493,0.000021710,0.000015208,0.000022611,0.000016690,0.000022451,0.000035235,671571d4b3c641420d90f499e0c86fed0008e9e9991946713360b4b9ffb4d4eb
3289,1764562609.3119416,0.000021841,0.000015308,0.000022401,0.000019145,0.000034654,0.000044131,4d1b8fc6e58f22f108bc7cea1f83e0c26878fa35be81382d97c767739dd531cf
3290,1764562609.3131552,0.000021510,0.000014858,0.000020598,0.000016771,0.000051656,0.000034243,911d627645642a0b51c51dc369638832eafb55f63fc80b37f6a17da84d493945
3291,1764562609.3143198,0.000020798,0.000014627,0.000020789,0.000016670,0.000020738,0.000033382,325723b1aab8209685bb54b7ad45b99b950612f3f1f56ab194460e3dcd379847
3292,1764562609.3155055,0.000022632,0.000014556,0.000020428,0.000016340,0.000021650,0.000034203,ce80863637e40ed95bf0eeadf9fc771573b1ed8c1074cc0519d08f582e4b602b
3293,1764562609.3166604,0.000020918,0.000014737,0.000020628,0.000016571,0.000019716,0.000033592,f9694f763f8d5bea530a742fbca60c941e8ae28f1cec8f538e2f445b2bdf89b3
3294,1764562609.3178666,0.000020908,0.000014687,0.000021229,0.000016631,0.000020257,0.000033402,de3877bd1603c474a91996f7e2df564ec709182bf8f00dbb298fc66d3bff94a1
3295,1764562609.3191426,0.000022201,0.000015539,0.000023804,0.000017362,0.000024074,0.000037589,13327eb3536a05a9c30d9f65c71d00090c6a242a8267980a9739a53c310da2fd
3296,1764562609.3204932,0.000023283,0.000015448,0.000021290,0.000018715,0.000026429,0.000040375,ad71eb66c37080e734a2f0485d2ab627802476c47cb8a250477ff5c11d1d954c
3297,1764562609.3216894,0.000021339,0.000014658,0.000020689,0.000016440,0.000020527,0.000034083,a59cf95065d608d991e05977008392d85d7ec2521279557a7fac33046b4621e8
3298,1764562609.3228724,0.000021089,0.000027281,0.000025116,0.000016421,0.000020087,0.000033822,5321a4c8581602b94c6e16c5bed65f653730224c498e17c29a7dbbe3904ea791
3299,1764562609.3240979,0.000020979,0.000015338,0.000023192,0.000016761,0.000022432,0.000035505,8d35d6940da7b6d1cc49ed556610a18675bbf132894415d731d478aa0587529f
3300,1764562609.3255293,0.000025687,0.000015829,0.000023123,0.000018263,0.000031579,0.000046035,faa798df8c161fb612111fd63a5c8611e19cb43bb3de4bc6ddda9b495d4497ff
3301,1764562609.326843,0.000022051,0.000015218,0.000023513,0.000017172,0.000025066,0.000035275,3878136a2f785a9bd74e13b2002600ba852262a9652d0dc720fe34f9cedc358b
3302,1764562609.3282058,0.000022341,0.000015679,0.000028082,0.000018404,0.000027411,0.000038431,dd8518aaa24e7113a9d10344315f7e7b5cef42e1f8c8ef833d8059a112326086
3303,1764562609.3295357,0.000026199,0.000015348,0.000020778,0.000017923,0.000024355,0.000035205,dca4599a33b7af2c8bb28a73c6f41ac53c034190602b505cb07e3af0f220f37d
3304,1764562609.3308961,0.000021169,0.000014788,0.000029915,0.000019506,0.000028462,0.000049622,aa82ca5182cf8f16de667a996b72580dabf78e5c910b8de0293ce1596a46d211
3305,1764562609.3321798,0.000024195,0.000015118,0.000024095,0.000017272,0.000022632,0.000037238,e6db1ad1c2c6fce3bcc3eb613f9a7a5050e57c02f861780ba706fb079374f125
3306,1764562609.3335288,0.000023093,0.000015869,0.000028412,0.000018465,0.000025677,0.000042278,5350099bba6312bf5cabaeba1a3a749d518b03d684d2aec8e724a0f36880a7c2
3307,1764562609.3348782,0.000023764,0.000015789,0.000031347,0.000017192,0.000023974,0.000038622,7b2f0be8d6b0616b8ee92a682f7eea9de8ceb2b08231544ec3170acc7a5a8e64
3308,1764562609.3364484,0.000022622,0.000014577,0.000024285,0.000025447,0.000083585,0.000037399,ce13390bbb2ddb4cc22a64c69c0c35aaeb3fb93a2d5cf7a387d7794effa582c2
3309,1764562609.3377953,0.000022732,0.000014877,0.000023333,0.000018995,0.000029565,0.000043981,60a6abdb37c32d3660f953441cbc7d9d121ba0d3aaac718a70487726edbe613e
3310,1764562609.3390627,0.000023424,0.000014918,0.000020939,0.000017372,0.000023965,0.000037910,06562002de4ad2ef3ea71efb5c5ea304cf411389b0d6640c5e3198b104017b46
3311,1764562609.340236,0.000020969,0.000014908,0.000020788,0.000016441,0.000020017,0.000034334,e4cc76e2795f907331d17eb7bab5dad15c42f1d70819039146846ae7e4aeec4b
3312,1764562609.3413813,0.000021149,0.000014707,0.000020738,0.000015799,0.000020027,0.000034434,1a26c4a8b8bedad134a37d7c733554bc61b6924594b81fd4bcf4c4c2bf922a43
3313,1764562609.3425534,0.000020338,0.000014597,0.000022602,0.000016039,0.000020238,0.000033402,76a2ea15906787f6dd80768dbf001ea9f95b91f279290025ae5c95c586544ad7
3314,1764562609.3438623,0.000023564,0.000015138,0.000024435,0.000016841,0.000025968,0.000037940,95a15e7f81c0730fc760b2b01ab048058357d8ea189665fa545339d710f2244d
3315,1764562609.3454607,0.000023403,0.000016140,0.000035956,0.000018774,0.000035356,0.000056424,85c15168951f808a090ecb968aeed9c809a80938fce5934cb5d9fd9115f1a496
3316,1764562609.3471897,0.000029996,0.000016310,0.000029224,0.000018454,0.000034524,0.000063627,d6310a3d83baa36466cf4d40063a24cf74e47fc83703388678755940063965ec
3317,1764562609.3486383,0.000027782,0.000016660,0.000028563,0.000018294,0.000028372,0.000044382,a7053110d445d7cb28bbe7c0a066cd997b36b3d25bb5fa6245bd713d0d399b80
3318,1764562609.3499892,0.000024916,0.000015819,0.000022591,0.000018534,0.000025096,0.000041526,c35d684165e15ea3f17d1db8507f0cbd29316953908cfaa67356c79eb688626c
3319,1764562609.3514094,0.000024486,0.000015559,0.000029254,0.000018254,0.000032390,0.000046917,bd833e8b80604674a5cc4b073d98f6ddb24a499f71f481fe854b0022602aa171
3320,1764562609.3530354,0.000024124,0.000015849,0.000033793,0.000021590,0.000039483,0.000049140,38002bba8683c2cac13ec00816171a926bc2b6707caebe5c66e3e35be1fb56c1
3321,1764562609.3546388,0.000029034,0.000016902,0.000024886,0.000019166,0.000028703,0.000049070,1f54dfff356de826c03c8bf76184585698bb3e5e675d2a53022822bdb7b19a45
3322,1764562609.3558648,0.000021639,0.000014958,0.000020298,0.000016811,0.000022622,0.000035326,596e60e9302b63dc3d5cffd5c1cdbdf6b3b022e9b83a6b04de14bd3a5c624ad9
3323,1764562609.3570237,0.000020819,0.000014797,0.000020799,0.000016180,0.000019937,0.000033732,4d88930ae3b588f73b6ded8a3fbe0a5c2799cd084e2e05bd00a64e4b4af6d6aa
3324,1764562609.3581655,0.000021139,0.000014436,0.000020268,0.000016280,0.000019847,0.000037629,4bc0fbd3bb6cfa71f1da1b1ecf8b10ad30517df1cfa612a05a57a07155d1e811
3325,1764562609.359367,0.000020819,0.000014708,0.000021099,0.000016110,0.000020658,0.000033452,c4729fa6d02151efb1dfc542eb6a6a61ebba4ca4af4181cee61a140978c0a169
3326,1764562609.361591,0.000022652,0.000014687,0.000061674,0.000025477,0.000044372,0.000061494,dd866a36d3a0333b58df718eafa8b13c0d41c91b2f17f7b2e98a5c5c8a359cd4
3327,1764562609.3631978,0.000037289,0.000021950,0.000027240,0.000019426,0.000030146,0.000043019,165e78a1b39e3d8c1987f395aeb54ba0e89ce036f7e1e4adbfc6b4674c3e6f1f
3328,1764562609.3644395,0.000026028,0.000014687,0.000020678,0.000016301,0.000020938,0.000036698,2c74e54ba2515d2ac8fa62beb4fb9065ec57a39e6a386afe335689db97a0ba63
3329,1764562609.3655274,0.000021319,0.000014927,0.000019727,0.000015389,0.000020197,0.000033041,a7ff5987bd9d2c286f2ee049fdb7e4b00f2d53af0905e7bbb0549a9656eaf44a
3330,1764562609.3665814,0.000020398,0.000014316,0.000019646,0.000015669,0.000018504,0.000032680,b7c1d8eb3fa49feaeae7ac9b4175b2b85ed93a91aa7e79663304172323aacbe6
3331,1764562609.3678174,0.000019846,0.000014357,0.000025968,0.000016460,0.000021520,0.000034694,b1234dab499b02daa2b6bf5982a1bfa501f7e5df6e2c1217ec51ac985ec842ce
3332,1764562609.3692527,0.000024355,0.000015639,0.000022111,0.000021399,0.000029014,0.000058438,58d5e1098bc329ef1e3bbbf905996f04607d2a406b80f8b4b37218375a3c0161
3333,1764562609.3706725,0.000021730,0.000014768,0.000020237,0.000019496,0.000030256,0.000063698,9f4f069b3aea46eb3e1c7f0a723e6c1bffbe59ec90d523247e771733693ee7df
3334,1764562609.3719506,0.000021169,0.000015199,0.000020147,0.000016180,0.000021149,0.000033722,3f15707b23cbf76ec9f203a17bec4033e31edcfea211d22b0da88336958804c8
3335,1764562609.3730361,0.000020528,0.000015328,0.000019446,0.000015699,0.000019556,0.000032791,31f0aa4497df98ed6e48c53ae7c8756014f1d1a2664efc2da91df380494fac31
3336,1764562609.3741078,0.000020478,0.000014967,0.000019456,0.000015809,0.000019185,0.000032760,0bfae735bb964ed123cef0b15a9d6ba6e74eac0c561c03d23cb8231423b405a8
3337,1764562609.3752763,0.000020638,0.000014417,0.000021860,0.000015569,0.000019025,0.000034344,1bddcfa96e2d69d9535b8a70dc4fad48c4428ef0834d9245767b07519980fb06
3338,1764562609.3769789,0.000047888,0.000014717,0.000029915,0.000032160,0.000039673,0.000067845,bef157c68caf67757b3cd3dfc99b45137f46fe7aef8fde24bdd7beec5e2523ed
3339,1764562609.3782663,0.000022853,0.000014617,0.000023794,0.000016711,0.000022792,0.000036518,787886c84b3162a95b2c014e2e926b2a0151f9965ec8704b9d97006a82647e32
3340,1764562609.3794568,0.000025097,0.000015398,0.000020598,0.000017201,0.000023253,0.000034534,be6344276ff558e3a689ef202ddb8232ac0a7b9d69deece392a351bf10deb2c2
3341,1764562609.3805397,0.000021380,0.000014938,0.000019716,0.000015859,0.000019166,0.000032941,d062716ebdb95657567ca425e096b347a6d0ae798e9f83461840bc963f88c4f1
3342,1764562609.3815966,0.000020137,0.000014267,0.000019416,0.000015598,0.000019215,0.000032560,e37138ba32762945e961fbc43e9f41cd40ed9d042744e880c66d7c2c11337e7f
3343,1764562609.3826687,0.000020137,0.000014377,0.000019256,0.000015579,0.000019386,0.000032831,8a0c9c566dc4ec7f492ac4c89abd822e118b2fa3a13ff91ad7ad4be538aa5ab9
3344,1764562609.3837373,0.000020147,0.000014256,0.000019195,0.000015629,0.000019025,0.000033542,337ddab2d82023e187da63374b7bb6ce384e956e685dbceaecd659552ce9a57b
3345,1764562609.3848825,0.000025757,0.000015218,0.000027511,0.000016571,0.000019797,0.000036207,4ff9ce00529b53e74b66e49a57fd00e8622027283b50a8de69d51c475fe2304a
3346,1764562609.3860428,0.000024485,0.000014757,0.000020427,0.000016331,0.000021880,0.000035215,30c0103776f101280188cb9a86053c0436f6c20650fcbf0679dabf9abec0f7fb
3347,1764562609.3872223,0.000020929,0.000014267,0.000023293,0.000016340,0.000022742,0.000037188,cec12d0d5dc3a3da51c771e1f5bd45f2e0a737b2c82a90e0aa8b6fb22b71cddf
3348,1764562609.3883295,0.000021369,0.000014506,0.000019216,0.000015719,0.000019756,0.000033752,13c8249b081e50381ef79aa1f6d4a23a60fa8b6b3222b502a3c6efbf3e5b81da
3349,1764562609.3893986,0.000020087,0.000014727,0.000019396,0.000015840,0.000019245,0.000032861,09fbe1e6f01f81a80248800d48dd717850fc9000e9ef79de226af8711535f0b2
3350,1764562609.3905845,0.000020899,0.000014267,0.000020898,0.000016540,0.000020568,0.000034103,d056791d79f8d313aeca919747edbe3ade0bb4af8080bac4d049a53765df2a70
3351,1764562609.391757,0.000020828,0.000015369,0.000020418,0.000016270,0.000020087,0.000032871,1761514861291f9f69bdaf1a0b0b5fddb8e5d0e60376f1ebc530f74f805f44d9
3352,1764562609.3929734,0.000021630,0.000015058,0.000022322,0.000015759,0.000020238,0.000033062,de057222623487f596ae9c1fb14f41136067b0b4ca8b89787ccbd14f7b6cc078
3353,1764562609.3942888,0.000021320,0.000014887,0.000021520,0.000016350,0.000030106,0.000035415,3445308e1ce8b34ebc8c35734e82be1abe46877a0c81aeec9a97581a0593046b
3354,1764562609.3954413,0.000021319,0.000015269,0.000020178,0.000016180,0.000019967,0.000032981,f38fe636231be25781398575a4fbe6af6e7c667332121254ad16e18ae18bdc81
3355,1764562609.396607,0.000021650,0.000014958,0.000020277,0.000016260,0.000020728,0.000033742,fb312c8621bdd04b08334957b1334acd5ca4f830405f6ecf939591cc8f6bca23
3356,1764562609.3977711,0.000020659,0.000014346,0.000020248,0.000016010,0.000020287,0.000033652,704f67f6fdc42335e22ad467cfa4d72478cbbd3e1b96f64258413705398102bf
3357,1764562609.3989208,0.000021119,0.000014897,0.000020398,0.000015919,0.000019987,0.000033462,7ca9d4ed0c7dfca7e2a5f67a41e4ea928a4e0f62f19e691b9852df3f17ec72e5
3358,1764562609.4000742,0.000021449,0.000014717,0.000020127,0.000016200,0.000020077,0.000033342,edff2dc17573f2e46eaa0613a40a0a2d5418d93d7452d68c815954adf8b35f4b
3359,1764562609.4012594,0.000021700,0.000014166,0.000020918,0.000016781,0.000026259,0.000034184,f4353003fab2aac70dc809c7410ad6c28b23d9e7fe33b1ecb2a033a24f617781
3360,1764562609.4024596,0.000020337,0.000014757,0.000020338,0.000017573,0.000022852,0.000036647,f09724334fd86cef90de4c8bf95d193389c0e141af545df34937cc39d0f1ca1f
3361,1764562609.4036326,0.000021470,0.000014827,0.000019917,0.000016000,0.000021229,0.000033782,7c6cf6060aa8ea4d742b77cd0bdaa42b7ff26d15ed93eb8a45d2cdcf9b230769
3362,1764562609.4048135,0.000020928,0.000014537,0.000020348,0.000015909,0.000019877,0.000033632,42cf3a36db8c918c462bd4d9e9be1409eefdb8510ab5678a6fefac44a45d0352
3363,1764562609.4059818,0.000021710,0.000015729,0.000020778,0.000015959,0.000019546,0.000033452,07228b98f01f2ccccc9e1f237a961bb30160fbc520a6014decc80b9870a8d675
3364,1764562609.4071355,0.000021099,0.000014376,0.000021008,0.000016230,0.000020268,0.000033422,549eee7311c990613099c0706aae8178d55d97321be6343bf014d1b554e7af5b
3365,1764562609.4083064,0.000020739,0.000014838,0.000020879,0.000016010,0.000019727,0.000033642,17c82cb6e58a7e9049827dd5310091b5ccb6635f8660cbbaccfa807c5b7150cb
3366,1764562609.4094648,0.000021379,0.000014677,0.000022521,0.000016250,0.000020017,0.000033372,4703562bdfbf9921a457b727ae8bceb6288f1f50baf382ee38a7a488bc251f88
3367,1764562609.4107976,0.000021320,0.000014887,0.000020878,0.000016311,0.000026108,0.000035716,2467a2c44863b6f784cf1fcfef805c94c1150b171ae63ded9af442049720bc52
3368,1764562609.4119816,0.000022051,0.000014737,0.000021129,0.000016059,0.000022442,0.000033451,f1f32320814d122d1a7f9b6f2c6335bc154f67425dd02c1f46130f52520a68b8
3369,1764562609.413135,0.000021219,0.000014817,0.000020068,0.000015909,0.000019667,0.000033492,1f9f1b3307865e42ab1f6a1965562be69e3b7f7898a878eee8945b9b2d27a27d
3370,1764562609.4142842,0.000021289,0.000014637,0.000020257,0.000016290,0.000019906,0.000033392,be9cdbaac90525e0f320bc5986ec0e4ddcee69651098262600d46df8de6c9ee4
3371,1764562609.4154432,0.000020998,0.000014918,0.000020518,0.000016291,0.000020387,0.000033833,5a2c647e03b9d181b3a19a238a0f031a235da60e2d1bb657ec9f3c1efc9d1d7c
3372,1764562609.4165926,0.000021319,0.000015097,0.000020197,0.000016170,0.000020137,0.000033482,1bfbae81c436c52f607f41bb87319b08be071188e775cbb92743117c2df8bc44
3373,1764562609.4177792,0.000021059,0.000014587,0.000021900,0.000016481,0.000020337,0.000033923,e17c6d6d063757943d18c76d8ccedb5230f861146dff623aa9601473ed557d76
3374,1764562609.419058,0.000023513,0.000015499,0.000022272,0.000017031,0.000024124,0.000038572,63cf8281c74724c7d0476bca353195f951b5f03802ab4a778d8e0d126a5b0d01
3375,1764562609.4201994,0.000021930,0.000014456,0.000020568,0.000016620,0.000021610,0.000035225,e75dd919d86c9cd4261643b88db34dfab44f384ad2fc112c6a429f922329e380
3376,1764562609.4213114,0.000020949,0.000014557,0.000019696,0.000016851,0.000020228,0.000032911,2c00a16f8967b8837b1c371d228bbc7c0db1550256a14e5dbd477bb302d8f68a
3377,1764562609.422851,0.000020648,0.000014366,0.000019517,0.000032891,0.000039974,0.000065851,d1c973cc61f6d52089ecaf081360e95cda807e03f95253210b132f7f6a4b8fe7
3378,1764562609.4239411,0.000020588,0.000014507,0.000019165,0.000016411,0.000019696,0.000033011,c9c80f5af6ad8a145c35eaee79cfd1a8e70f679bb53ba2418c577e94a517e338
3379,1764562609.425057,0.000020167,0.000014306,0.000019356,0.000016160,0.000019796,0.000032801,6b9037791283be77215767d4dd62e358686ffd9dcfd5b0bce9bc40da0b580684
3380,1764562609.4266853,0.000021239,0.000014587,0.000021850,0.000033281,0.000044141,0.000070120,a4026378a59e7cffa72facd541c411d23f6862fd66a287306fa48d9c26118b06
3381,1764562609.428069,0.000022011,0.000015599,0.000022732,0.000023102,0.000034323,0.000059179,7e158eaceac11aae4745183137d626b13802c7ec2d66e90c840fb0dcbedac2cb
3382,1764562609.429208,0.000022551,0.000014497,0.000019757,0.000022953,0.000021730,0.000034353,57e1abb40c23dbcf4472968fbd7af788f924fdf752614f8112ee555e3c7ac54c
3383,1764562609.4302871,0.000020037,0.000014397,0.000019736,0.000016090,0.000020037,0.000033903,1d9e5994908e91711673c04ea29d36e4e0867219d80598457576e611c2ae2286
3384,1764562609.4313843,0.000021480,0.000014316,0.000019927,0.000016290,0.000019496,0.000033332,7104b9ad1d4918ad8ad98d2ed1da002b7614f0bda62bb99397239e386b0c1f24
3385,1764562609.43247,0.000020087,0.000014497,0.000019977,0.000016150,0.000019607,0.000033302,12336c39af07283ae2675cfb4b2a391832088ccbff39d84ed6872f34bc087439
3386,1764562609.433567,0.000019787,0.000014527,0.000020267,0.000015800,0.000019295,0.000042278,7c948ede90bc3602b12d54284c4967060b992e01ce9b12af2bcf51984afea83e
3387,1764562609.4347823,0.000020328,0.000014487,0.000033342,0.000016501,0.000021479,0.000034724,57541bfd06d1194d5146cfe32dd227d96b9b26ef7cef6461dd71b3de0d7cb19b
3388,1764562609.436422,0.000028483,0.000016290,0.000023002,0.000020427,0.000036477,0.000058638,184b7d31ddc4cb5123fee78dfebe854cf26ff342fc8d11a91b2d12bbc987c867
3389,1764562609.4376118,0.000021931,0.000015017,0.000020508,0.000016862,0.000023273,0.000036808,49dee4b03fb6015a4a959b68a78f4162a14e4ff623cd3e288cc1608451d03b3c
3390,1764562609.4387248,0.000022361,0.000014297,0.000019856,0.000016320,0.000020017,0.000033863,4dc3d0bb8421584e19c344dff06a5cab49368784a15b363b235ec7e7c7d3f72a
3391,1764562609.4398737,0.000020228,0.000016520,0.000024405,0.000016741,0.000020428,0.000035105,b0867e01c4041ff6d30aead565ed67c55ec8f09688fb6076c9e36f9130de0679
3392,1764562609.4409602,0.000021360,0.000014697,0.000020147,0.000016220,0.000019636,0.000033441,d7a2d4d0d5c091ebfd7c4ee49b3cc3676b50b2618c5a08834eb40077464382ed
3393,1764562609.442047,0.000020237,0.000014477,0.000019746,0.000016130,0.000020137,0.000033382,e79f77ca56ae71ddcc4e015bdd8c65428a5328ee7365720bf296dfefbd6aff1a
3394,1764562609.4432228,0.000022682,0.000014988,0.000022602,0.000016511,0.000021119,0.000034574,e2a4af906221c7e5291ff9785a9fca063a6fc1aace399f705764448ab97c913c
3395,1764562609.444768,0.000023263,0.000014557,0.000024195,0.000033292,0.000041717,0.000066463,346337be4f72ef6e7275ffdcbe9d1cffa574fdd08374455a7ee7419ff0994afd
3396,1764562609.445985,0.000022702,0.000015248,0.000021429,0.000016430,0.000029755,0.000040044,2ea9261b9d73a350ef8b06f4562a271c2def9cbfe58cf676375497075d3ce2b7
3397,1764562609.4472492,0.000020969,0.000014176,0.000031909,0.000015939,0.000020347,0.000039323,d81a5bc6d6316c582b4ae2158d11ad9d53da2453e92ce727bd06038cff5b3f64
3398,1764562609.4492893,0.000036988,0.000021389,0.000029254,0.000021329,0.000041767,0.000069989,f99154d51fc2f19b06db3e52895826a26584b52ec0c455b94d37d68ef92b0d13
3399,1764562609.4505043,0.000025657,0.000015619,0.000021179,0.000017072,0.000023764,0.000038301,23e920ce8dc8a1a2608704f6ecaf81f475ccd1a64ed163d9954cec4b3f7e2fed
3400,1764562609.4517522,0.000020628,0.000019266,0.000025988,0.000016831,0.000023364,0.000035926,3c3d7f39d3e892a0f514a16fbb3e8887267828297a9ca2060339fd03bf84bc8f
3401,1764562609.453218,0.000025067,0.000015409,0.000021449,0.000016701,0.000022141,0.000037529,9833f0fc222a291596d35821f4f7025d66fb2f95cc2d72f9e6165f0f643aca3b
3402,1764562609.4543953,0.000021319,0.000014867,0.000020398,0.000023183,0.000069188,0.000034354,6bdfe61b0f173a7d00b670f910fc7cd35d0d7583ad8b2f999e20b8d2b4e9d909
3403,1764562609.4555361,0.000021590,0.000015208,0.000019917,0.000015869,0.000020738,0.000033132,2f2cba5c666d4414864d0a5228bcaa85d18c90f6ba6d49918c69bff8420a571a
3404,1764562609.4566202,0.000020989,0.000015488,0.000019085,0.000015639,0.000020137,0.000033222,344afe692a4b7b4bed40dd0f68242b46951d92fd47292ef6250fe7fc5467da23
3405,1764562609.4576845,0.000020107,0.000014327,0.000019676,0.000015328,0.000018925,0.000032971,ecc94d8885f31f689506b6ec5a3c673618473d75d4e707e9841756a9120634b5
3406,1764562609.4588616,0.000020668,0.000015529,0.000025738,0.000015730,0.000020848,0.000033512,fc5e1509d777372b0c011b0f850b88a1caef2c4ba4ba5bc4ff23e9aee4bba184
3407,1764562609.4600637,0.000023584,0.000014947,0.000027541,0.000015799,0.000020357,0.000034233,4647e75f456495a09312fe2766a1f394ae5a102b62924a6ba7b4f7977aaa796a
3408,1764562609.461185,0.000023804,0.000015078,0.000020197,0.000015990,0.000020478,0.000033803,a5fc215b95b9b172b021c98651d59b8530cf92622910a2244ac8963d5af6d596
3409,1764562609.4624307,0.000021800,0.000014988,0.000022842,0.000016400,0.000023744,0.000034534,de7ff520b4b7d29791a9eb364499a28096cc35e31c24f67bf802c0a481e02918
3410,1764562609.4644365,0.000021731,0.000014918,0.000049221,0.000035997,0.000047057,0.000088393,5c32af14c5941b1c113eb7ac3e5feed29d1ba06b9fe9127f9aa293567bcf81c5
3411,1764562609.4660757,0.000041877,0.000020398,0.000029614,0.000018394,0.000028112,0.000039894,eb53c8c2bb07a5c92ebf861778f135f03346dced0a2420dbbb92bbd7f45a287b
3412,1764562609.468043,0.000025918,0.000015048,0.000048209,0.000036728,0.000053229,0.000074998,319deaa859100494d1eeced57de238ada3200a40136db5d30e44c53acc2891a8
3413,1764562609.4702733,0.000044001,0.000030397,0.000032140,0.000021821,0.000039122,0.000052386,3b8b0128f99666a6deaed7b9381d3a4cf8886982bb2d3f448fc4a638cfe72871
3414,1764562609.4717731,0.000029114,0.000017302,0.000023202,0.000017993,0.000028112,0.000042930,4c64ae532c9fbda0887ef90625d39519fd2b92337e523d9a34d7390d39d3b813
3415,1764562609.4730585,0.000024014,0.000015018,0.000023323,0.000016952,0.000025166,0.000036748,2f2e538ba1bc7f23cd1c9482422cd332164078fadebbb7c7479f5d09d9cecbdc
3416,1764562609.4742966,0.000021800,0.000014918,0.000021490,0.000017022,0.000022452,0.000035135,09d71733db97a1db1ebfab02a28862d01f24dc189338153115aacc1eb157e33d
3417,1764562609.4755197,0.000020498,0.000014607,0.000020719,0.000017893,0.000027050,0.000039964,7bf25df9b1fce31758c479d3f5e8bd04d05c7482722b5f04ae7bb1f1b35efd6c
3418,1764562609.4769077,0.000022091,0.000015168,0.000026769,0.000018654,0.000031217,0.000043851,378805b2cad138b528efe9303aeb05119018c00670370aa9e688ac86f0c339ca
3419,1764562609.4780657,0.000024535,0.000015449,0.000020278,0.000016400,0.000020138,0.000034163,f460f7d493bf5d10dffda72d643618c52091fb8f1c7e33ae3e6c34973d0e66ae
3420,1764562609.479168,0.000020788,0.000014758,0.000020668,0.000016130,0.000019096,0.000038831,b3c4ccbc1da4d44b3037738260e01f3b1d759b674a9e9daff7d42f119b03e798
3421,1764562609.4805658,0.000019997,0.000014627,0.000045213,0.000016170,0.000020748,0.000033021,ff6c9fc9fcf1a67644f91477c3022c294dfa3a0520de9c3afd9eaadab70f7eed
3422,1764562609.48303,0.000043661,0.000032540,0.000048339,0.000041356,0.000062445,0.000088934,822997b24a66c0fc7ba88600df0a5628b4afc835b76ee7d43ec03a55b2ed501d
3423,1764562609.4852078,0.000037109,0.000021390,0.000034354,0.000022502,0.000042769,0.000048800,3efbd113f1929130fd55483417d70c49c5eb6db0d4f1c0c9d8a3e6b026a03781
3424,1764562609.4868019,0.000027941,0.000016520,0.000021881,0.000019446,0.000032540,0.000048169,b4cdd86e0f79bde9fc6198afd3c54a243b5aa2828988706ac76dfb917418c154
3425,1764562609.4892046,0.000022381,0.000016030,0.000054571,0.000049662,0.000072734,0.000123719,a6abe7e84e93eae70d0525f325d6267bbf9b27c6faf6b951562a78287edba669
3426,1764562609.4910889,0.000037359,0.000017322,0.000025127,0.000021259,0.000040936,0.000054501,1a861201b574043398dadc08cca7c2325f55f07f793c127c3a69d17f4e63325a
3427,1764562609.4926271,0.000024595,0.000015118,0.000032470,0.000023614,0.000035005,0.000049121,8807ab3d50eed3963cf964618abcf3b9608e451d3c0bee48bf60b236017f3299
3428,1764562609.4942157,0.000031839,0.000029885,0.000030877,0.000019166,0.000025066,0.000037710,effa643059819be3f2b01057c2bf97bd3311761843eb133a127c4ba8b4cf0e98
3429,1764562609.4956555,0.000027180,0.000020417,0.000027511,0.000017312,0.000025477,0.000039113,fa0ded13eb4da7ad6e700f187ebe206a2e1dd8ffd4b157fb95523b04ec4c6a55
3430,1764562609.497183,0.000027972,0.000023704,0.000041747,0.000016220,0.000020768,0.000035164,84f394bc78a7c17150b2298be8eed5391f68a30cec311400d5cfad61bfbf6793
3431,1764562609.498726,0.000043611,0.000017102,0.000041367,0.000016550,0.000021359,0.000035867,9ded7322bae6cacf5ae53fda44c7c7bf30777caf6217be2bed5587f4e0c7591e
3432,1764562609.4999404,0.000046125,0.000021460,0.000020477,0.000016180,0.000020227,0.000033151,7969e80520e0b60ffe5467f1958f0738a9549f834b977feade24e83fe31ea780
3433,1764562609.5012984,0.000022010,0.000014927,0.000041196,0.000016420,0.000021751,0.000033763,1c9c63343fb7b90cbabec45e17c64e5e2cecf59fda680076ad849550c135729b
3434,1764562609.5030284,0.000042318,0.000028533,0.000023253,0.000018043,0.000024546,0.000039293,03cbbe755c48be25335bdcdc381df54caa60bda374bde1d969a81f7c62370554
3435,1764562609.5042477,0.000021460,0.000015559,0.000021680,0.000022692,0.000025167,0.000038351,e639604736efc3d40aa70bdf258e52223b0bbf05a18556d015378cde4d6b5b14
3436,1764562609.5054998,0.000020999,0.000014797,0.000020067,0.000018104,0.000028643,0.000040705,4bf97a5c785ebccb0c8ee8195f822e1d2ece4e341a89ac825f9beb7f8983e70b
3437,1764562609.506621,0.000021109,0.000014858,0.000019757,0.000015558,0.000019486,0.000034724,e7d8f3a6337db446e1dccfb78af3c1535213d790f8b07a130564129e58306a84
3438,1764562609.5077157,0.000021359,0.000014827,0.000019506,0.000016250,0.000019686,0.000032941,aee155a52d54f6683ffa178e2975ef48801388a5a00e38b9f54f6f12c9f1fd2b
3439,1764562609.5087776,0.000019847,0.000015649,0.000018945,0.000015840,0.000018755,0.000032771,e0e885f9c3cf91479a6af48823d730ad8000ccc3f68220e4c898ca5b2671c076
3440,1764562609.509863,0.000020888,0.000014206,0.000019486,0.000015869,0.000019235,0.000033542,38a37598866e7d4fd8420f508ead5989a023bc9525ab770edd1dcec041c729ee
3441,1764562609.5109277,0.000021560,0.000014817,0.000018804,0.000015549,0.000019907,0.000032790,1cb06ee08bb196c359f1f541055ab1e5ba3808920c61a318d471f50e411a47f2
3442,1764562609.5119917,0.000020298,0.000014317,0.000019516,0.000015859,0.000019216,0.000032890,70fc74c619e58db44da5e40235c76e290ffa17ab57cb9e27c594ef99afa40e8a
3443,1764562609.5130577,0.000021069,0.000014447,0.000019626,0.000015699,0.000019366,0.000032931,289995ff0770ba248d31a6b3b33e8ba72004c4aa11b229814a31d3a34563b8da
3444,1764562609.5140991,0.000020478,0.000014416,0.000019065,0.000015339,0.000018955,0.000032730,424a36a083a531b0a27d2e85c736f1685d25c65dad57d4c8fec950d7813bae74
3445,1764562609.515161,0.000019857,0.000014186,0.000020347,0.000015579,0.000019286,0.000032099,947577ab025898f854cac392b4107c9be61017f967252174a458cc7ef4ad2ee9
3446,1764562609.516319,0.000020798,0.000013956,0.000030246,0.000015849,0.000023483,0.000032360,16158f901835ad53d53868f71f20835a422cde70e4a5f98f2465688676198062
3447,1764562609.5185158,0.000028623,0.000023012,0.000042729,0.000022491,0.000044252,0.000066923,b1d62bd051de38cb2522511d0d809c26cb816c05c497f3ae71a21413d52c8093
3448,1764562609.5200117,0.000032059,0.000017783,0.000020808,0.000018835,0.000027200,0.000043991,1b6735dada76c5929859c3a2955561535f72f131f8ba8464b6a0c0d3b1ac0615
3449,1764562609.5211623,0.000022782,0.000015299,0.000019937,0.000017502,0.000022312,0.000040946,dc9ac3a21ba5e2d4eab11605a56e63505624d48a040379313bb9f674d5e7aa75
3450,1764562609.522581,0.000021549,0.000014837,0.000021180,0.000033893,0.000045484,0.000068246,ca0278e56b8042acbdcd2ece568b92f5e89a7ca1e9ce121cadcb425a6a5f1503
3451,1764562609.5237143,0.000021680,0.000014386,0.000019976,0.000016400,0.000020487,0.000033301,7800df403859369b3f48dad1a7f4996aa52d7398ae35a83facbbce2b42b211f3
3452,1764562609.5248787,0.000021509,0.000016119,0.000026980,0.000016471,0.000020227,0.000034163,56d1b05ca70c7023a88db6b90977f363333480e4d344a712d8c4d25b08dbd88b
3453,1764562609.5259843,0.000022261,0.000014667,0.000021039,0.000015729,0.000018885,0.000033081,d5a11e76b13aeae0748fd7287ed8dcb6ac4f957019ea803cae12c6f05315f2ff
3454,1764562609.5271697,0.000021410,0.000014708,0.000022552,0.000015799,0.000021399,0.000035606,bc0689fb2821bfca069347e751193ab1aa66943d2f657c54f9adeb26f8fba889
3455,1764562609.5283916,0.000022952,0.000015288,0.000023824,0.000016812,0.000023523,0.000036718,ceba47905bd91f36d07c0980299bcfafd724d9af075d37c93121986247282d02
3456,1764562609.5296054,0.000024716,0.000016410,0.000021250,0.000016310,0.000022342,0.000035646,060b452d54f9a22e113e76fdc691624e7e1c0c45d03ffef30fe145d38157802d
3457,1764562609.5308511,0.000024065,0.000017413,0.000021990,0.000016320,0.000024085,0.000036467,40959ffd7c74c99a76848ad962058a65e983cb87f7d7447176cc0ee68da042a0
3458,1764562609.5319943,0.000021289,0.000014998,0.000020488,0.000016480,0.000022631,0.000034344,7469c403f2cdf24a5a206161837d3b3aab5ee1e43f4840ecaf1e37c499f14566
3459,1764562609.5335221,0.000021149,0.000019466,0.000030767,0.000018584,0.000029154,0.000039863,055c1ecde09ac26e6119e0c66aa3acec4b5e60ca3b796e240538a3e4091745b2
3460,1764562609.536197,0.000032560,0.000017873,0.000080569,0.000035155,0.000069939,0.000100686,4c51f4208c6256cecc98b83e6822594fba371dc0c80243bbba3b9302dd464520
3461,1764562609.5387866,0.000038891,0.000016972,0.000034283,0.000040595,0.000091399,0.000104593,e7069aaa700af7bd474d0d0326435bc258cb37782d55ee42f7d27e2effc83709
3462,1764562609.5406091,0.000028843,0.000016421,0.000040254,0.000023534,0.000040224,0.000051355,28070a16b760d3dcedefa5267a1c3d6cb6eb6a173af91528f52ddef8bef56a6b
3463,1764562609.543062,0.000026709,0.000015829,0.000052197,0.000032410,0.000070410,0.000102138,31c17349336ffb0655f5295fe0ab8c87f2de2e2792bdcd375f9ec85dc0ce131f
3464,1764562609.545951,0.000060682,0.000033532,0.000027010,0.000042829,0.000081380,0.000092852,8d0c671014b41b5786854024699228bded528a31c37dc8ac61bcd5d0eb7342c8
3465,1764562609.5474017,0.000026169,0.000015940,0.000029615,0.000018905,0.000044122,0.000039213,3eb39f72a9e6340bf7201be61e589dc7461ab6e61a6084f55a7f47e334f751d6
3466,1764562609.5487702,0.000025827,0.000015379,0.000022321,0.000017192,0.000026339,0.000037730,d907e62fb67391d2c9a90e2b01f0ece57be106986674a750aa5dd60b0c8d9dd8
3467,1764562609.55023,0.000024646,0.000015539,0.000031889,0.000017452,0.000024004,0.000036748,cea9bba949e8e4d6b3982d1ad69f750b3c12daddfa8b39a686f6ab3436443c69
3468,1764562609.552007,0.000028082,0.000015729,0.000042288,0.000024596,0.000045975,0.000058027,68a4fd707e108edce2f20b94fbf9e598d958ef2c35fdce5ee6537849e7640b96
3469,1764562609.554058,0.000031268,0.000017092,0.000038210,0.000024806,0.000050694,0.000053800,db3b2fb5befe01a349e43d24fec86c0abb1c3aa84906a03460a82b612f47c579
3470,1764562609.5560474,0.000026619,0.000015549,0.000031087,0.000023834,0.000058748,0.000080539,1f904db385203e681bbf51af2251f83a48e477c3b5a95318585373315b60b582
3471,1764562609.5578012,0.000025157,0.000016370,0.000033572,0.000019707,0.000036878,0.000056654,365e4efd73b3f69d5da71106197530fad09480c348da9668a50301ada940eccc
3472,1764562609.5593567,0.000029695,0.000019246,0.000028222,0.000020818,0.000034955,0.000054391,5e065d8cb8c989b05d112ab91f5836c1b3fef2314c6ea2300ad4a601310467ab
3473,1764562609.5606756,0.000024645,0.000015188,0.000021509,0.000016951,0.000025407,0.000039693,123893700a6e8ec96dff9b2301cc9ceb9544f34d99ea545a2b5c41f25b024061
3474,1764562609.5620906,0.000023012,0.000020919,0.000025537,0.000019285,0.000029836,0.000045113,eb666cf7b724429a148f7878c01aa44681f229b729f8ab5ca74ade31015b03c9
3475,1764562609.5633082,0.000021570,0.000015749,0.000021029,0.000016922,0.000022572,0.000034273,b2eb6b3ccd55b3af3a387c60f5d908ddb5c209765dcb25e07397c5bc1df9b076
3476,1764562609.5645401,0.000021089,0.000015208,0.000021259,0.000017161,0.000024074,0.000034845,83d9744f4f7805a92d0f261e746ea13b3c4908c3df6dd0219fe28479445b5ac1
3477,1764562609.5657353,0.000021069,0.000015178,0.000022391,0.000016070,0.000020558,0.000033182,c5558d246bcebb0084ce029272ac1c165432cd13ab91a30ad5a85e6a877306e2
3478,1764562609.566975,0.000028704,0.000015689,0.000022502,0.000016992,0.000023644,0.000037500,003dccc72cabfb60bd9e9cf996c51eed55f2c04fa656ae53a66e1256e3fcd4ac
3479,1764562609.5682034,0.000024415,0.000014457,0.000021449,0.000018695,0.000024785,0.000041347,14e2f83e7b4c458a5f059f94be90d193a7618b82e5dec913b04bb9aeda9657f4
3480,1764562609.56972,0.000020839,0.000041577,0.000039573,0.000022040,0.000037690,0.000055753,b60f97f09644eafe0abe4ce213d6de77ac706aa0f12704f12fded48a78c2ec7d
3481,1764562609.571449,0.000032951,0.000017082,0.000036658,0.000023964,0.000038651,0.000055844,0209f970c10a6ea15a22b48b5fcc9f371c9a42587a21bc42eee4b64d635cb5dc
3482,1764562609.573356,0.000037609,0.000024184,0.000035035,0.000020268,0.000032981,0.000054711,47b9f4cea9ff6e9c351e9d427c5e38dca9f5a8d0a01fcb6768cfebf95be4f2f6
3483,1764562609.5748456,0.000032751,0.000016400,0.000023534,0.000018765,0.000028753,0.000039282,2a54a9dd4974c15b7c99b17ccc91e868b184f083a63cc8b1d1e444ee846c220e
3484,1764562609.5765278,0.000024145,0.000015839,0.000026399,0.000020378,0.000042779,0.000060682,47a975e6538bab4762f3a19ac59cf4cd5369abb3ecdbf596099e13cf775426c3
3485,1764562609.5778785,0.000024785,0.000015599,0.000025326,0.000016942,0.000024716,0.000047587,ec5bd650bbfea69d84d62340b0e99091a55bcab8f6e0c3332afd6f6b567ceb03
3486,1764562609.5790846,0.000024726,0.000015458,0.000019726,0.000017102,0.000023393,0.000038481,6ed2baf9762ab664b239b7d586e31ebec12bfabd205b97fb66cb7a7b3ae53c73
3487,1764562609.5802026,0.000020258,0.000014948,0.000020869,0.000016220,0.000021119,0.000035536,90b0d08f8bcb79866ef2ed3069ef4f93356779426f3ca0de628a0b8b63d90431
3488,1764562609.5812912,0.000020868,0.000015408,0.000019776,0.000015458,0.000020548,0.000033081,89594c62cdf51a62654ca0ade986071600f23820035adca02f34b151f971f8e8
3489,1764562609.5829194,0.000020027,0.000015799,0.000025898,0.000033251,0.000043800,0.000069979,53e8bb471bfcd8a8462683d94d71c8927d6b9cad0ac12b124b990ef9d7bdd6ea
3490,1764562609.5843334,0.000023714,0.000015037,0.000023453,0.000025527,0.000036628,0.000053569,775943c33ecf218315d58917c8f01cf63c98ccb22c5b753ee6846d956fd7296f
3491,1764562609.5860167,0.000029254,0.000025406,0.000027300,0.000018093,0.000032781,0.000038952,de04febc459e387b108f63e90123bdf9c8c232ad85c6405decdbf178318f6494
3492,1764562609.5882914,0.000036948,0.000017953,0.000050073,0.000033732,0.000131754,0.000054411,9c9be56ac523842fddcd1808463b15327b02063cf7b6a8fadd7c02412e681927
3493,1764562609.589941,0.000033051,0.000017623,0.000030356,0.000022972,0.000035456,0.000041897,26d7331e73faeb9f5309bc77e0829dc5f894686532e62bf2d5cd3fead239bd02
3494,1764562609.5916169,0.000026399,0.000015920,0.000034304,0.000020237,0.000033461,0.000059520,43a6215abdaba4aeca6ee51f3a9590b25bef6d6a2e0838197b83b0cfb0f3119c
3495,1764562609.5934625,0.000029815,0.000016711,0.000028012,0.000027912,0.000043129,0.000055012,7800eddca6318f43fc87c7cd0878ba0c62b65487bd76da2be60df0085f72f34a
3496,1764562609.5951977,0.000026199,0.000016641,0.000023564,0.000024826,0.000048840,0.000052607,e4ef512cce9a50fed31271ba64367954536b23e6eca41fe946d1017a64ca82a8
3497,1764562609.5964122,0.000024916,0.000015409,0.000020658,0.000016701,0.000022742,0.000038742,2cd9f14f1ea2bdf41b93bbbb94d43fc942c0d0b9b01c7674cb8a688345dae59b
3498,1764562609.5977795,0.000022221,0.000014688,0.000025577,0.000017272,0.000023834,0.000036467,10e443fc04e0b608adebda23f55c22ebe75264cde1929d8c888bee6c77d21145
3499,1764562609.5990748,0.000026369,0.000015669,0.000023353,0.000016641,0.000022582,0.000034544,97e85e91b3cc47ff61523ab6dcd323aca379ce4bf895c689f5a6f6029c7ac263
3500,1764562609.6008043,0.000023464,0.000014938,0.000030376,0.000017623,0.000025898,0.000043631,e283097d78a359a70940ad8d9fdf0dc60c316b13a8f32f80fded9b2015a9a793
3501,1764562609.602149,0.000025788,0.000015529,0.000022682,0.000017322,0.000022962,0.000038982,8011b4fce6ea024c0c88b57936c13e040f452dd18d07da73b858572b31b1ecd2
3502,1764562609.603417,0.000022962,0.000015158,0.000022321,0.000025748,0.000024786,0.000045835,60c08f6d9cd238ea370442b4ca1c68ae1810ad6489f7292ce1af007d9aa37c64
3503,1764562609.6052403,0.000024576,0.000016631,0.000035816,0.000024415,0.000042178,0.000061764,5b3a7cc5eceb92b31e808f50da740387e1c365ded0e4755850e974393bd35365
3504,1764562609.606609,0.000024315,0.000015940,0.000026709,0.000018905,0.000028092,0.000038931,afb684a8c859e89eee8040f9c59ff1b2dc9ab4623a8b54895a3de6d3556d88f0
3505,1764562609.6080983,0.000024175,0.000015388,0.000055172,0.000019255,0.000032800,0.000043761,e4639447df0a19ef472525542f36c2cf60b03af4e149f085e37bafba5d52f1dc
3506,1764562609.6099627,0.000024345,0.000016861,0.000029906,0.000035495,0.000055363,0.000067996,4debb0637d7658c47997dd12c3435e7f0f0e52015ebad6c5a2447f211505a8b5
3507,1764562609.6114588,0.000025356,0.000017042,0.000027531,0.000019867,0.000030777,0.000051345,708eee4b34d8196973f931d5d7f11c2283a57fbd747f619f6c6da2cb7a4432e9
3508,1764562609.6129212,0.000031127,0.000016912,0.000023313,0.000018384,0.000024966,0.000040425,7d875342ca78f908d23ab01f4b6723917a8032ec16044bf732f85be215c64fde
3509,1764562609.6143987,0.000023133,0.000015098,0.000035505,0.000022391,0.000034654,0.000039733,43fc44b06a645f3ceea2ed727df1e69f6f41bc329d8cb60e390b63266ae89551
3510,1764562609.6166506,0.000028944,0.000016721,0.000046225,0.000033342,0.000063287,0.000100856,7011a683e6f7eb1c49b239cde234e12e5fda32e867daedaecb0b1c2521975fe7
3511,1764562609.6187456,0.000038120,0.000018955,0.000027822,0.000028633,0.000064058,0.000074878,bda8728d095945c0a26edd458acb55200095890c628ab2c8f0e84037c6653b4d
3512,1764562609.6201448,0.000026859,0.000016761,0.000021299,0.000017963,0.000024706,0.000041497,c531f16c70f6216e78c3eaff6f53a2d983da8e3d814b0b3048d02ba730daf707
3513,1764562609.6218567,0.000021730,0.000015018,0.000050583,0.000023093,0.000035436,0.000050844,09b6261c4e2ce7ba9342ab4940366285fb1fc4b6d75367719116b716a6829a9b
3514,1764562609.6240897,0.000048520,0.000031108,0.000035976,0.000026108,0.000058228,0.000077683,39463437cf8b1b34334c70d81f667c572ca79c25010ad6a7c1f03818186683f7
3515,1764562609.6260238,0.000027351,0.000016400,0.000033713,0.000034934,0.000067244,0.000075971,4e4a79d5c69b582dc7484d53c88b294e58b02b93a18a1c5bcdcfb4e9ec0a6421
3516,1764562609.6276612,0.000030837,0.000017241,0.000029705,0.000022301,0.000040716,0.000059290,a537e03d1cb08b7ae95af5975cc3c57babdb91ce4acc61fd98c92fc32edfbc97
3517,1764562609.6291142,0.000028313,0.000017082,0.000022392,0.000020918,0.000034083,0.000053809,c5beb35123cc37b08c3f34d49bdc9cd3a1f27c93fd2eaa81df73e9e8b3a75e3f
3518,1764562609.6303897,0.000023363,0.000019947,0.000024756,0.000017873,0.000025377,0.000037309,549123b699f6cc8ef282de647d0daec8611281af5c17af3f2cf6b51931c3767a
3519,1764562609.6315494,0.000022912,0.000015118,0.000020278,0.000016220,0.000022472,0.000037860,8335cfeb86bbccd30c7ad8cc0dbb88de506b9fe3e74b5bd86982d5780be159bf
3520,1764562609.63276,0.000020818,0.000014176,0.000023353,0.000016521,0.000021520,0.000041507,98cb3b506d888d940661f0172fef31b99ab6abde101c9e9b63054fea283d0127
3521,1764562609.6343665,0.000022241,0.000015027,0.000027260,0.000021329,0.000041586,0.000059680,1250b8ca776624160279322eb389afc9df405329f21d3eef353cd02905a3b837
3522,1764562609.6355844,0.000022302,0.000014727,0.000021059,0.000017953,0.000024305,0.000036628,62d683bdf680866b62d95039a0eba786717112eb1bb5a0532dd172cb83a1e987
3523,1764562609.6369495,0.000020738,0.000015098,0.000027280,0.000026529,0.000028392,0.000049561,450e3188c132e395439a1a7418949c215553ec14106cb7ee3874c9ea49ac5656
3524,1764562609.6387923,0.000026720,0.000015899,0.000028643,0.000030056,0.000055372,0.000083935,45f44a0bb84408afcca56bd36eab00e53f7f08f9755d2204ed2615031da5c720
3525,1764562609.6409006,0.000026098,0.000015870,0.000036948,0.000029294,0.000059640,0.000092160,fcdcbe82b6b2c01ad7dbbe627ca0475d76669b7dd14351a27dfd5564baf337eb
3526,1764562609.6428041,0.000027050,0.000015098,0.000045454,0.000024966,0.000054882,0.000087572,368cfce4cf08a18fe68cc6e6c9f4414cd7a88b7c1b39daf9ba57a8beeeee51ad
3527,1764562609.6447937,0.000036407,0.000018013,0.000037990,0.000021500,0.000036628,0.000067295,fcdd7c076af37babb1da01107bc4778647bd75d2ec7a5de3b080856d19cff128
3528,1764562609.6465447,0.000039323,0.000019166,0.000025106,0.000021059,0.000042228,0.000058017,e62a9ea898180fa4084e77bfb9fa9b2cc8e426a33d4514a1020da9603a8b94e2
3529,1764562609.6477556,0.000020849,0.000014767,0.000019246,0.000016651,0.000023914,0.000038180,cab50fecbf8d50b4f80dbeebb4af9fab554425ab3d89f7658bbb2dff1a7cc1df
3530,1764562609.6488712,0.000020218,0.000014627,0.000022842,0.000015889,0.000019956,0.000032871,035235fd7982884493213eb1eb583314ebb3a3bb2d26b81f6ce6fcceeeefaffc
3531,1764562609.65015,0.000020518,0.000015759,0.000031659,0.000016481,0.000024235,0.000036407,12a6d2fc9eecd8137cdeb68a5c3c2e2bd90e240b0a1640d2a398f964d6c166d8
3532,1764562609.6515794,0.000034744,0.000025457,0.000020569,0.000047337,0.000032170,0.000045183,05a8d74ac8cef6f5fcb9a53bc6ec374e1b4c28711089f4674c93f5bb435a97a9
3533,1764562609.6527739,0.000020999,0.000014387,0.000022201,0.000017943,0.000021390,0.000037860,bd6197e93b9f8d63824b1885df9b85747759a0a32ade262480afdbb2bd9628a2
3534,1764562609.654055,0.000024505,0.000014998,0.000029985,0.000016290,0.000020588,0.000036106,7a5cc9cd7fc3653a2d3d675c52d213ce87613a28599854ab1a89ba725f5691da
3535,1764562609.6555717,0.000025176,0.000015619,0.000031017,0.000019175,0.000037809,0.000044652,b11e75f1689f1e1c490e096faf886371fb7978bc7696b0c91dc829b4eb1b7091
3536,1764562609.6577678,0.000025788,0.000016050,0.000048109,0.000037599,0.000057967,0.000051044,7997362233ae2c6dce6241e5bf6c91ca5b5973bd4170f8e73da505c8cb8e6dee
3537,1764562609.6599417,0.000036387,0.000016460,0.000032911,0.000032139,0.000062125,0.000083485,26bd09102745827b43e5e55ddbd5a829b87fe7c73a8372b4567a17e83ba23629
3538,1764562609.6614294,0.000028793,0.000014978,0.000025607,0.000020568,0.000038691,0.000052326,19bf9e26d63d3b007d3732727c0597d44d3e077833faac15d277e1e17b0522b6
3539,1764562609.6627395,0.000028263,0.000016230,0.000020457,0.000017683,0.000027190,0.000043570,119410c153e9f0b4d1aa9aa5b010dbe6fe275e7ab049a0440174db072781851b
3540,1764562609.6638894,0.000029504,0.000015689,0.000020979,0.000019506,0.000020468,0.000040114,5016a6d87d3488d4d9f814db6bb6ce1c8d4b24025ed8bfbdc525f5b2508c5fdb
3541,1764562609.6651187,0.000027882,0.000017011,0.000021650,0.000016801,0.000024485,0.000039443,b939f7d777a07fcad1eab3ed3eb194fb75f7b8bc6f884abad9eaf7c7d6ab719d
3542,1764562609.6662617,0.000021069,0.000014487,0.000021579,0.000016721,0.000024656,0.000034133,d396211c1e88d12bb2bb926c9612df67f845e2184cb85bbef4d9dfc6df06206f
3543,1764562609.6677532,0.000021480,0.000014678,0.000024776,0.000022081,0.000041366,0.000047177,c1083d63b2ddcb526c16cce73a935a8b2f7e479e09cc9842350de6c6278ed983
3544,1764562609.6690757,0.000024635,0.000015509,0.000021420,0.000017202,0.000024545,0.000038491,dd31896c5f2aa6f421c7979e1c18a27698861765141772e3bc1e41aea86d5575
3545,1764562609.6702507,0.000021409,0.000014838,0.000021129,0.000019026,0.000027350,0.000035225,d7dececc02de57cd94d32f47edd8f8cfe98324d3d8af22c796908af3ab94100a
3546,1764562609.6715968,0.000022732,0.000015619,0.000045374,0.000015839,0.000019115,0.000033142,419820728a08d163842dfd93afcc32422c3d2f8a6af4ee58392f38ae78a99733
3547,1764562609.6738832,0.000044202,0.000031668,0.000056815,0.000023062,0.000045514,0.000053359,37292343bb188361bfd31a3da8fc130717a469dcc27a81269a629ed51b3228e8
3548,1764562609.6765993,0.000034965,0.000017473,0.000083234,0.000033933,0.000104593,0.000099845,fccdda69ec41866114b27dcdcef48b93d79afd8f9e2587f3bf31aa31bf4e00a1
3549,1764562609.6790595,0.000041837,0.000017462,0.000049842,0.000027100,0.000057566,0.000085849,6d5688bff17a78533ca54b977757c912554eb5c166bb3fbc0f0d483455501428
3550,1764562609.6812642,0.000046587,0.000031098,0.000027421,0.000031398,0.000044042,0.000070680,cdee7256df0712154a7c54c78654d94c8fdc9f390d517e91f0c43bd07cf99b0e
3551,1764562609.6828618,0.000023413,0.000015319,0.000028393,0.000025257,0.000045795,0.000058298,fe72b7d7343b091d860eb31bcfaf5b3aab646dc508014f156cb9e7d2078fa9ec
3552,1764562609.6842687,0.000024135,0.000014727,0.000024315,0.000021169,0.000035546,0.000059610,31b2a40745a5697e44bf9ff8674986589df238cdfcb27bb1e41980f9623cc37e
3553,1764562609.6857185,0.000023964,0.000014868,0.000024425,0.000020748,0.000030526,0.000049882,6fffd16ed5642cc5076ffadeeec682f99f2ec594afd99fc2fcc960c21c803a55
3554,1764562609.6869607,0.000022932,0.000015419,0.000020708,0.000017983,0.000026559,0.000038992,277d82c0d317a8fd43f1acb65b3da14000a5bdb836c5cf73d8435f5389e0d42f
3555,1764562609.688085,0.000021490,0.000014967,0.000020408,0.000016520,0.000024055,0.000039032,0880a2ade282c85b118eda0dfe17f24d3fcc76f8539763f7aab81c05f2bc9ef4
3556,1764562609.689541,0.000021289,0.000014386,0.000022431,0.000021419,0.000022572,0.000072204,d3600a909abaa2d0a934620c23796574715d08d0c55a84f25c44fbca5ca550b1
3557,1764562609.6910915,0.000023523,0.000014987,0.000038662,0.000021379,0.000033111,0.000045825,2c54e28e55b52a3a2357e91c8038a38777dcb1e62924bd15b8a85c3c2e7d1ca7
3558,1764562609.692996,0.000028713,0.000015980,0.000029103,0.000022221,0.000039713,0.000061484,6e99261b739d8243c21c78c0cbee3f735653278a6ee96bb0c07051a6f365920d
3559,1764562609.695161,0.000030998,0.000017703,0.000030466,0.000030577,0.000058869,0.000085969,b0c612e92fddee648efb729495ed2bb2e089aadd04405e75df4b3230d36be6d2
3560,1764562609.6974277,0.000025868,0.000015269,0.000040886,0.000029113,0.000057917,0.000077894,d158978be647a5be70a4a4674a8fcd23ec68eabf996bc557e970f6d61755cff0
3561,1764562609.6992886,0.000034755,0.000018554,0.000033733,0.000019396,0.000038381,0.000052847,45bc6d1003011d2ab2dfc8b92000d6a416da5e139ddbf293c5e8bc752aa663c8
3562,1764562609.701291,0.000036878,0.000021199,0.000046135,0.000020097,0.000036397,0.000048890,b89e1fbb80848f9b8baf55c69dbf7b892c868f78b41daeeb4fc3e43e5e12ee26
3563,1764562609.702884,0.000035796,0.000019025,0.000025948,0.000019215,0.000030616,0.000043541,3f30831540090631b2a6d68f51757cbb004d416ad940b5326b13210dd54eb383
3564,1764562609.7040932,0.000021860,0.000015499,0.000021610,0.000016591,0.000023083,0.000035014,d67cb3a409e596408703595b2fc1749d185bff7f579fa5ef70546dc2dff4ad93
3565,1764562609.705367,0.000021450,0.000014968,0.000021038,0.000017452,0.000023934,0.000036517,05c2d44f0e8b3cee379620f7d42629c1ef57ef815a5436f4f5ce2beaa021c16c
3566,1764562609.7065787,0.000020668,0.000014788,0.000022131,0.000016981,0.000021250,0.000034033,c3133f67698bc556d50475823545088bf2b88db05e54cba81fc2f97af4d6647e
3567,1764562609.7081573,0.000023783,0.000017763,0.000036117,0.000021570,0.000034994,0.000073465,23b245b3c052b3ec3d455e5adb7adeb52d037306d3871fc5502fd8b774adfd0f
3568,1764562609.711162,0.000038101,0.000017382,0.000079436,0.000042017,0.000056174,0.000131853,307fd1c5a46fd3049b4eebb82a198c73f1f86dd3f4dba16a845dd8c778b07285
3569,1764562609.7146666,0.000038110,0.000020678,0.000078526,0.000027581,0.000064850,0.000091319,c7e6a25410d788fbd473acf5f097a52c5dce4c0d08bd64922777b708ba8ddc66
3570,1764562609.7172186,0.000048880,0.000023163,0.000036738,0.000029595,0.000065682,0.000065250,d8f80f0478905e646d8136f8d9c03a9790fa00996f456b5ae1f4ca93237ca098
3571,1764562609.719776,0.000048249,0.000038812,0.000040595,0.000020959,0.000043741,0.000046025,aab8fb10d5e33da0c13c5ec0cfebf68f901aff5a7deca7270308fbb07a4feb04
3572,1764562609.7212365,0.000029134,0.000016039,0.000023504,0.000018945,0.000028693,0.000041587,be1d48facae5139151059b60236df104c2bf7145aa079b2e171bebb77233b566
3573,1764562609.722407,0.000021550,0.000015489,0.000020307,0.000017332,0.000021820,0.000035154,52ae78d9afd53062a6a8ed28a33f84e6d17af45f5fd037752c337a9cbbeae514
3574,1764562609.723549,0.000020748,0.000014787,0.000021089,0.000016049,0.000020698,0.000034063,768008767893125b9bdd54a18b595923ee1b7088aaa5c910111ec15c353f2af9
3575,1764562609.7256868,0.000021570,0.000016260,0.000051355,0.000036588,0.000069689,0.000103331,503d648535a40a497ac9a5d7b70708e64e9df150fd381a444fad85c3a282c5af
3576,1764562609.7285745,0.000047357,0.000026960,0.000051905,0.000026670,0.000052126,0.000090357,7d0e81a136b42087a953d628151471db1419d8410b353c0b11d3988d98ec4e87
3577,1764562609.7306364,0.000035836,0.000018064,0.000054441,0.000020999,0.000044522,0.000055423,6f687349d06759bf4ad2d607f0e381f8fa63fee53a38d99dbe7c281ac35c3c86
3578,1764562609.7324169,0.000044151,0.000017212,0.000024245,0.000019466,0.000034654,0.000043871,ae2013f09b9184e6b70dee653a8f8213f83ccfbf03bd1adc890ab10751caa916
3579,1764562609.734636,0.000027481,0.000015319,0.000031017,0.000033271,0.000057826,0.000111987,a87de0c92bdb2f7eda365f693ecedfa0150374851336723f223139e30b0bbaf2
3580,1764562609.736292,0.000031679,0.000017152,0.000022561,0.000021049,0.000036578,0.000052908,00c3bf424964b6e49dd5b55f539cde8f609271384f1b34adafe7b73ffcccde33
3581,1764562609.7378047,0.000023403,0.000015108,0.000023203,0.000016641,0.000021800,0.000038150,20fc76a71826077d25d80d7d6d8b21c5af1075eaaf8e15cc0c1c8d54f5abd739
3582,1764562609.7389936,0.000023513,0.000015349,0.000019946,0.000022060,0.000062866,0.000033922,290b83f4553e9c89c5063fa3dc39b40ed39cc7bfd1a03198e2ab8b066554e8bb
3583,1764562609.7400901,0.000021220,0.000014667,0.000020779,0.000015418,0.000019186,0.000033071,2d978186f4a5817ac93c8c2e848defc85de3d736bf95cbb0071adf472bdd8f4e
3584,1764562609.741944,0.000022461,0.000014998,0.000052737,0.000029644,0.000052386,0.000095456,9d6789a64c9e5fe9f54a59c296670094fd8405d30130126324bb5615aea04e93
3585,1764562609.7443056,0.000043651,0.000016981,0.000042910,0.000022321,0.000037319,0.000061523,c6fd221f1edf74ac4cf677c1e16c84e846826456fd6f2ae63b263ba0994f4b94
3586,1764562609.7461426,0.000030156,0.000017062,0.000033842,0.000019907,0.000033702,0.000043210,579f34082faa1d3f6bcb244823f503ace333eaad6eb0c5cf9c6f9581e3b871d5
3587,1764562609.747884,0.000031869,0.000016561,0.000032230,0.000018494,0.000028893,0.000050022,48ad77497e3a7450faf08eb7c2b0b7a5e7fabc42f556e658a71b3217870bc623
3588,1764562609.7498279,0.000030627,0.000016430,0.000056124,0.000020257,0.000037409,0.000060572,decd0a07ff526f11ca20eb5e38cd614ab96e90453296937356ed0c500be29550
3589,1764562609.751716,0.000047117,0.000030326,0.000022281,0.000020848,0.000034174,0.000051666,b71479b1338d6c9898e8eb7f5efec139087cec0c80bdb426ff910a1a1ce75ddf
3590,1764562609.7528818,0.000022221,0.000016761,0.000028542,0.000016019,0.000021390,0.000033582,67f131725c265ac3174b1d168e75aa5da3d60af2f00d52e068b5b1b57f11f73c
3591,1764562609.7540324,0.000020758,0.000015368,0.000026508,0.000015679,0.000019707,0.000033852,f55b57e67003fd72d79b372c480237f71cffd581674bf4b433d19fa61d8ac3c4
3592,1764562609.7556732,0.000024074,0.000015288,0.000031428,0.000026239,0.000042388,0.000059029,d8c0b94c7154ab1639062a05ec5faf9f95bdc4d4ddfda3429719ad8c20bc0eb6
3593,1764562609.757094,0.000024415,0.000020558,0.000028051,0.000018725,0.000031568,0.000041908,e78e6db75d1ba7bfbc1780158d8721e678c110d046433ff37e41f36f71d27b3d
3594,1764562609.7594125,0.000026259,0.000015659,0.000105415,0.000024556,0.000044783,0.000060963,4f61d94a89806f3f78d9b0e5321c5c2251461435f67e2bb574ada7374a276acc
3595,1764562609.7621315,0.000066994,0.000046085,0.000027230,0.000041717,0.000065261,0.000074317,ae53d3ba8ea25eb259b9d52449434206bc7766991cad3f7ae07f2bb17869a6bc
3596,1764562609.7634318,0.000023984,0.000015478,0.000022021,0.000019336,0.000028152,0.000038841,53858eac798a1451ea8587b7107d502b98181cc491af12887b782a127822ed43
3597,1764562609.7645833,0.000021921,0.000014957,0.000023063,0.000017072,0.000021089,0.000033632,ba3a6dc0e1de76f948810d0360f0842ecab3ed53478ad3f7a2938aa80431890b
3598,1764562609.7664425,0.000023053,0.000015750,0.000046145,0.000024115,0.000044422,0.000055102,85b9170e4f04147ad0f06aebf8f813a3e0bb7dc4fda43c3c51e19a1dc81f29a7
3599,1764562609.7690952,0.000035325,0.000017432,0.000056695,0.000033231,0.000065901,0.000107279,66bd173adb759234943d33005efed2f49cbb105f6f0868a9a13d4162ebd69e9c
3600,1764562609.7716212,0.000035015,0.000018084,0.000038200,0.000028092,0.000053559,0.000083885,296c0995052e8a34d368d1862efdd7af2b3a1b56f1a53c241f95454acd9f07c4
3601,1764562609.7736735,0.000033261,0.000017182,0.000030085,0.000027100,0.000058178,0.000074568,6f5b431f8a2d2728127c22a6e285464534c0169a36ba71d71fd557f07c0d163d
3602,1764562609.7751596,0.000025878,0.000017642,0.000021960,0.000018725,0.000029074,0.000045795,ae521ec7fc1c19f29cabf7a45fdb2a7312fe1b621dc47df07e001de7caa4f816
3603,1764562609.776358,0.000023303,0.000015018,0.000021279,0.000016611,0.000022011,0.000033512,86612b1106e3fdd2d9e4618153aea362119cf6931da4d3b26dfb7cdfade195a9
3604,1764562609.7776349,0.000021710,0.000015058,0.000023714,0.000016620,0.000022372,0.000036898,6fd31ff88016a4284e262c1b21c6a3f70dd75b995926cfd9fcf216dbc09f55c5
3605,1764562609.7797992,0.000022582,0.000016230,0.000061053,0.000021249,0.000042088,0.000054070,cc5cb2cedfaf73350f254f74434a3a9fa0f91efd79bd3c73b6550753d52118e4
3606,1764562609.781777,0.000028643,0.000016160,0.000040976,0.000025988,0.000046596,0.000073215,714840fdabffce8e16815b858ae575b31a311d343fec0d952893e0f5707045aa
3607,1764562609.7839699,0.000028042,0.000016120,0.000032460,0.000033281,0.000065942,0.000088082,4ad348e208dde3a679d819a3f7ec167715903cbbbeb76c2e49582dcfb8e5b21a
3608,1764562609.785623,0.000025728,0.000016401,0.000022682,0.000021830,0.000038682,0.000054671,dec1519f95a2de2ab3eb5d04cd20cd7bef86f9900ff49d85a75f2cef1f192f39
3609,1764562609.7868457,0.000022461,0.000015088,0.000021460,0.000016911,0.000020869,0.000035034,e24ff146801eb4222fd352ee17e69341efe6ac4259d4a061ae76caa9b7f11d41
3610,1764562609.7880704,0.000023514,0.000014537,0.000022111,0.000019065,0.000021901,0.000037349,5758df6e5d90ef64e8544c28244d3c2f49191af3c8ea4f48dc909947421e4037
3611,1764562609.7895625,0.000024605,0.000016571,0.000028723,0.000020207,0.000032871,0.000045664,0f26e99633227c0159984dbea0de2aff672bb42c3700513e3a745f84b5efb873
3612,1764562609.7912116,0.000025256,0.000015900,0.000029304,0.000021680,0.000039332,0.000050033,df22c9b7225920a9c5ff72f071abf63deb4cadea1370ae120a265384b73da5a2
3613,1764562609.7931366,0.000024896,0.000015389,0.000034704,0.000028132,0.000047027,0.000070350,07f1368759aac8ab1731df2769634cc3ce4a1374b1b05f3a2a82fa85caccad5a
3614,1764562609.7945797,0.000023343,0.000015629,0.000024044,0.000020168,0.000031077,0.000046826,e9718a7bffb4fadfdf4bae2dc8043ea51fd930892fe5eaa3b6d5e35653487ede
3615,1764562609.7958868,0.000023393,0.000015940,0.000028082,0.000017513,0.000024736,0.000039242,7cf5c8875af6b91ec46aba19e3b2361e01ff08f2ee51f05487d27cdc69414dc4
3616,1764562609.7979426,0.000022351,0.000015158,0.000056855,0.000021530,0.000039142,0.000090678,0e2542a79ecd5253e4691e63b4a2364676bbc4eb0d5e61f03bb9b419700436a7
3617,1764562609.7995121,0.000029615,0.000016551,0.000032930,0.000020027,0.000033642,0.000042359,e5fed063775646a19998097f6f6d3ec9b7d0be0d28cfa6fc89b25446921b2790
3618,1764562609.8016021,0.000027110,0.000015889,0.000034143,0.000021129,0.000039382,0.000048831,2badcf6a184fb791014f4d4b15883f61d2535bad5b557fc37c122b51dd68b12f
3619,1764562609.8033724,0.000029194,0.000016781,0.000027270,0.000023944,0.000039724,0.000072544,ab3ba1a1bf03e70b0eb030c807892c276c7561f3e7a2cd3c238d160b1d075376
3620,1764562609.8047438,0.000026939,0.000015599,0.000024105,0.000017202,0.000025767,0.000037128,62d3bce5f02ae325cc484f3de5269b346dd16fdf380e5d97a8c61270b7d0aa56
3621,1764562609.8059494,0.000027601,0.000014908,0.000021920,0.000017622,0.000021079,0.000033953,a5d5613574e656d3ec5b13721d83498138ff29817080bf42c3e216b801d84f52
3622,1764562609.8074853,0.000021560,0.000015158,0.000030236,0.000019887,0.000035085,0.000046786,df16ee8876846777fbfeb11a99590ea43f75141593a9ad1533edfebb8df988ad
3623,1764562609.8096745,0.000027030,0.000015799,0.000038050,0.000035285,0.000080930,0.000123017,9dc6d7a820a53cbd0cffafc95a08f1cfeb064c5cee650badaf900144510ec7ce
3624,1764562609.8121715,0.000044883,0.000017062,0.000038020,0.000031438,0.000070800,0.000089506,a0a84fd40a4a0fe6429e3ae9a997dc66c14eea7746dab3b1b5bfcb571b33d906
3625,1764562609.8140178,0.000026028,0.000017251,0.000022472,0.000020778,0.000043611,0.000055272,f9775719d4d588369873c830b141c5e32ab5319b08efc05ac38f6590c3530fb9
3626,1764562609.8154643,0.000024715,0.000014897,0.000025167,0.000021089,0.000032270,0.000050333,8c2d58a5c94750e26f8f0fbf40dcee799b758c82cee8d8dea8a6f06aff64e607
3627,1764562609.8170161,0.000023854,0.000015128,0.000032870,0.000018504,0.000029284,0.000050433,a45812f336de35488abc6b572d5c890a5bf2e1dfbe930fb0bf4cdc41754d735c
3628,1764562609.8187551,0.000032070,0.000016540,0.000035456,0.000021259,0.000035315,0.000045594,97e68088cac2db2c386b0523bf7673e6f90882a82446bc221d406bf007fbed17
3629,1764562609.8208692,0.000030867,0.000015679,0.000043991,0.000023543,0.000045123,0.000052988,e26420ce493cb09aa29ffcd1def26d8383c9e52c642147edf020e0eb2ba7f369
3630,1764562609.8228593,0.000034985,0.000018303,0.000026890,0.000025988,0.000057486,0.000071001,fbeb6e4b20991a50a3e0413ebcc8eb161625f6b281493554437aac336434faac
3631,1764562609.824726,0.000030066,0.000015959,0.000027009,0.000025808,0.000050644,0.000070580,8154d71d08993ba1f90371b518b5a1cc0937d8ea34bf188f1f1f9a5f1e8dcb7e
3632,1764562609.8261895,0.000025267,0.000016160,0.000022371,0.000018634,0.000027070,0.000043791,9a5e880334d7ee77f91ab35bfcd35576140ef8d26177b70f914f21703ab7a6f5
3633,1764562609.8273983,0.000020938,0.000014657,0.000020778,0.000017071,0.000022813,0.000035485,72aba13b9b7fa0eadee6da27dac21a029c313044793b51046ed57211440bdee9
3634,1764562609.8285906,0.000020728,0.000014617,0.000021299,0.000016861,0.000020879,0.000034644,7fd855aaa12458618d5efb65fc0cdc92d03477a3067b34f27916034f622d77e3
3635,1764562609.830437,0.000022571,0.000015248,0.000039252,0.000031197,0.000045514,0.000070290,63b4f2145deb82a3c956f09bdfee8a67a83ec34351c1b1d32ba887dffc19c4cc
3636,1764562609.8322585,0.000028313,0.000016631,0.000038070,0.000021479,0.000042769,0.000051735,e875199b1bcd0c2cee17eb2c05768879069705c74df26429b630df28fe4b8a8b
3637,1764562609.8347547,0.000033232,0.000017893,0.000043451,0.000034624,0.000077674,0.000119391,fbb574557f0087930bf44af604cdab69f150bd4368532a0f6bc11ff3c8aab7d0
3638,1764562609.8370376,0.000032901,0.000018194,0.000026328,0.000024686,0.000046716,0.000065791,a2025eff5fa1d7693706c85983484514ec0b81cecf621d4216f98398ca7136a8
3639,1764562609.8383718,0.000023634,0.000014937,0.000022792,0.000016881,0.000024846,0.000039373,9e9738ec75b380cae3c09d595ef7d1e5ce1524fcb331cb9a5f1e3463a8ee3140
3640,1764562609.839988,0.000024265,0.000014847,0.000049632,0.000019005,0.000024816,0.000047017,ecfb127f7c473ba7b0ad2251e094cef53ff2ccfd33782447cc4c4ab344b9a900
3641,1764562609.8417263,0.000033271,0.000016391,0.000045835,0.000018975,0.000031969,0.000044252,1f35d53b191b33c6ad877f9de412a516b151451136d0c555cd6e092fd97ce549
3642,1764562609.8438442,0.000032290,0.000017011,0.000043010,0.000024996,0.000052257,0.000081581,3efca38ed4db5a28738eff29549d5057a0f453b2994ff335eb5dff15c9d2ed1d
3643,1764562609.8493905,0.000051606,0.000026499,0.000150869,0.000065851,0.000142354,0.000175264,648d82692306d4d85f98dd473f753cbd1748fdfc79a442cffe94edc1bcbfe08f
3644,1764562609.853728,0.000072453,0.000026749,0.000054551,0.000044753,0.000100095,0.000141201,fb359240d445789db428dce48811c23513b15724ad821ced6b9120819c6eb60a
3645,1764562609.8566377,0.000039373,0.000019015,0.000053800,0.000039253,0.000076471,0.000086730,d8dcac01aeb9f61574df6424dd8d69b6ed37f939e7d757f0c8777f0e50eeab43
3646,1764562609.8593621,0.000036718,0.000019245,0.000050313,0.000032220,0.000057326,0.000077263,80214213beda3949eae35c9497d34e0b5827a9b33c21bc5b39a1aac33b572d1b
3647,1764562609.8622284,0.000043531,0.000017954,0.000043450,0.000043430,0.000087602,0.000119851,69a83efa249f3b6bf9dd494847a40f220c22c1c5e3585072827fa9e450d75296
3648,1764562609.865879,0.000043561,0.000020158,0.000073736,0.000066283,0.000146841,0.000191334,bce19988dac16c57710b0eb1c3ef40925e671e9b159d2a2c8e402c03aabe673c
3649,1764562609.8697093,0.000056464,0.000026730,0.000138736,0.000035616,0.000127846,0.000088955,6d16928ee55da8fcf69287efe798cf95e09972752994e8287a04d6ac6c753581
3650,1764562609.8731084,0.000067805,0.000026980,0.000046445,0.000037399,0.000082633,0.000111596,a68827bf15c04cfc54edaca88eb327e6e417bc3980850b38a9da92792c5f64dd
3651,1764562609.876635,0.000038541,0.000023053,0.000068166,0.000054941,0.000091208,0.000121063,820b16f536bad46438068707bfa4acd63e4ec7e16761b2aaae43b7628b0805af
3652,1764562609.8810248,0.000061333,0.000024625,0.000100596,0.000047137,0.000105114,0.000143094,655e43961b7f5fc29dd185fd3e4be0576f03dd06dc00f31e3effd015d3fc0dd4
3653,1764562609.884726,0.000049231,0.000025197,0.000081641,0.000046987,0.000099825,0.000130190,00db8fada6ad4207e1ca81a10c31106ac416d83f8b707b42c3ab821055a97d23
3654,1764562609.8876555,0.000047919,0.000022431,0.000059941,0.000027321,0.000062415,0.000065721,5e7bc62406c09993d88140a01578b68e004bb887b34a88f3a477f0cdda38c581
3655,1764562609.890164,0.000045685,0.000026870,0.000046556,0.000022852,0.000046276,0.000049932,bfd5631496a73e5e54a11cfa0856ff4ad8f8fc5347513bd1e0f3487861b72f54
3656,1764562609.8921022,0.000036197,0.000023323,0.000030516,0.000022161,0.000041737,0.000047989,827fa8e161c07e4fa36679e910d5dcccf5054ce4098ad5ed7be1fc2beb77e50a
3657,1764562609.89418,0.000026539,0.000016401,0.000036958,0.000026730,0.000049241,0.000069980,67e99039e15987b793a32507f96158d82fac5d678e53437821f663f37e2695ac
3658,1764562609.8963623,0.000036727,0.000018444,0.000029134,0.000031538,0.000059229,0.000094063,02d74d11ab1e4323095189a98a88dd3506fd70b204e1b922838cd856338edf6b
3659,1764562609.8978941,0.000024245,0.000017071,0.000044092,0.000022492,0.000029083,0.000057446,46035bf47d5d065eb3faca744c13ab30501e0cb2e8c30c522f1e501b3817a606
3660,1764562609.8993962,0.000039283,0.000024085,0.000026970,0.000019506,0.000027180,0.000040224,14e6f754eac1c4650446a44b2dd6d1aa82830aec9e66cd8a29f32f7d34636577
3661,1764562609.901544,0.000022681,0.000015348,0.000040395,0.000027180,0.000051465,0.000064138,2bb0220c2502918500a606e43e0e37809679c439c5b4edc3dfc0d534d338a7e4
3662,1764562609.9034138,0.000031959,0.000015769,0.000044111,0.000021139,0.000033492,0.000054751,51fd2fea0076d882822f676043ae91afcaa98a5126e2dcb53ad551138011df2e
3663,1764562609.9058816,0.000035516,0.000024024,0.000039202,0.000031849,0.000064349,0.000068627,67e1c27b3e7715ddc05db1f40889c684943af2aeb5b3e090768292e7944f9cd5
3664,1764562609.9088917,0.000052046,0.000024144,0.000136392,0.000030266,0.000059089,0.000064209,7ea673abf6a59b282ffe103ffe5836ff4ef8c8b133e4d0cb7ed7e3e3cef0379a
3665,1764562609.9141955,0.000074658,0.000031798,0.000127806,0.000088323,0.000213083,0.000145820,0d7c645aaae5d0b6f2fef8847034a636bb795efedbc2d441868cdeae5263df1b
3666,1764562609.916302,0.000038220,0.000016551,0.000026328,0.000030636,0.000055322,0.000062395,14738de3c53ef476d87d56817a33d7c61a88b0f13369e3d1a55dabb68d866856
3667,1764562609.9193208,0.000024185,0.000015629,0.000060762,0.000049812,0.000129339,0.000090257,2807c8802abe8289bac832444113f0fa513db8153c4066135139a7e0dbfca5df
3668,1764562609.9212801,0.000036518,0.000017342,0.000021560,0.000022882,0.000049412,0.000064579,d02cb9485f6745d4b0b5f062e6defc226e1073cc09741c65fcb0f6f35b73e6f2
3669,1764562609.9224765,0.000025167,0.000015158,0.000019947,0.000016921,0.000022371,0.000035686,cdd84724643b5ed9c6d0bdac3478e64c21a9d455ff58eb24fe00026747102e61
3670,1764562609.9237406,0.000021059,0.000015148,0.000022351,0.000016941,0.000022782,0.000035836,722d329eaaa059a8fae0851d65da015c60ddb77dcd3b02a86574724818c6fbb7
3671,1764562609.925233,0.000028152,0.000017251,0.000022442,0.000018794,0.000026689,0.000078866,34fac0f8a6bc40977aa3a82ffc10c8ea17c009be7d7e3a9c12ea4b0e41f552e6
3672,1764562609.9265764,0.000025427,0.000015418,0.000022151,0.000023694,0.000066032,0.000038591,5292f0f0ec7cb76c544573901bff45b782545dc0cc74ea431460e854cd0b31e3
3673,1764562609.928412,0.000021429,0.000015007,0.000021780,0.000032700,0.000044222,0.000071502,1d96095b44b9678e9fd16e93f16615a0aa4a7606ff6edc092397e0ab65fae764
3674,1764562609.9300795,0.000021680,0.000015068,0.000021610,0.000032921,0.000040555,0.000066192,464db7be91ce6bcf35cf217a847eab0b7c77c75d8b6b8f7f8db11aa433d0ac4b
3675,1764562609.9312885,0.000022141,0.000016079,0.000020188,0.000016390,0.000020408,0.000033663,3ffa7f57360e86ab14a1697d0866149a3aa567b5221a45307527a474a00bb21a
3676,1764562609.9323864,0.000021049,0.000014978,0.000019817,0.000015759,0.000019676,0.000033472,1d7cad927fdd97e4d8d14ad1f7dd703d9016cd65d9da618ffb395e09640804ae
3677,1764562609.933501,0.000020668,0.000014907,0.000019466,0.000016471,0.000019556,0.000032681,ef7e36f145ebf20b7de69839662d0b75de67d95a0a6e8b731721474a4b434e50
3678,1764562609.9346695,0.000020027,0.000014797,0.000020298,0.000017964,0.000022942,0.000036037,1163044dc60f1213bac12339ab1c36822edd7469a2d6b2be1dbc7f91be7d8c9d
3679,1764562609.9358742,0.000020908,0.000021480,0.000025798,0.000016981,0.000023674,0.000036637,839d5fac09b64f729c65b0e9de23cbd198a567fa8e11e1539e68629664bc4f80
3680,1764562609.9369922,0.000022521,0.000015087,0.000019316,0.000015999,0.000020308,0.000035295,70c30011409d7bfa7082a0a25a7a2a6a2574d764c4c1fc68f43b2a96d13e477b
3681,1764562609.938056,0.000020598,0.000014407,0.000019035,0.000015569,0.000019376,0.000032811,8ecfbb76c4870474e2802c58b2a994c3c7552f71a06d00146831daf87e4250c9
3682,1764562609.9391284,0.000019917,0.000014477,0.000019005,0.000015489,0.000020157,0.000037460,3c6016691ae53ecb96517552827d28cdb9a46498beb4bebb5356995bb6a18493
3683,1764562609.940184,0.000020117,0.000014497,0.000019075,0.000019666,0.000018585,0.000032751,560302117fddb3c472cac289ee074e1d94479bbd058454d1a68e6c128d7e4d26
3684,1764562609.9412253,0.000020228,0.000014507,0.000018845,0.000015479,0.000018895,0.000032631,c307b384b64638249a6856d99b757a7ccf36db1d50c9d4778ecc39764672db5d
3685,1764562609.9422915,0.000019967,0.000014347,0.000019626,0.000015939,0.000018825,0.000032951,f33ec2b23de9e30f5f9bb3adeb27f053cb579e3f1b1cae7647dd9d33efc812d9
3686,1764562609.9434304,0.000020427,0.000014587,0.000020929,0.000016421,0.000019777,0.000038291,49fbe58d45940a0dd4241d1b96286b046e53f37fa7283fd786b7512b4e99c212
3687,1764562609.9445596,0.000023062,0.000014637,0.000019346,0.000016441,0.000022041,0.000037790,18eefe35bd7b153e83e1c00129558ec6393ebe1643b119d9c1e4954d4dc1e5b4
3688,1764562609.9460268,0.000021280,0.000014296,0.000041337,0.000016491,0.000020799,0.000033522,abd8dce745adf4f580abb34aaa9cefff2df9fb8e124b99efd7681b0e2d009fe4
3689,1764562609.9476383,0.000041617,0.000028492,0.000019696,0.000015909,0.000019246,0.000033613,7d24df29f139e57ffa3e8778f7b85aa94ea36f059382ee25eb89a291ae709378
3690,1764562609.949003,0.000020758,0.000014597,0.000019546,0.000030898,0.000035315,0.000064018,7e662c38a50453b58568263366c2d746c6a8cafca90ae0b01037e39a895fbd2d
3691,1764562609.9500887,0.000019977,0.000013866,0.000019476,0.000015329,0.000018664,0.000032790,0e1d702cba17a7c66f3a590d55ce8cea47573f917a724fbf71e178da81795d92
3692,1764562609.95116,0.000019987,0.000014907,0.000023724,0.000015168,0.000018504,0.000032389,6debd7d610c6b3356d59a27b813c26abe9909ee6e2b7db0d3d92dd3885d7922b
3693,1764562609.952419,0.000054150,0.000020518,0.000021440,0.000016300,0.000022932,0.000034063,6cdcb72bda9979ccccbd9c73af9554f5363389b65e67209684aa785ab4331ce9
3694,1764562609.953521,0.000022131,0.000014467,0.000018995,0.000016110,0.000020949,0.000032610,a8ff48254e1bec79138fdce5254cc024d97f39fb7209993f76ed79e0edda4b7e
3695,1764562609.954599,0.000019627,0.000014307,0.000019016,0.000015749,0.000019576,0.000036257,a22fa1053dab2677668a15ca201de987d083f18bf8ba080a72ada5a5e56a9856
3696,1764562609.9556575,0.000020618,0.000013885,0.000019035,0.000015398,0.000018995,0.000032651,fcf2d01c65362c10ed303a15c690cc348802d675a40eb2fb3b5b48ce6c68bafa
3697,1764562609.9567304,0.000020659,0.000014317,0.000018844,0.000015599,0.000019326,0.000033782,b0528024af37b7e15b09c761eae37e677c7a493182e8371e604ad6e0d22cc168
3698,1764562609.9577892,0.000019376,0.000014647,0.000019276,0.000015269,0.000018314,0.000032711,edd71a8f0347d3d966cf955261e5520bb86e23a720cba3348562aa7fabeafea8
3699,1764562609.958887,0.000020408,0.000015068,0.000019667,0.000015959,0.000019636,0.000032360,972754819383fa7f9631c5f56055011b14b18157dbd3a84654dc484ec78a9e96
3700,1764562609.960091,0.000020408,0.000014386,0.000021069,0.000016430,0.000046757,0.000033211,443d281e883619ed52a6f3ec1f3c4aaafc5e1d3ce0354249add9ef41cb120e21
3701,1764562609.961395,0.000025257,0.000016421,0.000022972,0.000018123,0.000026078,0.000041536,bcb1048d6754f9dabea4088e3e8f009e5de6385a435f88c32b366213473df5dd
3702,1764562609.962697,0.000020648,0.000014587,0.000029354,0.000019817,0.000025768,0.000055683,79f196b6263d55c846c6f98a7e485a9283b5e28c1e94b745cfbe9c24cbdc7ee3
3703,1764562609.964364,0.000028092,0.000018344,0.000028472,0.000025347,0.000042218,0.000068727,b5ab7bad3ae7961d5a2b3be8cc888ebfef38ec15fa2853304837d23cf2f82b78
3704,1764562609.9662604,0.000023884,0.000025898,0.000049231,0.000032620,0.000051314,0.000070591,85c0fab4b36f893464f0e068043a2b3a63b2c0179db5919911cd68f81ee8c3ed
3705,1764562609.9685762,0.000032470,0.000017292,0.000035907,0.000040805,0.000085849,0.000121314,504511f3a670362b35fefe42b69fc3bcd9d87ce93be7bfdec17d6e94842cb3b3
3706,1764562609.9708073,0.000027201,0.000015769,0.000033862,0.000028432,0.000051936,0.000070911,c529e8d6c82e50c6040095ca7c44903060f912ee8df0f469210763757c7c5569
3707,1764562609.9725664,0.000026379,0.000017913,0.000030026,0.000022642,0.000038290,0.000053428,8747906fdd3bc1220a595f3cf3ca2c35c613bf8b1435614c618a726838ebb4af
3708,1764562609.9740708,0.000027791,0.000016521,0.000022120,0.000018885,0.000032350,0.000048149,4a008294b1bee46956174376f643d3c9d1fa46bd312e5215b79fdffa09a6dcd9
3709,1764562609.97529,0.000024125,0.000015268,0.000023083,0.000016471,0.000023243,0.000035446,bc413a064bc64fd1855bd60c6b39b4b73ff5ac3348aabfe20a85b9d93599ba3f
3710,1764562609.9766405,0.000021850,0.000014757,0.000025287,0.000017262,0.000025777,0.000040074,d5ed429932b0f8c23e6fb5795613d9feee890abd30594595fd1a9b5799edce4d
3711,1764562609.97781,0.000023474,0.000015198,0.000048099,0.000016059,0.000021009,0.000033913,931490aae41489f9debee61c0a1ca4afd4e8a8400b7352992d4e6cc264066cbc
3712,1764562609.9789412,0.000021530,0.000015529,0.000019997,0.000016019,0.000020659,0.000033502,35a65469b7040b12574f3cd7a11794f68070d69c73964c21eb91da23d8576de3
3713,1764562609.9800162,0.000020498,0.000014517,0.000019245,0.000015569,0.000018885,0.000032850,68bb48d3c33daf1d4d5359d4ab1949c77cb8c22c7b953c20929254678d3346b8
3714,1764562609.9813256,0.000019676,0.000014707,0.000040885,0.000015579,0.000018224,0.000032380,72e36f1c9ddcb5888499f82e55b0515ee78a150bca897736b79d59dfade9f10e
3715,1764562609.9839637,0.000040585,0.000028783,0.000072043,0.000034954,0.000043540,0.000073035,206922c02168fd0c4878523aa7d2472c01c3f87adf1161491efe8638afef0ced
3716,1764562609.9860237,0.000031689,0.000016651,0.000027040,0.000026268,0.000047538,0.000078585,8995581836c49cc0db690f233af5bccedebdd0a4f1d7b8cd52ff7971db30901c
3717,1764562609.9876862,0.000026349,0.000015749,0.000024245,0.000021610,0.000037038,0.000040675,19942c415824356472e80cfea2544d5ee145cd0ec0131d59b21743c4dfdfb40c
3718,1764562609.988993,0.000024144,0.000016320,0.000021680,0.000018895,0.000026980,0.000039062,40b11970faed0eeb13f30a04fd4cc47deb7e96c710fcfb9edb195b76df35174b
3719,1764562609.9902894,0.000023113,0.000015118,0.000026949,0.000016461,0.000027060,0.000035195,fd7ef11c3c6cacf07a0b8e17902bdfb06be6b01f0da3e4173a1c134a89567d41
3720,1764562609.992697,0.000028522,0.000022792,0.000057917,0.000031127,0.000063116,0.000110584,c706cadcdaffc4f5958db207948bdc3e2978c0daa9e569741f1bbb972cddaf6b
3721,1764562609.994742,0.000038912,0.000017702,0.000031519,0.000021179,0.000049241,0.000058158,2e6499a27e26e1d03807d22d636f20c01177cb7016217c8b9466b7fd7f4dab32
3722,1764562609.9961255,0.000029174,0.000015889,0.000020979,0.000020899,0.000027260,0.000042218,e5df890046f1e6adb81a4d128f9da87a223132626125ac7ff7ad0a96dbf7d68d
3723,1764562609.997255,0.000021029,0.000015018,0.000021189,0.000016250,0.000021089,0.000034594,c92d7954f3fd489ceb2d5899ce2f6a8fb73bd9efd5f397ca6e82c7dac82b2ad3
3724,1764562609.9984121,0.000020739,0.000014187,0.000021891,0.000016871,0.000022040,0.000036899,3edf48bc7884b7187f94f8773278fb79f9442830ac283685513077b5f035fe45
3725,1764562609.999591,0.000020959,0.000014257,0.000023032,0.000017172,0.000024064,0.000036217,0f60fd5e465a0211582c58b00fe2016d1be616bf0728c2717882ce1bef10a7a4
3726,1764562610.0007186,0.000023414,0.000014577,0.000020628,0.000016481,0.000019406,0.000034715,68368417ca96242f8e1f7f928cd745567ce31c56367da6ac4ae853aaf94d7b9f
3727,1764562610.0020163,0.000020248,0.000015659,0.000036738,0.000018294,0.000023945,0.000038691,cf55f92c220cdb2f92e0a20ba17f2a08f654e3ea61ef061c9842cd3e538e90b3
3728,1764562610.0039446,0.000026950,0.000015940,0.000054260,0.000027361,0.000053288,0.000071382,130522171abdb4a8a637f196c25640c7ce7aaceff39f939d76a7584f107898e5
3729,1764562610.0057688,0.000036988,0.000017813,0.000027351,0.000021730,0.000038732,0.000051205,fe675d9bcef71a69ba156773a28556c731c39b3e4aa98e98b13230db73f8c8f3
3730,1764562610.007158,0.000028192,0.000016560,0.000021139,0.000018554,0.000030757,0.000049401,8f557f316c985c79b5f455f38c3657d06d449cef2b18b5afb26fa5c820f6c850
3731,1764562610.0083845,0.000022371,0.000014958,0.000023503,0.000017031,0.000022943,0.000034995,a08afa384fc75d8a5e3478030d5553f51a9a34fa7ab829b07859982365d27049
3732,1764562610.0096114,0.000022762,0.000016330,0.000021260,0.000018093,0.000022080,0.000036788,70784e7be7db0aa0100eff2cc93268c76bbd89f163ab4630f1b007556cfd6e90
3733,1764562610.011103,0.000021800,0.000015799,0.000036919,0.000019436,0.000031798,0.000049882,2fddc1f43a40e53e3dfd81a272cd5bd383e287076e48c6dbef2e0f99c34ca41e
3734,1764562610.012658,0.000026199,0.000015118,0.000051786,0.000017442,0.000024245,0.000035235,2240954b0ba7c03251884cdc8edf412e85938eae3c715edaab4d6d78a7fa41e2
3735,1764562610.0144894,0.000048950,0.000030616,0.000022211,0.000018324,0.000031849,0.000041817,fafcafeb4cfbe9874373e0b723c3194bf12a24fd375ed1c19eff3eeb57f0a6df
3736,1764562610.0160773,0.000022392,0.000015469,0.000031358,0.000024305,0.000035856,0.000057496,cca92c035a70e536c47fd0ef88fc8f95c20f8e7e112dd866579c9b42e51e69ba
3737,1764562610.0178392,0.000030266,0.000020157,0.000045194,0.000027381,0.000059249,0.000067404,482970c07b8d96a08e00f42628e1fcf9e7bb5a2a1a98e4a784aa853e582193b4
3738,1764562610.0200827,0.000041878,0.000019646,0.000044803,0.000029404,0.000060753,0.000081100,a6d95149fe32e2cf6324f5bce4be522d98637bd3e338a331811f25ec4a99d8e2
3739,1764562610.0224855,0.000035114,0.000016290,0.000034794,0.000036236,0.000070971,0.000097991,2a6c6ec955ef475409b1ed12c6f2c47202722f69659617c84367de52e17d2ba5
3740,1764562610.024755,0.000029124,0.000015859,0.000047468,0.000034194,0.000084526,0.000090307,7ac4ee683f8fc954b962436317a0713e0b8453bb4929cc77bb6d9f2e059baa8d
3741,1764562610.028126,0.000054310,0.000024124,0.000077974,0.000032911,0.000077303,0.000145960,09da2bddc7063ce81145c1ad602b8c21b8601eec39e870aff73f241150a6bec2
3742,1764562610.029962,0.000040706,0.000017893,0.000023263,0.000020638,0.000038040,0.000041918,8e933d8bb94681193c6499118729bbe740e8d5b180dc95be9ab9f0344ebb4d7b
3743,1764562610.0315924,0.000024986,0.000016260,0.000027040,0.000021911,0.000036087,0.000046847,9563fd57509922201b9f0771e835558d0162704b775ceb79a912446a617b7008
3744,1764562610.0330758,0.000024616,0.000015909,0.000029434,0.000018835,0.000031148,0.000041777,0ae6a5aad38edb1aad9fa640d1eac118660d433f8a464a298e9c1594065045b1
3745,1764562610.0350041,0.000039894,0.000018113,0.000032399,0.000027782,0.000046486,0.000085258,69a9f12a98eee1ea8858522261673ed5a1babfe70571c16080f4ad74326e075b
3746,1764562610.0371778,0.000031989,0.000018554,0.000026589,0.000035847,0.000052246,0.000075810,250d91e55b5b9129ba54355bfb5a4dcfb7b92df3e1a0b637469932b6689600f0
3747,1764562610.039176,0.000026389,0.000015428,0.000023855,0.000041236,0.000068557,0.000070480,67106add6d6837941091431f6bacac8e8be7167daa4e425dcfaf3ef36256b47d
3748,1764562610.0404923,0.000024114,0.000015308,0.000021249,0.000017392,0.000027391,0.000037449,18189a7b6d30a9fc49ea90a8688db24c477c43df7e39f401717e5db7582886b8
3749,1764562610.041693,0.000021700,0.000014747,0.000022001,0.000016491,0.000021880,0.000036167,db03be334a911d5faa67f29d4f3784f853e5c78efb491a4b2a9e7d42f15fc32e
3750,1764562610.0433328,0.000025667,0.000016300,0.000028543,0.000021750,0.000034644,0.000062225,dc18ba244be99d0e210b5990ba7d98bea2e2669ab60d7cb03498790aa830a728
3751,1764562610.0451705,0.000026630,0.000015719,0.000034745,0.000026509,0.000041957,0.000064510,37c828749bd0fb5a2539b7f7523a0b3c5095f89e357599911bd564803afc7720
3752,1764562610.0468223,0.000028512,0.000016380,0.000021721,0.000023784,0.000032500,0.000048310,5bbc9cefd7de3546be76b2626a91d98554597bac697748537627af81a2cd84b9
3753,1764562610.048328,0.000023434,0.000015369,0.000031949,0.000020819,0.000028082,0.000043229,f90f8123746484f9fe463dcdb9d427e513a53f8077588877990e010325efe193
3754,1764562610.0500588,0.000031588,0.000017923,0.000036838,0.000024115,0.000046265,0.000050814,a834447bd404555ed2c90e650206fbca9f106251faa6ed856f3a39c5aba7840a
3755,1764562610.0522702,0.000036919,0.000017142,0.000031187,0.000027210,0.000059530,0.000082212,eb139941326ece6db9924601fd1c1fd8220ae8834dd218798258809f7dd38f82
3756,1764562610.053772,0.000028612,0.000017082,0.000022842,0.000019987,0.000034473,0.000049582,479a2b0dd98ac62f241ed6c5e25a6ba9c4618b6304a507f90df59469034e1b35
3757,1764562610.055103,0.000023514,0.000015128,0.000041868,0.000016671,0.000020348,0.000033201,9bd20a80c2737c1f6caa52fef6ebc9e1ba45a3cf7f0cb1041aae4e74ea847360
3758,1764562610.0574062,0.000041918,0.000029064,0.000039373,0.000021400,0.000038832,0.000048670,832651750c090948e51b77bee368abbea082347937579c897836847aa37487f6
3759,1764562610.0606096,0.000048009,0.000024536,0.000072564,0.000033092,0.000069719,0.000090317,db64b00675552f38389ec08cc7376f28c352bb7dabdec19df3cffa1a30e0be79
3760,1764562610.0631483,0.000042488,0.000020378,0.000036848,0.000032089,0.000064590,0.000090046,b8626e82eead756a189add6f45859cef150366456e039a31329d26a9672545a5
3761,1764562610.0649054,0.000029174,0.000015949,0.000044231,0.000025407,0.000032170,0.000040815,66d6bd10872161da67664243b1e2c7b4c8bca7c034a093193323baa6900980e5
3762,1764562610.0663419,0.000025707,0.000015999,0.000021520,0.000031358,0.000082332,0.000044252,45c288d78352d97b3c4118fbafd6350cab10245688ccc4f9d51eb22cc403b62f
3763,1764562610.0677264,0.000021570,0.000018474,0.000025668,0.000017342,0.000025838,0.000039964,98a751e81228dd35da4eb3c02de66914eaf61722f42bf5d5f3aa2ef8c0bb067a
3764,1764562610.0697522,0.000031398,0.000018985,0.000051746,0.000029385,0.000059540,0.000075620,8706c15d5405445927ed30bdeca66520cf3f9f7dbe7eff9b79014a6ebdda5dbc
3765,1764562610.0721188,0.000035967,0.000019015,0.000028232,0.000045755,0.000063377,0.000102489,b0850faa6dec00483e732d8b8a1918e6ab9eefca842025f00fca255b8987144d
3766,1764562610.0746489,0.000028272,0.000015989,0.000062255,0.000042208,0.000081180,0.000104423,67d0dfbef929f87c3d110f9757810ee1dd168232491b9adc85f94cd88d12fa7d
3767,1764562610.0769043,0.000033793,0.000016881,0.000035957,0.000038171,0.000066373,0.000108330,0be6deac210983ea59c45a48e76ed4d185861d2cf82400d96e70e8fda4623cf2
3768,1764562610.0786934,0.000035485,0.000029925,0.000022231,0.000018654,0.000028553,0.000037910,faf39fcbd6e5ac90fb4c8e555d16f36aaf8c08a8e2bd4c91264bb7103ef6a8db
3769,1764562610.0799496,0.000022672,0.000015549,0.000021079,0.000017452,0.000025507,0.000036107,ccb9246358ed5531c12336fa07ff37c7d4c1537594cf79189fc858adfe017371
3770,1764562610.0811224,0.000020498,0.000014848,0.000021800,0.000016450,0.000022171,0.000034885,1b5302c6d0b02f17f3be9028e4eed0e9897a923b2aa4e536933509ae100ae116
3771,1764562610.0832071,0.000021720,0.000015488,0.000035326,0.000022952,0.000054801,0.000096769,23f71be25f2e88db4562cdd08596a75a53c9e52e984703b4445716bf84ae45ac
3772,1764562610.0864916,0.000040074,0.000022942,0.000073947,0.000035846,0.000092300,0.000092370,32d0f3fb9054c78b579aa1f4b98048e21a147c5cb818461790d73d1c47253a1d
3773,1764562610.089118,0.000036788,0.000017533,0.000037278,0.000027430,0.000059219,0.000087953,476c66efd5024f7e8a704bbd9e6fda6cbfbf38465c4b1c530f552233e4efb1cb
3774,1764562610.091732,0.000057106,0.000032710,0.000033261,0.000027902,0.000063598,0.000085688,e5e50f0db2d4dfcd6d41a9131ebbc3ebd11e9df08ffd6da7eb378b4ea5997592
3775,1764562610.0933325,0.000033101,0.000016761,0.000023684,0.000019967,0.000036347,0.000052167,2e0cd259873c2ca7d16d313400e8a4e0116aee08530fdcde20ce9882d15e3cc1
3776,1764562610.094698,0.000023714,0.000015449,0.000027220,0.000017813,0.000027000,0.000038611,0ffe0491fc798947a5379c9a7c11cf8a318de125966870f89564c276a2c705ce
3777,1764562610.0962152,0.000024125,0.000016330,0.000034775,0.000018444,0.000029084,0.000041016,18e6126e92fd2912ea4684dbb680d0950b2f784346334ae3975f24d51d2acd3c
3778,1764562610.0978303,0.000031458,0.000018845,0.000032030,0.000020448,0.000032460,0.000040936,e45ba836e3ce8bc47f9b7922f417d5c1a73391bbb31e914a47c7f4767b002571
3779,1764562610.0995457,0.000029575,0.000020277,0.000034834,0.000026820,0.000044122,0.000051796,b4f494260b9bd2635ddc28738ac51fd0d6bbc7566dfdc37c22c69dcc87de1c4f
3780,1764562610.101792,0.000028252,0.000016420,0.000045193,0.000025568,0.000051074,0.000060201,b6fd7d37f19d8279c95cac57c762806409858094d639fc9691b61e3991fa5b11
3781,1764562610.1039999,0.000041066,0.000020268,0.000028091,0.000026199,0.000053800,0.000069038,1242c5342b77e4b64dcc702c519fd667a453d4db0daf6142dcd9c3226915d5e9
3782,1764562610.1061828,0.000026769,0.000015659,0.000035576,0.000047898,0.000088964,0.000115273,8bf57b226f9549f45895680cb2d1957bc349d4e9e9e9541166b81f0a21dfa0a6
3783,1764562610.107878,0.000032359,0.000018575,0.000025737,0.000023584,0.000044192,0.000067194,6b95b2b6045f46923e118cc568ed4dd19e3091a1a49687387924490986af9d34
3784,1764562610.1092803,0.000026810,0.000015910,0.000026629,0.000018955,0.000028883,0.000056875,d797805058fcf936a747e2384e58db853bede89dbfdff5204c81089bc53955d7
3785,1764562610.110582,0.000026599,0.000016210,0.000024124,0.000017162,0.000026659,0.000039783,5f230e963057146f0c02b8c74f5bf8f927e30e0e3edcbb2a01dcb2ddfbd162a5
3786,1764562610.1117005,0.000022842,0.000014637,0.000020107,0.000015960,0.000019927,0.000033693,287c08823f5ece34502d8f21d826c3f292b62492627e2a1199f00722f25b7669
3787,1764562610.1128242,0.000021470,0.000015970,0.000021660,0.000015759,0.000020658,0.000035315,605fb31cbd85c9d7365485679a8254c2dfd6a0a219debc0110b6b11a0e9cd966
3788,1764562610.114319,0.000033301,0.000017292,0.000030947,0.000018444,0.000026770,0.000045123,729afe0eccb12c1ba2abbcbfcdb1f3be2094176894352c7e580c89f88c6cb9f4
3789,1764562610.1158416,0.000026589,0.000016140,0.000024645,0.000019055,0.000031559,0.000042188,509e53743e79bb68ed744552a4d39de3fc5dfea58f5540e8135b627db1e5dc6d
3790,1764562610.1178799,0.000024284,0.000016580,0.000028452,0.000044843,0.000074608,0.000107498,8e20f6a058c3d48e80cf72c0d153184fa4e154d62c6f516bf2f20b951bad74bb
3791,1764562610.1199725,0.000034133,0.000017823,0.000028042,0.000025538,0.000046065,0.000066844,1ddb01fa8166a6db0678c92554fcca51c237dcc2a75c3f00656a892c937e4b97
3792,1764562610.1218007,0.000025006,0.000015439,0.000028633,0.000029084,0.000061544,0.000067465,21be168de22a511dc9543e1c5056d145f642467bc08aba98b87fba6e504d4466
3793,1764562610.1233127,0.000025266,0.000015158,0.000023463,0.000021650,0.000036016,0.000055873,0ea7d03f05618e6fdf5e1a6a26b6c8417ca27ce1f3c8acb5c2ff1eb73afd9c35
3794,1764562610.1247084,0.000023173,0.000015319,0.000026469,0.000018845,0.000029314,0.000043841,3c28469131baa1382b0fb13b274c7a502690a52a7cfdb497a2daed9d3d49b46f
3795,1764562610.1260316,0.000024596,0.000016530,0.000022702,0.000018835,0.000027060,0.000037730,b64fcd1f213a770da38f75bb0a36ad6ca8efe0a579811322b3887938168db938
3796,1764562610.1272125,0.000021359,0.000014907,0.000020638,0.000016631,0.000020368,0.000033382,ffaba00615a98a9db4eccf033cd0b8e3542ce86df91135c60c3a1216cdffdb0a
3797,1764562610.1285985,0.000021710,0.000015830,0.000030947,0.000017202,0.000024395,0.000041797,67e1c6500a32ae4b50ecb839d0069b9e196eef95be65b35c5dd2736aa6e8c8ba
3798,1764562610.1300542,0.000026148,0.000015399,0.000024676,0.000018454,0.000025958,0.000039173,849aee38818a369af5a6b62a1aaea2f2547f20c7c048bda4f04be69a310ad7c0
3799,1764562610.1315632,0.000024646,0.000015949,0.000026218,0.000020107,0.000037669,0.000042688,3a7637d24f2b2bd3e90505c479b9e2893bb042ff5d98fa9e0d83aee953f62e33
3800,1764562610.133493,0.000024916,0.000015919,0.000035946,0.000027972,0.000058058,0.000060552,32204d81170d1711b18051ca00823d5229dd8fd2b16577c78999bbdd3cd9eb27
3801,1764562610.1352897,0.000025607,0.000015579,0.000034664,0.000022912,0.000041327,0.000058438,56133be39a59c9318967c4e494efaf6337a5719adfa1278691ef6423e0e82b61
3802,1764562610.136847,0.000026459,0.000015318,0.000023333,0.000019576,0.000030406,0.000048600,ee6a393e8ab00347dd07fd9b597ee6b16776a11f75e5f5f08cecb911ad45d681
3803,1764562610.138125,0.000024565,0.000015309,0.000021480,0.000016921,0.000022642,0.000036968,b95ba152850f87fefc4fb2bbe59208f81a0894e5d17dbc8988466955f51d092d
3804,1764562610.1392977,0.000021369,0.000014707,0.000021890,0.000016771,0.000021880,0.000033502,e39df9f6cc8ac4c032f11e1a8d05d4743a35e39524c24159d7f5ad4f8b7e7945
3805,1764562610.1411855,0.000021029,0.000014657,0.000059290,0.000017082,0.000023934,0.000035395,d7cb68962f2943dc0100aac8a3183268f1f83697346bebbcdc13c0ca501ec63e
3806,1764562610.1434531,0.000047087,0.000029605,0.000042268,0.000019997,0.000034744,0.000050894,e0540239cd1e4f6992c394d21c98e5621b11bec7a917c5f0a53ebcc532796c80
3807,1764562610.1456032,0.000031949,0.000016861,0.000032961,0.000026569,0.000082222,0.000071973,2fec8698a6ebe8e9d524e54fa62ae11eac162f398a1a293894472711d1d63c38
3808,1764562610.1473434,0.000025427,0.000015559,0.000025958,0.000021740,0.000039703,0.000061994,7ade153cca2df204c3f1f74f254f0ca09bd2461efac894aab8df100a8d3014db
3809,1764562610.1487494,0.000022933,0.000015318,0.000023343,0.000020698,0.000036768,0.000055613,39e8dc810591323bb887d6f11d517aaf52305e9ee203eadaa4f9a04e5e7a9cc3
3810,1764562610.150063,0.000022371,0.000015358,0.000022943,0.000018895,0.000028843,0.000047468,174d8918d8f0d3521fce609a02a6cdd4014c4cf08968e011b1b1233ddd9a7de4
3811,1764562610.1516805,0.000024555,0.000015779,0.000026499,0.000033732,0.000048640,0.000072635,f42090c196b93e5ea5784a10b3191df068d4ea109551675a134529dc45f94308
3812,1764562610.1530962,0.000028823,0.000028062,0.000022441,0.000018454,0.000028733,0.000044662,dabaafd178d19d761e8675bdc7db999a01fd9ea1ba44c8684f12860e7368536a
3813,1764562610.1542501,0.000021620,0.000015138,0.000021139,0.000016611,0.000027962,0.000035435,25075ce0abefa3f5b5b86545152f2137bd4e9c5085a3f950979fbb2de64bab20
3814,1764562610.1555152,0.000022391,0.000014807,0.000022592,0.000019476,0.000024746,0.000040615,c431a9c434c119306da2a7d88adbacff4ae925f10e265e63b896fb6c814445b1
3815,1764562610.1570296,0.000020498,0.000014817,0.000041517,0.000021630,0.000029565,0.000052457,7595845a1da8225ebf84fdf47eb9d62c1b2d2dc31ceaf37d5db07636e32b0195
3816,1764562610.1591678,0.000034544,0.000021921,0.000045674,0.000022642,0.000049101,0.000072994,10828d21cd78f769659ba3874878e985c58895420e60a93ce0cae5f065086d17
3817,1764562610.1620002,0.000029424,0.000016621,0.000075380,0.000046385,0.000089576,0.000101057,b7fb42410b529762ef3b60750a61ad4b326d43306351564c618c352711baabc8
3818,1764562610.1653047,0.000041808,0.000023824,0.000030256,0.000047588,0.000111046,0.000112628,ea72197afbfbd60801378f494c512dfaeef43a60f0a95a0a766386141438c1bc
3819,1764562610.167013,0.000030105,0.000016821,0.000024014,0.000023253,0.000040224,0.000055703,9dedd64b6fa40f79bbfb8f3d6bbe26692864a535a93ead3d30f9b4bad59252d2
3820,1764562610.1684716,0.000024816,0.000016450,0.000022892,0.000018755,0.000036488,0.000047798,2877028eed3de44b74634acdb53cb8082149b59066c81ca60de718e9e3d7d09e
3821,1764562610.1700182,0.000021960,0.000014747,0.000025386,0.000021309,0.000032751,0.000069268,6ecd4f4b48374ae2ecd8b6a32ee42de51eeb9095c5df2f5ed7b867f570a153f0
3822,1764562610.171582,0.000022521,0.000014808,0.000038090,0.000019326,0.000033051,0.000043841,8503a513adb8e2b73173b87a42c9a621598930600b633cf9dadd06fc2897e3d9
3823,1764562610.1732924,0.000031088,0.000021529,0.000029795,0.000025737,0.000039783,0.000057356,2abc2eb027da731bcf95e51ef2793d92ea1a2255b633f751aba62671464bf37a
3824,1764562610.175155,0.000026830,0.000016310,0.000047077,0.000026929,0.000042548,0.000047849,72ae42ac5ebe41839d0169ea40a36ae9e98faa1994e383b7da69ae3aab05f09f
3825,1764562610.176883,0.000033541,0.000015939,0.000031157,0.000018293,0.000028302,0.000039714,8e59d754e8479ad70a3753c9a700a1f1764469f8a6d41be7c064ba7999c1a24c
3826,1764562610.1784918,0.000030737,0.000016160,0.000024135,0.000021239,0.000043981,0.000055633,9c532f1b9d2e321af490754f4d73fc9325528989657c5f33042ef97e48c89df1
3827,1764562610.1800344,0.000026168,0.000014977,0.000032790,0.000023203,0.000037800,0.000056955,5f9c51dfb4c124c25dbbc50ae76fe654f25b833e6be3b7f1fbd6a5141109f135
3828,1764562610.1814513,0.000026429,0.000015910,0.000025076,0.000017903,0.000031539,0.000042268,536d64d005e71705da42056557b33a0a395742a0d88ba32c0b23ca6b2fe1e73c
3829,1764562610.1834214,0.000023934,0.000015198,0.000069789,0.000025397,0.000042869,0.000054591,b6009e1c505e3baa2fe5214ca6bdac3f6ce946e2dd886860cdae4678ab7379b4
3830,1764562610.186544,0.000061964,0.000032130,0.000036267,0.000040345,0.000067194,0.000094875,848a16dafbfaeb2050519f910461faab7db2515615f6dc042fdd3163ac6f740c
3831,1764562610.1879654,0.000030496,0.000016049,0.000020508,0.000017322,0.000024044,0.000039142,d91008e671941140bbf00ebbcb1b15479800d74621c8ace32a798dc5d0835e5c
3832,1764562610.1891248,0.000020929,0.000014587,0.000022421,0.000016260,0.000020588,0.000033472,f24a004dc9f5db17c539f0f22fd21aee14e276c0fa92338b2b1c7c15332f7e4a
3833,1764562610.1906283,0.000023774,0.000015428,0.000030647,0.000019025,0.000032500,0.000044252,6f8ad8ee27c309e55f5147f9b4fb9d45c405da3cebb4af611f89ecf2e92b305b
3834,1764562610.1925259,0.000027671,0.000016069,0.000032440,0.000023674,0.000049542,0.000075449,ecfffefc8bf2678b1cd5e1b6e08c640f90679cea9afc01720b50a30779c0d7de
3835,1764562610.1955183,0.000028012,0.000016781,0.000046075,0.000032069,0.000098071,0.000076892,a9e746d0591564aec939025d307c8477f246758b4adc6342d2eeb7a1cb84e19f
3836,1764562610.1977139,0.000029946,0.000015850,0.000030717,0.000023303,0.000044172,0.000086329,b42b7a1f3ca431615224ae5e517b09fecef20515d5dbfd07edde67f203a1b8d6
3837,1764562610.1993735,0.000029885,0.000016981,0.000027821,0.000022702,0.000030987,0.000054871,e24e2dccd9e8f6529d183889adca0491b4c150b7557050fbf42a991ab5502da5
3838,1764562610.2011073,0.000024616,0.000015298,0.000038190,0.000019877,0.000034284,0.000039423,5e94aab10717b12b90ade4637cfbb372faa2c7a4ab2f714b266aa5db53c363e2
3839,1764562610.202828,0.000029915,0.000017522,0.000037790,0.000021210,0.000037650,0.000046435,dac3bc25d97b2defeebe2c1f5fd3b4636dbccdf4f5b2e06b9f04607c3e9e6b62
3840,1764562610.2053008,0.000039293,0.000027851,0.000041787,0.000021069,0.000041757,0.000049041,a58615acaed028f21f50b52db38d7ee3ba360ceb318367ccfc41bf8a8b95497f
3841,1764562610.207681,0.000032510,0.000017362,0.000037609,0.000025628,0.000066112,0.000077673,be1ddc7cab71fc9e9b88efa844176b03277c489d0d12b4c617c4f77ff166a1f3
3842,1764562610.2094774,0.000035776,0.000017703,0.000025287,0.000029083,0.000050473,0.000061503,733acf119a2ec1b3d99cbce847c2dcb3be371fd82cba66bdbfe8a15d699d06ad
3843,1764562610.2107472,0.000025477,0.000016170,0.000020158,0.000018594,0.000025547,0.000039332,7cffc701f0925de2caedca8f7af69b3ca1d13f78369c35551ebdb641f46ff0ed
3844,1764562610.2118587,0.000027110,0.000015018,0.000019946,0.000015870,0.000018915,0.000033121,f4ab3844bc3ea01e90ae5a9daf413d10b45ab15b45c30640f10d1ff6c8a1ccda
3845,1764562610.2133017,0.000020718,0.000014707,0.000033462,0.000018655,0.000028553,0.000049010,d9698a34d8b815cc2dd8f583371b9403c78deb1bfcad49ca873c66dd347509f2
3846,1764562610.2147887,0.000024345,0.000015759,0.000036738,0.000021730,0.000031107,0.000048659,139ca1bba7fae7cac73701098a8ec11c680811732ee7142db12781a510b05a88
3847,1764562610.2176778,0.000031999,0.000017633,0.000045754,0.000043551,0.000103602,0.000127215,f3dce4ef55365caae18dea7dcb564f386198437310cfb0950f04fa53207609fd
3848,1764562610.2195387,0.000033783,0.000017783,0.000023273,0.000025497,0.000046726,0.000068967,77b1e90fe4ecaf0303f7a2479c95a60b2fb644a81c221afbae726622182f803d
3849,1764562610.2208164,0.000024415,0.000015579,0.000019907,0.000016921,0.000026339,0.000040775,c3e9a28c270625afcb8ce0ea7064cc2ef267013e404c7e85b8d397ef2b27c12e
3850,1764562610.2225015,0.000026369,0.000018063,0.000042038,0.000020608,0.000031478,0.000063457,dba08f60326f2ae589a47dacaa00bb976b389347c2731bb6b45ecdebc72840e0
3851,1764562610.2245522,0.000031378,0.000016881,0.000043470,0.000022721,0.000043199,0.000056745,854a25de5c5219475b1f25ee1398271b7fd5a0a9239b6d72301154a2935c35f7
3852,1764562610.2277124,0.000034924,0.000017141,0.000069208,0.000051726,0.000152873,0.000115013,8909097524031101f86269c886b99a60748b1fa0e660077aed554cb0d893564f
3853,1764562610.2300758,0.000038481,0.000018895,0.000043440,0.000039373,0.000075229,0.000116595,7572e3fdfd578b09c86ee83ecef8f9e5e0245dff479756b29e8d0bad0437c484
3854,1764562610.23174,0.000033993,0.000021570,0.000022221,0.000018915,0.000031257,0.000042519,09f43f5a7dbd21aac7edd727220502727e228b14110d7e09fbee2a8bbcb8f08c
3855,1764562610.2331843,0.000028954,0.000015850,0.000027701,0.000019576,0.000029885,0.000040685,db0424ffdc01e7e784f830e4a7e0e56d1fdc5995ae5a794b4c09a92ef2e8bd43
3856,1764562610.2351413,0.000032200,0.000016130,0.000039343,0.000019316,0.000039894,0.000076251,1d483c1ae84c34acd98ad859fa7b0493ade032358df1bb544311a83bf2ca0e22
3857,1764562610.237194,0.000027050,0.000015328,0.000058528,0.000020418,0.000036237,0.000049392,abbf1604063d397e7043589eb85df5bece5d4c2da8e9b3b763baefa54819b066
3858,1764562610.2394662,0.000040735,0.000018725,0.000034954,0.000031157,0.000059029,0.000089155,33cb5cdbacc3c3f20ee9be9e2c4ef1cb3cbc7dd392c6f77d047e613d19692c36
3859,1764562610.2421267,0.000034614,0.000017342,0.000080328,0.000032119,0.000077132,0.000099073,5d558c675cc81474bf5679177d374bbd6d2acf8c6eca0d3dbfb479752721ff73
3860,1764562610.2440662,0.000043641,0.000016150,0.000030777,0.000019987,0.000032069,0.000056484,a68a3818b8f7dedcdddbf0bea3634b58f3fa27e18c249222ae3bedf80d5dcb8d
3861,1764562610.2458494,0.000028382,0.000017142,0.000025016,0.000027811,0.000047618,0.000058338,20ab06d07c7e070a7e010f699743c20acc5c29a4f9ad636e40ab1716fac810ee
3862,1764562610.2470975,0.000024014,0.000015849,0.000021079,0.000017262,0.000023373,0.000037680,26da8c9bf13aa8f7cd053b64ff5356775e2515a031454538f7c2b76e7197c939
3863,1764562610.2485673,0.000024375,0.000015739,0.000025817,0.000041797,0.000058088,0.000066763,809346d9475d0a448a758f7908ac4b8e795c7b3d77704941a1300df3f0403581
3864,1764562610.2506282,0.000026870,0.000018774,0.000072223,0.000022141,0.000039544,0.000065251,6cadb5f5a50ac207de3525d024f126a35e440833dc31375bdbd3530d9445a991
3865,1764562610.2531476,0.000030416,0.000017483,0.000045214,0.000035505,0.000071653,0.000104864,7c15024f861a1b9bb3d680b5a13c28a48a965a98dce0fd97eae83d7d8860433f
3866,1764562610.2555616,0.000043119,0.000018083,0.000029885,0.000035676,0.000049862,0.000105485,406bdb108eb7b88f6a22cc11bba60cc871e68e43c88ad53d0974e740d4c66e40
3867,1764562610.2571285,0.000026259,0.000017442,0.000049261,0.000017252,0.000025667,0.000035666,5fa0445a4fe100705e7886cfa50eb344f8d096ae3cfa833e38687184c338369f
3868,1764562610.2589955,0.000045724,0.000030025,0.000021921,0.000019576,0.000032009,0.000043771,e841bdde21251eef37b0ff4e3a666eea267a3cf086d0a549ba5eea954ee0f2e6
3869,1764562610.2602339,0.000022361,0.000015870,0.000021730,0.000017562,0.000023633,0.000038100,bdfffc132a66da2dbadeab36e0a525febbeedc96549473c4c740d4dab404ec41
3870,1764562610.2616274,0.000023293,0.000015940,0.000027681,0.000019787,0.000032701,0.000045314,77b7a52b06fd4e069db215a9f500e71220cf1a70e46b03ab3b463dc5345fe454
3871,1764562610.263014,0.000024004,0.000015448,0.000026308,0.000018785,0.000030246,0.000040635,554cd8250e9700e62bb6cd8d56d3455a58d50f3ef86b07b2220f77e257b1e535
3872,1764562610.2647429,0.000024405,0.000015499,0.000047788,0.000020598,0.000028592,0.000043881,ce67ad3ad3dd0fce38ce2d3656c53d249d14b6ff276444bab3d63852da91cbb0
3873,1764562610.2664251,0.000029634,0.000016911,0.000026028,0.000022411,0.000044002,0.000055062,8eff0b7ada819605ded252045265f865ded3d326ee0ff6a1ec8de591a42ac568
3874,1764562610.2683916,0.000028032,0.000015489,0.000027891,0.000039543,0.000057968,0.000056164,ab2e370f8d6d6827a5a4673e0a208715628810cf130465c1b8f63084e64b4768
3875,1764562610.2696161,0.000024505,0.000014968,0.000021009,0.000016220,0.000022110,0.000033191,478031f88b31074e54442aa889dfaf86ed6d83927365e6d3409ea6cbe8bfe600
3876,1764562610.2708738,0.000023504,0.000015178,0.000029785,0.000017362,0.000023232,0.000037579,281c2d5b373fd1e918bb68d87149bcb34d80c6810727c2ee777ac64044a91134
3877,1764562610.2730844,0.000022842,0.000021280,0.000036247,0.000038701,0.000055993,0.000081921,06a1ef79d69a53b1e473d1a47ec2d24d5d98bbd5dd36ca484eeb954c8a67cb26
3878,1764562610.275012,0.000028933,0.000016821,0.000034273,0.000029895,0.000048780,0.000052226,314a32c1f9a40134d1d5307302e5748144d4006ee5abf1732c9ff2ced051745d
3879,1764562610.277164,0.000036918,0.000017813,0.000023995,0.000023163,0.000044091,0.000087031,80a694d714679ddf8fd7555ceffa8e38cf2b4070e3fe509a8781edc305ba8f1d
3880,1764562610.2786853,0.000026159,0.000015519,0.000021860,0.000018935,0.000030427,0.000044773,11206e633078b3fd33e32c22d083d9ed930f8164ce2be35b8e2c19ead9029e20
3881,1764562610.2799509,0.000023183,0.000016781,0.000023834,0.000019406,0.000024726,0.000039133,b03adc15346213d29948975f99d6f0ff8c6de0753f0c4820c82e719d8e7ec2aa
3882,1764562610.2816157,0.000023935,0.000015128,0.000033142,0.000023434,0.000038030,0.000057887,f61d3f66ad953e5b74aea68b36eef2de10af2a31aac6a9475c1cb0f57c95b224
3883,1764562610.284354,0.000029665,0.000015979,0.000047468,0.000043941,0.000061223,0.000085237,23c6fb9d4595b315fe4cc2010719f5fcbef614d4c4dbaeca8a9507c5a0d260a2
3884,1764562610.2866387,0.000035796,0.000019526,0.000025817,0.000036607,0.000080498,0.000088374,f7b59df883f15d055e29a78c6986ea48caa201f3dc364eb3f02194833c208e39
3885,1764562610.2881012,0.000024726,0.000015439,0.000022321,0.000018955,0.000022752,0.000045845,8832573231179deca92966d75a86540e2f15f239850b768c02986e198360009b
3886,1764562610.2898762,0.000021289,0.000014657,0.000032620,0.000032961,0.000041677,0.000066833,9677d61bbaf2c401e5543f8feb03f73b6f3dfbbeddaaf6a383cb85967a29f820
3887,1764562610.2916687,0.000024956,0.000017312,0.000053800,0.000022872,0.000038160,0.000049631,a51a714332ed158f165f7fbfa79e2bb3f4da41541ade36dd7637be79f593f311
3888,1764562610.2937658,0.000043150,0.000018525,0.000036677,0.000027080,0.000055753,0.000078175,672be3ecfc77b19e98d7e76fa8b59d3e1f9f574b9c2cb8d37282f700d1847c8d
3889,1764562610.2960942,0.000036708,0.000017923,0.000052387,0.000032389,0.000068887,0.000097820,e0ac51b53f720402aeea0b360b9fe11274cd90dc3a661dbf32aafea087af401e
3890,1764562610.298158,0.000033191,0.000015950,0.000036067,0.000019947,0.000032871,0.000053279,6e0b25af0351fd4f6f408658eca88ccdd34976ecf957109c5d77fc6dbaabeab4
3891,1764562610.2997866,0.000028653,0.000016330,0.000022492,0.000020889,0.000035626,0.000059660,542f1b71bc69301004f72f370c869b177dd53f1c377fa6594c0aeba4bf0264c1
3892,1764562610.3012905,0.000028433,0.000015339,0.000022903,0.000018815,0.000030366,0.000043681,9f52b8bbb509d6d6ab2fc3f37b7e76ac176e23a322ea175199ba5882e6e79a2e
3893,1764562610.3030648,0.000021921,0.000014937,0.000038441,0.000033452,0.000041287,0.000069379,51fbf0c824a3cc07b17e496e8d024b45b6afd64c7de6f49877f3ce8e30072fd7
3894,1764562610.3049788,0.000033943,0.000023673,0.000038581,0.000026670,0.000049351,0.000054951,eb282447cb0b8578cbca291b86ecdb94de2f147a4ef0a1d85a8a6232b2478cb2
3895,1764562610.3073251,0.000027120,0.000016992,0.000026489,0.000027140,0.000058248,0.000102009,64d62ebe4f16f31f0e11a1cf2cd189614f1e880b912c2b3e736114836b1e97c2
3896,1764562610.3089237,0.000030597,0.000015780,0.000024956,0.000021179,0.000034304,0.000050403,937e70972a805504284acd4e4e53cb73656610e035f873d7fdae84015f73e048
3897,1764562610.3100913,0.000025157,0.000015298,0.000019726,0.000016040,0.000021780,0.000034534,54408392c3a7f0d12fdd98a65b77948eae80fb959b2ffbe89ed6e8f9e18907cb
3898,1764562610.3118582,0.000021199,0.000019275,0.000066372,0.000016621,0.000023513,0.000044032,b921854bed0f440614deab6bea234c8f282a313218f100518aa7112fc6a356bf
3899,1764562610.3143632,0.000066523,0.000019335,0.000041407,0.000034925,0.000053018,0.000080569,76cade55955825bcc9f70ac3aabb5bb3de726596f317566382e61a1ec3e02a40
3900,1764562610.3169775,0.000029614,0.000017723,0.000042409,0.000043460,0.000138486,0.000169283,f9dddc9d025c98c8547b903893a6d987a63a812f4190f70caa2d6e6d6e5670f1
3901,1764562610.319212,0.000027892,0.000016530,0.000027501,0.000039934,0.000061474,0.000100205,2421352ac39e16be661435dd170321fb7bce35a018ed5bd8f4edacb4095f1e0d
3902,1764562610.3206885,0.000026709,0.000016290,0.000021059,0.000017933,0.000026479,0.000045173,10da521396bf3c7ca0ae2e1158fd450447cb71f720d9c9cbfe760641700daac1
3903,1764562610.3226144,0.000022251,0.000047908,0.000050182,0.000027701,0.000036497,0.000058609,d13ff2f1cb92d16604c180d28ca19fa0cbea3d9032efbb3221b003a88db3a0b9
3904,1764562610.3253481,0.000037058,0.000019075,0.000084506,0.000024285,0.000046276,0.000058678,2147b487dbba801fca175a2ba2ceae2d09f0070e609e4745a07c062b8a41404b
3905,1764562610.3285632,0.000047749,0.000028042,0.000052337,0.000036968,0.000129951,0.000093934,cec9314d368d1800c658fe282fae274ea7c90ba6adbb3c22fb6a881fb2850a39
3906,1764562610.3307989,0.000041056,0.000017112,0.000024756,0.000023935,0.000057686,0.000081010,e1750db6ed89ca610267822b0f04b889ec31b966bfcc326ba7f15469548d2433
3907,1764562610.3321724,0.000029023,0.000016942,0.000020648,0.000017473,0.000029865,0.000047197,7e56e9f7507612dbf909bfff57834b9e4d78c55fe4e42c88f4465617c0fbb40b
3908,1764562610.3334734,0.000021990,0.000015499,0.000032700,0.000017292,0.000024265,0.000036628,4e8d1646c6650324cabe98d98d050cb3d210753fcb297cb6a381e8fce95bf26b
3909,1764562610.335145,0.000031979,0.000020117,0.000036578,0.000020277,0.000037670,0.000053478,0f0cb40c2d8de5af678603cdb0c2ddf2262d817d17d3aaada67f3f0a0bae061b
3910,1764562610.337348,0.000038411,0.000015959,0.000029585,0.000026569,0.000041176,0.000075951,d3aab94a544e30099fdcde496b9e5855ef32f6caaa4e16008d95269c59e96295
3911,1764562610.339422,0.000031518,0.000017242,0.000028563,0.000037019,0.000041567,0.000089405,c7532104b1dab0088ce96f4d215d67d78924aaec6e7c6c4de672fe5b51afac4f
3912,1764562610.3416164,0.000025366,0.000015729,0.000029674,0.000025097,0.000057396,0.000077894,9919bb5acccd88d086346fb97d43aa212616db13814ed64306053a55f9884b0a
3913,1764562610.3433785,0.000029805,0.000015889,0.000023032,0.000027331,0.000042258,0.000067344,56a2b5d717ee23195064c4bb7f249d17cfe07137e9ff0126cc0133449cf4540f
3914,1764562610.3446481,0.000024095,0.000015549,0.000022150,0.000017773,0.000026820,0.000038642,de13e976487c700749e97697c8e92865a9a194928d0ef8e5d5ad506a7aedfa7d
3915,1764562610.3457682,0.000021900,0.000014577,0.000020027,0.000016320,0.000019456,0.000033381,3817e9af7096bea577bb181078bd2b731d93500cccbfb4c9a789547773e44f12
3916,1764562610.3472042,0.000021690,0.000014998,0.000035135,0.000016320,0.000020447,0.000035976,77a33d91c39275753cf9c4b67dac0bba6411ebecd37b462c74049520b6a71d6c
3917,1764562610.348768,0.000028322,0.000016470,0.000026710,0.000018935,0.000033232,0.000044202,031686790b9e67215eee40b1d29660d0be70d2c74df43a223878f52a20ada3f9
3918,1764562610.35069,0.000027681,0.000016511,0.000030056,0.000023874,0.000037570,0.000063929,b466de8baae36f2dc520915250b2915b8782e77c77c191d4d5080eb860ca38cd
3919,1764562610.352627,0.000034864,0.000016069,0.000025707,0.000026389,0.000051335,0.000075270,2537dc294affbe9a64943e8cc07b6c2d286ec5c4d373505523288d5d6d912247
3920,1764562610.3552527,0.000032570,0.000022141,0.000042579,0.000042438,0.000064689,0.000115393,3f86ff25a6f7ade67b14fe0af0518da36c84e3750d183c74032e852100ed13c0
3921,1764562610.3569365,0.000031869,0.000016400,0.000022521,0.000021089,0.000032339,0.000049101,254e597542bd2a057a88f07c5cadee22c37875360891567fabe4f4bc25817966
3922,1764562610.3585877,0.000023423,0.000015198,0.000038451,0.000019055,0.000028883,0.000037039,4c25ec4d81598a370862d89eb8e8869c56237c472178c82823653d5e53c5bb6d
3923,1764562610.3601453,0.000036437,0.000017703,0.000020328,0.000019666,0.000036257,0.000045595,d76f197b38ee7006bc6e0e379a155aafa07afe76110fdcb164cf00291709a79c
3924,1764562610.361396,0.000021370,0.000015319,0.000023915,0.000017052,0.000026599,0.000036758,6a7ce85fb1b626eba7aeb909caf427f5683805e37c9984e5d8314ba4a82cd220
3925,1764562610.363115,0.000022181,0.000015669,0.000030286,0.000022962,0.000044022,0.000052827,97a8e15219e4bf3bc1ac8ce732e4bb8bb15c4758956cf025a40a6f9806388259
3926,1764562610.3644476,0.000025016,0.000015609,0.000024104,0.000016921,0.000023664,0.000042458,d7adebd94fdbd9e2c553dcf43b263a42e95039513a5d6d920e6ff62093339565
3927,1764562610.3660412,0.000030496,0.000022662,0.000030146,0.000017662,0.000026880,0.000040094,ef7127f92c348812f708b6fb9b60bbe6806a7788349b18693c75c1f1d37e6319
3928,1764562610.3681736,0.000030026,0.000023864,0.000029244,0.000024776,0.000045113,0.000066463,c6fe3cdbcd534f41a35a9b8dfd9b86226df86c473907e79dc63910a817b45611
3929,1764562610.3699424,0.000026279,0.000021249,0.000031098,0.000023373,0.000051185,0.000069188,7454974b2c950c84c797a48ff1d387762cea2711db2e646250025b29edcc368a
3930,1764562610.3714604,0.000026118,0.000015679,0.000033161,0.000025077,0.000026669,0.000048340,2fa54a23342fcb58f68d4f2b4fcc19fd1b4b410e1f3988323421b6757e6ff054
3931,1764562610.373155,0.000029163,0.000020248,0.000038942,0.000019266,0.000032039,0.000042529,d7f191e80c568a2bba8782539df993f5187b1aea716bc2162b1161e2536b0dd0
3932,1764562610.3747382,0.000030697,0.000018263,0.000030516,0.000017803,0.000027070,0.000043631,13725a34d51a5b59745d5b0e99cba08e24f58027882110cd735600e0eebc49c0
3933,1764562610.3764532,0.000028793,0.000022130,0.000028152,0.000019887,0.000033923,0.000052357,864a43cb14cada98533c7a6f6d4c7fc3a976a1713321a8c4c8decef9f8896582
3934,1764562610.3780017,0.000028112,0.000020117,0.000045645,0.000018223,0.000026889,0.000038231,4a36571b53bfac0a6633438f4546e49b3e9fb6cf4f55d5a62986066ca82848ae
3935,1764562610.3802211,0.000042919,0.000030165,0.000042639,0.000017592,0.000025617,0.000064138,1708ab83c1070daabec867d1b0bfa55932ee3301a06cafae70baf964df4f7377
3936,1764562610.3821213,0.000042970,0.000030366,0.000031849,0.000021941,0.000038130,0.000049571,9a6ea9fec40a0fc0ce9f9eec47f960258678cae6c32880ec7a36ffee8b19be0a
3937,1764562610.3844686,0.000030246,0.000016341,0.000087372,0.000024896,0.000046726,0.000102800,617b1c6de1750b940fa0a717ac80637394be592670d66b1419c49f8dcfa15fb3
3938,1764562610.3871565,0.000044552,0.000018734,0.000046306,0.000036727,0.000079436,0.000102910,810b63fb29864040add479b88501186e8b9eef895f82b10ee42abcd024760569
3939,1764562610.389202,0.000044953,0.000022511,0.000025728,0.000022361,0.000037550,0.000067214,59589d4e9191829750c936f82259d829ade631fbaa3e219854f4c7c0aa4f48e9
3940,1764562610.3907478,0.000029023,0.000016351,0.000026298,0.000019376,0.000030968,0.000047729,754ca33faa317e27f0658934e0ca7dd037c5efb3395ba85af4eacee174593038
3941,1764562610.3927183,0.000029956,0.000018033,0.000028192,0.000021450,0.000046787,0.000047187,42040292ffa4d300435015dc29483d3920212e7fcd5bc908a43ca6b98bf49f46
3942,1764562610.3943663,0.000029875,0.000015769,0.000035746,0.000028072,0.000080549,0.000045464,906c0e8669c1de9bf2414120b8298221c0ae31165127f9ab991b82743e7f6042
3943,1764562610.3964462,0.000030687,0.000016380,0.000067785,0.000022121,0.000038692,0.000053369,0174f15ba403f1e49825e70e3fc24457257f1c6988a344499475009e2892313e
3944,1764562610.398522,0.000030106,0.000015940,0.000025106,0.000038651,0.000062245,0.000107849,d7c59696643755da1eb73382d0d53a464e01aaa5d2cf87ca6c10a5b8db62e849
3945,1764562610.399838,0.000024024,0.000016129,0.000019797,0.000017292,0.000025567,0.000040615,c832aa8bf03903925046ef5faa266d88388411a3f8a3802e0f2d4176ab623bd3
3946,1764562610.4010985,0.000023403,0.000020067,0.000024846,0.000017242,0.000022872,0.000033522,4230b59486869c2a55f1374b4d0ad79ad6104dfc7f4c074efa43375380d01c43
3947,1764562610.402746,0.000025017,0.000042839,0.000034594,0.000021289,0.000035445,0.000049010,5ae56484098ec01b01ed5aefb5b4fbc528fd06721b23e2f348ae26d08bdfc496
3948,1764562610.4047647,0.000028252,0.000017172,0.000027520,0.000021119,0.000045023,0.000045754,0478e0fdc5a1a10cc72a8c138cc1908a2b7e3783e32fc36d0bdbf68ee770f6d0
3949,1764562610.4064488,0.000030346,0.000016190,0.000024355,0.000019686,0.000035876,0.000048289,b1c02296cdb6b3a367a0673b963a682dc4c51490474ed5c2d1932422b1481185
3950,1764562610.40822,0.000029154,0.000017552,0.000021650,0.000024585,0.000045645,0.000068577,5c07572726264810dc2b131b6cf82792190ab6444b7af2e22809a77b0e7fdfd1
3951,1764562610.4096622,0.000052587,0.000015779,0.000030116,0.000018434,0.000030306,0.000046155,ca50abe0f1b6be51e052fa648496408130406afebcd765db7e8223d01ed2524e
3952,1764562610.4109993,0.000025226,0.000020027,0.000027581,0.000018083,0.000023223,0.000039012,410f3311bae6a39bd1e256e9725fa75422bfa5a36c8472c51a4526d6fb4364d0
3953,1764562610.413092,0.000033061,0.000019326,0.000030937,0.000060572,0.000070831,0.000081401,2ebbf999ef2d68ce8b5fee6cb5054d414a8240ecd45b583f4302a47b86f733a2
3954,1764562610.414588,0.000024826,0.000015629,0.000032760,0.000020528,0.000036588,0.000041857,59d557adaef738df004225b1096e28846bb6442efbab406a66d93f432b9e58cf
3955,1764562610.4168158,0.000027501,0.000015058,0.000061123,0.000034334,0.000072975,0.000066813,fd9140fa166aa6fa645f47a86dfbb949c4e3a5ed87a3ceb6c8f3b8d1165dced4
3956,1764562610.4184515,0.000025317,0.000015559,0.000022982,0.000021660,0.000040575,0.000052237,8c8f18876789ec4710a0b4a2cf2e8ae862d263d811ef9300185d2da73914a360
3957,1764562610.4196494,0.000023434,0.000014798,0.000019706,0.000016470,0.000021299,0.000035035,f14efa18e33996e7e6e4e795387b30c001cc08fff84df9859f80cd806fdc353e
3958,1764562610.4208794,0.000022451,0.000014867,0.000029865,0.000016420,0.000023864,0.000037118,657b92f8fa58ff14562d6061dc3f11bd1b983d335f7d501992fa36f3604d10ed
3959,1764562610.4230738,0.000029575,0.000023253,0.000032169,0.000035245,0.000050313,0.000076792,6ac32533cc445503a907cdb7f37bd530743a2d6a8301f73bf94fc6011f18bcd6
3960,1764562610.4249809,0.000024876,0.000015409,0.000058538,0.000024826,0.000042769,0.000083144,00a361c9b02987b5e4071a5ff70e2c7e23c2ed38e4c43032938a583cf2513d47
3961,1764562610.4276485,0.000078264,0.000029194,0.000042158,0.000038070,0.000054370,0.000110614,fc614ec85694ede1035cf4f630616c161cb13f267cdca1411c6e88e592da5e59
3962,1764562610.4293694,0.000036317,0.000019095,0.000025327,0.000021269,0.000033922,0.000049872,94c38f4851ef3120f2bfc73d6a34852074c97fdf94270630ebc2316cf6e5acd3
3963,1764562610.4306867,0.000023964,0.000016360,0.000024565,0.000019817,0.000025587,0.000041146,bd1cf2e4762d00035a0537088163a914268f504da667ee6f7bded94f8d4c8a24
3964,1764562610.4324985,0.000025938,0.000018084,0.000037529,0.000031859,0.000048279,0.000051676,24bc21fbd4504116a5c124827beab765ee9125e1598134b58a2da64d49255346
3965,1764562610.4345698,0.000027941,0.000016049,0.000036638,0.000034394,0.000079717,0.000104573,8c022ae8f69ba12003ddf448270dfb499bc7061a74963169ef9fc2c4e6bdb618
3966,1764562610.437013,0.000026068,0.000017312,0.000040635,0.000031307,0.000060933,0.000084596,0597c1a95dbebf1fd5141116024c9108446e3aa9d4f7fb24e5eb75d2819d1a77
3967,1764562610.4388428,0.000027962,0.000015869,0.000028333,0.000022140,0.000046756,0.000080338,58293ff4a18c11954cee0e1f4b20586c23dc12c3ac1c33266182977e22cfbe01
3968,1764562610.4401805,0.000023854,0.000014908,0.000021530,0.000017031,0.000025327,0.000041857,a900c5d26610b0b261192785345717820ab11c84dc78b79f9abe29cfac4a2010
3969,1764562610.4414902,0.000023543,0.000015348,0.000024726,0.000019346,0.000035025,0.000041978,ef9dbbb5f2dfb9fb42ba2741d2c3ea8916786171582ce2fdf1ff35c24f7d43c3
3970,1764562610.4429224,0.000029554,0.000015458,0.000025798,0.000017993,0.000028673,0.000046496,33b903172b742d0eba88e887c984be629afd3068e0d0dab4e229590546961835
3971,1764562610.4444776,0.000024896,0.000016290,0.000036567,0.000022853,0.000039833,0.000052397,2315875698339716a57d6c57c11cb65716c48eebadaba0f05163c34e9ced4285
3972,1764562610.4467435,0.000035936,0.000018274,0.000038611,0.000035015,0.000061323,0.000081200,3f15d10f682b874f9023b7cb3127c59bfb37357907f6d30db9cdaf52dddba46f
3973,1764562610.45053,0.000073336,0.000055783,0.000073546,0.000037229,0.000087632,0.000109603,7a36f6040a51750a97873149ca5146cb2622ae052b79451ec5557275d0d95683
3974,1764562610.4522593,0.000061944,0.000029665,0.000022071,0.000019236,0.000032470,0.000048640,eb73ff1375ff20ef6b4f5abfb21e22a3fe136d1cd8a40542fb5d70bd7a15b32d
3975,1764562610.45355,0.000025216,0.000016851,0.000021149,0.000016911,0.000023995,0.000035084,9841254e7f6e8f39bfeeec4042482564d2f1399aae42c4e5413a20fe222894d7
3976,1764562610.4553487,0.000032711,0.000022060,0.000064469,0.000022472,0.000040445,0.000050984,c6bad3e15cf3e30cae8776417b1f7c255647a1e6768e7abed5d6223bab99765f
3977,1764562610.457243,0.000026799,0.000015749,0.000049682,0.000023954,0.000073937,0.000074759,020dc2068986e49e0aabc041e6574b37d1884b859e290904e362096345e61a7e
3978,1764562610.459979,0.000035416,0.000021510,0.000031999,0.000031538,0.000080288,0.000089445,38185cfc9c53e33e462637d7131e8353aafdafbfa74a976db40a06fbce284b01
3979,1764562610.461583,0.000027832,0.000017021,0.000025448,0.000020017,0.000033762,0.000065331,e2fde92b5e265d375913bcd26c3807a98cd767ef2df7c56f8554de2384f267f0
3980,1764562610.4629421,0.000025317,0.000016109,0.000024896,0.000017362,0.000022863,0.000041967,828afc5c8b9e038003e5a5f4037200a554e3641febca41260a896e67ee712c6c
3981,1764562610.4651246,0.000027782,0.000019235,0.000034704,0.000033753,0.000071592,0.000111395,4767e907e40f0a065433f5e9a3006680336f17be90d257142a5f5135ba733db7
3982,1764562610.466978,0.000026219,0.000017032,0.000067124,0.000024175,0.000046216,0.000069578,d299e7223dd545b6985ba85451a83af0244f37585b221093683c5ec3223cdbf9
3983,1764562610.4692602,0.000068397,0.000017072,0.000039994,0.000027100,0.000058358,0.000083815,8717ebbc85b232ea5293192b3e81b35880a130a306e845475fee8a476b1d2267
3984,1764562610.4711344,0.000033111,0.000016671,0.000021951,0.000020929,0.000038181,0.000055592,40d325556b99b9cf562426b25a248dcfb7f5deb1229b2101e006cf3dc3f1b8c0
3985,1764562610.4724772,0.000022862,0.000014717,0.000024215,0.000016711,0.000022111,0.000035385,10163dba0da5abb561f259839c660871a534757d59029c1e086d5fea13691953
3986,1764562610.4739625,0.000027360,0.000016020,0.000025407,0.000021009,0.000033542,0.000050684,6c0b89fd70ae3ceb109fe88693510d4d45d627d38fb062b1e11f7a4b25bc6662
3987,1764562610.4753537,0.000024575,0.000015409,0.000028763,0.000016621,0.000024646,0.000037840,e841673958dd7f18ba74da285f0b8239dfe9a05c181915a978bf6af4c5774424
3988,1764562610.4779425,0.000029795,0.000018495,0.000053579,0.000040935,0.000102890,0.000117908,24f51f1d299de1593e5fa7322b27e6a357c79b53d9ad63c98a1ae7222d47adee
3989,1764562610.4804926,0.000038692,0.000019897,0.000053709,0.000023003,0.000054450,0.000068998,83c6ac8d0ec268015172a17a819dfa13aa2c2cbbcf8c25c52a5cafbf4e5466b6
3990,1764562610.4825046,0.000033832,0.000016711,0.000025727,0.000027731,0.000053018,0.000080679,04788a2bbca586caa66f7632cd29abdf35438bbd41ab575822ecbba39a79f296
3991,1764562610.483798,0.000025908,0.000016090,0.000021860,0.000017833,0.000022392,0.000036828,eb0c241b45533c296835665941e40007b3e6ee60e4c39db21a8e5c6781b61e03
3992,1764562610.4850492,0.000022040,0.000014857,0.000024154,0.000017873,0.000024896,0.000035756,c344a041e8aae65dfb4b70ee0cf8a59a161f97364f7da14ef337eb397a12649a
3993,1764562610.4866748,0.000021990,0.000015699,0.000042338,0.000021900,0.000037159,0.000047948,77824162c04932013456d7e642f1a4c9b3237702423c6482bce1a5539d085428
3994,1764562610.4892898,0.000030907,0.000018063,0.000057726,0.000032831,0.000075079,0.000075700,e8608d6d1ac3f2666627ff8823618bfdd3cb05a5d782a0569e4da2ce7818fa68
3995,1764562610.4909985,0.000035947,0.000016411,0.000021871,0.000020648,0.000034393,0.000041637,f4bee0cc8aba5f2e842eb0b5250554a51d728974e9cbf56b43a6bde309e9ac28
3996,1764562610.4923334,0.000021830,0.000015349,0.000023754,0.000019696,0.000042599,0.000046085,62b36d0e6c0959d5afde6a6ff990e287f9e4196102bd9458af37ca7a730ccbb1
3997,1764562610.4940495,0.000025938,0.000015629,0.000048400,0.000019917,0.000034033,0.000045504,88c3c8da1c83c7a0ff67bacd73ca1f7dbf972268162fcb8cb21fc6a21dbe60a8
3998,1764562610.4960687,0.000034443,0.000018253,0.000027922,0.000024205,0.000042869,0.000064519,3004f66df920e2e87d62729c9b089375dc558492a6b9c0b68501a4c3c0d6087b
3999,1764562610.4977722,0.000031859,0.000017232,0.000023022,0.000023133,0.000042168,0.000061864,d07c664962583b1fde1ae4e3a715a378d0e3f3ef1a5584fac4d1a3830831b400
4000,1764562610.4991841,0.000024365,0.000015138,0.000023844,0.000017803,0.000028292,0.000039402,cfc7da188f438496ee54205f82ab8f3ab52acc5bd57de60176b005368d170426
4001,1764562610.5005515,0.000023634,0.000015398,0.000025006,0.000017312,0.000026379,0.000044161,5a98801104427f4aff5c789f873ec17e1a099ed910fba19f4b41aedab6893895
4002,1764562610.501914,0.000022361,0.000015789,0.000031438,0.000019736,0.000025978,0.000042167,653b93772f993db5ea622a9296a6918627fa213210b260309f9a618707de66af
4003,1764562610.5036108,0.000023674,0.000020308,0.000037880,0.000021580,0.000033642,0.000047228,06f60af5742476f366b2f34a18bc64f39e69799b673b84128ef5d5902f08d2b4
4004,1764562610.505327,0.000031037,0.000015819,0.000027050,0.000023293,0.000040695,0.000056585,952d505e373502ad76175f88aea2ff9a464f58276eb25b33c5cce85394e12210
4005,1764562610.5069468,0.000029164,0.000018495,0.000026459,0.000019836,0.000036378,0.000050172,50837ee8175fe994efdd6764c75ffa22da85d9001e25f320b5a903f224b05839
4006,1764562610.5082707,0.000023143,0.000015729,0.000026279,0.000018024,0.000024926,0.000038922,c3b549f0688908a9623fc4ac1aca85a99e3531a6b94159a9483b7958c6f995b4
4007,1764562610.5098836,0.000027341,0.000017944,0.000035426,0.000018895,0.000030567,0.000042278,58700bab23970de0919164089f6321c65b34ef16cf6d94586f7f34e0b3c3dbbc
4008,1764562610.511166,0.000025127,0.000015368,0.000020438,0.000017292,0.000024094,0.000036968,dc704642c0285604edbe76a54e7e105fa47cce4fe2c3be79999197cb7350d684
4009,1764562610.5123665,0.000021269,0.000014517,0.000021800,0.000016290,0.000020628,0.000033351,a7040df7f9269cae69af616dd3f322d2f943a523872f5faeca3488a0ca5c23ea
4010,1764562610.513568,0.000021610,0.000014517,0.000020478,0.000017302,0.000020639,0.000033602,02ac6d2c857dfac659b698be396679cd0d99e677249c06fbbe18c3acaf7acb31
4011,1764562610.5147889,0.000020929,0.000014677,0.000020408,0.000016380,0.000020348,0.000033161,a74d80e99a69f8583f2855c8a53085c75f408b911490134befbf41270fba368b
4012,1764562610.5160532,0.000021750,0.000014968,0.000026238,0.000016480,0.000022842,0.000034444,e7e0349d50c89f7b3e736dc69990b50939a5c08ef94519a6bdc7d03672e5828a
4013,1764562610.5182045,0.000035064,0.000022241,0.000033092,0.000028393,0.000058198,0.000080018,0edb678cb7244996626ac8b20d1c6977742e5f85e94ac07d45a47ce2b8f73d8f
4014,1764562610.5198593,0.000031518,0.000016220,0.000024425,0.000021289,0.000037499,0.000051946,e1ff58610d9cef1f292f6bb1b735bb8a8bc870f73fd873d18e959c0dab644039
4015,1764562610.5211651,0.000024215,0.000015679,0.000023263,0.000017422,0.000023694,0.000036778,b26449a5a7a7d4a88b59d50be76db90be5471f80ddb55530c34515dee8351a94
4016,1764562610.5225706,0.000022622,0.000016110,0.000023143,0.000018104,0.000028042,0.000039913,ec7fd51f313be515cb6312804c77c6eadf14e3a23087b574c6ff8ea902d3b1ba
4017,1764562610.523951,0.000021930,0.000015238,0.000025337,0.000018544,0.000029785,0.000051806,ee7497c554c354950fd312be0ee9f458cfabaa02844284d175a3fccc893c2c20
4018,1764562610.5256503,0.000027020,0.000016952,0.000027311,0.000023073,0.000038972,0.000067775,edada838280265cd2ecded05ade10032141cbc213af48af2527a56035741fd0d
4019,1764562610.5270689,0.000025307,0.000015198,0.000025918,0.000018424,0.000024084,0.000040936,4d991fea933c8bcf9eec8872245de36548f98f879c73dd3c15e15967d8383416
4020,1764562610.5284264,0.000022933,0.000016640,0.000030646,0.000018594,0.000029013,0.000043711,c64e7ad42fc7d8587dbca44daf2053d338aa35716e44aa7227f88c596b799b04
4021,1764562610.5300384,0.000022912,0.000015649,0.000039292,0.000020799,0.000034454,0.000046586,d21ec92e460e40453847065f61aa127b7ac667b2866c603fd4d3d0c0e92e1a66
4022,1764562610.5323656,0.000032940,0.000016450,0.000047958,0.000025026,0.000079628,0.000124250,f86b80a41f3d727d9b3be506bf6ab7a99256cb19f9d98c99a451565502ff184c
4023,1764562610.534598,0.000030827,0.000018023,0.000028853,0.000046395,0.000060552,0.000081651,b2b9e6991b1e34fae645a8d627a0cb84c9e068d02e721614eb747c689ff61de1
4024,1764562610.5360048,0.000028693,0.000017502,0.000021820,0.000017362,0.000024505,0.000036438,f7b5b5315ba5fc0195f4b6ec9cff7ab13f3eea8d50493e27a2083d70a69dc323
4025,1764562610.537433,0.000020969,0.000015229,0.000022542,0.000018965,0.000033212,0.000051335,fd21cbb3237892f2947ac2b007a80b21249ced1169f45e746ae9cd0e580a3a57
4026,1764562610.53877,0.000022482,0.000014777,0.000027591,0.000017052,0.000024195,0.000046546,64b64ffaa25988743ff113b75baad1ffc83fbf37f8d11a9508119589c5ac4692
4027,1764562610.5407557,0.000026279,0.000016691,0.000034394,0.000024946,0.000061404,0.000084807,511c8aa31a039a465a1a5a35c27bcb5bc2f40087f37c42324f9d25183f29a45a
4028,1764562610.5427206,0.000026339,0.000016210,0.000025377,0.000023003,0.000040014,0.000068918,5a29d8dac1810907aa77f4238e3f7e1552e9a9e25ac0a438f7f6830fd8658e99
4029,1764562610.5442576,0.000031568,0.000016230,0.000024325,0.000020598,0.000035135,0.000055763,c6847dc5c1ef65877fd1226aa53823e37bd6c88960ad1149263d25a1ef6c64d2
4030,1764562610.5457048,0.000025447,0.000015488,0.000023293,0.000018244,0.000028383,0.000049591,43c10414da6b495f94895de3196275f0c988dec8a3133f2bec71667ca6d1ff8b
4031,1764562610.5471332,0.000022562,0.000015228,0.000022071,0.000017161,0.000024455,0.000041035,5c8ce00f56227c9bb20f28568fdecb26c44161e96ed22d9f718cd2235f65ff40
4032,1764562610.5483942,0.000021339,0.000014718,0.000023754,0.000021910,0.000061654,0.000034404,9b2ead64637658aede5f4031c86454834bb4c474dd813ec3eb1b4526787b6494
4033,1764562610.5496957,0.000022652,0.000014997,0.000021800,0.000017051,0.000023664,0.000036497,731f9c6c1735bb3078465e54a9465921a3b136163944a396e567d38f701386f5
4034,1764562610.5511224,0.000022652,0.000015779,0.000023443,0.000019867,0.000030817,0.000047518,0cfe91df616da88b5e3edf3d6cadcdd6efcd6012a48f8ea9b0bff76b54d3be33
4035,1764562610.5524127,0.000021440,0.000015518,0.000022281,0.000018885,0.000025597,0.000041396,bccc7e9a3a25944d881eaa458720149efa0d0896cee7c45787836104bb67fe46
4036,1764562610.5537765,0.000022301,0.000015128,0.000029915,0.000018865,0.000027351,0.000040845,266c4c503f2909eb706168baa5d07fc344e567b06c5d8a1e0f2053ce8102ba80
4037,1764562610.5558298,0.000025878,0.000015699,0.000041126,0.000024646,0.000057737,0.000079387,6c5e2fe04ce14b72aacd9ae6ab18c76ed68f1821a17773c0855b88fed1d5079a
4038,1764562610.5582583,0.000030827,0.000016911,0.000043180,0.000028212,0.000044893,0.000094415,a07dd71979524d3b4a7352d7194243430a265f8a6778875899046efbde6d10d7
4039,1764562610.5612442,0.000055052,0.000030156,0.000036397,0.000042067,0.000065811,0.000108911,296c094c21107e5ba373956835cb62d5a8507348ee6636d50ec4b1222cf51a53
4040,1764562610.562699,0.000029785,0.000016119,0.000020588,0.000018053,0.000025948,0.000043450,4970592fa7a5f2c91f77bbc90c812b875a50899253963ed4c21d8140f5a1248a
4041,1764562610.5637798,0.000021289,0.000015448,0.000020338,0.000016050,0.000019616,0.000033292,399c3ce812b83baa6638cb5208fc82ecae9b83d9649c513eb82165d082ca9978
4042,1764562610.5653014,0.000021650,0.000015098,0.000033522,0.000025597,0.000040164,0.000062515,269bcd31562bf0a9edb70fe5829f7cd5ac75002574e104f9e93c043aa3781fe5
4043,1764562610.5674956,0.000026308,0.000021530,0.000037710,0.000029044,0.000065892,0.000088343,132b473ea3d0cfc88bceb2c0fc703df9167b6b386f332a0070d14a6ad201822b
4044,1764562610.5704217,0.000031929,0.000019025,0.000069809,0.000031037,0.000091649,0.000117407,de877f852ba58c1043f58cb39f2c057c76a3018efbe9016523d66e8bfd0a4190
4045,1764562610.5730293,0.000032490,0.000017312,0.000078755,0.000047477,0.000082642,0.000123598,6d31736e9029f48fc82266ef77db255f340ba2e578855792c15f0712d705f857
4046,1764562610.5750425,0.000046355,0.000029424,0.000023844,0.000022452,0.000037930,0.000058298,9fee1ec76b78726da4db2ae88c0b0d575ddb47a687926cbca5830ebe7b9c277b
4047,1764562610.5764196,0.000024856,0.000015449,0.000022442,0.000016901,0.000028994,0.000054570,bf21c85ee5b70d64791257f7c9c3d7ea981b194bd876cfc2576a1fc1deda68ab
4048,1764562610.578267,0.000028062,0.000018394,0.000045865,0.000021119,0.000033422,0.000052668,1d5d6209980c5951826bf36fa8c78f29a9711e74abdb02af0de925dc196507af
4049,1764562610.5804617,0.000026569,0.000016039,0.000033642,0.000034965,0.000072433,0.000068427,92b4faac712de00207cd8ae71d351a75748212ebadb898273ee29e0e96a07bf0
4050,1764562610.5823286,0.000025447,0.000015809,0.000057647,0.000021159,0.000037920,0.000044572,72d2497b769f8aeebad755d5bc05ca4c25565fcb25b724b6b5b14c4f6f438340
4051,1764562610.5847654,0.000037039,0.000016421,0.000046095,0.000054821,0.000072083,0.000115213,e139b57747f0fb95eea9b6d04967fb3836bdf70778b361e9ec64390ba1280fce
4052,1764562610.586966,0.000054481,0.000039714,0.000024215,0.000022401,0.000038752,0.000058027,f537b5dccab2a79783cfa992ba40bd7107baec58e42eaea294452d2ec093a46c
4053,1764562610.58811,0.000021701,0.000014888,0.000019646,0.000016160,0.000021570,0.000035144,572d730111ea39fc88babd39a4e505045a054d13d94446e4ad314fe409f9ec02
4054,1764562610.5893385,0.000020437,0.000014818,0.000029514,0.000016450,0.000020839,0.000034234,f3d839cea865024119480ce1ed62c73c21f0bb902d17a11e0aaa1ca374546ec3
4055,1764562610.5912714,0.000035375,0.000016250,0.000061673,0.000020728,0.000035596,0.000048209,c701b1d894305d552b17410c53f4673b66243cb665cb8fe4ea5328bff757723e
4056,1764562610.594049,0.000036197,0.000017512,0.000071782,0.000031458,0.000074889,0.000097891,9299cb0265fab43bdd665743c45a7e1a1134adcd08375d08272bfadfc96f0f0f
4057,1764562610.5970135,0.000045955,0.000017953,0.000052427,0.000042579,0.000079657,0.000121795,ddfb1d8d553153d501e6850c74eda7f46f9b9358c2d27b48d4f81c26c48e0206
4058,1764562610.599096,0.000047218,0.000030016,0.000022181,0.000025196,0.000046446,0.000058568,a0e28b933bab61448ed55518ebba61859bbfcd3f8a40cea73f81949a7c51a9de
4059,1764562610.600398,0.000023674,0.000015098,0.000022752,0.000018374,0.000031899,0.000040585,0e903f5d0a84dc819dbe67ff92d6ce551a869154d8247e1809b8243c666ef563
4060,1764562610.601742,0.000020498,0.000014567,0.000033482,0.000017141,0.000022001,0.000035495,9af70eb1409576993f8b969f22ac0d978ca4699614073ae0dfe4df3b92a85ce9
4061,1764562610.6049423,0.000081290,0.000053980,0.000060572,0.000043270,0.000079226,0.000110424,d1eb9bf89eb9d3ae2571d42e0f1a4cec56bf5a011afbb13f4bf4665b14496690
4062,1764562610.6075141,0.000030807,0.000016641,0.000035546,0.000053349,0.000128498,0.000130401,92c6fcf681638beb66b257bce822efa8793b94f7156a42ebce59a62b8ec16c0c
4063,1764562610.61006,0.000049772,0.000043370,0.000024745,0.000026559,0.000057747,0.000077052,012a5f42ea0b8d34677e22bbe460d67ba1c9b9b80ea76e93b298468a3e8e19b8
4064,1764562610.6117225,0.000024214,0.000015619,0.000023504,0.000023714,0.000046546,0.000058939,c0a0e9c3cce1066c54a807315a90c401d88173f719eebb23293abe10389bb670
4065,1764562610.612927,0.000027020,0.000015458,0.000020207,0.000017352,0.000023133,0.000035405,15443e3255ae6f06f285a3bbac4d4e466ffcbfc1836380893cadb5dcaeb4842a
4066,1764562610.6143284,0.000021179,0.000015439,0.000036347,0.000020267,0.000027110,0.000049702,ea06894c78aa7ae5f1e5e7672ec79bdbf1334e512e8b5c0b0d66ae734370886e
4067,1764562610.6159825,0.000026018,0.000016070,0.000030376,0.000024615,0.000043941,0.000067765,759322f85f22325d635c8608690368ebe9e9546d0a8de476b16209daedd33d27
4068,1764562610.6176555,0.000029144,0.000016361,0.000031498,0.000031067,0.000047127,0.000071542,954c248434138613b379f47b940a299e4104bfd2df3a5663abee569b590d32f8
4069,1764562610.6195805,0.000026539,0.000015709,0.000052628,0.000021260,0.000033792,0.000050664,601840bd9878c98725c5adec454be523ae9061af3c2ed1a83a59c28710a25f44
4070,1764562610.6221848,0.000060071,0.000031168,0.000023373,0.000039443,0.000060903,0.000101106,19c69a544c8bd5c5df2636f4e6d54e6c0d18f7a51694a522d60539d6c21dd257
4071,1764562610.6233387,0.000022782,0.000014457,0.000020077,0.000016470,0.000020678,0.000034874,2786ccf32a8206098d6efc5e8dd2bb6be0b3aacc22e5718d53da4157d385d204
4072,1764562610.6245973,0.000020698,0.000014487,0.000027281,0.000016450,0.000021399,0.000034544,f3deea2c0b5781cb7ddd8ce10e00144493118464fe7037d6ca7bd6f24da2b726
4073,1764562610.6284025,0.000024516,0.000015689,0.000085237,0.000077163,0.000113470,0.000158062,515e2b7e177009062c1b0b77489a8e4be0f68a8d69f990fc2a1a6272f4bbc184
4074,1764562610.6324332,0.000074478,0.000038261,0.000089445,0.000033803,0.000067425,0.000076271,b32bc478f2ed2bc26accc6175130afe4fa3bd3355fee97324e8bf261af5ba479
4075,1764562610.6369233,0.000043100,0.000019746,0.000065381,0.000066644,0.000158423,0.000171256,91a36225cb50fa1a88e8529bc771246e68e9a5699a7cb8af5b4a8ba81f5cb606
4076,1764562610.6393397,0.000050263,0.000023834,0.000035886,0.000031879,0.000060331,0.000067345,472331ba56d4684f029e780dfb05cdeda416bb7b86c49dfd956e355cb65fcd36
4077,1764562610.6425147,0.000047287,0.000022021,0.000098722,0.000031027,0.000059661,0.000085568,329b8318a7d668d3e633aaf780936d98eebae25fdac1109b97764abb09cd76dc
4078,1764562610.6471655,0.000082954,0.000028923,0.000115043,0.000062967,0.000145789,0.000167820,bf0984040bdfcc124e4c926656cfa480a5bb0204d63e49252a13be0949c750af
4079,1764562610.6509855,0.000035436,0.000018525,0.000110374,0.000058859,0.000127886,0.000122496,ba9c0fbf461f4ab017a526fe898c22353232db64e6f37254c1f10e6c0b0a7361
4080,1764562610.6539772,0.000050313,0.000027090,0.000093482,0.000032340,0.000064860,0.000066633,7fa0e64774f0beabe290c0ea06702083f389b5aeca78de92fa937207c5c34e27
4081,1764562610.657715,0.000044882,0.000024876,0.000054221,0.000058468,0.000136862,0.000177117,e45589ad7791e8fba4ae65b657348bb2b285ea485e223646ac4f082fad3c5d95
4082,1764562610.6611018,0.000041417,0.000025347,0.000063347,0.000037058,0.000081300,0.000082763,b8451e02057558b77b794645199571da457e025073be56a9041b8748847d4edf
4083,1764562610.6649458,0.000042819,0.000020948,0.000119961,0.000041177,0.000110123,0.000075209,970bf632d2d659501bac50b9f56a3a2f397499905c5037ec00d09c3fe3fd9c0a
4084,1764562610.6690748,0.000047908,0.000024545,0.000090196,0.000059049,0.000139238,0.000149607,8d8e5cadf6d54cdc20bac2c77792d0b010df809424e92c159337633483282fa5
4085,1764562610.6728148,0.000068707,0.000023173,0.000059630,0.000052186,0.000109482,0.000145920,b2d4204e50fb9c160f64bbe9570f8cd7b94806b7314d1c8bf52f04255583304d
4086,1764562610.6759472,0.000043991,0.000024566,0.000089916,0.000033802,0.000064038,0.000075670,81770793b3898ed57fdebe043cbe11748cd2f7b7561e59baa8fc7455e16881ec
4087,1764562610.6799088,0.000073055,0.000023964,0.000079778,0.000051676,0.000105134,0.000131242,7a1bd9538ce48d679825e8b23fe7997d895df6c535f178b06e7f3f267af01e25
4088,1764562610.6827877,0.000050754,0.000019155,0.000037239,0.000041236,0.000116796,0.000093072,d784ec8b0effd4f82c4eb1f176cd6973266a885e68f8c6931d6eca2e2d007760
4089,1764562610.685714,0.000029815,0.000017062,0.000054381,0.000047698,0.000073516,0.000136743,e30f31b41e89372e49db363b61556fc9f658958184d0671d2e2368760f5fa82e
4090,1764562610.6883812,0.000054520,0.000032119,0.000040966,0.000030587,0.000059019,0.000090377,d1b1badc51ba9e98953e20b7ca9341f7cd3b7df932d0513d7645e2d3a389bc53
4091,1764562610.690051,0.000039092,0.000018664,0.000024335,0.000019476,0.000030747,0.000047438,fabac12a9cbc447bbb164a3cc87000dd4af49ffbbbc987fb0969efbb4817cd95
4092,1764562610.6914766,0.000022962,0.000016310,0.000024906,0.000018765,0.000028443,0.000039243,117de84c31d127238776ee8ade43fb6f82ff4abacc17937888037c20922708d0
4093,1764562610.6928833,0.000023994,0.000015489,0.000028102,0.000017352,0.000024285,0.000036177,4ad1bf8cbdac5049c8d345ce72c415ea54e85ff4649eb3cbc30b4215a7e6af84
4094,1764562610.6942,0.000021940,0.000016050,0.000020879,0.000019776,0.000029505,0.000058067,409fc816951f661d108549c3e93aff05e1501dc0d1f8e6d607437e33775e9c75
4095,1764562610.6954093,0.000021309,0.000014828,0.000022983,0.000016901,0.000026268,0.000040826,df875a98250b8a590fafd556865dbefb43795cfbb10da362f5feb48159b14628
4096,1764562610.6965702,0.000020277,0.000014607,0.000023033,0.000016020,0.000020808,0.000033522,02d88694505dffedea210a4a0e5d651d28bbd5b9ce1632caeabedfd1fd68c113
4097,1764562610.6976655,0.000020558,0.000014427,0.000019206,0.000015648,0.000019836,0.000033011,4f565e96da33d62240d51b6bdfd135a1fdfb13879190b8bb2faa7cae7acd4e94
4098,1764562610.6989357,0.000020268,0.000014697,0.000027782,0.000016791,0.000023804,0.000036838,11a9019f949a3bbacb3ab0b57ce13ae414262aeb2a6df01b95aa6e6b2dc894f2
4099,1764562610.7014294,0.000026429,0.000017522,0.000062656,0.000066683,0.000063788,0.000124469,cba2ba4a2e9f244e1fe1382582e8c70127472bc58950043732c52d3f98d52acf
4100,1764562610.70431,0.000041337,0.000019646,0.000062005,0.000040755,0.000081761,0.000099604,ea1ffe1897ba29cf08462b4633dcbb673205ea35c5b349a80a47e09b65388d56
4101,1764562610.7066097,0.000039282,0.000019576,0.000029855,0.000033412,0.000081691,0.000072894,42e23816c8ced73fde7c461deff3706bae9618fd16f1ac70c392112c9bc55d3d
4102,1764562610.7080555,0.000025207,0.000016240,0.000025608,0.000020398,0.000029033,0.000046847,deac7ca55469734a08b6466f70a5d80418c75eab21944fb27448dd5c9001862c
4103,1764562610.7094753,0.000024435,0.000015960,0.000025947,0.000018444,0.000032660,0.000055593,c628a5b20b0a3f28d545ce8bf57bcd2fa9bc597aa2851376a9adb75fbb727694
4104,1764562610.7108874,0.000023674,0.000017433,0.000037088,0.000017903,0.000025036,0.000043971,d4d1aa113bfc90f2f8419440a5b9c9a7f06bb508434f1446c3ed80d6a89fa80c
4105,1764562610.7127094,0.000026479,0.000016331,0.000072954,0.000020007,0.000026649,0.000055272,5bb7186015134514269df419e096f2c473c98719af05acab516246793dd24f76
4106,1764562610.7146723,0.000063257,0.000036938,0.000030646,0.000025367,0.000039673,0.000048800,788ea94756fc8e7508cb5f54829e22e3fe9749cfe500cf813b8e53384d0fa65b
4107,1764562610.7184882,0.000028532,0.000018294,0.000117677,0.000060853,0.000093602,0.000137494,043df9ecc45091e1e34c36651a2af5f1a5ffd0f4ba134d6361cc329a616b2ad0
4108,1764562610.7233014,0.000071201,0.000032440,0.000100355,0.000051435,0.000103872,0.000118349,4dc7f386c4931be657bc4497b0bcdc4531407d632d40e5ea3b53f3b4e32afd79
4109,1764562610.728218,0.000073596,0.000026890,0.000104853,0.000055693,0.000127165,0.000143745,735d98ffad1720617e29d83e2bef3dbdd22a08c21c48064aff9476c8debc7362
4110,1764562610.7310708,0.000050353,0.000023273,0.000050945,0.000025857,0.000046666,0.000053569,3c873af2c00944653e9507606e2f3742c7e50cfeb09f119b5a7234d643257a38
4111,1764562610.7328649,0.000038271,0.000017082,0.000045695,0.000017742,0.000026228,0.000042849,e6d4ebc11f492ff42399a3a86da599652f00be46a507b2fe4cfe543b6bea796f
4112,1764562610.7362587,0.000054731,0.000040815,0.000068637,0.000039243,0.000101488,0.000107929,af942ef8c0c6846ba2215e6cd557580154ea510d3bb6859b1a5ef1a6edcbd4c4
4113,1764562610.7391202,0.000045444,0.000019857,0.000031668,0.000041486,0.000086230,0.000120522,3b74b8a00251bb31fab458a82d45edccd66b8f21769316442c5cd5ce2ee75622
4114,1764562610.7423985,0.000030326,0.000017362,0.000053940,0.000044232,0.000087932,0.000096909,a1badfeb680b944a3cdd3ad9ec625640839d54a7f34624351b9a2b4c3c45b62f
4115,1764562610.7446632,0.000053228,0.000030857,0.000028864,0.000024485,0.000042679,0.000069168,dc7ba2792e0b19337e9a7989c53e2cac6c2725d183d0b9f547cf9c665a2b02a3
4116,1764562610.7458892,0.000026539,0.000016170,0.000021139,0.000016420,0.000019866,0.000035595,a8ea7b337951e2eeebdd76d265e0c57d121d79eba3cba3e547f64d7856b6a956
4117,1764562610.74708,0.000022642,0.000015017,0.000023003,0.000016941,0.000021871,0.000035185,d36738db0fe599daeed6fe764564af7e5a0b796d576e336d32d8e09898ed92bb
4118,1764562610.7484891,0.000027581,0.000015439,0.000022842,0.000017903,0.000027922,0.000041507,c1b42b0e0dd169f603b13be937f763869d87639ab7f287ca5d71f59a10b6bdf5
4119,1764562610.750006,0.000023433,0.000015960,0.000032810,0.000021089,0.000028923,0.000042338,7bc56d9a0461bc5fe143deda1b08f282978edfa715b844f331247e611c4cd92f
4120,1764562610.751546,0.000029815,0.000015919,0.000021950,0.000022442,0.000040625,0.000057647,b376d7fb2e4e180da2a3db055b2e2e530237b99ad75a4db74423e9eeaaa8c8e2
4121,1764562610.7533581,0.000032500,0.000019766,0.000032911,0.000018604,0.000031208,0.000048109,03cfd5949fbd445a13438aa69f34fafdf24717ea395e26472d99edac2bc07b88
4122,1764562610.7553425,0.000036618,0.000016511,0.000026749,0.000030105,0.000116756,0.000064980,2149ddcde32c5276325093ba485c4c3b784b0a704095f60e8472d8344ffd24bc
4123,1764562610.7568243,0.000025958,0.000015168,0.000025617,0.000019747,0.000029214,0.000046095,61f95c703e0e8e1d907e271ca853c4afcdec03d398ff13c3200500e902b92e22
4124,1764562610.7582595,0.000025337,0.000015118,0.000042298,0.000015989,0.000020498,0.000034734,5e458b123665650fed3a60def0b9027e9903c654ba8310a5debc2e478b0fbf68
4125,1764562610.7596605,0.000041317,0.000028873,0.000021670,0.000016160,0.000020748,0.000034855,30210b79de1e1c5d4c270e62f724beb3eac5c5b4c804aa627a8eca790ad72d3c
4126,1764562610.7609,0.000021680,0.000014987,0.000022812,0.000017102,0.000023934,0.000036167,2b464541dccb9f3cacd603b526debc2e2e744f26fa8723106685ce0a14a0e977
4127,1764562610.762141,0.000022823,0.000014928,0.000019807,0.000017312,0.000021710,0.000036267,8644d7fa35579bfbd115610baa0b5000d1e092a29f5b68047cdcf1ee74e9f6d7
4128,1764562610.7632568,0.000022282,0.000014486,0.000019997,0.000015528,0.000019966,0.000033372,5ddd41e204737866912797d84ad35966662bc3fa447ac0f413460dc181a5bdb5
4129,1764562610.7643366,0.000021079,0.000014637,0.000019436,0.000015659,0.000018885,0.000032730,741509fc8a54fe788616ad012f8655cb235fc9dcb4a8bfaf6c3cb99ebd41b979
4130,1764562610.765428,0.000019776,0.000014396,0.000019195,0.000017883,0.000022542,0.000032881,858cce915e2e141c44a74a93d5812183f88735ef38b67fb01f8a7a88d10e5faa
4131,1764562610.766544,0.000020037,0.000014286,0.000019115,0.000016431,0.000020498,0.000033652,f5b63abac7e4169cbb559292c751f6409b4fa2fffc36606c63e55bbeb7428b8d
4132,1764562610.7677171,0.000020828,0.000014366,0.000019707,0.000017523,0.000022601,0.000033382,12f226853f19e48d031940c87e92a12a49dc2cb7003adbbdc553cb984d4418b3
4133,1764562610.769567,0.000020457,0.000015178,0.000024294,0.000033202,0.000049842,0.000069839,7126930d37e329ee96073c0f0763b07143bef39fe13df67d9cc48fee218bacd1
4134,1764562610.7707558,0.000023643,0.000014918,0.000020197,0.000016811,0.000021379,0.000035516,ace086aeb25c8ee3808d60cd10115fb527d66423dfe2750390184e81b08bd3d8
4135,1764562610.7718983,0.000021490,0.000015078,0.000021029,0.000016380,0.000019746,0.000035556,edb759270c42fc53b3c2de27a6d97c7acd85031fa090956adeeb084455b4ee12
4136,1764562610.7730298,0.000021159,0.000014878,0.000021199,0.000016190,0.000020117,0.000032941,2cb8a26620d892e18453a31ba2d111408d8712aaec6df8c53591023477503486
4137,1764562610.7743642,0.000021610,0.000014707,0.000039713,0.000015819,0.000019176,0.000033172,be26738aa874a6184090b5b868e81b31c4598e7859b487e8626950cbfad0b183
4138,1764562610.7759721,0.000039433,0.000029184,0.000019777,0.000016610,0.000021399,0.000034784,b567a402c51bcf3c44891d58240dccc5896b854a9b09ce425c39cb87109ae238
4139,1764562610.777123,0.000020167,0.000014647,0.000021370,0.000017011,0.000020709,0.000034884,725c7e78931f98fdf1f2b0699e15bbdf34f00ce2df3e918a8a096292a02257c5
4140,1764562610.7782307,0.000021520,0.000015027,0.000019616,0.000016330,0.000025777,0.000034764,65bb194cb67059afe67a30d079ce31f4498d1c8c991500b7884eb6940c7a9b41
4141,1764562610.7793133,0.000020899,0.000014567,0.000019026,0.000015819,0.000019877,0.000032940,9c7911baeb12ce28a1115a79779e5c329336da125aa4da62b7ac4df48eceaef0
4142,1764562610.7803674,0.000019797,0.000014246,0.000018895,0.000015378,0.000019216,0.000032750,534afd5a5561ef74d52636a2b1643a122c78295fc0208d484d2e34902cbd28d5
4143,1764562610.7814052,0.000019997,0.000014126,0.000018985,0.000015819,0.000018865,0.000032851,06c5932d3767b5526f09e9d3cf93475c3f37c8b60d4fb1b82f0135951c55218b
4144,1764562610.782456,0.000019816,0.000014286,0.000018965,0.000015539,0.000018434,0.000032871,c2844c5f8dd370c5464b06f143f35631c4f2d36fc7505f80c8a49b64bc67ff1e
4145,1764562610.7837381,0.000019486,0.000014477,0.000041567,0.000015529,0.000018544,0.000032099,9f1a55cb5e90f066f8050ced81ca51f48ef1b9c0c4c900fcbad880845b4a7c20
4146,1764562610.7856748,0.000041878,0.000029514,0.000028012,0.000021489,0.000027191,0.000054300,8d77f1f0abfe2c9cd5463bfc55b4a1314a2b13a02e55b603c56d674546edfd76
4147,1764562610.7869222,0.000023323,0.000021940,0.000020538,0.000017242,0.000021901,0.000035866,a10417b15b6c4e35ecbd3bbe00d4e63a45c6a031d17a10a1331d605586fe9f92
4148,1764562610.7880132,0.000020959,0.000014768,0.000019616,0.000016180,0.000019647,0.000033582,e9571c548fb9c4172224f0e3ab1e23c224e5edf212fa4983cf0de9b7599cd6c7
4149,1764562610.789074,0.000020608,0.000014346,0.000020278,0.000015518,0.000018474,0.000032881,a6841f0fc04d8d2bce11a52b4003b5b5065053ec500ebba019b82fd0973e38a5
4150,1764562610.7901394,0.000020388,0.000014346,0.000019366,0.000015508,0.000018575,0.000037078,24876c55b3f48f88d7100ae4c61d368b5fa047d17421314738f93cad1176ddd1
4151,1764562610.7911954,0.000019926,0.000014227,0.000019546,0.000023394,0.000018404,0.000032270,1f2a08cbd13cec3755d63a6fc5033472755fa65fa3c4cb600f80e3c506961d7d
4152,1764562610.7922752,0.000019977,0.000026488,0.000018714,0.000015800,0.000020498,0.000032991,00aa75566be007e37c06ed168d6cbbb96c92c575309e6d2bb731f1518f32288c
4153,1764562610.793343,0.000020088,0.000014186,0.000019566,0.000016230,0.000019826,0.000033221,c51a52a7307d287f38ecd8aa3316757a10686d9ff361e773f977fbd24995cea3
4154,1764562610.794515,0.000020147,0.000014086,0.000021350,0.000018034,0.000024615,0.000036788,ecb94d6d7f166adccab87e92220fa2e7305c10b2e83a32623587fa027d40d9ff
4155,1764562610.795569,0.000020348,0.000014336,0.000019015,0.000015659,0.000018794,0.000032841,6f0778cc89bedf258ea5d81d250211b04bffc265563ca1d2b62cc7d17e7233ff
4156,1764562610.7966185,0.000020268,0.000014366,0.000019306,0.000015669,0.000018614,0.000032630,4422689f92c1e60752d8d928ef82ecb13091fb7281ea3bb25a10e58bf48f2775
4157,1764562610.7976923,0.000020027,0.000014357,0.000019436,0.000016100,0.000019216,0.000034544,d44a1b9cb15f866da27b7f54985cca44f0df1f5dd5fca9205bc92e559ee33a60
4158,1764562610.7987318,0.000021089,0.000017813,0.000018835,0.000015549,0.000018474,0.000032630,fd40aac91844aaa2b86f8e114c854c4e01639dec0f6fc9e23d8f4d0e4c12492b
4159,1764562610.799768,0.000019996,0.000014988,0.000019005,0.000015318,0.000018144,0.000032530,d527de2804397a25aae7afd6097ade9b801d3e24e8864afc75c82c95036c2770
4160,1764562610.8008566,0.000020458,0.000014227,0.000020739,0.000015739,0.000018875,0.000032800,6e5609ea5a1ec8adb4a7bccf856876f2dd6604b9b84318b4c864ec899ad1a3da
4161,1764562610.8019965,0.000023774,0.000015108,0.000020177,0.000015669,0.000019316,0.000034053,11c567de97a0f1179d4fbaa2f1afb3761c95f13b918770eee8f555e37a3570f1
4162,1764562610.803175,0.000024926,0.000016240,0.000020428,0.000015969,0.000022531,0.000032851,f9a5287a990697f55d010b580eeb29105c130ce70d7946dc3949217678359417
4163,1764562610.804311,0.000027401,0.000019396,0.000020869,0.000015329,0.000019075,0.000033562,ded58a1e83236a97690ee960772bdce9c38365d8f4fdcd697deedad0197ca2a0
4164,1764562610.805385,0.000021991,0.000014977,0.000020097,0.000015599,0.000019136,0.000032941,e931615b88046f91ce4a828884e2b110ebb52bad2c496edbf0ae6b9dcc6831e0
4165,1764562610.8064544,0.000021429,0.000014677,0.000019466,0.000015469,0.000018414,0.000032520,af5668037ab1a12fcb09eeda875513bb6b55743f5e41e2245011dac943b4785e
4166,1764562610.807523,0.000020688,0.000014457,0.000019486,0.000015719,0.000018454,0.000032781,78e120a66cf385b5d0631b12a5725526fa635bea184d51b8122da91ba7cbf711
4167,1764562610.8086152,0.000020888,0.000014667,0.000020378,0.000016170,0.000020588,0.000034283,2a067efb582a7abc266256a802d34fecbbef551f6cc27f62680502b1f7565fb9
4168,1764562610.8097653,0.000021831,0.000014717,0.000020218,0.000016961,0.000022471,0.000034153,5b5b2ed52f77daa5fe6fadd0fca4da6170fcdec43edc90efedda3ea6c66b42b6
4169,1764562610.8109386,0.000021490,0.000014888,0.000019586,0.000016210,0.000020879,0.000036097,d29b35d2e363143d0ac6fdb132ffd2ca43b0fd6a1e23ac22420f702f4cbd8862
4170,1764562610.8120084,0.000021219,0.000014416,0.000019426,0.000015489,0.000018294,0.000034513,921cd9c50fba13d64da09f94132e160671cf7bd43aa9ec04cc93e82fc7999ae4
4171,1764562610.8131227,0.000020658,0.000014347,0.000024886,0.000015729,0.000018283,0.000033312,ab128611371ed7922dd8e4b41403ec88a67785a1fcd494a4fff412dc96e87894
4172,1764562610.814311,0.000022141,0.000015128,0.000019977,0.000017292,0.000021700,0.000034443,8a7f8bd9610b56fd7b018f08ae13ef6f379468e0265c0acbd32c9bba7ac27d72
4173,1764562610.8154054,0.000021119,0.000015148,0.000019696,0.000016470,0.000019777,0.000033011,de3d24dac5e43826318a0907120533385e193cd6dc4823627ad41bf5edcbc2f6
4174,1764562610.8165221,0.000020969,0.000014858,0.000020308,0.000016260,0.000019656,0.000032600,e8a4819c507a4db2dee4fa6702b37b0e0b9ff3491ec36632797d7d97f9378750
4175,1764562610.8177342,0.000020007,0.000015308,0.000022361,0.000016070,0.000020148,0.000033172,fcc97446888d7f1394544cff67448782dc47fab25653eb2a97f3e6bff8ed8dfc
4176,1764562610.8188677,0.000030536,0.000015148,0.000024756,0.000016460,0.000022462,0.000035285,581205ac479493a89f2168b0d6dee4efe7f7b2d66e7957f2a66c6bfcac284331
4177,1764562610.8199594,0.000020879,0.000015299,0.000020207,0.000016520,0.000020377,0.000033221,17fab56f8441dfe817338f1b4a67758b6911b5e45c67940bf8ac622734d7cf62
4178,1764562610.8210378,0.000020298,0.000014457,0.000019566,0.000015810,0.000019706,0.000032761,92871ea5ead81d4312e6d5dc5ea1084bba0e6343aa8e0828b40ac64b9af4638a
4179,1764562610.8220994,0.000020998,0.000014457,0.000019927,0.000015800,0.000019195,0.000033572,db79721a6b7ac005d3b1f8d4a2bda8a5b132735cadd42c49e588a912f76a4e8d
4180,1764562610.823174,0.000020619,0.000014546,0.000018905,0.000015679,0.000019065,0.000032841,a32e9a5f9a086bcea9a6105ce753a94e2d6e675f69c75dfacb353a38eb511cd0
4181,1764562610.8242548,0.000019896,0.000027952,0.000019416,0.000015439,0.000019265,0.000032971,5209b9a479b824430d1664f297c60406e8691d22966bdf7d7240cd3b2663cf8c
4182,1764562610.8253095,0.000020217,0.000014126,0.000019076,0.000015588,0.000019345,0.000032880,fc81047f5754b1445076dde037898d9b57f01e36daf5b90bbb9d70b5f454971d
4183,1764562610.8264863,0.000021811,0.000014577,0.000021219,0.000018554,0.000024115,0.000044573,d72d4c6bf524333fea60d030ff4e13c2c83cb9983f5f5fa25362ecfd495279e4
4184,1764562610.8277082,0.000020858,0.000014517,0.000020027,0.000017593,0.000026098,0.000038180,677e21aae9333cae6745d3f0659522482277df1672071db33e3b763772edc392
4185,1764562610.828792,0.000020108,0.000015528,0.000019977,0.000016360,0.000019786,0.000032951,b773a2e9d43c4012f141fe47752bfe2a9d5ca2524a258c210d09b17adffbafa8
4186,1764562610.8298807,0.000020748,0.000014396,0.000023303,0.000016170,0.000020167,0.000032720,d088253d2c335f299eed449ec19dd0542ab25b7fdc65382e55319acffd88b8f1
4187,1764562610.8309636,0.000021139,0.000014217,0.000019436,0.000015429,0.000019125,0.000032640,ab3f5f6a4b7d5557191b8faf02e7ec7f32407eeed20f1f241953466cea089047
4188,1764562610.8320029,0.000019707,0.000014707,0.000019255,0.000015859,0.000018564,0.000032760,c35a1a92745b8efbed69a273a48ba744ead5b0588e2bb085363ae87467cf2cef
4189,1764562610.8334417,0.000019737,0.000014597,0.000050944,0.000015428,0.000018684,0.000032650,a89c9bbea326b89343954bd935c026c27e905a79d56ea28b50dec9b23bfc2d99
4190,1764562610.8357298,0.000050793,0.000037589,0.000056104,0.000035285,0.000045975,0.000071913,c207e65f572b570a924f36a58f545a483d92b3b6fd199be8671c0f90aa5135f7
4191,1764562610.8370004,0.000045725,0.000022081,0.000021410,0.000017924,0.000023593,0.000036738,f916b2c6871a496025ff4475117c199f8f4552a71e968a2149a08c376150e982
4192,1764562610.8381352,0.000022541,0.000015448,0.000019556,0.000016200,0.000019947,0.000038501,2c8ec06d449107fdd6ac8d468f46d9cd7c46e87bb4a83124f0937faabaf3c36d
4193,1764562610.83922,0.000020047,0.000014357,0.000019245,0.000016291,0.000022922,0.000032871,b41764e7b7119785e3d930c7a3e98777e2c1eb7a74e9d320bb67b4f77d7a1a72
4194,1764562610.840348,0.000027511,0.000014456,0.000021399,0.000016932,0.000019987,0.000032911,1082db4d956d26c9abc1e7912d375e6f7c1e3f4facca448107b233ba949b68f8
4195,1764562610.841453,0.000020397,0.000014627,0.000020458,0.000015629,0.000018975,0.000032220,987973d22adcb50ea45b0ff6da9f9c1e31942eff49ef42f13c5cd61021c65075
4196,1764562610.8427744,0.000021289,0.000014587,0.000040435,0.000019235,0.000020619,0.000032810,f4b7293dfdeb6f0395ceea3e0a8697b64a83b97b314e1dca1d0926fa29b1535f
4197,1764562610.8444586,0.000040305,0.000028803,0.000025206,0.000017161,0.000025247,0.000036527,8efe70f8aa400ee9d5f7e83e8d8d00183ddc7ae6ea76f859ee0edb08f7ca4d56
4198,1764562610.8472705,0.000022793,0.000015138,0.000065131,0.000051185,0.000077203,0.000103261,a04a681d8201f81fc9a5cf1d58256f0191a721857f0b1cd67eb293f8fb32f3ed
4199,1764562610.8488755,0.000031258,0.000016410,0.000027631,0.000020317,0.000031788,0.000039503,196ad9cd384e49f5278868f969030f24e788867af9b72c811b77ce60ce7da542
4200,1764562610.850194,0.000022021,0.000015478,0.000022982,0.000017302,0.000024875,0.000036918,274df3ff2169f6a5b618c4e2ddd0a103303e69f74533acec64183a83427f2dab
4201,1764562610.8529184,0.000022471,0.000015128,0.000060281,0.000044703,0.000084947,0.000123558,a37b600e8a5e588d375221ce52f17a5665e494e9bc73552fccc17ce4338402fe
4202,1764562610.8549566,0.000056434,0.000039894,0.000027701,0.000024044,0.000049592,0.000059900,208ed404933141809323ebb4f57501116ea554bd5ef79e3116f2b7042150fa00
4203,1764562610.8565645,0.000027350,0.000017723,0.000022031,0.000053539,0.000039112,0.000057877,a3a2d6002746ea988409d0604eeb61bf8719940552ae05787b941dd54d392475
4204,1764562610.8580773,0.000021951,0.000014998,0.000034404,0.000019987,0.000034013,0.000042038,9e4f6fa26f1084608b748c5e0ed1b98a84a59bb982a017066ca94c995e393ce4
4205,1764562610.8608763,0.000027491,0.000023102,0.000089025,0.000039383,0.000107929,0.000078194,e988ca11a7be91c8cd6d1a691e9312a89f38ed8c85009be8bc6e47850b462da4
4206,1764562610.86373,0.000062225,0.000035296,0.000062695,0.000026580,0.000059490,0.000089315,a75b4b833781cd7c95317aa59d3f548b482eae46f6f6b1e32f2f7a9ae8051fe3
4207,1764562610.865506,0.000049712,0.000031078,0.000024655,0.000020087,0.000037139,0.000051405,1ed7cb2f4690495c96c9c94b8628b83db7d4164620052a52edad5ef9c1b5c164
4208,1764562610.86686,0.000026639,0.000018725,0.000025658,0.000017763,0.000024766,0.000040555,aa3b6f5f494a7ddaf633d03248f58ecfc00d8ec7ceb1451fe4bea66cab776bc0
4209,1764562610.8683617,0.000025106,0.000015288,0.000045714,0.000020778,0.000030216,0.000038150,15e0cabfaa9724a919f23bab11a76026aac46c153356ffe303f699a1c753c608
4210,1764562610.8705657,0.000044392,0.000030556,0.000055112,0.000027221,0.000038341,0.000071573,40b4da3bbea60541b8f93c8578155acb69b4ea2e1536124edadd71d44e8012fb
4211,1764562610.8729384,0.000048570,0.000032831,0.000048450,0.000023183,0.000042238,0.000054040,e16dac6e3ab4576e95bd7f00f4012fbdaa5e1fa6ae4ed832e6749f42c5a087d9
4212,1764562610.8750975,0.000027941,0.000016060,0.000036517,0.000027631,0.000090347,0.000053639,06b8a7883c822209efd7ad8c0728be48089f428bf624d917334d6651849142cf
4213,1764562610.8770823,0.000028042,0.000016501,0.000039803,0.000026279,0.000048089,0.000066743,a7bc97f0a6fa215ab431e284bdf7daabdddc43b645301d86743d20aa3f526624
4214,1764562610.8792121,0.000031748,0.000020477,0.000035014,0.000021941,0.000037279,0.000044362,6011ce548b6f0501b95a3a2a07fe82ccf5a7d95465cd05fbe98c59c1a5d98608
4215,1764562610.880785,0.000028042,0.000015889,0.000022612,0.000021099,0.000039353,0.000049722,28e2fddfbf436d3a3896c96f8c434f4e7df7229936fa9f649f598437c0a023d2
4216,1764562610.882107,0.000021880,0.000014947,0.000023203,0.000016881,0.000027621,0.000038341,51b908910cf671e9dc3c32c714dfa9c8dfd4ae9edfcd0ee46b90fee6e3b98c20
4217,1764562610.8832397,0.000021590,0.000014717,0.000020348,0.000016020,0.000027481,0.000033382,c11f68fac1bd75dda8a2e2ebb70981914e5048a296499d3c3eeb423612c8bda0
4218,1764562610.8843598,0.000021310,0.000014697,0.000021480,0.000016070,0.000020748,0.000034453,45a54bab6cfae9272ce9e5e187069dcee2745cad5a01dbee7a0b772817c0d1d5
4219,1764562610.8855262,0.000021279,0.000015239,0.000021820,0.000017322,0.000021850,0.000034474,11d31ed9c5ba4b4ede9679e842638b9a91a9bc2d81e1275f3b5508ac994b30a7
4220,1764562610.8873005,0.000021430,0.000014988,0.000023504,0.000033643,0.000043751,0.000069739,a0ddaa507a7af7fdf8c6dc26dc5a382be840379ab9b12e010e1e9aa22aa8b14f
4221,1764562610.8885074,0.000021560,0.000015488,0.000023242,0.000017152,0.000022521,0.000035946,b6c03ed508897a53178f3d4edc9a2254c4c12f1cb705a2149cc551d7d2c26609
4222,1764562610.889878,0.000023494,0.000015468,0.000024546,0.000018875,0.000030086,0.000041267,126894c423f5b831da275a2bf22e7635948f0ea86629ee97f9da050382ed6e8d
4223,1764562610.8913882,0.000026088,0.000016480,0.000021910,0.000019907,0.000045845,0.000044733,924f4ba7bdddd845632b0fdc34132a3fbef870ccf6d91d17cc19f9bfb95f0cf2
4224,1764562610.8927402,0.000023364,0.000014947,0.000029555,0.000021279,0.000029254,0.000042708,9bd35d952d42a638ff6dd5b8282888e341f866ac549450aedc5fdd44de945626
4225,1764562610.894288,0.000028793,0.000021289,0.000025688,0.000019446,0.000031528,0.000044252,6e759f7c6a8fef04d352a78eff599f725a7e3f208fc09b5696d019e6c850b8eb
4226,1764562610.8955688,0.000023984,0.000015589,0.000023223,0.000018244,0.000025888,0.000037740,81802dd5d92a1ffddbf590217506eb3cb37cdc7c9bb3b9365def6a764d56fb01
4227,1764562610.8967648,0.000024786,0.000015168,0.000023253,0.000016952,0.000022672,0.000036999,23659d4244b0e850ecc395f5883412bc2838211e6c723a5371d82149e2f45e53
4228,1764562610.8979416,0.000022752,0.000014707,0.000022631,0.000016821,0.000021369,0.000036458,0f3a1cdcdde319444d1e588b21ba787b9bddc24010537e6ad1e736c64da405a2
4229,1764562610.899054,0.000022041,0.000015048,0.000019266,0.000016190,0.000019315,0.000034504,cd52baa46ae233a9e601c135f224471718915a9fa3bb92789324e7cc3437f80c
4230,1764562610.9001572,0.000020718,0.000014547,0.000024044,0.000016290,0.000018965,0.000033311,b4b21cab2141df8bb01319c97807ca86a680b0076b5590412efe73f94616c845
4231,1764562610.9016933,0.000026899,0.000021499,0.000025347,0.000019947,0.000034023,0.000051776,785bfaa5e185c09b8e6a7291a801997e39e2ca64b67e7b79a10f9e63be1d1aec
4232,1764562610.9033468,0.000024225,0.000016280,0.000026419,0.000021269,0.000034183,0.000049231,7051f13e6c03fa408d759f7aba29dfb1bc6b9926c742e6bd5ad64671dd861641
4233,1764562610.9046826,0.000025277,0.000015739,0.000021119,0.000017603,0.000026839,0.000042889,7d4fa0b76cb3be4db24c95f9c8c4384946d946c4a94b1320666939511d5e2884
4234,1764562610.9057944,0.000020959,0.000014266,0.000020608,0.000015870,0.000020408,0.000033702,71f5dbf36aa7a47510c3e7598f28efd0cfa804b7164ce2bc3a1a0cb20d10d404
4235,1764562610.9070084,0.000025117,0.000019336,0.000021149,0.000016781,0.000026158,0.000040194,d5b3caa66784ef4e4948b7206c83be2d8811430826e5ad56bea0ce416d90e372
4236,1764562610.9081497,0.000022221,0.000014637,0.000023473,0.000015619,0.000019406,0.000039243,e3a2326bde7b516ec9999ae8081aaba11736843b72c390bb0490cf5afb0ecda8
4237,1764562610.9093778,0.000024084,0.000017061,0.000022401,0.000016270,0.000020458,0.000033682,690c4b1457dd8c7b6599b2dc272360b85f474b0419d1d375b23bdb125e723bf1
4238,1764562610.910545,0.000021570,0.000014216,0.000019536,0.000016451,0.000021650,0.000035506,11ecb5df518f681a63da34102daa492341d2476da44882a79a33e9fa3c87f167
4239,1764562610.9120083,0.000021230,0.000014457,0.000043300,0.000017472,0.000025728,0.000038942,387e0639a7f4afa6515e67cfd50d6a2154864c8a3f5817b0cb99e4652b9fb48b
4240,1764562610.9133127,0.000040746,0.000014516,0.000020258,0.000016100,0.000020798,0.000033792,025663c0241b1e93126ec1de14c8189342b982a79073acb849da14fac9c278be
4241,1764562610.9144192,0.000020908,0.000014948,0.000019767,0.000015829,0.000019717,0.000033051,34e54332e68c749ec630d0fe96e3017f69d05f076e221fccbebc829663707acd
4242,1764562610.915475,0.000021039,0.000014647,0.000018965,0.000015429,0.000018554,0.000032861,5bb0974f1bbc30ca6a7c03b8f58e43ee059eb7f8592ef46fd3959cfdf32f1bdd
4243,1764562610.9165673,0.000020277,0.000014387,0.000021039,0.000015388,0.000018384,0.000033041,6fab54c979bb00b18b7ecfaed1b9dd691eb5e112a2ead2ce52707f5714431968
4244,1764562610.9177694,0.000020948,0.000014728,0.000022372,0.000016360,0.000020468,0.000033782,2f8a5e72489de1da96c6c39cb1ad2d0508d0cb5cccba44cb01f2ffb53f031185
4245,1764562610.9191265,0.000023593,0.000015348,0.000024064,0.000018043,0.000027962,0.000041988,db2ea1230beb0e7972649b0d4103033558aaedcf9f461d5f07629452be3795eb
4246,1764562610.9203756,0.000023603,0.000015388,0.000020798,0.000017272,0.000023994,0.000034223,ff9f9bdb882801a8a41cdc525db29b6abfdfb161d39863ac87de61aa8e5a812e
4247,1764562610.921539,0.000020778,0.000015629,0.000020648,0.000016270,0.000019987,0.000033432,4084ba56006d451676169c521c6ae2d19fa2da713b79f21738163a007a0a6c01
4248,1764562610.922715,0.000021410,0.000016029,0.000020488,0.000016561,0.000020228,0.000035115,382bf554b18edc737832bf1645b16b966302656689a6eb7c0a159c81159b7a2c
4249,1764562610.9238877,0.000021219,0.000015879,0.000020708,0.000016020,0.000019927,0.000033572,a9712cdc461fbfc62da7e3e176f408d1d289ea69c7312c744c617efae027bf72
4250,1764562610.9250457,0.000020878,0.000014426,0.000019907,0.000016230,0.000020067,0.000033381,1645a8a1a244c6d4ccc355aabd5b59a5cc83bb5aa5fed09ae3d662b532cf6393
4251,1764562610.9262774,0.000020979,0.000014808,0.000024956,0.000016110,0.000021049,0.000034304,48951923564fd741c857a94635e65d26ebf1f73f7331398317497cdafbdf4cd8
4252,1764562610.9275043,0.000021490,0.000014737,0.000020619,0.000017562,0.000023113,0.000035375,e4e392b93a8ca11cbde389d83b42dc87439a55db5b4172e1e1ff9580a0cfb48a
4253,1764562610.928683,0.000020578,0.000014547,0.000020448,0.000016420,0.000020799,0.000033943,6f3f858e6048affcd3652033061abe88edadc7c530303f4cc16b09c2162d8f0c
4254,1764562610.929829,0.000021389,0.000014697,0.000020468,0.000016080,0.000019786,0.000033342,999edf7a62d8eb7b4497166e87a6d6daa0fc9387d4504d5d2c7be4166c184364
4255,1764562610.9309936,0.000021229,0.000014788,0.000020568,0.000016371,0.000020628,0.000034032,bf136ff8e60fd9a6e097ea1e5f15e47adad3d3488f1f153c15ecbaa2a6871e8c
4256,1764562610.9321632,0.000021600,0.000014657,0.000020287,0.000016200,0.000020458,0.000038431,4fdefce30f98fa55a0d4f3896167156d639bf971c42d16d37c891d14964170f4
4257,1764562610.933303,0.000020969,0.000014797,0.000020187,0.000016200,0.000020007,0.000033422,5e8e63daf2a9c18227960dc6f0bca902166987fa1e49a4cf0a52bc95a55a53e6
4258,1764562610.9344935,0.000020869,0.000014637,0.000021169,0.000016410,0.000020859,0.000034294,356bc0780e498650616b9d8fd872e1102540c361b5ec245a2dd6f1abe3499c3d
4259,1764562610.935708,0.000021189,0.000015078,0.000020679,0.000017052,0.000021499,0.000035105,7b943afddf39e4039d161e3df1a35530021eb173a3c14316166f2fce44e05f74
4260,1764562610.9368749,0.000020638,0.000016000,0.000025658,0.000015840,0.000020668,0.000033792,189d5d3f7ba3dcfce45be801f10054ce86b7010630dab1ba3c3b978ddbcefb21
4261,1764562610.9380357,0.000021190,0.000014777,0.000020428,0.000016380,0.000020558,0.000033682,e3b88a381f9f9a2d52c16a4bb25c564563db3bc71f3f4f07a4d723c458d7d6dd
4262,1764562610.9391973,0.000021650,0.000014867,0.000020468,0.000016420,0.000020227,0.000033732,438b551a536f5b8fdaf02e1b87764b74d7a8d35a338c66317170666ad2c62994
4263,1764562610.9403322,0.000021460,0.000014597,0.000020117,0.000015990,0.000019636,0.000033471,221be99fc255df005ab79b22fb7ebe55704bc8130071c1b90191501292a6d920
4264,1764562610.9415119,0.000020719,0.000014658,0.000021038,0.000016320,0.000019807,0.000033511,18a4e89d05f7320bbf6e3be0754bbe4bc736f59b14b503089dc74ac7c92880d6
4265,1764562610.9430027,0.000020518,0.000014767,0.000043420,0.000019707,0.000023774,0.000040846,108828fcb26f0410cb8a260e867183f1e272664155cbad56f935b2830cdeb88a
4266,1764562610.9445045,0.000042138,0.000043570,0.000020207,0.000018104,0.000028362,0.000038401,2f5fba3a292415a6d42c984407795f96db77084b6242f15bc877840524f165ed
4267,1764562610.945984,0.000021540,0.000014888,0.000021740,0.000015999,0.000019866,0.000032730,3691857b803429f2a67da43f9c9b514ad1d764f4c65476e104909af5f018c378
4268,1764562610.9470966,0.000022441,0.000015339,0.000020017,0.000015569,0.000019165,0.000032620,94b8c43cfddebb18f21a4fddefb6e6572766a7090f00b86c706fab827d203c68
4269,1764562610.948154,0.000020518,0.000014978,0.000019636,0.000015388,0.000018394,0.000032961,868c28ffc433c79239ef70d80966047b4ae822a064fbb38456a1ffaa0fa3701f
4270,1764562610.9492817,0.000026429,0.000016230,0.000019817,0.000015729,0.000019296,0.000033532,c34060eb501cbc4a38d5af7bf07420ee01b4bb0026995328e752746edc42ca3a
4271,1764562610.950347,0.000020918,0.000014526,0.000019556,0.000015608,0.000018814,0.000032710,3e6485c913e2eb7f796cff602f641ac35afd7d718b19bc252c881bca02d5c98e
4272,1764562610.9515193,0.000020578,0.000014587,0.000020949,0.000020548,0.000036498,0.000036838,45ef8bf5d5d5b52db5a3aad261d1be757eee39c522849e9b883b58ba19a54d6c
4273,1764562610.9527724,0.000020398,0.000016320,0.000020608,0.000016500,0.000024806,0.000034604,6a9b86133ab60f8bd3ea9fc02e43fa36119ae324ae577596a238dea4004e1b27
4274,1764562610.9539952,0.000026509,0.000016350,0.000020338,0.000015929,0.000019836,0.000032771,2f0450afa00427db9645e179579c21d504877f5211fcb2aa2603d0ec900e0e93
4275,1764562610.9551218,0.000021400,0.000014967,0.000020478,0.000016540,0.000020177,0.000033001,a89799a2e0c725e41bc4d8b57325c8f640920b48cec4febeaa74f019fbf17e95
4276,1764562610.956227,0.000021369,0.000014466,0.000020238,0.000016010,0.000024024,0.000032931,2f61fd9394d11ca5d5decdd0183a5ab8f2a6430badad2b4eacf89bcbb68acbc8
4277,1764562610.957304,0.000020398,0.000014116,0.000019516,0.000015478,0.000018965,0.000032941,9e69b06b8647561d79b80f107416d01c5f9a3d191a21d5a8fdda015e410e8cf6
4278,1764562610.9583929,0.000019917,0.000014707,0.000019085,0.000016060,0.000018775,0.000032760,40693cebb4d25f85b040f5013521eee050e4f89ce4b985b077c1d14ffab4acfe
4279,1764562610.9596913,0.000020308,0.000014286,0.000024315,0.000021309,0.000035586,0.000038010,39bb184cf81b87ce2dbb1fcf4f21edf8cd76dac9a5d3b2f9a051f7f2345a18f7
4280,1764562610.961032,0.000021820,0.000015479,0.000020297,0.000017302,0.000028623,0.000037559,a39765e4850a5280f78c9dbf7acb68264782d812c2fbf7ddfc504aa322a13ac1
4281,1764562610.9621232,0.000020899,0.000014897,0.000019586,0.000016280,0.000019405,0.000033112,e3e0e95d0e49937b11b14a882a4154eb2b1dc98ac56063252b23dff5942d7970
4282,1764562610.9632304,0.000020417,0.000014697,0.000020858,0.000016431,0.000023603,0.000032811,446b3cbdfce843139028a183f96d1e54605de5d07f3f8e716e6a026f285920e8
4283,1764562610.9643993,0.000021389,0.000014577,0.000022472,0.000016581,0.000021750,0.000039633,0469b169368c2f15229b774534c717df096fe9f42eda0f1593b23bb4e8903498
4284,1764562610.9657803,0.000022061,0.000015389,0.000025738,0.000023043,0.000033081,0.000041827,365857ff5092c4460a0e1f63dfbf14abb873ec82bbea67a2e15b6294366b9ad3
4285,1764562610.9674263,0.000024075,0.000016821,0.000038401,0.000019896,0.000033151,0.000047508,4cd50e70b7e83a22257ed8a384b3b588c66e92dffa18918c31a739649984dacb
4286,1764562610.969366,0.000026478,0.000016180,0.000032910,0.000025026,0.000039563,0.000086430,7e26d0bdc65bd296bb1c2498c21d78db337720aae0bbf5cb18a101dc9334f109
4287,1764562610.9709039,0.000031679,0.000017783,0.000028523,0.000019636,0.000027922,0.000043681,5873b53409cb6e80e9a26ba02c301bda9ab785f9ed99a88ea73d4eb2d734c986
4288,1764562610.9722815,0.000025497,0.000015899,0.000023563,0.000017432,0.000026769,0.000040956,3be074589306c1dd5d0bd3a907f892001e649ace3566a215cf521ca5e4be9e61
4289,1764562610.9735959,0.000022432,0.000014948,0.000022020,0.000018003,0.000027661,0.000040755,624eb5dffc27e47182559a10f4038f464512f7237635e74b0a10811c9b07aed1
4290,1764562610.974778,0.000022742,0.000015269,0.000026900,0.000016340,0.000020348,0.000034784,bfca61a4e1b1bc6108bf4694e22eab07729d0c6774a26805fcaeae2fb1c0fe98
4291,1764562610.9768064,0.000069819,0.000037520,0.000025627,0.000021980,0.000031568,0.000042639,0b40bf3ca61c0344b3ca7f9c672a1cd1d58c5fdb3dfe033e8dbc00e3eb2ebacb
4292,1764562610.978061,0.000025517,0.000016010,0.000021950,0.000017241,0.000023563,0.000035816,eb8171c84c65a9a7bd60a8c29f3b91b5f5823f06cae14a2348ff182a4d8a03a2
4293,1764562610.9794433,0.000021870,0.000014998,0.000032350,0.000020538,0.000031008,0.000051535,067d57c1be3d8ed429b5711c6cee35f68864bc0a3cb0068deda8108712d19256
4294,1764562610.9807427,0.000026830,0.000017011,0.000022322,0.000017382,0.000022171,0.000035606,9657dffb4e2939526761e37ef8a1b6e1cd1d7e7cd762ae1f406e057811b3acbf
4295,1764562610.9819884,0.000023393,0.000015408,0.000021199,0.000016671,0.000028763,0.000035976,885ceab5483fed026e7a13bbf9b77c94c8206f348529d4820a5e0377cf59381a
4296,1764562610.9834487,0.000022491,0.000014877,0.000026549,0.000021760,0.000032089,0.000043510,96b6ebf7b99fafa97623d98d1ced190fe7c6246a01c0151b47d0d4f5c7178b10
4297,1764562610.9864151,0.000036357,0.000019977,0.000054170,0.000033081,0.000073937,0.000083815,2cbb5a0f53ea5ae59acf4db1e020dc3700376e0720ca7daac1ffd8a778f0ab9e
4298,1764562610.9881318,0.000037650,0.000018605,0.000029875,0.000020608,0.000036377,0.000052337,e126fa3b8c1cefd283199be0407e5d86fece2b267770e5fcd22d568481d88f34
4299,1764562610.9897177,0.000024085,0.000015770,0.000045705,0.000017993,0.000025627,0.000038331,ad3095945b912e14f81250dcaefb40fc7fb5213d6e100fd2338e7a9e07f20bfd
4300,1764562610.9917462,0.000045584,0.000030476,0.000036247,0.000024015,0.000048429,0.000067154,c7284d67ef54ba8ec9a30c6ff803b8c427b2c4eeba02a4543dd68de47aef0e01
4301,1764562610.99381,0.000031398,0.000015709,0.000032269,0.000040425,0.000047859,0.000080508,8888db1b2ed9ae38089c638f35b4dafb5eb69d4e820ac09d3637421db73b7427
4302,1764562610.9956012,0.000030366,0.000016911,0.000026299,0.000029425,0.000105164,0.000052707,5d2b1ed590f0850221677e8e9697005a4219c5acea2b8daa50677a2247ca6755
4303,1764562610.9969008,0.000022241,0.000015619,0.000024355,0.000017141,0.000023884,0.000036778,206db1d2f7075b3747e21ca6e9333ebdc7981a9efcaacad8265dedf027a587e2
4304,1764562610.9981494,0.000022902,0.000014907,0.000021930,0.000018283,0.000023614,0.000035366,1d314db6ba8e09515e5a8d84794e50c83e835be4aba9815096277c263340acb2
4305,1764562610.9993777,0.000022752,0.000015288,0.000022581,0.000016941,0.000021029,0.000036127,811af8ff6103968b9861da8e8ea0a15586eeac21d71371229f640540469b378d
4306,1764562611.0006104,0.000021530,0.000014897,0.000022061,0.000016561,0.000021850,0.000034724,3b69f00796815a843638876721382c24f8a537f7de826dbc405ad993dcb6000c
4307,1764562611.0018873,0.000022081,0.000015829,0.000026589,0.000016921,0.000024004,0.000036017,10c214cd5329967a9f472042240383a22a3b7afc00af94fa637254f83f91ff0a
4308,1764562611.0032413,0.000022041,0.000014577,0.000032520,0.000017172,0.000025627,0.000039282,0011781d8b003af666a0c3fa01e9525d80f7aea49875d58a188cfc5644286859
4309,1764562611.004629,0.000025798,0.000016210,0.000022552,0.000018284,0.000023193,0.000040625,bd819e7cdabe4e59f9e57335746ed9032945b4a4136b9ae6d398d406caa5e263
4310,1764562611.0058775,0.000021119,0.000015058,0.000025247,0.000017011,0.000021460,0.000034634,cfea6e857fc147c4982d73b94139ae6473b1c86b8f89a85d31036317a580f0de
4311,1764562611.0070395,0.000021149,0.000014527,0.000020177,0.000016481,0.000019526,0.000033342,4f600b5c2eb72313f7930bed00120f7a0b613faf5139d3be5fc5931c70b31e31
4312,1764562611.008211,0.000020829,0.000014597,0.000020929,0.000016260,0.000020507,0.000033622,9a475877c214941c5b2b3e4db8d1bb9b05c03b848e92010e15c5a5740163cd66
4313,1764562611.0094268,0.000021189,0.000014947,0.000023964,0.000016441,0.000023363,0.000035536,e6a353a31f902501f26fdf4f40b57ee26a50a4785dc48859ed84d18afde42bb0
4314,1764562611.0106492,0.000022011,0.000015098,0.000020859,0.000016500,0.000023533,0.000036147,35e4df157e9a5d81a3fb1bcf4b0be6e86d6c3b1b2bd3e8c1d061423a5d1cc5cd
4315,1764562611.0118244,0.000020869,0.000015538,0.000021209,0.000016370,0.000020388,0.000033402,8411ed6a84b417d48894ba34c15a24c15838f331a20161b142a3147f6a185ffe
4316,1764562611.0132363,0.000020969,0.000015298,0.000041777,0.000016441,0.000021409,0.000033883,12258ddd8ae998eeedacce984dbb7688781d41d2b8b807646598a333b84bc398
4317,1764562611.0147219,0.000041607,0.000028693,0.000020908,0.000016150,0.000019857,0.000033542,08aa1492dc4ca084e8d25dc937105970165e6ef8dcf72bb864ded9fa4a28165e
4318,1764562611.0159104,0.000021229,0.000015568,0.000021820,0.000016630,0.000020318,0.000033532,12f4731f401ae28378d7b0908006c27aba73320808bf03f64f275fdc87120687
4319,1764562611.0170877,0.000021680,0.000015018,0.000021409,0.000016421,0.000021189,0.000033813,3385b18c7d4212c14846f312067794c8ea5d8ef1ea3ed63f51481c3f92dd5d07
4320,1764562611.018264,0.000020949,0.000015138,0.000022541,0.000025998,0.000020408,0.000034233,57541d615349acf94c0848f988d278b1b5749be82c178d6355e78ba58d658497
4321,1764562611.0195048,0.000021109,0.000015478,0.000020728,0.000016791,0.000022141,0.000036157,47c6b6dec1829a276ef7bdcdf279a5cce465f3fe35cca2869c9d73c5eb8ea840
4322,1764562611.0206835,0.000021610,0.000014517,0.000020367,0.000016661,0.000021229,0.000033963,e0278b9a93f199ab00c7475f467aa6809a99dd7964e9a489d30d3e20e3a785ea
4323,1764562611.0218432,0.000021149,0.000014687,0.000020679,0.000016590,0.000020227,0.000033582,86af04da53ce27918da17507311f9c395cbfc21d64dda1cbb1404b231d25c07b
4324,1764562611.0230243,0.000021479,0.000014507,0.000020147,0.000016821,0.000021280,0.000033662,29fdb3e199385281956fb8a04050656a26a3d3b90884be454d449fb58069c60c
4325,1764562611.0241842,0.000020739,0.000015048,0.000020619,0.000016320,0.000019776,0.000038651,dd06f02b2410888f671c3101d936304b87663b051d579d42e0589db9d7876e35
4326,1764562611.0253675,0.000021160,0.000014847,0.000021480,0.000016039,0.000020258,0.000033262,b4d8d1cbe40e5811ec5f4cbaa0d302d96d6cc9296eeb4b635b0262586f75ea01
4327,1764562611.026617,0.000021570,0.000015077,0.000028062,0.000016831,0.000022602,0.000033653,378b69e34b966ce55f574201adc2f8a0c179a3eb8d0059b6e8fb38fbe953b7b1
4328,1764562611.027845,0.000024906,0.000016290,0.000020818,0.000016160,0.000022251,0.000035045,728e261c836d94fabfad40459b89e45fdef007de3bc90effa53420bb5a8927a7
4329,1764562611.0289502,0.000021870,0.000014667,0.000020057,0.000016491,0.000019967,0.000033802,c6f5611c0b8d2adb33e5ed0025a53b3da1529c7c00b4793144a2c47641a215f2
4330,1764562611.0300953,0.000021249,0.000014957,0.000022291,0.000016390,0.000020147,0.000033532,04603d280484a25a9ee3e7f3cd5e3edc8b75e3f0313c2258869ef5f6c64511e6
4331,1764562611.0312219,0.000021630,0.000014757,0.000020197,0.000016100,0.000025257,0.000034203,8dcc29fe6187351f1fe4b4091582a0c330b44b1216bd49c56d17f5fe761f00bb
4332,1764562611.0326283,0.000020939,0.000015108,0.000023283,0.000018544,0.000024816,0.000075971,3ea4353eeff4e962b51096773a13d0f1f1b82fa7adbb3c24414784f20a568f56
4333,1764562611.0339859,0.000020458,0.000014898,0.000020498,0.000018174,0.000053489,0.000034814,8724d1464fa3925eb9e8882da2afdbedf2990337666d599eb1f99e37925cb73c
4334,1764562611.035202,0.000021570,0.000014477,0.000022732,0.000016921,0.000024115,0.000037119,5b68be7c828d6282021f723dd2256e3d8eedb3255a71875f57288893a832b2fa
4335,1764562611.0363781,0.000021630,0.000014566,0.000019807,0.000016681,0.000021109,0.000047137,d982e713e4ac3966d1a1eca84c61ab5aa6c842a81e0d963335f711f8891d33f9
4336,1764562611.0375,0.000020809,0.000014196,0.000019226,0.000016681,0.000022522,0.000033773,521d979c66b7ea1bccc6a96b6ce89049dace5f5ff09e13071a1bd93163508d4a
4337,1764562611.0385733,0.000020347,0.000014146,0.000019115,0.000016350,0.000019897,0.000032680,b678bc2af6c611a437bc0aefee46dbe7cda0623c979373de76898499b0192f9c
4338,1764562611.039627,0.000020167,0.000014667,0.000019306,0.000015789,0.000019686,0.000033281,e5b84f3a463cb38138ba72921d8cfa3baf23973c7e88609c3aba7791c7bc7940
4339,1764562611.0407202,0.000020007,0.000014677,0.000018664,0.000016010,0.000020828,0.000032620,b515121edf418c8da8df3d1eaf1720210352c0ab2dca68bce1abc2b7209c3957
4340,1764562611.0417857,0.000019236,0.000014927,0.000018835,0.000015639,0.000019155,0.000032670,7978ef8f5e01a07d70a3b10d39180317122f165be78b1716e5a7468f07f384c5
4341,1764562611.0429146,0.000022371,0.000014046,0.000021801,0.000015729,0.000018685,0.000032340,a5a9be0c5f67f1ffe9701a7a64c782638621807a531f7e2779081b8d52edc57b
4342,1764562611.0445256,0.000021450,0.000014587,0.000020358,0.000033733,0.000044542,0.000070851,714127abb83e65c212a099f8d52b255b84b73c328e54a70bfc4a9ee920115303
4343,1764562611.045653,0.000020668,0.000015448,0.000021429,0.000016791,0.000020257,0.000033262,7b9dd40e9066352097c723a4a84ff83c71b66f0d60f8b944e75d2ec07aa2b7c7
4344,1764562611.0467238,0.000021059,0.000014658,0.000019677,0.000015799,0.000020638,0.000032650,11241cdd2f48290bc98f53e31141ce7601803c02ccf8d991825d6e394ef06e64
4345,1764562611.0477927,0.000020508,0.000014547,0.000019616,0.000015749,0.000018955,0.000032580,6d02eed059a34781243c46dfe9e25bf1f2624c21ea7314bd68c4cfe2029954cd
4346,1764562611.0488594,0.000020017,0.000014256,0.000019927,0.000016059,0.000019045,0.000032761,2be55c12be46f7f8f6a74d7f35fe108a717ffa24c59f8271eed5a0a6779c97dc
4347,1764562611.0499313,0.000021049,0.000014507,0.000019807,0.000015990,0.000019646,0.000034304,14a9e17ba738e89e388db4c7a529b24a3e41f219eda0d859b7b4073b777d62f3
4348,1764562611.0510383,0.000020187,0.000014237,0.000021961,0.000015579,0.000019055,0.000032319,ed3272a91016cab76acf3f36e190a91c9452321731851512f4fd13309b9010ba
4349,1764562611.0522933,0.000021329,0.000014567,0.000021610,0.000017332,0.000029695,0.000043851,db4241c3495f3205430fbc365e6c5d407a475b7c142c3ea6b9d74d79c0cb325c
4350,1764562611.05339,0.000021550,0.000015148,0.000019767,0.000016140,0.000019676,0.000032820,7ef01e3dfa0aa9a58b1fdad055fe65bd3f05f753ecace1cfaf8ffe530f5a9f1d
4351,1764562611.0544608,0.000020458,0.000014858,0.000019756,0.000015478,0.000019356,0.000033472,e5ba948ff74cd7f3ce0a9181829b3be24a75f35c3089467d027210fd8d3c669d
4352,1764562611.0555167,0.000020588,0.000014086,0.000019556,0.000015148,0.000018714,0.000032720,3c7bd2ef0a318056977f8caf8692e044b84ec33c783146848bd4d0a9145e278b
4353,1764562611.056557,0.000020769,0.000014266,0.000019285,0.000015228,0.000018364,0.000032801,d756e4f3b9b71c7684670cecbc641d54e1072abf5966e93518f7547d38d93b90
4354,1764562611.0575998,0.000019846,0.000014657,0.000018825,0.000015279,0.000018424,0.000032640,f354fff1d540b79d70663637cea815ee83c36475a34877238cc61916fc020017
4355,1764562611.058672,0.000020949,0.000014647,0.000019205,0.000015509,0.000018624,0.000033001,38f9c32e82788b3cfd2802557f4943ca3d0278b5d40adc3c1d7fdd5590e8f4a1
4356,1764562611.0598965,0.000026449,0.000024345,0.000023113,0.000015679,0.000019416,0.000032981,9bcf1a8071100c8351c7b9173ceb141c25079b21aa411e272da129f825b55a2b
4357,1764562611.0610185,0.000021950,0.000014647,0.000019756,0.000015709,0.000020348,0.000033792,6009ee93d855b91cf7ad9da47ac3aca19779bbd69424fd60aa9b3bbae403f083
4358,1764562611.0620816,0.000020388,0.000014396,0.000019396,0.000015258,0.000018955,0.000034404,1e09c433718ce5bfb149997e31ed6897e2a6a48a695fd20ba6a11903768787af
4359,1764562611.0631258,0.000019757,0.000014257,0.000018865,0.000015308,0.000018634,0.000041357,1f23d17a3fb04836608b877f03be86c83637502ec2a2e73c14cdc2eaedefee17
4360,1764562611.064183,0.000019737,0.000014317,0.000019346,0.000015729,0.000020087,0.000032751,b0b9d661c0bd95df01aa2711c89693cb54d65789800aed062e080a098a72fc02
4361,1764562611.0652206,0.000020538,0.000014277,0.000018615,0.000015359,0.000018324,0.000032520,9c7ec82c452258c917ec2a3e77814cd4afdf38cb626a22d38fa20f07a90539f5
4362,1764562611.0662434,0.000020388,0.000014286,0.000018905,0.000015198,0.000018084,0.000032660,4d3e70d8f52a6cb58fff3c9b5de0e129d3c96becb3704ee3a519e2887427e844
4363,1764562611.0673833,0.000019736,0.000014186,0.000021990,0.000015559,0.000018845,0.000032240,8cc615bf2f641a7312972a8dd9d436be0da3d4a04746ed2298f4acef11f9400e
4364,1764562611.068537,0.000022682,0.000014907,0.000021018,0.000015359,0.000021359,0.000034754,d7184c2261ca83eb0d08fc57d12caf197be7e7cbb4b3781aebf3c825f581d21d
4365,1764562611.0695834,0.000021079,0.000014647,0.000019015,0.000015258,0.000019096,0.000032460,9eaba75e64aa1f041697b2f6e4d59fbe9af58b7c17e0479bd94bbb8ce3c5da3d
4366,1764562611.0706346,0.000020809,0.000014166,0.000018835,0.000015569,0.000018525,0.000033221,8f187c5650a36e150e2782aab3b1a9210ca917f66e23e6f1035e111ab8b8d5f3
4367,1764562611.0716877,0.000020087,0.000014377,0.000022982,0.000015208,0.000018484,0.000032751,7b24a2e0f1d6b3c1c559b5055ea31dc01ae46747e207e05161c108e42d7de42d
4368,1764562611.0727148,0.000020598,0.000014297,0.000018474,0.000015118,0.000017863,0.000032450,e3608a2d26999c212bc6f0e63cbc93fd3013ffe2fae77382800d7ee17b5d8a4e
4369,1764562611.0737717,0.000019717,0.000015358,0.000018935,0.000015238,0.000017883,0.000032630,f57db6fbf3ec6ff15801e3f1bb63aae03f25b4295ac6354d4752343ef478744c
4370,1764562611.0748115,0.000020087,0.000014226,0.000018996,0.000015057,0.000018874,0.000033281,5f1269a69619c24554a82558927d28b4127c6cb5f5bcd125335ba71bb17e2ddd
4371,1764562611.075931,0.000020258,0.000015168,0.000025317,0.000014847,0.000018514,0.000031999,154bb7b7892ca30c4b5b8cc344bbcae61b1b744bd3dcf649475fe4279f62c508
4372,1764562611.077125,0.000022261,0.000015318,0.000022261,0.000017152,0.000021510,0.000034324,880e4819acdf62f4a59f9112ffd37d1fd91eb16ecbb87e57dae5601e230cf7fb
4373,1764562611.078207,0.000021409,0.000015067,0.000019606,0.000016020,0.000023623,0.000032870,37b09eadddbe6edb213eba307b9a5e9f938a5af412272695fa4b5db7540d3c2e
4374,1764562611.079251,0.000020578,0.000014537,0.000019496,0.000015008,0.000018444,0.000033031,09711b4ef48e4d58e10b9c624a7bb6ee92ae0652eac5d5d8f50fdab3ad04303b
4375,1764562611.080303,0.000020558,0.000014406,0.000018925,0.000015518,0.000018604,0.000032621,ac080a9bddd9a436d40f54d0500ab4e60936648bf4a8100ef88844fc9656a3d7
4376,1764562611.0813503,0.000020318,0.000014617,0.000020108,0.000015489,0.000018554,0.000032711,c41068d352450f18203992ab43efbbc2e30f1f9dcf697f367971a57b4b146e50
4377,1764562611.0823762,0.000020658,0.000014457,0.000019557,0.000015359,0.000017823,0.000032239,eaa2ad2d254782f117213436a44807f19ad3b8ba34dcfa9a11ef68af4a7ee6e9
4378,1764562611.083442,0.000020638,0.000014537,0.000019055,0.000015578,0.000018584,0.000032410,6519a0cf0c4f34261ca9aab0f7906f976950430dbdcac2bd4c31947064e71451
4379,1764562611.084626,0.000019957,0.000014227,0.000021029,0.000015578,0.000018454,0.000032419,fef91e8a59af589fe1d52a5a6169efd22030002d374b1a28a0207c5ab804c18e
4380,1764562611.0857182,0.000020868,0.000014897,0.000019186,0.000015399,0.000019336,0.000034795,cbe235542f605ea178b1b1273817dc5453ecf55e56a2ac5607b6cc01bc487b91
4381,1764562611.0867808,0.000019917,0.000015649,0.000018865,0.000016159,0.000018684,0.000032891,10a9febdf15469eaf7ea515d317132fd6470699895645c27a8553ea6a995126a
4382,1764562611.0878298,0.000021079,0.000014727,0.000019395,0.000015298,0.000018144,0.000032700,abb833eef793b4ff80bcdd896b91a6c14073cc4fd8d152ab5064cbd5268ca93f
4383,1764562611.0888827,0.000021199,0.000014607,0.000026850,0.000015058,0.000018895,0.000032780,6a242061e5c5877320ec9703ac155430c02e4080b8f1d31633ddca9cc6c15fd9
4384,1764562611.0899353,0.000019607,0.000014266,0.000019216,0.000015118,0.000018925,0.000032710,59901149f6856c885b80bd6b1f7ba4b907b7b430f0b802b7e68b6f1743c61e0c
4385,1764562611.0909696,0.000019837,0.000014206,0.000018865,0.000015558,0.000018835,0.000033021,bf98bda8663c9682266301176152e8fd4c940f475742b59a57c7f4d947ce3a81
4386,1764562611.09201,0.000019897,0.000014477,0.000022602,0.000014988,0.000018724,0.000034033,50d23f9e4a61c08b75c55ef4814fed50385feeb903bca04fab0f94c19e009529
4387,1764562611.0931945,0.000026939,0.000021970,0.000021269,0.000015289,0.000019235,0.000032560,ad77d321f6085a43d296b68e7b694194ada804e832ed56f05d38fc23768e8e6f
4388,1764562611.0942647,0.000020608,0.000014687,0.000019767,0.000015017,0.000018965,0.000032831,5ec799fca45a49751441a8a5edd869bcd2005a940493107317d0b5e8656463b1
4389,1764562611.095316,0.000020147,0.000014576,0.000019296,0.000015258,0.000020347,0.000032851,1cbc17fcb41fc52564746a6c81c9586b9755bfcbcf04b3b8fd525ae2b9824419
4390,1764562611.0963776,0.000020297,0.000014176,0.000020749,0.000015879,0.000019295,0.000032651,1050c42044d4168a3f35e4ea96eb6c76f928c820b82fadcdbcf1babe23df80df
4391,1764562611.0976079,0.000022010,0.000014416,0.000019386,0.000015027,0.000020037,0.000032570,d329e06a48b45d41842a32908176e60ee0f7d42f288aad991bd893722e0a0c69
4392,1764562611.0986938,0.000020097,0.000014567,0.000018544,0.000021510,0.000060803,0.000032821,9e9c50e1c56e34361120faec5976afc8907715930a71a8890354561121390199
4393,1764562611.0997763,0.000019977,0.000018384,0.000018935,0.000015258,0.000018725,0.000032289,fe30dbf3d4bcae0bc0255f124d15216bd3ca7ea0817c86addba0e6ba2439d6ad
4394,1764562611.1009264,0.000020858,0.000014227,0.000023384,0.000015739,0.000021750,0.000035345,8bd12951124945c96a08dc898d0ffe82ceb467769927f9e9517493f9d33bd3c6
4395,1764562611.102054,0.000022813,0.000014417,0.000019756,0.000015919,0.000021911,0.000037029,ae85fa7a3be10dd6dcababe8ed9e03aae0957a2fe8520b56742fc2b8bc03f198
4396,1764562611.1031635,0.000020698,0.000014176,0.000020288,0.000015649,0.000019737,0.000037589,df6cce0f5488bdd81a4311203f53ea8181701258c676a21102aa4cd1fd0ddba2
4397,1764562611.104246,0.000020317,0.000015088,0.000018785,0.000015588,0.000018744,0.000033722,bfd176c0575c5e2b9346b1c9100f46afe343b38e6b34392045f3b55428f91ec3
4398,1764562611.1053832,0.000020348,0.000014367,0.000026499,0.000015909,0.000018665,0.000034033,ad5dd6fc2548816e4948dad64b6aa2ae44e211d5269e9a1c649b806dbcc13093
4399,1764562611.1066813,0.000027762,0.000017131,0.000022973,0.000016250,0.000025116,0.000035726,1f37073268789d5968f4bb5cd1f9763afbf7263fa1e3e756b81bb0bb2f9b6dc2
4400,1764562611.1078815,0.000021720,0.000020668,0.000023743,0.000018274,0.000026589,0.000041226,262a622f6b376c2f8f8b43eeed21303003150f39667012a357c4181f57e39c5f
4401,1764562611.1090183,0.000021850,0.000014437,0.000024456,0.000015528,0.000021219,0.000033913,c91c140f5dd7ef6f632961308ed1bc416665aee1599f54ac9e70ad6c35b75422
4402,1764562611.1103048,0.000028002,0.000017913,0.000022401,0.000015578,0.000022682,0.000034664,eeb3dc169824114f3785f8753db127516187fe52941bbff2d153087b9df75c0b
4403,1764562611.1114283,0.000023003,0.000015138,0.000020628,0.000015218,0.000019597,0.000033542,e4459f69a01098303ea212c82abb6b7bfeeb8b3765bb0520c534670ce92ff8af
4404,1764562611.112509,0.000020788,0.000014336,0.000019927,0.000015539,0.000018755,0.000033191,4748895c77191866d33efc910082bda9f9dcea9d0e139ed177bbf449e1829aef
4405,1764562611.1135933,0.000021860,0.000015258,0.000019756,0.000015629,0.000018594,0.000033552,4994b46d79c449c7b134847b79fa15f2fbe4a4f2e718f1344282380e814024ba
4406,1764562611.114656,0.000022031,0.000015178,0.000019486,0.000016030,0.000018193,0.000033031,6778d3b7d5f7b253c1b1de73c558fa85564828cdda142d38bc316815d53b5607
4407,1764562611.1156979,0.000020729,0.000014587,0.000019025,0.000015198,0.000018624,0.000032780,e83d2ee12b08cc8072a67dd3f09f780e1d7c912f25bda77442cd26622a0aa31c
4408,1764562611.1168087,0.000024916,0.000016841,0.000019806,0.000015128,0.000018254,0.000032831,d55bf2232d386a400d3d3258d7a6bc82194787387ce5c5662eb81a7121fb30c5
4409,1764562611.1179152,0.000021560,0.000014226,0.000025988,0.000015208,0.000018604,0.000032330,ef013688d37be996893b0548f255769ad59b2ab1ab209a47e76a6875b47a60e5
4410,1764562611.1192915,0.000022201,0.000014877,0.000020889,0.000047558,0.000028312,0.000045254,989453255179cb95941a5fd38e07482f141e28049f231482ebba4f95a7983ca8
4411,1764562611.1204264,0.000021740,0.000014818,0.000020158,0.000016010,0.000020338,0.000033111,9346fe5f41efcd0b71c0bdd39f42b837974b69fca3ee9cf06e09cf78d1fbdde6
4412,1764562611.1215127,0.000021029,0.000014758,0.000019336,0.000015960,0.000018344,0.000033231,5bee5b76e92e549386b326e450ce090b0dee2b677e8a6d0b256b1dcec7df4e37
4413,1764562611.122564,0.000020297,0.000014897,0.000019176,0.000015168,0.000018775,0.000032620,dcb39c6288b63ba5290664c0adb5e3fb1e305d3112cdd95f451f99a7132c8204
4414,1764562611.1236286,0.000022191,0.000015028,0.000019416,0.000015248,0.000018815,0.000032741,cce98bbd81fc1ef3bf7098cd628a432682a36aac723fd13cb52968c860e643af
4415,1764562611.1246777,0.000019906,0.000014336,0.000019095,0.000015288,0.000018654,0.000032651,9eb010ac4ce7527c369d18620faa6fbb95770ad6426fcdc588bc32d4a03d33c7
4416,1764562611.1257193,0.000020027,0.000014627,0.000019235,0.000015449,0.000018875,0.000032911,439b9cbf0a1362a3e20af092ad7e007bea9bf94437dcb9a8b62f022b15f29d48
4417,1764562611.1269593,0.000031518,0.000020648,0.000025628,0.000015048,0.000019075,0.000032681,6d6e1a4455dd8117144ca395d8bbf3f196858cd30a50b3669b38b42bd58be096
4418,1764562611.1282356,0.000023293,0.000015017,0.000020969,0.000016781,0.000022341,0.000036167,55a2dafdc927d72340a9cf2aecc4a3b5fdea82a85b9222b6f4a4ff98e83c577a
4419,1764562611.1294138,0.000021349,0.000014858,0.000020618,0.000016591,0.000021560,0.000034303,7d9e3cfdb59027f35ffc50e788eb9d3699c58a776eeec2ed768387a3e6074834
4420,1764562611.1305802,0.000022011,0.000014607,0.000020558,0.000016781,0.000021429,0.000034143,0e0255fd790e9734ffcc0709688d37265dbd91082012dd3ae47b6ae33537c725
4421,1764562611.1317496,0.000022191,0.000014677,0.000020167,0.000016350,0.000019787,0.000033512,9d9b3a0d271f8584392ac8e7737eacfa7636cb7bdcc80ce17892d1fb37dd3a71
4422,1764562611.1328938,0.000025297,0.000015148,0.000020437,0.000016220,0.000020006,0.000033371,f1883c7bc1bee07cb0617484e0b2b3c647188b634e1e0393197cfff140a16666
4423,1764562611.1340485,0.000020708,0.000014928,0.000020208,0.000016280,0.000020467,0.000033542,4770155c3db05d2feee0fcbfe0470090fa0e2723bffd321bd5192652b36241d2
4424,1764562611.1352339,0.000020668,0.000014777,0.000022552,0.000016640,0.000021129,0.000034945,68acd2baa5b540a98554bf0abfe09571827b097c7d657694419b54383d199c2e
4425,1764562611.1364214,0.000020538,0.000015138,0.000022221,0.000016350,0.000020218,0.000035926,7da31a7106ae5c797a2764e3009c670c8d83dde41ab0ac6ba50027dc8633e25e
4426,1764562611.137649,0.000022792,0.000014627,0.000020418,0.000017202,0.000022421,0.000035396,bb77831908ccb0dbc610cbffb32e91696cf49260dfc30a35a31927aa69bdb1d5
4427,1764562611.1388004,0.000020799,0.000015298,0.000020297,0.000015979,0.000020217,0.000033602,3572483c476c4254ad6c3f265e055334cde13e6274f06933c48a59fa6735d79b
4428,1764562611.1399486,0.000021240,0.000015008,0.000020708,0.000016220,0.000019827,0.000033562,0cbf5fabe7a7af0bd435eb7e0d48cbfd9b8df164739aaeb57c836edddc38fba4
4429,1764562611.1411183,0.000021069,0.000014647,0.000020998,0.000016250,0.000019997,0.000032851,50457aa01cb9fdbf2fc4bb341cc7c0dd663cf31e85f091d4dc92207a57bd644e
4430,1764562611.1422937,0.000021590,0.000015128,0.000020828,0.000016080,0.000020929,0.000033372,dd5738c7edb73c0f332e11782bf1f373c7771b10ab55e0cfae75cdc58a755200
4431,1764562611.1435785,0.000022661,0.000014807,0.000022272,0.000017161,0.000025416,0.000041226,d836e276056eee9cb95236ce6babe93fc23f65c82988f7f49f6fdb3f317e8c0c
4432,1764562611.1450078,0.000022391,0.000016400,0.000028863,0.000018665,0.000029915,0.000043310,2dbe5279a670184a9f2082ef98b8f0cc50ab46a6b2d7b89a370c1fe998bb83f9
4433,1764562611.1465282,0.000023884,0.000015509,0.000025176,0.000020057,0.000038351,0.000053519,01ac4004b47d03f183c4bfc954432aff6b2d034a5d149e06b515ca4a00ca6211
4434,1764562611.1478884,0.000023724,0.000015348,0.000025838,0.000017302,0.000025637,0.000037590,85f45c686ed3990fec01b99f6c4bc4a1ee378c79326846ed3af3d1a416811bc3
4435,1764562611.1491165,0.000021230,0.000014807,0.000021530,0.000016480,0.000022482,0.000035316,58eefef7ebc4dd235f7c27ac5fa5580f17a7598f3238d1d43e9e5e9b29e38637
4436,1764562611.1511462,0.000021940,0.000015619,0.000070320,0.000029364,0.000050113,0.000058478,c997635ca267b08f942366972f532ae59d76b467c69e0bbf878e0d0b3530cf0f
4437,1764562611.1541677,0.000053258,0.000024636,0.000050864,0.000046636,0.000094845,0.000144156,0c91f8d4c0218f5e5a32582bebfee4c7e8c172377e67fa1eb1ef34706aefcee3
4438,1764562611.157459,0.000035084,0.000024155,0.000056354,0.000040886,0.000076171,0.000130171,ed87ff41ff7575d644df29abfc70f07a0d68e5cff25b7f080219dc8d683c43b0
4439,1764562611.1595166,0.000034574,0.000016761,0.000028903,0.000028132,0.000050463,0.000065330,a05a37982921be5f113dd5de66518a70f7727ab292975a70ce84dac990e24e81
4440,1764562611.161012,0.000029124,0.000016420,0.000022602,0.000020138,0.000030085,0.000049922,390c81c081dcdce316749041efd95641bd2048fe75b8ecc3da1268bf1e6849c5
4441,1764562611.1622725,0.000024065,0.000016310,0.000022662,0.000017613,0.000031568,0.000039753,863dc391b70d885e55dfefad83c6c537e08d45a93cae4ba5681deb3782bb1b87
4442,1764562611.163766,0.000022231,0.000021119,0.000028433,0.000019687,0.000031468,0.000044893,74e1540dbe5db1f4f3f4fbd4b0e2898da7ae79a207bcd019e562e9c42a8e0b05
4443,1764562611.1652858,0.000025186,0.000015128,0.000028132,0.000018414,0.000030055,0.000042900,54facbbd38e7bcd99b936dce87470c7ef393ddf8dce651288eb8eb5b8a84e93b
4444,1764562611.167753,0.000027701,0.000016711,0.000044232,0.000032741,0.000081861,0.000107389,b96568f6fdfbfab57c39f600625de65428848f6ee3edf26412a4d4fe4fa20f86
4445,1764562611.1695771,0.000028202,0.000017573,0.000023183,0.000023533,0.000041586,0.000079276,467c9c5ad5005374cad5a3cc9e77c0c1d4801d0951569e21d9cd78ae9bfbb8fe
4446,1764562611.170938,0.000022742,0.000014958,0.000021510,0.000017031,0.000022261,0.000033281,810af4db790c9ea15ab240b5b3b9530a066b2a09a8e3c672012e38f9daaa9e1b
4447,1764562611.1721563,0.000021851,0.000014948,0.000021911,0.000016881,0.000022852,0.000035014,749df7901a32cfa611180662e369146f0f12a6452dddc9004fcb209d89beee86
4448,1764562611.173564,0.000022922,0.000015749,0.000026298,0.000019767,0.000031378,0.000043330,00b706eb73847a9ca5d9d9ff08df8831d62a5366487cea106acb1b3aa085d95e
4449,1764562611.1752279,0.000022962,0.000015609,0.000044803,0.000024956,0.000045383,0.000053649,b07b27268928b66fec9b7cb4a2489260d7ec8f56439244823ac8e15b6b85cab3
4450,1764562611.1781147,0.000039843,0.000022371,0.000049101,0.000037960,0.000088113,0.000099675,38aa8e7f05ea8b6b1cc71b430f7583812afa6282c18ef4bc84a39134ad72d1d7
4451,1764562611.1799533,0.000026900,0.000015989,0.000022652,0.000025317,0.000046305,0.000069829,03f0819194879926e82f279a29cce766c937f52e9cfb24a1333390e13143b04d
4452,1764562611.1814508,0.000023964,0.000015478,0.000022782,0.000058518,0.000032410,0.000050934,b1e5f3850de79a8c45bd345e6663fcc0d118cc3f2354a6ceb9dae45002308d8f
4453,1764562611.1826766,0.000022551,0.000015558,0.000020047,0.000016580,0.000022983,0.000035816,8ccda9966b982abdca2abd109457de355895c1c6ed0d11373be2d93523d4596e
4454,1764562611.1840477,0.000020588,0.000015148,0.000024065,0.000020257,0.000031248,0.000044953,282d55f9c745574818630da75c141969d54074bd920d29662b707b6c99a14b73
4455,1764562611.1862667,0.000024456,0.000016130,0.000041396,0.000033592,0.000076031,0.000101427,05a207c6f1eb1368082fdd8b7c44578d3a81ba2aed6a93e22f79577f1c1de852
4456,1764562611.1882935,0.000027972,0.000016961,0.000036057,0.000025627,0.000050844,0.000052817,8e10b426858b60b179c58a00dfb7ad3b92f0feb0e9d0c5861838de1c113eb49d
4457,1764562611.1908376,0.000030817,0.000017161,0.000037739,0.000032470,0.000079567,0.000110645,29e8582c4af787e34dfe99c874ed39adb723593028cc52a9927b7e8d0276b6fd
4458,1764562611.1928868,0.000029896,0.000018063,0.000027190,0.000024696,0.000048810,0.000059721,1442544aa5822996c740a14ad1016a373f448c1d1e974dae86d3cacde39c56fb
4459,1764562611.1950853,0.000050473,0.000031237,0.000041286,0.000020688,0.000026279,0.000069358,042b0d3930a31d71a30e916212494ec31acf5c3470cfa0500aa69ec0458b18b9
4460,1764562611.1969016,0.000042649,0.000030827,0.000034904,0.000021089,0.000037459,0.000041697,19d71658fa9c2112d99253ddb683d81295553d7ddbedd8d9e0eb01ca9b66db33
4461,1764562611.1988206,0.000039743,0.000016971,0.000026028,0.000020317,0.000032570,0.000043140,375f3c1648440ca37ff265bb8e9302f8127cf8f3216be962c3f758adc79510b5
4462,1764562611.2008483,0.000025527,0.000015950,0.000038110,0.000023133,0.000039773,0.000071502,627d763c2319e91dfb0c0e37dc18bf8af618ff78fd4016679ac16fbe7dc0342c
4463,1764562611.2029512,0.000026659,0.000016180,0.000026188,0.000023403,0.000045414,0.000065651,ee98ee5b110dff5df97d793930c9d746d730530bc80b5b4c41dded0e822f6bcb
4464,1764562611.2045772,0.000024034,0.000015439,0.000024595,0.000021259,0.000037198,0.000054831,75d60be90bf88a43a8d8db74047d3c279fe0bce0bf27424dd128145ee0bd1d58
4465,1764562611.2059069,0.000025106,0.000015569,0.000021891,0.000017242,0.000022872,0.000037649,ea19375a99d91af9fdd6190fff96c5e74e5297f10bb4583fc28dc87235afdbcb
4466,1764562611.2073777,0.000022051,0.000015539,0.000029855,0.000025226,0.000032360,0.000044232,57105346bcbcfef3128abf12775d651d62c22ada1dd192797850d6f2f5a17f96
4467,1764562611.2090418,0.000025257,0.000015900,0.000027591,0.000023203,0.000038300,0.000064108,c682e3de772a922fc5dfe000f482f8b896d96766a713b578e98e6bab412f3df0
4468,1764562611.2108598,0.000024074,0.000016009,0.000033372,0.000023754,0.000043461,0.000057437,67876698777094b9d581f396c2bf3526c8336cf6e0dd5f5c7d1019665376e93e
4469,1764562611.2130823,0.000031288,0.000018073,0.000036498,0.000032280,0.000073566,0.000076081,2123f956bf4d842e6a351bf356c36381b6153783e49b678f959319aba6604cbb
4470,1764562611.2146492,0.000029294,0.000015899,0.000022933,0.000019977,0.000033242,0.000045003,5835bbe701d666e83d2f34d495113dbc38b01cb471abe56835d26cf87fe7b5a0
4471,1764562611.2160623,0.000022632,0.000015669,0.000027621,0.000019025,0.000028643,0.000047568,f557d09907ba8554470f4400474b4c79db6ca0db1efde443cc54a7ec75a32453
4472,1764562611.2176178,0.000023845,0.000015559,0.000024956,0.000019085,0.000035015,0.000054401,88c1a629790cd54fd2c4109e0f6407989214ea25d13bf6e3e51eefcacf73aaeb
4473,1764562611.2188494,0.000022892,0.000015218,0.000020779,0.000016751,0.000022502,0.000034864,c8ca6b15c8585d17098324594675d59423eef3fe8b6362b79198003af1572a5c
4474,1764562611.2206316,0.000021409,0.000015098,0.000054210,0.000020478,0.000033602,0.000053659,f5992b0fb8a19f892bc666dd6fcc09db5be24a2701aee25a2f5cfb4a26fb3fe1
4475,1764562611.2224283,0.000026649,0.000023884,0.000050553,0.000019496,0.000031078,0.000045484,ea5d28202edc6f0a272021b13e5ed337cba38534e204d1985d4bfdf2756abe2c
4476,1764562611.2249355,0.000046987,0.000030577,0.000043851,0.000039663,0.000100065,0.000147262,27931a48bda818a3548634bfe45832b98d9c7aac3c0049412b845e75b6907bb4
4477,1764562611.2279153,0.000053669,0.000031528,0.000034774,0.000045113,0.000068447,0.000117066,eb9bf9b258413c0cec6166b23e164572b93f11fb185031af2cf54e5771e6759b
4478,1764562611.2294273,0.000027802,0.000016811,0.000020548,0.000020909,0.000033162,0.000048019,d959f4573313623584d54c4f939e5b907c4a4b4a0590bb72031d20f12d79dd1f
4479,1764562611.2305484,0.000021330,0.000015188,0.000027170,0.000016821,0.000020128,0.000033211,687b1609952bad769e7c0f3f78136356616bc58780346e4fd9a600f6491ff24d
4480,1764562611.2322416,0.000030115,0.000022592,0.000026750,0.000019866,0.000032660,0.000044081,e0b67fd5fef8986e9b3c60e59e8445534d1a2d4f06bbd8b958e51b1d0fcc2f51
4481,1764562611.2338924,0.000024335,0.000015528,0.000038010,0.000018845,0.000030036,0.000048811,b1b2f24eca5346fec1ca9f3d7570e17793112e624ee442cdc67644c32c508bfe
4482,1764562611.236425,0.000032240,0.000017042,0.000038762,0.000041126,0.000138365,0.000097129,5334a895bb35b6c8d3f223f5545b74169f85e589be12e3a5e292a7940acf4e9b
4483,1764562611.2382562,0.000025437,0.000016100,0.000032700,0.000023734,0.000046787,0.000072033,ffe6e96609454f582b404aab5be678ac059212ff186a10fb2736ae64c5825764
4484,1764562611.2396393,0.000032019,0.000018764,0.000022863,0.000020568,0.000034474,0.000037540,284f279c5edf59a9af1a447e383ffa886725198427f4fcf67413d7ea92d9fa71
4485,1764562611.2407591,0.000021850,0.000014627,0.000020037,0.000016139,0.000021219,0.000033962,c785de61d97924ad2cdadd9f7c9c8ca05dd09b437fe1edccf1d5b93921fbca78
4486,1764562611.2421064,0.000021169,0.000014768,0.000027150,0.000018765,0.000028232,0.000036949,720bd509fc59ac999495a40ae29d890229251234edb594bd6e22072021839858
4487,1764562611.2441487,0.000032450,0.000019587,0.000031598,0.000020778,0.000038461,0.000049582,97f0de4195097d53aff10163afb6c90f08afaa11fa9c67b8cbb87a381953f30e
4488,1764562611.2460573,0.000026148,0.000016189,0.000059360,0.000020267,0.000033041,0.000043631,dab1b4d3b0d302b95697c8839b2f138f6927f91e7bdd45bea33625ee817b60dc
4489,1764562611.2488003,0.000053559,0.000031618,0.000026158,0.000039272,0.000063918,0.000096949,0c68856a6518b2192fa5d40a3dcd53e0aa2598f14e96d791488e7133400b3ed5
4490,1764562611.2507234,0.000027360,0.000016891,0.000032320,0.000027852,0.000049051,0.000077433,c98817930514ae0588da7e1c6de6193e544991868e30a05b466ed525f6b7beee
4491,1764562611.2521634,0.000028713,0.000015508,0.000025487,0.000018194,0.000031969,0.000049732,0b252c740a4595a641b04fd0c9a6b1e660ae50fd94bc2d352862722369a4a7a1
4492,1764562611.2533715,0.000023223,0.000015699,0.000020648,0.000015979,0.000022461,0.000035716,8a7c64382bf824247cb3b4cfb1ca38a14555d43cc3d81923d0d8d1b8a426a1fd
4493,1764562611.2544608,0.000020768,0.000014928,0.000019636,0.000015479,0.000019516,0.000032450,79634e2a44dca68e747ff32c5c596ce873b3243147c411395a1aeb24ed61ee6b
4494,1764562611.2555285,0.000020287,0.000014948,0.000020117,0.000015318,0.000019165,0.000033091,3454d767b8c6b82fee2a06947ebde44f1f2891792391a94f022af6b69f24d0a1
4495,1764562611.2570615,0.000053669,0.000020908,0.000031919,0.000018495,0.000032069,0.000044172,763ca2c4a83ca7afcf907580e351a6835a0fdd01573a50541c5b13832a08a1d0
4496,1764562611.2587755,0.000026840,0.000016130,0.000043440,0.000020308,0.000033762,0.000053429,e4724a5bda44fefada4b1673bbb3009fbd17f1f8344ecbaefad853cb4c672fb0
4497,1764562611.2606664,0.000026879,0.000015910,0.000033602,0.000027321,0.000051224,0.000079247,1df0c9eb7aca30d2379a00703127b662deedb72bd823ab21222c6efa8fdf57df
4498,1764562611.2622123,0.000027481,0.000016671,0.000023473,0.000019076,0.000029915,0.000046366,39486e3abdf5a5c2a17c14c5fb216fb08b10720c095311d333009b823bc0c52a
4499,1764562611.263749,0.000023774,0.000015729,0.000021941,0.000023213,0.000030446,0.000066593,e268ef6bbea2e8ee9cbe86e5043817261170e14de8255e2ce915f90ee9d24ee0
4500,1764562611.264967,0.000022101,0.000014787,0.000020729,0.000016812,0.000023443,0.000033742,0bdb526c982afd7803993d6eab4f2328414a23bb3dc0cfbc652ae18b4561b079
4501,1764562611.2661097,0.000021400,0.000014677,0.000019787,0.000016660,0.000020437,0.000036167,08274321970c929302171de945098a00da430ebd0b6ac81f03942b834f6fad0a
4502,1764562611.2673082,0.000022602,0.000014407,0.000025477,0.000016691,0.000028322,0.000034504,215ff2b77cf53c3bdce63f90a04c08c60dbd61c7db1201c582054bee257c9905
4503,1764562611.2687883,0.000031538,0.000025367,0.000027811,0.000021650,0.000029845,0.000041366,30a7b37570d87dcf60abdf22693b82641b3aecd791a4896ed4d9c8a36ad1e3e7
4504,1764562611.2703726,0.000026358,0.000016210,0.000047438,0.000019355,0.000033462,0.000051245,8193abf996a4ca8bd2844aa759c8569cf7a13619f92ba29e753a0ae4c4735f12
4505,1764562611.2718568,0.000030947,0.000016310,0.000023965,0.000018144,0.000029514,0.000039884,0f2e548e090e5270906cd1654c9e75231cda0c54b20dcf0bc81820a2c4e8ecc6
4506,1764562611.2735388,0.000023774,0.000014917,0.000026168,0.000020027,0.000039263,0.000056024,925c1431da9b3c5e8b18965c6704780172e6e5599a412ec2eaaffcf5f0fbd7f7
4507,1764562611.2747464,0.000023053,0.000014897,0.000020488,0.000017392,0.000021210,0.000041056,458ba80e6bdffaf5357e1a57d143cfb1d5eafb8561c9af484c0217e62aef64f2
4508,1764562611.2762287,0.000029966,0.000031788,0.000024284,0.000021389,0.000026970,0.000048390,e4cf5de4893e6f0fc76913beb3754ddf1e78b8fb432c503d7334fef26eea6bfb
4509,1764562611.2773986,0.000024485,0.000015649,0.000019746,0.000016520,0.000021731,0.000034814,719637d6be6e6e1a92e14578f76e7107efb9f69a35825e960a93b57736156be5
4510,1764562611.2785246,0.000020849,0.000014707,0.000020457,0.000016069,0.000020487,0.000038350,9a3f9c0e0232ea0b6b21e2b44549e1239231c50e0b30ac783764193809386277
4511,1764562611.2799728,0.000021680,0.000016350,0.000037339,0.000017202,0.000026659,0.000038150,f913bec965e2dc2fb2f7498c7d9b9d232ecfdc7bbaf89da02a77ff0ca7e97a96
4512,1764562611.281277,0.000031659,0.000016791,0.000020898,0.000016911,0.000023414,0.000036417,08a3ce456efb5731bd50595a71e2c74b6b54064e7f180369a3846f1d7e4ca123
4513,1764562611.282824,0.000021609,0.000014728,0.000025817,0.000020558,0.000032720,0.000052647,77e6d9d42d8c1fff03fadec55aa964dcbf586d9afa21b02b806aa5e496e2af6f
4514,1764562611.2841682,0.000022451,0.000015188,0.000027520,0.000020208,0.000028913,0.000046636,def749130bbe527996e9284b706ad0a62747df5974efdee6343fa77b0c69da6d
4515,1764562611.285661,0.000028423,0.000018063,0.000033482,0.000017653,0.000031018,0.000045805,59685aee297d038945ff6fa57189629b5fd4c42bbdabe70facfb7dbda5da6314
4516,1764562611.287411,0.000031879,0.000020979,0.000028864,0.000026389,0.000038161,0.000057877,c5bc6907f549f2d0af0c1c00db1f615fe20a37b806433bb3e5029bed7ec74f12
4517,1764562611.289063,0.000027741,0.000016771,0.000034213,0.000019656,0.000035276,0.000048660,f67fdd51ff3eb3b042599e57e9d6af948f743a50f3e171aec15f63e5a0ff2d5a
4518,1764562611.290523,0.000029305,0.000020457,0.000028483,0.000017242,0.000025297,0.000041156,1cf2d7e74ee247e3acb78906b0a69039b9d8d5aa85dcb57ccab052abcf568909
4519,1764562611.2920527,0.000028112,0.000025407,0.000034845,0.000019005,0.000025517,0.000044983,ff7f75a7a73a463277eb3f58b5eb5da93d8aedd3a4be9d5bf8ae5e7b49acd56c
4520,1764562611.2935028,0.000029214,0.000016420,0.000022101,0.000024355,0.000030106,0.000043370,c5730af0dcd65520250d77e46ae87d10d9e17ced9ae19277f04f9582e4355d86
4521,1764562611.2948449,0.000022081,0.000015619,0.000022171,0.000018884,0.000024435,0.000038181,1a22a21ae016334ca8c58f6cd2aaf705c24ad3eb61f53c53d276612563f248ef
4522,1764562611.2960303,0.000021931,0.000014837,0.000021970,0.000017161,0.000024596,0.000035205,fbed470a606edae08eb7b0e269cd56f65153de09ec71f9cabc17061fc1aa6088
4523,1764562611.2974277,0.000022070,0.000014668,0.000028894,0.000018113,0.000025938,0.000040094,da7050937e32f0789a22307e195b9a4818a2f466336608c80cd304a5460188e1
4524,1764562611.298806,0.000025327,0.000015559,0.000032420,0.000018224,0.000025928,0.000037900,525aaf22dcd861c0ef01cad6779bcb62e7766836551e11df4a202d740a4a362d
4525,1764562611.3021035,0.000034845,0.000025417,0.000123207,0.000045584,0.000110785,0.000127064,78ff84267e5fa35ef5c53a0619182606c5c13bc795b8da7387c5695ff455c50e
4526,1764562611.3048458,0.000044963,0.000019627,0.000026069,0.000045424,0.000099984,0.000141181,cbf61fd7313d0d74c137ea659ce48df925d6a38ac46a23c0b8e7edccc2812a62
4527,1764562611.3064432,0.000025327,0.000016470,0.000023403,0.000026458,0.000042298,0.000057516,39b5d93115eceb90d47aa0391c173a8d6b17aea107739079bfe57492a3680bb4
4528,1764562611.3084807,0.000023002,0.000016310,0.000046236,0.000036438,0.000054561,0.000090868,631b80bf25fa171e3d6581cf5af26cdf8ab52c09a4de780ce86c4a18cae0e4ea
4529,1764562611.3107889,0.000033793,0.000017853,0.000064259,0.000024325,0.000042509,0.000081831,087c25540ccbe40abb4eb75549dc8595455d24241f46865ef6faee37f86cf94e
4530,1764562611.3130083,0.000040495,0.000016340,0.000035265,0.000022381,0.000039723,0.000054581,9cdd8f50c3f6dcf2585b340b97b3c7378a023db7b075467a71216de5b672fc89
4531,1764562611.315053,0.000030626,0.000015388,0.000027441,0.000021479,0.000040024,0.000083614,caf63693caff3a2832c500bf62b8f1656f54fb233574513708598327d11cfc2d
4532,1764562611.316509,0.000031057,0.000015689,0.000021710,0.000018474,0.000032130,0.000044773,0334412b730625db266a1c0f203093659db060b59e0b2ca8f26d214a6a13463d
4533,1764562611.3177543,0.000022902,0.000015929,0.000021370,0.000017022,0.000024435,0.000038481,c05d30daa09a72ccdc415bee555e04aa836b7c2adc236aa984d4e992d6167955
4534,1764562611.3189585,0.000021409,0.000015168,0.000020508,0.000017662,0.000024315,0.000040044,db504d04a4419d7d5b721f08dc20bbfd4f3c04e83517b6572ad9ac3fe9e6a15a
4535,1764562611.3204606,0.000023423,0.000014657,0.000034784,0.000019946,0.000029444,0.000042018,74c31bb489c124ad779a480a3b576e628a5d870e976aef38bc8bdb25ed4156a3
4536,1764562611.322295,0.000026769,0.000015919,0.000030586,0.000057857,0.000047468,0.000056835,f4d8bcfed69d8536c1521352da1a450e54cef5c262d8be619b132d8e540a3d01
4537,1764562611.3247411,0.000026048,0.000015589,0.000047949,0.000033642,0.000096358,0.000090958,e10cb8653a805cb5133799c2a7d5c369c39c17fc88ade11cf8a0980be73b1280
4538,1764562611.3272686,0.000047658,0.000019186,0.000029144,0.000034494,0.000070010,0.000097490,bd20b3e2958214513990f7a558959058d88eb37f7e164a18be5aeb059aceb092
4539,1764562611.3296611,0.000026829,0.000017833,0.000053940,0.000029594,0.000055222,0.000073536,9e3aac8ce08d1baf80343d471c3504e74071299fe8cc8be28ea19114efab6aed
4540,1764562611.332362,0.000043481,0.000022692,0.000037640,0.000028493,0.000052627,0.000060261,b1358565e797f04c5ff10e73fb03154e44216b5c6e0da239b08e0005409d2301
4541,1764562611.3358083,0.000039944,0.000021780,0.000100446,0.000043300,0.000101678,0.000147563,753326ba715b8bfe55ebbd3d184638ecb5dc4f9e1935836739cd4c79b6228c47
4542,1764562611.3393784,0.000048549,0.000019436,0.000098592,0.000045564,0.000110544,0.000116845,df1b53769d8dc140d4fc7217e6b9cf4f30aa1328ff775e2b0c586c2fbe676dd9
4543,1764562611.342643,0.000048149,0.000018764,0.000086950,0.000033021,0.000088093,0.000073205,92ccaef0618d884138443accb3e9ecb4bf1c44288b7f0af01af9e6ffd6286ead
4544,1764562611.3451092,0.000068987,0.000036939,0.000033041,0.000031077,0.000054852,0.000074187,2f8850c19ea66879532d94f2837406a912da1dea51050be8d27b2a5c89e266f5
4545,1764562611.3475444,0.000030085,0.000017803,0.000061183,0.000033462,0.000069519,0.000113189,3e750f0327ff68f2a1905fed784c307a8a206488f74a31e31bf9d721c0ae3885
4546,1764562611.3507802,0.000037560,0.000017392,0.000079136,0.000042709,0.000106927,0.000071582,f141fdf96cf22235f8bd58b8b72332ec7813fda9c21ddc7b9a7686cc13fbb72b
4547,1764562611.353819,0.000038250,0.000019697,0.000065201,0.000044271,0.000118789,0.000149857,d5ad89c760529821ba7c7683d648f5476996ba8fc24cd96e35c60ad5694d080a
4548,1764562611.356499,0.000052477,0.000024445,0.000038281,0.000023643,0.000046145,0.000059730,f9bf82462c7118f1b5b8d20757cedc62c34c52ac5e46c45244e3de3605bb9f78
4549,1764562611.3587267,0.000034844,0.000021340,0.000074878,0.000032580,0.000045324,0.000052417,25e1634762ff16d8901f4f166134552b7142ad0b2730e02b05606c67a6d088c7
4550,1764562611.3626728,0.000067815,0.000027752,0.000113560,0.000042539,0.000103762,0.000116835,6e8cbbb9b6bf4e6da0ba548592295016f62a81a0265abf3fb951404a18198ef9
4551,1764562611.3661644,0.000068837,0.000027471,0.000067164,0.000055403,0.000100877,0.000160987,f798d9f38968169d7733315d9c572914d5dae4a73020a62cea915e87219973b1
4552,1764562611.3695621,0.000044603,0.000023724,0.000064359,0.000038341,0.000086811,0.000100025,67c5642ba2721cadac94f89085f9e4645bea8d547e9f801e60522bb3ce995af9
4553,1764562611.3721838,0.000041186,0.000026168,0.000045324,0.000040314,0.000065642,0.000084385,2c2519416334dd5b68f65a5440d1f13718d7d9a3a4ce94b153daf4221a1549a4
4554,1764562611.37475,0.000035125,0.000023613,0.000045494,0.000023664,0.000044342,0.000047547,174469345688ec84da013b4f9c95efc2af5303d6939bd89c35c298749c5906bb
4555,1764562611.3784707,0.000043561,0.000023053,0.000089405,0.000033993,0.000100897,0.000081230,f2df270a936c362340eb5469bc3687cec4c6a8bd9e2039d6d17872dbea1d30eb
4556,1764562611.3821278,0.000066032,0.000035145,0.000055463,0.000047848,0.000083104,0.000115093,47dde59201d598831508913bc4552e111d9bce28c189684e6133a581a045d0fd
4557,1764562611.385758,0.000040535,0.000021840,0.000060231,0.000039112,0.000090157,0.000129188,843dfdddfee1137e6f29f3b82b97ef546ea671c72a460e614d3b6049712e0861
4558,1764562611.3890603,0.000054040,0.000024666,0.000051184,0.000048911,0.000093573,0.000086680,a94ede800e5468b09f737f585dbe638755602019332ed6b12414e11a660c93e3
4559,1764562611.3927467,0.000040275,0.000019506,0.000095567,0.000050694,0.000086671,0.000138726,d46c610f8cbdab8d88a9b6a6c4930926bd3e43afa5116cda9b44c221f27a3f8a
4560,1764562611.3961303,0.000042349,0.000022521,0.000083795,0.000046676,0.000101608,0.000120362,7d6ed8fc1a2497e8a50675d0a47cd8ee492551f54f3e5365a6e53a91171c79ff
4561,1764562611.399272,0.000043781,0.000020498,0.000066724,0.000052768,0.000086309,0.000067043,ff20b9b4e0615735da897d3b1cffda2ecfa3b521bfd04243b3035803eb1a492f
4562,1764562611.4027002,0.000050633,0.000020709,0.000111255,0.000048369,0.000124500,0.000102259,7633dc7554c7b52fb95790ec6e429540077099c5470255398424b2600d50cd99
4563,1764562611.4064841,0.000067344,0.000029515,0.000080288,0.000032650,0.000072684,0.000071613,021563623b2ca3d425353f2f0f726b197395a1974f6ae9dd863b9480d107fc1c
4564,1764562611.4101014,0.000068096,0.000029654,0.000058959,0.000032269,0.000063116,0.000104442,29ea36c711987f1aa08f4ff4c6dcefab36ade59623ff29ec2e9029f21d16ad4c
4565,1764562611.4129965,0.000038551,0.000019716,0.000051044,0.000050243,0.000090156,0.000100907,1fab0eb70e36a919460fb42afea1c154aea00eddfa03f3e47674fef9ccee6428
4566,1764562611.4160283,0.000046175,0.000030166,0.000124380,0.000031518,0.000056184,0.000062645,9372b4483bd6b274fd018375006a0edfd7b5ae28138dbf4eadc9d2b970a1dc5d
4567,1764562611.4200437,0.000045925,0.000028122,0.000111747,0.000053699,0.000118859,0.000140128,6838c5b4d324a33b9fd2c7ef56241d783fb565072336abd7b327ecc25b94e7f7
4568,1764562611.4236712,0.000056594,0.000024124,0.000083103,0.000043700,0.000104232,0.000106236,3451ab72230cb087820c7d2ab9aeca268bb05b3d971ca23d237b7f74bd5285da
4569,1764562611.42637,0.000065491,0.000035425,0.000024855,0.000042548,0.000082322,0.000059750,218c30d0d8c2b299f4f43e82a52f9f471a61e32ed4917f5c6c426574674dda24
4570,1764562611.4278736,0.000025637,0.000015378,0.000027611,0.000020888,0.000040645,0.000044162,ad20e56ab494f4eb6f907b014dd6d83cacad1e834c672e3f77668c684a856e3c
4571,1764562611.42944,0.000023123,0.000015478,0.000044442,0.000017473,0.000023974,0.000043961,3edfbb0732ce417ae68466e4a6bc29b99f3e3f1501672ef0d306f77ab11923e6
4572,1764562611.4315617,0.000032170,0.000017302,0.000053168,0.000035565,0.000097901,0.000065201,d8bfa2d5817f16de0f7a17940473f5ff203f2851e136b5fa497979db252a941b
4573,1764562611.4342833,0.000037830,0.000021490,0.000052016,0.000035736,0.000087101,0.000107609,8c7af89b1b710e70d83d321b97c6d02ee70427f1fc1cae8c2f9ad27a0f2297b4
4574,1764562611.4373832,0.000043411,0.000018734,0.000047928,0.000052437,0.000102018,0.000106457,6549eb1bf5b82e235785c92cc6b20b0600ffa13c3b17a9ede31d14bb74d47270
4575,1764562611.439906,0.000038010,0.000022051,0.000054921,0.000031779,0.000072253,0.000077823,6f82b7ed4a495f30ecf98936aba61dd9c35a5fc752e8900caefcd2a5a0d58af4
4576,1764562611.4426203,0.000042959,0.000022241,0.000088754,0.000024695,0.000050052,0.000055953,1894142df9158b4cd889ec081413979cc0a37b97c49c25f8d27e8fde0e378766
4577,1764562611.4458907,0.000043059,0.000021310,0.000057987,0.000046847,0.000105905,0.000111146,82cef5617d6d925a03821693476deb5099c09f6706fe943bce15b76751e48e99
4578,1764562611.449325,0.000039232,0.000028673,0.000064660,0.000054050,0.000082953,0.000138105,f641b63071ec7bd862550d6bc8191673bbc4a1b50ef829851e7e31181951f217
4579,1764562611.4529157,0.000064179,0.000030667,0.000054931,0.000053880,0.000090407,0.000125352,7f783bd8397c56e881b7fc76487babc403b96d4beafb42edecf9670ba4d62cb5
4580,1764562611.45511,0.000038511,0.000021259,0.000040244,0.000025487,0.000046686,0.000064158,f31da3d4f044924e5eb674f5b76fb5141c34786ae830284146e800ada94f0c5b
4581,1764562611.4578578,0.000036378,0.000025678,0.000072524,0.000031448,0.000057666,0.000074237,27ebc29fbf09a9f03cf11f3b8b7e31ad7271a53ed00f5e54a34fbae25415f4bd
4582,1764562611.4623783,0.000057456,0.000030967,0.000080219,0.000063868,0.000139307,0.000175895,5c29e5b6ba034ecbf9e24832c7cc7628c735cfe2d75fddf2dd6a641f7926ac04
4583,1764562611.4668174,0.000066323,0.000035966,0.000124209,0.000031679,0.000065110,0.000115474,6999cac44c74b87b793ce72eccb4695dbd9a997cf801684d50140f59e07607f4
4584,1764562611.471227,0.000097289,0.000036237,0.000097901,0.000033582,0.000070580,0.000066924,b888eafc68539a76b77ce2169e8c61fbda7dd2101011a2b972ace311c19fce49
4585,1764562611.4730203,0.000042208,0.000019076,0.000026849,0.000018104,0.000025447,0.000036978,8441675d45a7e622095891c2c3b5bf6d52c0b2ffcaa8066263c552db3a864b53
4586,1764562611.4753027,0.000026950,0.000017393,0.000074207,0.000026820,0.000052938,0.000053008,ee8d99d81b8df39427ae7eb04d74c20daccf0eeb9f0142eeb4ebbb509441c556
4587,1764562611.4786038,0.000049842,0.000019255,0.000077373,0.000033832,0.000074197,0.000123228,180506295b0b910a44a0c4f598f70a5783868328fdd3bb31732bb78b6b123c94
4588,1764562611.48123,0.000044252,0.000018734,0.000031147,0.000043630,0.000077543,0.000112818,b125b00fcd775bfa25498d161fdd9ccbe5ccd533af8d13c66dcbb04eb12df9de
4589,1764562611.4829469,0.000033512,0.000021370,0.000022111,0.000020288,0.000029745,0.000053248,98ccd04d92c1013b085153036af71d950be21e139d104a2df8658c9731a70f03
4590,1764562611.4841664,0.000021680,0.000014737,0.000020888,0.000017833,0.000023023,0.000038401,ea0dee806f8d6b8f541db226597dca5f0d7103fd05e4d4d9c6341ea4a650ea16
4591,1764562611.4853125,0.000020959,0.000014597,0.000020899,0.000016581,0.000020167,0.000032691,a88ad432bc17e21ff688245156c16060fa7fe5d1913920adf5d92a4d1a39df0e
4592,1764562611.487548,0.000026619,0.000019697,0.000041526,0.000045474,0.000061984,0.000091108,a2930633b43bf3ead77f30ec7a6a64e56305036193787b854e2a15d1cb5a1a37
4593,1764562611.4896743,0.000029274,0.000016952,0.000056975,0.000032570,0.000049051,0.000053419,79255a5d1f29cefc45576344de1b22986a1bffa8a69cbb006dc9fc269d94c18d
4594,1764562611.492025,0.000037059,0.000025767,0.000027501,0.000025036,0.000049432,0.000062936,1e30ecae34542106466abf90fd9bb0d8bcc3398fe4ecaa337e305f19000e575f
4595,1764562611.4936721,0.000027340,0.000017993,0.000025277,0.000024285,0.000043010,0.000059550,aafc89c2c1b97913682c86d9e5a464bf2810af0a6d480bf43c585d027075209a
4596,1764562611.4949071,0.000024695,0.000022081,0.000020678,0.000016491,0.000024365,0.000035856,01298695f7e4ac8b1fdedc472fbf709ba887d4eb925e09a954de295e923b3872
4597,1764562611.4960544,0.000021099,0.000015539,0.000026850,0.000015900,0.000019596,0.000033883,1e5a224b95514c639e3f0c4a4fee614b580b638c32609e4edc6b8fab3a4ff049
4598,1764562611.4975936,0.000030967,0.000019516,0.000024966,0.000021150,0.000033381,0.000044312,507ef20f6b096d5dc78e1c13c626174877f6b29d05fb5c65268b717c46f3e56a
4599,1764562611.4992075,0.000023584,0.000015779,0.000036527,0.000020217,0.000033492,0.000045203,4b393cf8bd576e533132beca56964e0cc4a7e6bf9f2d5f3343c552be8c40efd7
4600,1764562611.5018504,0.000027360,0.000015679,0.000043170,0.000046997,0.000081440,0.000121445,d06d6d46a49c3d74c949d45c4cf30f8849506939eaeb3fe5a7812d228d98de2a
4601,1764562611.5038424,0.000037379,0.000019416,0.000027060,0.000024646,0.000045344,0.000066143,f740dd5b89ce0edfb03be22d09488060fd98056c9e58359b09d23b82182d345c
4602,1764562611.505259,0.000027601,0.000015769,0.000022261,0.000017973,0.000025738,0.000037990,25ab9527c84ebc6c61aef0334f3e98f04051b1685acda03bd329002134242ccb
4603,1764562611.5065162,0.000022091,0.000014787,0.000022332,0.000018043,0.000028643,0.000039533,de1e78d53687dc50ba40c0f4db3a5b288f94bf060eb224d3b68463f2c22d9736
4604,1764562611.507727,0.000021830,0.000014267,0.000022451,0.000016701,0.000022982,0.000036778,19586d5c3edd4a4de0e4d4f11bb7db2b863211b4f40b210bf0d4739d1d5c7ce4
4605,1764562611.5097373,0.000028333,0.000015749,0.000065541,0.000024184,0.000045434,0.000074988,6400fcf709e2e0f18b829f0ed39ed9b213add307f7ab276cd5f7bf9902f51a42
4606,1764562611.5117712,0.000029564,0.000016009,0.000037379,0.000020758,0.000040906,0.000067625,3caef44fea25c0ac698621e495894086867a2bd726c679561c61233ba5c3592d
4607,1764562611.513943,0.000040635,0.000018725,0.000036097,0.000029835,0.000061293,0.000081601,cb22c7cf83ac2fc8267908b86e43d254d58f7ee2f8efc8176387ecc577d1fa7d
4608,1764562611.5155306,0.000033442,0.000015298,0.000027230,0.000018824,0.000038711,0.000050083,857dc683214296961642a943ebc648739482db913b7fb6cd356831295a4f6746
4609,1764562611.5171623,0.000026549,0.000017522,0.000029184,0.000025026,0.000044743,0.000059089,0d35767ea05f6dcb4457f21d5be484fb56ce04ad10688b48c7275777955c43c9
4610,1764562611.518564,0.000026790,0.000016791,0.000023734,0.000017422,0.000027300,0.000040946,46013fdcc51be96a32263396299830a14e6560dff2596a189e668e55637e17ae
4611,1764562611.519949,0.000021340,0.000015289,0.000024816,0.000021610,0.000030457,0.000048459,578cc1bacca8fb84c3522f08dcaf343340aa79ff116663391efa4099020fad33
4612,1764562611.5210848,0.000022030,0.000014697,0.000019346,0.000016010,0.000021370,0.000034013,5928c7f2703fec327163f425ae9fa608fad24601b8f3c6f3d72d56c852025e74
4613,1764562611.5221891,0.000019757,0.000014617,0.000019295,0.000015408,0.000018915,0.000041286,aa074d8cfbca89ed5d23c9a33bb6f4c97348d50d3495c16dc98e47bf507bbef3
4614,1764562611.523246,0.000019576,0.000014246,0.000019456,0.000015088,0.000018975,0.000032360,dc4ce564c961896f1614995ef272c9194a6e9d1f29623b3a051fb99ea12f5d2b
4615,1764562611.5243938,0.000020648,0.000015158,0.000021430,0.000016621,0.000021971,0.000034564,7d64aefcb91f2666c8537bb6efdda112424284d93e2a66d2a4459896e821b5d7
4616,1764562611.5258002,0.000022802,0.000016271,0.000026940,0.000019446,0.000034774,0.000048219,6f7826ef45de8e2e382cfdd8be4d57a61bebb57e645c2eda3764a7418f1be7ec
4617,1764562611.5277314,0.000027431,0.000017382,0.000037139,0.000028453,0.000059219,0.000084266,3263b6c17734c6db58be0df1407e32a75f4f9e08d6bb067f167fd6521db2a8d7
4618,1764562611.5291517,0.000028933,0.000020818,0.000030736,0.000017893,0.000030436,0.000040404,f921a5a3cdf14ff12b6ffaf9faaba9ebd88a4bdebf46ffd666afb04e17c72177
4619,1764562611.530553,0.000025447,0.000015238,0.000027481,0.000017061,0.000026550,0.000036918,1482b9b773b1d30520ac4d3ab19b5b5f4b8df8e98f2407f79de0bd8823978f74
4620,1764562611.5320368,0.000025597,0.000014647,0.000024966,0.000019126,0.000032279,0.000042869,4cf295975119927ab4f3467885e825f98cdc3364867c45c6a920280f51561ec4
4621,1764562611.5333521,0.000023403,0.000015479,0.000027070,0.000017683,0.000027721,0.000037719,7310a28fa2baa30d49fdad6832f6cd369f6ef28f60e1cdfcba74db4c8ed9ecf3
4622,1764562611.534876,0.000025848,0.000015329,0.000029214,0.000024235,0.000027511,0.000042769,016658527082e7f1e579adf74783bb0fb8e2153330dc2dbc36e6ec4d55168818
4623,1764562611.5363572,0.000030967,0.000017863,0.000024315,0.000017613,0.000049181,0.000043921,99691eb4c208d5d355f457b26e60c49e6f7ad9c9ccceb3797ba7118568e849d7
4624,1764562611.5376854,0.000022712,0.000015368,0.000028483,0.000017622,0.000026980,0.000041036,1fd78c1b9e0b57f68bce869aed5fed1986903ba2ec0722abc10ef517a8416864
4625,1764562611.5393324,0.000024555,0.000016100,0.000047528,0.000019927,0.000028393,0.000043080,5995f6f958e167ceb96d60b37f685949d01894852641f99f2681a8e093505ed9
4626,1764562611.5419443,0.000056474,0.000035486,0.000061985,0.000026408,0.000053308,0.000071933,c665e1ee6aa576f485b8436ca9753b5703d1c06a325a7ca770adf453de49a803
4627,1764562611.5452664,0.000030787,0.000016541,0.000049782,0.000042789,0.000098902,0.000113390,4e9369da76c35235d95442983accc31b7eab773723f91fb33686127b76ba99a6
4628,1764562611.54727,0.000049131,0.000030516,0.000021440,0.000022171,0.000041697,0.000076732,f70ce2ddcc641f298f544ef82f09b874fcd219467db4a00987336034bee38729
4629,1764562611.5483983,0.000021610,0.000015008,0.000021790,0.000015719,0.000019917,0.000033822,f2de5da3e80fdd7975ffae5cb03a505e0eea8f3ef1949f3335b4848f5e539297
4630,1764562611.5497367,0.000021420,0.000015519,0.000026399,0.000018364,0.000028423,0.000045534,97c245f80ea51c1d48bff060b60ef767dfa48e263ccafbcb2fcc1d6b8c17aff4
4631,1764562611.551788,0.000026980,0.000015108,0.000038581,0.000027210,0.000059480,0.000081821,198b728def8164f51da4e3ef19b92a97934b37d694cd96ba02d21788b1f11920
4632,1764562611.5542989,0.000034724,0.000029565,0.000032931,0.000033192,0.000063307,0.000092421,edcce6a5a0317b22a19feb53401ba4bcf1bae25b90a5cec402e0baeed78ba772
4633,1764562611.5566006,0.000038752,0.000018314,0.000032520,0.000027551,0.000052898,0.000111085,01a30e3e5a00fd9cacfbb5578cc581c9decc577ddfd9827fb8a32196595091e3
4634,1764562611.558735,0.000032360,0.000016781,0.000030256,0.000039473,0.000059269,0.000108891,2822dd1de934610e4456d5419d46fa4abd992ad15720c7025c56bff5e8cea043
4635,1764562611.5602484,0.000025657,0.000016240,0.000026198,0.000020147,0.000034553,0.000062796,5f3f4c3ef4f27d6f508cec4eee347d3db6e8beafb2027d132308f5fdae8cf46f
4636,1764562611.5615315,0.000024425,0.000015659,0.000029685,0.000018444,0.000026709,0.000043460,da70f6d19e172a91b97869d2a617148225f09ab2e0fc02b1ff808dc96b063286
4637,1764562611.562941,0.000020748,0.000014597,0.000023162,0.000015689,0.000019997,0.000033462,cb31163e0dfca47940003e90ed59daacc86b85906fb83496b21eff041b4e2595
4638,1764562611.5642633,0.000023663,0.000015449,0.000036528,0.000016320,0.000022201,0.000038792,20c4faf6de1a6a7508dd3d498f7c01ad0544d75adf227f044a9c815e332175e4
4639,1764562611.5658147,0.000030386,0.000015949,0.000027521,0.000019807,0.000034364,0.000047938,f414e8c04cd50ac7afdb28f826aae73f75e6588e365793800fd295cfef4482f3
4640,1764562611.5678747,0.000026879,0.000015920,0.000034504,0.000027000,0.000063257,0.000065681,a3462efddb247ad776bf2c4128436a094bc64bc3cd8bffe4b25bf9df8a572356
4641,1764562611.569814,0.000031237,0.000016811,0.000024695,0.000024535,0.000051155,0.000069859,ccab7dbb3d0afa8d80ae413c131831bb36c3bf10bfa8f49cb528fd1f7d6c42b2
4642,1764562611.5713062,0.000025036,0.000015749,0.000023594,0.000024616,0.000032330,0.000067114,8f78e7976cc1b7090a96267cdf9afeba8ae227c4921c000fc9496851ed003ecf
4643,1764562611.5728087,0.000027291,0.000017593,0.000028463,0.000023023,0.000034253,0.000045314,2fdb15e349bbdc3af508174539424204ff6b79aaa5544cc8dab67a924b3b2c54
4644,1764562611.5743449,0.000029996,0.000020238,0.000022342,0.000022341,0.000039763,0.000054120,514e0e6fe49524d4d9dcb1b475c3adbb9a127800fc2cb3798c266a081fc25fb6
4645,1764562611.5756068,0.000021810,0.000015940,0.000021970,0.000016851,0.000025708,0.000041677,4ff22e58489a9419dbe09355ade383706724180692821c200ee6dcc52044afd4
4646,1764562611.5769994,0.000022351,0.000014878,0.000040374,0.000017312,0.000026328,0.000037820,53bb88378a496dd1e9181c3221bd2ddfb318b9f12f4d5965a9b813357ef86074
4647,1764562611.5788555,0.000032770,0.000023995,0.000037520,0.000020187,0.000033962,0.000056224,e64fb4229baebe5850f7d9702cbe4aba56390906191c059d47cfd8965a29aae8
4648,1764562611.580722,0.000029024,0.000015518,0.000036588,0.000020267,0.000045313,0.000055243,93a65f15972e35b724cd7c6adeda741124d7ff12787141abce1a1fa6be3cf263
4649,1764562611.582368,0.000027531,0.000016480,0.000021459,0.000022231,0.000046055,0.000060201,a4c6e8b0c4713a0158b54da6a16764b167e8e994b5de924a7027adbbd551ff5e
4650,1764562611.5835426,0.000022191,0.000015479,0.000023384,0.000017102,0.000022752,0.000034424,cb5af213133eeaa542c77826b20d1d442c72d7f54dfdd4b7c68560dfa56b2e33
4651,1764562611.5847006,0.000021941,0.000015619,0.000022061,0.000016540,0.000022401,0.000034734,8ba95ecca776d77eb0ecb51d566d0810b35ad237b3d34a60ee9f2ae887c7b8b2
4652,1764562611.5859299,0.000028763,0.000015108,0.000019917,0.000016961,0.000022582,0.000037560,43cec62cd04161b3ac55fb01458212e535e97ecc1dd365f9ddd3172e91d761d0
4653,1764562611.5874448,0.000022882,0.000015208,0.000038241,0.000019125,0.000032891,0.000061173,cdd81d3f5cc152db9d50a8dce9bb2585fe01ee12c2ee4647574ace87c49d8bc3
4654,1764562611.5890489,0.000026078,0.000015068,0.000037299,0.000018735,0.000032660,0.000051195,0bf1d6ec51a29e0f0ee30b23291b4bac598f6746b80f72f7d2ee60adf3d973a1
4655,1764562611.59057,0.000027841,0.000015739,0.000023203,0.000018794,0.000032290,0.000042178,d269fe46710d112de1d00cd73438e00c0cb4298f74b70ab0baad8f5de9426437
4656,1764562611.5922294,0.000024586,0.000015879,0.000022803,0.000022812,0.000042889,0.000055102,c9dfd5ab821fb73c81d3cd22325aa26d10a29e849ee2fdc6120fd9c891d2e34b
4657,1764562611.593532,0.000024365,0.000014827,0.000020407,0.000019626,0.000028663,0.000041797,552eca9b7727a21da26c2dcf5dc1a0d952b6a85bcd1352c7a7e404c1a1d49b51
4658,1764562611.5948615,0.000021289,0.000014998,0.000027551,0.000019927,0.000026349,0.000044853,6fd78cfc315a3c98ba09bae2573b7e38de197a04e260ea0c9f61ca63af75d4c7
4659,1764562611.596589,0.000026630,0.000016069,0.000028232,0.000019376,0.000036628,0.000045845,b1f4bad1671dcdf5790f28d69ef2b861d9b0bef91ce031dd95dc0b3d2b397b5d
4660,1764562611.5986543,0.000026078,0.000015268,0.000030356,0.000022151,0.000049692,0.000058629,50b2db840da4f578c9d131a683bb76c3e171e6905817d3b6c3fa134b373fe760
4661,1764562611.6010983,0.000025828,0.000021309,0.000043340,0.000034945,0.000069118,0.000049421,00309ad2443e869e433e0fe20439f41049b634d33c186574b62366a0a1c84912
4662,1764562611.6033666,0.000052406,0.000032641,0.000024255,0.000040956,0.000084076,0.000043550,a56b76296db109268958a77798871c2b00b4f60cc1a716b154c59d1f26fca7b6
4663,1764562611.6047554,0.000023914,0.000015248,0.000022181,0.000018635,0.000032480,0.000041647,7bfebefd7fea9474cbc273ee5a77d15975d4e103cb2d0338ac6253dddc263a1b
4664,1764562611.6061094,0.000021871,0.000014727,0.000027340,0.000020968,0.000029595,0.000045424,caf0700cc8e31d7e42da18917ba2928a21a89dd5f3f79c08c8b53eb1d39f2d32
4665,1764562611.607768,0.000024896,0.000015078,0.000031067,0.000021149,0.000040726,0.000084076,3a254013272f905549e27d43e9eeaca777933f300578b96614ea810980f3c570
4666,1764562611.609915,0.000028642,0.000015709,0.000045114,0.000022331,0.000040745,0.000066473,b21e1f01ea26f1f50ec00c289e235bea911dce776a661965514a62825fd3f452
4667,1764562611.6121485,0.000032190,0.000016871,0.000027822,0.000029143,0.000061613,0.000084075,864099cec00435233e9e22647383ff1ddbcf366692acd1ed934e275a3843c277
4668,1764562611.6139438,0.000024855,0.000015408,0.000025056,0.000022121,0.000035486,0.000062485,d21cb445fdf192ac4bd019159fce05f93c4ff0ba20c52e26009103013d358d0b
4669,1764562611.6151412,0.000023894,0.000015258,0.000019967,0.000016180,0.000019366,0.000034724,7b30e486e21e9326318ada856975c7bd640235b25d7aad9388d438cb7b1e696e
4670,1764562611.6163049,0.000023203,0.000014367,0.000023243,0.000016300,0.000020548,0.000034233,301ca2b5d497178b57b03ae10733c7e062005fed52c202524fa1fe77a10fbaee
4671,1764562611.6179397,0.000021680,0.000016150,0.000038251,0.000022020,0.000038691,0.000070430,1f528282d8397d828139653433502d7a812e793e34801feff90ba88201124afa
4672,1764562611.6201653,0.000031198,0.000019446,0.000047258,0.000045715,0.000065962,0.000082112,debfc6599e43ba34923556543cec38ae53fa3c502253cac6c31f965a516a2fd5
4673,1764562611.6229155,0.000037520,0.000018565,0.000044993,0.000042879,0.000089034,0.000103872,b2b6dc79fa5213a23a7f00d098063227361044dce2af803e253cf8f8d9b20baf
4674,1764562611.6256437,0.000039203,0.000018865,0.000030727,0.000043471,0.000076782,0.000114411,c1a662c47bfb735683c9b7d3d9810f186299d45f5d435d7a1d685ccedace5ca8
4675,1764562611.6272795,0.000031458,0.000017211,0.000034644,0.000019947,0.000032991,0.000049291,8f999110828c54a726bc1a587684713353a640d0e167950c53e4a9596f6980a1
4676,1764562611.6290646,0.000031979,0.000017773,0.000029325,0.000022191,0.000038410,0.000048229,27f094cce0833798fbbbe13cf1dc806f372e66cbf72e33abfc34b840e0497280
4677,1764562611.6310081,0.000027661,0.000016271,0.000031338,0.000022321,0.000039433,0.000048610,b3fc23ca78308d4a706e886f03000ed2f4e254c9f75d576c14eb8fd7e3cceb26
4678,1764562611.6332972,0.000026700,0.000021299,0.000114151,0.000023924,0.000045014,0.000055984,b14e642dde627d45362abaaaeaa61d3b66011813b195c7ecfeaa87747457b6a7
4679,1764562611.6359575,0.000041266,0.000019997,0.000046476,0.000047558,0.000097660,0.000124170,df23deeaf10c3316ed5e9bfae1b7f3cbdae002ea73c30b5ffdccc55ccadf9fc3
4680,1764562611.6381412,0.000051184,0.000030186,0.000026308,0.000025838,0.000044001,0.000063447,2980a36c6fcd1bfe46765dab08dae5f3c4c7ee0f7faa45f664c5db35a19d5769
4681,1764562611.6396656,0.000027210,0.000015599,0.000037539,0.000020027,0.000028773,0.000043350,19b6721d7554f3176622f25abbe0b3c0dcb79011681a204422f5d71612b9e69c
4682,1764562611.6418579,0.000029755,0.000017693,0.000069729,0.000023704,0.000044893,0.000053579,8e20fe6dae6efe46c16589cfabed893b2357cc1548d9d47116daeb86c2c2a7f7
4683,1764562611.6444075,0.000038461,0.000018714,0.000048269,0.000035486,0.000071202,0.000094014,c541c08cb8cf6ffb50e2bf87c8d2690a41a888bdd99ebc70cd0a046a2294af56
4684,1764562611.6469414,0.000037469,0.000019807,0.000047458,0.000033723,0.000115344,0.000115012,1db1d2fe73ea97facf2ddbdd18aa2c24d87dfca39662931fa08729e31a0996ce
4685,1764562611.6485898,0.000027221,0.000015869,0.000024034,0.000021359,0.000040615,0.000058238,d3b95cb7dff72117e391bd86f39f29500185baa4eebdc751b597e5aeda7a4eaf
4686,1764562611.6498039,0.000023022,0.000015749,0.000020728,0.000016941,0.000023874,0.000041677,44138f429ba500939c48620ddeddf4e860c5ded4238a19440be9c6490298615f
4687,1764562611.651016,0.000027681,0.000016140,0.000022361,0.000017943,0.000027731,0.000038501,a63fe290dc9a40f0e09cab550f01f5a09d8f382adfeaa16e4f0edce515131839
4688,1764562611.6521952,0.000022141,0.000014286,0.000022431,0.000016290,0.000022441,0.000035275,db3741abb06d901135bfe51b309d487e2e5936c834004384a1a5ad02117c4005
4689,1764562611.6532857,0.000022752,0.000014547,0.000020598,0.000015799,0.000019927,0.000032700,ed2b53e98f590fffcf8c402eca33a5799ba9772e676ac57aa22179820a52fcf5
4690,1764562611.654828,0.000021670,0.000017151,0.000033963,0.000019146,0.000037609,0.000050733,5f5bd5c716ef8b821253b28e6a52825372fdc3ef6947a0b8cce5d9e3c9a39586
4691,1764562611.6565228,0.000026969,0.000016130,0.000036608,0.000049982,0.000035776,0.000046385,2a98763d7fcf3d74cefed3b00886f787c89215481acc20a9354f6a5d5e87bbae
4692,1764562611.6584828,0.000028242,0.000015579,0.000033181,0.000021971,0.000052918,0.000062144,75eb34110573c3fbdcd583df9e2eaa004072553ee0e52b54f811cd11ed286684
4693,1764562611.6600153,0.000023995,0.000015358,0.000023002,0.000021580,0.000038732,0.000056134,b1d767b761110a7b34750a6a272f7b5d9d59449036a2f1ef42bd8c1ad2e14c55
4694,1764562611.6612184,0.000023223,0.000015258,0.000021129,0.000015910,0.000020378,0.000043240,a789745820eece50efba749278700a6a09833bcea28d8ffc9396b20bf907c7fd
4695,1764562611.6623302,0.000022311,0.000014978,0.000022000,0.000016009,0.000019586,0.000033722,f03e63ff2bf59bf1ed1bd5bb5d13152c60759420bc6d1f90c016de1b94f9e9c1
4696,1764562611.6639206,0.000022722,0.000016821,0.000049471,0.000019436,0.000030286,0.000044612,46806643766abf7a9c5a532d8ba555c1e5e90834a184d0d8c7878e9877d2cc9e
4697,1764562611.6654403,0.000030506,0.000016681,0.000024796,0.000020498,0.000040284,0.000048239,3bbb43a8bfe3ebf6481cc5ec70cef3794b5f402310114f312c2c8d6dcc7fefda
4698,1764562611.6671274,0.000024375,0.000015128,0.000044702,0.000021690,0.000035175,0.000061704,9183d17fbeabfc1db203d6af3b5f86f7fd26433dc018f30eaa1bb7e48eb6698b
4699,1764562611.669011,0.000027481,0.000015299,0.000026489,0.000028803,0.000034995,0.000114191,ed172df30f83bb19f41d4eb1b820f8a41871e6069a4bb47c20c4bcf25af8ec6b
4700,1764562611.670388,0.000026689,0.000015348,0.000021039,0.000018183,0.000027000,0.000042598,2664e2833b4965ee69ba5ab9b55613e1237e61a3c12b8e473fbbf6e4a0e573fc
4701,1764562611.6715317,0.000022572,0.000014948,0.000019957,0.000017503,0.000024495,0.000033832,346938be3f190b6de991e29f6dc22f4a1e1745d12cd73ad9926f023ed69d49bc
4702,1764562611.672932,0.000022171,0.000014567,0.000025157,0.000016671,0.000022512,0.000035746,26695a7c58da7b8127aaa16061282819c3f7ccd56c107d0abe5f8cd02633ed4e
4703,1764562611.6743374,0.000021179,0.000014597,0.000037549,0.000017503,0.000024235,0.000039273,2b3610665ed1a042ec974e36a2fc3442eaffbda3be9de95a47dd490eafdf721a
4704,1764562611.676488,0.000032981,0.000022762,0.000041536,0.000021129,0.000034874,0.000053068,4a4ac65bd2255fa5a8f77a33baabd972f2f2f5797db709b770a64c3f0a862438
4705,1764562611.6786852,0.000028402,0.000016991,0.000034073,0.000039793,0.000073325,0.000086309,65ac9292a98ca9fcc84a838e247be56b0a2f569cfa7f80656e76e398a1be6292
4706,1764562611.6806471,0.000034865,0.000015889,0.000025056,0.000021700,0.000043470,0.000063007,7625d29abdfa91e67b46a12471d9d1702f5b840e84619406a5b36bfcdbd9c38f
4707,1764562611.6820831,0.000026549,0.000023604,0.000022241,0.000024555,0.000038231,0.000044172,d2a2c3664ac72c234e7aed341b59cbcd193bd1978cd1ccf4436bbd40bf94fa8a
4708,1764562611.683265,0.000022081,0.000015258,0.000020457,0.000016731,0.000030326,0.000036107,e49e82d39f4625f087857e1c50775a266c62b82b0d77a65a06d925b409d39dfe
4709,1764562611.6844068,0.000021950,0.000014887,0.000020087,0.000017172,0.000022422,0.000035336,4d17e4abefda73b7facd49bd8b6728d54b4bd95b65cbe8311187eef378b7cadd
4710,1764562611.6856003,0.000022481,0.000014928,0.000033732,0.000016481,0.000020849,0.000033642,e8eb73134dcffa5aa42b33e2bae619662a57576d66022e69d374708e49e59d58
4711,1764562611.6871336,0.000029564,0.000020388,0.000023163,0.000019507,0.000032369,0.000043570,193142b17481b7b007527d8c09ab240eda69b7308562941eb791fb77aebd2caa
4712,1764562611.68846,0.000023213,0.000015509,0.000024115,0.000018935,0.000030055,0.000040004,8582c1395a04667c5db5a54c61bdfd3a5a8102933901fd90c641531ee33ab3d7
4713,1764562611.6898031,0.000025047,0.000014967,0.000023784,0.000017723,0.000027641,0.000040635,a0fdd5779049311d91cc4e9f4a433d61723d53550fe65288a640bdd201df7fb2
4714,1764562611.691647,0.000022883,0.000015669,0.000030456,0.000020307,0.000034664,0.000051956,6c79f550c3186cfa9f924d6d08b9ed57a66d9a1f545055751a8fdee9b6e8dd0c
4715,1764562611.6933208,0.000025247,0.000015699,0.000024144,0.000021209,0.000040725,0.000063928,066ff223ff470eb9e51e0b1d46d207bc471e4b6954f56c3f31c2412adc46e0af
4716,1764562611.6946254,0.000022442,0.000014898,0.000023383,0.000017923,0.000024836,0.000039754,94f98bfebd43aee6bc6c598ab7ceffc3afc365cffc2cb5566460af6955728c37
4717,1764562611.696061,0.000023102,0.000015859,0.000028162,0.000021099,0.000035716,0.000043200,35f396d31ed7b7d0ee5f80cbfddf007c3be7d22673d02bf3e42e049086d32e22
4718,1764562611.6974237,0.000023563,0.000015489,0.000024435,0.000018685,0.000027300,0.000038932,cdcdd8042e108a21402044896fb7266c554d245a3d0ba59a4f8eaa5997130329
4719,1764562611.69899,0.000024084,0.000015769,0.000028212,0.000020909,0.000036107,0.000052207,520157e9afd6f9007d076c00e88323294f790a7969ab999e2f7d8c8a485f1907
4720,1764562611.7011325,0.000042909,0.000016220,0.000027871,0.000023123,0.000038952,0.000054531,c0ffb6faac040fd2cf40941d0ffd1cecc3ccd19222f738c1208d193ad948a51e
4721,1764562611.7027202,0.000029184,0.000015829,0.000023333,0.000020638,0.000033612,0.000046987,d7f8fd622998b192d81657b76ff2ba8839f7c0681e1f6b384ddb6806bd3f3143
4722,1764562611.703966,0.000021379,0.000016220,0.000020959,0.000017312,0.000023523,0.000036237,ccf798a4cf39ab5ac0e44632c282b47b37c58a6cc0b9205a1174b165f0d95391
4723,1764562611.7051375,0.000021079,0.000014918,0.000020728,0.000016431,0.000020107,0.000033582,42bf8080625cdcc858af7caf3305e4ef52c8d09c84b8ad02550d867a817b8113
4724,1764562611.7067049,0.000021089,0.000014747,0.000059209,0.000017914,0.000023954,0.000055051,c84d6dea5eaafce1f3f7a71e32ee4e6d7b478f53631a2fdc2cce85ed6e20a32c
4725,1764562611.7087116,0.000033512,0.000017352,0.000050663,0.000021099,0.000037559,0.000046155,4e8b068ec0eff4581dba1f9e4e32707c983b01f6c4f35428cc0c85f2fcb1965f
4726,1764562611.7110162,0.000034714,0.000015399,0.000050994,0.000027511,0.000058428,0.000067865,e39bfc0f910eba61b43fef3b44790074278203bf5dea833b4d70e24c75676a19
4727,1764562611.7134013,0.000033702,0.000015449,0.000033612,0.000029254,0.000065652,0.000092491,fb08e68b339ee3e408e5ef84f28918358484b38aa913dfcc602b53f15b118f1b
4728,1764562611.7151358,0.000028092,0.000015939,0.000025277,0.000022662,0.000042899,0.000063728,9d88c82bc0fab7ca1a0deb56c45179085c9c000928ec248d517f6244531efe0f
4729,1764562611.716509,0.000022982,0.000015459,0.000021420,0.000019627,0.000027651,0.000040425,20a1be86ed6eddc1d76994bc1221c0f88c6865fa7d115d7af71a8ab40bd50b38
4730,1764562611.7177289,0.000022221,0.000015048,0.000021280,0.000016761,0.000021780,0.000035776,20007a4f62dbfc3abc82e9921775b2a1ef3d6ed28102f1fee2e76c71bd9c02c5
4731,1764562611.7189934,0.000020588,0.000015739,0.000025146,0.000017282,0.000022211,0.000036418,11445c3c3e71122a34b171557ee392467f5c1c632c25c9945a12375ca1a7a0a1
4732,1764562611.7204287,0.000024545,0.000016691,0.000027791,0.000018925,0.000028392,0.000041236,0284588406e8765138a4b014652b020ca786cdc6f21e387eee4622282e1a141d
4733,1764562611.722138,0.000026439,0.000016250,0.000035366,0.000021379,0.000040305,0.000049832,3815cff149d56ccbeb509b7d63fe460235028add8d5c3c6921e7b5cd7ac57a77
4734,1764562611.724015,0.000026028,0.000015528,0.000068426,0.000019936,0.000038691,0.000043871,6a193d02d103aa389969ab8e127d3bba5480c103c37ead2b05d1e6173368b28b
4735,1764562611.7261362,0.000029184,0.000016941,0.000039132,0.000025587,0.000047648,0.000060021,06606f83621086b1c9af97c809190bf1ddf22acb5fa17fdbdbde2f9198140855
4736,1764562611.7278528,0.000034513,0.000016551,0.000021730,0.000019466,0.000032851,0.000049832,67f6f87ca17acebc5972ab405ac87fbb3c73211d6cba8a1b2889e58b42363e83
4737,1764562611.7291768,0.000022822,0.000015598,0.000023604,0.000017843,0.000026109,0.000039173,dcaa7600aa36892d3d79d5e8898f7d0a957fe9759240b4e13f5f47d85764bda3
4738,1764562611.730872,0.000024896,0.000015799,0.000041297,0.000021139,0.000037629,0.000064689,b56695d1ab96eee7f4526ff382d4656cbff5ab366c6ef1a04542292c0a249b8b
4739,1764562611.7324739,0.000030496,0.000016400,0.000033322,0.000020347,0.000032801,0.000044162,0ebca5ef14e093f0300ff4a5a296bfeb6e1cfc3277d79f4ceb27c7564088a9d0
4740,1764562611.7343185,0.000025938,0.000016130,0.000049692,0.000026839,0.000048730,0.000073586,f2bc1f06a94068f7f327e92b1005eeae2c018898fe1ddecd4def819623142e46
4741,1764562611.7360435,0.000031358,0.000017161,0.000033462,0.000019136,0.000029655,0.000046486,8c19c039130f445480c9fcc2f002ff11c0ddaa99a14d1e509274217a3ad2fd6e
4742,1764562611.7376845,0.000026288,0.000015989,0.000023693,0.000018555,0.000036477,0.000048510,9cd4b5e63f1b4fb090b371c89409753c9fe414e62a3cf1330522bfd822f98465
4743,1764562611.7390223,0.000024766,0.000016480,0.000021860,0.000017773,0.000024616,0.000035305,bc6fc6db34530e5b00feb47e7764d7324bf9131c6be28003acd785c1e079c730
4744,1764562611.740233,0.000021790,0.000015488,0.000021379,0.000016711,0.000022091,0.000033842,485ca691de8a131debd272fc636cdfb73ea9accb902a07d4df1f72c96ead0bbf
4745,1764562611.741503,0.000020799,0.000015218,0.000028362,0.000017182,0.000023223,0.000035636,100310c1301a3bf1b2d78a2cad98db0dcb10e19e821cf685620db3ae13e94ebc
4746,1764562611.7435198,0.000024796,0.000016200,0.000056965,0.000022561,0.000034113,0.000049721,469c6ed7ba20b5f9d97ec644d4502e8c0d23fd0eff2a02e6005ceae7ba682d4f
4747,1764562611.7460573,0.000035956,0.000018564,0.000059620,0.000028914,0.000059921,0.000120753,12ea4b610de5e1d8ca29f2e5e5608280d3a0289252c7b81930a8528fcdfc5903
4748,1764562611.7480848,0.000036978,0.000017623,0.000030296,0.000021781,0.000039212,0.000048529,1e4e9cdeb24a6d040819ce025997dd45cb2e55061983535af7a5064e3947e13f
4749,1764562611.749657,0.000027580,0.000015539,0.000026620,0.000022181,0.000036768,0.000047578,7e6575c4e84d6771cbbd0972b7c661806514312a42b5dbcd7ddf9a7b0f83d122
4750,1764562611.7517052,0.000023053,0.000015218,0.000046336,0.000028322,0.000066744,0.000075780,7cdb666ccf57cfca34e040cb8145ddc6671ff0c962f0b697ab0aa66a0af6297d
4751,1764562611.7534204,0.000041216,0.000020669,0.000027040,0.000022612,0.000027982,0.000038761,532abd78c0f2db4d3b54840d0d22a44f34425c56156bc85354d3e148288ea2a9
4752,1764562611.7549257,0.000028152,0.000019076,0.000028293,0.000023493,0.000064589,0.000036648,8d97dd619e0c3784a418ef0beb4986bd1e4fffda0f7689443f7fb067b4bea28c
4753,1764562611.756484,0.000026820,0.000019326,0.000033943,0.000021360,0.000034083,0.000042429,e22809f2ee6fce2ebd84f8370094e75dc65bc9fcd77a4b97a03968ea44095d6f
4754,1764562611.7587094,0.000029675,0.000020448,0.000085398,0.000023413,0.000042208,0.000061844,6097aa0d69c1769541156ee5c94cbd5a486a64ce344aac2a97e0a151b213554c
4755,1764562611.7615924,0.000052197,0.000022662,0.000040024,0.000035105,0.000082683,0.000106096,4212a71664092ec092273bd9b6d8ead0c7862f8f1864e42b4372c6465961d852
4756,1764562611.7637484,0.000040315,0.000021169,0.000021409,0.000028222,0.000052507,0.000102038,c196f46b230138a8be0d08455dfc84a25162ffc8c2732a9499f6ba8df847ef4f
4757,1764562611.7649996,0.000025177,0.000016130,0.000019786,0.000016992,0.000024205,0.000037910,c58a7546be76730010e788bde11b171226750e56fa1c54aa33e85e1043f06653
4758,1764562611.7662442,0.000021390,0.000014747,0.000032320,0.000017442,0.000024115,0.000044372,e54fe799f0623b3ae0805e1bd82724f0208717f6d4ae52f848f0cc87a08d3360
4759,1764562611.767795,0.000026199,0.000015849,0.000024656,0.000020197,0.000032741,0.000053669,3bd2ed276f18971778f6e92f22b309dcc59ec20afeda14d952432de373acca3f
4760,1764562611.769466,0.000028202,0.000016400,0.000043922,0.000019065,0.000037268,0.000054311,25c5d941d13f5e61f5118656213260b69c2bb85b72dd134f28c12d87bbe42ef1
4761,1764562611.7708952,0.000028993,0.000015168,0.000027561,0.000018163,0.000030035,0.000040565,34560f5dfabb7ca239428316b21052211b702c4c402fdfaf687d0d187f2a75be
4762,1764562611.773198,0.000023393,0.000015449,0.000037780,0.000047948,0.000084135,0.000125903,69ebf87b146f47e2ec7b963ffea0ba3be0085a0a571afc4f7a946a896eb16fb4
4763,1764562611.7749321,0.000029274,0.000017262,0.000022642,0.000028373,0.000053319,0.000068727,31260c31feda046c7e637e937cf6f5c909592f2fa209daebaf19d0ba86970b41
4764,1764562611.7763124,0.000026269,0.000015198,0.000025637,0.000018785,0.000026700,0.000051936,2e86aec67e9aa4a9be3dae1198275d0fbd70bf257fca867e11dddaf20032c044
4765,1764562611.7775614,0.000023514,0.000015138,0.000020367,0.000017192,0.000023293,0.000037630,ec4383fb923638561f45418ad0cbf68dc874294db3cc95edb09f73721da2a54f
4766,1764562611.7787528,0.000020157,0.000014668,0.000032199,0.000016320,0.000021119,0.000034824,f0043b3c4460655ff215aa311c7e6163035ce924d327b7d9cd6d7ea556ab558e
4767,1764562611.7805154,0.000033041,0.000018073,0.000027230,0.000018905,0.000030987,0.000052787,f70b9cc57b9666006cbc77e08fa8557b3139253cb02410a5e8724de14fe1f217
4768,1764562611.7830203,0.000023944,0.000015288,0.000068557,0.000041517,0.000071452,0.000105065,bed88aa533ef9d399eed1dc4adf3e8a5ee5228f3c055951125ca9a74bf6ff037
4769,1764562611.7853425,0.000052677,0.000019376,0.000026710,0.000023273,0.000043140,0.000065030,9ecd7060fa786d986172e8faafde369f031e513c25f03456439664346fe918c0
4770,1764562611.7866626,0.000025106,0.000015328,0.000020778,0.000018304,0.000027230,0.000042278,a29ed5ed0776d1e542f0c552f059487ccc1b47e0606e08fcf2473939a3cef97a
4771,1764562611.7877653,0.000020548,0.000014907,0.000019466,0.000016050,0.000019846,0.000032580,a2a409e76209c8ef953ef5a9c4d981291c926ba912e841e234e76c16f3e3415c
4772,1764562611.7893717,0.000021440,0.000015158,0.000042979,0.000024665,0.000035396,0.000055062,f75853227982e27e304ffbd418d1dd093b3ae305fa19983063cce0f78d2b039d
4773,1764562611.7920253,0.000035366,0.000017252,0.000077353,0.000042869,0.000047167,0.000123398,24632df16986395d952d893155e3c45279ef53b5edb868ddae6b9571ac58d769
4774,1764562611.7948117,0.000041808,0.000018514,0.000041667,0.000029665,0.000056414,0.000078766,b126825dfbf9869ec275795b2712d371d65a6a38144054b6616a22575412ae88
4775,1764562611.7967415,0.000041376,0.000020468,0.000023233,0.000024165,0.000041737,0.000061564,f7c9a1b60aac2d56d4f8bf9c751cf592147fa41afe8bd1626c7ccedcb56a0be7
4776,1764562611.7980719,0.000028713,0.000016140,0.000021299,0.000017963,0.000025407,0.000040334,47ce8d07fa8e4e27727754aad8a14fc32163710a30725103a782731f53cdae67
4777,1764562611.7994099,0.000023654,0.000015298,0.000023814,0.000019345,0.000029625,0.000042088,6e9540edc69df99745269bee70700e37ac13516206b0dc4f8cd225247a426aab
4778,1764562611.8007174,0.000022422,0.000015068,0.000023524,0.000017753,0.000025407,0.000037749,e7eefef6a6716c993ef319a4477174931294b5338a383fab948f9e5026a2c700
4779,1764562611.8021116,0.000022301,0.000015789,0.000034894,0.000018824,0.000028263,0.000042449,4dc88e618f1aa47e5fba5092b1a111ec1d224a2c9ac40ec7a1d45e0c71e4bce8
4780,1764562611.8041353,0.000025056,0.000015990,0.000028362,0.000028102,0.000060301,0.000070661,0ee2df633cd5b68d99804de5bab684d98deb2d132161ac37b75dff6df927a327
4781,1764562611.8058524,0.000024386,0.000016070,0.000029715,0.000022281,0.000038241,0.000057516,6e4158ae2cbf99d48ebf4acc7d58abc2f8964c19e0cdac7f11c2638b3933127e
4782,1764562611.8075562,0.000028642,0.000015789,0.000022321,0.000020177,0.000038911,0.000048490,dba7896933fe56b98c1f75c241d73c34ffc372a2724205ad616b7ca929e17d16
4783,1764562611.8087997,0.000022892,0.000014477,0.000027832,0.000017102,0.000026248,0.000035105,f73dd17942e19580b674ebcd13397c219a6a100a6c241c29d3a8ed80f05ceac1
4784,1764562611.8100724,0.000028974,0.000015559,0.000019426,0.000017553,0.000026258,0.000037789,c825703c9a58eed37d9bef9c5187af6b715a34dc9e0583cb85653419edf8303a
4785,1764562611.8111525,0.000020458,0.000014446,0.000021069,0.000015820,0.000019356,0.000041216,1509b59d7328497ed7aa8770f50636488652d9e52ae7e68c2102c020e0620d40
4786,1764562611.8125134,0.000021310,0.000015097,0.000041516,0.000018073,0.000024856,0.000039362,e6bd75385a4c16a01e52a3bbb421034525097de284bddfc39f03b92c8cc0a3a7
4787,1764562611.814429,0.000031879,0.000021640,0.000029635,0.000026279,0.000039092,0.000051315,d6dcc0dcf011e8d837ca41ed57e8bd33776a7e0884ab1f3e37738b799c9c0e71
4788,1764562611.8164496,0.000029945,0.000016100,0.000036497,0.000039383,0.000079647,0.000112969,7801cc8c83ffc0e0b5e66ba96b62c2a8887965df001df4144f978cf9d61a1f52
4789,1764562611.818054,0.000031548,0.000016270,0.000022201,0.000021760,0.000036457,0.000064159,e0bd91bc130837196477c0cc3156d40bb11d39ccdc407da07b24ee7c08d314c6
4790,1764562611.8193448,0.000022231,0.000020819,0.000020668,0.000016501,0.000027250,0.000048860,e36d4f964cbc09ed08b741b0c2f968201b52d87504beb3a108ba8ee07ce1564c
4791,1764562611.820642,0.000020598,0.000015648,0.000037349,0.000020167,0.000027711,0.000035917,5705550285a7901aa8650a6911630ee275a7be609705c553ec8bd391e6de5c4d
4792,1764562611.8226273,0.000028533,0.000022421,0.000024556,0.000023694,0.000052898,0.000059831,051f47172b4af5dd33e47e5e6771d37ccc805d4b667489ee0a71137e28bc2476
4793,1764562611.8241677,0.000024035,0.000015078,0.000030556,0.000021540,0.000040625,0.000057797,55c492865e5bb3410fc61ba82ac090b73c4f6e859742e878f58d66b14668501a
4794,1764562611.8258963,0.000024245,0.000014787,0.000030016,0.000027240,0.000059841,0.000067855,5f395ea7c8440e1acfaf7b2ddb531129e460112bf651715095134d6c2586651b
4795,1764562611.827258,0.000025537,0.000015298,0.000021289,0.000019666,0.000027310,0.000045905,d7406fc0f457f20b8e21ec2bdd947f8681d9b79c2aac6c20e69fbdf11b4c33cb
4796,1764562611.8283973,0.000022021,0.000014908,0.000021981,0.000016070,0.000021209,0.000034584,ff875f6e6e775d4786d0ece1606d38f6d1ef6f152c4c4d00b8feb42828429221
4797,1764562611.829739,0.000021961,0.000014688,0.000024686,0.000017272,0.000023954,0.000037509,c9f7b2d4f8507686a4f24b94b40efb3aa2a35df98c92e9744d0f66c1e36dc56b
4798,1764562611.8315952,0.000028823,0.000018534,0.000027150,0.000034174,0.000048530,0.000074367,b68f82bbff85cac19ed0ec5fa2226b20e756092ba5ae0d8a49004551ad1eb36e
4799,1764562611.8332512,0.000022251,0.000015028,0.000049612,0.000019706,0.000028513,0.000044853,7b905d9fdb95f0647e7f7aaa5d10f1b85ad44c612a85fd2b57e38acee1288461
4800,1764562611.835024,0.000048670,0.000030486,0.000026860,0.000020348,0.000030877,0.000055011,0a8e433d4ddee794cc2239bb467f0e708cd9338e62ffcac3bc2fdda0a1f21664
4801,1764562611.8365624,0.000023994,0.000016019,0.000027671,0.000018825,0.000035646,0.000059500,93c0fa1cef97080a9f4929b09134fc1715ce2e5e27e1bccf10cef6a1f03345e2
4802,1764562611.8379762,0.000027521,0.000019205,0.000024034,0.000017603,0.000027210,0.000046757,45f54dd724083274e5ae248b8f36f2ce5ac2504d91d36aa291c188ffd38c6fbd
4803,1764562611.839163,0.000022021,0.000015138,0.000021409,0.000017542,0.000023384,0.000042488,792a57d79fb2072791a045bd04c7b404a63602672fe60d2d59802c5506479221
4804,1764562611.8409166,0.000026559,0.000016961,0.000021840,0.000034614,0.000049802,0.000079287,4fb3ea8a2040deb6d6e4637eaa18b265d808a05eee39cc27dd0ca85b7169fd0b
4805,1764562611.8428774,0.000021009,0.000019456,0.000033311,0.000038541,0.000056625,0.000058939,44df77cc0668f29460e66482a1060c73b30e8b298edea2e74fe48827cfa394b1
4806,1764562611.8441472,0.000025036,0.000015579,0.000021049,0.000018815,0.000030767,0.000041497,0643d3062c9e62ae75ad49214d297c65e6be7563ee83f23e79435fc14c5ddf2e
4807,1764562611.8462338,0.000021940,0.000015148,0.000076471,0.000022762,0.000042629,0.000063217,801fad5aea0718fac12371c9634883a7967e05a1f1943042738717cf885cdb22
4808,1764562611.8484943,0.000050102,0.000030967,0.000054661,0.000027972,0.000046396,0.000061013,b962cdb3a72f11a715a11c4a05e6f04c4bc7b7b78e855304b957d48af7f9bdc9
4809,1764562611.8506951,0.000032681,0.000016912,0.000033512,0.000032551,0.000081110,0.000080398,9fbea039bfa746f770b3ca5741ad6b16d0e9c3cbd422d5cf24c8af249caeab8e
4810,1764562611.8524294,0.000030967,0.000015649,0.000020988,0.000022832,0.000038942,0.000062766,db61c6bce773f4f4bdd0bce7107887e476c0096033b3b96a706fe04bdcbb7471
4811,1764562611.8536015,0.000022442,0.000014947,0.000020318,0.000017172,0.000022962,0.000034885,816345d75587d9590fe2a9ba1d3d68ea6812c6029d5211857d92fd613b3308e0
4812,1764562611.8547435,0.000020778,0.000015438,0.000021960,0.000017242,0.000020327,0.000036107,0c5015faf61653cce203cec883388ebf0b5252bda3d09e472ebb6ea15ffe6da4
4813,1764562611.8561296,0.000025938,0.000017512,0.000032590,0.000018424,0.000028803,0.000041366,354672e3ec1f9c362caf827104850a3899b985a69f0e20b4a58f0035717f5b9a
4814,1764562611.8580132,0.000026239,0.000017883,0.000042799,0.000029955,0.000050173,0.000066964,ac88baebbe4845a300b79eb13457811bb7e3b232e4d260ce653d6a8840c76f31
4815,1764562611.8605516,0.000030076,0.000016731,0.000032310,0.000041947,0.000096167,0.000082392,98cce7d15b421ac7552bbb46324bc52444ed717514bcd8d19ebdeb150c5d4415
4816,1764562611.8628387,0.000024987,0.000015378,0.000029585,0.000024796,0.000041176,0.000059359,924a86c296b13650d903c9a5db9e8f2fe20fb34be0393caa8912a96134cddc42
4817,1764562611.864871,0.000039503,0.000028903,0.000022672,0.000025668,0.000043500,0.000064580,8294dedb74f534136796ce8dbd7d8230f2ca89b15ca6e4141228fbe28d0f61ed
4818,1764562611.866348,0.000021359,0.000014657,0.000034203,0.000023363,0.000041016,0.000054871,6921cb6704dd80e62fb0ea9b57ac9757e1290ff1d238aa63ae12e8d939f78977
4819,1764562611.869147,0.000030476,0.000018885,0.000076812,0.000032220,0.000078956,0.000096439,e87538eb6c8269c5da7f4c1e56cf6626dfc027ea1071be0b9443770d75ce5786
4820,1764562611.871501,0.000034334,0.000017091,0.000056745,0.000024645,0.000050363,0.000051304,8113d9e99a72193deb95e4027608f92372e9ee7dd83fa1ae49e43f54e9bfcdb8
4821,1764562611.873621,0.000031799,0.000016651,0.000033702,0.000027882,0.000045665,0.000095607,79fcb84025d294e9263486dde57181ef52db0cc811fbf191daa2ec9e96c7dad0
4822,1764562611.8757079,0.000028323,0.000015549,0.000034494,0.000023103,0.000046365,0.000047568,c8481ef7c4fcff3350e4ca6958a47b0888c7621d9d4b2235961dd3ebb93f776d
4823,1764562611.87711,0.000035175,0.000016561,0.000021570,0.000017091,0.000025316,0.000039833,cb9090fb465408fff602eb0d3974dec62471e6581108a155cccc90406a805e12
4824,1764562611.8787942,0.000022361,0.000015488,0.000025928,0.000034374,0.000044612,0.000087391,1ba1763cdcc6c1319d09c705d32ae581a4efb8961ff52cc8c985eaf82f6e721a
4825,1764562611.8807802,0.000025196,0.000015819,0.000037249,0.000023112,0.000043270,0.000051615,40019578f0b67cbab9363310d690aee1d98f17330393e1f40ef6a1572114a7e8
4826,1764562611.883002,0.000026188,0.000015459,0.000039143,0.000036547,0.000085218,0.000106547,80b0a449c9a599943245c3caa4465f88f345ca357c7ba7b90481270ea6788393
4827,1764562611.8856015,0.000026730,0.000023063,0.000037349,0.000024986,0.000049051,0.000077944,b1b6d3e7fb69a620ab20be1c0ebb503cc294f345936a9932cf6cabc0312171c8
4828,1764562611.887488,0.000031237,0.000017242,0.000023684,0.000025076,0.000046667,0.000053780,f08478fa1f969186871d9c0bba92431749101d70e667bd9623c2f818324694fe
4829,1764562611.889117,0.000024265,0.000015458,0.000043851,0.000019005,0.000029244,0.000040755,6b48abe610c1b0c6d622f50615b75c323371f69a27d6ccb7fa05d89686095983
4830,1764562611.8914592,0.000043440,0.000029835,0.000046817,0.000025407,0.000041827,0.000054100,bfb51e9e0d41c849e453f305b98329012ee0e2e087dab9a7a4e1d434f0b3dbaa
4831,1764562611.8945227,0.000065542,0.000018204,0.000086339,0.000039413,0.000094996,0.000116706,f4552c805ad266209677fa9ce7a909d8a9fe1be44a82bcaffe20fe1ebf6b077f
4832,1764562611.8972967,0.000046556,0.000018414,0.000038952,0.000034033,0.000082983,0.000100956,f321c6f47673697541cd1f2b255cbdd756441aa32480123dc85615ff335de543
4833,1764562611.8991067,0.000036407,0.000015359,0.000021249,0.000018554,0.000028763,0.000046406,91ed6a9e151fb97bd091a8532afabc61654fc607cc7d9a0fee6f944a5b3e3ebe
4834,1764562611.9004602,0.000022071,0.000015158,0.000023934,0.000016230,0.000024375,0.000034735,7aea88fbf5651f2f7b82bf65275c6f7b580c5f6b0a7517acbd0cb94272283ed9
4835,1764562611.9017522,0.000022191,0.000014617,0.000026289,0.000019236,0.000026960,0.000042619,f42c679d68839590807130dfd1845c743de63941d675bcb36b5e34d9eb0812b0
4836,1764562611.9032292,0.000024776,0.000015218,0.000031989,0.000018975,0.000031408,0.000042689,9141132803fb95d5d128b552769a7f106bc808e5ed183cf48fa5670c0b1695ce
4837,1764562611.9049954,0.000034183,0.000023663,0.000063037,0.000022552,0.000040445,0.000049501,8a3677f2cbe5f972dfc20885d9eb7784655097a8c7460f9083988e092af1cd7b
4838,1764562611.9069426,0.000025086,0.000016390,0.000042578,0.000039664,0.000069278,0.000096789,be0fd82c8e53ebed552176131def2cf5cae8653debd543374ba7874391685e00
4839,1764562611.9090889,0.000031318,0.000015238,0.000062765,0.000025927,0.000050192,0.000077413,d9c8545b124a09cbc0ae1c6c1ef2e55f1eb394d4420c12b27e6de19dfc0ef44c
4840,1764562611.9112408,0.000040415,0.000017322,0.000035666,0.000025717,0.000043320,0.000083614,b034d93612c305a680252dce4ad0fa359149c2bd7187c153d09ac79c6c445935
4841,1764562611.9141762,0.000028072,0.000016571,0.000052758,0.000048509,0.000121454,0.000073586,1d6e4b4663d61ac3f917d4a2953005c0c922d4267e4d4d4443dbbe7152090b6c
4842,1764562611.9167726,0.000041617,0.000025858,0.000077663,0.000032791,0.000095827,0.000058658,dd99325acb7e74947c55d942746279a1543fc6e26e6c871547e7a552d01b9141
4843,1764562611.9202044,0.000072915,0.000034544,0.000033682,0.000038331,0.000091018,0.000108100,298eb7c4d0eeec4f73590c67bee4c7e20a83d162b87f5d5cb9538dcbdd6b9bd6
4844,1764562611.922144,0.000041687,0.000030907,0.000020849,0.000017433,0.000026759,0.000067344,757d0813db2dfd45b1a3145718faf401f98940eade63b853002e58bb4e0c28bf
4845,1764562611.9234846,0.000021790,0.000015088,0.000031889,0.000017572,0.000023374,0.000035365,7508b7bd1ea6bde14bea7b3ea69707f98b86cfafc5152ccc1e64dd20a883a23a
4846,1764562611.9259365,0.000026659,0.000015067,0.000059169,0.000040165,0.000083304,0.000105805,a4a9fecbb72bb0cd4b5d3a42a7840ae508767bd74dab3119f488d016933fa33e
4847,1764562611.9283924,0.000031198,0.000019065,0.000073295,0.000025477,0.000050403,0.000097070,66b0d1f446d3243f6d1632faaab892dbfde55c56299f7d9c2e7da3cd42064415
4848,1764562611.9306908,0.000041206,0.000016040,0.000028152,0.000031788,0.000076752,0.000109673,727ca81d0eb64858522b47e8a6d12ec3cb4706c9e82be5cfff33e2df7720a676
4849,1764562611.932578,0.000024896,0.000029043,0.000024966,0.000023113,0.000050363,0.000062586,8ac763ef0f1b1f4320c30f24abec556b2869eeec495ce9e829def2936ba2e12c
4850,1764562611.9339318,0.000024816,0.000016250,0.000021841,0.000017843,0.000027551,0.000037068,66161d628e5ac795f6f2ca912c8f8b1a3c28e7062d6763315a00b7ebf0810698
4851,1764562611.9352298,0.000027301,0.000023243,0.000037479,0.000015619,0.000021440,0.000034804,682d920482f09136b71a0ced1201fd9bf36490ddc018e99afa6fb9bae35e0164
4852,1764562611.937147,0.000032089,0.000016139,0.000046776,0.000031197,0.000062576,0.000084787,46d1d3bf428d9bb1c1c264b29b68530077d64df8f9e20398d5ff4a584ee0bebe
4853,1764562611.9390492,0.000028783,0.000015779,0.000048079,0.000029064,0.000051525,0.000063297,b8a021f082f598b458f5e44565878f04bb64d87afe49a2c5fb4f484395241811
4854,1764562611.9413273,0.000029133,0.000015419,0.000028994,0.000029444,0.000054952,0.000089045,239b971f9ea1bd84863370cfd827cf47eb650e0fed1256ecf9000f853531ab9d
4855,1764562611.943088,0.000032170,0.000016190,0.000023644,0.000020638,0.000035886,0.000054992,2c20620e7935599b8c5029578d4729fb626fc13d5f1c5ceb1ed144539e5763b2
4856,1764562611.9443498,0.000024115,0.000016871,0.000019907,0.000017031,0.000021980,0.000035576,caa9b045935726dcf042155e39cd12b5c34826b5178e42c72eeb4b9330d6fd97
4857,1764562611.9454417,0.000021670,0.000014627,0.000020548,0.000016350,0.000018985,0.000032510,6e4bb45b55c3509afc46a47961ac329f0e83284a3970a7430ab6f014177e9bda
4858,1764562611.947031,0.000022552,0.000015579,0.000034133,0.000021750,0.000038652,0.000047829,50911342d29c3b45d3b14a80be6fbe5074c309c9c272c5ef75e6f7adc488832d
4859,1764562611.949299,0.000025427,0.000015418,0.000071302,0.000023704,0.000043991,0.000058458,6fb37548aed730168d066e8af842dffa091d98a58b9c6c21a0f2d6b60273fc8a
4860,1764562611.9516277,0.000041417,0.000016681,0.000036147,0.000025738,0.000055022,0.000109582,e02fa9ba88a0016c4d4836b5a5020acd70169d3c9cf7e1305347779402bdda96
4861,1764562611.9532342,0.000028172,0.000021770,0.000025907,0.000020648,0.000039083,0.000052247,b8ec289b656cb6908c51f2eedc15def534f348775e2e402d1440cb2b5ddf32c0
4862,1764562611.9545546,0.000029315,0.000016941,0.000021420,0.000016721,0.000024986,0.000036978,5c9bd6d3914406ddf8b53d657c6639512eb9f11e29be1763f92768fa143e8e2a
4863,1764562611.9557388,0.000022591,0.000014677,0.000021149,0.000017683,0.000025046,0.000038071,334b1f29a447befbb605c60adffe0c3c72e2e95796c477d47440911a97bf42f6
4864,1764562611.957334,0.000031869,0.000015749,0.000033883,0.000020448,0.000033492,0.000046756,0d7ba05db21e930a4c94bcf7d86f73d89423ce0e8390e7c9ce259b68f53593dd
4865,1764562611.9594371,0.000025948,0.000015639,0.000049461,0.000032981,0.000069037,0.000094003,dca8961f4f6da708e586456f52443e626b6af942d9abb33385c0157ce410b83d
4866,1764562611.9622064,0.000041667,0.000018274,0.000057446,0.000030707,0.000067354,0.000100025,f722cc4e1a0c377aa90c2304ab75b1fa08312a81ad2b6ca29156de1579aba47b
4867,1764562611.9644432,0.000036768,0.000016260,0.000029765,0.000033722,0.000048280,0.000074688,fa9dafb9fec5d8acc9f90ba47a24c2649c46474ce462e24ae12b9abf28793b9f
4868,1764562611.9664836,0.000031749,0.000022262,0.000063016,0.000025187,0.000050132,0.000093923,09f0d15b322b9ec2366e8d9480c90d33f62fa9a0292f967821915a99ba526a06
4869,1764562611.9688067,0.000027711,0.000021189,0.000049702,0.000030917,0.000083815,0.000071001,10008223a6a9093053c722ddfcaf95410f119959ede4159dc8c9d65107d6ab3b
4870,1764562611.970737,0.000035786,0.000017402,0.000038231,0.000022020,0.000039533,0.000059720,f52ce5db67d860502afa74c402778ec75ac11613e46431cc9cf970247b0e89b2
4871,1764562611.9733908,0.000029445,0.000017042,0.000101127,0.000040675,0.000073767,0.000102449,304ce8161a3d5a32cf47e6532d1ccdb4a91b335e19cfc7fcda5af1889393ca0a
4872,1764562611.975639,0.000056314,0.000031479,0.000026810,0.000020739,0.000035656,0.000056685,f0200bde59e1395b0dbe5de3f2366273b1f0729232534c245757a5eef97ca52e
4873,1764562611.9772806,0.000024656,0.000015989,0.000036988,0.000019927,0.000033532,0.000044041,0d7fff3f629d19b635d1cd09cafbbcbc5422ce421b6a4a3ff29279978f8e5f95
4874,1764562611.9787989,0.000027090,0.000015509,0.000040534,0.000019115,0.000028522,0.000039863,4cac1bdbc89b0e171a653a86450468ec86dfb5893dae2817fa5f2225e0e66643
4875,1764562611.9813952,0.000034995,0.000018084,0.000055202,0.000047898,0.000074267,0.000101919,947a85dedb50a39920890494100d8264892003f5d6bab2f77162e3dceabda772
4876,1764562611.9848526,0.000053809,0.000031548,0.000067013,0.000049862,0.000112358,0.000156970,5be6b8526d3052e7d01c03845d276198bf42354fe1b2034ad7de543f1a1187b0
4877,1764562611.9871798,0.000039904,0.000018083,0.000025697,0.000038721,0.000074387,0.000089385,edfc6f4f1448a0f94d9b8911312ab7a82be0499fc2a8b154dff3d42cd6486bd5
4878,1764562611.988744,0.000024265,0.000015098,0.000039623,0.000018554,0.000026409,0.000036648,a31b7ba70dd92676c6cc336026fc75a4ff43f5320990393258a7754729f8ff15
4879,1764562611.9901998,0.000022121,0.000016150,0.000024825,0.000021089,0.000033452,0.000043200,17640e9ec1a4e173ff7610ccb2eb59c95285f2ccd2fda60607901be1cdc4d728
4880,1764562611.9924154,0.000022552,0.000015749,0.000062606,0.000025837,0.000047277,0.000051284,687ff38fcdd86d9fa015375889aedce2860aef26d9a6ea95ac8de260375ba4ab
4881,1764562611.9955826,0.000042929,0.000017202,0.000057867,0.000056825,0.000133386,0.000082433,a391333b034e623bb792545aec18fad8fc1180ad39c5d872940e841fedfc47f3
4882,1764562611.9982047,0.000029264,0.000015809,0.000043460,0.000040916,0.000089175,0.000066182,6b94627735798e9e4502b6962dad12211314328199e340bc35b68c1b82bdbdcc
4883,1764562612.0002317,0.000035967,0.000025608,0.000023654,0.000034614,0.000039954,0.000094825,0c605126e7d2dd49efc9596fa37613fd3298de6fa26428b9ef55bb6846927617
4884,1764562612.0019052,0.000028473,0.000017212,0.000032681,0.000021109,0.000035215,0.000056774,f403651a40b284af6e5fbb3502d91b31b3a17710d514303cf646f1d3460d4eb6
4885,1764562612.0038192,0.000024174,0.000015218,0.000046867,0.000024546,0.000041767,0.000066112,90a85089e5e95776d940434df28625d2c01adc4050b3c29c9430133f0adc4a84
4886,1764562612.00588,0.000036257,0.000016370,0.000032951,0.000046426,0.000058729,0.000119501,10ca2697b0ffc0c8de5a306788a2787deecf92ff67f5225db5bbea45185f7adb
4887,1764562612.0074441,0.000034894,0.000017542,0.000028683,0.000022982,0.000038801,0.000059329,23d03abf58f15586695bbff54f3b36e334e063743993b00c7f6b314d5abc99bc
4888,1764562612.0090926,0.000028383,0.000017853,0.000035977,0.000021019,0.000032921,0.000047568,55190c8d1eb9f2970eaf83821bbe4ce24834c9c534ffbb9c4336321eb17c4b97
4889,1764562612.0106792,0.000027982,0.000017943,0.000022201,0.000022672,0.000037800,0.000049151,dc68333b52096c677aa031441ab013cf3fbc8614fe60fd084421475e2b6338da
4890,1764562612.0117712,0.000022010,0.000015017,0.000019947,0.000016000,0.000018965,0.000033662,39cb9d3f1ebea2418f2c3a34797d8d23d38602e581ecca91211c01be18b7b95b
4891,1764562612.0130396,0.000022302,0.000015879,0.000025036,0.000016901,0.000021320,0.000034353,349ab5f7aceb612611dd59b593187053b3815c9320ecfe715b621224fc2f5039
4892,1764562612.0143716,0.000027691,0.000019677,0.000025948,0.000017542,0.000025377,0.000036147,5e80532b140c5165e07c26b01e12dcff283fd820428cc013ac8aa86c0a0df7c7
4893,1764562612.0155067,0.000021409,0.000015258,0.000020437,0.000016230,0.000019385,0.000032951,7bfab827ac13f173a7c477e6b2c3371277b3c3452451622376488f25120f3560
4894,1764562612.0168986,0.000025186,0.000016600,0.000038982,0.000017573,0.000024054,0.000037399,77a11d129c218435d4019b5960a1a853e4d692524746a8b947bfda534ac34a3b
4895,1764562612.0185604,0.000027220,0.000015890,0.000034224,0.000019426,0.000057597,0.000051005,57df5d44b7d6be627bd8e83c1720cf3c3a52d815c24f364a7e999aa48e8219e1
4896,1764562612.0202208,0.000027821,0.000015809,0.000030507,0.000020188,0.000036607,0.000050243,0f8344146dea3c6bfc58deffa4376c752b6c7bc015c48d1df86baf14e8a878e4
4897,1764562612.0217855,0.000025046,0.000014897,0.000031308,0.000020889,0.000051425,0.000054771,0b7a18a90bbe7169e85012e00d1b4bcf07770e1db8fd002cd1b87c3743c075c4
4898,1764562612.023093,0.000026048,0.000015209,0.000023844,0.000016540,0.000024004,0.000035306,82f265181112ed6d83396135e6db5c2487af6de77403001e5399e1db0a2e94b1
4899,1764562612.0245092,0.000027781,0.000015719,0.000027711,0.000018524,0.000030947,0.000042448,002834a309a4b4f5e8c902cab7b08bdf74fd341b18ada66f5ab9843a4b4d66c0
4900,1764562612.0262632,0.000024305,0.000015138,0.000032541,0.000022812,0.000032460,0.000055172,484f5b525e926353768070de00665b249000484fdbd01d9e547bb0fe5d846630
4901,1764562612.027579,0.000025387,0.000015118,0.000021961,0.000017022,0.000029595,0.000043470,58b154a151d1a01ccd0cf3808b71f3dead308cc2e9b9db8727f1c79bfd101307
4902,1764562612.0288527,0.000023544,0.000014997,0.000026139,0.000017543,0.000022902,0.000035346,7ecdd609f59c0512a6b6f5f3f053608e6cbe71c09dad877e563dec8be5931f33
4903,1764562612.030793,0.000028803,0.000016160,0.000039723,0.000022642,0.000042118,0.000053409,7ad8fa2a834b5fcdfdf54ab5df0e5a34f3484cc8c6ef88e1a14f7d20039f2bfd
4904,1764562612.0326784,0.000029164,0.000016982,0.000035406,0.000053820,0.000047338,0.000063027,ac62c62ac11fff364bee10203b1736e1fd0464f17c6e100f8344c2aa3add3331
4905,1764562612.035105,0.000027200,0.000017342,0.000039533,0.000026128,0.000064018,0.000072604,c778db7377672bafe042a6d11dfa23fa4b7656326a93c0c668e579705ad3b338
4906,1764562612.03695,0.000033552,0.000016550,0.000031017,0.000027701,0.000041797,0.000063046,2f7a160f7837cf8e09dde99e1547b55a23655739bfff77055f4b59ed7a351a5f
4907,1764562612.0384061,0.000028032,0.000021018,0.000025186,0.000019867,0.000031949,0.000041106,a70ec4c05b4d6d1e3c3f1fe6ef3b0fcd299d71728717096994054f23c62bfc0a
4908,1764562612.03957,0.000022462,0.000015268,0.000021981,0.000016210,0.000020588,0.000034364,c8a7ca9965659389c244ac8dadd7ad81a2ce5ab271e4bd4cb96b60a375b6912c
4909,1764562612.0410202,0.000023443,0.000014998,0.000041096,0.000019406,0.000027591,0.000043631,263e77facce4399669a45dbfaf598f0487d8519acf7e584bba5b3f2c1b4536f6
4910,1764562612.0434742,0.000030215,0.000017171,0.000078014,0.000033221,0.000071081,0.000091148,a3c336cb540bcf929a465374629b18e38220be9f1c1b748a503a634f64753886
4911,1764562612.0466952,0.000045424,0.000020217,0.000076732,0.000038461,0.000081210,0.000107349,cb9972619008d00d7dfd7aad66a16bad4fd0b8638581717dc3b53be4306a6ba9
4912,1764562612.0493393,0.000043941,0.000017202,0.000030556,0.000039894,0.000063427,0.000061203,eb51979a115bc387db35b4db7c91abc0d42e53f68b396aaf3def85fe55b3461a
4913,1764562612.0514898,0.000027952,0.000016341,0.000025788,0.000036838,0.000052727,0.000083434,5f1af9dd3a2515794b5f4ee0ba447075b38d57814cd26ef40cc143621415c29f
4914,1764562612.0529046,0.000025266,0.000015920,0.000021009,0.000019987,0.000029033,0.000047147,173af04e8f25412d804d790671ca9a3ba2e9372b91b7e556a667dd51f9e280cf
4915,1764562612.0545244,0.000021459,0.000015188,0.000050053,0.000018484,0.000030496,0.000048129,490cfa938e68100e70902ea8352521d5770a3d10ce48a211d52bdf0a4ab1376a
4916,1764562612.0564446,0.000045755,0.000016230,0.000057286,0.000019246,0.000034413,0.000045654,6539938d9e1b19f64c5572c3e1fe46645167217b21ce0936fad9015ab6e3fac8
4917,1764562612.059525,0.000049462,0.000031428,0.000048269,0.000044302,0.000093553,0.000083574,f00e9c1be2ef93a4b33cfa2acbac6f1a8842369c936dfd3f1b1495329e114716
4918,1764562612.0616243,0.000040165,0.000018154,0.000027120,0.000026709,0.000054050,0.000071773,8ad6eabc6c80f32cf0fc2f1650ffcb35835e8388718e7b5005a96386a072ceb2
4919,1764562612.0636919,0.000027401,0.000020488,0.000075640,0.000042228,0.000055122,0.000068086,f9408e514ec5f665f1c203341a1056a4ca867f2952d45d1ba3ffe2d87e2d93f9
4920,1764562612.0662863,0.000062325,0.000019807,0.000043730,0.000025968,0.000053840,0.000056384,2032a0965268463cd6da30fd0b3a51f8c1c936536b877426d9b308e2c76f8e83
4921,1764562612.0690846,0.000041026,0.000016962,0.000051645,0.000035956,0.000085658,0.000100797,bfee29dc104df7495962ffa8b5399450c2c15ff1c3d52b03e776f47bca810cf9
4922,1764562612.071352,0.000038031,0.000017702,0.000032480,0.000047618,0.000062155,0.000094745,819a526c2c176d983dfa81fb235e10a4d5ae4a6622db42df744bf00170a13f83
4923,1764562612.0737813,0.000031157,0.000016530,0.000049872,0.000044583,0.000050574,0.000082171,67f6044b459f30605f0312d9c8456ab3576876ae8694e17e18169c6c949e16a0
4924,1764562612.075636,0.000027220,0.000016099,0.000041517,0.000022872,0.000035466,0.000061864,9001b6dd77d7206c600d691fd3ceb98e9af1b2b4bfeab1f8b6c9814f82952220
4925,1764562612.0773308,0.000029304,0.000029775,0.000028934,0.000018755,0.000027421,0.000038340,bae51725c2a4b82377508b08c9e2ce7d003e3fc4a70a72ddf7e22a3cb5ac762f
4926,1764562612.079409,0.000028041,0.000015378,0.000039323,0.000027631,0.000049953,0.000055563,9b4084be018910f946f7a36733597fd19db7bcac16788e8746c91d074a3d9ed8
4927,1764562612.0815308,0.000037570,0.000016821,0.000032551,0.000022070,0.000047378,0.000056955,f32622dda3aeacfcab752c7e7313892fe51c15f7a3a3a2ae636754d1a20f3c7d
4928,1764562612.083206,0.000033232,0.000017282,0.000022972,0.000025226,0.000045545,0.000062726,f0426cd717df99eebbe02264ae976b072320ebe78eef01467da4f1d36c1a1f10
4929,1764562612.0844538,0.000022161,0.000014817,0.000022311,0.000018835,0.000024686,0.000039934,589e7c8a3f1e76308a123d337855f631806f82f8d518a91577fe9af0c752918b
4930,1764562612.0855885,0.000022362,0.000014386,0.000019316,0.000017122,0.000021029,0.000035065,5adeb47e4f947cace16c88363cd8d5d98c05f76a4217adb7abb8810cd4f3f90f
4931,1764562612.0868297,0.000020488,0.000015419,0.000028512,0.000016330,0.000020517,0.000033762,183035a8d687a50d307d033667f9bf5e62a4aa1b83a199bfb77d06014bbcadab
4932,1764562612.0890763,0.000031188,0.000019356,0.000045464,0.000038511,0.000131633,0.000127726,e7050ff83a23384e8c7e8418b79c145a3aae7bf260dd964502004d6c35aa7421
4933,1764562612.0915933,0.000033061,0.000016690,0.000049792,0.000027781,0.000054661,0.000061383,d8534725f2346dacd37330ff2e180cd9025be20564dc38ff68459c15d8e4b64c
4934,1764562612.0937345,0.000040805,0.000018494,0.000028693,0.000026038,0.000061925,0.000071161,3278842a363d54fec7f3600b842a5608251386e033a7e83296b8a9ca85a995f8
4935,1764562612.095271,0.000026860,0.000016561,0.000021059,0.000022131,0.000036508,0.000074788,d861ea8a8334c06692848d1b1de8df2b45ba5bdc1096937ee9e1f159af6e8c34
4936,1764562612.096528,0.000023534,0.000014517,0.000022101,0.000017062,0.000024636,0.000035175,6013775e273c6f1c58a43d8703fa5b406a6806d39907a75016a29e61bd9696eb
4937,1764562612.0981245,0.000020918,0.000014607,0.000035476,0.000023894,0.000040585,0.000059290,45f785301273f83a064f5b318284f608429028642f182d26d6acdb48a7cc82d7
4938,1764562612.099712,0.000025306,0.000016480,0.000035165,0.000019216,0.000033622,0.000044813,e1bfc940b23b5e0fb1ab6f0717c09e2d5bee3c8f2e8072c73f8a7de2adacca48
4939,1764562612.102705,0.000039122,0.000019025,0.000047257,0.000032651,0.000110033,0.000111466,b7e2eb0a880f75623f3618b2291280d8dd75fe19dc00e767506b911d62ecd12c
4940,1764562612.1056273,0.000059480,0.000033261,0.000025627,0.000059520,0.000077644,0.000089315,28c8eac8dc8a1eeb33cbad1a45d0f93143f50250c921f1dfb9acdb881b56cd61
4941,1764562612.1071494,0.000023864,0.000015739,0.000024715,0.000019145,0.000033662,0.000050524,6293af2770793ffb06a4c5e25af4dcf7f85ea52f5e495c448624212f932490ba
4942,1764562612.108701,0.000025527,0.000015689,0.000025627,0.000020889,0.000036077,0.000053969,880cdfb1f9c6de60da7d6b500abe1d20b2a1677bc3beca36425285ee1198032b
4943,1764562612.1101089,0.000024766,0.000016831,0.000034253,0.000017923,0.000025146,0.000038812,f1c803602194857bcf4a823d66c4afd984343d3729222e0b72e8803071d6f87d
4944,1764562612.1118147,0.000029966,0.000015439,0.000035015,0.000022402,0.000041807,0.000051876,244ae33f92a23f54cc6afbe0922ff04a9ec5105c826d056994b0dbc42196f9b6
4945,1764562612.114236,0.000043660,0.000017523,0.000034063,0.000028703,0.000080999,0.000108690,05f166f8d9b1a6636d0e0549c07a7414be207e539bf702575d56c4e7224889e9
4946,1764562612.11608,0.000033332,0.000017783,0.000024565,0.000025717,0.000047597,0.000068237,99307bf78b795c801f86456c16457431d18d2fe56c7bb813b3d655dae85e3ba5
4947,1764562612.117324,0.000023744,0.000014507,0.000019706,0.000017202,0.000024766,0.000037309,9eec3e7789db0029c69b71123973288875ba4ea025ee8774e6db085d7acf666a
4948,1764562612.1186745,0.000020909,0.000014437,0.000030917,0.000021439,0.000031859,0.000053038,ad856a9c7b2f9bd0545bc2f1808a7fee4d62aaf8747d8a5083f0aadb53c65568
4949,1764562612.1198697,0.000023363,0.000020227,0.000024795,0.000016360,0.000020728,0.000036347,90f37d03e3e85a921c815b74240ef0b955fadba9266a5b0c88c49fd5dc773e21
4950,1764562612.121341,0.000020558,0.000014688,0.000031859,0.000018063,0.000030216,0.000045604,808b2b6bf326657abe7a95d0776bacd154fedbedd9a2ab703c8fe7801dd12f3c
4951,1764562612.1228065,0.000025427,0.000015549,0.000028973,0.000018584,0.000029625,0.000041637,337495e36555b8112f1ca2d8ddf99228b7d2775502d49e0923aca82eeb54fcff
4952,1764562612.1246078,0.000028643,0.000016681,0.000032740,0.000021720,0.000039273,0.000049932,cd2a5e147703711bf72709b87698fc4948644b662dcd269ccf2e4bdd4c13fa80
4953,1764562612.126855,0.000026439,0.000015859,0.000025937,0.000030586,0.000057567,0.000088855,22e8506180471c88bb2c4140476c7e50d02be75981621aac3fb1ea316c787d8c
4954,1764562612.1286426,0.000028032,0.000014857,0.000023984,0.000042439,0.000075650,0.000072945,fc10cf3bc0181aed16451769dd38a5fb8e01ec50c89b1377ba1805395ed68797
4955,1764562612.1306088,0.000024375,0.000016169,0.000059810,0.000028322,0.000047207,0.000101076,1b929cafeb826dc0a8b0cef9206270eff911974e45e687d452008147d195fb89
4956,1764562612.1321912,0.000031969,0.000024405,0.000025347,0.000017953,0.000028483,0.000040134,69ff8304297f720700a34a4ffe3080847be3364ea30927f748e2915521e57e0d
4957,1764562612.1341388,0.000024435,0.000015579,0.000033873,0.000028353,0.000050513,0.000051395,55ff0d9cedd1ac1bdd8a6742a3f22cc9d42e6bdcd7899f3d83a163e2a63e43c1
4958,1764562612.1359608,0.000025487,0.000019025,0.000023293,0.000026358,0.000046856,0.000068216,2d9f4adad7c0759b55a5f7efd047363d67abe8d3b410c02e6baf8d0bb5b2516b
4959,1764562612.1373122,0.000022992,0.000017182,0.000022641,0.000020709,0.000035786,0.000050062,28ceda4796a19d020f2413488959616d58bbc361cdd3ed440f4c30471368a46e
4960,1764562612.1385684,0.000020739,0.000015178,0.000022782,0.000017692,0.000024265,0.000041767,de433df6b83bff1074893915112cf6984e3bf882fbd7f42d2880155f7a066447
4961,1764562612.140644,0.000023905,0.000017092,0.000059520,0.000030506,0.000055332,0.000070721,fe758b7c0b0d2a71974ec15a29480776a9023675c0827117bd47a63580a6a31f
4962,1764562612.1436994,0.000035005,0.000018795,0.000089976,0.000045303,0.000095507,0.000127807,f45c13a86f751701923cb4d7730a2f5bc3016a28dbddfdeef6463a2a86992e95
4963,1764562612.146961,0.000037800,0.000021099,0.000045894,0.000038030,0.000118629,0.000121335,c76e4aae69603e987e5ec26916cf9099b9b483e5199f384924216c4ac9694adb
4964,1764562612.1486948,0.000027440,0.000016150,0.000027571,0.000023613,0.000036708,0.000059129,262fb71d250b3cbde7eaa1b3d8cd3345f58a61f8d8f6e6aac149021161dce7fa
4965,1764562612.150139,0.000024445,0.000017292,0.000023333,0.000017442,0.000029024,0.000044693,5a8d7306e3dd0b5cd378a8523ab48496af6bc4afaabc3901831d819b963a4a32
4966,1764562612.1513996,0.000022051,0.000014567,0.000033562,0.000017343,0.000024064,0.000041557,aa1ce1b9b5332cfaf69ab6e7679f235b63528c0bd789c683ecf9ef009b4ac121
4967,1764562612.152827,0.000024806,0.000015709,0.000025016,0.000018885,0.000032840,0.000043310,2a507961f22e6becc01231995b817c6d63bc19a66f709ec497a04baf9c0a7171
4968,1764562612.154534,0.000024515,0.000015289,0.000036558,0.000025958,0.000035766,0.000063036,b0f3a4d06988023f057c2cf2f412c87f9b9c385905a7d2cd1b9350ff9c491e71
4969,1764562612.156446,0.000027912,0.000015229,0.000043300,0.000035576,0.000054361,0.000109532,94c1bd821f66d44fe92bc67468ba587778a970da186aca11318f5c0b27e05a15
4970,1764562612.1581142,0.000032060,0.000015188,0.000023383,0.000021309,0.000040835,0.000064379,8a9148743c3b7bc0c35d57976f795583d4b69732cd709ce1a6dccffd6f23e285
4971,1764562612.159508,0.000023824,0.000014868,0.000025507,0.000018374,0.000024064,0.000043170,f3a64f8ccf0c4481ff35ad484c07a2e7704ea34c10f512f2bf0cbc806f1d98f3
4972,1764562612.1614068,0.000026398,0.000015068,0.000045113,0.000029083,0.000069909,0.000080027,9e0d56c54cb8a99724246a5c3d596358e4ed5613b89253a7cb3177c640b9b244
4973,1764562612.1628976,0.000029244,0.000015488,0.000032530,0.000019106,0.000030075,0.000041337,705f0edf338eff2008ff6d25fa73754c74b12fd3a7f4623d6856ca70121a511e
4974,1764562612.1647518,0.000027360,0.000022581,0.000030446,0.000053519,0.000044061,0.000050033,f4cb36437014479e6848a32efdcbebfa66d62471cab531029137b682677d2e38
4975,1764562612.1665626,0.000030947,0.000017012,0.000022502,0.000022151,0.000036607,0.000054500,0c63b80ce2bedfb43d845ce8b0c1a9f878945586fd687a65957fc5a62a74a78b
4976,1764562612.1679144,0.000023543,0.000015138,0.000024555,0.000017633,0.000029945,0.000042378,9b58f7784cb5515fcb7a4bfcf447f5e3e3976d5b94b653aa91bed49d13e946a1
4977,1764562612.1693227,0.000027120,0.000021009,0.000026278,0.000016861,0.000025397,0.000042369,9187070ebd724b3532a14b453d85a8650c379670e2451c24e46247d051b4bf29
4978,1764562612.170791,0.000023564,0.000015038,0.000026769,0.000020007,0.000028102,0.000042989,acbc945c0901f87fdce9a44056cd4120fc5902b40cbb6054c32c6f3df5f46460
4979,1764562612.173501,0.000023554,0.000015408,0.000093653,0.000044232,0.000065441,0.000092140,990f96ee748416f3f0bb57574ce59de2c457ab1205b6982ee277858c3e9cc6e1
4980,1764562612.175899,0.000038902,0.000018133,0.000029695,0.000038691,0.000073215,0.000104514,0249caf860ecf6dd1a844653ec1ea7dc4dda9a213f07f994f3ac46dff3f4ee76
4981,1764562612.177543,0.000025136,0.000016350,0.000020638,0.000022902,0.000037590,0.000055914,7c4e6f5b6cfe12e3da589cd96bf98c690703a93cf14e5e340fb23e008a7192a9
4982,1764562612.1787882,0.000021710,0.000015389,0.000025587,0.000017883,0.000026128,0.000037269,12899a1d28cce94fed1f6c0ada53e3526b5058dd7632ce7c37eb983a3f6e2620
4983,1764562612.1801915,0.000033001,0.000014737,0.000027541,0.000019095,0.000037299,0.000047317,3da6a785682f9bde4f187bdda98f80263a87d12c752f7bc30ce6223be4007a79
4984,1764562612.181612,0.000022893,0.000014798,0.000025507,0.000021650,0.000035636,0.000048490,63784be6188f32276adc232897b909c28e7e8044bba379ce198595e2707d73bc
4985,1764562612.1830945,0.000023484,0.000015659,0.000027421,0.000019966,0.000037399,0.000046346,f3004f3d6281453fe6dbe3223389371f207e03943f987ff58b6f9fa269595692
4986,1764562612.184904,0.000023473,0.000014767,0.000030256,0.000027350,0.000054921,0.000079387,af8e2f7324185bfd17491a027cffd7f22d3bfc3760ad72c2a7335da5d04d0f02
4987,1764562612.1862094,0.000022572,0.000016791,0.000022762,0.000018815,0.000026228,0.000047317,84fec89a066f3912aa94ef334a2ed463d6ab5b23ca0cee1f41a57b5088648997
4988,1764562612.1874342,0.000023654,0.000015068,0.000020147,0.000016932,0.000023133,0.000035886,46655b2fc65a210829bea0f9b81c47636ca1c800042cfb2acaba257c15fb24e5
4989,1764562612.1886752,0.000020548,0.000014597,0.000023814,0.000021520,0.000025848,0.000042969,577fe53261909fb82a7093d14ae12989811d9022d871b19d49a76e42e2a7fa0c
4990,1764562612.1903899,0.000025307,0.000016380,0.000027281,0.000027200,0.000055102,0.000078045,6a2091ca52e933e3cfc787e5751c6464d3a46ad8cfc478462a27c01662f2909c
4991,1764562612.1933703,0.000031608,0.000016681,0.000084386,0.000045885,0.000088914,0.000099995,34752dcd6d61d2b82bf3a3d846a8f0aebd4e9bff5a719be8c8bfd1e00afc7d6a
4992,1764562612.196146,0.000037770,0.000017763,0.000037269,0.000031658,0.000072133,0.000070700,3f2fe57771e7ccb21b50bc0e8bbc17efbef050b7c41b3418996c6c3aae50492a
4993,1764562612.1979802,0.000035155,0.000017532,0.000022933,0.000024766,0.000043029,0.000068677,771aa1fbd9dc599562b328e753bbcc44aacd956d20b9e55c276ad3e5143d5c4e
4994,1764562612.199488,0.000024415,0.000015388,0.000024305,0.000021169,0.000033652,0.000048489,8ae0558ce2f84aab0a909a18c74a96c6f2a5297a03e436c54a3ec80561135688
4995,1764562612.2008383,0.000029796,0.000015719,0.000021260,0.000017412,0.000026229,0.000044452,e1b3580b53aef8e36ffb4e294f5851a96f0b43f9e44c508acabfebf02fafd425
4996,1764562612.2022517,0.000022652,0.000015398,0.000033492,0.000018344,0.000027791,0.000040595,b1f84f6b83032c165c721a8c12480d754acb4bf601391001af51b232cd568c79
4997,1764562612.2043803,0.000027230,0.000015960,0.000038702,0.000031809,0.000067013,0.000085588,501e7bae7aec6be70cb48744fe248d6c11ecd811822ab590583bc053d28ab1ff
4998,1764562612.2065098,0.000031468,0.000016581,0.000031228,0.000028042,0.000039022,0.000066683,73ea1ef7185ab352aa2cb4bcaf33459d630cdb4ff1058fb365b6596014492e03
4999,1764562612.2081773,0.000028643,0.000015178,0.000043801,0.000020568,0.000030055,0.000048299,05acee97202a220be551595805726986bb4f850d6d56106611fdbf7a149fd057
5000,1764562612.2103024,0.000047998,0.000041707,0.000021801,0.000030877,0.000037199,0.000057547,98d3de1c1d26551aa47d16606ac1bd2d68f0b7b879acc77a5006ae9a4464cae3
