Iteration,timestamp,client_keygen_s,client_enc_s,client_dec_s,server_enc_s,server_dec_s,ciphertext_bytes
1,1764562625.5809197,0.017330690,0.000505153,0.000866100,0.000046366,0.000608314,512
2,1764562625.6493914,0.064298485,0.000119591,0.000448589,0.000079387,0.000450132,512
3,1764562625.6806817,0.028182579,0.000053459,0.000444211,0.000036357,0.000388277,512
4,1764562625.7198622,0.034784967,0.000065461,0.000839962,0.000088403,0.000512948,512
5,1764562625.7441576,0.021119279,0.000053479,0.000457465,0.000040355,0.000254070,512
6,1764562625.7525716,0.005876808,0.000038932,0.000429132,0.000033742,0.000404488,512
7,1764562625.8196785,0.062204036,0.000077714,0.000890445,0.000068647,0.000481259,512
8,1764562625.838123,0.014268482,0.000083614,0.000943032,0.000069939,0.000470649,512
9,1764562625.8666923,0.025207733,0.000084386,0.000455481,0.000045183,0.000429904,512
10,1764562625.8847175,0.013995056,0.000076461,0.000646504,0.000074097,0.000448929,512
11,1764562625.9255805,0.036820218,0.000133296,0.000496537,0.000069098,0.000274006,512
12,1764562625.9509163,0.019670453,0.000174373,0.001061060,0.000047117,0.000254189,512
13,1764562625.9658952,0.010990977,0.000103652,0.000792494,0.000043069,0.000258828,512
14,1764562626.0072627,0.036177290,0.000141752,0.000803635,0.000042178,0.000262545,512
15,1764562626.1042478,0.092983372,0.000131703,0.000481149,0.000040955,0.000282542,512
16,1764562626.170212,0.061252027,0.000097290,0.000914981,0.000037610,0.000238070,512
17,1764562626.2066946,0.031861757,0.000093092,0.000682130,0.000089335,0.000537092,512
18,1764562626.3000474,0.089545200,0.000118068,0.000457064,0.000041296,0.000419626,512
19,1764562626.3527095,0.049066203,0.000088484,0.000464067,0.000068857,0.000523287,512
20,1764562626.4080627,0.051115369,0.000087401,0.001047064,0.000064609,0.000430756,512
21,1764562626.4622352,0.049300095,0.000137083,0.001244759,0.000038972,0.000242498,512
22,1764562626.506282,0.040348747,0.000132575,0.000451715,0.000035235,0.000393918,512
23,1764562626.5354726,0.025043970,0.000052006,0.000768049,0.000122556,0.000622290,512
24,1764562626.5880196,0.047639798,0.000078415,0.001171094,0.000041927,0.000281570,512
25,1764562626.6168816,0.024823954,0.000051174,0.001061671,0.000087191,0.000541800,512
26,1764562626.6625123,0.042276949,0.000068266,0.000464358,0.000035796,0.000259069,512
27,1764562626.6986442,0.031756162,0.000076050,0.000862243,0.000086470,0.000522405,512
28,1764562626.726433,0.024475310,0.000047538,0.000696527,0.000039223,0.000256644,512
29,1764562626.7601616,0.030772745,0.000072824,0.000467503,0.000034273,0.000229164,512
30,1764562626.7999706,0.036292823,0.000119330,0.000458357,0.000036908,0.000260581,512
31,1764562626.8197076,0.016477514,0.000051305,0.000461523,0.000040615,0.000357240,512
32,1764562626.8420887,0.019120476,0.000064990,0.000454460,0.000065431,0.000437999,512
33,1764562626.882021,0.036271133,0.000090367,0.000446525,0.000032680,0.000665871,512
34,1764562626.925287,0.039160892,0.000082573,0.001085165,0.000037970,0.000244442,512
35,1764562626.9432752,0.014648665,0.000060382,0.000452656,0.000039603,0.000288553,512
36,1764562626.973357,0.025853246,0.000094996,0.000474015,0.000044582,0.000464648,512
37,1764562627.036326,0.059053635,0.000125752,0.000465530,0.000036307,0.000239333,512
38,1764562627.132196,0.091238258,0.000097090,0.000769953,0.000047007,0.000450673,512
39,1764562627.1496234,0.013594336,0.000075870,0.000446575,0.000042709,0.000472112,512
40,1764562627.1808367,0.027414830,0.000097601,0.000441596,0.000042408,0.000475859,512
41,1764562627.2083747,0.024931663,0.000049582,0.000434913,0.000033331,0.000275408,512
42,1764562627.2522051,0.040373703,0.000059800,0.000497208,0.000040104,0.000274156,512
43,1764562627.2718518,0.016589189,0.000044121,0.000440844,0.000058559,0.000431798,512
44,1764562627.3174217,0.042269776,0.000057967,0.000442637,0.000081591,0.000534768,512
45,1764562627.3463085,0.025635783,0.000068076,0.000449801,0.000039574,0.000402533,512
46,1764562627.3684623,0.018247804,0.000072524,0.000561076,0.000059350,0.000456213,512
47,1764562627.3860157,0.014295832,0.000109162,0.000440965,0.000048480,0.000338245,512
48,1764562627.4120889,0.022961322,0.000075780,0.000445132,0.000045694,0.000245113,512
49,1764562627.45565,0.039443014,0.000112558,0.000448669,0.000041106,0.000413995,512
50,1764562627.5038493,0.044222985,0.000087251,0.000667123,0.000039694,0.000341160,512
51,1764562627.5334363,0.026564790,0.000070861,0.000442577,0.000034344,0.000420447,512
52,1764562627.552844,0.016425748,0.000043651,0.000440925,0.000036187,0.000331994,512
53,1764562627.5735111,0.017602622,0.000042959,0.000630955,0.000039273,0.000280849,512
54,1764562627.6051006,0.028855803,0.000064810,0.000450753,0.000035926,0.000238872,512
55,1764562627.6234088,0.015455585,0.000049411,0.000431898,0.000032891,0.000368501,512
56,1764562627.6528044,0.026229301,0.000059981,0.000487140,0.000039583,0.000280168,512
57,1764562627.7136886,0.056950360,0.000090778,0.000455702,0.000039222,0.000443940,512
58,1764562627.755555,0.038665026,0.000051926,0.000443079,0.000038671,0.000418133,512
59,1764562627.783221,0.024928086,0.000055021,0.000444602,0.000034113,0.000268016,512
60,1764562627.8031855,0.016923036,0.000057677,0.000454680,0.000035586,0.000227510,512
61,1764562627.8322074,0.025682150,0.000071452,0.000442448,0.000065020,0.000445143,512
62,1764562627.8721862,0.036075752,0.000085068,0.000803475,0.000080619,0.000538064,512
63,1764562627.8993688,0.024423964,0.000063477,0.000440704,0.000036647,0.000420427,512
64,1764562627.9264479,0.023571510,0.000071241,0.000689384,0.000042128,0.000288133,512
65,1764562627.9530838,0.022645829,0.000068847,0.000828100,0.000054841,0.000652085,512
66,1764562627.991278,0.034866588,0.000067334,0.000673064,0.000056154,0.000237138,512
67,1764562628.022079,0.027359248,0.000054311,0.000459358,0.000043780,0.000409977,512
68,1764562628.0697398,0.044327558,0.000081521,0.000452796,0.000042729,0.000249221,512
69,1764562628.0891335,0.016414076,0.000053018,0.000443699,0.000036547,0.000329038,512
70,1764562628.102885,0.010696723,0.000046666,0.000700444,0.000033452,0.000215849,512
71,1764562628.1433287,0.036669248,0.000047448,0.001106644,0.000086830,0.000432248,512
72,1764562628.1575015,0.011499827,0.000043961,0.000433722,0.000032229,0.000304954,512
73,1764562628.1921697,0.031789453,0.000049190,0.000440063,0.000084786,0.000429513,512
74,1764562628.2568297,0.061431979,0.000057567,0.000440804,0.000064098,0.000421098,512
75,1764562628.276381,0.016774211,0.000044943,0.000445203,0.000065190,0.000366297,512
76,1764562628.3472269,0.067507785,0.000072293,0.000452617,0.000035536,0.000281761,512
77,1764562628.361229,0.010942667,0.000041577,0.000448008,0.000092601,0.000510132,512
78,1764562628.3911996,0.027375648,0.000043700,0.000439672,0.000062826,0.000416820,512
79,1764562628.4053195,0.010865084,0.000048530,0.000738454,0.000040886,0.000243440,512
80,1764562628.4203057,0.012206703,0.000063087,0.000444892,0.000040314,0.000222390,512
81,1764562628.4352965,0.011294598,0.000055542,0.000725320,0.000050864,0.000362088,512
82,1764562628.4831796,0.043749430,0.000101728,0.000645794,0.000039834,0.000416700,512
83,1764562628.506398,0.019943707,0.000056945,0.000454770,0.000064640,0.000430235,512
84,1764562628.5210793,0.011772450,0.000048129,0.000440774,0.000037720,0.000417000,512
85,1764562628.5414746,0.017762157,0.000050393,0.000435976,0.000033301,0.000342783,512
86,1764562628.5786598,0.034292057,0.000107840,0.000446866,0.000039112,0.000235294,512
87,1764562628.657667,0.076282978,0.000064129,0.000445163,0.000035275,0.000230126,512
88,1764562628.6762218,0.015876152,0.000053038,0.000453277,0.000034284,0.000230596,512
89,1764562628.6900783,0.011430018,0.000056665,0.000442889,0.000034323,0.000218143,512
90,1764562628.738359,0.044860522,0.000087462,0.000462514,0.000038331,0.000256123,512
91,1764562628.7713099,0.029303410,0.000076812,0.000469176,0.000041397,0.000247938,512
92,1764562628.799196,0.025315412,0.000074618,0.000445032,0.000033722,0.000220868,512
93,1764562628.8501952,0.048487313,0.000056224,0.000452416,0.000033933,0.000227110,512
94,1764562628.889039,0.035951994,0.000060201,0.000450663,0.000039984,0.000260001,512
95,1764562628.9364438,0.044022614,0.000080038,0.000471862,0.000036497,0.000238581,512
96,1764562628.9558039,0.015569726,0.000076812,0.000458848,0.000044392,0.000283333,512
97,1764562629.0140624,0.054895092,0.000080870,0.000457375,0.000033822,0.000475458,512
98,1764562629.0330548,0.016018967,0.000071242,0.000448920,0.000035115,0.000244562,512
99,1764562629.0466442,0.010582683,0.000052667,0.000453368,0.000040314,0.000233311,512
100,1764562629.0694003,0.020175817,0.000044062,0.000442387,0.000037770,0.000231888,512
101,1764562629.0889094,0.016391555,0.000061033,0.000463546,0.000039152,0.000244291,512
102,1764562629.1156588,0.024209930,0.000063537,0.000450863,0.000034082,0.000220006,512
103,1764562629.1646163,0.045888662,0.000068436,0.000440073,0.000038601,0.000246716,512
104,1764562629.2016456,0.034516892,0.000049551,0.000441656,0.000034053,0.000233572,512
105,1764562629.2795541,0.074675758,0.000071883,0.000454460,0.000037850,0.000237158,512
106,1764562629.3086843,0.026708816,0.000047899,0.000436757,0.000033622,0.000219876,512
107,1764562629.3721728,0.060196878,0.000085358,0.000448108,0.000036898,0.000238801,512
108,1764562629.3961973,0.020084617,0.000077513,0.000496768,0.000044743,0.000271972,512
109,1764562629.4479625,0.047893727,0.000102179,0.000459910,0.000041697,0.000266712,512
110,1764562629.5039392,0.051884099,0.000130461,0.000469297,0.000041546,0.000244652,512
111,1764562629.5359154,0.028878474,0.000077904,0.000453838,0.000058548,0.000289455,512
112,1764562629.5540156,0.015622503,0.000046145,0.000445122,0.000036147,0.000232509,512
113,1764562629.5713527,0.013688029,0.000048710,0.001087709,0.000033952,0.000226248,512
114,1764562629.6146762,0.039414450,0.000085929,0.000898700,0.000078585,0.000539076,512
115,1764562629.6299787,0.011334461,0.000049231,0.000451774,0.000077854,0.000538745,512
116,1764562629.6707368,0.037339217,0.000071692,0.000451775,0.000042028,0.000470128,512
117,1764562629.6851113,0.011100870,0.000041857,0.000445954,0.000078054,0.000516163,512
118,1764562629.7282119,0.039866095,0.000047849,0.000442908,0.000033752,0.000484576,512
119,1764562629.774976,0.043343169,0.000053258,0.000450362,0.000080750,0.000547502,512
120,1764562629.78695,0.008700104,0.000051976,0.000447126,0.000037800,0.000245013,512
121,1764562629.8275328,0.037092510,0.000054331,0.000858045,0.000042689,0.000297991,512
122,1764562629.862477,0.032170577,0.000052147,0.000434082,0.000035475,0.000228572,512
123,1764562629.8744602,0.009474084,0.000042018,0.000434303,0.000062175,0.000409025,512
124,1764562629.9300601,0.052162974,0.000108801,0.000462754,0.000036287,0.000262705,512
125,1764562629.9600556,0.026574188,0.000062696,0.000465410,0.000067895,0.000423763,512
126,1764562630.0201743,0.055983764,0.000145799,0.000476139,0.000037099,0.000386914,512
127,1764562630.049821,0.026791790,0.000048099,0.000457655,0.000086219,0.000432970,512
128,1764562630.115131,0.061449382,0.000102490,0.000597985,0.000040635,0.000327075,512
129,1764562630.147598,0.028924069,0.000065852,0.000614365,0.000032530,0.000487831,512
130,1764562630.202812,0.051082167,0.000066342,0.000670438,0.000068667,0.000505584,512
131,1764562630.298504,0.092090934,0.000080829,0.000456143,0.000035706,0.000414286,512
132,1764562630.3185198,0.016892269,0.000046937,0.000455021,0.000082643,0.000433812,512
133,1764562630.342237,0.020440525,0.000048720,0.000768119,0.000065611,0.000416409,512
134,1764562630.3663862,0.020924059,0.000060251,0.000449040,0.000063688,0.000424434,512
135,1764562630.3884826,0.018328453,0.000045564,0.001041004,0.000067454,0.000433881,512
136,1764562630.4086955,0.017508819,0.000051746,0.000434984,0.000036087,0.000414465,512
137,1764562630.4495733,0.037261302,0.000116035,0.000441847,0.000036046,0.000360295,512
138,1764562630.4712803,0.017716011,0.000072594,0.000465770,0.000047087,0.000471351,512
139,1764562630.5011456,0.026861809,0.000054170,0.000447567,0.000038862,0.000449911,512
140,1764562630.5364664,0.031280232,0.000065521,0.000720261,0.000076722,0.000459519,512
141,1764562630.587893,0.047520577,0.000079306,0.000462244,0.000038190,0.000259349,512
142,1764562630.638221,0.046732641,0.000082392,0.000521213,0.000041146,0.000280248,512
143,1764562630.6647637,0.022088910,0.000071322,0.000585913,0.000095557,0.000608224,512
144,1764562630.6958883,0.027895649,0.000114020,0.000569532,0.000038682,0.000233171,512
145,1764562630.7128925,0.013817960,0.000081962,0.000680327,0.000064930,0.000338615,512
146,1764562630.7409425,0.024962470,0.000082162,0.000442478,0.000063708,0.000430535,512
147,1764562630.774789,0.030537410,0.000061754,0.000439452,0.000035075,0.000334127,512
148,1764562630.8169482,0.038715409,0.000065952,0.000453408,0.000062646,0.000378169,512
149,1764562630.850463,0.030368587,0.000063267,0.000448308,0.000034624,0.000433170,512
150,1764562630.8784235,0.024482072,0.000056575,0.000677051,0.000038011,0.000255272,512
151,1764562630.8982413,0.016421049,0.000063388,0.000441747,0.000042268,0.000429463,512
152,1764562630.9251363,0.023403349,0.000071252,0.000611199,0.000038251,0.000423893,512
153,1764562630.9498136,0.020766007,0.000057026,0.001017149,0.000059470,0.000354865,512
154,1764562630.9784958,0.024402314,0.000063558,0.000950957,0.000039934,0.000346460,512
155,1764562630.998182,0.015671824,0.000045033,0.000897208,0.000075660,0.000494453,512
156,1764562631.0171578,0.015223837,0.000047448,0.001073083,0.000067324,0.000438951,512
157,1764562631.0701718,0.049106427,0.000081331,0.000463767,0.000042619,0.000323738,512
158,1764562631.0951147,0.021913697,0.000064129,0.000451525,0.000036267,0.000253518,512
159,1764562631.1229184,0.023444686,0.000060051,0.001026546,0.000068226,0.000458076,512
160,1764562631.1452425,0.018891193,0.000044162,0.000672101,0.000059159,0.000273906,512
161,1764562631.166193,0.018039790,0.000065741,0.000443790,0.000033171,0.000441506,512
162,1764562631.198557,0.028811942,0.000112929,0.000442818,0.000036177,0.000270009,512
163,1764562631.2105055,0.009425995,0.000043550,0.000495806,0.000037229,0.000238090,512
164,1764562631.2340431,0.021141551,0.000047328,0.000448198,0.000034544,0.000236937,512
165,1764562631.2540388,0.017377446,0.000049592,0.000446404,0.000035025,0.000220908,512
166,1764562631.3218877,0.064618527,0.000165706,0.000453548,0.000037759,0.000231658,512
167,1764562631.340747,0.016019237,0.000057095,0.000440504,0.000064489,0.000420287,512
168,1764562631.3515801,0.007995543,0.000042308,0.000446485,0.000063387,0.000414415,512
169,1764562631.4029925,0.047880462,0.000096749,0.000469477,0.000051855,0.000231447,512
170,1764562631.4505436,0.044562101,0.000084125,0.000479546,0.000036347,0.000249241,512
171,1764562631.474597,0.020231800,0.000139097,0.000488733,0.000036477,0.000230657,512
172,1764562631.4967544,0.017695103,0.000096839,0.000873765,0.000041807,0.000337223,512
173,1764562631.5174453,0.017503208,0.000046325,0.000440153,0.000084195,0.000529438,512
174,1764562631.5329869,0.012467104,0.000050353,0.000442858,0.000032720,0.000524288,512
175,1764562631.5633562,0.026182123,0.000089896,0.000900183,0.000079397,0.000519560,512
176,1764562631.589481,0.023357885,0.000054691,0.000434983,0.000032470,0.000274377,512
177,1764562631.6146748,0.022092828,0.000056734,0.000439702,0.000032530,0.000496738,512
178,1764562631.6462033,0.027405493,0.000048089,0.000847275,0.000080439,0.000539917,512
179,1764562631.7038429,0.053404828,0.000075669,0.000785832,0.000066393,0.000436205,512
180,1764562631.7881913,0.079963728,0.000074778,0.000774641,0.000037009,0.000241105,512
181,1764562631.8306186,0.038832194,0.000066743,0.000446515,0.000070561,0.000457526,512
182,1764562631.891525,0.057288865,0.000085358,0.000838569,0.000091058,0.000329960,512
183,1764562631.9612353,0.066008895,0.000119120,0.000463176,0.000047457,0.000257376,512
184,1764562632.014726,0.049264419,0.000066092,0.000737572,0.000083364,0.000570905,512
185,1764562632.0255117,0.006652661,0.000054691,0.000903489,0.000078575,0.000512316,512
186,1764562632.0392768,0.010427715,0.000062134,0.000454690,0.000063357,0.000438090,512
187,1764562632.0576456,0.014636863,0.000043690,0.001059818,0.000077262,0.000510503,512
188,1764562632.0848267,0.023672897,0.000079887,0.000469548,0.000065602,0.000443249,512
189,1764562632.1572216,0.068528991,0.000104593,0.000447116,0.000035606,0.000317487,512
190,1764562632.1781113,0.017988324,0.000048530,0.000475489,0.000037990,0.000239373,512
191,1764562632.2104523,0.028726494,0.000051895,0.000653678,0.000039693,0.000376576,512
192,1764562632.2377822,0.024143456,0.000067525,0.000480668,0.000038812,0.000246696,512
193,1764562632.2963333,0.055139864,0.000071552,0.000461613,0.000033151,0.000441977,512
194,1764562632.3557835,0.055759389,0.000062576,0.000762698,0.000041387,0.000269207,512
195,1764562632.3687267,0.009518216,0.000055523,0.000437819,0.000039823,0.000243069,512
196,1764562632.3824298,0.010537398,0.000045314,0.000434894,0.000077593,0.000525270,512
197,1764562632.4273403,0.040785283,0.000093282,0.000464789,0.000062766,0.000550838,512
198,1764562632.4702601,0.038976632,0.000066323,0.000495986,0.000061553,0.000283344,512
199,1764562632.51714,0.043787670,0.000076381,0.000457435,0.000035215,0.000238521,512
200,1764562632.5417984,0.022123605,0.000050103,0.000442999,0.000037059,0.000226238,512
201,1764562632.602439,0.057744387,0.000081640,0.000456153,0.000050964,0.000234824,512
202,1764562632.6212373,0.015403840,0.000132074,0.000465390,0.000039643,0.000266542,512
203,1764562632.6496475,0.025855920,0.000054811,0.000447517,0.000034223,0.000225657,512
204,1764562632.694342,0.041474937,0.000085298,0.000456814,0.000035606,0.000253328,512
205,1764562632.747883,0.049512127,0.000066763,0.000776575,0.000079497,0.000542552,512
206,1764562632.7835932,0.032620218,0.000058378,0.000436938,0.000065091,0.000431808,512
207,1764562632.8459105,0.058486998,0.000066523,0.000460711,0.000072815,0.000471772,512
208,1764562632.877923,0.027930703,0.000049051,0.000850972,0.000041737,0.000400099,512
209,1764562632.894244,0.012370575,0.000040464,0.000815967,0.000080970,0.000511314,512
210,1764562632.9507873,0.052104637,0.000094144,0.000920701,0.000074347,0.000455301,512
211,1764562632.9758997,0.021939835,0.000068687,0.000543474,0.000034063,0.000232449,512
212,1764562633.0034883,0.023409791,0.000062055,0.000751679,0.000081550,0.000539146,512
213,1764562633.0224066,0.015595674,0.000054871,0.000444882,0.000038451,0.000480417,512
214,1764562633.0811021,0.055135185,0.000064309,0.000441656,0.000042549,0.000535890,512
215,1764562633.1303217,0.046179650,0.000066302,0.000438120,0.000033942,0.000340609,512
216,1764562633.2267585,0.092204714,0.000078334,0.000880497,0.000073986,0.000426358,512
217,1764562633.2831929,0.051739411,0.000097611,0.000683553,0.000085308,0.000550517,512
218,1764562633.312368,0.025197363,0.000077323,0.000870128,0.000068406,0.000301617,512
219,1764562633.328681,0.012994097,0.000074748,0.000467764,0.000037058,0.000233311,512
220,1764562633.383697,0.051107414,0.000130621,0.000466822,0.000040756,0.000428161,512
221,1764562633.402951,0.015951592,0.000102509,0.000491278,0.000035034,0.000225557,512
222,1764562633.4658456,0.058690825,0.000115122,0.000754684,0.000035816,0.000248970,512
223,1764562633.564214,0.093933257,0.000096178,0.000762459,0.000043581,0.000279135,512
224,1764562633.5819468,0.013298911,0.000065872,0.000675077,0.000070430,0.000483523,512
225,1764562633.6092741,0.023288647,0.000071853,0.001143212,0.000037520,0.000448269,512
226,1764562633.6230779,0.009993052,0.000081671,0.000833741,0.000038691,0.000257206,512
227,1764562633.6549923,0.027797868,0.000115533,0.000463546,0.000041827,0.000323187,512
228,1764562633.669133,0.010942727,0.000068898,0.000471802,0.000069668,0.000433571,512
229,1764562633.7547686,0.081252068,0.000072684,0.000662525,0.000070901,0.000480658,512
230,1764562633.8025498,0.043422506,0.000077784,0.001240072,0.000043230,0.000262175,512
231,1764562633.8430285,0.036027272,0.000118579,0.000839491,0.000077734,0.000460300,512
232,1764562633.909039,0.062007994,0.000128738,0.000469007,0.000069398,0.000444231,512
233,1764562633.9246328,0.011360088,0.000063798,0.001014884,0.000082372,0.000412462,512
234,1764562634.007459,0.079648856,0.000089575,0.000446495,0.000035485,0.000232299,512
235,1764562634.0312662,0.020883242,0.000076271,0.000452296,0.000033593,0.000225436,512
236,1764562634.0688007,0.034107436,0.000061583,0.000467033,0.000061042,0.000277022,512
237,1764562634.081974,0.010940864,0.000041316,0.000435725,0.000034724,0.000216330,512
238,1764562634.105011,0.020871943,0.000051244,0.000440925,0.000032259,0.000211480,512
239,1764562634.1372068,0.029462955,0.000057386,0.000449961,0.000036758,0.000228872,512
240,1764562634.158136,0.018754320,0.000045014,0.000443309,0.000032029,0.000216059,512
241,1764562634.23819,0.076789924,0.000076561,0.000449130,0.000035135,0.000230816,512
242,1764562634.2674074,0.026692386,0.000049151,0.000475589,0.000034504,0.000231437,512
243,1764562634.3047917,0.034262852,0.000088533,0.000439472,0.000038741,0.000249752,512
244,1764562634.3212376,0.013755204,0.000099023,0.000443159,0.000033552,0.000219826,512
245,1764562634.415329,0.090539296,0.000124771,0.000530290,0.000039593,0.000245654,512
246,1764562634.441243,0.022498698,0.000077203,0.000450693,0.000037279,0.000238971,512
247,1764562634.4602728,0.015447269,0.000084315,0.000467514,0.000036657,0.000241285,512
248,1764562634.5004783,0.036776637,0.000069088,0.000466512,0.000035877,0.000245744,512
249,1764562634.5538092,0.050205278,0.000053288,0.000484004,0.000066513,0.000233431,512
250,1764562634.590701,0.034238237,0.000071632,0.000435464,0.000032950,0.000223142,512
251,1764562634.615738,0.022745584,0.000048320,0.000442047,0.000033331,0.000216971,512
252,1764562634.6321933,0.013617960,0.000080108,0.000450552,0.000035556,0.000229915,512
253,1764562634.6631305,0.028176859,0.000050664,0.000448238,0.000038171,0.000240705,512
254,1764562634.7056947,0.040017053,0.000066734,0.000446235,0.000033892,0.000221650,512
255,1764562634.7199821,0.011528810,0.000055513,0.000445233,0.000040835,0.000228693,512
256,1764562634.789312,0.066299202,0.000077403,0.000448138,0.000036787,0.000252997,512
257,1764562634.8147929,0.022861378,0.000052126,0.000442117,0.000032090,0.000430465,512
258,1764562634.8504076,0.032959014,0.000062956,0.000442898,0.000036167,0.000239112,512
259,1764562634.8629277,0.010003773,0.000050223,0.000440333,0.000034323,0.000239562,512
260,1764562634.8786123,0.013040412,0.000056354,0.000432109,0.000033091,0.000220508,512
261,1764562634.9381871,0.055785026,0.000090487,0.000472593,0.000041897,0.000268627,512
262,1764562634.9688275,0.027684399,0.000051786,0.000443700,0.000035857,0.000226488,512
263,1764562635.028642,0.055435931,0.000065121,0.000997623,0.000076922,0.000415758,512
264,1764562635.0588725,0.026973996,0.000048790,0.000514350,0.000033442,0.000494674,512
265,1764562635.0752945,0.013411138,0.000043310,0.000441917,0.000078686,0.000522165,512
266,1764562635.1007707,0.022192041,0.000068416,0.000444411,0.000041346,0.000533776,512
267,1764562635.1128516,0.009192483,0.000044232,0.000434202,0.000036557,0.000299012,512
268,1764562635.1344407,0.018973735,0.000041887,0.000430986,0.000034464,0.000307959,512
269,1764562635.1743698,0.036005693,0.000046336,0.000941309,0.000080519,0.000534257,512
270,1764562635.2169416,0.039421133,0.000057547,0.000450502,0.000064469,0.000419966,512
271,1764562635.2357483,0.015351502,0.000050313,0.000719379,0.000038752,0.000242768,512
272,1764562635.255515,0.015980284,0.000078024,0.001056152,0.000064659,0.000418633,512
273,1764562635.292883,0.033771054,0.000076942,0.000449280,0.000065330,0.000446885,512
274,1764562635.321859,0.024200041,0.000093583,0.000854589,0.000074448,0.000456023,512
275,1764562635.3395853,0.013534887,0.000109342,0.001087029,0.000045163,0.000270099,512
276,1764562635.3545635,0.011660554,0.000070700,0.000457986,0.000039333,0.000246946,512
277,1764562635.3771276,0.019418296,0.000061644,0.000475178,0.000042108,0.000264479,512
278,1764562635.4156709,0.035264934,0.000092230,0.000455181,0.000038992,0.000229684,512
279,1764562635.439196,0.019857809,0.000108160,0.000482582,0.000043661,0.000265430,512
280,1764562635.470626,0.027664692,0.000066953,0.000502579,0.000077854,0.000346931,512
281,1764562635.5095563,0.035052492,0.000118579,0.000454389,0.000040174,0.000261183,512
282,1764562635.5775316,0.063275936,0.000130521,0.000889212,0.000075350,0.000509181,512
283,1764562635.5969555,0.015745881,0.000068576,0.000734698,0.000035506,0.000238070,512
284,1764562635.7178862,0.117248163,0.000079787,0.000482161,0.000069850,0.000415388,512
285,1764562635.7516854,0.030538101,0.000058428,0.000457475,0.000040765,0.000232319,512
286,1764562635.7694538,0.013822558,0.000041456,0.000792575,0.000082112,0.000430035,512
287,1764562635.819632,0.046910680,0.000047888,0.000445443,0.000039864,0.000505354,512
288,1764562635.858976,0.036246237,0.000045304,0.000452937,0.000090027,0.000520622,512
289,1764562635.8975065,0.035135906,0.000054732,0.000436687,0.000033061,0.000803114,512
290,1764562635.9467034,0.045935939,0.000083204,0.000446194,0.000041727,0.000260782,512
291,1764562635.99459,0.043536797,0.000059780,0.000992473,0.000046155,0.000457064,512
292,1764562636.0137951,0.015596206,0.000051556,0.000961076,0.000066272,0.000437428,512
293,1764562636.0602043,0.042952698,0.000053108,0.000749385,0.000035326,0.000229674,512
294,1764562636.121744,0.057873595,0.000082823,0.000440424,0.000067595,0.000429754,512
295,1764562636.1637597,0.038807328,0.000059691,0.000433220,0.000062876,0.000444101,512
296,1764562636.1896417,0.022806356,0.000059810,0.000629514,0.000034163,0.000227249,512
297,1764562636.2238793,0.030854405,0.000074408,0.000446184,0.000040425,0.000526593,512
298,1764562636.2576816,0.031019059,0.000052938,0.000442938,0.000033261,0.000246726,512
299,1764562636.2876017,0.026981501,0.000053389,0.000447747,0.000035265,0.000335259,512
300,1764562636.3046732,0.013269917,0.000062145,0.000834893,0.000080118,0.000523537,512
301,1764562636.4304962,0.121160622,0.000148264,0.001130218,0.000041497,0.000247868,512
302,1764562636.4632504,0.028393178,0.000090978,0.000803284,0.000081911,0.000533956,512
303,1764562636.4976804,0.029943473,0.000072454,0.001109300,0.000039132,0.000256393,512
304,1764562636.5310476,0.030194977,0.000050854,0.000445103,0.000081270,0.000527305,512
305,1764562636.5786576,0.044789401,0.000126264,0.000447537,0.000035095,0.000227851,512
306,1764562636.5960395,0.014702384,0.000051335,0.000449390,0.000073195,0.000222311,512
307,1764562636.6270301,0.027752364,0.000050263,0.000451444,0.000090518,0.000514020,512
308,1764562636.6491587,0.019640627,0.000045024,0.000444792,0.000035526,0.000220627,512
309,1764562636.6753426,0.023786326,0.000055322,0.000457937,0.000032720,0.000218894,512
310,1764562636.706402,0.027819398,0.000086971,0.000461322,0.000033943,0.000236677,512
311,1764562636.7423067,0.033285857,0.000054270,0.000445543,0.000034734,0.000223032,512
312,1764562636.7599328,0.015305989,0.000047178,0.000470759,0.000034264,0.000226208,512
313,1764562636.7920866,0.029737301,0.000046937,0.000455541,0.000034263,0.000226839,512
314,1764562636.818627,0.023869490,0.000053038,0.000444041,0.000033862,0.000220778,512
315,1764562636.842082,0.020797425,0.000055343,0.000455382,0.000036568,0.000229945,512
316,1764562636.8860192,0.041084957,0.000051395,0.000453027,0.000039663,0.000239373,512
317,1764562636.9228728,0.034171293,0.000060892,0.000441295,0.000039974,0.000226799,512
318,1764562636.9383037,0.012726382,0.000058147,0.000449089,0.000034113,0.000233291,512
319,1764562636.9731114,0.032261635,0.000058287,0.000447406,0.000034304,0.000222832,512
320,1764562636.996231,0.020018405,0.000064830,0.000458668,0.000036437,0.000257446,512
321,1764562637.0240066,0.025058597,0.000057777,0.000438701,0.000032951,0.000438350,512
322,1764562637.060031,0.033104302,0.000058418,0.000454960,0.000034584,0.000220828,512
323,1764562637.1583722,0.095693018,0.000055522,0.000441776,0.000034143,0.000224905,512
324,1764562637.1764753,0.015417815,0.000045123,0.000447938,0.000032840,0.000220126,512
325,1764562637.2075655,0.028155349,0.000078805,0.000441927,0.000034975,0.000228973,512
326,1764562637.2218368,0.011700056,0.000047177,0.000451524,0.000035445,0.000228562,512
327,1764562637.2372415,0.013098200,0.000045183,0.000436797,0.000033271,0.000221880,512
328,1764562637.2508523,0.011569785,0.000039332,0.000435064,0.000032811,0.000219957,512
329,1764562637.2745156,0.021508428,0.000042358,0.000433822,0.000032150,0.000211160,512
330,1764562637.3085415,0.031738409,0.000043340,0.000433902,0.000034514,0.000213624,512
331,1764562637.344247,0.032707048,0.000046967,0.000446284,0.000038381,0.000242278,512
332,1764562637.364997,0.018573807,0.000040656,0.000445673,0.000034073,0.000220247,512
333,1764562637.4054594,0.038163970,0.000049591,0.000433230,0.000032670,0.000216230,512
334,1764562637.4189923,0.010707032,0.000042308,0.000442347,0.000073566,0.000419035,512
335,1764562637.4565148,0.034138443,0.000076040,0.000444331,0.000037069,0.000250162,512
336,1764562637.4795892,0.018398513,0.000077483,0.000653136,0.000065080,0.000464037,512
337,1764562637.5227077,0.040038213,0.000076101,0.000536562,0.000038742,0.000252106,512
338,1764562637.561474,0.035682836,0.000061583,0.000452115,0.000036747,0.000229844,512
339,1764562637.5751014,0.011066556,0.000048439,0.000448238,0.000033031,0.000354835,512
340,1764562637.624626,0.045346049,0.000056474,0.000967768,0.000077854,0.000516184,512
341,1764562637.6423566,0.014994052,0.000046947,0.000436096,0.000041547,0.000367890,512
342,1764562637.6543245,0.009130469,0.000041697,0.000428612,0.000033041,0.000309873,512
343,1764562637.6770575,0.019871804,0.000042398,0.000452566,0.000037058,0.000440585,512
344,1764562637.6889167,0.009268394,0.000036868,0.000441356,0.000063348,0.000426748,512
345,1764562637.7781985,0.085749247,0.000076932,0.000536752,0.000044473,0.000298832,512
346,1764562637.794636,0.013018703,0.000054921,0.000443519,0.000079637,0.000514460,512
347,1764562637.8666196,0.068458281,0.000110193,0.000454760,0.000064940,0.000420948,512
348,1764562637.882366,0.012841966,0.000045664,0.000438700,0.000033733,0.000459739,512
349,1764562637.915826,0.030064115,0.000069038,0.000433151,0.000079016,0.000514681,512
350,1764562637.9372866,0.018085735,0.000102169,0.000448970,0.000038771,0.000241827,512
351,1764562637.9785004,0.037248239,0.000074918,0.000873834,0.000041958,0.000264068,512
352,1764562638.0191119,0.037397254,0.000051996,0.000441926,0.000070731,0.000550808,512
353,1764562638.045777,0.023197659,0.000087401,0.000442768,0.000037239,0.000492219,512
354,1764562638.0948513,0.046081328,0.000062756,0.000436326,0.000039794,0.000264589,512
355,1764562638.132942,0.035352345,0.000056083,0.000439752,0.000063968,0.000426959,512
356,1764562638.1641803,0.028138437,0.000057487,0.000443991,0.000064218,0.000443850,512
357,1764562638.1786098,0.011488185,0.000062205,0.000438009,0.000036317,0.000247418,512
358,1764562638.1969485,0.015382621,0.000053629,0.000444792,0.000047768,0.000322906,512
359,1764562638.2242088,0.024568893,0.000053248,0.000442217,0.000074588,0.000422650,512
360,1764562638.2577846,0.030338602,0.000054751,0.000444762,0.000092461,0.000430686,512
361,1764562638.2751753,0.014544963,0.000042539,0.000518177,0.000066974,0.000441025,512
362,1764562638.3101664,0.032092583,0.000053048,0.000451865,0.000042087,0.000263447,512
363,1764562638.3515878,0.038043517,0.000058829,0.000452235,0.000080168,0.000522395,512
364,1764562638.3684382,0.013402993,0.000054140,0.000450612,0.000079076,0.000537123,512
365,1764562638.3911939,0.020155238,0.000043951,0.000442006,0.000032430,0.000328307,512
366,1764562638.4226246,0.027754118,0.000065471,0.000467283,0.000081220,0.000545217,512
367,1764562638.4573045,0.031271947,0.000066884,0.000451765,0.000034765,0.000302629,512
368,1764562638.4944186,0.033527083,0.000101167,0.000453027,0.000043741,0.000249912,512
369,1764562638.5531611,0.055539222,0.000068166,0.000451224,0.000034885,0.000257927,512
370,1764562638.5735972,0.017813882,0.000044542,0.000433972,0.000036147,0.000251104,512
371,1764562638.585664,0.009127233,0.000043741,0.000450592,0.000056224,0.000412512,512
372,1764562638.6026025,0.013264186,0.000041898,0.000708118,0.000074738,0.000538846,512
373,1764562638.6446836,0.037636847,0.000066433,0.000699162,0.000084086,0.000530921,512
374,1764562638.6573355,0.009937791,0.000055443,0.000426588,0.000064199,0.000416790,512
375,1764562638.6737335,0.013711643,0.000045063,0.000434492,0.000063577,0.000413263,512
376,1764562638.7392733,0.062184549,0.000076962,0.000439342,0.000035315,0.000253518,512
377,1764562638.811179,0.068594412,0.000066723,0.000457586,0.000040555,0.000249822,512
378,1764562638.8482025,0.033867532,0.000055582,0.000440544,0.000064409,0.000431858,512
379,1764562638.877235,0.025712605,0.000048229,0.000456143,0.000075840,0.000439823,512
380,1764562638.9213572,0.040911417,0.000064329,0.000441175,0.000064599,0.000435544,512
381,1764562638.945685,0.020939357,0.000060161,0.000438550,0.000039463,0.000345017,512
382,1764562638.995221,0.045253779,0.000113229,0.000623993,0.000038832,0.000444441,512
383,1764562639.0174224,0.019211324,0.000052788,0.000451655,0.000066092,0.000432238,512
384,1764562639.0306315,0.010414732,0.000045774,0.000439532,0.000035736,0.000427650,512
385,1764562639.0485632,0.014901351,0.000047228,0.000431637,0.000060281,0.000826136,512
386,1764562639.0851285,0.032408927,0.000158443,0.000517506,0.000048550,0.000449100,512
387,1764562639.1413002,0.052520044,0.000053599,0.001084854,0.000063638,0.000416580,512
388,1764562639.1662478,0.022209895,0.000046115,0.000446916,0.000063538,0.000423142,512
389,1764562639.1873436,0.017564301,0.000059820,0.000707878,0.000035336,0.000253318,512
390,1764562639.2025259,0.011169436,0.000047889,0.001043348,0.000065191,0.000442187,512
391,1764562639.2473302,0.040465142,0.000096568,0.000688923,0.000041958,0.000506556,512
392,1764562639.3417504,0.090965174,0.000059820,0.000452005,0.000036538,0.000522605,512
393,1764562639.398032,0.052968092,0.000068356,0.000449481,0.000042248,0.000391994,512
394,1764562639.4457295,0.043458022,0.000095176,0.000510473,0.000056775,0.000402443,512
395,1764562639.5035396,0.053185003,0.000109913,0.001052033,0.000069719,0.000318749,512
396,1764562639.5576875,0.051072690,0.000075429,0.000457545,0.000034503,0.000312197,512
397,1764562639.594588,0.033576063,0.000079557,0.000455291,0.000037389,0.000254370,512
398,1764562639.6316366,0.033220006,0.000071542,0.000887009,0.000035686,0.000246896,512
399,1764562639.6721313,0.037429393,0.000057767,0.000446676,0.000037690,0.000282182,512
400,1764562639.69308,0.018259105,0.000046326,0.000454359,0.000037369,0.000219696,512
401,1764562639.714674,0.019224138,0.000057045,0.000431488,0.000033672,0.000214787,512
402,1764562639.771879,0.054838377,0.000059379,0.000431176,0.000033512,0.000225928,512
403,1764562639.8085666,0.034278232,0.000048610,0.000438310,0.000034534,0.000242849,512
404,1764562639.8300767,0.017472352,0.000091329,0.000447747,0.000039363,0.000247227,512
405,1764562639.8545582,0.020794329,0.000086670,0.000713788,0.000037650,0.000251695,512
406,1764562639.8803174,0.022678330,0.000058147,0.000431958,0.000037870,0.000377798,512
407,1764562639.892411,0.009467462,0.000038992,0.000436868,0.000045634,0.000436877,512
408,1764562639.9454055,0.048512119,0.000087031,0.000931541,0.000062005,0.000283464,512
409,1764562639.9781566,0.029080708,0.000110634,0.000467774,0.000044963,0.000289054,512
410,1764562640.056445,0.074776604,0.000086890,0.000451084,0.000037370,0.000238501,512
411,1764562640.110581,0.051016486,0.000119952,0.000452897,0.000035666,0.000235064,512
412,1764562640.1450207,0.030478782,0.000074908,0.000523617,0.000036808,0.000237820,512
413,1764562640.1893194,0.040816310,0.000098352,0.000453298,0.000035696,0.000255492,512
414,1764562640.288602,0.095441004,0.000087231,0.000471973,0.000042338,0.000268185,512
415,1764562640.311709,0.020130051,0.000059299,0.000468356,0.000058859,0.000237639,512
416,1764562640.332022,0.016942022,0.000092230,0.000446385,0.000037098,0.000241737,512
417,1764562640.356823,0.021212963,0.000084336,0.000438951,0.000033532,0.000476250,512
418,1764562640.3866117,0.025970442,0.000082352,0.000478094,0.000063598,0.000248589,512
419,1764562640.414882,0.025592864,0.000078916,0.000479526,0.000042048,0.000223012,512
420,1764562640.44032,0.022246201,0.000083905,0.000451955,0.000042860,0.000273936,512
421,1764562640.472299,0.028870420,0.000056144,0.000491969,0.000039112,0.000251645,512
422,1764562640.5026567,0.026919025,0.000103691,0.000471030,0.000037089,0.000231337,512
423,1764562640.5157318,0.009953218,0.000072675,0.000441005,0.000035115,0.000227891,512
424,1764562640.551524,0.033031838,0.000080930,0.000457005,0.000034443,0.000225617,512
425,1764562640.58114,0.025782054,0.000103772,0.000472403,0.000042659,0.000264559,512
426,1764562640.6421597,0.058055421,0.000082713,0.000444511,0.000037760,0.000243240,512
427,1764562640.667765,0.022554441,0.000096409,0.000447828,0.000036397,0.000231999,512
428,1764562640.7022147,0.031066026,0.000100636,0.000462985,0.000035265,0.000232199,512
429,1764562640.775821,0.069827089,0.000109632,0.000453107,0.000036648,0.000262766,512
430,1764562640.7846072,0.006183334,0.000048129,0.000434292,0.000034524,0.000228482,512
431,1764562640.8349984,0.047396758,0.000077823,0.000452877,0.000035565,0.000241937,512
432,1764562640.9452736,0.107237758,0.000070701,0.000465900,0.000035716,0.000235616,512
433,1764562640.9794667,0.030885643,0.000074077,0.000455632,0.000045033,0.000244161,512
434,1764562641.0022314,0.020106117,0.000047487,0.000447327,0.000033732,0.000229344,512
435,1764562641.0449831,0.039736556,0.000094003,0.000466502,0.000041978,0.000226899,512
436,1764562641.067803,0.020357041,0.000045554,0.000439803,0.000033492,0.000217262,512
437,1764562641.1148374,0.042990217,0.000135450,0.000459739,0.000039503,0.000242097,512
438,1764562641.1349952,0.017749834,0.000044312,0.000443580,0.000033292,0.000224645,512
439,1764562641.1723068,0.033928655,0.000062225,0.000469848,0.000040935,0.000245845,512
440,1764562641.2179573,0.042067122,0.000134849,0.000473895,0.000036367,0.000235775,512
441,1764562641.2382956,0.016871541,0.000065431,0.000485867,0.000042298,0.000340399,512
442,1764562641.3264353,0.084349140,0.000099755,0.000446846,0.000036558,0.000239463,512
443,1764562641.3854377,0.055565079,0.000094775,0.000448348,0.000042719,0.000271151,512
444,1764562641.417139,0.028131144,0.000100355,0.000462014,0.000039853,0.000238851,512
445,1764562641.4517927,0.031128071,0.000097199,0.000470520,0.000035165,0.000227801,512
446,1764562641.5149932,0.058874434,0.000168201,0.000512186,0.000053489,0.000271672,512
447,1764562641.5978541,0.078265620,0.000084776,0.000865369,0.000041757,0.000263326,512
448,1764562641.6360147,0.033965083,0.000081431,0.000464588,0.000072153,0.000541010,512
449,1764562641.670941,0.030508125,0.000071291,0.001109710,0.000036338,0.000510573,512
450,1764562641.713988,0.039307683,0.000114853,0.000445322,0.000037128,0.000479035,512
451,1764562641.8022919,0.084475274,0.000079877,0.000497690,0.000037619,0.000240284,512
452,1764562641.8269274,0.020617973,0.000065791,0.000564814,0.000083434,0.000537033,512
453,1764562641.9189203,0.088333201,0.000081040,0.000496207,0.000047979,0.000242198,512
454,1764562641.9764962,0.053073787,0.000144206,0.000857374,0.000050924,0.000264087,512
455,1764562642.0169852,0.036202396,0.000077733,0.000528747,0.000038381,0.000504412,512
456,1764562642.052901,0.031745793,0.000078575,0.000659338,0.000035676,0.000415958,512
457,1764562642.1137834,0.057119230,0.000112768,0.000444802,0.000044352,0.000262335,512
458,1764562642.1629372,0.045321795,0.000113430,0.000471902,0.000037058,0.000239633,512
459,1764562642.1840131,0.018124085,0.000080579,0.000456804,0.000035505,0.000233451,512
460,1764562642.2063432,0.019814839,0.000051575,0.000440725,0.000034223,0.000223634,512
461,1764562642.2389345,0.027974435,0.000120693,0.001121432,0.000080148,0.000546059,512
462,1764562642.2648692,0.023016905,0.000047087,0.000443891,0.000033151,0.000221750,512
463,1764562642.2951736,0.026142078,0.000080479,0.000487320,0.000075890,0.000579421,512
464,1764562642.3371623,0.037463156,0.000110014,0.000485647,0.000054631,0.000549565,512
465,1764562642.3618753,0.020095859,0.000142754,0.000910682,0.000046055,0.000264328,512
466,1764562642.4029684,0.036038704,0.000136733,0.000708910,0.000055713,0.000332705,512
467,1764562642.4332805,0.026281407,0.000097640,0.000650622,0.000051405,0.000269348,512
468,1764562642.487604,0.050044600,0.000124189,0.000832508,0.000039914,0.000271031,512
469,1764562642.5642972,0.071882176,0.000151980,0.000603465,0.000055102,0.000452927,512
470,1764562642.586351,0.017457855,0.000103962,0.000534998,0.000048309,0.000285427,512
471,1764562642.6345057,0.043655045,0.000113900,0.000905564,0.000046476,0.000241897,512
472,1764562642.672793,0.034282389,0.000080028,0.000465370,0.000046306,0.000282472,512
473,1764562642.7154775,0.038623269,0.000125031,0.000456273,0.000038001,0.000240194,512
474,1764562642.753796,0.035026773,0.000083805,0.000487280,0.000045083,0.000260812,512
475,1764562642.7748015,0.017199136,0.000127235,0.000474397,0.000036057,0.000235936,512
476,1764562642.7900438,0.011409529,0.000114712,0.000459398,0.000052247,0.000287722,512
477,1764562642.8512907,0.057160056,0.000127796,0.000500304,0.000050664,0.000257466,512
478,1764562642.899546,0.045085468,0.000102900,0.000471902,0.000035145,0.000230496,512
479,1764562642.9358766,0.032242039,0.000102059,0.000502929,0.000043270,0.000279907,512
480,1764562642.9469316,0.007945280,0.000053850,0.000474267,0.000037158,0.000281561,512
481,1764562642.9917052,0.041576825,0.000089375,0.000440924,0.000033162,0.000438991,512
482,1764562643.0392344,0.044122829,0.000075309,0.000460351,0.000036517,0.000238400,512
483,1764562643.0778785,0.035061237,0.000105575,0.000487420,0.000036518,0.000232660,512
484,1764562643.1002493,0.019286934,0.000065451,0.000473675,0.000040605,0.000227591,512
485,1764562643.155447,0.051281595,0.000116415,0.000448128,0.000044332,0.000284515,512
486,1764562643.2077954,0.049454971,0.000077754,0.000452716,0.000035797,0.000230466,512
487,1764562643.2311428,0.019393050,0.000091960,0.000481990,0.000048880,0.000284726,512
488,1764562643.2798505,0.044481963,0.000089495,0.000906715,0.000043430,0.000244932,512
489,1764562643.301854,0.018016256,0.000077082,0.000458237,0.000049130,0.000363532,512
490,1764562643.3718293,0.066209186,0.000086209,0.000702538,0.000038591,0.000252166,512
491,1764562643.389293,0.013946857,0.000068707,0.000455291,0.000035906,0.000289855,512
492,1764562643.4174433,0.024042470,0.000078495,0.000733325,0.000046295,0.000404958,512
493,1764562643.4676597,0.045653016,0.000105254,0.000756377,0.000091739,0.000563301,512
494,1764562643.498315,0.026841090,0.000089625,0.000449640,0.000066873,0.000448088,512
495,1764562643.5130556,0.010857180,0.000074658,0.000465410,0.000046055,0.000468746,512
496,1764562643.537106,0.020454471,0.000102159,0.000478083,0.000042288,0.000242347,512
497,1764562643.5526462,0.011357885,0.000115463,0.000482151,0.000041306,0.000429343,512
498,1764562643.5669467,0.010178095,0.000063427,0.000918858,0.000070490,0.000438881,512
499,1764562643.5849242,0.014162385,0.000076432,0.000522946,0.000053839,0.000334358,512
500,1764562643.621484,0.032793868,0.000093192,0.000759133,0.000039914,0.000286059,512
501,1764562643.647986,0.022250218,0.000101197,0.000705634,0.000043691,0.000284936,512
502,1764562643.6939583,0.042123957,0.000083475,0.000513228,0.000036687,0.000232740,512
503,1764562643.7355168,0.037864797,0.000079336,0.000453057,0.000048821,0.000241767,512
504,1764562643.782541,0.043167083,0.000103381,0.000798054,0.000064529,0.000444121,512
505,1764562643.81855,0.031295831,0.000121074,0.000857564,0.000054480,0.000361919,512
506,1764562643.8486989,0.026059167,0.000145038,0.000494122,0.000050894,0.000305324,512
507,1764562643.87499,0.022251070,0.000076501,0.000985231,0.000045844,0.000356618,512
508,1764562643.9009504,0.021597313,0.000089015,0.000568961,0.000073446,0.000295707,512
509,1764562643.9533331,0.047436482,0.000092581,0.000928416,0.000051175,0.000280629,512
510,1764562643.987181,0.029281790,0.000138877,0.000804336,0.000036758,0.000232219,512
511,1764562644.023813,0.033045473,0.000087552,0.000562169,0.000066402,0.000430065,512
512,1764562644.042798,0.014361484,0.000142433,0.000500485,0.000063167,0.000405128,512
513,1764562644.0841274,0.036949416,0.000088984,0.000504762,0.000038992,0.000468175,512
514,1764562644.1702528,0.081317068,0.000164424,0.000550818,0.000072904,0.000475118,512
515,1764562644.1965408,0.022215745,0.000083144,0.000848177,0.000047097,0.000264669,512
516,1764562644.2164502,0.015901799,0.000167550,0.000481870,0.000042609,0.000385933,512
517,1764562644.2345817,0.014166243,0.000106456,0.000458156,0.000048500,0.000284957,512
518,1764562644.2841442,0.045611080,0.000075900,0.000910943,0.000035516,0.000232710,512
519,1764562644.3041406,0.016171678,0.000097801,0.000636856,0.000041557,0.000307418,512
520,1764562644.3335726,0.025812651,0.000081441,0.000443239,0.000083163,0.000451855,512
521,1764562644.3698394,0.033028762,0.000090186,0.000448448,0.000037429,0.000229725,512
522,1764562644.438876,0.065331534,0.000117447,0.000557229,0.000037038,0.000231457,512
523,1764562644.4673584,0.025234382,0.000084606,0.000464679,0.000043931,0.000259299,512
524,1764562644.5152602,0.043590225,0.000088774,0.000654580,0.000048981,0.000287972,512
525,1764562644.5291367,0.009975891,0.000074448,0.000896046,0.000043340,0.000243961,512
526,1764562644.5454047,0.012398527,0.000114121,0.000482571,0.000052798,0.000270059,512
527,1764562644.5921366,0.042968256,0.000092752,0.000482371,0.000046495,0.000285698,512
528,1764562644.6297212,0.033641946,0.000110264,0.000467554,0.000041767,0.000270089,512
529,1764562644.679198,0.045861442,0.000085518,0.000456173,0.000042088,0.000267985,512
530,1764562644.6970987,0.014881645,0.000057907,0.000453928,0.000047969,0.000279636,512
531,1764562644.7154946,0.013778075,0.000097139,0.000812732,0.000089104,0.000524369,512
532,1764562644.7412815,0.022290873,0.000053879,0.000818943,0.000065141,0.000421469,512
533,1764562644.7731225,0.027782129,0.000082342,0.000741740,0.000035325,0.000230135,512
534,1764562644.8061738,0.030217539,0.000061193,0.000443710,0.000034795,0.000228252,512
535,1764562644.891076,0.081941161,0.000087612,0.000445433,0.000036247,0.000237048,512
536,1764562644.9203613,0.025805356,0.000094926,0.000435715,0.000042899,0.000249501,512
537,1764562644.9337876,0.010857820,0.000042810,0.000445213,0.000040235,0.000240665,512
538,1764562644.969596,0.031662278,0.000152342,0.000487220,0.000041697,0.000270550,512
539,1764562644.996762,0.024069239,0.000073546,0.000464248,0.000035225,0.000227580,512
540,1764562645.025159,0.025654519,0.000057856,0.000448499,0.000038932,0.000248920,512
541,1764562645.1457357,0.116701733,0.000131493,0.000469167,0.000037198,0.000253939,512
542,1764562645.157767,0.009241845,0.000063938,0.000450241,0.000038231,0.000232750,512
543,1764562645.269565,0.107937290,0.000103942,0.000466782,0.000040284,0.000240073,512
544,1764562645.321504,0.047701702,0.000159234,0.000474076,0.000042329,0.000254981,512
545,1764562645.3452168,0.020269178,0.000097190,0.000460642,0.000037429,0.000446625,512
546,1764562645.3854682,0.037158753,0.000130051,0.000450592,0.000040464,0.000244021,512
547,1764562645.4553552,0.065939447,0.000130421,0.000443490,0.000044553,0.000274698,512
548,1764562645.4791164,0.020173061,0.000054822,0.000457926,0.000046275,0.000272244,512
549,1764562645.496872,0.014501111,0.000060401,0.000441486,0.000041677,0.000264669,512
550,1764562645.5405962,0.040831529,0.000075639,0.000453828,0.000034995,0.000227841,512
551,1764562645.6168149,0.072499157,0.000076602,0.000455242,0.000036267,0.000234002,512
552,1764562645.6384094,0.017863193,0.000125241,0.000450322,0.000037389,0.000246145,512
553,1764562645.657585,0.015130515,0.000080749,0.000485617,0.000038612,0.000272033,512
554,1764562645.6767094,0.015733649,0.000079297,0.000461533,0.000038281,0.000237840,512
555,1764562645.6944778,0.013921681,0.000107930,0.000467344,0.000047808,0.000240304,512
556,1764562645.7804756,0.082134178,0.000079147,0.000448809,0.000045143,0.000288723,512
557,1764562645.8206806,0.036704524,0.000089045,0.000464027,0.000037349,0.000263727,512
558,1764562645.8744245,0.050436094,0.000117517,0.000444812,0.000036077,0.000230656,512
559,1764562645.9053776,0.027497513,0.000113149,0.000460521,0.000035726,0.000236707,512
560,1764562645.9224186,0.013209555,0.000082282,0.000452476,0.000045103,0.000289585,512
561,1764562645.9603941,0.033940978,0.000114922,0.000517015,0.000046456,0.000382056,512
562,1764562645.995418,0.031465494,0.000125181,0.000545137,0.000040034,0.000244511,512
563,1764562646.036526,0.036498553,0.000168221,0.000526834,0.000052777,0.000280107,512
564,1764562646.0611265,0.020911846,0.000120764,0.000464889,0.000042278,0.000256844,512
565,1764562646.0932817,0.029403696,0.000072043,0.000445183,0.000034674,0.000224204,512
566,1764562646.1238918,0.028077435,0.000056034,0.000449340,0.000032780,0.000219045,512
567,1764562646.1524794,0.025807491,0.000054621,0.000438290,0.000039734,0.000236868,512
568,1764562646.1805851,0.024872574,0.000090137,0.000445113,0.000035675,0.000229734,512
569,1764562646.1970444,0.013252816,0.000066343,0.000451434,0.000038120,0.000247087,512
570,1764562646.2215035,0.020817702,0.000068858,0.000448538,0.000043570,0.000247787,512
571,1764562646.2498658,0.025632648,0.000053609,0.000446054,0.000043630,0.000228101,512
572,1764562646.2744021,0.022060989,0.000050723,0.000438159,0.000035756,0.000233251,512
573,1764562646.2988238,0.021356958,0.000102850,0.000458538,0.000047598,0.000231327,512
574,1764562646.3342896,0.032244824,0.000081841,0.000487110,0.000036989,0.000237649,512
575,1764562646.3567235,0.019562183,0.000072564,0.000434433,0.000034434,0.000229354,512
576,1764562646.4043696,0.044496510,0.000080860,0.000458326,0.000037149,0.000244742,512
577,1764562646.4256043,0.017837225,0.000075108,0.000462244,0.000033842,0.000485888,512
578,1764562646.4753108,0.046684803,0.000078274,0.000451534,0.000039513,0.000243119,512
579,1764562646.5150716,0.035164990,0.000126012,0.001010797,0.000042348,0.000269387,512
580,1764562646.5405443,0.021709179,0.000102169,0.000441977,0.000036608,0.000332304,512
581,1764562646.5924335,0.047923732,0.000081069,0.000583478,0.000043681,0.000398496,512
582,1764562646.6040154,0.008059020,0.000072184,0.000466161,0.000075540,0.000492119,512
583,1764562646.6795573,0.072183353,0.000087892,0.000523587,0.000039062,0.000237989,512
584,1764562646.7058215,0.022068212,0.000114171,0.000867012,0.000039883,0.000264218,512
585,1764562646.7697182,0.059514858,0.000143646,0.000494042,0.000067415,0.000432008,512
586,1764562646.805778,0.032080130,0.000080569,0.000448910,0.000045794,0.000508399,512
587,1764562646.8473356,0.037452776,0.000094555,0.000894383,0.000039693,0.000248720,512
588,1764562646.864058,0.011910746,0.000099243,0.000893691,0.000039934,0.000351750,512
589,1764562646.889003,0.021230695,0.000065271,0.000684515,0.000047287,0.000364092,512
590,1764562646.8981056,0.005700222,0.000056775,0.000456804,0.000035185,0.000292450,512
591,1764562646.9342558,0.032872073,0.000076130,0.000454059,0.000068056,0.000371787,512
592,1764562646.9461815,0.007691060,0.000063637,0.001034081,0.000068176,0.000441295,512
593,1764562646.9766648,0.026910519,0.000077433,0.000729057,0.000037529,0.000232991,512
594,1764562647.0194328,0.038446211,0.000114571,0.000489385,0.000039223,0.000528747,512
595,1764562647.0460494,0.022176021,0.000074057,0.000662685,0.000084106,0.000561217,512
596,1764562647.0647979,0.014976360,0.000074768,0.000438250,0.000035605,0.000490786,512
597,1764562647.0902672,0.022402901,0.000075229,0.000456383,0.000035065,0.000229224,512
598,1764562647.1203701,0.026173688,0.000107218,0.000462284,0.000047939,0.000262285,512
599,1764562647.1397007,0.016617562,0.000066964,0.000439852,0.000034354,0.000223864,512
600,1764562647.1581197,0.015471825,0.000066423,0.000453548,0.000035636,0.000235985,512
601,1764562647.19276,0.031113734,0.000081671,0.000455922,0.000044222,0.000257877,512
602,1764562647.214912,0.018283289,0.000093012,0.000467654,0.000041356,0.000269318,512
603,1764562647.2392273,0.020826859,0.000081741,0.000476650,0.000042359,0.000269258,512
604,1764562647.2507305,0.009199086,0.000042398,0.000436907,0.000034404,0.000219355,512
605,1764562647.2768495,0.022418519,0.000114441,0.000457736,0.000039493,0.000238271,512
606,1764562647.309184,0.028530642,0.000104023,0.000464108,0.000036307,0.000251735,512
607,1764562647.3490393,0.036275942,0.000108510,0.000464307,0.000043831,0.000238030,512
608,1764562647.382206,0.029512035,0.000159184,0.000461673,0.000036818,0.000234553,512
609,1764562647.4023328,0.016695706,0.000083314,0.000493241,0.000034333,0.000441145,512
610,1764562647.4247284,0.018136058,0.000080519,0.000474697,0.000047648,0.000288303,512
611,1764562647.4616091,0.033410748,0.000081591,0.000473465,0.000055162,0.000250944,512
612,1764562647.4907699,0.025689463,0.000135450,0.000463096,0.000038180,0.000235645,512
613,1764562647.525177,0.031083469,0.000083033,0.000521053,0.000036106,0.000231978,512
614,1764562647.537229,0.008272523,0.000070570,0.000477692,0.000048510,0.000295596,512
615,1764562647.5927043,0.051761162,0.000079757,0.000487150,0.000039032,0.000278324,512
616,1764562647.610298,0.013772325,0.000050253,0.000789849,0.000051525,0.000458116,512
617,1764562647.6241653,0.010921748,0.000054090,0.000457005,0.000035396,0.000339297,512
618,1764562647.7013235,0.073252599,0.000125152,0.000660200,0.000042819,0.000383148,512
619,1764562647.711488,0.007557192,0.000043130,0.000436677,0.000034845,0.000225507,512
620,1764562647.7332838,0.018190819,0.000125542,0.000478444,0.000043220,0.000439763,512
621,1764562647.779216,0.041873534,0.000106326,0.000481019,0.000067835,0.000440614,512
622,1764562647.8434386,0.060923670,0.000085278,0.000453017,0.000037479,0.000233782,512
623,1764562647.8767803,0.029692248,0.000057947,0.000446414,0.000043090,0.000263757,512
624,1764562647.89814,0.018553679,0.000062355,0.000473856,0.000035505,0.000233471,512
625,1764562647.9187558,0.017170413,0.000074277,0.000516605,0.000046906,0.000253178,512
626,1764562647.930243,0.007305958,0.000116605,0.000508469,0.000053429,0.000274097,512
627,1764562647.953302,0.019536254,0.000071853,0.000459779,0.000040585,0.000281340,512
628,1764562647.9720726,0.016393689,0.000049903,0.000445413,0.000033913,0.000221359,512
629,1764562648.008001,0.032792596,0.000076852,0.000450813,0.000036998,0.000244742,512
630,1764562648.0396454,0.028610690,0.000071562,0.000693682,0.000034674,0.000227060,512
631,1764562648.0797956,0.037173280,0.000057486,0.000437558,0.000035766,0.000241186,512
632,1764562648.1535523,0.069976846,0.000089436,0.000499092,0.000041888,0.000267775,512
633,1764562648.1745458,0.016201193,0.000090968,0.000866992,0.000043991,0.000335661,512
634,1764562648.212158,0.033955204,0.000161358,0.000487752,0.000039062,0.000258037,512
635,1764562648.2398612,0.023567672,0.000090127,0.000559453,0.000045384,0.000258898,512
636,1764562648.2773583,0.033675628,0.000121394,0.000500004,0.000041917,0.000265611,512
637,1764562648.3107948,0.029462163,0.000085698,0.000485367,0.000048420,0.000265851,512
638,1764562648.3224263,0.009287559,0.000053739,0.000436436,0.000034173,0.000219195,512
639,1764562648.3964057,0.071081467,0.000086990,0.000440774,0.000034323,0.000227471,512
640,1764562648.4980736,0.097692182,0.000121113,0.000600259,0.000041397,0.000234143,512
641,1764562648.5231423,0.020855582,0.000065912,0.000799196,0.000061513,0.000842416,512
642,1764562648.5333066,0.007886210,0.000041818,0.000531522,0.000032500,0.000211501,512
643,1764562648.5595217,0.023280903,0.000074838,0.000473003,0.000034985,0.000225787,512
644,1764562648.5715497,0.009716201,0.000043130,0.000430064,0.000034173,0.000217031,512
645,1764562648.593657,0.019661917,0.000047097,0.000436587,0.000033862,0.000220167,512
646,1764562648.6138513,0.018004895,0.000049201,0.000427960,0.000033352,0.000220557,512
647,1764562648.6290855,0.010584916,0.000124720,0.000758902,0.000049542,0.000304192,512
648,1764562648.6848824,0.051779646,0.000148955,0.000689033,0.000046827,0.000238351,512
649,1764562648.720956,0.031895529,0.000141501,0.000459810,0.000044582,0.000386545,512
650,1764562648.7490673,0.024307730,0.000121093,0.000469086,0.000044031,0.000239292,512
651,1764562648.8179574,0.065240435,0.000148524,0.000483374,0.000037139,0.000235625,512
652,1764562648.8412595,0.018892264,0.000071772,0.000709571,0.000087482,0.000586404,512
653,1764562648.9060845,0.061131955,0.000092601,0.000589950,0.000035996,0.000237008,512
654,1764562649.0052142,0.094336372,0.000087151,0.001051082,0.000040495,0.000242408,512
655,1764562649.031405,0.023087766,0.000077994,0.000452546,0.000036948,0.000233091,512
656,1764562649.046205,0.010517482,0.000079226,0.001086196,0.000047528,0.000277032,512
657,1764562649.099491,0.050045512,0.000084526,0.000462405,0.000035535,0.000231277,512
658,1764562649.132752,0.029108410,0.000059250,0.000825926,0.000066573,0.000442848,512
659,1764562649.1529498,0.017122484,0.000048660,0.000451555,0.000050323,0.000424454,512
660,1764562649.176254,0.019005002,0.000066533,0.000789359,0.000081400,0.000439762,512
661,1764562649.2102573,0.030059697,0.000078475,0.000483704,0.000050112,0.000477252,512
662,1764562649.2264917,0.013607881,0.000055012,0.000444782,0.000034544,0.000213615,512
663,1764562649.2607946,0.031466546,0.000059250,0.000455051,0.000039873,0.000245143,512
664,1764562649.3167706,0.053187207,0.000082062,0.000443178,0.000040635,0.000229935,512
665,1764562649.3349001,0.014857400,0.000074878,0.000489795,0.000038401,0.000233822,512
666,1764562649.421663,0.083010928,0.000083163,0.000471611,0.000044722,0.000242387,512
667,1764562649.4356692,0.010437324,0.000096608,0.000447317,0.000043109,0.000253588,512
668,1764562649.5592527,0.120367877,0.000085147,0.000458647,0.000036037,0.000231317,512
669,1764562649.5937076,0.030707424,0.000096920,0.000483513,0.000047307,0.000258548,512
670,1764562649.6383688,0.041696657,0.000091228,0.000442668,0.000034925,0.000229244,512
671,1764562649.6684253,0.027047582,0.000078976,0.000476761,0.000036267,0.000231297,512
672,1764562649.741511,0.069909593,0.000082783,0.000452476,0.000040395,0.000253889,512
673,1764562649.7690952,0.023727328,0.000079196,0.000468386,0.000044443,0.000477852,512
674,1764562649.8013318,0.029037880,0.000072965,0.000493932,0.000038160,0.000230445,512
675,1764562649.8434384,0.038820142,0.000078665,0.000468976,0.000035996,0.000232499,512
676,1764562649.8809817,0.034502706,0.000078224,0.000452676,0.000035616,0.000242318,512
677,1764562649.923192,0.038652442,0.000102289,0.000457124,0.000036638,0.000241557,512
678,1764562650.0205724,0.093749318,0.000118710,0.000488032,0.000039443,0.000247687,512
679,1764562650.0941215,0.069001584,0.000111085,0.000658967,0.000054641,0.000320191,512
680,1764562650.1166053,0.018399444,0.000110995,0.000593026,0.000050934,0.000279106,512
681,1764562650.1466935,0.026346136,0.000114282,0.000443890,0.000036578,0.000265801,512
682,1764562650.192045,0.041711795,0.000081982,0.000463276,0.000037911,0.000283714,512
683,1764562650.237268,0.041469167,0.000085638,0.000520582,0.000053609,0.000267995,512
684,1764562650.2681549,0.027618066,0.000076582,0.000490145,0.000037208,0.000241335,512
685,1764562650.2881365,0.016429705,0.000088273,0.000476440,0.000041978,0.000237999,512
686,1764562650.3408616,0.049197134,0.000115573,0.000451454,0.000035896,0.000232210,512
687,1764562650.3634183,0.019335614,0.000125753,0.000446264,0.000036408,0.000233241,512
688,1764562650.4052713,0.038183867,0.000176055,0.000454360,0.000037109,0.000235274,512
689,1764562650.4279475,0.018953077,0.000101918,0.000511816,0.000041747,0.000272894,512
690,1764562650.4643593,0.033022441,0.000112768,0.000452486,0.000035966,0.000233161,512
691,1764562650.4773555,0.009852142,0.000070210,0.000455612,0.000037469,0.000233010,512
692,1764562650.4927034,0.011785805,0.000142624,0.000457555,0.000037500,0.000238490,512
693,1764562650.528007,0.032163043,0.000109122,0.000455451,0.000036898,0.000249270,512
694,1764562650.595092,0.063042305,0.000152261,0.000483182,0.000038972,0.000245994,512
695,1764562650.6215312,0.022753228,0.000108851,0.000453698,0.000035926,0.000232409,512
696,1764562650.6370206,0.011760087,0.000090988,0.000478233,0.000037640,0.000247217,512
697,1764562650.6730497,0.032061736,0.000124450,0.000495506,0.000044262,0.000250392,512
698,1764562650.7276893,0.050779829,0.000127034,0.000469437,0.000038181,0.000248639,512
699,1764562650.7574582,0.025854949,0.000147663,0.000473996,0.000037970,0.000250693,512
700,1764562650.7834597,0.022788683,0.000124249,0.000440804,0.000035866,0.000229584,512
701,1764562650.807936,0.021317395,0.000082743,0.000448018,0.000037018,0.000230296,512
702,1764562650.8581827,0.046583175,0.000119421,0.000490978,0.000043110,0.000274117,512
703,1764562650.880772,0.019598590,0.000080268,0.000456092,0.000035536,0.000230897,512
704,1764562650.9599779,0.075790567,0.000096548,0.000513960,0.000036417,0.000237409,512
705,1764562650.9987676,0.035070224,0.000076712,0.000446606,0.000032991,0.000442357,512
706,1764562651.0115285,0.009609143,0.000074378,0.000462003,0.000037178,0.000238911,512
707,1764562651.0334203,0.018218309,0.000077544,0.000456303,0.000036478,0.000237178,512
708,1764562651.043484,0.006466517,0.000069348,0.000469367,0.000037620,0.000249110,512
709,1764562651.0542967,0.008155618,0.000054741,0.000442898,0.000037088,0.000235756,512
710,1764562651.0807977,0.023600944,0.000081520,0.000440594,0.000034804,0.000228613,512
711,1764562651.1890867,0.105045638,0.000115914,0.000455892,0.000035335,0.000237449,512
712,1764562651.2154832,0.023416413,0.000085668,0.000442357,0.000036157,0.000239873,512
713,1764562651.270563,0.051543460,0.000118389,0.000440674,0.000037219,0.000238411,512
714,1764562651.3372688,0.063018741,0.000086711,0.000642407,0.000040966,0.000260572,512
715,1764562651.3907883,0.049012394,0.000098002,0.000958581,0.000037860,0.000233983,512
716,1764562651.4435563,0.049032911,0.000083334,0.000469187,0.000070901,0.000445964,512
717,1764562651.4633288,0.016307980,0.000062586,0.000570715,0.000038241,0.000248168,512
718,1764562651.4893954,0.021532112,0.000142443,0.000516985,0.000053138,0.000376967,512
719,1764562651.5334108,0.040669348,0.000074057,0.000440123,0.000042148,0.000229754,512
720,1764562651.552923,0.016010481,0.000087521,0.000441586,0.000043089,0.000442788,512
721,1764562651.5852792,0.029059960,0.000055843,0.000455332,0.000048810,0.000480277,512
722,1764562651.734348,0.145089141,0.000148164,0.000447987,0.000041116,0.000247718,512
723,1764562651.8394608,0.102132265,0.000089335,0.000439893,0.000035645,0.000231167,512
724,1764562651.8930964,0.049927894,0.000115714,0.000486709,0.000042268,0.000273135,512
725,1764562651.904477,0.007815480,0.000052106,0.001074114,0.000064740,0.000423513,512
726,1764562651.9472258,0.038784536,0.000080920,0.000792134,0.000039924,0.000262855,512
727,1764562651.9861655,0.034347368,0.000084516,0.001174319,0.000045774,0.000261503,512
728,1764562652.031737,0.042227859,0.000074929,0.000455792,0.000064970,0.000427400,512
729,1764562652.126341,0.090466572,0.000079687,0.000899341,0.000036558,0.000253839,512
730,1764562652.167625,0.037523777,0.000076821,0.000478484,0.000049291,0.000302048,512
731,1764562652.214923,0.044244063,0.000081731,0.000465560,0.000036848,0.000231207,512
732,1764562652.2568073,0.039027135,0.000069449,0.000453488,0.000035074,0.000228832,512
733,1764562652.295846,0.035597990,0.000060422,0.000448289,0.000042358,0.000245864,512
734,1764562652.3782475,0.078839560,0.000078936,0.000467864,0.000041587,0.000254971,512
735,1764562652.4037511,0.022081747,0.000074017,0.000461623,0.000044022,0.000244552,512
736,1764562652.4711673,0.063585558,0.000122657,0.000461002,0.000043921,0.000259600,512
737,1764562652.4898846,0.014940363,0.000098051,0.000455772,0.000032881,0.000440333,512
738,1764562652.5054052,0.012323669,0.000098492,0.000440404,0.000035395,0.000232480,512
739,1764562652.5333333,0.024570285,0.000124751,0.000471331,0.000039423,0.000248449,512
740,1764562652.6179297,0.081289146,0.000083594,0.000460261,0.000035856,0.000232199,512
741,1764562652.6300108,0.009421166,0.000054311,0.000437919,0.000034253,0.000233261,512
742,1764562652.656522,0.023509134,0.000079317,0.000469898,0.000035766,0.000230796,512
743,1764562652.6728523,0.012075811,0.000122396,0.000469618,0.000038972,0.000272964,512
744,1764562652.7186728,0.041848087,0.000108270,0.000487170,0.000046045,0.000248479,512
745,1764562652.7381234,0.015497102,0.000111466,0.000459990,0.000036938,0.000266923,512
746,1764562652.7583365,0.016701196,0.000084205,0.000452406,0.000043670,0.000245673,512
747,1764562652.8163466,0.054227729,0.000085288,0.000481770,0.000039603,0.000293643,512
748,1764562652.8723116,0.051842302,0.000110675,0.000498160,0.000049531,0.000264158,512
749,1764562652.8955438,0.019148589,0.000083003,0.000497179,0.000043681,0.000251675,512
750,1764562652.9459207,0.046794025,0.000085889,0.000524198,0.000040194,0.000234483,512
751,1764562652.97026,0.021353201,0.000083495,0.000451474,0.000036547,0.000231848,512
752,1764562653.0068448,0.033597213,0.000080929,0.000488282,0.000036177,0.000229864,512
753,1764562653.0384831,0.027734591,0.000094385,0.000462254,0.000038351,0.000261322,512
754,1764562653.0501614,0.008522717,0.000070360,0.000481359,0.000037139,0.000232239,512
755,1764562653.0718436,0.017919587,0.000073847,0.000443199,0.000040145,0.000277332,512
756,1764562653.1134048,0.037718036,0.000098822,0.000439883,0.000043431,0.000286910,512
757,1764562653.1366236,0.020145910,0.000064359,0.000445994,0.000041106,0.000258438,512
758,1764562653.168376,0.028250204,0.000069659,0.000456193,0.000065822,0.000256795,512
759,1764562653.1906497,0.019420521,0.000074468,0.000457365,0.000036157,0.000231869,512
760,1764562653.23919,0.044621541,0.000110043,0.000476120,0.000046987,0.000432179,512
761,1764562653.2902944,0.047452161,0.000081581,0.000451494,0.000065521,0.000434613,512
762,1764562653.3219771,0.027485061,0.000070891,0.000888381,0.000065841,0.000438961,512
763,1764562653.3603806,0.034371042,0.000055373,0.000829152,0.000065010,0.000432379,512
764,1764562653.3816311,0.017088472,0.000156670,0.000467253,0.000067184,0.000429404,512
765,1764562653.3932185,0.007463809,0.000069128,0.000824253,0.000036047,0.000232309,512
766,1764562653.4353766,0.038108247,0.000061494,0.000909760,0.000037820,0.000255852,512
767,1764562653.4825313,0.043604262,0.000068928,0.000442237,0.000059520,0.000539457,512
768,1764562653.5129032,0.025974289,0.000075018,0.000678113,0.000087202,0.000557891,512
769,1764562653.5337992,0.016224034,0.000094364,0.000907867,0.000035606,0.000590221,512
770,1764562653.5499828,0.012151751,0.000045293,0.000848668,0.000079978,0.000525652,512
771,1764562653.5701,0.017436265,0.000054060,0.000443028,0.000036287,0.000241326,512
772,1764562653.6159518,0.041879615,0.000075189,0.000878984,0.000065261,0.000436206,512
773,1764562653.6636279,0.043188003,0.000114852,0.001061622,0.000037579,0.000250713,512
774,1764562653.704823,0.037345678,0.000104062,0.000538054,0.000036287,0.000241195,512
775,1764562653.7644465,0.055562845,0.000132515,0.000464188,0.000037940,0.000238401,512
776,1764562653.7769022,0.009427839,0.000101768,0.000478424,0.000036347,0.000232529,512
777,1764562653.7881744,0.008342654,0.000075089,0.000451624,0.000037159,0.000239372,512
778,1764562653.810767,0.018286686,0.000130552,0.000476982,0.000038321,0.000241105,512
779,1764562653.8254905,0.010400546,0.000088213,0.000896957,0.000043800,0.000272934,512
780,1764562653.9091222,0.079030273,0.000157461,0.000536501,0.000044032,0.000271923,512
781,1764562654.012479,0.099202532,0.000134549,0.000843599,0.000040304,0.000249651,512
782,1764562654.0798092,0.063731347,0.000087522,0.000471040,0.000039774,0.000276802,512
783,1764562654.09943,0.016326064,0.000085438,0.000470840,0.000048530,0.000267264,512
784,1764562654.1365268,0.032096851,0.000131132,0.000933074,0.000043010,0.000264018,512
785,1764562654.1624212,0.020254030,0.000188818,0.000745568,0.000061313,0.000364213,512
786,1764562654.197734,0.030796879,0.000145810,0.000500615,0.000077593,0.000465750,512
787,1764562654.2351608,0.032908130,0.000101647,0.000521143,0.000048139,0.000263858,512
788,1764562654.2961676,0.056216904,0.000096979,0.000924878,0.000037570,0.000240214,512
789,1764562654.3267667,0.026331419,0.000113970,0.000653889,0.000036527,0.000248489,512
790,1764562654.3682344,0.036427542,0.000147883,0.000893691,0.000047778,0.000289876,512
791,1764562654.4029584,0.030149112,0.000119280,0.001013632,0.000041316,0.000309982,512
792,1764562654.427964,0.020906176,0.000092551,0.000511155,0.000039393,0.000268586,512
793,1764562654.4513185,0.019311940,0.000080769,0.000528176,0.000072735,0.000462254,512
794,1764562654.5448492,0.089271795,0.000080940,0.000480217,0.000044412,0.000336431,512
795,1764562654.5675304,0.018349752,0.000103691,0.000763401,0.000041646,0.000251054,512
796,1764562654.6154633,0.043931957,0.000104623,0.000495365,0.000050663,0.000255282,512
797,1764562654.6363566,0.017110783,0.000094103,0.000488743,0.000043751,0.000284155,512
798,1764562654.678951,0.039346715,0.000126283,0.000468375,0.000038741,0.000235044,512
799,1764562654.705862,0.023279901,0.000112578,0.000473835,0.000035926,0.000228853,512
800,1764562654.722413,0.013701995,0.000074247,0.000439562,0.000036007,0.000229945,512
801,1764562654.7577968,0.032311437,0.000057035,0.000465901,0.000032650,0.000434693,512
802,1764562654.8193161,0.057341342,0.000099093,0.001087940,0.000038541,0.000232239,512
803,1764562654.8323667,0.010118014,0.000044843,0.000447477,0.000072123,0.000464859,512
804,1764562654.8566973,0.020711806,0.000105706,0.000467053,0.000035315,0.000275680,512
805,1764562654.8985593,0.037742973,0.000078184,0.001068244,0.000065010,0.000429905,512
806,1764562654.9262984,0.023748036,0.000078134,0.000459388,0.000035365,0.000436766,512
807,1764562654.9585977,0.029007563,0.000076010,0.000448309,0.000035746,0.000356259,512
808,1764562654.9836378,0.021843387,0.000083685,0.000450843,0.000036096,0.000236437,512
809,1764562655.0254443,0.037569292,0.000144447,0.000890045,0.000042138,0.000297630,512
810,1764562655.0885036,0.058670146,0.000111687,0.000448148,0.000049592,0.000387446,512
811,1764562655.112746,0.020711145,0.000067535,0.000449741,0.000040325,0.000246706,512
812,1764562655.127711,0.011884597,0.000050393,0.000445102,0.000046276,0.000432228,512
813,1764562655.1503842,0.019708052,0.000070671,0.000451895,0.000034924,0.000224695,512
814,1764562655.2239165,0.069688784,0.000101598,0.000449901,0.000041828,0.000237779,512
815,1764562655.2473576,0.020223865,0.000068337,0.000457816,0.000035044,0.000229764,512
816,1764562655.2690225,0.018184637,0.000100585,0.000505214,0.000036207,0.000231368,512
817,1764562655.3422759,0.069525092,0.000108320,0.000493392,0.000039724,0.000252777,512
818,1764562655.3523648,0.007344660,0.000061904,0.000503701,0.000035656,0.000227681,512
819,1764562655.365478,0.010189546,0.000081951,0.000443930,0.000035295,0.000227861,512
820,1764562655.3925126,0.023763434,0.000073906,0.000475148,0.000036127,0.000235035,512
821,1764562655.415752,0.019572862,0.000109833,0.000450562,0.000046045,0.000291519,512
822,1764562655.425048,0.006175469,0.000096328,0.000453839,0.000035485,0.000266883,512
823,1764562655.4463384,0.017666580,0.000067966,0.000738565,0.000039963,0.000247196,512
824,1764562655.4882877,0.037144347,0.000095486,0.000774120,0.000066092,0.000458417,512
825,1764562655.5091703,0.017365945,0.000089886,0.000462524,0.000070981,0.000471942,512
826,1764562655.5343118,0.022171543,0.000085768,0.000448278,0.000035726,0.000234804,512
827,1764562655.5607572,0.021858185,0.000086430,0.001013121,0.000039212,0.000281780,512
828,1764562655.5822623,0.018085194,0.000083695,0.000443910,0.000065461,0.000435836,512
829,1764562655.6225624,0.035640097,0.000081561,0.000598436,0.000074107,0.000461903,512
830,1764562655.6692429,0.042392683,0.000084345,0.000767718,0.000070690,0.000445403,512
831,1764562655.7102437,0.037294484,0.000084646,0.000661502,0.000037098,0.000377788,512
832,1764562655.7612684,0.046064137,0.000079968,0.001094101,0.000047508,0.000537623,512
833,1764562655.7802637,0.014694489,0.000062536,0.000945738,0.000036096,0.000470359,512
834,1764562655.8070395,0.023739440,0.000054401,0.000449190,0.000038160,0.000366607,512
835,1764562655.8465781,0.035270464,0.000104743,0.000442968,0.000073085,0.000487290,512
836,1764562655.885945,0.036232202,0.000063487,0.000462725,0.000037639,0.000238050,512
837,1764562655.931361,0.041059509,0.000121425,0.000758181,0.000046256,0.000292030,512
838,1764562655.9804645,0.044513472,0.000112939,0.000805287,0.000049221,0.000293212,512
839,1764562656.0112064,0.026179017,0.000070600,0.000830565,0.000044643,0.000292350,512
840,1764562656.0561037,0.040861394,0.000102700,0.000811489,0.000041717,0.000259399,512
841,1764562656.0831614,0.023299768,0.000077283,0.000511865,0.000037138,0.000505474,512
842,1764562656.113353,0.025470308,0.000076692,0.000679866,0.000090136,0.000573029,512
843,1764562656.14775,0.030969939,0.000087472,0.000451744,0.000035936,0.000367459,512
844,1764562656.1944351,0.043072248,0.000088984,0.000461984,0.000041507,0.000263177,512
845,1764562656.2062628,0.009111464,0.000041026,0.000447297,0.000063547,0.000421629,512
846,1764562656.2522342,0.041986162,0.000062295,0.001128465,0.000044051,0.000270861,512
847,1764562656.273802,0.018787812,0.000054501,0.000431397,0.000035646,0.000296147,512
848,1764562656.3301926,0.052484308,0.000118750,0.000455322,0.000035696,0.000442397,512
849,1764562656.3494937,0.015081965,0.000101968,0.001050280,0.000071011,0.000404166,512
850,1764562656.3662755,0.013402732,0.000047447,0.000461563,0.000064068,0.000429604,512
851,1764562656.3768218,0.007187319,0.000038501,0.001003164,0.000062595,0.000425846,512
852,1764562656.3994555,0.019313933,0.000072955,0.000441636,0.000076211,0.000467002,512
853,1764562656.4241598,0.019984933,0.000082212,0.000612562,0.000094144,0.000567839,512
854,1764562656.4488075,0.021757418,0.000055683,0.000433511,0.000043711,0.000420286,512
855,1764562656.5041912,0.051007069,0.000098863,0.001087129,0.000045564,0.000260852,512
856,1764562656.5269284,0.019538258,0.000069017,0.000459669,0.000040865,0.000391864,512
857,1764562656.5922954,0.061750217,0.000078385,0.000736400,0.000041848,0.000243450,512
858,1764562656.6207087,0.024325353,0.000081852,0.000456243,0.000043049,0.000467914,512
859,1764562656.6556299,0.030919817,0.000070290,0.000450723,0.000054190,0.000461713,512
860,1764562656.6890633,0.028714431,0.000132796,0.000679204,0.000057306,0.000322466,512
861,1764562656.7047384,0.011062719,0.000112187,0.000782176,0.000073737,0.000471120,512
862,1764562656.752943,0.044509664,0.000064459,0.000602353,0.000042569,0.000351810,512
863,1764562656.81579,0.058928554,0.000080509,0.000861041,0.000040144,0.000291298,512
864,1764562656.8397734,0.020729539,0.000053559,0.000439242,0.000067745,0.000446545,512
865,1764562656.8754442,0.031274412,0.000064368,0.000610067,0.000064899,0.000862574,512
866,1764562656.8979828,0.019603559,0.000076882,0.000477732,0.000044282,0.000231297,512
867,1764562656.945787,0.043171572,0.000140610,0.001092319,0.000078425,0.000424595,512
868,1764562657.0055974,0.054619082,0.000116926,0.001027108,0.000077874,0.000489625,512
869,1764562657.0789711,0.069021762,0.000139598,0.000504482,0.000053519,0.000273245,512
870,1764562657.1673503,0.084506340,0.000085488,0.000883362,0.000042038,0.000278545,512
871,1764562657.203094,0.032177450,0.000058127,0.000720080,0.000041527,0.000253839,512
872,1764562657.2508028,0.043953848,0.000083625,0.000527605,0.000046236,0.000486469,512
873,1764562657.2844913,0.029139157,0.000129089,0.000485227,0.000040845,0.000503710,512
874,1764562657.3060267,0.018737749,0.000049963,0.000447878,0.000041637,0.000347191,512
875,1764562657.3270974,0.018186250,0.000050563,0.000453298,0.000035996,0.000234473,512
876,1764562657.3709605,0.040659912,0.000091519,0.000448799,0.000036487,0.000238681,512
877,1764562657.4127686,0.038207480,0.000085158,0.000457626,0.000042659,0.000272393,512
878,1764562657.4286606,0.013175573,0.000050734,0.000435856,0.000038642,0.000247507,512
879,1764562657.47437,0.042662882,0.000072023,0.000443870,0.000035977,0.000245444,512
880,1764562657.515048,0.037302098,0.000094023,0.000464337,0.000035125,0.000237639,512
881,1764562657.5347478,0.017001361,0.000062796,0.000437167,0.000036959,0.000233020,512
882,1764562657.5534506,0.015227744,0.000069939,0.000456203,0.000041096,0.000256614,512
883,1764562657.5702875,0.013946728,0.000070220,0.000463928,0.000035836,0.000231979,512
884,1764562657.6005685,0.027244907,0.000070511,0.000445674,0.000036828,0.000236698,512
885,1764562657.6309612,0.027370789,0.000077152,0.000449390,0.000035115,0.000242889,512
886,1764562657.648343,0.014837874,0.000056264,0.000443560,0.000033081,0.000220527,512
887,1764562657.6690748,0.018095383,0.000051184,0.000457315,0.000034533,0.000242868,512
888,1764562657.7221844,0.049796803,0.000097851,0.000482812,0.000043771,0.000252586,512
889,1764562657.7633069,0.037267854,0.000144778,0.000478504,0.000037860,0.000246154,512
890,1764562657.8301558,0.062700122,0.000089275,0.000471721,0.000047448,0.000283404,512
891,1764562657.9003327,0.066666070,0.000085568,0.000476581,0.000052026,0.000271171,512
892,1764562657.9139326,0.009828348,0.000073225,0.000468225,0.000039152,0.000251975,512
893,1764562657.9550695,0.037364243,0.000104543,0.000463917,0.000039834,0.000264749,512
894,1764562658.0025084,0.044149498,0.000113731,0.000450141,0.000040735,0.000234353,512
895,1764562658.0732944,0.067678560,0.000082522,0.000452877,0.000034775,0.000230195,512
896,1764562658.1033654,0.026562986,0.000078134,0.000466973,0.000042468,0.000260571,512
897,1764562658.1550581,0.047819299,0.000085408,0.000506806,0.000041677,0.000447417,512
898,1764562658.1815395,0.023783922,0.000062025,0.000439822,0.000034173,0.000227921,512
899,1764562658.236041,0.051339863,0.000115364,0.000474557,0.000036497,0.000245082,512
900,1764562658.3164754,0.076078359,0.000123108,0.000464528,0.000038801,0.000421779,512
901,1764562658.3305585,0.009646332,0.000119411,0.000919950,0.000040334,0.000261584,512
902,1764562658.3765903,0.041032510,0.000127395,0.000757359,0.000066684,0.000430476,512
903,1764562658.387935,0.007835467,0.000063237,0.000474887,0.000069418,0.000444892,512
904,1764562658.422035,0.029759843,0.000104954,0.000475067,0.000075389,0.000513018,512
905,1764562658.444892,0.018301674,0.000110955,0.000657515,0.000076181,0.000538815,512
906,1764562658.5095394,0.060608868,0.000088784,0.000451454,0.000090707,0.000567048,512
907,1764562658.544121,0.031406235,0.000073726,0.000466833,0.000037238,0.000237488,512
908,1764562658.5537386,0.006610393,0.000047257,0.000456022,0.000036448,0.000419124,512
909,1764562658.5747223,0.016955897,0.000084787,0.000527395,0.000047408,0.000245424,512
910,1764562658.598981,0.019997146,0.000101578,0.000823602,0.000043710,0.000290887,512
911,1764562658.6523788,0.049631527,0.000083043,0.000513088,0.000038702,0.000291418,512
912,1764562658.7388763,0.081627613,0.000086500,0.000857464,0.000078145,0.000471100,512
913,1764562658.812659,0.070315412,0.000082392,0.000457685,0.000064940,0.000428843,512
914,1764562658.8534253,0.036457637,0.000077453,0.000844942,0.000043441,0.000283764,512
915,1764562658.8750887,0.018279383,0.000081791,0.000460410,0.000058418,0.000280678,512
916,1764562658.8902917,0.010568576,0.000082182,0.000478214,0.000074308,0.000464178,512
917,1764562658.9221606,0.027916267,0.000116215,0.000453388,0.000036988,0.000413073,512
918,1764562658.980103,0.053864949,0.000087743,0.000541630,0.000047337,0.000330881,512
919,1764562659.0133286,0.029804476,0.000089215,0.000445673,0.000034875,0.000392084,512
920,1764562659.0380983,0.020734518,0.000093283,0.000801581,0.000036808,0.000262224,512
921,1764562659.0561876,0.014591418,0.000114121,0.000470640,0.000037770,0.000236016,512
922,1764562659.0842965,0.024536182,0.000124860,0.000452426,0.000036898,0.000239663,512
923,1764562659.101918,0.014277879,0.000082783,0.000465109,0.000041527,0.000249090,512
924,1764562659.1214955,0.016630777,0.000063608,0.000437328,0.000034344,0.000227691,512
925,1764562659.1517758,0.026874683,0.000063327,0.000448319,0.000038891,0.000241696,512
926,1764562659.1857533,0.030646491,0.000059550,0.000457705,0.000039853,0.000265341,512
927,1764562659.2470286,0.057499073,0.000103231,0.000457385,0.000036818,0.000282733,512
928,1764562659.2635026,0.013109451,0.000074989,0.000437218,0.000043691,0.000234804,512
929,1764562659.2854269,0.019055637,0.000050233,0.000452727,0.000034744,0.000457425,512
930,1764562659.3127613,0.023323010,0.000104653,0.000479677,0.000040886,0.000274407,512
931,1764562659.3268008,0.009763639,0.000153403,0.000514610,0.000040905,0.000275419,512
932,1764562659.3448665,0.014322882,0.000118870,0.000468887,0.000042869,0.000254530,512
933,1764562659.3892293,0.041459840,0.000098502,0.000451614,0.000034363,0.000232881,512
934,1764562659.4491963,0.057023715,0.000079507,0.000523878,0.000034424,0.000236707,512
935,1764562659.4777725,0.024922486,0.000078204,0.000461502,0.000047557,0.000276521,512
936,1764562659.5271447,0.045958612,0.000085398,0.000474947,0.000044522,0.000281069,512
937,1764562659.558226,0.027744891,0.000078846,0.000455331,0.000043150,0.000260371,512
938,1764562659.5801165,0.018347528,0.000075891,0.000578639,0.000035686,0.000262876,512
939,1764562659.6134927,0.029790189,0.000058518,0.000438630,0.000034243,0.000469768,512
940,1764562659.666583,0.048656956,0.000093914,0.000983216,0.000064889,0.000423422,512
941,1764562659.7416182,0.071081939,0.000079126,0.000888061,0.000048670,0.000255181,512
942,1764562659.7778983,0.031945101,0.000082141,0.000869817,0.000044302,0.000254481,512
943,1764562659.8083236,0.026009524,0.000131472,0.000696587,0.000041948,0.000386124,512
944,1764562659.8755004,0.059647513,0.000168862,0.000768820,0.000093503,0.000534758,512
945,1764562659.899197,0.018173176,0.000194760,0.000777296,0.000066833,0.000325281,512
946,1764562659.9154012,0.010466477,0.000185203,0.000705373,0.000084295,0.000413634,512
947,1764562659.9479468,0.025696777,0.000418103,0.000731131,0.000100245,0.000398026,512
948,1764562660.0465858,0.093860633,0.000150468,0.000513859,0.000039834,0.000257216,512
949,1764562660.0825777,0.032647358,0.000088794,0.000587966,0.000040345,0.000251875,512
950,1764562660.1042519,0.016837098,0.000150689,0.000514020,0.000071663,0.000522005,512
951,1764562660.1413488,0.033386744,0.000109823,0.000642437,0.000040865,0.000250393,512
952,1764562660.228902,0.082473154,0.000113229,0.001057965,0.000045464,0.000280518,512
953,1764562660.2470114,0.014120118,0.000085338,0.000445223,0.000065692,0.000439662,512
954,1764562660.2920332,0.041390712,0.000079608,0.000709170,0.000038111,0.000239923,512
955,1764562660.3167145,0.021174571,0.000065361,0.000449480,0.000035586,0.000350899,512
956,1764562660.3420808,0.021502647,0.000053879,0.000515162,0.000079457,0.000519289,512
957,1764562660.3718367,0.026735395,0.000061925,0.000443059,0.000034845,0.000364694,512
958,1764562660.4092557,0.033288362,0.000065982,0.000817300,0.000082803,0.000536632,512
959,1764562660.4626606,0.049400810,0.000081380,0.000896015,0.000036648,0.000238381,512
960,1764562660.4891236,0.022228960,0.000096388,0.000933625,0.000036708,0.000269167,512
961,1764562660.5244608,0.030149263,0.000118038,0.000948472,0.000034714,0.000540117,512
962,1764562660.5653183,0.037156238,0.000126223,0.000592585,0.000036748,0.000273505,512
963,1764562660.5973296,0.027622875,0.000093613,0.001099792,0.000035025,0.000297891,512
964,1764562660.6437912,0.043003111,0.000077814,0.000465760,0.000036978,0.000235776,512
965,1764562660.7083886,0.059999102,0.000083173,0.000601762,0.000091799,0.000441726,512
966,1764562660.742937,0.030019433,0.000116215,0.000742512,0.000079286,0.000434062,512
967,1764562660.7606375,0.014146377,0.000060371,0.000452305,0.000041176,0.000532644,512
968,1764562660.775997,0.011590664,0.000078385,0.000917796,0.000067464,0.000344266,512
969,1764562660.7956076,0.015370358,0.000123949,0.000480979,0.000043381,0.000272404,512
970,1764562660.8250983,0.026511842,0.000062877,0.000514571,0.000036908,0.000254270,512
971,1764562660.8726592,0.043461808,0.000124039,0.000456653,0.000039002,0.000244492,512
972,1764562660.904552,0.028198157,0.000122116,0.000444792,0.000043260,0.000272152,512
973,1764562660.9322944,0.023744490,0.000117547,0.000450553,0.000040695,0.000409577,512
974,1764562660.9478679,0.011752213,0.000086830,0.000926422,0.000034794,0.000229274,512
975,1764562660.9919846,0.039830119,0.000082393,0.000967678,0.000037288,0.000346400,512
976,1764562661.0413823,0.044745209,0.000136523,0.000464097,0.000066954,0.000443870,512
977,1764562661.0821898,0.036857276,0.000131362,0.000508820,0.000049682,0.000303792,512
978,1764562661.09544,0.008820356,0.000082112,0.000472222,0.000085117,0.000471521,512
979,1764562661.1231449,0.023879759,0.000136723,0.000473876,0.000035325,0.000318368,512
980,1764562661.1355307,0.008080750,0.000074538,0.000531122,0.000080639,0.000460721,512
981,1764562661.1794255,0.039048344,0.000138065,0.000527755,0.000046366,0.000283314,512
982,1764562661.1970892,0.013325811,0.000105004,0.000456013,0.000040114,0.000275519,512
983,1764562661.2385707,0.037489173,0.000121674,0.000511325,0.000035696,0.000235295,512
984,1764562661.3114228,0.068015433,0.000196503,0.000525682,0.000049742,0.000301937,512
985,1764562661.3402526,0.024348455,0.000139789,0.000480548,0.000036979,0.000418693,512
986,1764562661.3655505,0.020327085,0.000123238,0.000999206,0.000067034,0.000436186,512
987,1764562661.393852,0.023286674,0.000200150,0.000523728,0.000050503,0.000259079,512
988,1764562661.4186354,0.020613916,0.000083144,0.000547612,0.000051255,0.000271562,512
989,1764562661.4623296,0.039646079,0.000123989,0.000462224,0.000048891,0.000374281,512
990,1764562661.485576,0.018929183,0.000074638,0.001008623,0.000049432,0.000365255,512
991,1764562661.5246658,0.034663984,0.000085969,0.000561748,0.000067104,0.000529298,512
992,1764562661.5659764,0.037805508,0.000085458,0.000497670,0.000037850,0.000351219,512
993,1764562661.5811408,0.009751567,0.000117627,0.000948132,0.000036697,0.000736240,512
994,1764562661.6251674,0.040249784,0.000129780,0.000668845,0.000052237,0.000371858,512
995,1764562661.6614149,0.032055425,0.000078676,0.000491958,0.000044933,0.000289415,512
996,1764562661.7202778,0.054152811,0.000081330,0.000529979,0.000055122,0.000295306,512
997,1764562661.7682831,0.043586308,0.000082382,0.000498942,0.000051375,0.000284606,512
998,1764562661.7821584,0.010719755,0.000118549,0.000449160,0.000035836,0.000230856,512
999,1764562661.7940652,0.007476934,0.000137534,0.000516724,0.000055913,0.000272954,512
1000,1764562661.8146877,0.016334158,0.000091839,0.000609726,0.000041677,0.000240825,512
1001,1764562661.8465004,0.028268537,0.000082442,0.000452717,0.000035555,0.000232119,512
1002,1764562661.882986,0.032788800,0.000079738,0.000455913,0.000037029,0.000237750,512
1003,1764562661.9738522,0.087412480,0.000085378,0.000446976,0.000034965,0.000230877,512
1004,1764562662.0264606,0.047982170,0.000105675,0.000701115,0.000040935,0.000358592,512
1005,1764562662.0447948,0.014152408,0.000084627,0.000496487,0.000047287,0.000282522,512
1006,1764562662.0818653,0.033507627,0.000077333,0.000464348,0.000050062,0.000239232,512
1007,1764562662.121331,0.034947027,0.000131643,0.000468656,0.000054992,0.000269929,512
1008,1764562662.1451006,0.019558125,0.000083905,0.000476831,0.000046616,0.000281029,512
1009,1764562662.1740367,0.025167839,0.000083675,0.000497109,0.000036327,0.000230205,512
1010,1764562662.1894917,0.012080128,0.000112458,0.000481239,0.000035206,0.000229514,512
1011,1764562662.2028024,0.009273092,0.000071322,0.000464378,0.000040285,0.000265801,512
1012,1764562662.2247944,0.018984285,0.000072604,0.000451524,0.000039172,0.000264589,512
1013,1764562662.26126,0.032072526,0.000108260,0.000499603,0.000039493,0.000282101,512
1014,1764562662.2747543,0.010714195,0.000059971,0.000442007,0.000038431,0.000231638,512
1015,1764562662.3070393,0.028072917,0.000125833,0.000489855,0.000038491,0.000283344,512
1016,1764562662.3302283,0.018603201,0.000088664,0.000468616,0.000038100,0.000273095,512
1017,1764562662.3678048,0.033678674,0.000078355,0.000560696,0.000039213,0.000248549,512
1018,1764562662.423329,0.051570349,0.000126344,0.000458477,0.000043470,0.000258858,512
1019,1764562662.4470465,0.018904918,0.000134648,0.000518808,0.000044813,0.000281120,512
1020,1764562662.4739652,0.023268550,0.000159174,0.000485397,0.000040324,0.000291559,512
1021,1764562662.503623,0.025084124,0.000090057,0.000518178,0.000056094,0.000336271,512
1022,1764562662.5980158,0.090789840,0.000090407,0.000456213,0.000037068,0.000245223,512
1023,1764562662.638105,0.036338267,0.000148565,0.000501146,0.000036958,0.000233181,512
1024,1764562662.7389958,0.096194425,0.000146591,0.000503250,0.000040104,0.000238701,512
1025,1764562662.7562206,0.013558540,0.000144948,0.000451444,0.000034373,0.000446676,512
1026,1764562662.7721524,0.012857985,0.000077854,0.000508760,0.000038321,0.000255382,512
1027,1764562662.784607,0.008780983,0.000077864,0.000491127,0.000078666,0.000271061,512
1028,1764562662.8335388,0.045363672,0.000077012,0.000476000,0.000046836,0.000307127,512
1029,1764562662.8657885,0.029209606,0.000083966,0.000433621,0.000035786,0.000229564,512
1030,1764562662.9148526,0.046123756,0.000078976,0.000440053,0.000035516,0.000231016,512
1031,1764562662.955074,0.036312580,0.000088724,0.000465270,0.000049561,0.000294204,512
1032,1764562663.0204082,0.061160988,0.000194029,0.000494394,0.000047188,0.000267234,512
1033,1764562663.035171,0.009457613,0.000088022,0.000782776,0.000052688,0.000275790,512
1034,1764562663.052333,0.011463389,0.000128237,0.000505775,0.000098222,0.000589369,512
1035,1764562663.0727518,0.015437141,0.000139608,0.000866882,0.000051405,0.000406081,512
1036,1764562663.094632,0.016604317,0.000122176,0.000605328,0.000061323,0.000347212,512
1037,1764562663.1447182,0.044886190,0.000091188,0.000539967,0.000056664,0.000320462,512
1038,1764562663.1792347,0.030293328,0.000136923,0.000674466,0.000037800,0.000238851,512
1039,1764562663.2183306,0.033827619,0.000187056,0.001099512,0.000050864,0.000338966,512
1040,1764562663.2551982,0.032070742,0.000147322,0.000907998,0.000039694,0.000272744,512
1041,1764562663.3008301,0.041608264,0.000091689,0.000602643,0.000040124,0.000288934,512
1042,1764562663.3755283,0.069746851,0.000200992,0.000509681,0.000091289,0.000537443,512
1043,1764562663.3986177,0.019484048,0.000089967,0.000610858,0.000037219,0.000244010,512
1044,1764562663.4286046,0.024364315,0.000086841,0.001135859,0.000117678,0.000492890,512
1045,1764562663.4571993,0.022229200,0.000184982,0.000777616,0.000084886,0.000405158,512
1046,1764562663.5461712,0.082435916,0.000109001,0.000947360,0.000090006,0.000463376,512
1047,1764562663.6118898,0.059500059,0.000151680,0.000782345,0.000095005,0.000549164,512
1048,1764562663.6460478,0.028992976,0.000091589,0.000716173,0.000057316,0.000312627,512
1049,1764562663.7038147,0.051388904,0.000104503,0.000754414,0.000076240,0.000403937,512
1050,1764562663.754661,0.047151866,0.000120993,0.000447096,0.000037289,0.000250583,512
1051,1764562663.8074503,0.024321396,0.001175071,0.001331981,0.000374962,0.001251593,512
1052,1764562663.8592858,0.021919328,0.000837137,0.001273473,0.000419595,0.000893621,512
1053,1764562663.9287288,0.043529573,0.000971034,0.000898841,0.000486710,0.001098319,512
1054,1764562663.98626,0.033308539,0.001165373,0.000829212,0.000173370,0.000870147,512
1055,1764562664.1037476,0.089659963,0.001042787,0.001522002,0.000363161,0.001101735,512
1056,1764562664.1706622,0.033626406,0.001104280,0.001834300,0.000303511,0.001148642,512
1057,1764562664.2894862,0.085865241,0.001246653,0.001760603,0.000246315,0.001598172,512
1058,1764562664.3552847,0.040620138,0.001737380,0.000763129,0.000287070,0.001016568,512
1059,1764562664.438624,0.067823368,0.000248880,0.001684493,0.000285398,0.000911955,512
1060,1764562664.5228245,0.076101592,0.000149065,0.000946018,0.000060021,0.000293281,512
1061,1764562664.5701208,0.038677169,0.000101818,0.000930860,0.000059950,0.000332013,512
1062,1764562664.653154,0.049759333,0.001236134,0.001343321,0.000914890,0.001381823,512
1063,1764562664.7078972,0.029334067,0.001437666,0.001220405,0.000195421,0.000878683,512
1064,1764562664.7444868,0.017985299,0.000864628,0.000532905,0.000097710,0.000873735,512
1065,1764562664.7909524,0.019403669,0.001170863,0.001123566,0.000618162,0.001020165,512
1066,1764562664.8309162,0.014482558,0.000459399,0.001065920,0.000302048,0.000903870,512
1067,1764562664.8976867,0.037735208,0.000858326,0.001209194,0.000230736,0.000925249,512
1068,1764562665.0252326,0.105104457,0.001099431,0.000687790,0.000421048,0.000833580,512
1069,1764562665.054387,0.010410584,0.000183329,0.000650693,0.000303330,0.001368238,512
1070,1764562665.096157,0.023748115,0.001124969,0.000617832,0.000071662,0.000483784,512
1071,1764562665.139097,0.017746077,0.000968269,0.001472791,0.000192155,0.001234932,512
1072,1764562665.1892602,0.024188350,0.000929989,0.001209304,0.000350537,0.001065669,512
1073,1764562665.2533026,0.037768820,0.001177645,0.001115411,0.000331483,0.001066421,512
1074,1764562665.3080251,0.036571729,0.000846875,0.001154062,0.000277783,0.001018842,512
1075,1764562665.350204,0.013283072,0.001103900,0.001598614,0.000306666,0.001122634,512
1076,1764562665.417383,0.037728736,0.001132242,0.001347840,0.000333115,0.001067923,512
1077,1764562665.4718928,0.024721274,0.000906785,0.001600116,0.000494443,0.001117525,512
1078,1764562665.5419369,0.038717483,0.001241844,0.001604644,0.000291719,0.001006680,512
1079,1764562665.5968006,0.035157386,0.000404969,0.000715241,0.000068076,0.000385001,512
1080,1764562665.6745677,0.047616093,0.001041775,0.002020473,0.000428121,0.001191702,512
1081,1764562665.7538865,0.048384323,0.000991832,0.001324046,0.000401081,0.001056201,512
1082,1764562665.8058028,0.019347486,0.000894672,0.001943000,0.000472342,0.001391251,512
1083,1764562665.862643,0.023794121,0.001149234,0.001576272,0.000312738,0.001021898,512
1084,1764562665.9325159,0.042463434,0.001158471,0.001239741,0.000386133,0.001116262,512
1085,1764562666.0050454,0.046752659,0.001623760,0.001180771,0.000315633,0.001094522,512
1086,1764562666.0644262,0.030821815,0.001000399,0.001199086,0.000314351,0.000966656,512
1087,1764562666.106892,0.019022184,0.000555236,0.001283561,0.000300335,0.000944696,512
1088,1764562666.1538234,0.017777485,0.001084614,0.001302036,0.000301517,0.000888652,512
1089,1764562666.2539687,0.070465519,0.001249909,0.001201420,0.000223843,0.001278051,512
1090,1764562666.3666158,0.084935233,0.001096215,0.001607169,0.000356899,0.001063615,512
1091,1764562666.4136093,0.017108729,0.000994969,0.001806557,0.000372378,0.001072070,512
1092,1764562666.4555495,0.018080494,0.000868945,0.001042877,0.000266442,0.000890505,512
1093,1764562666.571232,0.086205970,0.001044069,0.001667891,0.000424064,0.000829062,512
1094,1764562666.657717,0.059473901,0.001048938,0.001339755,0.000324891,0.001079224,512
1095,1764562666.7120028,0.020741662,0.000901316,0.001924866,0.000319410,0.001162447,512
1096,1764562666.7800848,0.033742301,0.000981073,0.001592472,0.000372268,0.001203163,512
1097,1764562666.8275125,0.020903932,0.000734176,0.001119168,0.000166237,0.000847756,512
1098,1764562666.9137511,0.047598340,0.001566495,0.001253295,0.000538985,0.001343292,512
1099,1764562666.975397,0.032286932,0.001108067,0.001523445,0.000208776,0.000940218,512
1100,1764562667.050437,0.046236825,0.001093600,0.001329997,0.000360846,0.001181443,512
1101,1764562667.0889428,0.014838235,0.000600880,0.000932382,0.000225637,0.000871800,512
1102,1764562667.1562934,0.036368363,0.001092648,0.001689381,0.000433871,0.001690123,512
1103,1764562667.1902485,0.009090184,0.000816548,0.001184508,0.000392605,0.001255550,512
1104,1764562667.283323,0.060348738,0.001121833,0.002426333,0.000369844,0.000987625,512
1105,1764562667.3611135,0.050172056,0.001185050,0.001449348,0.000313559,0.001044650,512
1106,1764562667.4184487,0.029313428,0.001039932,0.001480745,0.000612272,0.001475056,512
1107,1764562667.5198605,0.070492639,0.001226105,0.001097507,0.000550908,0.001082250,512
1108,1764562667.5923424,0.044325444,0.001060740,0.001759732,0.000514471,0.001192593,512
1109,1764562667.6401823,0.019685951,0.001139535,0.001392753,0.000403124,0.001121282,512
1110,1764562667.7125194,0.049384090,0.001158631,0.001011218,0.000334739,0.001043087,512
1111,1764562667.7669313,0.028861584,0.001308718,0.001265408,0.000359614,0.000814124,512
1112,1764562667.8503292,0.069023926,0.000656002,0.000713718,0.000113540,0.000476320,512
1113,1764562667.9242237,0.054075107,0.000189029,0.001012751,0.000277813,0.000958902,512
1114,1764562667.9997754,0.045391103,0.001107466,0.001150946,0.000326593,0.001144594,512
1115,1764562668.0777414,0.052016233,0.001225414,0.001064998,0.000352091,0.000663485,512
1116,1764562668.1172438,0.020974071,0.000385362,0.000985531,0.000275078,0.000851463,512
1117,1764562668.1416516,0.007543136,0.000256384,0.000905082,0.000215609,0.000742382,512
1118,1764562668.176841,0.016774051,0.000452006,0.000602874,0.000270359,0.000833610,512
1119,1764562668.2245696,0.034636593,0.000820627,0.000542372,0.000256293,0.000888893,512
1120,1764562668.2748492,0.037124179,0.001038098,0.000639391,0.000212854,0.000759143,512
1121,1764562668.3451195,0.053552452,0.001286727,0.000772798,0.000205710,0.001456031,512
1122,1764562668.3759885,0.013118517,0.000167629,0.001345406,0.000079437,0.000434493,512
1123,1764562668.4216855,0.020085810,0.000665049,0.001584518,0.000315974,0.000986642,512
1124,1764562668.471449,0.019078999,0.001040222,0.001648235,0.000504212,0.001449157,512
1125,1764562668.5901923,0.084059625,0.001242566,0.001871377,0.000456133,0.001206609,512
1126,1764562668.7236357,0.103379029,0.001095864,0.001362928,0.000325471,0.001105403,512
1127,1764562668.8123462,0.059795636,0.001795637,0.001270398,0.000206211,0.001009996,512
1128,1764562668.9411333,0.102535510,0.001162247,0.001139185,0.000280799,0.001048417,512
1129,1764562669.0807793,0.111064257,0.001084414,0.001773877,0.000364143,0.001013523,512
1130,1764562669.1725302,0.059553970,0.001127323,0.001826364,0.000267655,0.001259347,512
1131,1764562669.2385635,0.033791141,0.001074155,0.002152778,0.000294084,0.001180270,512
1132,1764562669.3015904,0.028095678,0.001557417,0.001837405,0.000553693,0.001595268,512
1133,1764562669.3584402,0.026311672,0.000625085,0.001988744,0.000309662,0.001082059,512
1134,1764562669.45083,0.065015209,0.000622069,0.001204235,0.000347462,0.001338724,512
1135,1764562669.5420854,0.063644547,0.001272671,0.001670647,0.000411691,0.001040372,512
1136,1764562669.5827274,0.014840909,0.001077030,0.001699370,0.000289996,0.000693511,512
1137,1764562669.7253509,0.110710123,0.001397161,0.001744743,0.000416249,0.001274074,512
1138,1764562669.8159685,0.057147764,0.000797243,0.001330307,0.000576084,0.001227257,512
1139,1764562669.8650477,0.015160861,0.000877331,0.001822518,0.000573279,0.001691585,512
1140,1764562669.9212723,0.022791749,0.001032667,0.001875406,0.000698410,0.001596590,512
1141,1764562669.9794512,0.026743250,0.000911744,0.001762897,0.000547422,0.001112626,512
1142,1764562670.0719857,0.066618291,0.001142170,0.001196010,0.000247868,0.000982536,512
1143,1764562670.1292326,0.027983902,0.000726693,0.001589126,0.000422260,0.001121923,512
1144,1764562670.2075074,0.044237822,0.000961196,0.001798293,0.000403055,0.000988606,512
1145,1764562670.2851663,0.046710711,0.001279564,0.001124377,0.000354485,0.000829122,512
1146,1764562670.3632805,0.044422753,0.001225584,0.001940075,0.000679886,0.001712103,512
1147,1764562670.522136,0.124885133,0.001263475,0.001462001,0.000558993,0.001416116,512
1148,1764562670.5904555,0.040313121,0.001129126,0.001224723,0.000359024,0.000901405,512
1149,1764562670.6281245,0.011888575,0.000667453,0.001580550,0.000317677,0.001254688,512
1150,1764562670.6669059,0.022308426,0.000730610,0.000553362,0.000190952,0.000610839,512
1151,1764562670.7170322,0.040310877,0.000143515,0.000552260,0.000123969,0.000573249,512
1152,1764562670.7799625,0.049651394,0.000600599,0.000884073,0.000058187,0.000295927,512
1153,1764562670.8831122,0.087473192,0.000524429,0.001270338,0.000115874,0.000927323,512
1154,1764562670.9088016,0.020581947,0.000138375,0.000945738,0.000069659,0.000541110,512
1155,1764562670.9705865,0.037143514,0.001172967,0.001293530,0.000271923,0.000960033,512
1156,1764562671.013069,0.018907313,0.001080357,0.001020766,0.000249681,0.000899202,512
1157,1764562671.0795958,0.039677516,0.001180411,0.001220324,0.000324650,0.000847967,512
1158,1764562671.1717765,0.063340225,0.001316032,0.001209304,0.000356419,0.001229141,512
1159,1764562671.1997736,0.008653998,0.000497981,0.001035273,0.000231428,0.000955635,512
1160,1764562671.2451358,0.033671430,0.000613504,0.001150576,0.000048690,0.000292451,512
1161,1764562671.2742336,0.021107537,0.000366928,0.000676460,0.000086499,0.000474967,512
1162,1764562671.30727,0.022437023,0.000498130,0.000567479,0.000120011,0.000473114,512
1163,1764562671.3457642,0.026460538,0.000648028,0.000690897,0.000053088,0.000283704,512
1164,1764562671.3616407,0.010076527,0.000079226,0.001043157,0.000096699,0.000591663,512
1165,1764562671.4429045,0.056123181,0.000803354,0.001278552,0.000283724,0.000993916,512
1166,1764562671.4795876,0.018643214,0.000772668,0.000818552,0.000220337,0.000844450,512
1167,1764562671.5154612,0.021929606,0.000527685,0.001079073,0.000054000,0.000292160,512
1168,1764562671.545977,0.023321568,0.000156349,0.000657575,0.000060883,0.000331592,512
1169,1764562671.5821872,0.007987999,0.001227598,0.001731749,0.000431577,0.001236555,512
1170,1764562671.6300855,0.031194043,0.000207143,0.001122454,0.000112648,0.001009395,512
1171,1764562671.722159,0.061271974,0.001669505,0.001609153,0.000388638,0.001339916,512
1172,1764562671.7739305,0.020986163,0.001180782,0.001360684,0.000375464,0.000936741,512
1173,1764562671.849546,0.034486285,0.001169761,0.001907233,0.000585532,0.001492097,512
1174,1764562671.917232,0.031568344,0.001180682,0.001814182,0.000621408,0.001518305,512
1175,1764562672.0048761,0.052981447,0.001097648,0.002163638,0.000423512,0.001114860,512
1176,1764562672.0599427,0.023990103,0.001105672,0.001979508,0.000522886,0.001244219,512
1177,1764562672.2207322,0.132827326,0.001419583,0.001642114,0.000463226,0.001264226,512
1178,1764562672.322435,0.074335529,0.001345415,0.001729996,0.000187607,0.000454039,512
1179,1764562672.370747,0.027875451,0.000418403,0.001768879,0.000307809,0.000822039,512
1180,1764562672.4944754,0.093655524,0.001237427,0.001745084,0.000284075,0.000729768,512
1181,1764562672.5385,0.014454816,0.001058095,0.003116999,0.000391413,0.001217049,512
1182,1764562672.6576924,0.084838224,0.001051744,0.001762646,0.000586684,0.000963150,512
1183,1764562672.722537,0.035054034,0.001034622,0.001514058,0.000427069,0.000851323,512
1184,1764562672.7879355,0.035201457,0.001255168,0.001672230,0.000390701,0.001283171,512
1185,1764562672.8730433,0.057258128,0.001013743,0.001075537,0.000203125,0.001553440,512
1186,1764562672.942036,0.054103600,0.001193375,0.000859768,0.000301948,0.000795259,512
1187,1764562672.9850814,0.018469814,0.000850361,0.000976795,0.000285287,0.000933675,512
1188,1764562673.058726,0.048155320,0.001199065,0.001430153,0.000346289,0.001180261,512
1189,1764562673.1268058,0.049176907,0.000303701,0.001303328,0.000085408,0.000484936,512
1190,1764562673.2035477,0.046370262,0.001132583,0.001938281,0.000389821,0.001311072,512
1191,1764562673.2641203,0.031653592,0.001127804,0.001641112,0.000468245,0.001227598,512
1192,1764562673.3160884,0.027955900,0.000757811,0.001181533,0.000334358,0.001508898,512
1193,1764562673.3621569,0.020111618,0.000642888,0.001123736,0.000373140,0.001115291,512
1194,1764562673.4461436,0.063884361,0.001264065,0.001030224,0.000249691,0.000971935,512
1195,1764562673.4914951,0.021661701,0.000909320,0.001083962,0.000316385,0.001011338,512
1196,1764562673.6658514,0.150705117,0.001020325,0.001446092,0.000179462,0.000993956,512
1197,1764562673.7189841,0.027475022,0.000957730,0.001162948,0.000323537,0.001060299,512
1198,1764562673.7723546,0.040362643,0.001155956,0.000792515,0.000122036,0.000535108,512
1199,1764562673.8332767,0.044672495,0.000750988,0.000579410,0.000164444,0.000614476,512
1200,1764562673.8992105,0.040615630,0.000992364,0.001026757,0.000261393,0.000919278,512
1201,1764562673.9302373,0.012339217,0.000586023,0.000839982,0.000368832,0.001097518,512
1202,1764562673.9805815,0.032514743,0.000161047,0.000637027,0.000353182,0.001104851,512
1203,1764562674.0755854,0.068713201,0.000573490,0.001317554,0.000091419,0.001028210,512
1204,1764562674.1325223,0.033830704,0.001007131,0.001039210,0.000108521,0.000991552,512
1205,1764562674.1632953,0.018991408,0.000484214,0.000859447,0.000123348,0.000562559,512
1206,1764562674.198059,0.017232358,0.000220758,0.001440361,0.000080309,0.000417602,512
1207,1764562674.297764,0.069961588,0.001198885,0.001723293,0.000466772,0.001183206,512
1208,1764562674.3326404,0.014405925,0.000199769,0.000825886,0.000261042,0.000856192,512
1209,1764562674.3897984,0.032922687,0.001354151,0.001211167,0.000081871,0.000391393,512
1210,1764562674.4383383,0.033182086,0.000162511,0.000861572,0.000073085,0.000384370,512
1211,1764562674.4801323,0.024182027,0.001006389,0.000584159,0.000287351,0.001195910,512
1212,1764562674.5326245,0.036574604,0.000948983,0.000739196,0.000054661,0.000291007,512
1213,1764562674.5694137,0.020986344,0.000313799,0.001410456,0.000073887,0.000333747,512
1214,1764562674.626904,0.045515493,0.000184491,0.000641625,0.000255863,0.001296405,512
1215,1764562674.6482477,0.009872220,0.000388147,0.000783597,0.000047849,0.000283474,512
1216,1764562674.6804907,0.018262681,0.000195531,0.000925119,0.000309602,0.001099171,512
1217,1764562674.7066307,0.011720184,0.000180383,0.001153812,0.000058528,0.000561948,512
1218,1764562674.770478,0.032743646,0.001283833,0.001584768,0.000410569,0.001270006,512
1219,1764562674.9513216,0.155524020,0.000899262,0.001545195,0.000266592,0.000577407,512
1220,1764562675.1072485,0.126503292,0.000960795,0.002030652,0.000397143,0.001402842,512
1221,1764562675.1622787,0.026229290,0.000778328,0.001556616,0.000487070,0.001214655,512
1222,1764562675.2298431,0.036314714,0.000839250,0.000927734,0.000424214,0.001405416,512
1223,1764562675.273136,0.016666803,0.000831686,0.001354002,0.000315843,0.001104770,512
1224,1764562675.369383,0.067280875,0.001303399,0.001290655,0.000339537,0.001270407,512
1225,1764562675.4208274,0.021799366,0.001094332,0.001460799,0.000587466,0.001048568,512
1226,1764562675.4608898,0.014288429,0.000945968,0.001470597,0.000339527,0.001179339,512
1227,1764562675.5456297,0.050400538,0.001171074,0.001628990,0.000447597,0.001319158,512
1228,1764562675.6104555,0.038114949,0.000920270,0.001299291,0.000344176,0.001106424,512
1229,1764562675.6542964,0.017368750,0.000456163,0.001196922,0.000317105,0.000792004,512
1230,1764562675.7089415,0.025246824,0.000849580,0.001201761,0.000631637,0.001088380,512
1231,1764562675.753963,0.019106360,0.001185410,0.001326030,0.000309692,0.000844670,512
1232,1764562675.8323047,0.051623467,0.001487638,0.001155365,0.000138876,0.001502276,512
1233,1764562675.8753214,0.017118868,0.001003685,0.001403383,0.000386043,0.001360564,512
1234,1764562675.9162753,0.013523456,0.000760024,0.001454788,0.000343945,0.000870950,512
1235,1764562675.961865,0.017915671,0.001001511,0.001100583,0.000419505,0.001089583,512
1236,1764562676.006612,0.013421497,0.000938403,0.001948269,0.000497919,0.001008503,512
1237,1764562676.052448,0.017881898,0.001484973,0.001212269,0.000222291,0.001098460,512
1238,1764562676.0797257,0.006355222,0.000372237,0.001104380,0.000292701,0.001117224,512
1239,1764562676.143794,0.046733813,0.000845442,0.000823692,0.000184591,0.000899702,512
1240,1764562676.1681297,0.015555069,0.000338225,0.000576916,0.000044181,0.000438541,512
1241,1764562676.2074068,0.028797646,0.000215569,0.000596151,0.000090747,0.000519730,512
1242,1764562676.265634,0.046546317,0.000439211,0.000682401,0.000051095,0.000277934,512
1243,1764562676.2939608,0.015578372,0.000614325,0.000817420,0.000066423,0.000432119,512
1244,1764562676.3290594,0.023128381,0.000375835,0.000593507,0.000059490,0.000317616,512
1245,1764562676.3760316,0.037240273,0.000376336,0.000701976,0.000078896,0.000483934,512
1246,1764562676.4256964,0.025502968,0.001101946,0.001050571,0.000366787,0.001000869,512
1247,1764562676.5074298,0.068334292,0.000776114,0.000931721,0.000123538,0.000541000,512
1248,1764562676.5308444,0.014497855,0.000323587,0.000705985,0.000111285,0.000504062,512
1249,1764562676.5671887,0.019803679,0.000714160,0.001489162,0.000172930,0.000687179,512
1250,1764562676.582123,0.009126301,0.000145739,0.000637057,0.000073015,0.000353212,512
1251,1764562676.6320598,0.036169305,0.000536912,0.000966025,0.000139898,0.000631958,512
1252,1764562676.6624372,0.018123394,0.000473274,0.000871170,0.000099584,0.000375945,512
1253,1764562676.6890116,0.014793983,0.000668876,0.000809055,0.000104904,0.000499954,512
1254,1764562676.7555013,0.039767212,0.000857043,0.001209374,0.000371236,0.001043348,512
1255,1764562676.8456392,0.058967876,0.001046493,0.001573918,0.000561597,0.001330208,512
1256,1764562676.9178636,0.036354958,0.001399446,0.001754933,0.000480868,0.001074225,512
1257,1764562676.982841,0.042091477,0.001176725,0.001238928,0.000147753,0.000425035,512
1258,1764562677.021169,0.023854954,0.000831827,0.001264006,0.000085298,0.000413003,512
1259,1764562677.0741005,0.023069342,0.001100994,0.002186881,0.000371356,0.001359282,512
1260,1764562677.2134023,0.113395034,0.001090125,0.001243568,0.000260551,0.001018091,512
1261,1764562677.3258982,0.099173148,0.000341080,0.000845893,0.000176627,0.000963120,512
1262,1764562677.4279344,0.077681140,0.001041865,0.001212550,0.000363562,0.001288501,512
1263,1764562677.503948,0.049305354,0.001119128,0.001447314,0.000331642,0.001368829,512
1264,1764562677.5485454,0.018400045,0.001652132,0.001323335,0.000320863,0.000997824,512
1265,1764562677.6104827,0.035722940,0.000948051,0.001286367,0.000353293,0.001187424,512
1266,1764562677.728403,0.100265506,0.000208646,0.001346468,0.000186174,0.000508800,512
1267,1764562677.7738078,0.032561149,0.000682681,0.000518547,0.000125742,0.000490706,512
1268,1764562677.8332965,0.036347063,0.000639903,0.001085566,0.000195070,0.000845052,512
1269,1764562677.9085386,0.052464001,0.000958821,0.000878192,0.000234884,0.000385943,512
1270,1764562677.9309597,0.013240813,0.000339628,0.000571216,0.000046787,0.000282522,512
1271,1764562677.9556527,0.013695503,0.000157170,0.000946358,0.000167389,0.000714300,512
1272,1764562678.0285888,0.057686520,0.000374743,0.001004756,0.000055693,0.000362189,512
1273,1764562678.09911,0.056950309,0.000761347,0.000973909,0.000136312,0.000553773,512
1274,1764562678.1327367,0.022094110,0.000141812,0.000632939,0.000078454,0.000371486,512
1275,1764562678.174298,0.026251711,0.000799307,0.000904541,0.000138987,0.000613143,512
1276,1764562678.2054908,0.014587201,0.000330540,0.001409484,0.000213755,0.000833791,512
1277,1764562678.2260475,0.010347307,0.000086260,0.001079394,0.000099194,0.000526703,512
1278,1764562678.2533507,0.020431839,0.000288953,0.000547422,0.000074358,0.000395971,512
1279,1764562678.3033102,0.040093885,0.000286760,0.000645562,0.000056103,0.000277713,512
1280,1764562678.3489459,0.024784642,0.000950977,0.000729728,0.000161498,0.001005087,512
1281,1764562678.418918,0.038830742,0.001002963,0.001216447,0.000440013,0.001923003,512
1282,1764562678.6238093,0.174088588,0.000924097,0.001736088,0.000360856,0.001199206,512
1283,1764562678.667941,0.030937379,0.000253198,0.000999527,0.000092561,0.000422300,512
1284,1764562678.740681,0.058561516,0.000908218,0.000525872,0.000148665,0.000554404,512
1285,1764562678.782101,0.029405729,0.000777527,0.000680116,0.000111997,0.000450452,512
1286,1764562678.8316567,0.035364498,0.001044279,0.000964081,0.000135951,0.000522225,512
1287,1764562678.865857,0.021056122,0.000789248,0.000549946,0.000123568,0.000414125,512
1288,1764562678.8936734,0.019498164,0.000273886,0.000604126,0.000042118,0.000264468,512
1289,1764562678.9651172,0.057505484,0.001025114,0.000554695,0.000142193,0.000552130,512
1290,1764562679.0494845,0.071320569,0.001020245,0.000548123,0.000078525,0.000539878,512
1291,1764562679.090365,0.027295299,0.000469658,0.000615357,0.000167660,0.000638660,512
1292,1764562679.1837857,0.071589767,0.001014134,0.000876880,0.000121765,0.000787886,512
1293,1764562679.2293656,0.025647785,0.000695064,0.000784911,0.000329649,0.001247515,512
1294,1764562679.287746,0.035258151,0.001125400,0.000929948,0.000318929,0.000979269,512
1295,1764562679.331181,0.024973440,0.000834060,0.000995649,0.000089666,0.000869777,512
1296,1764562679.3625386,0.021157540,0.000711444,0.000773369,0.000112859,0.000311155,512
1297,1764562679.4207773,0.046626044,0.000384691,0.000682501,0.000047117,0.000293082,512
1298,1764562679.4732666,0.037937792,0.000714369,0.000707126,0.000052717,0.000578649,512
1299,1764562679.52547,0.042244690,0.000130191,0.000570764,0.000215157,0.000737543,512
1300,1764562679.5548437,0.016252187,0.000544606,0.000810137,0.000123939,0.000526873,512
1301,1764562679.5994847,0.027832602,0.000352371,0.000843529,0.000211821,0.000728005,512
1302,1764562679.6402874,0.016130452,0.000860680,0.001095103,0.000246877,0.000985241,512
1303,1764562679.7066739,0.036959925,0.001569519,0.001195359,0.000443068,0.001056212,512
1304,1764562679.7877162,0.055654786,0.000957559,0.001135538,0.000207113,0.000890906,512
1305,1764562679.957535,0.153369249,0.000663716,0.001292799,0.000127175,0.000621628,512
1306,1764562679.996225,0.025817850,0.000493572,0.000736761,0.000093423,0.000309492,512
1307,1764562680.0675094,0.050360944,0.000740047,0.000641665,0.000137243,0.000664719,512
1308,1764562680.1164405,0.023781958,0.001134787,0.001244780,0.000329078,0.000992234,512
1309,1764562680.2252371,0.081183882,0.001059358,0.001430974,0.000352521,0.001133434,512
1310,1764562680.2774975,0.026377343,0.001030564,0.001013633,0.000327896,0.001108849,512
1311,1764562680.332312,0.029785752,0.000995660,0.001129958,0.000278244,0.000862844,512
1312,1764562680.4025412,0.055343851,0.000222791,0.000889684,0.000086359,0.000776684,512
1313,1764562680.4242551,0.011114985,0.000176125,0.000497048,0.000126163,0.000922765,512
1314,1764562680.4496434,0.017228090,0.000304182,0.000551438,0.000046476,0.000289735,512
1315,1764562680.4830577,0.023381599,0.000141742,0.000985892,0.000171006,0.000743403,512
1316,1764562680.5200481,0.023148668,0.000231919,0.000796601,0.000059560,0.000309442,512
1317,1764562680.567668,0.035784694,0.000282623,0.000775814,0.000068406,0.000494514,512
1318,1764562680.6314635,0.040732576,0.000729769,0.001514097,0.000290156,0.000637148,512
1319,1764562680.6941812,0.033245743,0.001177165,0.001904549,0.000447176,0.002457220,512
1320,1764562680.7773314,0.054511603,0.001318416,0.001063795,0.000407082,0.001024202,512
1321,1764562680.811369,0.013946787,0.000569613,0.000822480,0.000174001,0.000767908,512
1322,1764562680.8631105,0.025889332,0.001075237,0.001126571,0.000269367,0.000965173,512
1323,1764562680.901769,0.030158941,0.000121725,0.000710203,0.000097791,0.000483834,512
1324,1764562680.9272738,0.011217375,0.000246776,0.000528386,0.000194620,0.000762409,512
1325,1764562680.9599004,0.020636488,0.000597153,0.000637818,0.000078445,0.000350467,512
1326,1764562680.987539,0.017243388,0.000366808,0.000644340,0.000052056,0.000283394,512
1327,1764562681.051177,0.053060532,0.000382857,0.000846744,0.000113039,0.000461933,512
1328,1764562681.0824926,0.022023670,0.000093363,0.000479075,0.000121043,0.000653888,512
1329,1764562681.1307402,0.022369930,0.000569372,0.001729535,0.000403345,0.001189188,512
1330,1764562681.1566718,0.006654966,0.000437198,0.000787004,0.000273034,0.000731672,512
1331,1764562681.2235339,0.039167063,0.001170903,0.001288330,0.000282071,0.000657595,512
1332,1764562681.279014,0.031243775,0.000651624,0.000961887,0.000211341,0.000815247,512
1333,1764562681.3185785,0.019833634,0.000565965,0.000875898,0.000216770,0.000780092,512
1334,1764562681.363521,0.024091010,0.000963811,0.001000469,0.000240594,0.000762780,512
1335,1764562681.3856733,0.010523663,0.000370274,0.000538184,0.000065952,0.000695796,512
1336,1764562681.4133143,0.016184572,0.000458077,0.000740698,0.000046706,0.000288263,512
1337,1764562681.4326649,0.008774672,0.000141762,0.000922043,0.000108220,0.000498862,512
1338,1764562681.5120766,0.068301030,0.000536081,0.000800649,0.000097150,0.000307088,512
1339,1764562681.5710657,0.046656471,0.001101335,0.000744736,0.000113339,0.000402454,512
1340,1764562681.6550088,0.056013908,0.001054809,0.001470677,0.000335119,0.001094031,512
1341,1764562681.7417953,0.060135143,0.001089543,0.001403674,0.000301978,0.000987714,512
1342,1764562681.813806,0.043535114,0.001111383,0.001580831,0.000483113,0.001067552,512
1343,1764562681.8800144,0.047163908,0.000882651,0.000928366,0.000056003,0.000305244,512
1344,1764562681.9333477,0.041673334,0.000193668,0.000657225,0.000158643,0.000660871,512
1345,1764562682.0100272,0.058411378,0.000275920,0.001229973,0.000152823,0.001511052,512
1346,1764562682.0789444,0.049928496,0.000729198,0.001436094,0.000326363,0.001427117,512
1347,1764562682.1701064,0.064289801,0.001557357,0.000823782,0.000214005,0.000861903,512
1348,1764562682.2133653,0.018989414,0.000392715,0.001271038,0.000331232,0.001059046,512
1349,1764562682.2913723,0.052636018,0.001048157,0.001002983,0.000209497,0.001010798,512
1350,1764562682.3537872,0.036042651,0.001200157,0.001548440,0.000826567,0.002096773,512
1351,1764562682.4052396,0.036007856,0.000463316,0.001185511,0.000126383,0.000428552,512
1352,1764562682.5289586,0.110797285,0.000474567,0.001013132,0.000071692,0.000453197,512
1353,1764562682.5863225,0.051969126,0.000121425,0.000760324,0.000067645,0.000394919,512
1354,1764562682.6458025,0.055369699,0.000089626,0.000695215,0.000035365,0.000240334,512
1355,1764562682.7191713,0.045834893,0.001620775,0.001737921,0.000379772,0.000930639,512
1356,1764562682.7574265,0.016263097,0.000723417,0.001195389,0.000199539,0.000842537,512
1357,1764562682.8003905,0.016188308,0.000854699,0.001171885,0.000273605,0.000992143,512
1358,1764562682.8965476,0.079539695,0.001170503,0.001467121,0.000129509,0.000637578,512
1359,1764562682.9801707,0.072780286,0.000153934,0.000898520,0.000107829,0.000544206,512
1360,1764562683.019841,0.021127013,0.000865259,0.000759173,0.000161708,0.000783768,512
1361,1764562683.0576067,0.031716528,0.000117327,0.000865208,0.000044773,0.000269958,512
1362,1764562683.0906587,0.017918846,0.000466302,0.000940758,0.000056114,0.000333055,512
1363,1764562683.1453881,0.028197797,0.000980893,0.001129046,0.000463716,0.001223871,512
1364,1764562683.1763709,0.010714616,0.000376115,0.000923266,0.000257115,0.000954073,512
1365,1764562683.2122817,0.014826173,0.000458557,0.000913538,0.000252136,0.000767598,512
1366,1764562683.2842965,0.043153659,0.001080276,0.001484703,0.000369864,0.001029051,512
1367,1764562683.325506,0.015346593,0.000788196,0.001174790,0.000309753,0.001169030,512
1368,1764562683.373285,0.021603053,0.000824293,0.001357598,0.000347893,0.001052244,512
1369,1764562683.4441845,0.045636236,0.001229201,0.001181102,0.000335500,0.000999848,512
1370,1764562683.478814,0.010936226,0.000536731,0.000927744,0.000285027,0.000924488,512
1371,1764562683.5786319,0.072333811,0.000809415,0.001206108,0.000280067,0.001037788,512
1372,1764562683.6088648,0.008754144,0.000617561,0.001071289,0.000339408,0.001110261,512
1373,1764562683.6788726,0.042614513,0.001158400,0.001006720,0.000341531,0.001013122,512
1374,1764562683.755285,0.051799663,0.000755055,0.001072962,0.000260672,0.000599046,512
1375,1764562683.802572,0.024592126,0.001136930,0.001047395,0.000389019,0.000923085,512
1376,1764562683.899679,0.070707285,0.000774010,0.001099161,0.000296939,0.000752160,512
1377,1764562683.976981,0.049600340,0.001061561,0.001137461,0.000233832,0.001830863,512
1378,1764562684.0503953,0.046790809,0.000913488,0.001177125,0.000359314,0.001119608,512
1379,1764562684.172814,0.095011440,0.001595418,0.000759524,0.000226268,0.000920511,512
1380,1764562684.203705,0.011925403,0.000531061,0.001036304,0.000253027,0.000885145,512
1381,1764562684.2357972,0.009426125,0.000512417,0.001148271,0.000338325,0.001027468,512
1382,1764562684.3115635,0.049863846,0.001026848,0.001002552,0.000316264,0.000964643,512
1383,1764562684.4439209,0.110615238,0.001186672,0.000995890,0.000271291,0.000883983,512
1384,1764562684.4743001,0.022507715,0.000208735,0.000817901,0.000087191,0.000523587,512
1385,1764562684.5091054,0.023053223,0.000995129,0.000845472,0.000075851,0.000374852,512
1386,1764562684.579634,0.054604596,0.000485266,0.001487518,0.000118349,0.000447657,512
1387,1764562684.6729383,0.058776152,0.001011028,0.000972416,0.000404989,0.001314869,512
1388,1764562684.722169,0.027837792,0.000861402,0.001119920,0.000162420,0.000641806,512
1389,1764562684.8062813,0.051197851,0.001291967,0.001265187,0.000403856,0.001266550,512
1390,1764562684.8599615,0.023768714,0.000979239,0.000710673,0.000387737,0.001188095,512
1391,1764562684.9008524,0.029353512,0.000150909,0.000696156,0.000085297,0.000893631,512
1392,1764562685.006929,0.091609273,0.001120771,0.000541951,0.000139097,0.000611440,512
1393,1764562685.0420744,0.023971479,0.000121364,0.000709601,0.000071862,0.000551369,512
1394,1764562685.0934408,0.038368729,0.000177057,0.001085556,0.000159154,0.000620887,512
1395,1764562685.135463,0.019818676,0.000664377,0.000923907,0.000294043,0.000912035,512
1396,1764562685.1795123,0.023894767,0.000695355,0.000997203,0.000222902,0.000806340,512
1397,1764562685.2293613,0.030066079,0.000745106,0.000831677,0.000211180,0.000744846,512
1398,1764562685.302411,0.051705469,0.000792253,0.000886358,0.000263336,0.000832629,512
1399,1764562685.3706875,0.044369735,0.000873033,0.001267101,0.000231998,0.000823983,512
1400,1764562685.4072847,0.026268683,0.000370133,0.000800068,0.000045164,0.000278865,512
1401,1764562685.451098,0.024126004,0.000856562,0.001036895,0.000200741,0.000926532,512
1402,1764562685.520153,0.057204930,0.000436507,0.000702438,0.000050624,0.000470029,512
1403,1764562685.5529964,0.026369690,0.000189420,0.000525040,0.000109532,0.000500194,512
1404,1764562685.6241338,0.043626212,0.001088171,0.001336670,0.000254069,0.001228300,512
1405,1764562685.687504,0.033969661,0.000865879,0.001506884,0.000370975,0.000948662,512
1406,1764562685.7377744,0.024937864,0.000955395,0.001212430,0.000260341,0.000850491,512
1407,1764562685.768686,0.010888778,0.000482752,0.000923336,0.000217773,0.000507768,512
1408,1764562685.802522,0.015661436,0.000421669,0.001043928,0.000211821,0.000709471,512
1409,1764562685.8642838,0.044446087,0.001047084,0.000861842,0.000110604,0.001152549,512
1410,1764562685.9009156,0.027997657,0.000174342,0.000821077,0.000141903,0.000547081,512
1411,1764562686.0181375,0.100127642,0.001091446,0.000782586,0.000148284,0.000751739,512
1412,1764562686.0562284,0.032418145,0.000122396,0.000887289,0.000056164,0.000356790,512
1413,1764562686.082668,0.014251160,0.000629863,0.000727304,0.000078515,0.000500936,512
1414,1764562686.1486397,0.043300590,0.000660511,0.001043908,0.000224415,0.000694473,512
1415,1764562686.2407832,0.065394590,0.001054578,0.001361596,0.000288523,0.000872963,512
1416,1764562686.2976534,0.029634682,0.000983117,0.001175632,0.000378319,0.001306905,512
1417,1764562686.3582351,0.045803064,0.000281841,0.000932072,0.000261713,0.000867933,512
1418,1764562686.4087944,0.039166573,0.000201482,0.001019514,0.000172519,0.000705794,512
1419,1764562686.4367528,0.016756659,0.000329348,0.000695364,0.000110414,0.000747321,512
1420,1764562686.4999468,0.042985829,0.001039732,0.000851133,0.000211421,0.000774100,512
1421,1764562686.5348582,0.024800861,0.000340649,0.000874806,0.000053409,0.000379942,512
1422,1764562686.5640066,0.018644917,0.000507557,0.000617852,0.000098342,0.000497800,512
1423,1764562686.579908,0.006710238,0.000358372,0.000755045,0.000093913,0.000506766,512
1424,1764562686.631562,0.025179460,0.000677502,0.000980953,0.000305975,0.000987554,512
1425,1764562686.668184,0.014495011,0.000546048,0.000813624,0.000129039,0.000786072,512
1426,1764562686.695412,0.009768669,0.000249251,0.000745056,0.000260210,0.000715812,512
1427,1764562686.7237868,0.009796971,0.000438891,0.001018382,0.000159033,0.000737061,512
1428,1764562686.8124914,0.064203350,0.001101495,0.000863355,0.000244412,0.000882752,512
1429,1764562686.884863,0.051087968,0.001107977,0.001039811,0.000056465,0.000309912,512
1430,1764562686.9138575,0.018901893,0.000116976,0.000915030,0.000117337,0.000563130,512
1431,1764562686.9828494,0.058731159,0.000378079,0.000848958,0.000048760,0.000287751,512
1432,1764562687.0510342,0.055832003,0.000243440,0.000740348,0.000071272,0.000348124,512
1433,1764562687.1119485,0.038826525,0.000165746,0.001070959,0.000295256,0.000915281,512
1434,1764562687.1512,0.018573776,0.000688533,0.000906064,0.000176486,0.000770543,512
1435,1764562687.1854794,0.011342396,0.000658015,0.001197032,0.000260782,0.000824693,512
1436,1764562687.2822492,0.065731213,0.001002813,0.002038536,0.000340659,0.000916804,512
1437,1764562687.366616,0.058178329,0.001198414,0.000603596,0.000287812,0.000974410,512
1438,1764562687.4134102,0.040581316,0.000266924,0.000518979,0.000049652,0.000408925,512
1439,1764562687.4527793,0.027278378,0.001132893,0.001224242,0.000133026,0.000594108,512
1440,1764562687.4761808,0.012177809,0.000834020,0.001007611,0.000069328,0.000423753,512
1441,1764562687.5496237,0.054714178,0.001296214,0.000999216,0.000176246,0.001730187,512
1442,1764562687.6415458,0.065104495,0.001939904,0.001209856,0.000169383,0.001143112,512
1443,1764562687.6962132,0.026630912,0.001315952,0.001192854,0.000370555,0.001115511,512
1444,1764562687.74357,0.021287009,0.000816489,0.001031466,0.000297379,0.000985300,512
1445,1764562687.7793577,0.017090666,0.000478664,0.001217008,0.000135109,0.000744465,512
1446,1764562687.8541498,0.047759008,0.000957610,0.001274645,0.000349566,0.001243919,512
1447,1764562687.8919072,0.026578124,0.000138135,0.001104000,0.000142193,0.000618723,512
1448,1764562687.944793,0.040093164,0.000437117,0.000798425,0.000047658,0.000277833,512
1449,1764562688.0211968,0.049821508,0.001127503,0.001430804,0.000372568,0.001178768,512
1450,1764562688.0633314,0.018279863,0.000785271,0.000975863,0.000431036,0.001054278,512
1451,1764562688.1016681,0.016103292,0.000535239,0.001053416,0.000349055,0.000940036,512
1452,1764562688.1860847,0.056524022,0.000969401,0.001070969,0.000502899,0.001152940,512
1453,1764562688.2570713,0.044438833,0.001170964,0.001240862,0.000223123,0.001104130,512
1454,1764562688.3099318,0.025461181,0.001480665,0.001369671,0.000264268,0.000953882,512
1455,1764562688.394282,0.053294245,0.001135318,0.001428289,0.000383258,0.001209715,512
1456,1764562688.4357686,0.017722112,0.001357408,0.000742422,0.000377949,0.001185080,512
1457,1764562688.5011156,0.037748933,0.001140397,0.001335396,0.000417190,0.001021337,512
1458,1764562688.5692623,0.053631728,0.000167339,0.001280305,0.000073235,0.000390682,512
1459,1764562688.6108537,0.014192803,0.001081970,0.001325870,0.000308109,0.000969100,512
1460,1764562688.656096,0.020402434,0.000954854,0.001332112,0.000220748,0.000862514,512
1461,1764562688.6946027,0.013304190,0.000714800,0.001102987,0.000362951,0.001239290,512
1462,1764562688.7584386,0.049894232,0.000333316,0.000903219,0.000065851,0.000616670,512
1463,1764562688.7937334,0.025843176,0.000306106,0.000570535,0.000043941,0.000282502,512
1464,1764562688.8075805,0.007263430,0.000103081,0.000717766,0.000070881,0.000420127,512
1465,1764562688.8671222,0.047761102,0.000178560,0.000576555,0.000333426,0.000964502,512
1466,1764562688.9073439,0.029818541,0.000215308,0.000538074,0.000110454,0.000639912,512
1467,1764562688.9402277,0.020929408,0.000509271,0.000608614,0.000164715,0.000816809,512
1468,1764562689.049576,0.085557052,0.001178728,0.001085576,0.000203636,0.000396192,512
1469,1764562689.1117744,0.035318824,0.000831085,0.001242345,0.000355517,0.001158760,512
1470,1764562689.1726289,0.034477119,0.000974471,0.001032337,0.000312167,0.000949705,512
1471,1764562689.2695317,0.069048882,0.001172937,0.001266830,0.000444982,0.000887470,512
1472,1764562689.3754802,0.079421195,0.001318507,0.001361175,0.000390161,0.000994698,512
1473,1764562689.409381,0.015766570,0.000719880,0.000793156,0.000096198,0.001126401,512
1474,1764562689.456838,0.033695584,0.000923206,0.000661893,0.000168141,0.000693912,512
1475,1764562689.6400025,0.160469426,0.001201270,0.000913578,0.000336341,0.001116923,512
1476,1764562689.7020693,0.038579678,0.000883712,0.000838169,0.000310234,0.001077050,512
1477,1764562689.7410755,0.018694058,0.000715903,0.000954634,0.000225357,0.000796993,512
1478,1764562689.8079243,0.038536228,0.001044109,0.001478061,0.000352591,0.001129888,512
1479,1764562689.886969,0.050381363,0.001103158,0.001211299,0.000385312,0.001080727,512
1480,1764562689.9375436,0.021541168,0.001271900,0.001299001,0.000275700,0.001069576,512
1481,1764562689.992705,0.022635981,0.001057444,0.001586230,0.000525691,0.001344023,512
1482,1764562690.0443068,0.022366714,0.000958892,0.001119969,0.000318559,0.001001280,512
1483,1764562690.091362,0.027535483,0.000834001,0.000536501,0.000361538,0.001086307,512
1484,1764562690.1488051,0.041727133,0.000487441,0.000524398,0.000173611,0.000868384,512
1485,1764562690.2040534,0.043584845,0.000587215,0.001015517,0.000050443,0.000304583,512
1486,1764562690.2619135,0.048065083,0.000197074,0.000730971,0.000053779,0.000468886,512
1487,1764562690.2951481,0.019143048,0.000683713,0.000908558,0.000106707,0.000538435,512
1488,1764562690.3613346,0.059818889,0.000199759,0.000597934,0.000044152,0.000272895,512
1489,1764562690.4085696,0.028962650,0.000951307,0.000544456,0.000170856,0.000654880,512
1490,1764562690.4313345,0.014252763,0.000111105,0.000735179,0.000083053,0.000582115,512
1491,1764562690.4899087,0.042204726,0.001243668,0.001110612,0.000218273,0.000803615,512
1492,1764562690.547057,0.029258527,0.000869607,0.001091526,0.000363993,0.001058486,512
1493,1764562690.6276302,0.049533025,0.001163560,0.001819512,0.000170085,0.001549232,512
1494,1764562690.6856594,0.028567289,0.001172647,0.001297086,0.000326634,0.001126200,512
1495,1764562690.7778618,0.064387059,0.000651674,0.001418531,0.000433100,0.001299451,512
1496,1764562690.8586962,0.051313304,0.001067052,0.001557197,0.000292170,0.001550735,512
1497,1764562690.9929655,0.107671490,0.001103579,0.001375692,0.000344006,0.001095625,512
1498,1764562691.0293672,0.017743792,0.000633180,0.001013092,0.000072604,0.000675478,512
1499,1764562691.0588408,0.016300125,0.000262846,0.001117885,0.000178239,0.000903299,512
1500,1764562691.0987504,0.027784353,0.000423141,0.000592505,0.000088914,0.000516845,512
1501,1764562691.120393,0.012768381,0.000244402,0.000573569,0.000092911,0.000680758,512
1502,1764562691.1351821,0.008172219,0.000145449,0.000561256,0.000071311,0.000460010,512
1503,1764562691.1683269,0.025830694,0.000252146,0.000498250,0.000073175,0.000285247,512
1504,1764562691.1873055,0.013074656,0.000083755,0.000624464,0.000098552,0.000414536,512
1505,1764562691.2076392,0.012122096,0.000111666,0.000488333,0.000109542,0.000832908,512
1506,1764562691.3132122,0.091480596,0.000759813,0.000803725,0.000101358,0.000541341,512
1507,1764562691.347791,0.023501540,0.000287631,0.000550146,0.000143255,0.000669908,512
1508,1764562691.3830626,0.023138980,0.000518549,0.000765524,0.000172148,0.000675498,512
1509,1764562691.450262,0.053504463,0.000350568,0.000797934,0.000072574,0.000711024,512
1510,1764562691.4823277,0.023281113,0.000088864,0.000854799,0.000099814,0.000567488,512
1511,1764562691.5471563,0.053992214,0.000792194,0.000773489,0.000099604,0.000515553,512
1512,1764562691.583728,0.022388203,0.000745226,0.000588106,0.000188568,0.000651053,512
1513,1764562691.6160104,0.015778492,0.000693351,0.000828892,0.000277092,0.000667103,512
1514,1764562691.7195497,0.076220712,0.001209585,0.001675224,0.000341241,0.001021898,512
1515,1764562691.789663,0.040246388,0.001201559,0.001584457,0.000379702,0.001170914,512
1516,1764562691.859449,0.044692842,0.000963350,0.001316312,0.000299444,0.001019274,512
1517,1764562691.953681,0.064084370,0.001552128,0.001568197,0.000402454,0.001271639,512
1518,1764562692.0242572,0.039842812,0.001165263,0.001817167,0.000497899,0.001270096,512
1519,1764562692.1082666,0.054854016,0.001146589,0.001562667,0.000399528,0.001309410,512
1520,1764562692.194479,0.054814373,0.001340737,0.001379409,0.000391083,0.001252484,512
1521,1764562692.2523022,0.031754158,0.001215907,0.000640613,0.000347572,0.001409393,512
1522,1764562692.284043,0.016199730,0.001012351,0.000592625,0.000152081,0.000592885,512
1523,1764562692.3361976,0.025494202,0.001080216,0.001093190,0.000289104,0.000933835,512
1524,1764562692.4161103,0.068094648,0.000175254,0.000569592,0.000071021,0.000457495,512
1525,1764562692.4312384,0.006074102,0.000292451,0.000975172,0.000105866,0.000491137,512
1526,1764562692.4715786,0.028708650,0.000400841,0.000935389,0.000120502,0.000500886,512
1527,1764562692.523486,0.037967647,0.001014384,0.000563251,0.000190401,0.000498391,512
1528,1764562692.6716728,0.118555278,0.001189538,0.001520729,0.000392185,0.001177415,512
1529,1764562692.7406287,0.041561417,0.001157138,0.001044570,0.000288683,0.000920941,512
1530,1764562692.777522,0.017363070,0.000840253,0.000564483,0.000209577,0.000749525,512
1531,1764562692.8923924,0.090338566,0.001182414,0.001263143,0.000403586,0.001161516,512
1532,1764562692.9580142,0.042653685,0.001171935,0.000552050,0.000339237,0.001030765,512
1533,1764562692.9941156,0.018394334,0.000244482,0.001057293,0.000190352,0.000367369,512
1534,1764562693.0322015,0.017371435,0.000723397,0.000786984,0.000300856,0.001115802,512
1535,1764562693.0996404,0.056734079,0.000178480,0.000503701,0.000061012,0.000357851,512
1536,1764562693.1455605,0.031839145,0.000126814,0.001019192,0.000090838,0.000354075,512
1537,1764562693.2006514,0.026044489,0.001021417,0.001387713,0.000481209,0.001821235,512
1538,1764562693.2659159,0.041234212,0.001249097,0.001090896,0.000251765,0.001317645,512
1539,1764562693.316857,0.025796521,0.001022409,0.001328675,0.000346430,0.001272982,512
1540,1764562693.3518043,0.015153908,0.000643379,0.001037116,0.000216530,0.000683423,512
1541,1764562693.4171104,0.047124836,0.000279777,0.001201159,0.000146390,0.000370214,512
1542,1764562693.455859,0.012926783,0.001019463,0.001105342,0.000396693,0.000958090,512
1543,1764562693.5100446,0.024832500,0.000983698,0.001242846,0.000573249,0.001040923,512
1544,1764562693.5771098,0.040421802,0.001217700,0.001183176,0.000262235,0.000941470,512
1545,1764562693.6153138,0.020542514,0.000436466,0.000839381,0.000210860,0.000793306,512
1546,1764562693.6425972,0.011754848,0.000420046,0.000781003,0.000086640,0.000673244,512
1547,1764562693.6918564,0.034968276,0.000979940,0.001076879,0.000238000,0.000973068,512
1548,1764562693.7317107,0.013961094,0.000844370,0.001522163,0.000322285,0.001015476,512
1549,1764562693.8243418,0.065214918,0.001017320,0.001105733,0.000271562,0.000964773,512
1550,1764562693.8514965,0.011177972,0.000253428,0.000947110,0.000154756,0.000808654,512
1551,1764562693.881286,0.008808765,0.000409276,0.001728654,0.000367158,0.001075737,512
1552,1764562693.92751,0.029387895,0.000247958,0.000943824,0.000082282,0.000443330,512
1553,1764562693.9793854,0.022662651,0.000745527,0.001729294,0.000427891,0.001460999,512
1554,1764562694.0315294,0.028199720,0.000979641,0.000996151,0.000224625,0.000830755,512
1555,1764562694.1347172,0.088730665,0.000270510,0.000798835,0.000073756,0.000320292,512
1556,1764562694.1891222,0.042197833,0.000896487,0.000965895,0.000047939,0.000473104,512
1557,1764562694.2320647,0.028685708,0.000843428,0.000551749,0.000212622,0.000677912,512
1558,1764562694.2962706,0.055935654,0.000221108,0.000805338,0.000093333,0.000520872,512
1559,1764562694.3157294,0.008300185,0.000331563,0.000525801,0.000164423,0.000687130,512
1560,1764562694.3714101,0.032728578,0.000668765,0.001432356,0.000289866,0.001008974,512
1561,1764562694.4125383,0.020124331,0.000711354,0.000817460,0.000194860,0.000830445,512
1562,1764562694.4465342,0.022072320,0.000944625,0.000853707,0.000087191,0.000494654,512
1563,1764562694.483645,0.024558002,0.000285477,0.000547822,0.000204047,0.000874977,512
1564,1764562694.5198958,0.017474596,0.000567038,0.001079885,0.000218674,0.000719400,512
1565,1764562694.5886037,0.053956237,0.000749935,0.000803174,0.000082342,0.000561838,512
1566,1764562694.6716182,0.069457077,0.000762960,0.000860179,0.000100907,0.000498541,512
1567,1764562694.697571,0.011810871,0.000384039,0.000805388,0.000167600,0.000638830,512
1568,1764562694.7581007,0.052067398,0.000156839,0.000970624,0.000134969,0.000309271,512
1569,1764562694.8420086,0.072359879,0.000169613,0.000679325,0.000049752,0.001045793,512
1570,1764562694.9094956,0.050951216,0.001021447,0.000616709,0.000212192,0.000608614,512
1571,1764562694.9589944,0.037947741,0.000205309,0.000963821,0.000122797,0.000577197,512
1572,1764562695.0320492,0.060886992,0.000280408,0.000874806,0.000120723,0.000466743,512
1573,1764562695.0900218,0.042937510,0.000456774,0.001560904,0.000217782,0.000469838,512
1574,1764562695.2216876,0.105320856,0.001117865,0.001680325,0.000368250,0.001139785,512
1575,1764562695.3332784,0.082961155,0.001206649,0.002151525,0.000410548,0.001331670,512
1576,1764562695.3918154,0.027800943,0.001168840,0.001809914,0.000481018,0.001414113,512
1577,1764562695.4537127,0.042643587,0.001072582,0.001038068,0.000093412,0.000543033,512
1578,1764562695.5213754,0.038414773,0.001168389,0.001738081,0.000526934,0.001257514,512
1579,1764562695.6091118,0.069722647,0.000242638,0.001381111,0.000269017,0.001131581,512
1580,1764562695.6759799,0.048670802,0.000466793,0.001195919,0.000126424,0.000334478,512
1581,1764562695.7878816,0.086965244,0.001200909,0.001018722,0.000309792,0.000981483,512
1582,1764562695.8367457,0.026141669,0.001062964,0.001284604,0.000297590,0.001071660,512
1583,1764562695.9205835,0.057065662,0.001026436,0.001224652,0.000223594,0.000909370,512
1584,1764562695.9847033,0.040530222,0.000815406,0.001314168,0.000307538,0.001057153,512
1585,1764562696.0547347,0.042526039,0.001207781,0.001287139,0.000268496,0.001090004,512
1586,1764562696.105926,0.035377913,0.001143553,0.001035213,0.000288604,0.000961536,512
1587,1764562696.1466224,0.026320929,0.000918738,0.000957579,0.000051225,0.000285828,512
1588,1764562696.1762102,0.020354125,0.000326013,0.000720491,0.000090227,0.000488272,512
1589,1764562696.2107525,0.016848799,0.000667964,0.000810587,0.000192596,0.000815798,512
1590,1764562696.265205,0.036338087,0.000264468,0.001058655,0.000235114,0.000942372,512
1591,1764562696.340593,0.052921215,0.001065318,0.001130890,0.000160577,0.000510263,512
1592,1764562696.3692243,0.018759148,0.000251595,0.000583578,0.000044994,0.000295175,512
1593,1764562696.397729,0.020017443,0.000092982,0.000663315,0.000071712,0.000521233,512
1594,1764562696.4295268,0.027529953,0.000119060,0.000493802,0.000043070,0.000277002,512
1595,1764562696.5144145,0.063575730,0.000918547,0.000686738,0.000168261,0.000742802,512
1596,1764562696.567807,0.041615958,0.000157531,0.001103780,0.000048940,0.000321574,512
1597,1764562696.633237,0.035414611,0.001187413,0.000976675,0.000376175,0.001298479,512
1598,1764562696.6888475,0.031155912,0.001683270,0.002431552,0.000386083,0.001262853,512
1599,1764562696.7355516,0.018577824,0.001228900,0.001196200,0.000460331,0.001578496,512
1600,1764562696.7745373,0.023933799,0.000457305,0.000635564,0.000124830,0.000601842,512
1601,1764562696.8816743,0.075836192,0.001191702,0.000630945,0.000247778,0.001623871,512
1602,1764562696.9409218,0.034145556,0.001218652,0.001338673,0.000089695,0.000629714,512
1603,1764562697.0592594,0.082056064,0.001336139,0.001543612,0.000383709,0.001289022,512
1604,1764562697.1593652,0.071354161,0.000968439,0.001242976,0.000325271,0.001376203,512
1605,1764562697.2446,0.068961320,0.000451153,0.000936651,0.000070981,0.000369142,512
1606,1764562697.3028939,0.030505250,0.001110532,0.001467150,0.000375063,0.000985311,512
1607,1764562697.3413403,0.015089389,0.000596602,0.001184078,0.000301146,0.000904641,512
1608,1764562697.3809,0.023505177,0.000140439,0.001195929,0.000207694,0.000528897,512
1609,1764562697.5059881,0.098096619,0.001033931,0.001121853,0.000271442,0.000904280,512
1610,1764562697.5634985,0.026943249,0.001009956,0.001796238,0.000446745,0.001155945,512
1611,1764562697.6482687,0.057121004,0.001224662,0.001178467,0.000281971,0.001048317,512
1612,1764562697.673047,0.006915317,0.000354625,0.001024903,0.000258929,0.000838680,512
1613,1764562697.7051957,0.014003402,0.000622871,0.001255229,0.000057386,0.000355877,512
1614,1764562697.7379274,0.018608952,0.000120293,0.001372014,0.000066633,0.000354756,512
1615,1764562697.7864032,0.021310803,0.001039331,0.000986061,0.000403625,0.001117494,512
1616,1764562697.8165066,0.009327363,0.000656473,0.000816038,0.000247828,0.000836145,512
1617,1764562697.8781285,0.037393888,0.001050862,0.000900925,0.000180433,0.000823701,512
1618,1764562697.9191883,0.018372604,0.000857845,0.001005889,0.000231448,0.000950577,512
1619,1764562697.9649444,0.021069237,0.000777587,0.001061491,0.000313720,0.000865690,512
1620,1764562698.0201528,0.041523347,0.000163232,0.000899912,0.000070721,0.000390873,512
1621,1764562698.0802143,0.033239953,0.001062774,0.001242936,0.000285177,0.000897308,512
1622,1764562698.2304432,0.119246866,0.001073463,0.002033407,0.000391834,0.001269024,512
1623,1764562698.3429275,0.085756470,0.001208032,0.000873825,0.000239372,0.000912957,512
1624,1764562698.392014,0.027410232,0.000866151,0.001085436,0.000351639,0.000880507,512
1625,1764562698.4460297,0.030079093,0.001026697,0.001080176,0.000301978,0.000959964,512
1626,1764562698.4908054,0.029525330,0.000843899,0.000810057,0.000210619,0.001006319,512
1627,1764562698.5747004,0.069476382,0.001258195,0.000674015,0.000187737,0.000570714,512
1628,1764562698.6363735,0.036713240,0.000982295,0.001362557,0.000198296,0.000938424,512
1629,1764562698.672245,0.014133723,0.000699261,0.001060179,0.000233121,0.000923636,512
1630,1764562698.744184,0.042547869,0.001125028,0.001272471,0.000369562,0.001159433,512
1631,1764562698.8385541,0.068293656,0.000350297,0.001674083,0.000385472,0.001115992,512
1632,1764562698.9032648,0.035680783,0.001165303,0.001484032,0.000384831,0.001191201,512
1633,1764562698.9540925,0.024848559,0.000976745,0.001169741,0.000139939,0.001299782,512
1634,1764562699.0110853,0.035976178,0.001067863,0.001044179,0.000297630,0.000955696,512
1635,1764562699.0663216,0.038967525,0.000505724,0.000767468,0.000144257,0.000592154,512
1636,1764562699.1427083,0.045915361,0.001111734,0.001871557,0.000416720,0.001150305,512
1637,1764562699.1866019,0.017866549,0.000769632,0.001472520,0.000096528,0.000964582,512
1638,1764562699.2390091,0.028570596,0.001066300,0.001043758,0.000222161,0.000843959,512
1639,1764562699.2952526,0.032334390,0.001047745,0.001440031,0.000073786,0.000388458,512
1640,1764562699.3501263,0.037914709,0.001258556,0.001528755,0.000108641,0.000568681,512
1641,1764562699.406747,0.028507359,0.001110602,0.001131772,0.000423722,0.001251823,512
1642,1764562699.4522808,0.019928188,0.000843028,0.001257112,0.000281440,0.000959403,512
1643,1764562699.480369,0.008614476,0.000425606,0.001210957,0.000144397,0.000624154,512
1644,1764562699.5352876,0.025232628,0.001058045,0.001694300,0.000371867,0.001273232,512
1645,1764562699.628769,0.058737200,0.001042826,0.001617749,0.000507909,0.001367676,512
1646,1764562699.668265,0.025191703,0.000167159,0.001231364,0.000079918,0.000418092,512
1647,1764562699.830863,0.140589497,0.001274154,0.001582744,0.000085638,0.000377297,512
1648,1764562699.883342,0.025566175,0.001117325,0.001340838,0.000353103,0.001148813,512
1649,1764562700.0157192,0.102937353,0.000871279,0.001121883,0.000494634,0.001247565,512
1650,1764562700.1008234,0.049842938,0.001264546,0.002113525,0.000374282,0.001199487,512
1651,1764562700.1736906,0.041292821,0.001316903,0.001211989,0.000522095,0.001531650,512
1652,1764562700.239715,0.046657322,0.001328865,0.001349173,0.000681399,0.001679453,512
1653,1764562700.3955946,0.125741715,0.001270087,0.001433438,0.000396352,0.001297908,512
1654,1764562700.5246263,0.097983761,0.000842897,0.001516712,0.000414475,0.001273683,512
1655,1764562700.5858438,0.028583831,0.001217510,0.001626554,0.000416791,0.001263244,512
1656,1764562700.6296325,0.012778149,0.001195839,0.001841492,0.000251595,0.001233609,512
1657,1764562700.689,0.026580710,0.001151227,0.001795898,0.000270880,0.001087629,512
1658,1764562700.7372396,0.014437955,0.001129628,0.001917483,0.000465289,0.001207411,512
1659,1764562700.8424244,0.070643759,0.001380250,0.001448447,0.000436787,0.001218160,512
1660,1764562700.8866708,0.014714666,0.000997403,0.001586741,0.000367128,0.001387714,512
1661,1764562700.9521713,0.029053048,0.000787525,0.001785258,0.000458296,0.001048006,512
1662,1764562701.009543,0.019137828,0.001199406,0.001744493,0.000711705,0.001722623,512
1663,1764562701.1367178,0.097264382,0.001319327,0.001858253,0.000390852,0.001233018,512
1664,1764562701.245221,0.077062547,0.001786801,0.001131150,0.000489043,0.001238588,512
1665,1764562701.2886865,0.015371059,0.001228980,0.001232657,0.000309282,0.001554142,512
1666,1764562701.350515,0.032384232,0.001122904,0.001638967,0.000377027,0.001326681,512
1667,1764562701.4359703,0.051943418,0.001120720,0.001092048,0.000371436,0.001120260,512
1668,1764562701.4860713,0.020089577,0.000936840,0.001665487,0.000455582,0.001031256,512
1669,1764562701.5542507,0.037322736,0.001116673,0.001326150,0.000368862,0.001241144,512
1670,1764562701.5973477,0.008571726,0.000736941,0.002367665,0.000576345,0.001997100,512
1671,1764562701.657635,0.021107497,0.000960825,0.001673082,0.000478083,0.001152390,512
1672,1764562701.7733815,0.084712742,0.001210357,0.001589577,0.000317667,0.001233228,512
1673,1764562701.8407145,0.033867963,0.000999968,0.001899839,0.000476470,0.001258355,512
1674,1764562701.8924649,0.017635502,0.000972416,0.001559381,0.000312377,0.001244629,512
1675,1764562701.9582562,0.030109659,0.001238067,0.001123346,0.000736380,0.001933071,512
1676,1764562702.0540292,0.064330495,0.000956778,0.001328634,0.000408755,0.001256421,512
1677,1764562702.1321666,0.045531001,0.001736910,0.001710801,0.000431367,0.001487348,512
1678,1764562702.2049778,0.039397018,0.001297998,0.002280263,0.000429072,0.001042807,512
1679,1764562702.2665339,0.030895952,0.001121412,0.001315059,0.000438140,0.001131721,512
1680,1764562702.3064358,0.009875375,0.000850781,0.001367847,0.000277252,0.001725749,512
1681,1764562702.3851426,0.051677457,0.001677138,0.001367446,0.000266282,0.000949795,512
1682,1764562702.4574478,0.034797851,0.001187404,0.002793721,0.000511025,0.001431455,512
1683,1764562702.5946257,0.101431551,0.001092288,0.001553490,0.000368060,0.001444830,512
1684,1764562702.6499119,0.021497137,0.001264636,0.001660679,0.000708449,0.001576944,512
1685,1764562702.750505,0.072023117,0.001188737,0.001398464,0.000365165,0.001210887,512
1686,1764562702.7995799,0.018672609,0.001274845,0.002164148,0.000518799,0.001327102,512
1687,1764562702.8575497,0.023135674,0.002052042,0.001872690,0.000637238,0.001518615,512
1688,1764562702.9107783,0.018203892,0.001266840,0.002096844,0.000432970,0.001194016,512
1689,1764562702.987825,0.037069047,0.001598734,0.002216465,0.000458767,0.001528894,512
1690,1764562703.0295293,0.011535593,0.001254007,0.001322964,0.000440484,0.001236725,512
1691,1764562703.1051385,0.039427384,0.000949795,0.002369838,0.000482652,0.001353651,512
1692,1764562703.1527524,0.016078736,0.000625646,0.001351097,0.000340860,0.001358350,512
1693,1764562703.2375286,0.053671511,0.001111714,0.001515089,0.000504352,0.001738061,512
1694,1764562703.282687,0.013308598,0.001027589,0.002001247,0.000307828,0.001421036,512
1695,1764562703.3266647,0.012206753,0.001114580,0.001747469,0.000505434,0.001541828,512
1696,1764562703.4210877,0.061053209,0.001076088,0.001615936,0.000665159,0.001296806,512
1697,1764562703.5704408,0.114848089,0.001524868,0.001661560,0.000247738,0.001713295,512
1698,1764562703.6328425,0.029283944,0.001294893,0.001760813,0.000387215,0.001452153,512
1699,1764562703.6852415,0.023390866,0.001291275,0.001325068,0.000372909,0.001102327,512
1700,1764562703.7634993,0.047300862,0.001147249,0.001248687,0.000462174,0.001283171,512
1701,1764562703.830767,0.035247031,0.001227157,0.001727552,0.000479426,0.001344153,512
1702,1764562703.8947656,0.035677176,0.000997092,0.001574669,0.000410899,0.001189808,512
1703,1764562704.002596,0.072641950,0.001180551,0.001426234,0.000349936,0.001300943,512
1704,1764562704.0872464,0.051248505,0.001243798,0.001865396,0.000527394,0.001159092,512
1705,1764562704.1477494,0.028631990,0.001220394,0.001192613,0.000311276,0.001335808,512
1706,1764562704.2175708,0.038790638,0.001278462,0.001747139,0.000480908,0.001183647,512
1707,1764562704.2771864,0.026447474,0.001147710,0.001315170,0.000453668,0.001310442,512
1708,1764562704.3425717,0.028716886,0.001246362,0.001690423,0.000950577,0.002229640,512
1709,1764562704.39068,0.019505988,0.001025504,0.001702505,0.000298401,0.001026276,512
1710,1764562704.4377174,0.018777523,0.001025334,0.001180340,0.000425586,0.001623480,512
1711,1764562704.5322094,0.059323283,0.000878754,0.001952618,0.000527565,0.001546127,512
1712,1764562704.6598713,0.094612903,0.001134126,0.001444388,0.000658096,0.001707525,512
1713,1764562704.7516592,0.058971022,0.001182845,0.001485234,0.000548083,0.001302958,512
1714,1764562704.82842,0.042758829,0.001394256,0.001764480,0.000477783,0.001334576,512
1715,1764562704.896819,0.036071013,0.001077390,0.001889080,0.000395491,0.001343893,512
1716,1764562704.9506528,0.022110079,0.000914239,0.001746858,0.000474697,0.001252574,512
1717,1764562705.0114202,0.031334152,0.001109399,0.001373207,0.000383428,0.001244890,512
1718,1764562705.0656414,0.026930927,0.001447544,0.001209365,0.000364874,0.000831717,512
1719,1764562705.1215503,0.028726915,0.000647457,0.001837255,0.000535829,0.001423920,512
1720,1764562705.1764016,0.024663998,0.000838369,0.001829690,0.000359715,0.001095333,512
1721,1764562705.2234163,0.017794065,0.000756177,0.001162698,0.000165997,0.001210817,512
1722,1764562705.270483,0.026101043,0.001068213,0.001556646,0.000080589,0.000367950,512
1723,1764562705.3277082,0.030965821,0.001325679,0.001685424,0.000314581,0.000805849,512
1724,1764562705.370084,0.007390093,0.001811877,0.002135786,0.000883062,0.001171064,512
1725,1764562705.492478,0.087171815,0.001272862,0.001712715,0.000412442,0.001533063,512
1726,1764562705.598172,0.068659041,0.001344303,0.002409452,0.000448679,0.001386040,512
1727,1764562705.679551,0.050923163,0.000621718,0.001789967,0.000764914,0.001380260,512
1728,1764562705.740114,0.028950288,0.001277230,0.001956815,0.000481389,0.001510571,512
1729,1764562705.8173764,0.041922013,0.000947631,0.001377625,0.000353082,0.002586889,512
1730,1764562705.8967535,0.037755415,0.001279123,0.001848004,0.001163300,0.001564852,512
1731,1764562705.9508607,0.020748554,0.001546947,0.001864575,0.000375394,0.001456311,512
1732,1764562706.0066597,0.021376855,0.001261691,0.001893329,0.000517256,0.001242055,512
1733,1764562706.038961,0.013858524,0.000942290,0.001103319,0.000081841,0.000388027,512
1734,1764562706.0907593,0.018258143,0.001128264,0.001988094,0.000392885,0.001372085,512
1735,1764562706.1917722,0.068831368,0.001283051,0.001311063,0.000270320,0.001330859,512
1736,1764562706.2811003,0.055844015,0.001132323,0.001582073,0.000429023,0.001297617,512
1737,1764562706.3725631,0.056274460,0.001333244,0.001752027,0.000524799,0.001474193,512
1738,1764562706.4532874,0.049084477,0.001288530,0.001545255,0.000422751,0.001326842,512
1739,1764562706.5151544,0.028699785,0.000951838,0.001859776,0.000671481,0.001351196,512
1740,1764562706.5805058,0.033229283,0.001113658,0.001482008,0.000437438,0.001138072,512
1741,1764562706.6185458,0.007833362,0.000791202,0.001756585,0.000427741,0.001325098,512
1742,1764562706.7461727,0.091426115,0.000879014,0.002166684,0.000417822,0.001894560,512
1743,1764562706.7872996,0.013962737,0.000642006,0.001753831,0.000432258,0.001388175,512
1744,1764562706.8790164,0.060194032,0.001334997,0.001610074,0.000474356,0.001239600,512
1745,1764562706.9979763,0.093186036,0.001081298,0.001728774,0.000212422,0.000845573,512
1746,1764562707.0664575,0.034852051,0.001252794,0.001474895,0.000445734,0.001360784,512
1747,1764562707.1423259,0.046642795,0.001069066,0.001127703,0.000456393,0.000827428,512
1748,1764562707.193134,0.019944258,0.000907687,0.001467792,0.000429223,0.001222198,512
1749,1764562707.3309114,0.109218818,0.001147881,0.001360824,0.000301628,0.001315240,512
1750,1764562707.421626,0.053780643,0.000969961,0.002450538,0.000396273,0.001221266,512
1751,1764562707.4684587,0.016564003,0.000238431,0.001438248,0.000492229,0.001126872,512
1752,1764562707.542165,0.041779941,0.001282460,0.001464185,0.000289044,0.001357969,512
1753,1764562707.5769935,0.010849155,0.000597353,0.001043237,0.000391574,0.001298679,512
1754,1764562707.6365442,0.029818792,0.000906936,0.001612810,0.000318588,0.001355124,512
1755,1764562707.7426658,0.075500512,0.001261411,0.001384508,0.000409296,0.001113567,512
1756,1764562707.8433547,0.066813712,0.001417750,0.001785950,0.000355908,0.001325379,512
1757,1764562707.8899977,0.013153171,0.001638127,0.001309168,0.000534858,0.001300763,512
1758,1764562707.9435465,0.017612740,0.001227107,0.001741979,0.000484014,0.001386652,512
1759,1764562708.0013003,0.025797683,0.001565102,0.001679844,0.000421018,0.001289382,512
1760,1764562708.057736,0.015646428,0.001751727,0.002177864,0.000557580,0.001684984,512
1761,1764562708.1371937,0.057091881,0.001215195,0.001438618,0.000250954,0.001950784,512
1762,1764562708.1991744,0.038512734,0.001082330,0.001280035,0.000493282,0.001333614,512
1763,1764562708.319917,0.090373320,0.001195349,0.001426956,0.000309933,0.001121221,512
1764,1764562708.3930452,0.035837873,0.001029322,0.001841122,0.000409126,0.001338543,512
1765,1764562708.51278,0.097185245,0.001041955,0.001623980,0.000169413,0.000659499,512
1766,1764562708.5592237,0.011218958,0.000833901,0.001834199,0.000366046,0.001423810,512
1767,1764562708.608722,0.017036847,0.001266159,0.001583435,0.000528216,0.001571904,512
1768,1764562708.6581345,0.016679957,0.001120070,0.001587844,0.000483593,0.001258495,512
1769,1764562708.78193,0.089664220,0.000849089,0.002319285,0.000776194,0.002038046,512
1770,1764562708.8581643,0.029504692,0.001433368,0.001282389,0.001423289,0.000815616,512
1771,1764562708.9115353,0.018381802,0.001165604,0.001941848,0.000357631,0.001615936,512
1772,1764562708.9959958,0.060965468,0.000290997,0.000752841,0.000162911,0.000448368,512
1773,1764562709.0302258,0.014252843,0.000163642,0.000967487,0.000346660,0.001234712,512
1774,1764562709.0746987,0.010703165,0.000224084,0.003801103,0.000567148,0.001571243,512
1775,1764562709.151693,0.042666980,0.000553052,0.000770804,0.000468826,0.001361836,512
1776,1764562709.1996841,0.022386340,0.001163780,0.001056892,0.000719569,0.000952250,512
1777,1764562709.4320972,0.201733895,0.001348011,0.001685283,0.000250142,0.001553751,512
1778,1764562709.5207684,0.058624352,0.001153090,0.002309086,0.000368060,0.001137121,512
1779,1764562709.568611,0.014613589,0.000983998,0.001845120,0.000625355,0.001755854,512
1780,1764562709.620967,0.019091593,0.001066962,0.001687658,0.000475689,0.001041324,512
1781,1764562709.796468,0.132244559,0.001401459,0.001861670,0.000426408,0.001634920,512
1782,1764562709.8602824,0.027077888,0.001368147,0.001271119,0.000481450,0.001507435,512
1783,1764562709.9231138,0.029616357,0.001125499,0.002250398,0.000514591,0.001477139,512
1784,1764562710.000839,0.040910724,0.001387092,0.002333001,0.000386163,0.001260108,512
1785,1764562710.0873077,0.046751456,0.001094112,0.002093558,0.000832317,0.001461510,512
1786,1764562710.1504364,0.029093302,0.001346728,0.001773276,0.000378199,0.001399385,512
1787,1764562710.2883413,0.106885537,0.000953732,0.001402461,0.000423703,0.001309459,512
1788,1764562710.3608,0.038591680,0.001190259,0.001676628,0.000458247,0.001525999,512
1789,1764562710.4701133,0.072671044,0.001525528,0.002014352,0.000538405,0.001292007,512
1790,1764562710.592387,0.088287757,0.001225705,0.001942298,0.000327264,0.001194758,512
1791,1764562710.6861227,0.058526321,0.001289102,0.002040631,0.000461953,0.001445250,512
1792,1764562710.7648041,0.044403207,0.001116222,0.002011857,0.000492941,0.001510561,512
1793,1764562710.8318844,0.036135432,0.000778008,0.001457583,0.000216019,0.001793122,512
1794,1764562710.925289,0.058086689,0.001151327,0.001967044,0.000367820,0.000832388,512
1795,1764562710.9797924,0.018482718,0.001134676,0.000654920,0.000660660,0.002184616,512
1796,1764562711.081136,0.073208627,0.001175402,0.001044921,0.000411680,0.001118707,512
1797,1764562711.1784315,0.061600641,0.001163109,0.001402752,0.000483574,0.001335507,512
1798,1764562711.2530549,0.043790335,0.001321432,0.001894500,0.000183068,0.000428732,512
1799,1764562711.3189495,0.039313034,0.001193886,0.001576092,0.000513098,0.001592623,512
1800,1764562711.3829293,0.049112980,0.000214206,0.000581034,0.000229344,0.000624784,512
1801,1764562711.4432786,0.028983499,0.001654938,0.001765041,0.000448789,0.001313697,512
1802,1764562711.5143995,0.037526903,0.001217129,0.001726450,0.000406632,0.001305853,512
1803,1764562711.5992835,0.056861896,0.000264789,0.001799685,0.000269879,0.000536121,512
1804,1764562711.675027,0.041296067,0.001366685,0.001634520,0.000524049,0.001376493,512
1805,1764562711.7246559,0.018556645,0.000209668,0.002356283,0.000554054,0.001795888,512
1806,1764562711.7937868,0.044391436,0.000319009,0.001486877,0.000527825,0.001095083,512
1807,1764562711.8359947,0.013001931,0.000686298,0.001292277,0.000509311,0.001385831,512
1808,1764562711.9102032,0.027500439,0.001367927,0.000927473,0.000768750,0.001737510,512
1809,1764562711.9575026,0.019533499,0.000223433,0.000936090,0.000431037,0.001260769,512
1810,1764562711.9961574,0.014893967,0.000279426,0.001482018,0.000095998,0.000456494,512
1811,1764562712.103204,0.075223821,0.001377806,0.002057732,0.000371616,0.001150556,512
1812,1764562712.207295,0.069822310,0.001502836,0.001895121,0.000405419,0.001449278,512
1813,1764562712.2750666,0.032875809,0.000231157,0.002804502,0.000720061,0.001896043,512
1814,1764562712.3758523,0.069072455,0.001152389,0.001156727,0.000399548,0.001215195,512
1815,1764562712.444114,0.033674896,0.001375011,0.001777104,0.000585982,0.001582343,512
1816,1764562712.5505335,0.073545930,0.001614222,0.001513516,0.000405409,0.001197883,512
1817,1764562712.634537,0.050479694,0.001149093,0.000880547,0.000469638,0.001322915,512
1818,1764562712.7329175,0.067069134,0.000210178,0.002042003,0.000515473,0.001380551,512
1819,1764562712.8083014,0.042527632,0.001095885,0.001780660,0.000430695,0.001533143,512
1820,1764562712.8641088,0.024818684,0.001161687,0.001589987,0.000434272,0.001321732,512
1821,1764562712.9473774,0.050816988,0.001321181,0.001628709,0.000504702,0.001266490,512
1822,1764562712.9945197,0.020158473,0.001032507,0.001882037,0.000095126,0.000368822,512
1823,1764562713.0730028,0.041320052,0.001143262,0.001345025,0.000503750,0.001504130,512
1824,1764562713.1803527,0.072715427,0.001100413,0.002038376,0.000469287,0.001224843,512
1825,1764562713.2515194,0.025903418,0.001261571,0.002286855,0.000499783,0.002299438,512
1826,1764562713.308976,0.025700233,0.000993766,0.001645760,0.000301567,0.001113768,512
1827,1764562713.355173,0.011457920,0.000947190,0.001976281,0.000486539,0.001290555,512
1828,1764562713.4237628,0.030560613,0.001242506,0.001665998,0.000458577,0.001273202,512
1829,1764562713.4968777,0.038252073,0.001307806,0.001698428,0.000458277,0.001285104,512
1830,1764562713.570061,0.040318501,0.001329937,0.001617058,0.000578739,0.001146318,512
1831,1764562713.6215942,0.017652083,0.001108859,0.001810485,0.000301768,0.001326782,512
1832,1764562713.6778924,0.017314319,0.001221546,0.002886143,0.000515422,0.001389848,512
1833,1764562713.7505686,0.037306436,0.001369751,0.001739464,0.000464208,0.001275386,512
1834,1764562713.8105218,0.026713855,0.001105031,0.001442516,0.000426709,0.001227769,512
1835,1764562713.8958535,0.054286878,0.000801951,0.001903297,0.000480268,0.001208823,512
1836,1764562713.9901192,0.060975325,0.001287208,0.001839689,0.000419916,0.001392152,512
1837,1764562714.05652,0.028116407,0.000994988,0.002676466,0.000560295,0.001249769,512
1838,1764562714.0996275,0.014358658,0.001167988,0.001969228,0.000438039,0.001121702,512
1839,1764562714.1531901,0.018019653,0.001184809,0.001979558,0.000447757,0.001341288,512
1840,1764562714.1955676,0.007537927,0.001081358,0.001918134,0.000534016,0.001182675,512
1841,1764562714.3645456,0.136908196,0.001235343,0.001490864,0.000374531,0.001397592,512
1842,1764562714.4121964,0.017315672,0.001061110,0.001685855,0.000407092,0.001174800,512
1843,1764562714.473139,0.028569243,0.001084483,0.001823239,0.000512257,0.001274094,512
1844,1764562714.5330787,0.024765246,0.001632275,0.002073320,0.000417271,0.001375350,512
1845,1764562714.637308,0.059523724,0.001401580,0.001666078,0.000484104,0.001221637,512
1846,1764562714.7610972,0.091903978,0.001136199,0.001702185,0.000455120,0.001260308,512
1847,1764562714.8160703,0.016406342,0.001405857,0.002675924,0.000513939,0.001284353,512
1848,1764562714.8952067,0.044849993,0.001211688,0.002035701,0.000399728,0.001164432,512
1849,1764562714.9761484,0.042966444,0.001372245,0.002035692,0.001240151,0.001763207,512
1850,1764562715.0250566,0.028283786,0.000301397,0.001689332,0.000224154,0.000741160,512
1851,1764562715.1257818,0.056851207,0.001449087,0.002367425,0.000359645,0.001876187,512
1852,1764562715.2435377,0.089069651,0.000903019,0.001697716,0.000431918,0.001226987,512
1853,1764562715.2996628,0.023133129,0.001383606,0.002123763,0.000475949,0.001216488,512
1854,1764562715.351586,0.019650916,0.001116283,0.001823329,0.000401642,0.001231195,512
1855,1764562715.423626,0.043357105,0.000882871,0.001061381,0.000485047,0.000511154,512
1856,1764562715.4903917,0.033320471,0.001055721,0.002215263,0.000445463,0.001290694,512
1857,1764562715.6406734,0.118570456,0.001213823,0.000662654,0.000478534,0.001956866,512
1858,1764562715.7028825,0.027576669,0.001210837,0.001724816,0.000546399,0.001256261,512
1859,1764562715.8053372,0.068791776,0.001126471,0.001564261,0.000358272,0.000960575,512
1860,1764562715.8351038,0.006909926,0.000479406,0.001381432,0.000281761,0.000659138,512
1861,1764562715.9022589,0.035289920,0.001369170,0.001695262,0.000318018,0.001219613,512
1862,1764562715.962034,0.024479928,0.001340336,0.001739514,0.000837587,0.001170392,512
1863,1764562716.0811014,0.084821973,0.001042405,0.000831386,0.000497359,0.001157369,512
1864,1764562716.1450503,0.034324687,0.000205159,0.001512795,0.000540448,0.001522834,512
1865,1764562716.2204723,0.040604048,0.001655248,0.001651972,0.000352061,0.001216137,512
1866,1764562716.3044012,0.048069251,0.001521250,0.001881215,0.000436586,0.001316252,512
1867,1764562716.422539,0.086917475,0.000939966,0.001433328,0.000417781,0.001197021,512
1868,1764562716.476393,0.020054382,0.001584377,0.002045109,0.000601531,0.001453254,512
1869,1764562716.553862,0.041296629,0.001137382,0.001929375,0.000435374,0.001307055,512
1870,1764562716.6648839,0.079629360,0.001123015,0.001338322,0.000373981,0.001057413,512
1871,1764562716.7575192,0.061070501,0.001041334,0.001453285,0.000449240,0.001447183,512
1872,1764562716.816203,0.029079736,0.001042185,0.001273062,0.000409286,0.001029883,512
1873,1764562716.910756,0.063822195,0.001298919,0.001257063,0.000291769,0.001179900,512
1874,1764562717.0075152,0.063051311,0.001305782,0.001543852,0.000305945,0.001350715,512
1875,1764562717.125896,0.083297798,0.001330207,0.001490725,0.000408855,0.001359392,512
1876,1764562717.2466156,0.093452909,0.000863756,0.001499601,0.000111445,0.000818552,512
1877,1764562717.3093064,0.024759815,0.001120931,0.001926819,0.000550437,0.001392714,512
1878,1764562717.407962,0.059620883,0.001101335,0.002343570,0.000431938,0.001360504,512
1879,1764562717.5482335,0.106643330,0.001291936,0.001347148,0.000526572,0.001697195,512
1880,1764562717.6005793,0.021940056,0.001012601,0.001604605,0.000265601,0.001094081,512
1881,1764562717.641669,0.011940581,0.000711304,0.001283712,0.000462815,0.001334095,512
1882,1764562717.7285092,0.051846019,0.001252274,0.001453986,0.000440384,0.001339435,512
1883,1764562717.7949514,0.031267598,0.001354232,0.001739023,0.000385602,0.001381432,512
1884,1764562717.8790927,0.043659884,0.001172276,0.001802640,0.000508991,0.001215426,512
1885,1764562717.9552472,0.044469409,0.001083842,0.001979117,0.000267605,0.000456042,512
1886,1764562718.0176766,0.031308775,0.001206809,0.001075107,0.000158533,0.000637118,512
1887,1764562718.1330078,0.093089438,0.001204225,0.001230824,0.000132435,0.000322175,512
1888,1764562718.1754022,0.016532855,0.001029722,0.001261040,0.000347212,0.001002242,512
1889,1764562718.2354074,0.034861578,0.001040873,0.000639201,0.000233241,0.000830484,512
1890,1764562718.286064,0.019098255,0.000994267,0.001892346,0.000738785,0.001514247,512
1891,1764562718.3522935,0.029732884,0.001060950,0.001667411,0.000546179,0.001327202,512
1892,1764562718.4016654,0.022986870,0.000481790,0.001416206,0.000349556,0.001030584,512
1893,1764562718.4885538,0.054566445,0.001339615,0.002636280,0.000505925,0.001509709,512
1894,1764562718.5345545,0.014745494,0.000976875,0.002167736,0.000419575,0.001107145,512
1895,1764562718.5883894,0.024049753,0.001071390,0.001118807,0.000424304,0.001337761,512
1896,1764562718.6771564,0.048825047,0.001085776,0.002107975,0.000970533,0.001586601,512
1897,1764562718.7920625,0.072250747,0.001105082,0.002820461,0.000797082,0.001412059,512
1898,1764562718.843991,0.017764771,0.001122904,0.001399316,0.000488924,0.001394707,512
1899,1764562718.9359112,0.065813425,0.000608044,0.001454237,0.000305014,0.000773679,512
1900,1764562718.9926624,0.022469995,0.001129046,0.002491834,0.000276461,0.001285816,512
1901,1764562719.0496225,0.027087676,0.001048517,0.001851902,0.000153173,0.001992943,512
1902,1764562719.1223679,0.038926268,0.001035733,0.002001868,0.000557320,0.001752899,512
1903,1764562719.1966622,0.041929457,0.001317454,0.001381813,0.000506636,0.001726960,512
1904,1764562719.252275,0.025336431,0.001391491,0.001147449,0.000357480,0.001292809,512
1905,1764562719.385607,0.102618444,0.001112055,0.001561906,0.000418223,0.001128234,512
1906,1764562719.557074,0.139141472,0.000957509,0.002285884,0.000647016,0.003385775,512
1907,1764562719.6191156,0.024304314,0.001136279,0.002386308,0.000510633,0.001507465,512
1908,1764562719.6684237,0.014451450,0.001010898,0.001936237,0.000211110,0.000484215,512
1909,1764562719.7350147,0.028831388,0.001159753,0.002335976,0.000462905,0.001249919,512
1910,1764562719.8837569,0.117075814,0.001212551,0.001896904,0.000255853,0.001078652,512
1911,1764562719.952175,0.026990837,0.001203985,0.002590305,0.000148274,0.000481710,512
1912,1764562720.011634,0.019019279,0.001375301,0.002019090,0.000412132,0.001202762,512
1913,1764562720.083576,0.047351405,0.000791402,0.001582534,0.000072494,0.000373941,512
1914,1764562720.1287808,0.024232341,0.000215939,0.001342240,0.000455141,0.001313336,512
1915,1764562720.1876917,0.030726740,0.001131280,0.000764843,0.000484886,0.001765372,512
1916,1764562720.2192752,0.009310321,0.001045611,0.001471359,0.000181285,0.000391383,512
1917,1764562720.2684135,0.019445918,0.001239410,0.001328995,0.000399198,0.001335478,512
1918,1764562720.3211682,0.018076477,0.000800929,0.001837545,0.000439412,0.001219223,512
1919,1764562720.3805306,0.029673804,0.000828090,0.001861990,0.000362580,0.000723236,512
1920,1764562720.4609177,0.034518876,0.001151117,0.000985801,0.000300706,0.000598876,512
1921,1764562720.5349956,0.039893806,0.000949254,0.001438247,0.000273545,0.001956926,512
1922,1764562720.591519,0.023850095,0.001173689,0.001753469,0.000482481,0.001122514,512
1923,1764562720.662441,0.043365320,0.001522383,0.002756002,0.000587906,0.003105417,512
1924,1764562720.7386606,0.049648188,0.000178761,0.001748520,0.000511796,0.001410536,512
1925,1764562720.8194852,0.055523152,0.001179018,0.001497918,0.000337654,0.001108658,512
1926,1764562720.9384835,0.077937944,0.000230576,0.002271777,0.000262885,0.002695610,512
1927,1764562721.0089393,0.039089089,0.001540876,0.001377465,0.000342924,0.001278393,512
1928,1764562721.156143,0.116531659,0.001286136,0.001676908,0.000414406,0.001429090,512
1929,1764562721.2394035,0.051821183,0.001123206,0.001692286,0.000493271,0.001061791,512
1930,1764562721.3034678,0.020102511,0.001186141,0.002183293,0.001315340,0.002428778,512
1931,1764562721.4155276,0.082491708,0.001699400,0.002026995,0.000291699,0.000765355,512
1932,1764562721.469145,0.022131739,0.001644328,0.001805065,0.000360557,0.001152429,512
1933,1764562721.5453,0.045983186,0.001335527,0.001104200,0.000425516,0.001287910,512
1934,1764562721.5863693,0.012155738,0.000916954,0.001193265,0.000363642,0.001116803,512
1935,1764562721.6164927,0.008144698,0.000355387,0.001232096,0.000309372,0.001154153,512
1936,1764562721.675788,0.029225225,0.000803444,0.001548110,0.000450592,0.001213172,512
1937,1764562721.7168682,0.014847602,0.000892047,0.000818612,0.000292490,0.001009305,512
1938,1764562721.7975683,0.043434919,0.000939175,0.001980960,0.000703860,0.001838026,512
1939,1764562721.9231105,0.095965933,0.001550324,0.001347069,0.000251144,0.001063846,512
1940,1764562722.0018086,0.047572874,0.001262041,0.001941998,0.000427540,0.001287298,512
1941,1764562722.0628076,0.031587048,0.001149022,0.001305241,0.000420827,0.001136480,512
1942,1764562722.119818,0.023535814,0.001042737,0.001677019,0.000535870,0.001538913,512
1943,1764562722.2942147,0.146680010,0.001142711,0.001524606,0.000436286,0.001061702,512
1944,1764562722.4114861,0.078762128,0.001173288,0.001690994,0.000438089,0.001234641,512
1945,1764562722.4626956,0.020350258,0.001065669,0.001240783,0.000499894,0.001231586,512
1946,1764562722.5114343,0.024975093,0.001163870,0.001342751,0.000238861,0.000597684,512
1947,1764562722.5580697,0.016404959,0.001150546,0.002067941,0.000475820,0.001261721,512
1948,1764562722.6511617,0.030079523,0.001156177,0.001897215,0.000146901,0.000990600,512
1949,1764562722.7472699,0.061840064,0.001147530,0.001586741,0.000321555,0.001057574,512
1950,1764562722.7915335,0.011627322,0.000840422,0.001521291,0.000363622,0.001345356,512
1951,1764562722.8633034,0.038941596,0.000934566,0.002557445,0.000467725,0.001680244,512
1952,1764562722.908095,0.014503776,0.001239911,0.001276157,0.000463196,0.001095515,512
1953,1764562722.9788778,0.033594819,0.001585609,0.001809353,0.000134369,0.001719197,512
1954,1764562723.0704453,0.063345024,0.001247686,0.001338272,0.000301286,0.000900724,512
1955,1764562723.1397834,0.038873781,0.001196772,0.001182165,0.000393817,0.001469475,512
1956,1764562723.2263954,0.056360620,0.001191461,0.001880274,0.000474907,0.001158942,512
1957,1764562723.2864106,0.025562919,0.000642236,0.002468971,0.000389229,0.001157569,512
1958,1764562723.348848,0.030987060,0.001569530,0.001676858,0.000430896,0.001173208,512
1959,1764562723.4079008,0.024936131,0.001516362,0.001963748,0.000400460,0.001107867,512
1960,1764562723.50219,0.060503203,0.000912556,0.002028408,0.000570745,0.000955345,512
1961,1764562723.5619678,0.031961290,0.000802713,0.001846501,0.000437869,0.001643336,512
1962,1764562723.62744,0.037742161,0.001298459,0.001446593,0.000417552,0.001269666,512
1963,1764562723.652728,0.008566817,0.000371747,0.001358249,0.000075610,0.000360365,512
1964,1764562723.697195,0.021107107,0.001274735,0.002081536,0.003184334,0.001553861,512
1965,1764562723.7754164,0.045355196,0.001189277,0.001708286,0.000484094,0.001361306,512
1966,1764562723.8400981,0.040455053,0.001095844,0.000873003,0.000255171,0.001539143,512
1967,1764562723.9020784,0.028450774,0.001024152,0.001834318,0.000611179,0.001404305,512
1968,1764562723.9744065,0.032220148,0.001114169,0.001926189,0.000538515,0.001723304,512
1969,1764562724.0371861,0.026600266,0.001078242,0.001844679,0.000473885,0.001334766,512
1970,1764562724.1176836,0.044610150,0.001204195,0.002176641,0.000447306,0.001339916,512
1971,1764562724.2430613,0.089908151,0.001119238,0.001809082,0.000404587,0.001470717,512
1972,1764562724.2952378,0.015163636,0.001413512,0.001894229,0.000400590,0.001396561,512
1973,1764562724.369264,0.044998137,0.001474525,0.000814214,0.000330481,0.000610708,512
1974,1764562724.429447,0.020902008,0.001271990,0.001611747,0.000698531,0.001513716,512
1975,1764562724.4855452,0.027942786,0.001528614,0.000749605,0.000573379,0.001367005,512
1976,1764562724.6202822,0.099802571,0.001157769,0.002112463,0.000455001,0.001581823,512
1977,1764562724.679732,0.026680774,0.000567038,0.001500973,0.000434443,0.001363469,512
1978,1764562724.7282434,0.012195742,0.000787505,0.002197521,0.000508720,0.001312204,512
1979,1764562724.810164,0.046034020,0.001065518,0.003233193,0.000521263,0.001375671,512
1980,1764562724.9005957,0.062004587,0.001446623,0.001951345,0.000570795,0.001389969,512
1981,1764562724.936096,0.009278683,0.000808093,0.000778748,0.000105826,0.000491288,512
1982,1764562725.1316419,0.164128006,0.001491525,0.001890543,0.000499493,0.001251483,512
1983,1764562725.1882753,0.024185825,0.000930760,0.001905882,0.000431307,0.001322403,512
1984,1764562725.2686644,0.047342969,0.001116403,0.001502306,0.000305234,0.001336459,512
1985,1764562725.3115137,0.011430268,0.000766305,0.001620604,0.000202874,0.001891645,512
1986,1764562725.366471,0.020291389,0.001409474,0.002180860,0.000451464,0.001377555,512
1987,1764562725.4352622,0.032220630,0.001592542,0.002353268,0.000452075,0.001552920,512
1988,1764562725.5012977,0.026713235,0.000870819,0.002132510,0.000745057,0.001381212,512
1989,1764562725.6145232,0.081225619,0.001357077,0.001522873,0.000511485,0.001654918,512
1990,1764562725.6653464,0.016767759,0.001252855,0.001777694,0.000559614,0.001381162,512
1991,1764562725.738882,0.038551737,0.000710392,0.001942580,0.000625806,0.001368599,512
1992,1764562725.812654,0.037830244,0.001132322,0.001140517,0.000484795,0.001261070,512
1993,1764562725.8715856,0.023948416,0.001283051,0.002654976,0.000454179,0.001382905,512
1994,1764562725.9712327,0.066542642,0.001030695,0.002126789,0.000384631,0.001204736,512
1995,1764562726.0362542,0.024592125,0.001600347,0.001997981,0.000579330,0.001617488,512
1996,1764562726.1123385,0.045016991,0.000883582,0.001936989,0.000466071,0.001225574,512
1997,1764562726.187816,0.044041350,0.001460689,0.001185540,0.000439231,0.001396540,512
1998,1764562726.2862844,0.051222116,0.001139596,0.002029951,0.001224042,0.003103824,512
1999,1764562726.3491137,0.025598785,0.001265187,0.001753841,0.000516003,0.001677550,512
2000,1764562726.4266589,0.035592429,0.001171194,0.002503064,0.000453057,0.001470517,512
2001,1764562726.4832683,0.023211916,0.001129436,0.001180120,0.000525320,0.000968158,512
2002,1764562726.5516014,0.040203338,0.001100303,0.001214394,0.000584119,0.001248316,512
2003,1764562726.618645,0.031147897,0.001246102,0.002422696,0.000535429,0.001377034,512
2004,1764562726.7261903,0.077681572,0.001135919,0.001407991,0.000313660,0.001185060,512
2005,1764562726.8001068,0.041520671,0.001046253,0.001702856,0.000413444,0.001364460,512
2006,1764562726.8395157,0.008946129,0.000965994,0.001352078,0.000601923,0.001677369,512
2007,1764562726.9125836,0.050383697,0.000524899,0.001658394,0.000294584,0.000874616,512
2008,1764562726.9646764,0.020165837,0.001165824,0.001438268,0.000315052,0.001611437,512
2009,1764562727.0080526,0.015345492,0.001168129,0.001519887,0.000373309,0.001148221,512
2010,1764562727.0457468,0.010471677,0.001243097,0.001362538,0.000396232,0.001247655,512
2011,1764562727.113857,0.035036712,0.001309990,0.001640261,0.000348684,0.001245321,512
2012,1764562727.173675,0.030375781,0.001013703,0.001452724,0.000299974,0.001215255,512
2013,1764562727.2324178,0.025586562,0.001386562,0.001866038,0.000545218,0.001563939,512
2014,1764562727.3042479,0.039626583,0.001202422,0.001302837,0.000463045,0.001222057,512
2015,1764562727.3720596,0.036761959,0.000565124,0.001464996,0.000605118,0.001805967,512
2016,1764562727.438115,0.036949046,0.001249288,0.001516862,0.000275880,0.001394336,512
2017,1764562727.537017,0.061741000,0.001303148,0.002011897,0.000213805,0.001866038,512
2018,1764562727.6140966,0.026618539,0.002035550,0.001771914,0.001012020,0.002231873,512
2019,1764562727.6838956,0.037086349,0.001337841,0.000969761,0.000345778,0.001479704,512
2020,1764562727.7561493,0.040729180,0.001140828,0.001386262,0.000383309,0.001229171,512
2021,1764562727.831867,0.044052059,0.002096584,0.001446743,0.000392976,0.001228830,512
2022,1764562727.8732514,0.015995052,0.000944255,0.001548110,0.000390692,0.000947571,512
2023,1764562728.017189,0.108726689,0.001215035,0.001852222,0.000578118,0.001503468,512
2024,1764562728.086031,0.035699777,0.001099051,0.002135565,0.000498110,0.001370322,512
2025,1764562728.1787903,0.026242204,0.000774781,0.002438395,0.001891455,0.002836300,512
2026,1764562728.2724895,0.039867307,0.001066400,0.002335895,0.001532892,0.001994556,512
2027,1764562728.3285346,0.021337923,0.001110993,0.001871177,0.000473304,0.001285735,512
2028,1764562728.38643,0.026693417,0.000823271,0.001815935,0.000381254,0.001323275,512
2029,1764562728.4402723,0.022064014,0.001098119,0.001567727,0.000259109,0.001000689,512
2030,1764562728.4959166,0.024650624,0.001216647,0.001235232,0.000387015,0.001105543,512
2031,1764562728.5406048,0.026359721,0.000840532,0.000795610,0.000205440,0.000680697,512
2032,1764562728.6117566,0.040074971,0.001195689,0.001585279,0.000412632,0.001404345,512
2033,1764562728.6579707,0.019651617,0.000870087,0.001516602,0.000420647,0.001428139,512
2034,1764562728.7054274,0.014822165,0.001064487,0.002087538,0.000312157,0.001108027,512
2035,1764562728.7647574,0.025823300,0.000622570,0.001648506,0.000455281,0.001201530,512
2036,1764562728.8425944,0.031622805,0.001329316,0.002318684,0.000440564,0.001353901,512
2037,1764562728.8932555,0.023488065,0.001062694,0.001072672,0.000328467,0.001024383,512
2038,1764562728.9877813,0.063236092,0.001230382,0.001547920,0.000382577,0.001230363,512
2039,1764562729.0525053,0.029585251,0.001052956,0.002212839,0.000534908,0.001665837,512
2040,1764562729.1180327,0.036539579,0.001395598,0.001603893,0.000515924,0.001241294,512
2041,1764562729.1897879,0.049577398,0.000253087,0.001738602,0.000088613,0.000410489,512
2042,1764562729.2376096,0.025538404,0.000524690,0.001895742,0.000407303,0.001299061,512
2043,1764562729.3275893,0.054233950,0.001261902,0.001935857,0.000377657,0.001476458,512
2044,1764562729.404632,0.042055039,0.001414694,0.002073081,0.000367719,0.001411879,512
2045,1764562729.481444,0.045956367,0.001331330,0.001833628,0.000385262,0.001342189,512
2046,1764562729.6021428,0.089838693,0.001451251,0.001706623,0.000523016,0.001177425,512
2047,1764562729.6890943,0.052981917,0.001141198,0.002209722,0.000129650,0.000919058,512
2048,1764562729.771689,0.047277849,0.001250070,0.001874163,0.000558362,0.001238838,512
2049,1764562729.8359509,0.028099595,0.001394387,0.001508457,0.000217943,0.001002853,512
2050,1764562729.9267268,0.058870216,0.001163880,0.001589356,0.000384611,0.001410506,512
2051,1764562730.0054533,0.043742377,0.000973879,0.002020743,0.000590180,0.001637495,512
2052,1764562730.0617356,0.019712409,0.001289964,0.002109267,0.000638941,0.001791159,512
2053,1764562730.204275,0.104973164,0.001037387,0.000832087,0.000619134,0.004432218,512
2054,1764562730.2731152,0.049852135,0.000211030,0.001799845,0.000163081,0.000530239,512
2055,1764562730.341367,0.026192182,0.001170092,0.002246440,0.000422030,0.001423781,512
2056,1764562730.407509,0.034924255,0.000760715,0.001380651,0.000505584,0.001462762,512
2057,1764562730.469309,0.024715584,0.000953361,0.000943563,0.000098753,0.000387446,512
2058,1764562730.5588489,0.059243826,0.001516352,0.001949481,0.000386154,0.001316072,512
2059,1764562730.650334,0.056978891,0.001172476,0.002234408,0.000527985,0.001380591,512
2060,1764562730.7490284,0.059000698,0.001785619,0.001351036,0.000591232,0.001639830,512
2061,1764562730.8054388,0.025421187,0.001202051,0.000657295,0.000229334,0.000437679,512
2062,1764562730.9454222,0.110553985,0.001203904,0.001116443,0.000097651,0.000463446,512
2063,1764562731.0922146,0.113320767,0.000659448,0.001487198,0.000531923,0.001476407,512
2064,1764562731.1647654,0.048400353,0.000234924,0.001956274,0.000094294,0.000403906,512
2065,1764562731.2228842,0.039368446,0.000210870,0.002191309,0.000120843,0.000501476,512
2066,1764562731.347639,0.102984590,0.000269769,0.001362557,0.000264439,0.000657795,512
2067,1764562731.4459271,0.079419983,0.001441433,0.001527462,0.000495085,0.001724346,512
2068,1764562731.611746,0.144736840,0.001096616,0.001902635,0.000098382,0.000493441,512
2069,1764562731.688255,0.024465802,0.001436805,0.003077716,0.000748493,0.001444659,512
2070,1764562731.7477565,0.023201916,0.001339465,0.002235250,0.000372428,0.001417288,512
2071,1764562731.8473566,0.063652070,0.000925610,0.002520196,0.000374502,0.001562928,512
2072,1764562731.957022,0.067709097,0.001274084,0.002132289,0.000439352,0.001442264,512
2073,1764562732.0117974,0.022608360,0.001669534,0.001166074,0.000591733,0.001757638,512
2074,1764562732.1077805,0.064253422,0.001139465,0.001654738,0.000637598,0.001662983,512
2075,1764562732.202455,0.059228769,0.001284954,0.002191749,0.000521464,0.001295734,512
2076,1764562732.2672715,0.036123260,0.001406508,0.001839668,0.000393286,0.001311543,512
2077,1764562732.3089051,0.009159162,0.001253706,0.001791480,0.000406751,0.001239450,512
2078,1764562732.390327,0.046257614,0.000997753,0.002248114,0.000298522,0.001318726,512
2079,1764562732.487278,0.059196038,0.001396099,0.002385628,0.000496347,0.001512514,512
2080,1764562732.6275628,0.103205388,0.001307175,0.001686616,0.000425786,0.001415816,512
2081,1764562732.7020535,0.040182209,0.001243297,0.002183614,0.000369232,0.001973627,512
2082,1764562732.7570186,0.018600496,0.001168620,0.002197650,0.000780663,0.001897686,512
2083,1764562732.8710907,0.076548227,0.001069075,0.002033707,0.000610758,0.001634138,512
2084,1764562732.93826,0.032614477,0.001072301,0.002064043,0.000425667,0.001406499,512
2085,1764562733.1054664,0.122902911,0.001339104,0.002461308,0.000764954,0.001165844,512
2086,1764562733.1965547,0.053607633,0.001300893,0.001972594,0.000482251,0.001347440,512
2087,1764562733.2720735,0.033944465,0.001169450,0.002787451,0.000430796,0.001556086,512
2088,1764562733.323547,0.016765235,0.001265248,0.001620063,0.000400319,0.001456390,512
2089,1764562733.3901763,0.032679157,0.001148992,0.001345245,0.000468336,0.001667621,512
2090,1764562733.4322236,0.009780209,0.000497860,0.001709348,0.000634582,0.001472981,512
2091,1764562733.502965,0.034565623,0.000926291,0.002533881,0.000456344,0.001091507,512
2092,1764562733.5603578,0.026637946,0.000961817,0.001966433,0.000407883,0.001252845,512
2093,1764562733.6211412,0.028264810,0.001160764,0.001961023,0.000472703,0.001290074,512
2094,1764562733.7060735,0.055527570,0.001113888,0.002031483,0.000443519,0.001469625,512
2095,1764562733.790053,0.037284776,0.002012048,0.002425972,0.000442878,0.001333494,512
2096,1764562733.8691034,0.044486962,0.002010494,0.001569800,0.000181115,0.001214344,512
2097,1764562733.9621127,0.061537915,0.001241513,0.001964369,0.000311245,0.000610548,512
2098,1764562734.032529,0.033983346,0.001182815,0.002099319,0.000332835,0.001632086,512
2099,1764562734.0943384,0.028472235,0.001225584,0.001777094,0.000627920,0.001349874,512
2100,1764562734.261806,0.136263595,0.000948082,0.001934585,0.000463276,0.001582744,512
2101,1764562734.3326821,0.026759449,0.001356797,0.002594894,0.000581604,0.001623830,512
2102,1764562734.4211698,0.059291926,0.001472420,0.000954013,0.000173521,0.001292678,512
2103,1764562734.6247919,0.170910688,0.001234761,0.001743601,0.000309812,0.001334316,512
2104,1764562734.6969945,0.046650490,0.001317764,0.001759912,0.000111306,0.000441045,512
2105,1764562734.778581,0.045062365,0.001399967,0.001869224,0.000480618,0.001431925,512
2106,1764562734.853117,0.037538525,0.000671330,0.002225031,0.000448309,0.001221487,512
2107,1764562734.9966328,0.114096831,0.001342560,0.001610336,0.000466622,0.001564380,512
2108,1764562735.1300058,0.095641093,0.001270047,0.001954982,0.000621368,0.001610806,512
2109,1764562735.2633157,0.098700936,0.001440712,0.001301485,0.000643399,0.001525118,512
2110,1764562735.311556,0.016526123,0.001344974,0.001594346,0.000428953,0.001144655,512
2111,1764562735.404562,0.061597074,0.001093831,0.001592602,0.000406812,0.001229912,512
2112,1764562735.4632714,0.026465657,0.001552609,0.001911111,0.000499032,0.001250340,512
2113,1764562735.5219626,0.029061162,0.000182337,0.001737390,0.000262765,0.002454866,512
2114,1764562735.6286035,0.073482694,0.001292468,0.001717633,0.000450001,0.001412660,512
2115,1764562735.733537,0.072376430,0.001009415,0.001604845,0.000495776,0.001175252,512
2116,1764562735.7829838,0.018608080,0.001380591,0.001743852,0.000487180,0.001583987,512
2117,1764562735.9148376,0.097084279,0.001528324,0.002349992,0.000622630,0.001569680,512
2118,1764562735.9582613,0.012240976,0.000989057,0.001611668,0.000598275,0.001289422,512
2119,1764562736.01872,0.022285303,0.001284984,0.002134263,0.000432860,0.001358310,512
2120,1764562736.0824003,0.026803621,0.001476418,0.002091283,0.000751649,0.001663323,512
2121,1764562736.157727,0.038046503,0.001043498,0.002470284,0.000425095,0.001372366,512
2122,1764562736.2114937,0.017934665,0.000987745,0.002003492,0.000415278,0.001525719,512
2123,1764562736.2762268,0.025367297,0.001058485,0.002481865,0.000493301,0.001337181,512
2124,1764562736.3555987,0.043324544,0.001110522,0.002188292,0.000367980,0.001313467,512
2125,1764562736.4327483,0.041745858,0.000631456,0.001519477,0.000477211,0.001569510,512
2126,1764562736.4926264,0.023870943,0.000671781,0.002366142,0.000454029,0.001422538,512
2127,1764562736.543948,0.017196973,0.001045661,0.001785178,0.000511565,0.001548491,512
2128,1764562736.59058,0.009910901,0.000994047,0.002079483,0.000502819,0.001422979,512
2129,1764562736.6584284,0.032523078,0.001453315,0.001853064,0.000547812,0.001291797,512
2130,1764562736.7086484,0.019744410,0.001212560,0.001329086,0.000430335,0.001101365,512
2131,1764562736.762575,0.021698749,0.001123906,0.002141216,0.000264479,0.001392603,512
2132,1764562736.857293,0.063278631,0.001372636,0.002095302,0.000263877,0.001376694,512
2133,1764562737.0668843,0.174474422,0.001131251,0.002277358,0.000421047,0.001041584,512
2134,1764562737.1685908,0.068068691,0.001293730,0.001552198,0.000533015,0.001494761,512
2135,1764562737.3422506,0.138576058,0.001492067,0.001823007,0.000455882,0.001431726,512
2136,1764562737.3941824,0.017819443,0.001291496,0.001767356,0.000391554,0.001497457,512
2137,1764562737.444934,0.017646553,0.001202652,0.001379178,0.000459108,0.001212971,512
2138,1764562737.5574503,0.077399561,0.001020585,0.002176191,0.000556418,0.001287900,512
2139,1764562737.664136,0.069389862,0.001206710,0.001901734,0.000584711,0.001469384,512
2140,1764562737.7344956,0.030350104,0.001318316,0.002174047,0.000509651,0.001333303,512
2141,1764562737.812254,0.046091737,0.001435332,0.001524106,0.000523376,0.001546387,512
2142,1764562737.8733408,0.031380667,0.001157268,0.001210155,0.000336452,0.001256892,512
2143,1764562737.9285975,0.025309090,0.001096666,0.001479724,0.000380393,0.001137101,512
2144,1764562737.9794974,0.016672834,0.001093350,0.001804935,0.000454009,0.001290754,512
2145,1764562738.0485659,0.037719549,0.001140016,0.002016065,0.000183879,0.001551637,512
2146,1764562738.114027,0.034655829,0.000964432,0.001441373,0.000272353,0.001017400,512
2147,1764562738.1655521,0.023068390,0.001346858,0.001239921,0.000372018,0.001117966,512
2148,1764562738.2336826,0.040367602,0.001194998,0.001282951,0.000434192,0.000663156,512
2149,1764562738.2690516,0.010156385,0.000371346,0.001065429,0.000387486,0.001277540,512
2150,1764562738.3136199,0.019034767,0.000606751,0.001477490,0.000276521,0.001007311,512
2151,1764562738.3746233,0.028302630,0.000947551,0.001840620,0.000344426,0.001265699,512
2152,1764562738.4548547,0.047394665,0.001472731,0.001416307,0.000436366,0.001207361,512
2153,1764562738.5560622,0.067957987,0.001208553,0.001535887,0.000272243,0.000922244,512
2154,1764562738.6100466,0.024415559,0.001156556,0.001816816,0.000414155,0.001286607,512
2155,1764562738.790103,0.138868087,0.001249098,0.003717549,0.000485147,0.001148672,512
2156,1764562738.877994,0.049066934,0.001229863,0.001443617,0.000454920,0.001322583,512
2157,1764562738.9121838,0.010284131,0.000414045,0.001406609,0.000362009,0.001032407,512
2158,1764562738.9785848,0.035385837,0.001148312,0.001379629,0.000285968,0.000419856,512
2159,1764562739.0251794,0.025222290,0.000565926,0.001267341,0.000087562,0.000497048,512
2160,1764562739.1365545,0.082556308,0.001058335,0.001673041,0.000429824,0.001283000,512
2161,1764562739.2640867,0.095369280,0.001240331,0.001496164,0.000492220,0.001303508,512
2162,1764562739.351655,0.038996908,0.001221978,0.002894227,0.002198572,0.000990450,512
2163,1764562739.4495242,0.077477785,0.000193017,0.001989867,0.000099444,0.000390201,512
2164,1764562739.5613089,0.075665406,0.001354092,0.001696715,0.000605239,0.001017189,512
2165,1764562739.608291,0.013840782,0.000939015,0.002356854,0.000110665,0.000457114,512
2166,1764562739.690589,0.046685033,0.001453135,0.001744974,0.000629713,0.001401990,512
2167,1764562739.7637453,0.041889293,0.001228951,0.001288702,0.000325421,0.001055520,512
2168,1764562739.8481407,0.056270502,0.001316473,0.001714197,0.000294103,0.001199907,512
2169,1764562739.9401968,0.060163395,0.001282019,0.001201881,0.000265240,0.001404074,512
2170,1764562739.9832647,0.012420368,0.001189718,0.001287730,0.000586634,0.001515130,512
2171,1764562740.0562823,0.042915359,0.000783188,0.001673623,0.000502128,0.001359462,512
2172,1764562740.145823,0.059969979,0.001213452,0.001148582,0.000330580,0.001051032,512
2173,1764562740.263971,0.086352532,0.000999717,0.001446252,0.000337123,0.001574199,512
2174,1764562740.3389745,0.052104877,0.000254290,0.001896985,0.000411240,0.001311523,512
2175,1764562740.3843474,0.016426339,0.000825876,0.001804043,0.000145238,0.000923807,512
2176,1764562740.422913,0.011235929,0.000970393,0.001339224,0.000279806,0.001010927,512
2177,1764562740.5251207,0.070925500,0.001097548,0.001798202,0.000228923,0.002092847,512
2178,1764562740.5995936,0.045359404,0.001132342,0.001112465,0.000224625,0.000859137,512
2179,1764562740.6415396,0.015758064,0.000930920,0.001411749,0.000320382,0.000975532,512
2180,1764562740.689299,0.018852872,0.001045771,0.001256942,0.000445493,0.001064196,512
2181,1764562740.7297373,0.010876365,0.000326793,0.001652764,0.000232480,0.000945297,512
2182,1764562740.7884297,0.025888490,0.001176794,0.001589487,0.000118710,0.001240993,512
2183,1764562740.9454875,0.126432381,0.000986793,0.001241594,0.000276881,0.001301435,512
2184,1764562741.0222137,0.048011404,0.001227498,0.001433438,0.000338024,0.000955044,512
2185,1764562741.0861292,0.035726747,0.001026496,0.001211639,0.000553623,0.000941640,512
2186,1764562741.1249583,0.011270433,0.000422180,0.001367757,0.000373510,0.001037768,512
2187,1764562741.181294,0.024462396,0.001175622,0.001437266,0.000518268,0.001432838,512
2188,1764562741.255459,0.042558409,0.001382794,0.001269966,0.000397665,0.001090475,512
2189,1764562741.3515675,0.065504002,0.001304891,0.001527052,0.000320743,0.001262002,512
2190,1764562741.4050105,0.016809136,0.001117756,0.001703988,0.000402153,0.001417078,512
2191,1764562741.4516668,0.010890852,0.000940899,0.003437982,0.000367018,0.001243347,512
2192,1764562741.5177605,0.045282893,0.001118777,0.000636837,0.000071101,0.000347963,512
2193,1764562741.5738547,0.021066041,0.000990510,0.001838868,0.000388127,0.001759110,512
2194,1764562741.6720183,0.066320981,0.001524807,0.001609554,0.000475899,0.001169280,512
2195,1764562741.7860303,0.079031225,0.001132552,0.002493397,0.000184501,0.000946619,512
2196,1764562741.8375776,0.024821980,0.000752661,0.001163309,0.000394569,0.001378958,512
2197,1764562741.8744104,0.012225998,0.000611189,0.001202381,0.000290957,0.000977826,512
2198,1764562741.9460998,0.032719301,0.001325840,0.001883080,0.000217242,0.000423082,512
2199,1764562742.0346372,0.061017774,0.001271870,0.001119639,0.000335199,0.000944665,512
2200,1764562742.0639055,0.011064313,0.000366738,0.000893100,0.000274326,0.000968149,512
2201,1764562742.1280212,0.034127794,0.000994998,0.001317464,0.000504402,0.001661068,512
2202,1764562742.1825495,0.029755185,0.000815617,0.001213051,0.000330200,0.001119729,512
2203,1764562742.2433567,0.036638682,0.000880467,0.001067322,0.000298722,0.000905012,512
2204,1764562742.3155944,0.046098049,0.000977697,0.001651351,0.000334027,0.000979640,512
2205,1764562742.3772323,0.036514823,0.001012620,0.001206409,0.000321284,0.001044701,512
2206,1764562742.4139576,0.013679815,0.000643229,0.001557398,0.000210429,0.000831827,512
2207,1764562742.4666357,0.023104917,0.000812802,0.001363639,0.000293502,0.001043307,512
2208,1764562742.5072865,0.018539002,0.000550578,0.001136530,0.000236908,0.000851203,512
2209,1764562742.563721,0.026614462,0.001062313,0.000987484,0.000253078,0.001443587,512
2210,1764562742.616701,0.029095536,0.000913588,0.001244680,0.000316845,0.000882730,512
2211,1764562742.6901243,0.045808574,0.001041995,0.001559752,0.000290176,0.001014795,512
2212,1764562742.7941778,0.072458541,0.001068024,0.001191792,0.000323378,0.001240532,512
2213,1764562742.8470402,0.024085870,0.001458865,0.001229562,0.000499212,0.001477490,512
2214,1764562742.9031353,0.026295643,0.001028380,0.001589737,0.000409847,0.001018953,512
2215,1764562742.9751701,0.042162338,0.001180722,0.001105943,0.000408435,0.001105022,512
2216,1764562743.082748,0.078755676,0.001139314,0.001184808,0.000373790,0.001379098,512
2217,1764562743.1397028,0.033940016,0.000862954,0.001131290,0.000229093,0.000898199,512
2218,1764562743.1808608,0.018095472,0.000731221,0.001078693,0.000265992,0.000952950,512
2219,1764562743.2446182,0.034860777,0.001000238,0.001567847,0.000472903,0.001182895,512
2220,1764562743.291292,0.025167559,0.000715592,0.001097277,0.000193998,0.000921452,512
2221,1764562743.354138,0.033440073,0.000920551,0.001722973,0.000481169,0.001357628,512
2222,1764562743.3985996,0.018546957,0.000716944,0.001337441,0.000266953,0.001033430,512
2223,1764562743.4841528,0.055614481,0.001571794,0.001529927,0.000322957,0.001314137,512
2224,1764562743.5361881,0.025604877,0.000591613,0.001492578,0.000305905,0.001186683,512
2225,1764562743.606549,0.040615149,0.001131841,0.001440331,0.000454449,0.001258746,512
2226,1764562743.738888,0.103321452,0.001181693,0.001308898,0.000415938,0.001091196,512
2227,1764562743.8025024,0.036209238,0.001315751,0.001088521,0.000515533,0.001536980,512
2228,1764562743.887461,0.056935912,0.001245912,0.001227277,0.000411600,0.001098630,512
2229,1764562743.926952,0.016867383,0.000517175,0.001460157,0.000271692,0.000890074,512
2230,1764562743.9821308,0.029037288,0.001137712,0.001146318,0.000310764,0.001005729,512
2231,1764562744.027915,0.018106723,0.000741079,0.001535758,0.000392816,0.001189488,512
2232,1764562744.0791206,0.023065715,0.001092117,0.001523165,0.000322255,0.001153662,512
2233,1764562744.1234858,0.016585202,0.000872101,0.002181060,0.000275970,0.000938354,512
2234,1764562744.1802154,0.027280913,0.001244649,0.001272360,0.000408615,0.001147740,512
2235,1764562744.2423916,0.033260601,0.001117174,0.001427497,0.000259209,0.000936239,512
2236,1764562744.318113,0.047733290,0.000869186,0.001196971,0.000545577,0.001294071,512
2237,1764562744.377518,0.031106762,0.000814765,0.001396801,0.000248940,0.001161335,512
2238,1764562744.4418614,0.031760720,0.001478101,0.001794386,0.000234864,0.000887490,512
2239,1764562744.4938655,0.019055235,0.000862423,0.002129204,0.000413374,0.001174260,512
2240,1764562744.5546908,0.031089289,0.000948202,0.001359572,0.000468636,0.001199105,512
2241,1764562744.5904288,0.011809699,0.000404147,0.001329646,0.000166377,0.000996440,512
2242,1764562744.6642087,0.042774208,0.001144244,0.001484523,0.000377217,0.001214914,512
2243,1764562744.7842226,0.090264490,0.000903399,0.001685895,0.000344997,0.001188576,512
2244,1764562744.8695028,0.055303166,0.001201430,0.001524606,0.000344236,0.000824543,512
2245,1764562744.9359636,0.032460803,0.001578216,0.001828939,0.000481149,0.001303919,512
2246,1764562745.0233753,0.056593791,0.000813062,0.002007759,0.000538224,0.001588305,512
2247,1764562745.1113472,0.055806466,0.001233399,0.002006266,0.000303391,0.001438548,512
2248,1764562745.2349286,0.092080995,0.001166716,0.001919587,0.000376536,0.001019384,512
2249,1764562745.3376808,0.073634835,0.001073864,0.001608020,0.000269928,0.000995459,512
2250,1764562745.4480667,0.082895114,0.001227417,0.002501362,0.000212252,0.000863435,512
2251,1764562745.5237944,0.049190803,0.001084493,0.001140297,0.000306236,0.000973589,512
2252,1764562745.6060944,0.053650622,0.001139926,0.001627667,0.000213124,0.001193285,512
2253,1764562745.6925268,0.056883094,0.001198474,0.001257914,0.000338576,0.001212741,512
2254,1764562745.853178,0.134424337,0.001223159,0.001383326,0.000325011,0.000829652,512
2255,1764562745.9184618,0.038381712,0.001171585,0.001589808,0.000361127,0.001069967,512
2256,1764562746.0219173,0.075198684,0.001116113,0.001672570,0.000391142,0.001449928,512
2257,1764562746.096278,0.045168682,0.001490334,0.001642054,0.000248379,0.001007722,512
2258,1764562746.1518183,0.027798930,0.001125349,0.001685974,0.000469567,0.001469425,512
2259,1764562746.2402987,0.059099159,0.001207911,0.001213091,0.000495245,0.001481687,512
2260,1764562746.3098547,0.042188526,0.001079825,0.001448737,0.000328026,0.001038489,512
2261,1764562746.3682292,0.021051384,0.000908989,0.001793294,0.000554705,0.001448786,512
2262,1764562746.4369502,0.038039921,0.001223520,0.001522303,0.000223363,0.001216117,512
2263,1764562746.5093067,0.044605190,0.001074866,0.001346789,0.000318709,0.000993435,512
2264,1764562746.5515716,0.016315864,0.000839071,0.001134436,0.000460701,0.001299450,512
2265,1764562746.6519408,0.072651407,0.001150536,0.001059187,0.000389490,0.001089013,512
2266,1764562746.7477133,0.068886892,0.001258315,0.001052535,0.000277263,0.000934546,512
2267,1764562746.8020716,0.024227391,0.000822540,0.001932260,0.000432570,0.001090786,512
2268,1764562746.8865476,0.055390969,0.001205537,0.001195199,0.000363823,0.001335838,512
2269,1764562746.9641294,0.050663103,0.001094032,0.001068154,0.000336422,0.000857164,512
2270,1764562747.0050492,0.015902611,0.000947521,0.000981113,0.000270820,0.000945517,512
2271,1764562747.073063,0.040958733,0.001030904,0.001897656,0.000242388,0.001075036,512
2272,1764562747.1457102,0.043531658,0.001023722,0.001853725,0.000285698,0.001159884,512
2273,1764562747.2442365,0.069718539,0.001192703,0.001515360,0.000219075,0.001766373,512
2274,1764562747.3099365,0.057008456,0.000175344,0.000710723,0.000082162,0.000411771,512
2275,1764562747.3741527,0.038735366,0.001070327,0.000993505,0.000355697,0.001258856,512
2276,1764562747.4396875,0.042926980,0.000750436,0.001054047,0.000205249,0.000833941,512
2277,1764562747.485118,0.023438644,0.000585231,0.000993706,0.000221429,0.000838620,512
2278,1764562747.517826,0.013269747,0.000314932,0.001227227,0.000248530,0.000812922,512
2279,1764562747.56017,0.019929791,0.000930379,0.001129056,0.000275889,0.000920360,512
2280,1764562747.630003,0.040934959,0.001028721,0.001446242,0.000297790,0.000920982,512
2281,1764562747.7223904,0.065584912,0.001071830,0.001391230,0.000340779,0.001140166,512
2282,1764562747.7516744,0.007203789,0.000184882,0.002844646,0.000485918,0.001277531,512
2283,1764562747.8331606,0.053931312,0.001541338,0.001216918,0.000308490,0.000979750,512
2284,1764562747.9376369,0.078278304,0.001145256,0.000995750,0.000353754,0.001116904,512
2285,1764562747.9672608,0.010023699,0.000592585,0.001048247,0.000242658,0.000767678,512
2286,1764562748.083817,0.088422336,0.001495653,0.001271910,0.000317827,0.001099722,512
2287,1764562748.141567,0.029841414,0.000520873,0.001466039,0.000369413,0.001140006,512
2288,1764562748.2226484,0.053639522,0.001098920,0.001224813,0.000357500,0.001108658,512
2289,1764562748.2716258,0.019884587,0.000865549,0.001421686,0.000569913,0.001324838,512
2290,1764562748.3453934,0.046550424,0.000656573,0.001005918,0.000390762,0.001441864,512
2291,1764562748.40028,0.029351418,0.001364541,0.000900895,0.000264890,0.000896427,512
2292,1764562748.4519536,0.029337513,0.000802372,0.000933124,0.000261503,0.000916213,512
2293,1764562748.4844208,0.013137312,0.000432158,0.000998926,0.000244131,0.000845903,512
2294,1764562748.5620196,0.047474372,0.001514879,0.001498228,0.000362600,0.001394536,512
2295,1764562748.6375961,0.048282425,0.001166805,0.001228359,0.000322967,0.001093720,512
2296,1764562748.736147,0.070472241,0.001283080,0.001288200,0.000286079,0.000863316,512
2297,1764562748.8174968,0.054924055,0.001320640,0.001051513,0.000297971,0.000953943,512
2298,1764562748.901104,0.065031920,0.000128397,0.001400908,0.000306376,0.000602423,512
2299,1764562748.9525206,0.026726549,0.001184488,0.001320139,0.000348534,0.001050060,512
2300,1764562749.0603144,0.085193471,0.000253749,0.001121973,0.000210840,0.000502368,512
2301,1764562749.1063719,0.023461286,0.000900344,0.001894921,0.000464489,0.001147901,512
2302,1764562749.1606672,0.021995728,0.000910823,0.000893521,0.000475559,0.001656741,512
2303,1764562749.2201126,0.030878399,0.001019504,0.001192554,0.000351108,0.001075798,512
2304,1764562749.2599952,0.010185959,0.000787765,0.001486747,0.000270029,0.001191191,512
2305,1764562749.2981887,0.011854011,0.000609857,0.001348742,0.000166208,0.001437296,512
2306,1764562749.3846257,0.055073291,0.000887540,0.002144773,0.000365806,0.001312775,512
2307,1764562749.4964077,0.081634985,0.001528624,0.001453405,0.000303000,0.001021568,512
2308,1764562749.579612,0.064716367,0.001265188,0.000585572,0.000411730,0.000898340,512
2309,1764562749.6393468,0.031696851,0.001622378,0.001392723,0.000387115,0.001172957,512
2310,1764562749.6914768,0.027163385,0.001066110,0.001063956,0.000371497,0.001162147,512
2311,1764562749.7269192,0.013324988,0.000750988,0.001386541,0.000219606,0.000895484,512
2312,1764562749.8063583,0.070278244,0.000309833,0.000777186,0.000048299,0.000404818,512
2313,1764562749.8837008,0.052020831,0.000925019,0.001124838,0.000323998,0.001152639,512
2314,1764562749.9257636,0.014593272,0.000719690,0.001723604,0.000297971,0.001000548,512
2315,1764562749.9706972,0.016057477,0.001122214,0.001315390,0.000347622,0.000979580,512
2316,1764562750.0327933,0.035576560,0.001108709,0.001302146,0.000199760,0.000626398,512
2317,1764562750.059437,0.009379750,0.000316375,0.000909961,0.000194940,0.000861782,512
2318,1764562750.1152272,0.032325593,0.000958852,0.001155545,0.000102309,0.000869636,512
2319,1764562750.1474223,0.010009162,0.000244922,0.001269365,0.000208265,0.000942361,512
2320,1764562750.2781403,0.101030179,0.001179228,0.001250520,0.000367539,0.001193635,512
2321,1764562750.3467824,0.039363036,0.001113277,0.001366314,0.000387807,0.001156868,512
2322,1764562750.3904004,0.018198974,0.000706575,0.001211549,0.000325121,0.001011468,512
2323,1764562750.456107,0.038358419,0.001158019,0.001208473,0.000449731,0.001284132,512
2324,1764562750.5179446,0.031289750,0.000907316,0.001611487,0.000758401,0.001491706,512
2325,1764562750.5979385,0.047116210,0.001218552,0.001652773,0.000499743,0.001386852,512
2326,1764562750.6687384,0.039276656,0.001120340,0.001014434,0.000390682,0.001063785,512
2327,1764562750.841424,0.147049403,0.001262613,0.000662814,0.000412432,0.001403794,512
2328,1764562750.933613,0.064272347,0.001044360,0.001638197,0.000324610,0.000847356,512
2329,1764562751.0071325,0.027710427,0.000941420,0.001502076,0.001030223,0.001797972,512
2330,1764562751.0507739,0.021745546,0.001162678,0.001420604,0.000309822,0.000719259,512
2331,1764562751.0974905,0.017471900,0.001159021,0.001618160,0.000380564,0.001083942,512
2332,1764562751.1913576,0.067742278,0.000813944,0.001153702,0.000357690,0.001062112,512
2333,1764562751.2361982,0.020906616,0.000604707,0.001398624,0.000283133,0.000818632,512
2334,1764562751.290737,0.028867385,0.001084794,0.001226907,0.000420798,0.001313867,512
2335,1764562751.3474283,0.028894545,0.001458665,0.001171595,0.000338265,0.001053216,512
2336,1764562751.4353027,0.062336560,0.001177075,0.001435282,0.000371967,0.001201831,512
2337,1764562751.5317233,0.055921598,0.001131451,0.002201868,0.000604026,0.002060517,512
2338,1764562751.6059928,0.037519439,0.001646712,0.001291606,0.000231388,0.001431755,512
2339,1764562751.6852434,0.044243723,0.001248867,0.001173589,0.000414846,0.001247094,512
2340,1764562751.7437553,0.029530940,0.000955124,0.001333033,0.000291028,0.001101355,512
2341,1764562751.7996237,0.020728558,0.000902677,0.001579368,0.000419385,0.001215115,512
2342,1764562751.8902836,0.064142337,0.000750577,0.001417288,0.000328647,0.001199617,512
2343,1764562752.0024292,0.082019416,0.000951748,0.001566664,0.000417842,0.001065358,512
2344,1764562752.1118748,0.080706901,0.001305432,0.001517694,0.000288874,0.000844290,512
2345,1764562752.2200387,0.073638802,0.000838139,0.001691756,0.000234974,0.001262763,512
2346,1764562752.2628043,0.015208329,0.000791212,0.001095544,0.000383138,0.001265367,512
2347,1764562752.3622782,0.070402553,0.001601920,0.001450170,0.000370584,0.001200128,512
2348,1764562752.3953948,0.010208080,0.000543414,0.001275827,0.000387556,0.001081658,512
2349,1764562752.4419568,0.019858429,0.000804888,0.001055009,0.000496166,0.001308497,512
2350,1764562752.5082195,0.038995076,0.001186452,0.001278712,0.000275769,0.000931150,512
2351,1764562752.5570216,0.021837457,0.000642567,0.001620124,0.000323488,0.001479743,512
2352,1764562752.6084366,0.021103550,0.001374389,0.001313817,0.000497990,0.001034511,512
2353,1764562752.7247946,0.089429616,0.000950266,0.001186553,0.000254941,0.000953512,512
2354,1764562752.7785628,0.028908941,0.000904962,0.001053847,0.000309672,0.000957760,512
2355,1764562752.8487434,0.042665577,0.001077731,0.001079635,0.000255232,0.001231425,512
2356,1764562752.898329,0.026322923,0.001376453,0.001028461,0.000159094,0.000785681,512
2357,1764562752.9586139,0.033939234,0.000727043,0.001233428,0.000264028,0.000812772,512
2358,1764562753.0001087,0.013989166,0.001119128,0.001478421,0.000366307,0.001040252,512
2359,1764562753.040132,0.017027879,0.000897718,0.001028881,0.000332955,0.001275647,512
2360,1764562753.1438174,0.077976206,0.001290565,0.000998505,0.000300375,0.000965053,512
2361,1764562753.211419,0.036681501,0.000996151,0.001988784,0.000363080,0.001083873,512
2362,1764562753.303369,0.059193303,0.001286357,0.001638578,0.000421859,0.001234732,512
2363,1764562753.3735695,0.040101039,0.001621566,0.001691425,0.000566507,0.001093380,512
2364,1764562753.4248056,0.020804227,0.001358480,0.001627156,0.000461653,0.001141599,512
2365,1764562753.4867723,0.031334141,0.001143773,0.000883081,0.000445984,0.001236284,512
2366,1764562753.5695271,0.053937162,0.001133745,0.001305141,0.000377988,0.000786603,512
2367,1764562753.6155105,0.022403071,0.000827148,0.000921242,0.000201673,0.000804857,512
2368,1764562753.664066,0.016475910,0.000530621,0.001664886,0.000485397,0.001154403,512
2369,1764562753.7923458,0.102817742,0.001092679,0.000596362,0.000135110,0.000708759,512
2370,1764562753.847772,0.043212308,0.000405539,0.000845843,0.000097871,0.000535589,512
2371,1764562753.8696952,0.010725696,0.000393637,0.001121182,0.000049471,0.000424103,512
2372,1764562753.940952,0.049205120,0.001031506,0.000979610,0.000059780,0.000322256,512
2373,1764562753.9849045,0.027721718,0.000645944,0.001130458,0.000185472,0.000840774,512
2374,1764562754.0158892,0.018505991,0.000358192,0.000876940,0.000110754,0.000533817,512
2375,1764562754.0519452,0.024941912,0.000269578,0.001021908,0.000101868,0.000476681,512
2376,1764562754.087066,0.021123327,0.001004115,0.000835383,0.000059581,0.000312468,512
2377,1764562754.1592371,0.051135035,0.001067282,0.000954083,0.000215438,0.000732554,512
2378,1764562754.2014358,0.026913785,0.000944084,0.001011739,0.000134498,0.000587365,512
2379,1764562754.2339156,0.012317057,0.000490987,0.001356827,0.000320873,0.000991221,512
2380,1764562754.2688453,0.018479292,0.001094091,0.000618322,0.000543294,0.001283622,512
2381,1764562754.3318255,0.036550058,0.001175612,0.001059217,0.000359935,0.000992694,512
2382,1764562754.372454,0.024853599,0.000578959,0.000831847,0.000150558,0.000364253,512
2383,1764562754.4050817,0.012016801,0.000707227,0.001126953,0.000285788,0.001085986,512
2384,1764562754.4549322,0.024716383,0.000880086,0.001144274,0.000349185,0.001331820,512
2385,1764562754.4970036,0.019351212,0.000765805,0.000905714,0.000296809,0.001077872,512
2386,1764562754.5596182,0.035041031,0.001127093,0.000982295,0.000416649,0.001147851,512
2387,1764562754.6259713,0.040189593,0.001437846,0.001309389,0.000301156,0.000900785,512
2388,1764562754.6636798,0.012080870,0.000827489,0.001292418,0.000375284,0.000985481,512
2389,1764562754.7468874,0.054147801,0.001251081,0.001333574,0.000345789,0.000878693,512
2390,1764562754.8184514,0.040958895,0.001318225,0.001406368,0.000342373,0.001234630,512
2391,1764562754.864883,0.028735590,0.000718908,0.001062723,0.000124230,0.000601090,512
2392,1764562754.9200678,0.041329539,0.000538094,0.000930670,0.000139397,0.000464368,512
2393,1764562754.9552023,0.019035971,0.001066440,0.000590981,0.000129249,0.000568951,512
2394,1764562754.9719336,0.007569706,0.000078034,0.000572638,0.000158723,0.000624995,512
2395,1764562755.0234647,0.040478316,0.000205259,0.000725751,0.000357792,0.000902909,512
2396,1764562755.0961626,0.059269114,0.000925399,0.000535780,0.000167900,0.000713057,512
2397,1764562755.1298645,0.022998682,0.000196944,0.000514261,0.000162300,0.000765375,512
2398,1764562755.150435,0.011959736,0.000266873,0.000642417,0.000045354,0.000273696,512
2399,1764562755.2058287,0.038594275,0.000871259,0.000535660,0.000418944,0.000917866,512
2400,1764562755.2954597,0.075624090,0.001247805,0.000869647,0.000124110,0.000547872,512
2401,1764562755.3310282,0.021461341,0.001120470,0.000571206,0.000047889,0.001085205,512
2402,1764562755.38954,0.046404165,0.000271562,0.000554975,0.000076110,0.000564163,512
2403,1764562755.49269,0.091584858,0.000384230,0.000750096,0.000049642,0.000292441,512
2404,1764562755.527358,0.022690572,0.000811219,0.000804927,0.000109823,0.000458176,512
2405,1764562755.6031258,0.062157120,0.000644040,0.000716344,0.000104292,0.000537002,512
2406,1764562755.6784606,0.061849510,0.000328036,0.001144685,0.000119852,0.000571927,512
2407,1764562755.7054677,0.014927820,0.000238380,0.000524068,0.000225947,0.000900634,512
2408,1764562755.7243576,0.009212020,0.000207694,0.000776925,0.000057746,0.000306496,512
2409,1764562755.7816496,0.043645057,0.000251184,0.000899191,0.000065110,0.000386995,512
2410,1764562755.841471,0.044655714,0.000313238,0.000791332,0.000079557,0.000686578,512
2411,1764562755.8592222,0.007943145,0.000131193,0.000641966,0.000096007,0.000292230,512
2412,1764562755.8894176,0.016638290,0.000819564,0.000920972,0.000226769,0.000849670,512
2413,1764562755.9177928,0.017268164,0.000428151,0.000762088,0.000056003,0.000286089,512
2414,1764562755.9441895,0.014154301,0.000291187,0.000706926,0.000101307,0.000589529,512
2415,1764562755.9848058,0.028476762,0.000414586,0.000681669,0.000108070,0.000323237,512
2416,1764562756.0365853,0.037393286,0.000589789,0.000718818,0.000111737,0.000603976,512
2417,1764562756.08622,0.035079491,0.000574451,0.000825455,0.000094865,0.000685126,512
2418,1764562756.1587803,0.059743620,0.000319921,0.000718017,0.000054571,0.000334037,512
2419,1764562756.192744,0.021928635,0.000489775,0.000631868,0.000076271,0.000581174,512
2420,1764562756.2153254,0.013523736,0.000295195,0.000972366,0.000044733,0.000274267,512
2421,1764562756.2751527,0.047277728,0.000193047,0.000864306,0.000059871,0.000345719,512
2422,1764562756.319923,0.030230613,0.001080246,0.000758351,0.000093643,0.000531833,512
2423,1764562756.4488406,0.115231577,0.000343985,0.001073654,0.000100205,0.000998184,512
2424,1764562756.6083584,0.146340472,0.000266152,0.001296425,0.000116134,0.000905372,512
2425,1764562756.70322,0.082515432,0.000638700,0.000773379,0.000104783,0.000493151,512
2426,1764562756.7635744,0.046506594,0.001140387,0.000500705,0.000155387,0.000818412,512
2427,1764562756.803485,0.026979396,0.000363141,0.001352399,0.000059580,0.000289375,512
2428,1764562756.8303516,0.014610854,0.000549605,0.000518769,0.000179031,0.000747611,512
2429,1764562756.861883,0.018928011,0.000863706,0.000888422,0.000107649,0.000521323,512
2430,1764562756.8975756,0.022013571,0.000789328,0.000539487,0.000073967,0.000613353,512
2431,1764562756.913507,0.007636799,0.000087742,0.000472372,0.000080959,0.000470609,512
2432,1764562756.9795897,0.055443275,0.000514470,0.000639862,0.000134789,0.000523527,512
2433,1764562757.0348442,0.047408900,0.000337233,0.000577717,0.000070561,0.000544857,512
2434,1764562757.1634905,0.112859444,0.001119739,0.000486489,0.000112969,0.000725200,512
2435,1764562757.2383707,0.063393052,0.000321614,0.000530981,0.000141952,0.000599959,512
2436,1764562757.2747433,0.025856201,0.000436637,0.000582336,0.000064980,0.000312497,512
2437,1764562757.3343341,0.048514824,0.000293592,0.000757961,0.000045003,0.000272955,512
2438,1764562757.3605337,0.016844862,0.000436998,0.000751329,0.000115383,0.000601792,512
2439,1764562757.3870356,0.014469593,0.000621047,0.000827308,0.000098372,0.000549085,512
2440,1764562757.4131145,0.016393468,0.000108631,0.000579801,0.000146290,0.000549786,512
2441,1764562757.4360929,0.012945137,0.000567949,0.000770012,0.000110695,0.000538746,512
2442,1764562757.4612162,0.016141883,0.000326222,0.000721804,0.000101658,0.000485667,512
2443,1764562757.4939702,0.023497082,0.000481840,0.000886788,0.000093322,0.000479686,512
2444,1764562757.5552435,0.045187527,0.000610268,0.000547983,0.000200881,0.000899082,512
2445,1764562757.58577,0.017280516,0.000526803,0.001260258,0.000126593,0.000338576,512
2446,1764562757.6137643,0.017922884,0.000126283,0.000967698,0.000067895,0.000445813,512
2447,1764562757.664181,0.036966237,0.000877431,0.000647336,0.000181496,0.000661953,512
2448,1764562757.6963902,0.022411006,0.000189060,0.000757730,0.000091509,0.000425265,512
2449,1764562757.727604,0.021910110,0.000366157,0.000663736,0.000089946,0.000543805,512
2450,1764562757.8047311,0.066593225,0.000263848,0.000505374,0.000100766,0.000562419,512
2451,1764562757.8511758,0.035906259,0.000619655,0.000683142,0.000102530,0.000492280,512
2452,1764562757.91378,0.051487477,0.000229434,0.000538565,0.000129860,0.000755756,512
2453,1764562757.9332395,0.009826756,0.000186364,0.000749635,0.000052196,0.000299162,512
2454,1764562758.0409606,0.096251440,0.000130020,0.000884344,0.000057316,0.000305033,512
2455,1764562758.0702813,0.016707298,0.000368511,0.000843659,0.000121264,0.000545598,512
2456,1764562758.095384,0.011773592,0.000459379,0.001156747,0.000145599,0.000331232,512
2457,1764562758.1543157,0.046020085,0.000626287,0.000809045,0.000118649,0.000551088,512
2458,1764562758.1746626,0.011590394,0.000136743,0.000593186,0.000051315,0.000271241,512
2459,1764562758.2035475,0.020295377,0.000152762,0.000656614,0.000101407,0.000362861,512
2460,1764562758.2780688,0.059717491,0.000543745,0.000808463,0.000117187,0.000581575,512
2461,1764562758.3111627,0.018390798,0.000880046,0.000759693,0.000117608,0.000538054,512
2462,1764562758.340596,0.021255491,0.000300415,0.001017550,0.000050353,0.000438711,512
2463,1764562758.3975852,0.044340783,0.000252356,0.000794338,0.000208395,0.000748433,512
2464,1764562758.4284313,0.019130134,0.000457756,0.000688552,0.000102500,0.000557880,512
2465,1764562758.4775105,0.041192136,0.000146661,0.000776254,0.000103221,0.000619565,512
2466,1764562758.5390081,0.051096244,0.000172118,0.000650121,0.000100165,0.000610237,512
2467,1764562758.6007957,0.049440445,0.000649981,0.000672903,0.000050874,0.000295716,512
2468,1764562758.6551645,0.040273798,0.001076780,0.000576435,0.000119530,0.000425677,512
2469,1764562758.6817536,0.015765478,0.000170274,0.001025214,0.000214065,0.000817350,512
2470,1764562758.7311893,0.038483811,0.000239552,0.000729328,0.000152462,0.000716454,512
2471,1764562758.7634456,0.019800663,0.000668525,0.000616659,0.000106527,0.000536431,512
2472,1764562758.807877,0.031338379,0.000443760,0.000739567,0.000071853,0.000638319,512
2473,1764562758.8499794,0.031576830,0.000376926,0.000647827,0.000048990,0.000284556,512
2474,1764562758.8807893,0.022899197,0.000195461,0.000483794,0.000051745,0.000430876,512
2475,1764562758.8972473,0.008858967,0.000201893,0.000468305,0.000056154,0.000505574,512
2476,1764562758.93045,0.023343519,0.000149065,0.000509301,0.000193428,0.000884885,512
2477,1764562758.9966464,0.054551317,0.000309672,0.000677141,0.000097530,0.000486900,512
2478,1764562759.0236363,0.016011191,0.000124440,0.000602914,0.000123468,0.000587715,512
2479,1764562759.101887,0.064956651,0.000413444,0.000694703,0.000048690,0.000285046,512
2480,1764562759.1388254,0.024612513,0.000670068,0.000518759,0.000219877,0.000738675,512
2481,1764562759.173792,0.024290579,0.000119991,0.000783337,0.000050984,0.000320422,512
2482,1764562759.2023141,0.017879854,0.000808184,0.000742562,0.000097390,0.000504462,512
2483,1764562759.2273002,0.016847647,0.000299203,0.000690716,0.000089816,0.000502809,512
2484,1764562759.2644122,0.028272225,0.000296638,0.000529238,0.000053389,0.000300024,512
2485,1764562759.3158548,0.041520632,0.000445673,0.000563882,0.000046206,0.000281050,512
2486,1764562759.3579772,0.033642747,0.000401071,0.000611630,0.000049772,0.000298892,512
2487,1764562759.3918877,0.023537827,0.000294193,0.000624854,0.000045454,0.000281631,512
2488,1764562759.4167533,0.017684443,0.000216761,0.000620316,0.000089154,0.000289235,512
2489,1764562759.4833658,0.054520380,0.000181265,0.000741881,0.000054451,0.000346230,512
2490,1764562759.5182624,0.027618116,0.000130992,0.000942522,0.000096378,0.000493181,512
2491,1764562759.569104,0.038546667,0.000782164,0.000865569,0.000068085,0.000301507,512
2492,1764562759.61124,0.029274005,0.001011900,0.000771185,0.000099594,0.000480678,512
2493,1764562759.6582994,0.034632705,0.000213034,0.000731942,0.000054771,0.000345428,512
2494,1764562759.7557735,0.085260594,0.000282672,0.001003865,0.000128658,0.000702047,512
2495,1764562759.7965167,0.027670202,0.000292821,0.001057254,0.000120503,0.000555426,512
2496,1764562759.9224734,0.112788804,0.000322726,0.000772858,0.000119952,0.000759593,512
2497,1764562759.966003,0.031723742,0.000172208,0.000804486,0.000055783,0.000967618,512
2498,1764562760.0138962,0.034822918,0.000952129,0.000584209,0.000204788,0.000862674,512
2499,1764562760.0332205,0.013044090,0.000103671,0.000617331,0.000069238,0.000278795,512
2500,1764562760.060717,0.021083233,0.000095457,0.000696858,0.000087652,0.000440023,512
2501,1764562760.0903156,0.022549862,0.000174913,0.001190539,0.000056174,0.000286580,512
2502,1764562760.1120477,0.014933871,0.000166057,0.000754044,0.000091349,0.000376476,512
2503,1764562760.1279309,0.009995898,0.000086229,0.000611139,0.000076120,0.000374452,512
2504,1764562760.1563516,0.020724931,0.000198126,0.001076127,0.000046876,0.000454560,512
2505,1764562760.2556078,0.084821102,0.001087058,0.000548814,0.000115524,0.000881078,512
2506,1764562760.320509,0.051374718,0.000724087,0.000856492,0.000119020,0.000594118,512
2507,1764562760.4319375,0.100090643,0.000190392,0.000736431,0.000053128,0.000319209,512
2508,1764562760.468154,0.023767662,0.000480247,0.000837778,0.000052307,0.000298802,512
2509,1764562760.534856,0.056472015,0.000672352,0.000725651,0.000099364,0.000542713,512
2510,1764562760.6037338,0.057065021,0.000568310,0.000845793,0.000103902,0.000587746,512
2511,1764562760.643724,0.034884331,0.000398997,0.000537704,0.000049442,0.000305094,512
2512,1764562760.6678684,0.020563653,0.000082642,0.000529058,0.000042699,0.000271251,512
2513,1764562760.693718,0.023368494,0.000048650,0.000442267,0.000034093,0.000230727,512
2514,1764562760.7259274,0.029096427,0.000079287,0.000456984,0.000034885,0.000245183,512
2515,1764562760.7563071,0.027866214,0.000047759,0.000482652,0.000034954,0.000221319,512
2516,1764562760.8335576,0.073609358,0.000116455,0.000448228,0.000043380,0.000274748,512
2517,1764562760.885119,0.048296792,0.000140339,0.000496478,0.000036447,0.000240624,512
2518,1764562760.972027,0.083207160,0.000110574,0.000489865,0.000084567,0.000566787,512
2519,1764562761.0259967,0.049561919,0.000079697,0.000477041,0.000041858,0.000270590,512
2520,1764562761.1210778,0.091998001,0.000086910,0.000516714,0.000039994,0.000264188,512
2521,1764562761.2133882,0.089150631,0.000085568,0.000517626,0.000038822,0.000255943,512
2522,1764562761.286699,0.069805109,0.000082642,0.000524529,0.000040966,0.000405089,512
2523,1764562761.3075097,0.017936288,0.000056604,0.000521985,0.000039193,0.000274156,512
2524,1764562761.3903027,0.078447105,0.000117327,0.000817160,0.000046516,0.000555747,512
2525,1764562761.4286113,0.033928936,0.000070340,0.000845873,0.000093583,0.000616589,512
2526,1764562761.4848192,0.051315398,0.000103631,0.001189447,0.000065481,0.000421659,512
2527,1764562761.543843,0.055079804,0.000089405,0.000740488,0.000040074,0.000342633,512
2528,1764562761.5681887,0.020092021,0.000103011,0.000572828,0.000048609,0.000278875,512
2529,1764562761.6031609,0.029974129,0.000108611,0.000889143,0.000069308,0.000788697,512
2530,1764562761.6240146,0.017370052,0.000091008,0.000573700,0.000047728,0.000290627,512
2531,1764562761.6531205,0.025177417,0.000122586,0.000570705,0.000043710,0.000287260,512
2532,1764562761.6793382,0.022914035,0.000086650,0.000580753,0.000043490,0.000297429,512
2533,1764562761.7185736,0.035093507,0.000201843,0.000552180,0.000044442,0.000286148,512
2534,1764562761.764924,0.042849227,0.000076421,0.000594057,0.000042889,0.000279006,512
2535,1764562761.816886,0.048031921,0.000085187,0.000549425,0.000052778,0.000307137,512
2536,1764562761.8500977,0.029494081,0.000075980,0.000547021,0.000045123,0.000310794,512
2537,1764562761.8701522,0.016988558,0.000076601,0.000539847,0.000041527,0.000303421,512
2538,1764562761.9193964,0.045742652,0.000129109,0.000556287,0.000043120,0.000278084,512
2539,1764562761.9782972,0.055505550,0.000089165,0.000582376,0.000045183,0.000299273,512
2540,1764562762.0422,0.059916189,0.000104924,0.000567278,0.000044792,0.000318508,512
2541,1764562762.086177,0.040609949,0.000085237,0.000556678,0.000044071,0.000292681,512
2542,1764562762.135692,0.046332342,0.000100025,0.000532214,0.000041316,0.000283003,512
2543,1764562762.1771102,0.037262033,0.000075089,0.000536280,0.000042990,0.000282101,512
2544,1764562762.2329118,0.052450986,0.000066954,0.000529378,0.000045855,0.000289355,512
2545,1764562762.28894,0.052822212,0.000082292,0.000534017,0.000040535,0.000265490,512
2546,1764562762.3689802,0.076490110,0.000140089,0.000531802,0.000041978,0.000270891,512
2547,1764562762.420485,0.047786218,0.000124550,0.000550667,0.000061203,0.000299593,512
2548,1764562762.460096,0.035169548,0.000106046,0.001007532,0.000043982,0.000289525,512
2549,1764562762.4783998,0.014260156,0.000127836,0.000584590,0.000053118,0.000408315,512
2550,1764562762.522919,0.040834574,0.000095526,0.000600760,0.000045203,0.000291588,512
2551,1764562762.5491688,0.022352347,0.000084316,0.000652736,0.000056434,0.000317447,512
2552,1764562762.5894852,0.036522968,0.000090297,0.000604106,0.000048790,0.000311867,512
2553,1764562762.6352513,0.041595230,0.000127957,0.000598335,0.000050233,0.000318830,512
2554,1764562762.651667,0.012463187,0.000078896,0.000586824,0.000047387,0.000310875,512
2555,1764562762.68331,0.027052431,0.000135060,0.000641755,0.000051185,0.000333988,512
2556,1764562762.6980047,0.011121127,0.000072604,0.000656442,0.000052677,0.000305584,512
2557,1764562762.789066,0.087146779,0.000092942,0.000581134,0.000077794,0.000521042,512
2558,1764562762.851262,0.057542293,0.000090547,0.000964702,0.000053830,0.000310373,512
2559,1764562762.9001265,0.045350187,0.000074778,0.000530040,0.000047287,0.000292190,512
2560,1764562762.9247959,0.020968952,0.000088263,0.000560986,0.000044773,0.000272304,512
2561,1764562763.0112457,0.081423495,0.000125922,0.001047225,0.000057587,0.000612261,512
2562,1764562763.0685413,0.053410018,0.000090197,0.000516635,0.000040545,0.000261312,512
2563,1764562763.1090386,0.036798257,0.000111285,0.000519620,0.000045214,0.000289415,512
2564,1764562763.153057,0.039740112,0.000141622,0.000531762,0.000052858,0.000344316,512
2565,1764562763.1718547,0.015656556,0.000084045,0.000532644,0.000039694,0.000264699,512
2566,1764562763.193405,0.018631633,0.000048219,0.000520853,0.000039412,0.000255111,512
2567,1764562763.2206452,0.024773170,0.000050704,0.000504381,0.000037489,0.000247707,512
2568,1764562763.287124,0.063705309,0.000061564,0.000514110,0.000037660,0.000280218,512
2569,1764562763.3071024,0.017380752,0.000047869,0.000506155,0.000052197,0.000253478,512
2570,1764562763.3276832,0.018137981,0.000048620,0.000492380,0.000036277,0.000242568,512
2571,1764562763.3622422,0.030140096,0.000099364,0.000599217,0.000053559,0.000323868,512
2572,1764562763.42638,0.059562415,0.000137885,0.000645653,0.000051265,0.000329679,512
2573,1764562763.477141,0.046213813,0.000157090,0.000643910,0.000050243,0.000333346,512
2574,1764562763.5299797,0.048178392,0.000129970,0.000721674,0.000051515,0.000333205,512
2575,1764562763.5799959,0.045378880,0.000083915,0.001374970,0.000045985,0.000341110,512
2576,1764562763.65175,0.067679331,0.000129549,0.000546810,0.000070380,0.000467093,512
2577,1764562763.6845837,0.029362619,0.000059079,0.000655842,0.000041627,0.000276381,512
2578,1764562763.7021532,0.014589265,0.000048650,0.000526743,0.000048369,0.000396713,512
2579,1764562763.7617989,0.056505637,0.000079276,0.000524108,0.000041767,0.000267665,512
2580,1764562763.7948802,0.029644690,0.000054601,0.000521794,0.000043751,0.000271912,512
2581,1764562763.8635125,0.065440405,0.000109473,0.000526312,0.000041967,0.000265681,512
2582,1764562763.874621,0.008434644,0.000049802,0.000519710,0.000042549,0.000267034,512
2583,1764562763.911418,0.033890185,0.000066984,0.000536502,0.000039072,0.000286920,512
2584,1764562763.9443026,0.029570022,0.000087442,0.000571355,0.000043481,0.000289405,512
2585,1764562763.982752,0.034744443,0.000078885,0.000545007,0.000047498,0.000274507,512
2586,1764562764.0294096,0.042006259,0.000157230,0.000626658,0.000047488,0.000294374,512
2587,1764562764.067462,0.033645232,0.000089455,0.000659679,0.000060202,0.000347652,512
2588,1764562764.0919309,0.019823635,0.000113339,0.000673103,0.000053780,0.000345248,512
2589,1764562764.1534498,0.057301969,0.000093323,0.000962709,0.000048219,0.000333526,512
2590,1764562764.243689,0.085090871,0.000141512,0.000739607,0.000079727,0.000383268,512
2591,1764562764.3156168,0.067490022,0.000100255,0.000671321,0.000053970,0.000339447,512
2592,1764562764.348577,0.027030801,0.000101628,0.000722004,0.000052407,0.000347482,512
2593,1764562764.4384198,0.085982317,0.000107288,0.000624323,0.000043130,0.000586885,512
2594,1764562764.4745028,0.032737484,0.000061023,0.000564283,0.000044592,0.000316605,512
2595,1764562764.5023992,0.023399461,0.000373200,0.000558563,0.000042318,0.000284485,512
2596,1764562764.5475368,0.041817180,0.000070410,0.000572377,0.000061323,0.000274036,512
2597,1764562764.5997312,0.048033915,0.000086259,0.000552411,0.000047458,0.000280308,512
2598,1764562764.6359482,0.032159887,0.000112167,0.000569643,0.000042188,0.000282732,512
2599,1764562764.6596785,0.019921386,0.000079778,0.000560966,0.000047037,0.000304233,512
2600,1764562764.6827824,0.018929934,0.000106276,0.000643199,0.000060843,0.000334719,512
2601,1764562764.7168682,0.029349134,0.000093233,0.000646464,0.000062095,0.000339767,512
2602,1764562764.7721186,0.050680085,0.000112819,0.000632449,0.000047568,0.000312096,512
2603,1764562764.8009691,0.024491369,0.000093183,0.000648167,0.000055202,0.000358733,512
2604,1764562764.8575091,0.051457511,0.000126674,0.000683503,0.000056113,0.000324510,512
2605,1764562764.909945,0.048320164,0.000088975,0.000631166,0.000048440,0.000311545,512
2606,1764562764.951935,0.037682951,0.000109903,0.000619634,0.000051084,0.000327165,512
2607,1764562764.997174,0.041507036,0.000096108,0.000669236,0.000050854,0.000295957,512
2608,1764562765.0189016,0.018288870,0.000106146,0.000582907,0.000044823,0.000290437,512
2609,1764562765.0386486,0.016437419,0.000068516,0.000611380,0.000045814,0.000283373,512
2610,1764562765.0684452,0.025895914,0.000153674,0.000535279,0.000042509,0.000305635,512
2611,1764562765.1334867,0.061438682,0.000076691,0.000520051,0.000048189,0.000285036,512
2612,1764562765.1891732,0.052746623,0.000069378,0.000532133,0.000040585,0.000269077,512
2613,1764562765.2143695,0.022057312,0.000089065,0.000551379,0.000042949,0.000275439,512
2614,1764562765.2478766,0.030309498,0.000080108,0.000525872,0.000041196,0.000263797,512
2615,1764562765.299365,0.047610413,0.000141131,0.000564253,0.000052888,0.000303570,512
2616,1764562765.3412106,0.037550917,0.000116215,0.000583427,0.000045624,0.000315433,512
2617,1764562765.429958,0.085129402,0.000089254,0.000613023,0.000044733,0.000292119,512
2618,1764562765.5044808,0.070822900,0.000091369,0.000622289,0.000049852,0.000311696,512
2619,1764562765.603989,0.095598444,0.000099494,0.000636345,0.000049020,0.000318188,512
2620,1764562765.6735127,0.065291981,0.000093903,0.000606531,0.000050534,0.000339377,512
2621,1764562765.7303522,0.053419054,0.000086500,0.000583588,0.000047547,0.000294093,512
2622,1764562765.7586586,0.024285900,0.000082522,0.000579750,0.000055863,0.000340860,512
2623,1764562765.7874951,0.025828269,0.000066603,0.000540018,0.000042018,0.000269879,512
2624,1764562765.8176813,0.024616661,0.000079366,0.000560857,0.000092601,0.000527304,512
2625,1764562765.86581,0.044152234,0.000131433,0.000553382,0.000042168,0.000532644,512
2626,1764562765.9277043,0.058338113,0.000088062,0.000573891,0.000043691,0.000281240,512
2627,1764562766.0478005,0.115836755,0.000116886,0.000679706,0.000052016,0.000338866,512
2628,1764562766.146119,0.094946649,0.000090707,0.000546369,0.000042990,0.000286509,512
2629,1764562766.1610613,0.012405590,0.000049391,0.000545928,0.000039754,0.000275319,512
2630,1764562766.2000747,0.035169658,0.000081631,0.000588848,0.000050764,0.000294605,512
2631,1764562766.2331839,0.029289945,0.000081491,0.000558172,0.000044873,0.000293583,512
2632,1764562766.2795022,0.043301982,0.000075530,0.000507778,0.000039924,0.000260412,512
2633,1764562766.3198059,0.036722898,0.000108190,0.000574812,0.000043420,0.000277462,512
2634,1764562766.3502402,0.025929787,0.000145749,0.000596993,0.000052376,0.000330240,512
2635,1764562766.375136,0.020578731,0.000098221,0.000594759,0.000052838,0.000317086,512
2636,1764562766.4160614,0.036649933,0.000133216,0.000650021,0.000057156,0.000309562,512
2637,1764562766.4516928,0.030120129,0.000151741,0.001190249,0.000059711,0.000330731,512
2638,1764562766.4739408,0.017311985,0.000098292,0.000752481,0.000072003,0.000532424,512
2639,1764562766.5019827,0.023551292,0.000107489,0.000684955,0.000057246,0.000320392,512
2640,1764562766.5620382,0.055098938,0.000140279,0.000655220,0.000072303,0.000471862,512
2641,1764562766.5925124,0.025471309,0.000128578,0.000771977,0.000067003,0.000367579,512
2642,1764562766.6307497,0.032878415,0.000125282,0.001065308,0.000075900,0.000382066,512
2643,1764562766.674859,0.038539905,0.000098261,0.001458304,0.000088113,0.000598406,512
2644,1764562766.688517,0.009420024,0.000085348,0.000986202,0.000051946,0.000459129,512
2645,1764562766.7310426,0.038100202,0.000072774,0.001193475,0.000050804,0.000325150,512
2646,1764562766.8201878,0.084462299,0.000091970,0.000879114,0.000070170,0.000466041,512
2647,1764562766.8370545,0.013462843,0.000088684,0.000737052,0.000040194,0.000294174,512
2648,1764562766.8736656,0.032614147,0.000084937,0.000587805,0.000058619,0.000290417,512
2649,1764562766.8981094,0.020736783,0.000080148,0.000572107,0.000049772,0.000429744,512
2650,1764562766.934825,0.033257545,0.000109332,0.000522405,0.000040946,0.000267745,512
2651,1764562766.9833632,0.044180526,0.000086851,0.000833590,0.000048189,0.000280368,512
2652,1764562767.0174646,0.030104068,0.000125231,0.000543574,0.000045845,0.000291980,512
2653,1764562767.0512373,0.029173751,0.000148374,0.000602323,0.000052547,0.000332585,512
2654,1764562767.076544,0.021182185,0.000100235,0.000609056,0.000048099,0.000322055,512
2655,1764562767.1102211,0.029300254,0.000135500,0.000660220,0.000053188,0.000335570,512
2656,1764562767.1878939,0.073992947,0.000106416,0.000614205,0.000046777,0.000304924,512
2657,1764562767.2421713,0.049377739,0.000106307,0.000664648,0.000058949,0.000674146,512
2658,1764562767.3404503,0.094680397,0.000083975,0.000603495,0.000051144,0.000308911,512
2659,1764562767.3650036,0.020600230,0.000092000,0.000584179,0.000044983,0.000367028,512
2660,1764562767.4001164,0.031422064,0.000097881,0.000589759,0.000048079,0.000292430,512
2661,1764562767.4432344,0.040348877,0.000060031,0.000525631,0.000040394,0.000272523,512
2662,1764562767.459924,0.013899661,0.000052547,0.000519129,0.000041586,0.000270570,512
2663,1764562767.4888692,0.025815956,0.000109682,0.000553443,0.000040164,0.000265831,512
2664,1764562767.5264664,0.033603775,0.000106767,0.000588207,0.000047217,0.000299022,512
2665,1764562767.6422002,0.109996155,0.000175044,0.000933554,0.000066453,0.000406872,512
2666,1764562767.7508118,0.103548803,0.000139769,0.000745468,0.000069349,0.000426147,512
2667,1764562767.7890496,0.033314461,0.000112298,0.000747731,0.000077703,0.000447517,512
2668,1764562767.8147209,0.021545948,0.000103341,0.000682451,0.000052808,0.000343064,512
2669,1764562767.8571756,0.038785910,0.000089596,0.000627219,0.000052277,0.000322596,512
2670,1764562767.895297,0.034826173,0.000084225,0.000578549,0.000043591,0.000287542,512
2671,1764562767.9058092,0.007588651,0.000060732,0.000564072,0.000043049,0.000275549,512
2672,1764562767.9510453,0.041518407,0.000098482,0.000544637,0.000048469,0.000275560,512
2673,1764562768.0054286,0.051143181,0.000087000,0.000541921,0.000040525,0.000265120,512
2674,1764562768.034783,0.025584088,0.000088303,0.000523227,0.000042218,0.000278294,512
2675,1764562768.1824837,0.143376026,0.000098422,0.000701126,0.000061303,0.000344537,512
2676,1764562768.2191093,0.032280511,0.000128036,0.000672092,0.000051104,0.000335951,512
2677,1764562768.2382984,0.015598039,0.000086270,0.000640203,0.000055542,0.000316094,512
2678,1764562768.2699735,0.028113752,0.000086039,0.000597894,0.000047107,0.000298902,512
2679,1764562768.2934804,0.018538141,0.000118179,0.001289563,0.000045564,0.000331012,512
2680,1764562768.318544,0.020996351,0.000115563,0.000552120,0.000072624,0.000479315,512
2681,1764562768.4300363,0.107235093,0.000100265,0.001084183,0.000044051,0.000291709,512
2682,1764562768.459193,0.024373061,0.000093773,0.001209304,0.000056795,0.000308490,512
2683,1764562768.5011735,0.038024904,0.000096699,0.000519239,0.000041506,0.000446675,512
2684,1764562768.5889845,0.083230262,0.000083845,0.000789328,0.000091269,0.000606561,512
2685,1764562768.6040485,0.010591749,0.000081981,0.001102347,0.000042729,0.000269889,512
2686,1764562768.640162,0.030838236,0.000104463,0.001067482,0.000064830,0.000506286,512
2687,1764562768.686685,0.042353520,0.000097631,0.000621358,0.000054651,0.000372839,512
2688,1764562768.7265859,0.035871855,0.000111025,0.000639001,0.000049582,0.000325011,512
2689,1764562768.7897086,0.059406477,0.000086400,0.000574551,0.000040685,0.000554664,512
2690,1764562768.8196197,0.026689029,0.000107168,0.000540679,0.000041607,0.000274477,512
2691,1764562768.8703878,0.047417496,0.000085728,0.000538425,0.000043100,0.000288694,512
2692,1764562768.91659,0.041667242,0.000081331,0.000663826,0.000069569,0.000635545,512
2693,1764562768.961907,0.041888912,0.000067776,0.000510093,0.000039062,0.000472463,512
2694,1764562769.0025856,0.033886587,0.000136001,0.000537262,0.000051015,0.000305856,512
2695,1764562769.0493915,0.042553220,0.000082231,0.000939466,0.000043951,0.000271121,512
2696,1764562769.0765684,0.023328532,0.000114151,0.000770664,0.000065822,0.000435325,512
2697,1764562769.1012142,0.020364084,0.000063026,0.000833671,0.000070821,0.000459829,512
2698,1764562769.1425061,0.037477332,0.000103031,0.000500805,0.000040555,0.000289615,512
2699,1764562769.2097232,0.062230594,0.000146231,0.000813493,0.000051906,0.000419395,512
2700,1764562769.303064,0.089932505,0.000087311,0.000537173,0.000066624,0.000266312,512
2701,1764562769.344314,0.038153541,0.000071131,0.000524079,0.000040906,0.000287611,512
2702,1764562769.3781734,0.030106583,0.000077513,0.000879996,0.000065631,0.000429614,512
2703,1764562769.4388943,0.056828394,0.000089065,0.000893560,0.000041717,0.000325933,512
2704,1764562769.467519,0.024997585,0.000079397,0.000557420,0.000039593,0.000258808,512
2705,1764562769.5875406,0.116816926,0.000082652,0.000516674,0.000040084,0.000264308,512
2706,1764562769.6512094,0.060206155,0.000120492,0.000525771,0.000040625,0.000269729,512
2707,1764562769.6606526,0.006958747,0.000049732,0.000509071,0.000038461,0.000249340,512
2708,1764562769.6841388,0.020696708,0.000068557,0.000509461,0.000038721,0.000257797,512
2709,1764562769.7836382,0.094607382,0.000083064,0.001081187,0.000045774,0.000537593,512
2710,1764562769.8144767,0.026630842,0.000083073,0.000859297,0.000049121,0.000381344,512
2711,1764562769.8271327,0.008790902,0.000117227,0.000543915,0.000041317,0.000407382,512
2712,1764562769.881686,0.050620685,0.000081260,0.000519039,0.000041667,0.000270119,512
2713,1764562769.922334,0.036924420,0.000075931,0.000693892,0.000041396,0.000277112,512
2714,1764562769.9502633,0.022652712,0.000125973,0.000616890,0.000061684,0.000319229,512
2715,1764562770.000249,0.045371507,0.000096669,0.000818132,0.000054831,0.000322656,512
2716,1764562770.0322766,0.026550865,0.000135620,0.001149884,0.000060532,0.000373591,512
2717,1764562770.0575767,0.021033751,0.000102830,0.000647126,0.000050453,0.000354204,512
2718,1764562770.0888383,0.027956221,0.000073746,0.000603555,0.000046425,0.000282993,512
2719,1764562770.148491,0.055825811,0.000079527,0.000554895,0.000076722,0.000493061,512
2720,1764562770.1675782,0.015900598,0.000077052,0.000524759,0.000038562,0.000256494,512
2721,1764562770.19342,0.022500611,0.000079907,0.000645652,0.000036778,0.000575704,512
2722,1764562770.2479806,0.051169919,0.000103401,0.000591853,0.000054661,0.000260792,512
2723,1764562770.291521,0.039633735,0.000093262,0.000543905,0.000055202,0.000328697,512
2724,1764562770.3544912,0.059258584,0.000087933,0.000585151,0.000054141,0.000367058,512
2725,1764562770.4006815,0.041800910,0.000188769,0.000532434,0.000071632,0.000459228,512
2726,1764562770.4606848,0.056845085,0.000084696,0.000514220,0.000041246,0.000260522,512
2727,1764562770.4982543,0.034223499,0.000076791,0.000523698,0.000045223,0.000266673,512
2728,1764562770.519753,0.018779356,0.000055994,0.000501406,0.000038491,0.000252356,512
2729,1764562770.5575805,0.034026346,0.000087512,0.000569152,0.000050714,0.000290276,512
2730,1764562770.619856,0.059221876,0.000077774,0.000502448,0.000039663,0.000257576,512
2731,1764562770.632389,0.009175883,0.000072413,0.000543354,0.000041667,0.000290377,512
2732,1764562770.6493218,0.014020514,0.000058358,0.000525631,0.000042418,0.000255762,512
2733,1764562770.6698105,0.017923625,0.000053619,0.000497690,0.000037780,0.000245203,512
2734,1764562770.702539,0.029032810,0.000094685,0.000513659,0.000041366,0.000262655,512
2735,1764562770.7214632,0.015867045,0.000083795,0.000506375,0.000039183,0.000256915,512
2736,1764562770.7667994,0.041916122,0.000082112,0.000500094,0.000040134,0.000262976,512
2737,1764562770.800603,0.029244401,0.000146140,0.000566857,0.000064639,0.000348524,512
2738,1764562770.8290772,0.024611912,0.000091529,0.000458998,0.000046817,0.000267154,512
2739,1764562770.8576002,0.025052086,0.000096990,0.000464629,0.000037720,0.000230877,512
2740,1764562770.8740823,0.012439582,0.000089305,0.000482110,0.000048931,0.000270450,512
2741,1764562770.919448,0.042200457,0.000077824,0.000453608,0.000037319,0.000254971,512
2742,1764562770.9791875,0.056507010,0.000081451,0.000475418,0.000038762,0.000254641,512
2743,1764562771.0103204,0.028284657,0.000076031,0.000437529,0.000035516,0.000230236,512
2744,1764562771.0337563,0.019638694,0.000074198,0.000489895,0.000035836,0.000231217,512
2745,1764562771.0518785,0.012348975,0.000078726,0.000635735,0.000086129,0.000342884,512
2746,1764562771.0823557,0.026459015,0.000077153,0.000499222,0.000086930,0.000497629,512
2747,1764562771.0949113,0.009532602,0.000048770,0.000435444,0.000071262,0.000417782,512
2748,1764562771.123098,0.025247596,0.000050182,0.000457565,0.000049401,0.000337183,512
2749,1764562771.1419744,0.015401636,0.000051455,0.001070387,0.000044692,0.000246445,512
2750,1764562771.1592016,0.013165324,0.000047468,0.001010166,0.000054952,0.000245032,512
2751,1764562771.223758,0.061135562,0.000078235,0.000450623,0.000046556,0.000541481,512
2752,1764562771.2694294,0.042631524,0.000077914,0.000439081,0.000034784,0.000254741,512
2753,1764562771.3064084,0.032529150,0.000087592,0.000984329,0.000034534,0.000596742,512
2754,1764562771.358648,0.047026784,0.000080098,0.000466763,0.000099955,0.000327174,512
2755,1764562771.3893487,0.027776519,0.000061954,0.000485366,0.000052347,0.000271722,512
2756,1764562771.4137175,0.020564565,0.000136673,0.000468947,0.000035927,0.000262725,512
2757,1764562771.4332857,0.016589419,0.000061274,0.000489134,0.000039854,0.000244582,512
2758,1764562771.4506886,0.013940425,0.000091759,0.000453427,0.000036267,0.000229815,512
2759,1764562771.467968,0.014524125,0.000072053,0.000458798,0.000035015,0.000232189,512
2760,1764562771.5108745,0.040097101,0.000117778,0.000443520,0.000037149,0.000234944,512
2761,1764562771.568601,0.054805336,0.000106687,0.000449481,0.000036196,0.000231247,512
2762,1764562771.5834744,0.012156961,0.000052036,0.000434994,0.000037910,0.000253909,512
2763,1764562771.6136413,0.027653211,0.000060271,0.000446365,0.000034433,0.000222732,512
2764,1764562771.6342607,0.017734074,0.000086570,0.000452857,0.000034975,0.000226799,512
2765,1764562771.667757,0.030352619,0.000111095,0.000449130,0.000034384,0.000227320,512
2766,1764562771.6886106,0.018033398,0.000106176,0.000457215,0.000035555,0.000226739,512
2767,1764562771.7300866,0.038704799,0.000061103,0.000458226,0.000037440,0.000240654,512
2768,1764562771.778563,0.045166659,0.000074377,0.000589279,0.000035656,0.000230535,512
2769,1764562771.7992396,0.016608545,0.000066092,0.000497780,0.000048700,0.000332625,512
2770,1764562771.8415027,0.038960401,0.000082572,0.000438891,0.000040645,0.000267134,512
2771,1764562771.8584409,0.013994325,0.000067384,0.000442889,0.000043300,0.000261764,512
2772,1764562771.8905373,0.028845664,0.000062466,0.000502448,0.000052527,0.000261804,512
2773,1764562771.940638,0.046376523,0.000102680,0.000484335,0.000040776,0.000232950,512
2774,1764562771.9692407,0.025199327,0.000084256,0.000469397,0.000035446,0.000232680,512
2775,1764562771.991189,0.018543290,0.000082533,0.000469327,0.000038281,0.000268747,512
2776,1764562772.026441,0.031202107,0.000121214,0.000459208,0.000046877,0.000294805,512
2777,1764562772.0397274,0.010557465,0.000046416,0.000462725,0.000041026,0.000249601,512
2778,1764562772.08988,0.046955042,0.000078284,0.000488022,0.000036187,0.000228442,512
2779,1764562772.127239,0.034459857,0.000078965,0.000445644,0.000036307,0.000231257,512
2780,1764562772.1459894,0.015419278,0.000092992,0.000507658,0.000039733,0.000254069,512
2781,1764562772.205806,0.056597938,0.000083775,0.000465510,0.000035836,0.000236117,512
2782,1764562772.2277548,0.018975378,0.000070982,0.000453999,0.000037279,0.000232370,512
2783,1764562772.2675035,0.036326465,0.000082482,0.000440023,0.000035726,0.000232029,512
2784,1764562772.3147945,0.044063200,0.000084486,0.000468435,0.000043971,0.000231628,512
2785,1764562772.3328233,0.014354070,0.000070330,0.000474376,0.000035526,0.000447897,512
2786,1764562772.3494554,0.013118017,0.000068507,0.000478945,0.000042810,0.000259890,512
2787,1764562772.3623981,0.010096955,0.000073195,0.000448178,0.000034263,0.000230476,512
2788,1764562772.4040449,0.038636583,0.000080148,0.000461162,0.000036317,0.000243900,512
2789,1764562772.5085566,0.100899077,0.000113079,0.000445253,0.000041317,0.000269038,512
2790,1764562772.536235,0.024211993,0.000114402,0.000487210,0.000042579,0.000250663,512
2791,1764562772.5584726,0.018432566,0.000083654,0.000470179,0.000047367,0.000285377,512
2792,1764562772.5906365,0.028915833,0.000081210,0.000482742,0.000041607,0.000248309,512
2793,1764562772.617593,0.023294478,0.000086460,0.000461352,0.000036978,0.000235445,512
2794,1764562772.6741962,0.052973402,0.000086630,0.000477552,0.000041166,0.000253578,512
2795,1764562772.718717,0.040510846,0.000173511,0.000494163,0.000044242,0.000263437,512
2796,1764562772.7931418,0.071136429,0.000112598,0.000455251,0.000034804,0.000231107,512
2797,1764562772.8046026,0.008562179,0.000111445,0.000463416,0.000036778,0.000228252,512
2798,1764562772.842137,0.034330869,0.000098763,0.000464829,0.000036378,0.000249331,512
2799,1764562772.901582,0.055875063,0.000083805,0.000458016,0.000039774,0.000242027,512
2800,1764562772.917749,0.013561055,0.000067104,0.000441616,0.000034353,0.000226228,512
2801,1764562772.9607637,0.038643987,0.000391894,0.000458638,0.000038010,0.000238501,512
2802,1764562772.9854286,0.020973449,0.000150718,0.000504261,0.000044442,0.000257085,512
2803,1764562773.0428932,0.053265602,0.000185232,0.000467785,0.000037810,0.000243169,512
2804,1764562773.0634644,0.017573668,0.000082042,0.000459139,0.000035496,0.000231488,512
2805,1764562773.076111,0.009401910,0.000108220,0.000455261,0.000037449,0.000239834,512
2806,1764562773.1034846,0.024385874,0.000099764,0.000447227,0.000034835,0.000232480,512
2807,1764562773.121539,0.014391279,0.000090818,0.000477862,0.000047418,0.000292139,512
2808,1764562773.1635456,0.038344323,0.000084647,0.000592254,0.000047518,0.000232389,512
2809,1764562773.1788256,0.011452490,0.000115714,0.000442597,0.000037009,0.000250422,512
2810,1764562773.2421277,0.059653644,0.000117277,0.000455752,0.000036848,0.000245123,512
2811,1764562773.287574,0.042491165,0.000083564,0.000453568,0.000036547,0.000228512,512
2812,1764562773.3312905,0.039531357,0.000082743,0.000485147,0.000103011,0.000583859,512
2813,1764562773.3853748,0.050146639,0.000130021,0.000612091,0.000040034,0.000330381,512
2814,1764562773.4177783,0.027862117,0.000097540,0.000600890,0.000074728,0.000513068,512
2815,1764562773.4425404,0.020417693,0.000078505,0.000909700,0.000049020,0.000305424,512
2816,1764562773.48553,0.038296074,0.000112709,0.000889353,0.000047718,0.000299794,512
2817,1764562773.542658,0.053026560,0.000092812,0.000606481,0.000032830,0.000464357,512
2818,1764562773.5709853,0.024539278,0.000089235,0.000506116,0.000044783,0.000237910,512
2819,1764562773.5842717,0.009370583,0.000052157,0.000882119,0.000065892,0.000430826,512
2820,1764562773.6352255,0.047052472,0.000127436,0.000738395,0.000038180,0.000232550,512
2821,1764562773.6908803,0.051432645,0.000099393,0.000881538,0.000046256,0.000283364,512
2822,1764562773.7024133,0.008677843,0.000052246,0.000433110,0.000062575,0.000417411,512
2823,1764562773.7573626,0.050669935,0.000080448,0.000709100,0.000096859,0.000521504,512
2824,1764562773.7858872,0.025107738,0.000086160,0.000462895,0.000037800,0.000308350,512
2825,1764562773.8509438,0.060343038,0.000101878,0.000802503,0.000066753,0.000467814,512
2826,1764562773.8756425,0.021290045,0.000087191,0.000446425,0.000035446,0.000237930,512
2827,1764562773.9439173,0.064919522,0.000079897,0.000449340,0.000065991,0.000428672,512
2828,1764562773.9648092,0.017196883,0.000076131,0.000454379,0.000041566,0.000431697,512
2829,1764562773.9904604,0.021551437,0.000087572,0.000814334,0.000047298,0.000248158,512
2830,1764562774.0165243,0.021502287,0.000076822,0.000898009,0.000065751,0.000289194,512
2831,1764562774.0427086,0.022433688,0.000088183,0.000463948,0.000044402,0.000292711,512
2832,1764562774.0788693,0.031852359,0.000083635,0.000832598,0.000076261,0.000462084,512
2833,1764562774.1182458,0.035425100,0.000125462,0.000449390,0.000041386,0.000443519,512
2834,1764562774.1360855,0.014691683,0.000082432,0.000453668,0.000049291,0.000301847,512
2835,1764562774.1631567,0.024034245,0.000078605,0.000461423,0.000043100,0.000264870,512
2836,1764562774.2398217,0.072741033,0.000084325,0.000493131,0.000074939,0.000389720,512
2837,1764562774.2722504,0.028922125,0.000082663,0.000503099,0.000040304,0.000308299,512
2838,1764562774.305694,0.029353863,0.000155387,0.000558893,0.000047979,0.000337804,512
2839,1764562774.3599138,0.049893441,0.000101939,0.000488914,0.000047558,0.000256083,512
2840,1764562774.3942142,0.030732981,0.000109722,0.000448309,0.000034744,0.000375524,512
2841,1764562774.4367895,0.039496042,0.000080929,0.000502468,0.000040144,0.000234704,512
2842,1764562774.471196,0.029695384,0.000185543,0.000954213,0.000065070,0.000426758,512
2843,1764562774.4820316,0.008054982,0.000044332,0.000486098,0.000035826,0.000247046,512
2844,1764562774.511335,0.025211119,0.000143976,0.000441296,0.000035556,0.000234604,512
2845,1764562774.5516193,0.035391638,0.000272273,0.000774350,0.000042930,0.000336271,512
2846,1764562774.6016963,0.047239518,0.000073987,0.000440694,0.000035125,0.000229304,512
2847,1764562774.641507,0.035427825,0.000097410,0.000488052,0.000056034,0.000280499,512
2848,1764562774.6979659,0.052161040,0.000084546,0.001032167,0.000065731,0.000467554,512
2849,1764562774.7207325,0.019257589,0.000053950,0.000447207,0.000032329,0.000802132,512
2850,1764562774.7344997,0.010567634,0.000113340,0.000440444,0.000068556,0.000437248,512
2851,1764562774.7635777,0.026540866,0.000055022,0.000445443,0.000033622,0.000223804,512
2852,1764562774.8084319,0.041247597,0.000101187,0.000479076,0.000039693,0.000272694,512
2853,1764562774.874514,0.062668393,0.000075219,0.000449190,0.000044312,0.000242818,512
2854,1764562774.9136817,0.036597476,0.000056935,0.000445533,0.000033933,0.000223713,512
2855,1764562774.9645646,0.047854544,0.000076582,0.000465931,0.000039904,0.000231909,512
2856,1764562775.010066,0.040554507,0.000119150,0.000735229,0.000036938,0.000263697,512
2857,1764562775.0580208,0.042545837,0.000081701,0.000806019,0.000117427,0.000694002,512
2858,1764562775.101317,0.038050200,0.000345178,0.000448138,0.000036558,0.000266542,512
2859,1764562775.1113675,0.007239797,0.000080568,0.000443380,0.000034374,0.000228252,512
2860,1764562775.1269557,0.013170764,0.000047738,0.000474226,0.000034513,0.000230035,512
2861,1764562775.241455,0.110789710,0.000128528,0.000463547,0.000041076,0.000247046,512
2862,1764562775.260764,0.014220603,0.000140119,0.000886247,0.000054962,0.000451765,512
2863,1764562775.2753212,0.010056359,0.000163662,0.000478655,0.000045464,0.000409076,512
2864,1764562775.3064787,0.027478268,0.000084656,0.000497589,0.000047408,0.000300045,512
2865,1764562775.3276412,0.017330890,0.000085127,0.000443049,0.000064339,0.000427921,512
2866,1764562775.354166,0.023382711,0.000071712,0.000445574,0.000035125,0.000400800,512
2867,1764562775.3877437,0.030495131,0.000061514,0.000464879,0.000050995,0.000297530,512
2868,1764562775.4620674,0.070794576,0.000082452,0.000450392,0.000049141,0.000356679,512
2869,1764562775.499759,0.033294383,0.000080749,0.000710412,0.000095426,0.000565425,512
2870,1764562775.552078,0.048148768,0.000111746,0.000870428,0.000065952,0.000428681,512
2871,1764562775.5860486,0.030506272,0.000078775,0.000733456,0.000036056,0.000231127,512
2872,1764562775.620616,0.030630782,0.000053078,0.000920751,0.000085468,0.000560346,512
2873,1764562775.651861,0.027988771,0.000083173,0.000444922,0.000045835,0.000320893,512
2874,1764562775.6880941,0.032540480,0.000063498,0.001074596,0.000033892,0.000225066,512
2875,1764562775.7450879,0.053591062,0.000072403,0.000448309,0.000064569,0.000430025,512
2876,1764562775.7644413,0.016118099,0.000047869,0.000440674,0.000109091,0.000577336,512
2877,1764562775.7852829,0.017094032,0.000115754,0.000959382,0.000034705,0.000228733,512
2878,1764562775.8088212,0.019295400,0.000080279,0.000450302,0.000041327,0.000266172,512
2879,1764562775.8515768,0.039659814,0.000086661,0.000450502,0.000035656,0.000227871,512
2880,1764562775.8936002,0.039118554,0.000061363,0.000438129,0.000034354,0.000229103,512
2881,1764562775.932654,0.035334953,0.000079016,0.000461853,0.000040144,0.000450763,512
2882,1764562775.9762104,0.039111170,0.000093763,0.000776916,0.000085948,0.000622911,512
2883,1764562776.0260828,0.046399565,0.000110925,0.000456343,0.000042298,0.000332113,512
2884,1764562776.0684237,0.038218631,0.000077593,0.000759713,0.000079096,0.000520832,512
2885,1764562776.0997481,0.026653373,0.000068456,0.000725791,0.000086400,0.000293783,512
2886,1764562776.138957,0.035482646,0.000060322,0.000881388,0.000064830,0.000429603,512
2887,1764562776.1607068,0.018082469,0.000059299,0.001088621,0.000045304,0.000446084,512
2888,1764562776.2001464,0.035961250,0.000115884,0.000447748,0.000038781,0.000268306,512
2889,1764562776.2254672,0.020583339,0.000069749,0.000872883,0.000099333,0.000603014,512
2890,1764562776.27506,0.045943052,0.000082894,0.000557120,0.000040475,0.000248459,512
2891,1764562776.301715,0.022528663,0.000093473,0.000751929,0.000048059,0.000283684,512
2892,1764562776.385218,0.079029261,0.000089034,0.000855972,0.000066212,0.000436716,512
2893,1764562776.423173,0.033968700,0.000065280,0.000472142,0.000043210,0.000362249,512
2894,1764562776.4801161,0.052494266,0.000083524,0.000890826,0.000087121,0.000543674,512
2895,1764562776.4987473,0.015336966,0.000054201,0.000474667,0.000037239,0.000231809,512
2896,1764562776.512612,0.010767223,0.000050653,0.000714670,0.000034434,0.000222231,512
2897,1764562776.5422513,0.026055379,0.000068436,0.000510844,0.000039643,0.000541621,512
2898,1764562776.5685992,0.022484731,0.000164213,0.000461713,0.000038612,0.000406031,512
2899,1764562776.64262,0.069351461,0.000321864,0.000463567,0.000037800,0.000239051,512
2900,1764562776.6617963,0.016248129,0.000075830,0.000456373,0.000048530,0.000295085,512
2901,1764562776.7065282,0.040893143,0.000083213,0.000486809,0.000071472,0.000480808,512
2902,1764562776.7175064,0.007490058,0.000112708,0.000443880,0.000035526,0.000341271,512
2903,1764562776.738873,0.017614354,0.000071502,0.000864617,0.000076741,0.000429964,512
2904,1764562776.7884626,0.045818913,0.000073235,0.001106204,0.000034925,0.000226649,512
2905,1764562776.8196282,0.028206734,0.000076431,0.000455371,0.000035375,0.000235355,512
2906,1764562776.8362405,0.013804435,0.000061794,0.000444592,0.000035095,0.000223934,512
2907,1764562776.8513186,0.011626410,0.000131393,0.000442738,0.000046936,0.000355727,512
2908,1764562776.880289,0.025966665,0.000055763,0.000722094,0.000041386,0.000329418,512
2909,1764562776.9049103,0.020409788,0.000068427,0.000788517,0.000079657,0.000538795,512
2910,1764562776.9282448,0.020426529,0.000055101,0.000447517,0.000034564,0.000225447,512
2911,1764562776.9543507,0.022933301,0.000069418,0.000648028,0.000050994,0.000271872,512
2912,1764562776.983806,0.025685977,0.000095737,0.000437939,0.000036257,0.000399759,512
2913,1764562777.0141695,0.026201750,0.000055472,0.000671440,0.000076862,0.001054989,512
2914,1764562777.0442834,0.026670857,0.000080779,0.000663646,0.000037118,0.000238270,512
2915,1764562777.1124017,0.063973244,0.000076792,0.000989478,0.000064258,0.000424834,512
2916,1764562777.1422172,0.025912164,0.000101587,0.000451224,0.000066283,0.000442358,512
2917,1764562777.1771867,0.031384454,0.000280038,0.000469066,0.000036908,0.000237388,512
2918,1764562777.1925988,0.011996194,0.000097349,0.000456694,0.000035896,0.000234995,512
2919,1764562777.2152247,0.018053555,0.000132535,0.001032428,0.000046236,0.000377348,512
2920,1764562777.267116,0.047842482,0.000112147,0.000449851,0.000037980,0.000374942,512
2921,1764562777.3151045,0.044530393,0.000069298,0.000474667,0.000036307,0.000411741,512
2922,1764562777.3256319,0.006472408,0.000095317,0.000442458,0.000065772,0.000424074,512
2923,1764562777.3389897,0.010808239,0.000042198,0.000452897,0.000045484,0.000402203,512
2924,1764562777.3944561,0.051413870,0.000087081,0.000903108,0.000065841,0.000427049,512
2925,1764562777.4531934,0.055623628,0.000084146,0.000447246,0.000035425,0.000232871,512
2926,1764562777.49229,0.035036672,0.000083955,0.000899372,0.000038341,0.000240314,512
2927,1764562777.5274484,0.032033073,0.000059390,0.000441215,0.000047468,0.000424735,512
2928,1764562777.5421228,0.011964645,0.000051144,0.000538455,0.000062746,0.000335881,512
2929,1764562777.5717497,0.025987895,0.000082172,0.000503410,0.000065611,0.000426328,512
2930,1764562777.602555,0.027279821,0.000084025,0.000499453,0.000051124,0.000316775,512
2931,1764562777.6423872,0.036161841,0.000080829,0.000441686,0.000064650,0.000434163,512
2932,1764562777.6749763,0.029128046,0.000074819,0.000456904,0.000041287,0.000271301,512
2933,1764562777.7118814,0.034134716,0.000081942,0.000446956,0.000035065,0.000232419,512
2934,1764562777.7876518,0.072944449,0.000080539,0.000447817,0.000034774,0.000227210,512
2935,1764562777.814136,0.023459252,0.000069098,0.000461052,0.000055923,0.000230125,512
2936,1764562777.8907318,0.073064862,0.000092952,0.000456133,0.000043450,0.000248639,512
2937,1764562777.9069996,0.013562097,0.000045975,0.000461453,0.000035426,0.000246876,512
2938,1764562777.943732,0.033963680,0.000055423,0.000445573,0.000036989,0.000230195,512
2939,1764562777.9794695,0.032886539,0.000079838,0.000463286,0.000036668,0.000230365,512
2940,1764562778.014965,0.031824608,0.000071492,0.000637087,0.000039292,0.000239913,512
2941,1764562778.0478494,0.027920946,0.000083885,0.000630665,0.000071633,0.000295866,512
2942,1764562778.0650773,0.012558652,0.000115042,0.000727183,0.000060622,0.000344016,512
2943,1764562778.1177106,0.048173905,0.000101498,0.000442607,0.000036597,0.000234683,512
2944,1764562778.1411812,0.020773139,0.000054471,0.000444431,0.000037670,0.000246937,512
2945,1764562778.1686916,0.024327817,0.000105094,0.000440193,0.000032500,0.000433911,512
2946,1764562778.1970813,0.025077191,0.000075069,0.000495125,0.000045384,0.000276601,512
2947,1764562778.2578533,0.056875831,0.000091780,0.000449921,0.000045224,0.000262946,512
2948,1764562778.2987106,0.037809465,0.000062305,0.000448439,0.000038591,0.000229243,512
2949,1764562778.323431,0.020448170,0.000070420,0.000602403,0.000091700,0.000536161,512
2950,1764562778.337386,0.010905718,0.000080599,0.000440033,0.000034213,0.000339017,512
2951,1764562778.3703423,0.029638970,0.000085639,0.000658927,0.000035796,0.000228542,512
2952,1764562778.4283407,0.054340898,0.000115914,0.000442377,0.000065791,0.000436697,512
2953,1764562778.4403124,0.008969240,0.000043340,0.000453287,0.000064790,0.000439613,512
2954,1764562778.4710064,0.028012675,0.000050744,0.000599969,0.000034604,0.000223654,512
2955,1764562778.4938996,0.019857899,0.000054440,0.000600920,0.000063467,0.000417662,512
2956,1764562778.523135,0.026106804,0.000079637,0.000495947,0.000036026,0.000237910,512
2957,1764562778.5394328,0.013663835,0.000052627,0.000451043,0.000039112,0.000224555,512
2958,1764562778.6154249,0.071996227,0.000131704,0.000459620,0.000047338,0.000264308,512
2959,1764562778.6744616,0.054723605,0.000101848,0.000502027,0.000062255,0.000295747,512
2960,1764562778.7820308,0.103327113,0.000090347,0.000760835,0.000063428,0.000363863,512
2961,1764562778.8186188,0.032795772,0.000128617,0.000490025,0.000066162,0.000421649,512
2962,1764562778.8366523,0.015044876,0.000069077,0.000457064,0.000035245,0.000360866,512
2963,1764562778.8899858,0.050259508,0.000068126,0.000466012,0.000039814,0.000246495,512
2964,1764562778.9674506,0.073347464,0.000091028,0.000461994,0.000062345,0.000545467,512
2965,1764562778.9888935,0.018076798,0.000074879,0.000456413,0.000076361,0.000452276,512
2966,1764562779.0159316,0.022985277,0.000059160,0.000574181,0.000066062,0.000460712,512
2967,1764562779.0700855,0.051034308,0.000075530,0.000450512,0.000041507,0.000350498,512
2968,1764562779.0865366,0.014245940,0.000047598,0.000429373,0.000033001,0.000211230,512
2969,1764562779.1019144,0.013146550,0.000047437,0.000437208,0.000032980,0.000224775,512
2970,1764562779.1525528,0.047600505,0.000091168,0.000485166,0.000037089,0.000245223,512
2971,1764562779.1873927,0.031900938,0.000092451,0.000462996,0.000036337,0.000234343,512
2972,1764562779.210125,0.018404613,0.000109702,0.000957870,0.000037890,0.000239172,512
2973,1764562779.2394521,0.025092639,0.000148405,0.000498190,0.000049952,0.000276851,512
2974,1764562779.286595,0.044223536,0.000080759,0.000459880,0.000039342,0.000237308,512
2975,1764562779.3091824,0.019238705,0.000074248,0.000461372,0.000036006,0.000238280,512
2976,1764562779.3699825,0.057529479,0.000081059,0.000495275,0.000043831,0.000282552,512
2977,1764562779.402224,0.028936622,0.000109823,0.000475529,0.000033913,0.000458918,512
2978,1764562779.427807,0.022815604,0.000072154,0.000446515,0.000034714,0.000230116,512
2979,1764562779.4518826,0.020983548,0.000089265,0.000499873,0.000038131,0.000240995,512
2980,1764562779.4706905,0.015928949,0.000108080,0.000450312,0.000035946,0.000232650,512
2981,1764562779.494021,0.019171159,0.000128337,0.000497609,0.000041947,0.000248849,512
2982,1764562779.530589,0.033528896,0.000073055,0.000507247,0.000035616,0.000235796,512
2983,1764562779.5590923,0.023953525,0.000173160,0.000470910,0.000071452,0.000421770,512
2984,1764562779.585317,0.023162915,0.000087722,0.000465670,0.000037138,0.000238620,512
2985,1764562779.6090007,0.019560549,0.000112498,0.000500605,0.000048730,0.000280679,512
2986,1764562779.6232934,0.011309725,0.000064649,0.000513589,0.000041677,0.000258267,512
2987,1764562779.6544874,0.028590182,0.000060001,0.000438330,0.000034333,0.000223994,512
2988,1764562779.677141,0.018621164,0.000205400,0.000445763,0.000036357,0.000238381,512
2989,1764562779.7789917,0.098927194,0.000079947,0.000472543,0.000036638,0.000243470,512
2990,1764562779.8278403,0.045027451,0.000103190,0.000497369,0.000073897,0.000474807,512
2991,1764562779.8701875,0.038851801,0.000086911,0.000726703,0.000038962,0.000235415,512
2992,1764562779.9276803,0.053227641,0.000109241,0.000777758,0.000083274,0.000546189,512
2993,1764562779.9444902,0.013075938,0.000047999,0.000906344,0.000079647,0.000520461,512
2994,1764562779.9806826,0.032613565,0.000077623,0.000466061,0.000035405,0.000406741,512
2995,1764562780.0810995,0.096709296,0.000077403,0.000459469,0.000087271,0.000525542,512
2996,1764562780.1133702,0.028259210,0.000119360,0.000501046,0.000061864,0.000380243,512
2997,1764562780.143561,0.026894199,0.000078916,0.000443589,0.000035054,0.000329348,512
2998,1764562780.164063,0.016480790,0.000070791,0.000796401,0.000089345,0.000522966,512
2999,1764562780.191469,0.023119915,0.000082102,0.000914139,0.000044021,0.000279065,512
3000,1764562780.2147355,0.020088975,0.000056344,0.000606361,0.000039262,0.000234272,512
3001,1764562780.2281902,0.009838197,0.000067655,0.000738244,0.000063939,0.000425256,512
3002,1764562780.251778,0.018089582,0.000110284,0.000754044,0.000068286,0.000422831,512
3003,1764562780.2749527,0.019713352,0.000099805,0.000447126,0.000043120,0.000273987,512
3004,1764562780.2969096,0.019082576,0.000050513,0.000457636,0.000060693,0.000470419,512
3005,1764562780.337658,0.036889135,0.000130761,0.000473214,0.000069529,0.000453658,512
3006,1764562780.3666785,0.025340579,0.000095597,0.000456062,0.000038100,0.000454650,512
3007,1764562780.3930097,0.022337870,0.000120573,0.000454630,0.000035766,0.000418353,512
3008,1764562780.4512959,0.054696575,0.000122897,0.000470839,0.000036448,0.000241005,512
3009,1764562780.4779065,0.023266747,0.000083414,0.000467494,0.000039683,0.000443810,512
3010,1764562780.4950662,0.014380669,0.000064700,0.000456092,0.000035405,0.000232630,512
3011,1764562780.519917,0.021649960,0.000115553,0.000470619,0.000036668,0.000236517,512
3012,1764562780.5704331,0.047606827,0.000086690,0.000445954,0.000034935,0.000233401,512
3013,1764562780.5918272,0.017416127,0.000105946,0.000519299,0.000055903,0.000303260,512
3014,1764562780.615667,0.020322588,0.000089936,0.000471922,0.000040344,0.000246054,512
3015,1764562780.634427,0.015093657,0.000092932,0.000490566,0.000040254,0.000248159,512
3016,1764562780.6525493,0.015061517,0.000089295,0.000465350,0.000035566,0.000237018,512
3017,1764562780.672923,0.016317208,0.000071632,0.000839862,0.000091068,0.000434383,512
3018,1764562780.7106125,0.034330117,0.000071031,0.000442718,0.000036107,0.000233301,512
3019,1764562780.7188394,0.005251392,0.000043370,0.000643529,0.000063988,0.000426388,512
3020,1764562780.7405882,0.018098688,0.000072804,0.000500965,0.000040605,0.000259009,512
3021,1764562780.7780926,0.034392583,0.000081390,0.000477202,0.000042118,0.000240224,512
3022,1764562780.844594,0.063429279,0.000087843,0.000447778,0.000036287,0.000231688,512
3023,1764562780.8803742,0.032902670,0.000082613,0.000454199,0.000035275,0.000228552,512
3024,1764562780.9143715,0.030701012,0.000078896,0.000518568,0.000037870,0.000242488,512
3025,1764562780.9977002,0.080264904,0.000078625,0.000465630,0.000035566,0.000246445,512
3026,1764562781.0281305,0.027936444,0.000057817,0.000451384,0.000033152,0.000221980,512
3027,1764562781.1002238,0.068595525,0.000096779,0.000450703,0.000041838,0.000269037,512
3028,1764562781.1154525,0.012612222,0.000060221,0.000443510,0.000037600,0.000229484,512
3029,1764562781.1842651,0.065461253,0.000129019,0.000481910,0.000037118,0.000237299,512
3030,1764562781.2270622,0.040041118,0.000070420,0.000447166,0.000034965,0.000241637,512
3031,1764562781.3141897,0.084014672,0.000077313,0.000478845,0.000052567,0.000248209,512
3032,1764562781.347812,0.030821084,0.000055773,0.000457275,0.000037249,0.000251564,512
3033,1764562781.404209,0.053581605,0.000076051,0.000452686,0.000035435,0.000227841,512
3034,1764562781.416211,0.009251182,0.000058498,0.000453308,0.000038571,0.000253839,512
3035,1764562781.4552662,0.036463278,0.000055161,0.000470439,0.000034013,0.000223913,512
3036,1764562781.483643,0.024742614,0.000129900,0.000453999,0.000035946,0.000259449,512
3037,1764562781.54196,0.055004815,0.000097691,0.000452235,0.000036337,0.000247758,512
3038,1764562781.5774071,0.032280971,0.000055182,0.000434773,0.000037820,0.000538886,512
3039,1764562781.6086578,0.027499006,0.000089255,0.000469187,0.000037830,0.000419175,512
3040,1764562781.6410363,0.028004039,0.000093272,0.000962629,0.000054170,0.000266773,512
3041,1764562781.6787965,0.032868787,0.000096679,0.000557981,0.000042699,0.000943543,512
3042,1764562781.7540352,0.071614863,0.000121435,0.000504462,0.000039513,0.000381155,512
3043,1764562781.8444169,0.086277664,0.000129580,0.000708369,0.000049642,0.000283374,512
3044,1764562781.9012003,0.053167691,0.000103982,0.000440374,0.000064639,0.000432399,512
3045,1764562781.9348452,0.030432085,0.000084216,0.000440083,0.000064149,0.000419115,512
3046,1764562781.9524882,0.014921268,0.000045113,0.000427389,0.000063577,0.000413995,512
3047,1764562782.0150845,0.059294561,0.000088013,0.000486579,0.000041687,0.000255622,512
3048,1764562782.0285594,0.010684130,0.000044823,0.000430876,0.000034463,0.000374852,512
3049,1764562782.0766976,0.044971988,0.000087772,0.000468305,0.000035505,0.000412392,512
3050,1764562782.097034,0.015823043,0.000084406,0.000654679,0.000063738,0.000403415,512
3051,1764562782.126761,0.024792406,0.000177358,0.000733205,0.000057696,0.000369733,512
3052,1764562782.1705256,0.039747856,0.000091990,0.000503079,0.000044963,0.000271552,512
3053,1764562782.2192442,0.044761470,0.000226138,0.000455061,0.000035916,0.000234663,512
3054,1764562782.2649248,0.042585600,0.000080479,0.000460641,0.000040194,0.000237078,512
3055,1764562782.289009,0.021058407,0.000066292,0.000461012,0.000038471,0.000245925,512
3056,1764562782.3377094,0.045749665,0.000076181,0.000553442,0.000035695,0.000226178,512
3057,1764562782.37349,0.032401264,0.000068646,0.000464999,0.000038922,0.000242808,512
3058,1764562782.426561,0.050009225,0.000082312,0.000441216,0.000035977,0.000229775,512
3059,1764562782.4669712,0.037076561,0.000071262,0.000454250,0.000039583,0.000272684,512
3060,1764562782.4847293,0.015428405,0.000048650,0.000437819,0.000033391,0.000221499,512
3061,1764562782.587552,0.099841352,0.000080209,0.000456313,0.000035385,0.000230025,512
3062,1764562782.6849756,0.094373901,0.000083254,0.000474436,0.000038221,0.000249762,512
3063,1764562782.7205987,0.032239193,0.000085969,0.000489485,0.000044322,0.000274057,512
3064,1764562782.751157,0.026764569,0.000090918,0.000499343,0.000045274,0.000251905,512
3065,1764562782.7621183,0.007254113,0.000096909,0.000826978,0.000040465,0.000255362,512
3066,1764562782.7785304,0.013019475,0.000078515,0.000468636,0.000068547,0.000446805,512
3067,1764562782.9002745,0.117981999,0.000132726,0.000472392,0.000037469,0.000244232,512
3068,1764562782.9458754,0.041187987,0.000108230,0.000720061,0.000086831,0.000586444,512
3069,1764562783.0105882,0.059463773,0.000353163,0.000551118,0.000081019,0.000489835,512
3070,1764562783.027628,0.013761825,0.000054190,0.000457646,0.000068607,0.000432659,512
3071,1764562783.0606132,0.029192345,0.000069187,0.001009665,0.000071823,0.000427370,512
3072,1764562783.0810032,0.016690998,0.000084386,0.000477913,0.000078004,0.000479115,512
3073,1764562783.1066694,0.021429773,0.000079156,0.000611880,0.000036909,0.000958170,512
3074,1764562783.2309313,0.120434890,0.000083164,0.000468746,0.000069559,0.000457405,512
3075,1764562783.2672064,0.032050355,0.000093252,0.000897498,0.000038101,0.000240685,512
3076,1764562783.353351,0.083051964,0.000080448,0.000448088,0.000034674,0.000227250,512
3077,1764562783.3834858,0.026296965,0.000055543,0.000869657,0.000068847,0.000442338,512
3078,1764562783.4279785,0.041102771,0.000079657,0.000461593,0.000047217,0.000412522,512
3079,1764562783.4483721,0.016554405,0.000062205,0.000448027,0.000050834,0.000442127,512
3080,1764562783.4636467,0.011812575,0.000048410,0.000948953,0.000073646,0.000446344,512
3081,1764562783.5069234,0.039825310,0.000072294,0.000473605,0.000072674,0.000458087,512
3082,1764562783.5284128,0.018737368,0.000047769,0.000432269,0.000062956,0.000417833,512
3083,1764562783.5971968,0.065478706,0.000093613,0.000544796,0.000039363,0.000236787,512
3084,1764562783.6319344,0.030350765,0.000075069,0.001107897,0.000046887,0.000254430,512
3085,1764562783.655987,0.020536102,0.000063527,0.000593527,0.000091228,0.000438600,512
3086,1764562783.7186613,0.058381754,0.000132615,0.000724228,0.000049481,0.000323007,512
3087,1764562783.745509,0.023938017,0.000079958,0.000463967,0.000037519,0.000239121,512
3088,1764562783.7684422,0.019790033,0.000051205,0.000434172,0.000080699,0.000539296,512
3089,1764562783.7916367,0.018256621,0.000168692,0.001080005,0.000046466,0.000282812,512
3090,1764562783.8214111,0.026320800,0.000082302,0.000467193,0.000066323,0.000441545,512
3091,1764562783.8959467,0.070522153,0.000093613,0.000994257,0.000037569,0.000242659,512
3092,1764562783.925927,0.026467390,0.000087822,0.000446855,0.000035095,0.000333075,512
3093,1764562783.975066,0.045085268,0.000137985,0.000470299,0.000039883,0.000462905,512
3094,1764562784.0001454,0.020687942,0.000109442,0.000564213,0.000055612,0.000295656,512
3095,1764562784.073459,0.069098133,0.000081100,0.000479786,0.000068406,0.000232379,512
3096,1764562784.145606,0.068327599,0.000084416,0.000471150,0.000099013,0.000524179,512
3097,1764562784.2059374,0.056724231,0.000092300,0.000495255,0.000051615,0.000324690,512
3098,1764562784.2310932,0.021670027,0.000075429,0.000478584,0.000052868,0.000296658,512
3099,1764562784.2861466,0.051447712,0.000093132,0.000531041,0.000041126,0.000340970,512
3100,1764562784.303803,0.014176031,0.000070029,0.000449881,0.000081050,0.000534779,512
3101,1764562784.336389,0.029118417,0.000085267,0.000473705,0.000069789,0.000440584,512
3102,1764562784.3474503,0.007493154,0.000076542,0.000492510,0.000064669,0.000428382,512
3103,1764562784.3699794,0.018817997,0.000085418,0.000476059,0.000040695,0.000523557,512
3104,1764562784.3823738,0.008517998,0.000082512,0.000564864,0.000049621,0.000259169,512
3105,1764562784.408308,0.021769200,0.000088523,0.000509241,0.000053028,0.000541290,512
3106,1764562784.434143,0.021979739,0.000080949,0.000507698,0.000043951,0.000286299,512
3107,1764562784.4512808,0.014162045,0.000092511,0.000464508,0.000036347,0.000239122,512
3108,1764562784.474043,0.019547085,0.000067865,0.000487280,0.000037500,0.000244642,512
3109,1764562784.5189953,0.041402253,0.000100335,0.000492700,0.000041717,0.000259509,512
3110,1764562784.549285,0.026748599,0.000074848,0.000483584,0.000045193,0.000281701,512
3111,1764562784.6156783,0.062567377,0.000095517,0.000503229,0.000046396,0.000270069,512
3112,1764562784.732947,0.113358968,0.000079607,0.000501697,0.000042949,0.000259600,512
3113,1764562784.7736633,0.037204979,0.000121685,0.000487080,0.000041346,0.000269508,512
3114,1764562784.8223407,0.045374462,0.000118930,0.000495014,0.000038281,0.000243751,512
3115,1764562784.8510253,0.025306304,0.000070169,0.000475558,0.000036598,0.000245614,512
3116,1764562784.8742921,0.019668599,0.000076160,0.000482771,0.000046827,0.000279456,512
3117,1764562784.9458814,0.068670343,0.000080339,0.000465450,0.000041517,0.000238200,512
3118,1764562784.9882176,0.039354840,0.000076221,0.000481771,0.000038131,0.000266442,512
3119,1764562785.0213652,0.029853416,0.000091209,0.000514842,0.000042108,0.000254441,512
3120,1764562785.061429,0.036564305,0.000086670,0.000522355,0.000060882,0.000276561,512
3121,1764562785.0834196,0.018549311,0.000080598,0.000471161,0.000037068,0.000241867,512
3122,1764562785.134566,0.047729864,0.000126453,0.000478324,0.000037509,0.000244712,512
3123,1764562785.1644626,0.026813209,0.000072764,0.000491187,0.000041526,0.000239803,512
3124,1764562785.2021286,0.034767515,0.000073065,0.000483944,0.000036948,0.000247037,512
3125,1764562785.2166045,0.010525196,0.000073736,0.000823932,0.000048359,0.000320612,512
3126,1764562785.2492564,0.027324584,0.000139277,0.000736831,0.000068887,0.000367499,512
3127,1764562785.2974632,0.042869534,0.000106216,0.000902828,0.000082533,0.000470449,512
3128,1764562785.3157406,0.013990849,0.000084686,0.000581554,0.000056294,0.000338054,512
3129,1764562785.3466072,0.027157304,0.000084066,0.000516774,0.000070601,0.000467113,512
3130,1764562785.3633277,0.013453276,0.000060111,0.000489234,0.000067204,0.000452126,512
3131,1764562785.3799703,0.013170964,0.000091369,0.000489765,0.000038902,0.000258959,512
3132,1764562785.433591,0.049978578,0.000091780,0.000462264,0.000038230,0.000243049,512
3133,1764562785.4500299,0.012903860,0.000058257,0.000454160,0.000058558,0.000377767,512
3134,1764562785.4693155,0.016530711,0.000080249,0.000452677,0.000034534,0.000230667,512
3135,1764562785.4871087,0.015098004,0.000066172,0.000447226,0.000034884,0.000239813,512
3136,1764562785.5090668,0.018215244,0.000148014,0.000464047,0.000037930,0.000246346,512
3137,1764562785.5408835,0.028187268,0.000075349,0.000460982,0.000037649,0.000478594,512
3138,1764562785.6187513,0.074527465,0.000128698,0.000467143,0.000041066,0.000247267,512
3139,1764562785.6337285,0.011580886,0.000080609,0.000452105,0.000038080,0.000244071,512
3140,1764562785.650022,0.013627087,0.000055974,0.000456273,0.000035415,0.000236588,512
3141,1764562785.7183762,0.065135312,0.000138376,0.000447367,0.000036057,0.000231418,512
3142,1764562785.7528703,0.031801936,0.000062716,0.000436286,0.000043461,0.000225747,512
3143,1764562785.768829,0.013536380,0.000044693,0.000446415,0.000035546,0.000220918,512
3144,1764562785.8079557,0.034410746,0.000109493,0.000697088,0.000048740,0.000307448,512
3145,1764562785.8310566,0.018836121,0.000138375,0.000518959,0.000042298,0.000261654,512
3146,1764562785.8846877,0.049133627,0.000081501,0.000748433,0.000074929,0.000487721,512
3147,1764562785.9024518,0.014433357,0.000077663,0.000493271,0.000039272,0.000255662,512
3148,1764562785.9292033,0.023847810,0.000075740,0.000517255,0.000038070,0.000251976,512
3149,1764562786.0170956,0.083955262,0.000093473,0.000486709,0.000043610,0.000248830,512
3150,1764562786.051299,0.030961293,0.000117767,0.000464989,0.000036528,0.000234793,512
3151,1764562786.0944364,0.040206494,0.000080910,0.000449981,0.000035355,0.000250834,512
3152,1764562786.1039531,0.006983072,0.000042248,0.000453277,0.000034173,0.000253729,512
3153,1764562786.1257954,0.018527200,0.000114161,0.000432950,0.000041427,0.000223733,512
3154,1764562786.1511893,0.023028847,0.000052046,0.000449480,0.000034443,0.000220948,512
3155,1764562786.2042367,0.050456811,0.000067605,0.000453868,0.000034574,0.000224685,512
3156,1764562786.2206864,0.014151526,0.000046676,0.000434322,0.000033742,0.000219676,512
3157,1764562786.272042,0.048493204,0.000072263,0.000474277,0.000035476,0.000240915,512
3158,1764562786.2935631,0.018571241,0.000075630,0.000459790,0.000035997,0.000232089,512
3159,1764562786.3511555,0.054645100,0.000076802,0.000457285,0.000064830,0.000239192,512
3160,1764562786.398593,0.044079630,0.000073456,0.000473214,0.000040034,0.000235776,512
3161,1764562786.427081,0.025279937,0.000073867,0.000556889,0.000050573,0.000352772,512
3162,1764562786.5059447,0.075274414,0.000071222,0.000475188,0.000051996,0.000527103,512
3163,1764562786.5351925,0.024980283,0.000086269,0.000586063,0.000043681,0.000277453,512
3164,1764562786.5706291,0.031558897,0.000092110,0.000972587,0.000041828,0.000248309,512
3165,1764562786.6121798,0.038114709,0.000090607,0.000473024,0.000044362,0.000336241,512
3166,1764562786.6357803,0.019833253,0.000129149,0.000513308,0.000045654,0.000261463,512
3167,1764562786.6765954,0.036585163,0.000187627,0.000544616,0.000046797,0.000383979,512
3168,1764562786.709937,0.029629562,0.000099764,0.000506065,0.000040104,0.000249140,512
3169,1764562786.74325,0.029367708,0.000115634,0.000501236,0.000051936,0.000483824,512
3170,1764562786.7612035,0.014544522,0.000063087,0.000936139,0.000036237,0.000234623,512
3171,1764562786.794513,0.029836465,0.000109453,0.000460661,0.000056785,0.000230717,512
3172,1764562786.854179,0.056366000,0.000089977,0.000512486,0.000037078,0.000250814,512
3173,1764562786.8793154,0.021656842,0.000060723,0.000925089,0.000036929,0.000226699,512
3174,1764562786.9367738,0.053354636,0.000080780,0.000899522,0.000067484,0.000444541,512
3175,1764562786.9833615,0.043033096,0.000127556,0.000436276,0.000035135,0.000256184,512
3176,1764562787.0089211,0.022395657,0.000075440,0.000450151,0.000037229,0.000236878,512
3177,1764562787.0541496,0.042237186,0.000084386,0.000533005,0.000035155,0.000234163,512
3178,1764562787.1193566,0.062377516,0.000099955,0.000441104,0.000034553,0.000230906,512
3179,1764562787.1337597,0.011981487,0.000053980,0.000434713,0.000038411,0.000217282,512
3180,1764562787.1731956,0.036156471,0.000078335,0.000469628,0.000038792,0.000243510,512
3181,1764562787.209294,0.032658789,0.000147082,0.000465160,0.000037379,0.000234984,512
3182,1764562787.2453394,0.033335840,0.000064168,0.000477512,0.000037940,0.000238220,512
3183,1764562787.2572813,0.008504884,0.000081451,0.000488162,0.000066363,0.000247848,512
3184,1764562787.271324,0.010020533,0.000082463,0.000537603,0.000040464,0.000258828,512
3185,1764562787.3011115,0.026268082,0.000092561,0.000510373,0.000040225,0.000260902,512
3186,1764562787.344328,0.039715257,0.000132785,0.000512487,0.000041366,0.000267704,512
3187,1764562787.3961935,0.048804459,0.000079427,0.000468035,0.000036037,0.000237078,512
3188,1764562787.469439,0.070312226,0.000078204,0.000445313,0.000035296,0.000234193,512
3189,1764562787.4830308,0.010007249,0.000096038,0.000475939,0.000050032,0.000282843,512
3190,1764562787.5246606,0.038191912,0.000106296,0.000444250,0.000036798,0.000265601,512
3191,1764562787.5828567,0.054662252,0.000130151,0.000440052,0.000036197,0.000248449,512
3192,1764562787.6180294,0.031445658,0.000106477,0.000474487,0.000042188,0.000251785,512
3193,1764562787.658498,0.036684607,0.000100015,0.000486809,0.000039383,0.000246185,512
3194,1764562787.6687267,0.007451357,0.000067906,0.000469026,0.000040656,0.000236016,512
3195,1764562787.6949873,0.022796308,0.000080519,0.000477873,0.000041387,0.000263026,512
3196,1764562787.7248604,0.026974167,0.000055753,0.000440124,0.000045754,0.000257035,512
3197,1764562787.7709963,0.043404773,0.000100245,0.000448789,0.000035225,0.000234684,512
3198,1764562787.7926733,0.019327750,0.000049151,0.000435985,0.000034133,0.000220027,512
3199,1764562787.8141816,0.018768846,0.000063137,0.000459008,0.000035525,0.000237669,512
3200,1764562787.8723223,0.054895713,0.000076281,0.000478314,0.000052507,0.000234834,512
3201,1764562787.8992589,0.022737629,0.000078405,0.001018673,0.000034404,0.000470719,512
3202,1764562787.9851508,0.082528005,0.000090607,0.000491017,0.000042699,0.000269679,512
3203,1764562788.015479,0.025234993,0.000063517,0.000604276,0.000067595,0.000440764,512
3204,1764562788.0492089,0.030045100,0.000082483,0.000478084,0.000044121,0.000287020,512
3205,1764562788.0671687,0.014679642,0.000095636,0.000445563,0.000036919,0.000237689,512
3206,1764562788.101568,0.030235512,0.000098302,0.000884344,0.000051334,0.000250573,512
3207,1764562788.128389,0.023736505,0.000073406,0.000460090,0.000034894,0.000272112,512
3208,1764562788.1677396,0.035761441,0.000098401,0.000462093,0.000049682,0.000325040,512
3209,1764562788.19695,0.025354664,0.000105154,0.000514631,0.000039903,0.000376455,512
3210,1764562788.2075477,0.007703393,0.000060662,0.000448078,0.000038080,0.000261133,512
3211,1764562788.2602274,0.048356151,0.000120072,0.000447267,0.000035205,0.000437518,512
3212,1764562788.3033934,0.039850557,0.000100085,0.000463006,0.000036447,0.000234673,512
3213,1764562788.3364825,0.029413483,0.000139978,0.000487131,0.000039493,0.000250422,512
3214,1764562788.37126,0.031401796,0.000097250,0.000575814,0.000042709,0.000272524,512
3215,1764562788.410852,0.036005512,0.000088844,0.000550527,0.000048099,0.000280839,512
3216,1764562788.4324315,0.017764461,0.000095396,0.000501867,0.000046716,0.000279426,512
3217,1764562788.4634924,0.028020580,0.000107268,0.000469367,0.000038240,0.000231888,512
3218,1764562788.478063,0.010961693,0.000109913,0.000482371,0.000044012,0.000261573,512
3219,1764562788.4992855,0.017277270,0.000079437,0.000611460,0.000036768,0.000247878,512
3220,1764562788.6117318,0.109508173,0.000084977,0.000444411,0.000035155,0.000230656,512
3221,1764562788.6455388,0.030774809,0.000090106,0.000461552,0.000041938,0.000233331,512
3222,1764562788.6925952,0.043470875,0.000142103,0.000487911,0.000039013,0.000248299,512
3223,1764562788.7052941,0.009640853,0.000077043,0.000501667,0.000040314,0.000252126,512
3224,1764562788.8156936,0.106734108,0.000090938,0.000497089,0.000042979,0.000246806,512
3225,1764562788.8411524,0.021903177,0.000113841,0.000479556,0.000047297,0.000269007,512
3226,1764562788.886071,0.041501637,0.000076120,0.000472413,0.000037339,0.000249351,512
3227,1764562788.9029086,0.013961525,0.000071722,0.000460320,0.000041466,0.000237328,512
3228,1764562788.9353757,0.029462644,0.000082342,0.000466683,0.000036397,0.000240695,512
3229,1764562788.9600654,0.018761733,0.000089615,0.000470740,0.000080148,0.000447517,512
3230,1764562789.0519354,0.088601968,0.000130882,0.000455141,0.000057025,0.000234192,512
3231,1764562789.0706341,0.016233823,0.000053850,0.000445914,0.000034003,0.000226699,512
3232,1764562789.115537,0.041224054,0.000088664,0.000525040,0.000043090,0.000256684,512
3233,1764562789.1300187,0.011615420,0.000061564,0.000455371,0.000032730,0.000440994,512
3234,1764562789.1425788,0.009633458,0.000096669,0.000437338,0.000038151,0.000251745,512
3235,1764562789.1966333,0.050777424,0.000072444,0.000594829,0.000039864,0.000283103,512
3236,1764562789.210974,0.010431292,0.000044091,0.000817180,0.000078726,0.000532023,512
3237,1764562789.2383873,0.023384985,0.000086069,0.000539566,0.000056374,0.000322586,512
3238,1764562789.267354,0.023831229,0.000251715,0.000756357,0.000077313,0.000478454,512
3239,1764562789.3513951,0.080899766,0.000082813,0.000476009,0.000035675,0.000229654,512
3240,1764562789.4037485,0.049400280,0.000083715,0.000456914,0.000035926,0.000233692,512
3241,1764562789.4519804,0.044993188,0.000085938,0.000536681,0.000042439,0.000257496,512
3242,1764562789.5087602,0.053173991,0.000094384,0.000482612,0.000037349,0.000237609,512
3243,1764562789.5346518,0.023144832,0.000061254,0.000461262,0.000035505,0.000228081,512
3244,1764562789.557759,0.019862287,0.000072354,0.000446094,0.000036157,0.000233521,512
3245,1764562789.5713577,0.010344232,0.000057867,0.000528497,0.000036127,0.000232259,512
3246,1764562789.6261022,0.051899006,0.000082463,0.000457085,0.000036718,0.000247397,512
3247,1764562789.6869972,0.057659610,0.000081671,0.000451314,0.000035005,0.000428803,512
3248,1764562789.7327113,0.042156957,0.000076301,0.000450142,0.000042218,0.000246936,512
3249,1764562789.762448,0.026920727,0.000071632,0.000523588,0.000035385,0.000225938,512
3250,1764562789.7954898,0.029154294,0.000102249,0.000526403,0.000051686,0.000263287,512
3251,1764562789.8235242,0.024086892,0.000114191,0.000527725,0.000042409,0.000271271,512
3252,1764562789.841304,0.013843407,0.000094284,0.000524209,0.000053980,0.000298261,512
3253,1764562789.8766541,0.031248383,0.000091880,0.000450282,0.000035736,0.000405469,512
3254,1764562789.925977,0.044872875,0.000090587,0.000453387,0.000038411,0.000376095,512
3255,1764562789.977957,0.047728642,0.000069859,0.000626818,0.000092491,0.000621017,512
3256,1764562790.0198967,0.037564012,0.000123048,0.000836575,0.000069708,0.000449390,512
3257,1764562790.0469935,0.023704275,0.000072805,0.000471751,0.000081831,0.000437418,512
3258,1764562790.0816486,0.030219372,0.000073947,0.000968851,0.000049993,0.000586523,512
3259,1764562790.1635153,0.078079566,0.000070571,0.000477051,0.000080839,0.000537753,512
3260,1764562790.20586,0.038069636,0.000084967,0.000745016,0.000089646,0.000480287,512
3261,1764562790.256778,0.047361414,0.000083634,0.000506576,0.000039132,0.000239773,512
3262,1764562790.3033602,0.043789083,0.000075189,0.000442297,0.000035776,0.000228763,512
3263,1764562790.3540442,0.047779886,0.000079637,0.000475779,0.000034443,0.000231828,512
3264,1764562790.3785968,0.021959741,0.000054541,0.000433010,0.000033402,0.000223262,512
3265,1764562790.395391,0.013018974,0.000051526,0.000746289,0.000031288,0.000959983,512
3266,1764562790.426874,0.026931497,0.000103442,0.000668415,0.000043851,0.000265390,512
3267,1764562790.455532,0.024480750,0.000065331,0.000798986,0.000097029,0.000469186,512
3268,1764562790.476509,0.017440853,0.000099964,0.000456413,0.000066844,0.000434804,512
3269,1764562790.5286455,0.049003127,0.000070470,0.000570725,0.000040425,0.000233011,512
3270,1764562790.5460026,0.013745786,0.000089425,0.000491738,0.000043370,0.000336532,512
3271,1764562790.5825167,0.032922366,0.000082783,0.000491347,0.000043671,0.000262475,512
3272,1764562790.6176784,0.031802146,0.000135610,0.000484405,0.000041957,0.000255121,512
3273,1764562790.6454573,0.024301669,0.000080980,0.000740288,0.000048530,0.000394750,512
3274,1764562790.752843,0.101985464,0.000131203,0.000898380,0.000063918,0.000335680,512
3275,1764562790.7783208,0.020307148,0.000163112,0.000769452,0.000058588,0.000349796,512
3276,1764562790.8023043,0.019591727,0.000136642,0.000578930,0.000101537,0.000601521,512
3277,1764562790.8495607,0.042849127,0.000080869,0.000474587,0.000043099,0.000253328,512
3278,1764562790.8969212,0.044091030,0.000071602,0.000463436,0.000042628,0.000263126,512
3279,1764562790.9389627,0.038986099,0.000068156,0.000473905,0.000039102,0.000239613,512
3280,1764562790.9863195,0.044572951,0.000078335,0.000440785,0.000035456,0.000227771,512
3281,1764562791.0167823,0.027019350,0.000095046,0.000449861,0.000036538,0.000263096,512
3282,1764562791.0503557,0.030516601,0.000098071,0.000442017,0.000064870,0.000225747,512
3283,1764562791.1037326,0.050565873,0.000074107,0.000449380,0.000034945,0.000226719,512
3284,1764562791.1356058,0.029097359,0.000073025,0.000442347,0.000035445,0.000242398,512
3285,1764562791.1511571,0.012525211,0.000092481,0.000444562,0.000035476,0.000229745,512
3286,1764562791.1951087,0.039503224,0.000144237,0.000523818,0.000047668,0.000251805,512
3287,1764562791.2653248,0.066514660,0.000078495,0.000498982,0.000039813,0.000277813,512
3288,1764562791.2939034,0.024441477,0.000122145,0.000479085,0.000041667,0.000261774,512
3289,1764562791.3687375,0.070976033,0.000129770,0.000500144,0.000042098,0.000272975,512
3290,1764562791.3904793,0.017888640,0.000114702,0.000526764,0.000047518,0.000278014,512
3291,1764562791.418166,0.024836687,0.000071752,0.000464528,0.000035366,0.000237739,512
3292,1764562791.4349332,0.013210647,0.000086129,0.000493963,0.000039252,0.000242248,512
3293,1764562791.4928916,0.054631776,0.000129749,0.000467534,0.000037319,0.000240975,512
3294,1764562791.542443,0.045443980,0.000102299,0.000441085,0.000037069,0.000235124,512
3295,1764562791.567652,0.020886289,0.000103952,0.000612551,0.000066633,0.000438300,512
3296,1764562791.6033392,0.032108592,0.000083775,0.000443239,0.000080760,0.000542763,512
3297,1764562791.626696,0.019170248,0.000072143,0.000773990,0.000078385,0.000866450,512
3298,1764562791.671181,0.041183689,0.000079948,0.000625225,0.000036277,0.000234062,512
3299,1764562791.719052,0.044843812,0.000072353,0.000448319,0.000035616,0.000267384,512
3300,1764562791.7614543,0.039612817,0.000074818,0.000443049,0.000035135,0.000228312,512
3301,1764562791.7985928,0.033983377,0.000068717,0.000469097,0.000035095,0.000237529,512
3302,1764562791.8664126,0.064192810,0.000105505,0.000456443,0.000038632,0.000250923,512
3303,1764562791.87811,0.009414554,0.000045674,0.000438651,0.000033753,0.000220217,512
3304,1764562791.9342215,0.052339400,0.000136422,0.000483092,0.000039022,0.000258257,512
3305,1764562791.9950144,0.057923247,0.000084116,0.000451043,0.000035215,0.000234543,512
3306,1764562792.0276697,0.029731230,0.000081671,0.000456303,0.000035806,0.000234122,512
3307,1764562792.0545628,0.023855404,0.000098603,0.000450182,0.000037269,0.000237709,512
3308,1764562792.0764344,0.019364066,0.000052056,0.000437067,0.000035225,0.000248800,512
3309,1764562792.0994596,0.020310024,0.000062225,0.000435896,0.000039623,0.000244842,512
3310,1764562792.1148918,0.012281280,0.000058358,0.000470139,0.000036908,0.000234643,512
3311,1764562792.13566,0.018371893,0.000048851,0.000434502,0.000034725,0.000227059,512
3312,1764562792.1872156,0.048910415,0.000072414,0.000448739,0.000034414,0.000228743,512
3313,1764562792.2108576,0.021110904,0.000053058,0.000442358,0.000043019,0.000224976,512
3314,1764562792.2241578,0.010539222,0.000067875,0.000449812,0.000040505,0.000251545,512
3315,1764562792.234467,0.008173581,0.000040805,0.000437469,0.000033161,0.000217492,512
3316,1764562792.2525895,0.015406324,0.000044803,0.000433922,0.000064739,0.000434593,512
3317,1764562792.2799768,0.024250956,0.000078936,0.000534999,0.000047588,0.000236086,512
3318,1764562792.303213,0.019349920,0.000072073,0.001087159,0.000065592,0.000454951,512
3319,1764562792.3206017,0.014550584,0.000052627,0.000437659,0.000063266,0.000424133,512
3320,1764562792.3974354,0.072923391,0.000080609,0.000827829,0.000042418,0.000398627,512
3321,1764562792.42538,0.024625086,0.000072534,0.000435815,0.000034584,0.000486178,512
3322,1764562792.454324,0.025604817,0.000076662,0.000467974,0.000043010,0.000534828,512
3323,1764562792.4744637,0.016521786,0.000110334,0.000460310,0.000045684,0.000265991,512
3324,1764562792.5322764,0.054401720,0.000099043,0.000452216,0.000041938,0.000272454,512
3325,1764562792.5698473,0.033673143,0.000054882,0.000781934,0.000079798,0.000531913,512
3326,1764562792.5974264,0.023498475,0.000051195,0.000879705,0.000102279,0.000588748,512
3327,1764562792.6361647,0.034911651,0.000105034,0.000694794,0.000052317,0.000320542,512
3328,1764562792.6688073,0.029375473,0.000089405,0.000497319,0.000040144,0.000255392,512
3329,1764562792.7019596,0.028761588,0.000096539,0.000652145,0.000045073,0.001056482,512
3330,1764562792.7354138,0.029649859,0.000066402,0.000931771,0.000067925,0.000441415,512
3331,1764562792.7761803,0.037028051,0.000090787,0.000507728,0.000038060,0.000259719,512
3332,1764562792.8022857,0.023172593,0.000055793,0.000442859,0.000034264,0.000395300,512
3333,1764562792.8375618,0.031906710,0.000083474,0.000641085,0.000036017,0.000290156,512
3334,1764562792.880552,0.039417667,0.000073175,0.000474897,0.000037931,0.000309201,512
3335,1764562792.907914,0.023559898,0.000104152,0.000453187,0.000039554,0.000470659,512
3336,1764562792.9283931,0.016544247,0.000069198,0.000905053,0.000067395,0.000429474,512
3337,1764562792.9560108,0.024470671,0.000063848,0.000457105,0.000041928,0.000319530,512
3338,1764562793.0148213,0.054677450,0.000097219,0.001138433,0.000036728,0.000229454,512
3339,1764562793.0510612,0.031511439,0.000116576,0.000809104,0.000070150,0.000457756,512
3340,1764562793.0792134,0.025058707,0.000075679,0.000461553,0.000035716,0.000233020,512
3341,1764562793.1108193,0.028677353,0.000086359,0.000450743,0.000037319,0.000242147,512
3342,1764562793.1437566,0.029487209,0.000117978,0.000469647,0.000039232,0.000233000,512
3343,1764562793.1610627,0.014106823,0.000069208,0.000507658,0.000043050,0.000259469,512
3344,1764562793.2015307,0.036465142,0.000287992,0.000446826,0.000036337,0.000234904,512
3345,1764562793.2654147,0.060497713,0.000086350,0.000469317,0.000041757,0.000248189,512
3346,1764562793.2993894,0.030431584,0.000094725,0.000459018,0.000039954,0.000244562,512
3347,1764562793.3250558,0.022534634,0.000091369,0.000444261,0.000035716,0.000242508,512
3348,1764562793.3614676,0.033589558,0.000082312,0.000449911,0.000038861,0.000228141,512
3349,1764562793.377111,0.012502449,0.000132485,0.000449640,0.000035165,0.000227120,512
3350,1764562793.387963,0.008714691,0.000041687,0.000435134,0.000034424,0.000219376,512
3351,1764562793.3981962,0.007861664,0.000040074,0.000444841,0.000034113,0.000215067,512
3352,1764562793.4285543,0.027568544,0.000080409,0.000447928,0.000035356,0.000226589,512
3353,1764562793.4780464,0.046562377,0.000078154,0.000450683,0.000035576,0.000237488,512
3354,1764562793.495514,0.015002819,0.000053990,0.000437428,0.000034313,0.000222010,512
3355,1764562793.5493608,0.050584518,0.000064829,0.000456544,0.000040706,0.000244441,512
3356,1764562793.6090732,0.054227398,0.000375614,0.000589239,0.000047047,0.000252948,512
3357,1764562793.63847,0.026193965,0.000083264,0.000517726,0.000038270,0.000242207,512
3358,1764562793.6635273,0.022251141,0.000071943,0.000449340,0.000036087,0.000231017,512
3359,1764562793.699515,0.032495077,0.000107999,0.000454450,0.000037670,0.000237890,512
3360,1764562793.7265153,0.024567380,0.000053729,0.000444952,0.000035246,0.000225957,512
3361,1764562793.7780874,0.048770116,0.000056474,0.000458838,0.000034944,0.000458307,512
3362,1764562793.8007603,0.019939349,0.000086009,0.000444651,0.000034854,0.000224806,512
3363,1764562793.8188777,0.015327288,0.000072494,0.000445212,0.000044082,0.000229985,512
3364,1764562793.8446922,0.023027274,0.000075269,0.000444541,0.000035516,0.000227480,512
3365,1764562793.861199,0.013581793,0.000102820,0.000456233,0.000039843,0.000235565,512
3366,1764562793.9506893,0.086474337,0.000114321,0.000447146,0.000036407,0.000228422,512
3367,1764562793.977887,0.024161179,0.000078595,0.000486288,0.000038582,0.000235405,512
3368,1764562794.0043318,0.023488807,0.000083024,0.000483323,0.000039333,0.000240955,512
3369,1764562794.0269315,0.019630008,0.000073976,0.000490195,0.000036898,0.000237559,512
3370,1764562794.0583782,0.027340854,0.000079787,0.000444101,0.000042909,0.000267564,512
3371,1764562794.1175315,0.056129463,0.000100916,0.000447377,0.000036458,0.000228162,512
3372,1764562794.1639664,0.043436883,0.000069118,0.000466492,0.000041637,0.000255703,512
3373,1764562794.197976,0.030743209,0.000079246,0.000506375,0.000040615,0.000233271,512
3374,1764562794.223405,0.021853526,0.000093041,0.000497078,0.000047348,0.000268045,512
3375,1764562794.2729967,0.046154704,0.000080359,0.000537684,0.000039923,0.000273585,512
3376,1764562794.3295913,0.053527665,0.000088904,0.000449420,0.000035646,0.000229775,512
3377,1764562794.3605263,0.028009199,0.000080238,0.000457114,0.000035706,0.000236267,512
3378,1764562794.3907914,0.027021494,0.000066493,0.000445052,0.000041206,0.000270860,512
3379,1764562794.4207466,0.026450028,0.000100676,0.000505935,0.000040445,0.000248840,512
3380,1764562794.4690416,0.042937649,0.000206281,0.000457175,0.000037259,0.000247577,512
3381,1764562794.5072086,0.034690483,0.000075099,0.000468325,0.000039894,0.000238811,512
3382,1764562794.5491676,0.038121953,0.000098051,0.000485446,0.000046997,0.000286329,512
3383,1764562794.6015089,0.047510729,0.000267434,0.000451925,0.000036547,0.000245153,512
3384,1764562794.6250856,0.020225618,0.000094775,0.000460851,0.000037298,0.000245023,512
3385,1764562794.649151,0.020689695,0.000070730,0.000469197,0.000041487,0.000238320,512
3386,1764562794.6857965,0.033489704,0.000085438,0.000484906,0.000039193,0.000242518,512
3387,1764562794.7078145,0.018009413,0.000115764,0.000584400,0.000055813,0.000281780,512
3388,1764562794.745234,0.033528787,0.000122556,0.000555937,0.000052978,0.000315643,512
3389,1764562794.7680027,0.019611463,0.000079688,0.000479366,0.000038802,0.000254451,512
3390,1764562794.9000967,0.128691595,0.000104553,0.000463577,0.000036738,0.000238631,512
3391,1764562794.9443254,0.041282151,0.000075188,0.000444902,0.000034845,0.000233291,512
3392,1764562794.9618647,0.015233305,0.000047968,0.000431317,0.000033953,0.000224836,512
3393,1764562794.9742186,0.009067633,0.000069609,0.000455211,0.000039233,0.000469147,512
3394,1764562795.0186,0.041530109,0.000073345,0.000442547,0.000034944,0.000230245,512
3395,1764562795.0351906,0.013722493,0.000072454,0.000448910,0.000034624,0.000232740,512
3396,1764562795.0994387,0.060919462,0.000094344,0.000437267,0.000036318,0.000272714,512
3397,1764562795.1362572,0.033640403,0.000085889,0.000461042,0.000037589,0.000237169,512
3398,1764562795.2040594,0.063399144,0.000366638,0.000467474,0.000036668,0.000244572,512
3399,1764562795.2256083,0.016694334,0.000215809,0.000484706,0.000044743,0.000427379,512
3400,1764562795.3010628,0.072441500,0.000104773,0.000491548,0.000035475,0.000236026,512
3401,1764562795.3420305,0.036804960,0.000074117,0.000459159,0.000040155,0.000411931,512
3402,1764562795.3666568,0.021183638,0.000086981,0.000460550,0.000038000,0.000230786,512
3403,1764562795.393062,0.023646388,0.000070290,0.000448959,0.000034594,0.000232439,512
3404,1764562795.4225345,0.026878590,0.000052828,0.000448799,0.000036908,0.000226940,512
3405,1764562795.4390678,0.013677831,0.000060292,0.000463517,0.000041667,0.000250102,512
3406,1764562795.484288,0.042622598,0.000059469,0.000445854,0.000034655,0.000223733,512
3407,1764562795.5667791,0.079000829,0.000078665,0.000464038,0.000037629,0.000237258,512
3408,1764562795.606125,0.036171790,0.000070820,0.000478504,0.000037269,0.000231248,512
3409,1764562795.6269202,0.017571374,0.000089656,0.000505433,0.000041527,0.000257205,512
3410,1764562795.677211,0.047425562,0.000070400,0.000457115,0.000036036,0.000231227,512
3411,1764562795.7047803,0.024605180,0.000081611,0.000493762,0.000036808,0.000229594,512
3412,1764562795.7480934,0.040240597,0.000070881,0.000456854,0.000040645,0.000254480,512
3413,1764562795.765653,0.015091563,0.000050242,0.000439141,0.000033341,0.000232970,512
3414,1764562795.7832758,0.015334261,0.000052036,0.000442968,0.000032390,0.000217592,512
3415,1764562795.8262396,0.039777442,0.000121665,0.000455151,0.000035656,0.000231067,512
3416,1764562795.8758605,0.046813090,0.000078215,0.000440734,0.000041116,0.000229704,512
3417,1764562795.9225616,0.043678829,0.000063657,0.000453688,0.000041517,0.000253007,512
3418,1764562795.9480236,0.022429049,0.000052587,0.000483273,0.000040104,0.000264969,512
3419,1764562795.9612043,0.010613178,0.000055122,0.000445102,0.000034564,0.000223794,512
3420,1764562796.0021496,0.038065969,0.000077934,0.000473064,0.000035736,0.000237388,512
3421,1764562796.0182564,0.013815845,0.000046376,0.000447056,0.000032931,0.000217512,512
3422,1764562796.0679436,0.046266409,0.000115513,0.000458758,0.000036637,0.000233692,512
3423,1764562796.0839667,0.012496979,0.000078495,0.000443058,0.000038301,0.000256564,512
3424,1764562796.1099663,0.022717141,0.000096078,0.000494143,0.000037069,0.000241476,512
3425,1764562796.1544926,0.040697180,0.000107348,0.000525321,0.000039133,0.000507527,512
3426,1764562796.2340934,0.075695963,0.000087702,0.000465630,0.000036327,0.000240604,512
3427,1764562796.3089817,0.070534687,0.000099544,0.000470009,0.000038121,0.000246736,512
3428,1764562796.332072,0.020104354,0.000057847,0.000463306,0.000045735,0.000246926,512
3429,1764562796.358949,0.024396053,0.000053619,0.000451604,0.000034644,0.000238341,512
3430,1764562796.3841054,0.020935019,0.000155428,0.000506305,0.000042138,0.000288944,512
3431,1764562796.4175925,0.029694071,0.000126213,0.000528106,0.000042528,0.000262825,512
3432,1764562796.432318,0.011059804,0.000110554,0.000530701,0.000047698,0.000275899,512
3433,1764562796.4613233,0.026321089,0.000072504,0.000458867,0.000035586,0.000232189,512
3434,1764562796.4939606,0.030020444,0.000061734,0.000443960,0.000034634,0.000233291,512
3435,1764562796.5339496,0.037158632,0.000095877,0.000447507,0.000034514,0.000231648,512
3436,1764562796.5601187,0.023696451,0.000054191,0.000472082,0.000034173,0.000224835,512
3437,1764562796.6068575,0.043275244,0.000085128,0.000485056,0.000042629,0.000246696,512
3438,1764562796.6256084,0.015348728,0.000112217,0.000446776,0.000035736,0.000230596,512
3439,1764562796.6672614,0.038035934,0.000087501,0.000460561,0.000037219,0.000253327,512
3440,1764562796.6841643,0.013373588,0.000084857,0.000464969,0.000048329,0.000276000,512
3441,1764562796.713109,0.025346940,0.000094605,0.000529628,0.000050804,0.000261894,512
3442,1764562796.749536,0.031173816,0.000133447,0.000890505,0.000075991,0.000298772,512
3443,1764562796.7812839,0.027153718,0.000090146,0.000551609,0.000096298,0.000438440,512
3444,1764562796.842874,0.058191131,0.000093082,0.000465400,0.000035435,0.000321023,512
3445,1764562796.9016223,0.054510041,0.000125782,0.000901356,0.000065471,0.000439502,512
3446,1764562796.9175148,0.011331465,0.000103330,0.000799316,0.000068236,0.000444501,512
3447,1764562796.954344,0.032959766,0.000109472,0.000513128,0.000069879,0.000444792,512
3448,1764562796.9892347,0.030346557,0.000083925,0.001197894,0.000055422,0.000328407,512
3449,1764562797.0085676,0.014280975,0.000130120,0.001032167,0.000040635,0.000276581,512
3450,1764562797.0741656,0.060445977,0.000084065,0.000569653,0.000108390,0.000621509,512
3451,1764562797.1025176,0.024272475,0.000087332,0.000693631,0.000049561,0.000431287,512
3452,1764562797.1432755,0.036742704,0.000118418,0.000677441,0.000040544,0.000286499,512
3453,1764562797.1960204,0.048368183,0.000143675,0.000597444,0.000060512,0.000361187,512
3454,1764562797.2339783,0.033895434,0.000092390,0.000482642,0.000036668,0.000553532,512
3455,1764562797.2590861,0.021802581,0.000050864,0.000451544,0.000037229,0.000423753,512
3456,1764562797.3299112,0.067206728,0.000078334,0.000466422,0.000095296,0.000524589,512
3457,1764562797.369667,0.036374915,0.000074307,0.000437028,0.000032340,0.000653207,512
3458,1764562797.3926659,0.019480341,0.000074828,0.000471471,0.000035716,0.000228923,512
3459,1764562797.429264,0.032722196,0.000080769,0.000840503,0.000064910,0.000423051,512
3460,1764562797.469993,0.037594218,0.000055683,0.000440854,0.000065211,0.000431217,512
3461,1764562797.4799867,0.007413146,0.000041777,0.000455171,0.000045364,0.000394880,512
3462,1764562797.499499,0.016787575,0.000050543,0.000466152,0.000065931,0.000385352,512
3463,1764562797.513295,0.011161291,0.000038972,0.000442848,0.000056835,0.000431457,512
3464,1764562797.5292294,0.013402031,0.000044222,0.000446395,0.000061554,0.000412973,512
3465,1764562797.5650427,0.032783760,0.000066824,0.000462825,0.000039383,0.000241907,512
3466,1764562797.6174448,0.048190084,0.000098221,0.000771215,0.000040735,0.000313429,512
3467,1764562797.6672666,0.044767320,0.000126314,0.000970603,0.000056534,0.000422751,512
3468,1764562797.682867,0.011965157,0.000102249,0.000473424,0.000036988,0.000272453,512
3469,1764562797.6974168,0.010246331,0.000076231,0.000895024,0.000045865,0.000293402,512
3470,1764562797.7448504,0.043595305,0.000099313,0.000485116,0.000071382,0.000458918,512
3471,1764562797.7984977,0.049716013,0.000077833,0.000522095,0.000045404,0.000404477,512
3472,1764562797.8257294,0.022329515,0.000103401,0.000959352,0.000045654,0.000255442,512
3473,1764562797.8499818,0.021059008,0.000096478,0.000462113,0.000036527,0.000239924,512
3474,1764562797.87121,0.018475164,0.000051885,0.000481499,0.000034674,0.000226028,512
3475,1764562797.92385,0.048747434,0.000083164,0.000459158,0.000045263,0.000264158,512
3476,1764562797.9665847,0.039171391,0.000091309,0.000472003,0.000037960,0.000239793,512
3477,1764562797.9787066,0.009210848,0.000074968,0.000462845,0.000036057,0.000236116,512
3478,1764562797.9914517,0.009785179,0.000054420,0.000444962,0.000036828,0.000235304,512
3479,1764562798.0308876,0.036353475,0.000073737,0.000503630,0.000037459,0.000233892,512
3480,1764562798.067948,0.033979189,0.000089806,0.000459068,0.000036598,0.000250763,512
3481,1764562798.1009417,0.030298257,0.000090036,0.000451764,0.000034935,0.000240715,512
3482,1764562798.1504962,0.046465228,0.000112088,0.000437839,0.000034644,0.000227100,512
3483,1764562798.1646686,0.011829837,0.000041897,0.000439583,0.000036968,0.000219656,512
3484,1764562798.25255,0.082096238,0.000256504,0.000454049,0.000037680,0.000240605,512
3485,1764562798.3089225,0.051414992,0.000114021,0.000524369,0.000058759,0.000352502,512
3486,1764562798.346731,0.034324767,0.000091409,0.000550687,0.000047277,0.000366387,512
3487,1764562798.385399,0.035431081,0.000086189,0.000485136,0.000039223,0.000246606,512
3488,1764562798.4136405,0.024364605,0.000085247,0.000479506,0.000102740,0.000482512,512
3489,1764562798.4413161,0.024271253,0.000065030,0.000438049,0.000040124,0.000491978,512
3490,1764562798.4608455,0.016565976,0.000047247,0.000635634,0.000062926,0.000410508,512
3491,1764562798.5001402,0.035944529,0.000049281,0.000831356,0.000034704,0.000237228,512
3492,1764562798.5875118,0.084502684,0.000067885,0.000476040,0.000034624,0.000225287,512
3493,1764562798.6102536,0.019983962,0.000046887,0.000434783,0.000034794,0.000417791,512
3494,1764562798.625247,0.012516245,0.000040184,0.000495876,0.000033632,0.000217021,512
3495,1764562798.6600158,0.031109998,0.000093923,0.000733355,0.000035826,0.000259059,512
3496,1764562798.6724858,0.009383066,0.000044172,0.000447707,0.000084396,0.000531261,512
3497,1764562798.7053437,0.029299032,0.000076180,0.000449180,0.000044803,0.000446866,512
3498,1764562798.7820654,0.073286080,0.000075209,0.000453858,0.000041376,0.000259139,512
3499,1764562798.8130648,0.028481031,0.000047889,0.000456123,0.000036478,0.000244021,512
3500,1764562798.8358428,0.019160761,0.000115283,0.000457495,0.000072554,0.000431277,512
3501,1764562798.867178,0.028334630,0.000077403,0.000449711,0.000035456,0.000230415,512
3502,1764562798.8934634,0.023833443,0.000053398,0.000434322,0.000034384,0.000222581,512
3503,1764562798.9371192,0.041265441,0.000054109,0.000442298,0.000033993,0.000224736,512
3504,1764562798.9588425,0.019281153,0.000052397,0.000432609,0.000038711,0.000226749,512
3505,1764562799.0111814,0.048863418,0.000079817,0.000880707,0.000034664,0.000226859,512
3506,1764562799.0641022,0.049386114,0.000076772,0.000454149,0.000037669,0.000475428,512
3507,1764562799.080275,0.013724326,0.000041126,0.000455532,0.000034033,0.000222131,512
3508,1764562799.099804,0.015900688,0.000123278,0.000448078,0.000036929,0.000238210,512
3509,1764562799.1940641,0.091364321,0.000075359,0.000449270,0.000035726,0.000237119,512
3510,1764562799.234675,0.037877601,0.000073136,0.000443600,0.000035486,0.000227160,512
3511,1764562799.267944,0.030393613,0.000081781,0.000452466,0.000035987,0.000233892,512
3512,1764562799.3443482,0.073541232,0.000074287,0.000442057,0.000036437,0.000232550,512
3513,1764562799.3752794,0.028460172,0.000058158,0.000445272,0.000035285,0.000223473,512
3514,1764562799.3980627,0.019723029,0.000052888,0.000482642,0.000038832,0.000233923,512
3515,1764562799.415779,0.014292657,0.000094685,0.000443760,0.000043130,0.000268576,512
3516,1764562799.4332333,0.014428127,0.000059670,0.000441636,0.000035495,0.000231689,512
3517,1764562799.4436996,0.008382617,0.000038721,0.000451304,0.000033171,0.000212583,512
3518,1764562799.4580727,0.012282332,0.000045905,0.000441706,0.000032059,0.000209547,512
3519,1764562799.470236,0.010245890,0.000038171,0.000441656,0.000032099,0.000211100,512
3520,1764562799.5354025,0.062593915,0.000060182,0.000439312,0.000034293,0.000227561,512
3521,1764562799.5565028,0.018456609,0.000043570,0.000438099,0.000033682,0.000426628,512
3522,1764562799.5869365,0.028311687,0.000059099,0.000441686,0.000033382,0.000226338,512
3523,1764562799.6260352,0.036297591,0.000076722,0.000468786,0.000035696,0.000241537,512
3524,1764562799.6588302,0.030038168,0.000071422,0.000444110,0.000035045,0.000229234,512
3525,1764562799.6743608,0.013357338,0.000044622,0.000430726,0.000032921,0.000227100,512
3526,1764562799.7244565,0.046798272,0.000075670,0.000443700,0.000035736,0.000231868,512
3527,1764562799.7959435,0.068760208,0.000073375,0.000453778,0.000035496,0.000237770,512
3528,1764562799.8366923,0.036692041,0.000132886,0.000457355,0.000082572,0.000533897,512
3529,1764562799.868184,0.028590763,0.000080098,0.000470409,0.000038571,0.000241907,512
3530,1764562799.90419,0.032948705,0.000089385,0.000468606,0.000036367,0.000238942,512
3531,1764562799.99944,0.091963828,0.000089776,0.000437468,0.000036077,0.000228142,512
3532,1764562800.0298457,0.027712791,0.000057426,0.000453678,0.000035105,0.000228482,512
3533,1764562800.095822,0.062984838,0.000082512,0.000456083,0.000035486,0.000227040,512
3534,1764562800.120595,0.022427797,0.000043000,0.000446335,0.000035055,0.000221379,512
3535,1764562800.1607869,0.037225647,0.000070952,0.000441986,0.000036338,0.000232911,512
3536,1764562800.212958,0.049258408,0.000074127,0.000483654,0.000042418,0.000227380,512
3537,1764562800.2674484,0.051864543,0.000060231,0.000444461,0.000035255,0.000225036,512
3538,1764562800.297827,0.027162164,0.000074508,0.000497990,0.000046727,0.000269107,512
3539,1764562800.3227015,0.021741008,0.000069859,0.000470649,0.000035987,0.000254070,512
3540,1764562800.3724985,0.046986901,0.000057556,0.000453408,0.000038462,0.000243800,512
3541,1764562800.4007435,0.025905441,0.000044302,0.000452185,0.000033863,0.000217662,512
3542,1764562800.4479592,0.043995524,0.000064880,0.000607052,0.000040575,0.000240645,512
3543,1764562800.4723995,0.021372787,0.000042198,0.000440263,0.000081220,0.000532995,512
3544,1764562800.575035,0.099284654,0.000077042,0.000456233,0.000037259,0.000242718,512
3545,1764562800.6105216,0.030728443,0.000239111,0.000449080,0.000067415,0.000455953,512
3546,1764562800.6263592,0.012821278,0.000076632,0.000436216,0.000054150,0.000351890,512
3547,1764562800.7484674,0.118228985,0.000098752,0.000863376,0.000045163,0.000261864,512
3548,1764562800.7643673,0.012229765,0.000081801,0.000488973,0.000079016,0.000470529,512
3549,1764562800.7919476,0.024063499,0.000085568,0.000444842,0.000034995,0.000356419,512
3550,1764562800.8327231,0.037355647,0.000072564,0.000460010,0.000036597,0.000233231,512
3551,1764562800.8546827,0.019269040,0.000057336,0.000463086,0.000036056,0.000224725,512
3552,1764562800.9007165,0.043448043,0.000059009,0.000444582,0.000036007,0.000228773,512
3553,1764562800.9275506,0.024227663,0.000049011,0.000441916,0.000031388,0.000431647,512
3554,1764562800.9423704,0.009725689,0.000058629,0.000555557,0.000074398,0.000365124,512
3555,1764562800.9601927,0.015483927,0.000044983,0.000436356,0.000033262,0.000221780,512
3556,1764562801.0001042,0.036707639,0.000104043,0.000450593,0.000035265,0.000232239,512
3557,1764562801.0126967,0.010045379,0.000052197,0.000448438,0.000038731,0.000223853,512
3558,1764562801.0505648,0.035483708,0.000049612,0.000435865,0.000034374,0.000225647,512
3559,1764562801.059793,0.007246258,0.000037950,0.000429724,0.000033462,0.000217693,512
3560,1764562801.104454,0.041862153,0.000073406,0.000439422,0.000034644,0.000227711,512
3561,1764562801.1614797,0.054253817,0.000080259,0.000442457,0.000034494,0.000226969,512
3562,1764562801.1796772,0.015960919,0.000042638,0.000443850,0.000033832,0.000219635,512
3563,1764562801.2034223,0.021604696,0.000042568,0.000432299,0.000032521,0.000213574,512
3564,1764562801.2521148,0.045847215,0.000074448,0.000460772,0.000037510,0.000244903,512
3565,1764562801.2710407,0.016309232,0.000057736,0.000454740,0.000035035,0.000235705,512
3566,1764562801.298553,0.024700315,0.000062666,0.000432409,0.000041727,0.000251715,512
3567,1764562801.3769667,0.075600186,0.000072394,0.000454821,0.000035766,0.000242137,512
3568,1764562801.404052,0.024850392,0.000045584,0.000447667,0.000033712,0.000217501,512
3569,1764562801.4331064,0.025791311,0.000095797,0.000456413,0.000036146,0.000236427,512
3570,1764562801.4824834,0.045869777,0.000096098,0.000449951,0.000036848,0.000272313,512
3571,1764562801.5038104,0.019012978,0.000058909,0.000441305,0.000038481,0.000217973,512
3572,1764562801.5275614,0.021498510,0.000046296,0.000435435,0.000033041,0.000220697,512
3573,1764562801.5647666,0.034631433,0.000048610,0.000445062,0.000034223,0.000220467,512
3574,1764562801.6432958,0.073523379,0.000349025,0.000445723,0.000037148,0.000239973,512
3575,1764562801.6708922,0.025319159,0.000046185,0.000447968,0.000034544,0.000229103,512
3576,1764562801.70462,0.029595219,0.000080399,0.000693120,0.000061314,0.000314482,512
3577,1764562801.736378,0.027969766,0.000090057,0.000630905,0.000053519,0.000331553,512
3578,1764562801.7765255,0.035739180,0.000167550,0.000745968,0.000040836,0.000398086,512
3579,1764562801.8151455,0.033876548,0.000118258,0.000640594,0.000063807,0.000305033,512
3580,1764562801.8502316,0.031052882,0.000116154,0.000876610,0.000035475,0.000229754,512
3581,1764562801.8745828,0.020115775,0.000059550,0.000791252,0.000094594,0.000551739,512
3582,1764562801.917648,0.039985806,0.000064740,0.000434974,0.000034914,0.000445023,512
3583,1764562801.960896,0.040010402,0.000081660,0.000450673,0.000034904,0.000347933,512
3584,1764562802.0340462,0.070063988,0.000089715,0.000455160,0.000035606,0.000234312,512
3585,1764562802.0651627,0.026255989,0.000068917,0.001141358,0.000052006,0.000992013,512
3586,1764562802.088106,0.019158136,0.000053749,0.001058285,0.000063167,0.000415097,512
3587,1764562802.1833894,0.091507476,0.000091579,0.000716975,0.000036498,0.000235165,512
3588,1764562802.20208,0.015893073,0.000049071,0.000448478,0.000034985,0.000226649,512
3589,1764562802.22265,0.016888021,0.000070721,0.000475669,0.000093453,0.000514711,512
3590,1764562802.243924,0.018014373,0.000073436,0.000449460,0.000071843,0.000426328,512
3591,1764562802.3040655,0.056927938,0.000066283,0.000462224,0.000035546,0.000406101,512
3592,1764562802.327941,0.021348723,0.000044793,0.000432499,0.000034313,0.000283013,512
3593,1764562802.3695178,0.038302306,0.000047057,0.000794388,0.000065181,0.000426608,512
3594,1764562802.4082737,0.035013510,0.000075700,0.000449681,0.000065080,0.000434783,512
3595,1764562802.4335313,0.022484852,0.000059590,0.000432910,0.000034294,0.000314270,512
3596,1764562802.484494,0.048065303,0.000081901,0.000442227,0.000035646,0.000230556,512
3597,1764562802.507077,0.019943857,0.000056745,0.000447647,0.000037700,0.000236427,512
3598,1764562802.5814579,0.070858233,0.000081360,0.000478123,0.000037028,0.000245393,512
3599,1764562802.597985,0.013452364,0.000060382,0.000457234,0.000036507,0.000412923,512
3600,1764562802.6677046,0.066710892,0.000068917,0.000439141,0.000035285,0.000320301,512
3601,1764562802.6895115,0.017924297,0.000041606,0.000893601,0.000079366,0.000527224,512
3602,1764562802.7339976,0.039947296,0.000101517,0.000843779,0.000067284,0.000465750,512
3603,1764562802.7540426,0.016929658,0.000079137,0.000458217,0.000035485,0.000337203,512
3604,1764562802.7735283,0.015585154,0.000064890,0.000806730,0.000064369,0.000445032,512
3605,1764562802.8356113,0.058737431,0.000078205,0.000441306,0.000063307,0.000441837,512
3606,1764562802.8608665,0.022454637,0.000055312,0.000435604,0.000034704,0.000305044,512
3607,1764562802.898145,0.033989497,0.000053038,0.000450913,0.000040275,0.000475979,512
3608,1764562802.9390311,0.037549875,0.000080839,0.000465450,0.000034604,0.000333997,512
3609,1764562802.9809833,0.038775089,0.000060331,0.000470720,0.000038532,0.000290436,512
3610,1764562803.0316143,0.047008060,0.000077894,0.000460742,0.000043620,0.000244752,512
3611,1764562803.0888622,0.054030264,0.000084036,0.000489294,0.000035636,0.000229434,512
3612,1764562803.1241572,0.029638269,0.000075820,0.000738574,0.000042379,0.000497479,512
3613,1764562803.1512506,0.022732119,0.000125301,0.000595300,0.000088264,0.000536652,512
3614,1764562803.1746998,0.019480561,0.000091620,0.000661072,0.000055953,0.000316344,512
3615,1764562803.2071686,0.028486770,0.000081441,0.000771385,0.000044923,0.000260260,512
3616,1764562803.2533453,0.042717463,0.000112498,0.000444782,0.000035896,0.000228723,512
3617,1764562803.3336663,0.076012107,0.000105405,0.000445363,0.000034304,0.000445773,512
3618,1764562803.3490372,0.012352091,0.000062295,0.000459550,0.000057807,0.000263597,512
3619,1764562803.3694224,0.017540276,0.000084756,0.000442488,0.000035355,0.000226389,512
3620,1764562803.4041765,0.031318312,0.000084596,0.000607202,0.000037680,0.000231458,512
3621,1764562803.5038433,0.096619200,0.000084026,0.000453457,0.000035265,0.000230636,512
3622,1764562803.555459,0.048153967,0.000081971,0.000496127,0.000040254,0.000248810,512
3623,1764562803.598883,0.039815151,0.000089526,0.000472823,0.000040094,0.000250613,512
3624,1764562803.628726,0.027179275,0.000063607,0.000444522,0.000039804,0.000227971,512
3625,1764562803.645675,0.013863233,0.000087442,0.000494424,0.000041687,0.000238921,512
3626,1764562803.6731842,0.023776228,0.000081090,0.000494503,0.000038361,0.000247667,512
3627,1764562803.7016385,0.024813054,0.000068707,0.000802602,0.000066843,0.000441976,512
3628,1764562803.7522368,0.047257992,0.000095496,0.000487902,0.000039573,0.000246916,512
3629,1764562803.7874782,0.031946052,0.000084647,0.000468295,0.000035686,0.000234193,512
3630,1764562803.8065271,0.015619889,0.000058618,0.000453848,0.000040084,0.000503540,512
3631,1764562803.832163,0.021862973,0.000075359,0.000674747,0.000042419,0.000270600,512
3632,1764562803.8771152,0.041086269,0.000121505,0.000479646,0.000081210,0.000535369,512
3633,1764562803.9064126,0.025917474,0.000076792,0.000494194,0.000037500,0.000240885,512
3634,1764562803.95444,0.045240374,0.000070561,0.000473865,0.000034474,0.000225376,512
3635,1764562804.0112145,0.053794148,0.000084185,0.000460501,0.000037449,0.000236227,512
3636,1764562804.0410128,0.026461159,0.000077974,0.000459258,0.000038391,0.000246866,512
3637,1764562804.078154,0.034424642,0.000066763,0.000462735,0.000034864,0.000226479,512
3638,1764562804.1097758,0.028676331,0.000084176,0.000458447,0.000036908,0.000237629,512
3639,1764562804.1636453,0.050920148,0.000074738,0.000468386,0.000036016,0.000229885,512
3640,1764562804.1959443,0.029495585,0.000064579,0.000486569,0.000040325,0.000230716,512
3641,1764562804.2169523,0.018062121,0.000075750,0.000452476,0.000035956,0.000241376,512
3642,1764562804.2459702,0.024849330,0.000083263,0.000860599,0.000067655,0.000443951,512
3643,1764562804.2709782,0.020957540,0.000084145,0.000882090,0.000068807,0.000459750,512
3644,1764562804.3083465,0.033131302,0.000070961,0.000914940,0.000065731,0.000458116,512
3645,1764562804.3352551,0.023620901,0.000047818,0.000840132,0.000063447,0.000418483,512
3646,1764562804.372505,0.033733906,0.000049451,0.000893040,0.000073726,0.000422610,512
3647,1764562804.4011474,0.024438121,0.000100897,0.000827579,0.000082503,0.000470389,512
3648,1764562804.449172,0.043495651,0.000113069,0.000607151,0.000050474,0.000257686,512
3649,1764562804.4698665,0.017277752,0.000073966,0.000437578,0.000034164,0.000839361,512
3650,1764562804.5180554,0.044647038,0.000124560,0.000471381,0.000038381,0.000434863,512
3651,1764562804.5347953,0.013057655,0.000117868,0.000466251,0.000078375,0.000477983,512
3652,1764562804.574228,0.035938849,0.000088593,0.000467885,0.000037309,0.000243780,512
3653,1764562804.5937953,0.015473388,0.000062535,0.001006199,0.000078956,0.000510674,512
3654,1764562804.6502619,0.052104857,0.000101037,0.000998555,0.000044703,0.000263778,512
3655,1764562804.685149,0.030554060,0.000116184,0.000906244,0.000067535,0.000454199,512
3656,1764562804.7091138,0.020498663,0.000104403,0.000597253,0.000036217,0.000322145,512
3657,1764562804.730111,0.016902929,0.000095397,0.000492490,0.000084566,0.000472674,512
3658,1764562804.7513163,0.017351407,0.000125613,0.000522676,0.000045364,0.000264629,512
3659,1764562804.778411,0.023006937,0.000086660,0.000763610,0.000074748,0.000449079,512
3660,1764562804.807082,0.025598254,0.000089155,0.000462875,0.000037360,0.000246596,512
3661,1764562804.875979,0.064372722,0.000092451,0.000843469,0.000039112,0.000242248,512
3662,1764562804.905709,0.025891687,0.000091590,0.000472212,0.000045324,0.000448879,512
3663,1764562804.9264324,0.017258075,0.000083755,0.000548774,0.000044472,0.000325121,512
3664,1764562804.9473648,0.016755548,0.000093452,0.000551028,0.000074157,0.000468445,512
3665,1764562804.983533,0.031674230,0.000111195,0.000932162,0.000039123,0.000270099,512
3666,1764562805.0388503,0.051260346,0.000087622,0.000474938,0.000071622,0.000455091,512
3667,1764562805.078578,0.036493544,0.000084206,0.000480788,0.000035736,0.000249561,512
3668,1764562805.1368084,0.053888142,0.000133286,0.000724529,0.000051024,0.000308420,512
3669,1764562805.164465,0.022716349,0.000119701,0.000770464,0.000079236,0.000493031,512
3670,1764562805.2105982,0.041459509,0.000093102,0.001134426,0.000059280,0.000392645,512
3671,1764562805.268399,0.053562810,0.000132325,0.000922955,0.000037118,0.000248008,512
3672,1764562805.3181934,0.046439280,0.000087161,0.000460441,0.000038341,0.000248890,512
3673,1764562805.3335264,0.012539587,0.000086309,0.000452015,0.000035225,0.000231819,512
3674,1764562805.3847222,0.046453385,0.000101979,0.001022699,0.000068307,0.000446094,512
3675,1764562805.4163742,0.027976127,0.000115193,0.000452736,0.000043360,0.000265120,512
3676,1764562805.4461193,0.026318425,0.000082322,0.000668676,0.000039082,0.000232911,512
3677,1764562805.5012355,0.051345644,0.000128618,0.000482371,0.000040314,0.000264459,512
3678,1764562805.5428123,0.038631885,0.000082102,0.000454018,0.000039874,0.000235074,512
3679,1764562805.605396,0.059401878,0.000082493,0.000509221,0.000037609,0.000245083,512
3680,1764562805.6532688,0.044622382,0.000079136,0.000462224,0.000063017,0.000383779,512
3681,1764562805.6772687,0.020234905,0.000090668,0.000461863,0.000038632,0.000860089,512
3682,1764562805.7022004,0.021196001,0.000093843,0.000874536,0.000066193,0.000446265,512
3683,1764562805.7834554,0.077153495,0.000115193,0.000748132,0.000037709,0.000280688,512
3684,1764562805.8020394,0.015657419,0.000052056,0.000447016,0.000035306,0.000394950,512
3685,1764562805.8323104,0.025961927,0.000077694,0.000784199,0.000060923,0.000270219,512
3686,1764562805.855266,0.019457619,0.000076271,0.000489735,0.000038521,0.000313529,512
3687,1764562805.8790371,0.020244532,0.000078846,0.000499944,0.000073416,0.000403827,512
3688,1764562805.9186504,0.035281585,0.000112147,0.000963030,0.000065991,0.000434813,512
3689,1764562805.9673004,0.045570224,0.000093442,0.000458216,0.000036477,0.000234804,512
3690,1764562806.018457,0.048205513,0.000076401,0.000461733,0.000037659,0.000245945,512
3691,1764562806.0397534,0.018059797,0.000064610,0.000450402,0.000040685,0.000260351,512
3692,1764562806.0873787,0.044803186,0.000067294,0.000460351,0.000035676,0.000226308,512
3693,1764562806.1013815,0.011043102,0.000074688,0.000467393,0.000041426,0.000235194,512
3694,1764562806.1810837,0.075972444,0.000096498,0.000636295,0.000037890,0.000260201,512
3695,1764562806.2070367,0.023215372,0.000055954,0.000443890,0.000039964,0.000255653,512
3696,1764562806.3261862,0.115512336,0.000119961,0.000459619,0.000066453,0.000444521,512
3697,1764562806.3508542,0.019970467,0.000111667,0.000796672,0.000074668,0.000480228,512
3698,1764562806.3696954,0.015246919,0.000099043,0.000524739,0.000055653,0.000337554,512
3699,1764562806.4120862,0.038831663,0.000081681,0.000702598,0.000038922,0.000293071,512
3700,1764562806.427068,0.012639222,0.000039343,0.000435685,0.000033822,0.000220878,512
3701,1764562806.459334,0.030006870,0.000047237,0.000434563,0.000032791,0.000217021,512
3702,1764562806.4895763,0.026895161,0.000076101,0.000460521,0.000035375,0.000245403,512
3703,1764562806.5087745,0.017046144,0.000048099,0.000428562,0.000033211,0.000227461,512
3704,1764562806.5833538,0.071759299,0.000107779,0.000432880,0.000034764,0.000223683,512
3705,1764562806.6290567,0.042750374,0.000078495,0.000469567,0.000034574,0.000259259,512
3706,1764562806.6492615,0.016212333,0.000109342,0.000481990,0.000038752,0.000243891,512
3707,1764562806.7022007,0.049984720,0.000083214,0.000450803,0.000035586,0.000231688,512
3708,1764562806.722015,0.016941570,0.000060101,0.000470229,0.000041136,0.000242218,512
3709,1764562806.7840683,0.059081617,0.000082031,0.000455291,0.000037109,0.000241767,512
3710,1764562806.8510787,0.064033736,0.000076882,0.000451875,0.000034835,0.000242398,512
3711,1764562806.8723845,0.018167916,0.000065030,0.000479206,0.000041647,0.000248078,512
3712,1764562806.8918712,0.016527525,0.000085478,0.000440424,0.000035205,0.000226569,512
3713,1764562806.9096048,0.015145732,0.000047668,0.000431287,0.000031939,0.000429924,512
3714,1764562806.9322274,0.019104847,0.000099193,0.000457495,0.000036748,0.000267224,512
3715,1764562806.9534187,0.018555472,0.000063538,0.000438300,0.000034754,0.000225136,512
3716,1764562806.9881177,0.032006494,0.000064258,0.000451153,0.000034915,0.000239813,512
3717,1764562807.026485,0.035599122,0.000072754,0.000449431,0.000035816,0.000230185,512
3718,1764562807.0645666,0.035084971,0.000053558,0.000445493,0.000035756,0.000245283,512
3719,1764562807.099935,0.032958663,0.000062946,0.000446596,0.000034774,0.000230436,512
3720,1764562807.116729,0.013677240,0.000111857,0.000439122,0.000035315,0.000226258,512
3721,1764562807.2179992,0.098330261,0.000080699,0.000447687,0.000036868,0.000240224,512
3722,1764562807.2726405,0.051305009,0.000077282,0.000503751,0.000040986,0.000271862,512
3723,1764562807.288555,0.013017360,0.000049862,0.000441035,0.000038641,0.000239653,512
3724,1764562807.3343027,0.043253133,0.000054892,0.000440985,0.000034253,0.000225186,512
3725,1764562807.3582516,0.020724690,0.000094405,0.000462064,0.000036017,0.000228953,512
3726,1764562807.4065964,0.044838793,0.000080138,0.000441095,0.000040756,0.000269879,512
3727,1764562807.484474,0.074166507,0.000091048,0.000452466,0.000037339,0.000416470,512
3728,1764562807.5057573,0.018284813,0.000054321,0.000463696,0.000036387,0.000230867,512
3729,1764562807.5336192,0.025085517,0.000078856,0.000446936,0.000035495,0.000225857,512
3730,1764562807.5620089,0.025437587,0.000079718,0.000465290,0.000035546,0.000234222,512
3731,1764562807.5825334,0.017021768,0.000132344,0.000449420,0.000036939,0.000237038,512
3732,1764562807.6304905,0.044911015,0.000067946,0.000457475,0.000039393,0.000234894,512
3733,1764562807.6414385,0.008227972,0.000045725,0.000469457,0.000037018,0.000222882,512
3734,1764562807.6598103,0.015601635,0.000070811,0.000432529,0.000034684,0.000229334,512
3735,1764562807.6930306,0.030828117,0.000048560,0.000443569,0.000034233,0.000226668,512
3736,1764562807.7159789,0.020710815,0.000044963,0.000442388,0.000032770,0.000215839,512
3737,1764562807.7485693,0.029376204,0.000064669,0.000476450,0.000041918,0.000239773,512
3738,1764562807.7824292,0.029801519,0.000075119,0.000866661,0.000038000,0.000245543,512
3739,1764562807.8049276,0.018918734,0.000068497,0.000453898,0.000042900,0.000554745,512
3740,1764562807.8448386,0.037098381,0.000069809,0.000439302,0.000034333,0.000223784,512
3741,1764562807.857118,0.010039468,0.000045554,0.000433450,0.000034013,0.000226128,512
3742,1764562807.8745127,0.015498033,0.000038140,0.000435615,0.000031488,0.000207714,512
3743,1764562807.891389,0.013948981,0.000098683,0.000443640,0.000035345,0.000222361,512
3744,1764562807.9121804,0.017964912,0.000072193,0.000459219,0.000035235,0.000225427,512
3745,1764562807.9458055,0.030986840,0.000052096,0.000444461,0.000031879,0.000424234,512
3746,1764562807.9668486,0.018633236,0.000049011,0.000434763,0.000033682,0.000228242,512
3747,1764562808.0419736,0.071867990,0.000087291,0.000466401,0.000036016,0.000237098,512
3748,1764562808.0696461,0.023830719,0.000112037,0.000480197,0.000047248,0.000269077,512
3749,1764562808.1299872,0.057267395,0.000078435,0.000450472,0.000037669,0.000236557,512
3750,1764562808.169187,0.036526795,0.000056324,0.000458167,0.000038221,0.000243790,512
3751,1764562808.2761352,0.103751968,0.000117427,0.000448388,0.000035756,0.000240314,512
3752,1764562808.323234,0.042987362,0.000091099,0.000538725,0.000040796,0.000268747,512
3753,1764562808.341027,0.014341908,0.000079887,0.000451625,0.000036948,0.000244652,512
3754,1764562808.3677628,0.023942415,0.000073736,0.000448989,0.000035425,0.000236376,512
3755,1764562808.4066565,0.035329263,0.000089505,0.000476240,0.000046165,0.000260331,512
3756,1764562808.4200578,0.010981309,0.000054520,0.000438691,0.000033993,0.000227620,512
3757,1764562808.5005894,0.076850365,0.000115052,0.000447186,0.000065812,0.000426869,512
3758,1764562808.5499487,0.045079638,0.000093072,0.001044580,0.000051555,0.000256444,512
3759,1764562808.5681229,0.014721499,0.000079928,0.000473014,0.000038150,0.000431046,512
3760,1764562808.5823927,0.010502874,0.000087912,0.000455151,0.000039303,0.000478825,512
3761,1764562808.6024413,0.015434015,0.000118159,0.000898210,0.000042950,0.000265871,512
3762,1764562808.6182349,0.012328919,0.000066162,0.000468345,0.000067565,0.000460922,512
3763,1764562808.6476312,0.025572126,0.000075790,0.000504392,0.000040956,0.000335410,512
3764,1764562808.68306,0.031459333,0.000079897,0.000996140,0.000043159,0.000287170,512
3765,1764562808.7540398,0.067470997,0.000077624,0.000489675,0.000077743,0.000443039,512
3766,1764562808.774362,0.016563623,0.000078475,0.000449451,0.000070040,0.000488142,512
3767,1764562808.8044868,0.026026045,0.000083084,0.001104401,0.000064810,0.000422892,512
3768,1764562808.86221,0.053598646,0.000079587,0.000863415,0.000080488,0.000524589,512
3769,1764562808.8924701,0.027242773,0.000097370,0.000453437,0.000035024,0.000225897,512
3770,1764562808.9303153,0.034319998,0.000074498,0.000456563,0.000075489,0.000461933,512
3771,1764562808.9557729,0.021695754,0.000076381,0.000503450,0.000101888,0.000481349,512
3772,1764562809.0013645,0.041066673,0.000094525,0.001113126,0.000096709,0.000566537,512
3773,1764562809.0141237,0.009796439,0.000038601,0.000443870,0.000078555,0.000518628,512
3774,1764562809.0656643,0.047858652,0.000087351,0.000828771,0.000041727,0.000272033,512
3775,1764562809.1345456,0.064719573,0.000093452,0.001117414,0.000035476,0.000233181,512
3776,1764562809.1587384,0.019884889,0.000075810,0.000741610,0.000067345,0.000439943,512
3777,1764562809.2003548,0.037800819,0.000121014,0.000450763,0.000038902,0.000478895,512
3778,1764562809.2493944,0.045325381,0.000075840,0.000886267,0.000040074,0.000251555,512
3779,1764562809.2966056,0.044189793,0.000062235,0.000449661,0.000067525,0.000274658,512
3780,1764562809.3119771,0.012267084,0.000067024,0.000454901,0.000034093,0.000363762,512
3781,1764562809.3801057,0.064605342,0.000084326,0.000495506,0.000037389,0.000243069,512
3782,1764562809.4030986,0.019532868,0.000086841,0.000502669,0.000040294,0.000245033,512
3783,1764562809.4260957,0.018364310,0.000094274,0.000896016,0.000052798,0.000314241,512
3784,1764562809.4659684,0.034560944,0.000125642,0.000718839,0.000073857,0.000428853,512
3785,1764562809.48377,0.012620106,0.000120733,0.001024944,0.000066623,0.000385742,512
3786,1764562809.533291,0.044873396,0.000121254,0.000573890,0.000051585,0.000314210,512
3787,1764562809.614677,0.077110246,0.000108650,0.000527545,0.000047387,0.000329679,512
3788,1764562809.6664412,0.047088609,0.000133597,0.000700444,0.000072394,0.000447847,512
3789,1764562809.7017562,0.031783482,0.000083494,0.000443098,0.000065621,0.000430927,512
3790,1764562809.7362661,0.031690980,0.000070010,0.000463356,0.000035716,0.000233431,512
3791,1764562809.7815235,0.041651423,0.000083936,0.000511515,0.000042008,0.000274698,512
3792,1764562809.8451376,0.060095510,0.000138986,0.000586013,0.000037589,0.000246105,512
3793,1764562809.9017503,0.052611353,0.000103811,0.000501958,0.000040495,0.000264398,512
3794,1764562809.9257338,0.019893454,0.000092912,0.000514631,0.000039343,0.000248208,512
3795,1764562809.9588258,0.029174131,0.000128758,0.000485026,0.000042238,0.000251715,512
3796,1764562810.0168855,0.054292058,0.000107258,0.000474356,0.000042548,0.000276642,512
3797,1764562810.0541847,0.034328204,0.000106306,0.000503119,0.000035857,0.000236377,512
3798,1764562810.080226,0.022747748,0.000070049,0.000479015,0.000040364,0.000246195,512
3799,1764562810.1462636,0.062259358,0.000144818,0.000500424,0.000039764,0.000288533,512
3800,1764562810.177103,0.027853331,0.000078996,0.000493382,0.000038361,0.000255122,512
3801,1764562810.2172081,0.036041819,0.000106487,0.000528847,0.000043350,0.000266652,512
3802,1764562810.2362971,0.015223086,0.000113630,0.000495094,0.000039182,0.000250583,512
3803,1764562810.2568405,0.016875248,0.000071212,0.000501116,0.000040294,0.000255011,512
3804,1764562810.2664073,0.006525757,0.000051705,0.000452075,0.000037950,0.000249351,512
3805,1764562810.2997751,0.029780551,0.000092942,0.000466813,0.000040625,0.000261323,512
3806,1764562810.3211808,0.017709019,0.000068567,0.000487952,0.000042188,0.000268626,512
3807,1764562810.3483474,0.023424318,0.000099815,0.000491889,0.000045645,0.000267575,512
3808,1764562810.423139,0.071315129,0.000075600,0.000495957,0.000042278,0.000256093,512
3809,1764562810.442025,0.015043124,0.000069558,0.000515953,0.000036798,0.000484735,512
3810,1764562810.4957972,0.050517154,0.000085448,0.000514120,0.000041627,0.000262735,512
3811,1764562810.5568173,0.056060936,0.000071101,0.000591733,0.000044282,0.000276321,512
3812,1764562810.5871527,0.027409570,0.000078575,0.000474807,0.000035556,0.000231719,512
3813,1764562810.6077304,0.017333334,0.000089365,0.000441726,0.000036287,0.000236938,512
3814,1764562810.6610582,0.050772134,0.000058939,0.000449350,0.000034434,0.000231257,512
3815,1764562810.6962035,0.032668086,0.000049632,0.000458567,0.000035055,0.000223142,512
3816,1764562810.7362978,0.037578849,0.000053739,0.000447346,0.000034894,0.000225366,512
3817,1764562810.7616563,0.021493000,0.000110814,0.000661542,0.000046626,0.000255983,512
3818,1764562810.776578,0.010226173,0.000173020,0.000758322,0.000057957,0.000345037,512
3819,1764562810.8093584,0.028533847,0.000105935,0.000524139,0.000043230,0.000262665,512
3820,1764562810.8325214,0.019455024,0.000101798,0.000463326,0.000036588,0.000341451,512
3821,1764562810.8443303,0.009080596,0.000047477,0.000439372,0.000035165,0.000460821,512
3822,1764562810.9066749,0.058683461,0.000058548,0.000911955,0.000041196,0.000376636,512
3823,1764562810.9691696,0.058832196,0.000082863,0.000465520,0.000082222,0.000549886,512
3824,1764562811.0005589,0.027111590,0.000087992,0.001135607,0.000035366,0.000228602,512
3825,1764562811.043273,0.039634267,0.000058829,0.000444902,0.000035105,0.000235906,512
3826,1764562811.081643,0.033430064,0.000127085,0.000489605,0.000061583,0.000404707,512
3827,1764562811.1367283,0.050671829,0.000109903,0.000554214,0.000038772,0.000263728,512
3828,1764562811.1808422,0.039608419,0.000086710,0.000559263,0.000062045,0.000293222,512
3829,1764562811.2102437,0.025310834,0.000109782,0.000593617,0.000049271,0.000248779,512
3830,1764562811.2251294,0.010123805,0.000108600,0.000552411,0.000062175,0.000340900,512
3831,1764562811.2424035,0.012747932,0.000125892,0.000507738,0.000055172,0.000302199,512
3832,1764562811.2871406,0.041771305,0.000070240,0.000482741,0.000042068,0.000252576,512
3833,1764562811.4022973,0.112268824,0.000072204,0.000447667,0.000035827,0.000230446,512
3834,1764562811.425927,0.020484987,0.000118239,0.000483012,0.000039152,0.000237729,512
3835,1764562811.5101607,0.081376468,0.000077794,0.000452075,0.000035566,0.000226428,512
3836,1764562811.5465932,0.033832939,0.000048660,0.000454549,0.000033902,0.000221639,512
3837,1764562811.5790892,0.029217190,0.000075149,0.000782054,0.000035806,0.000228382,512
3838,1764562811.6253207,0.043192320,0.000093583,0.000439802,0.000034875,0.000224615,512
3839,1764562811.6738555,0.045410248,0.000060391,0.000441185,0.000036959,0.000246736,512
3840,1764562811.6913314,0.015149159,0.000052727,0.000432008,0.000033552,0.000220837,512
3841,1764562811.703424,0.009754802,0.000039212,0.000437208,0.000030968,0.000412462,512
3842,1764562811.726955,0.021355265,0.000044272,0.000456173,0.000033151,0.000227050,512
3843,1764562811.7474632,0.017462613,0.000067715,0.000468957,0.000038541,0.000255582,512
3844,1764562811.7632387,0.013236846,0.000048449,0.000452466,0.000036859,0.000236497,512
3845,1764562811.7913122,0.024849330,0.000087652,0.000435084,0.000034423,0.000227410,512
3846,1764562811.8357017,0.041564463,0.000082071,0.000433390,0.000036307,0.000228021,512
3847,1764562811.84792,0.009861740,0.000044863,0.000445593,0.000036147,0.000240084,512
3848,1764562811.9108424,0.060513703,0.000050975,0.000442918,0.000046356,0.000220858,512
3849,1764562811.969905,0.056350621,0.000072033,0.000457886,0.000044001,0.000227129,512
3850,1764562812.0248106,0.051536556,0.000077132,0.000447818,0.000036558,0.000236677,512
3851,1764562812.0967333,0.068747765,0.000083996,0.000481229,0.000036237,0.000229775,512
3852,1764562812.1125348,0.012734859,0.000076140,0.000476641,0.000045314,0.000256344,512
3853,1764562812.1574612,0.041066242,0.000095216,0.000480167,0.000044542,0.000272884,512
3854,1764562812.1696668,0.009414554,0.000065741,0.000439532,0.000034704,0.000224175,512
3855,1764562812.1835663,0.011161591,0.000066523,0.000434292,0.000034905,0.000232259,512
3856,1764562812.228058,0.041531952,0.000079787,0.000467203,0.000036087,0.000242598,512
3857,1764562812.2498016,0.017912014,0.000072514,0.000464549,0.000041657,0.000266703,512
3858,1764562812.301694,0.047399784,0.000117938,0.000741530,0.000068276,0.000441826,512
3859,1764562812.3265376,0.021865679,0.000065191,0.000442978,0.000062966,0.000338085,512
3860,1764562812.3428671,0.013136270,0.000053339,0.000440895,0.000063999,0.000419796,512
3861,1764562812.367035,0.020734728,0.000095446,0.000495084,0.000064810,0.000432429,512
3862,1764562812.4109929,0.040293665,0.000097630,0.000698691,0.000053129,0.000352261,512
3863,1764562812.4407141,0.025180622,0.000093492,0.000920690,0.000046126,0.000268326,512
3864,1764562812.4685836,0.024426861,0.000081150,0.000689103,0.000039132,0.000258848,512
3865,1764562812.5184455,0.046283542,0.000076822,0.000446705,0.000040856,0.000542703,512
3866,1764562812.5554895,0.033904651,0.000063557,0.000441505,0.000071532,0.000437388,512
3867,1764562812.5980804,0.038127413,0.000089906,0.000612662,0.000062996,0.000562169,512
3868,1764562812.692726,0.089981626,0.000127075,0.000882912,0.000080679,0.000535289,512
3869,1764562812.7174084,0.021621527,0.000046947,0.000434663,0.000079386,0.000531532,512
3870,1764562812.7622552,0.040787939,0.000080739,0.000962408,0.000065140,0.000425576,512
3871,1764562812.801486,0.035935683,0.000072484,0.000439021,0.000067364,0.000428933,512
3872,1764562812.8171613,0.013139236,0.000040975,0.000442388,0.000042519,0.000422761,512
3873,1764562812.8492699,0.027880360,0.000076381,0.000858065,0.000035125,0.000619354,512
3874,1764562812.8851125,0.032633332,0.000045545,0.000734477,0.000062976,0.000413263,512
3875,1764562812.9188197,0.031020102,0.000039363,0.000431538,0.000063226,0.000408635,512
3876,1764562812.9419549,0.019502643,0.000099995,0.000474757,0.000064790,0.000423081,512
3877,1764562813.0175548,0.070711273,0.000127796,0.001079805,0.000044883,0.000266843,512
3878,1764562813.0994434,0.076804751,0.000159345,0.001150696,0.000047978,0.000288333,512
3879,1764562813.1428976,0.038956625,0.000086931,0.000673394,0.000050894,0.000562790,512
3880,1764562813.1691973,0.022340866,0.000085728,0.000504983,0.000042989,0.000564463,512
3881,1764562813.2409167,0.067969077,0.000131643,0.000515863,0.000041637,0.000255301,512
3882,1764562813.2940204,0.048113954,0.000115263,0.001093541,0.000069609,0.000453338,512
3883,1764562813.3063672,0.007231832,0.000156700,0.000583207,0.000077213,0.000452526,512
3884,1764562813.3538668,0.044166110,0.000084987,0.000505534,0.000049060,0.000281389,512
3885,1764562813.3936486,0.035137659,0.000273034,0.000538004,0.000095878,0.000568060,512
3886,1764562813.442564,0.044463839,0.000086981,0.000874115,0.000087301,0.000523256,512
3887,1764562813.4762747,0.029907546,0.000128488,0.000484335,0.000037038,0.000242828,512
3888,1764562813.5144963,0.033842766,0.000088503,0.000525220,0.000045575,0.000306036,512
3889,1764562813.5339322,0.015286293,0.000106036,0.000510604,0.000039803,0.000266292,512
3890,1764562813.5532713,0.015464171,0.000095596,0.000633892,0.000060442,0.000354314,512
3891,1764562813.5972683,0.038688129,0.000132375,0.000599747,0.000064349,0.000357741,512
3892,1764562813.6143684,0.012549596,0.000081019,0.000845122,0.000054931,0.000275749,512
3893,1764562813.634703,0.015826170,0.000120733,0.000490716,0.000089345,0.000462775,512
3894,1764562813.7090106,0.071152598,0.000085318,0.000457575,0.000037039,0.000294194,512
3895,1764562813.7318997,0.018608060,0.000049311,0.000913838,0.000038772,0.000235135,512
3896,1764562813.7530184,0.018112904,0.000048951,0.000438751,0.000073897,0.000434373,512
3897,1764562813.7737656,0.017067713,0.000113129,0.000466181,0.000050373,0.000274157,512
3898,1764562813.820772,0.042782013,0.000080218,0.000823862,0.000080308,0.000531943,512
3899,1764562813.8636208,0.038992441,0.000076221,0.000485336,0.000084616,0.000525501,512
3900,1764562813.8896728,0.023377291,0.000069849,0.000452586,0.000034123,0.000229935,512
3901,1764562813.9435954,0.051119166,0.000050413,0.000437088,0.000063718,0.000413294,512
3902,1764562813.9690146,0.021844189,0.000064740,0.000844410,0.000063888,0.000422290,512
3903,1764562814.0175045,0.044860563,0.000083044,0.000502178,0.000038241,0.000272053,512
3904,1764562814.0329633,0.010928992,0.000108992,0.000969010,0.000052256,0.000304262,512
3905,1764562814.0568454,0.019212025,0.000149186,0.000521113,0.000040575,0.000520432,512
3906,1764562814.0867672,0.026681836,0.000093052,0.000502158,0.000038350,0.000253318,512
3907,1764562814.1143196,0.022778505,0.000132705,0.000968640,0.000044072,0.000259580,512
3908,1764562814.1528463,0.035157145,0.000068838,0.000445403,0.000063037,0.000536752,512
3909,1764562814.192632,0.035436521,0.000099354,0.001079875,0.000066222,0.000431998,512
3910,1764562814.2167952,0.019711749,0.000049161,0.000772327,0.000065802,0.000448138,512
3911,1764562814.248971,0.028776456,0.000081390,0.000445814,0.000044613,0.000257826,512
3912,1764562814.3245282,0.072358166,0.000111656,0.000444681,0.000052347,0.000226649,512
3913,1764562814.359494,0.032326936,0.000054020,0.000435855,0.000034554,0.000253949,512
3914,1764562814.3742032,0.012135080,0.000056966,0.000438601,0.000034293,0.000239763,512
3915,1764562814.396619,0.019306290,0.000074899,0.000484615,0.000036408,0.000228372,512
3916,1764562814.4256322,0.026171734,0.000068166,0.000471351,0.000035135,0.000229263,512
3917,1764562814.452851,0.024883374,0.000079066,0.000431467,0.000034914,0.000226578,512
3918,1764562814.5251002,0.068976067,0.000128488,0.000443309,0.000035436,0.000236988,512
3919,1764562814.5518858,0.024169615,0.000063868,0.000440764,0.000035956,0.000237339,512
3920,1764562814.591234,0.035847741,0.000101007,0.000484154,0.000037068,0.000271211,512
3921,1764562814.63235,0.037181225,0.000094995,0.000532344,0.000061043,0.000316525,512
3922,1764562814.65823,0.022051672,0.000138135,0.000476921,0.000038862,0.000302419,512
3923,1764562814.689876,0.028695307,0.000053148,0.000464508,0.000034413,0.000228492,512
3924,1764562814.7055337,0.012869417,0.000054560,0.000482301,0.000041547,0.000252016,512
3925,1764562814.767691,0.055336808,0.000105886,0.000691979,0.000082893,0.000368260,512
3926,1764562814.802318,0.031436310,0.000065121,0.000474006,0.000048108,0.000334327,512
3927,1764562814.8199058,0.014775879,0.000052628,0.000440814,0.000044061,0.000425736,512
3928,1764562814.8562617,0.032538236,0.000077764,0.000499273,0.000088904,0.000456132,512
3929,1764562814.8809464,0.021380401,0.000071422,0.000470298,0.000039162,0.000237840,512
3930,1764562814.8930204,0.009478042,0.000039283,0.000443169,0.000063287,0.000429484,512
3931,1764562814.9370306,0.040970715,0.000054451,0.000654930,0.000062686,0.000414856,512
3932,1764562814.9556417,0.016105747,0.000042689,0.000442036,0.000034744,0.000216379,512
3933,1764562815.0029085,0.043336817,0.000103852,0.000472634,0.000042669,0.000274127,512
3934,1764562815.0341833,0.027450716,0.000114281,0.000681028,0.000035686,0.000265060,512
3935,1764562815.0701663,0.032559997,0.000080278,0.000649590,0.000036948,0.000246526,512
3936,1764562815.0927055,0.017898989,0.000111475,0.001037376,0.000037650,0.000248209,512
3937,1764562815.1744337,0.076902582,0.000076341,0.000755756,0.000069318,0.000523568,512
3938,1764562815.2241223,0.045683022,0.000082463,0.000829042,0.000050924,0.000274778,512
3939,1764562815.3043141,0.076614319,0.000072824,0.000764693,0.000038952,0.000228372,512
3940,1764562815.350881,0.043145463,0.000075760,0.000569091,0.000034684,0.000274838,512
3941,1764562815.3825526,0.028171719,0.000080880,0.000445523,0.000035515,0.000228893,512
3942,1764562815.4082346,0.022563747,0.000078395,0.000438370,0.000033532,0.000230436,512
3943,1764562815.451422,0.038877338,0.000206522,0.000462955,0.000043661,0.000348033,512
3944,1764562815.4781852,0.023345642,0.000087913,0.000657805,0.000035436,0.000242128,512
3945,1764562815.5132308,0.031839775,0.000054220,0.000453958,0.000050593,0.000372078,512
3946,1764562815.5281494,0.012478495,0.000070400,0.000438630,0.000044692,0.000346911,512
3947,1764562815.5587077,0.026814371,0.000104323,0.000726282,0.000048360,0.000353423,512
3948,1764562815.5904126,0.028175125,0.000078765,0.000440674,0.000048279,0.000387075,512
3949,1764562815.636407,0.042864876,0.000074507,0.000550237,0.000047578,0.000364634,512
3950,1764562815.6505802,0.011578352,0.000045905,0.000442277,0.000045915,0.000338315,512
3951,1764562815.6735723,0.018839487,0.000057837,0.000938925,0.000055482,0.000384781,512
3952,1764562815.7357574,0.059051691,0.000078525,0.000448118,0.000035586,0.000299644,512
3953,1764562815.7654142,0.025828058,0.000087862,0.000895775,0.000041036,0.000269508,512
3954,1764562815.7885666,0.019717980,0.000065501,0.000449791,0.000043530,0.000444691,512
3955,1764562815.8257072,0.033547581,0.000128307,0.000444972,0.000034714,0.000377758,512
3956,1764562815.8363235,0.007477766,0.000076521,0.000435965,0.000056915,0.000427550,512
3957,1764562815.876481,0.035622314,0.000090767,0.000909972,0.000067805,0.000443991,512
3958,1764562815.9252908,0.045433361,0.000091168,0.000439462,0.000034885,0.000227110,512
3959,1764562815.970648,0.042144375,0.000074517,0.000483643,0.000039573,0.000252757,512
3960,1764562815.9934802,0.019303996,0.000088544,0.000464989,0.000036427,0.000242378,512
3961,1764562816.0590217,0.060349248,0.000141402,0.000491869,0.000047047,0.000278796,512
3962,1764562816.0984871,0.035960700,0.000107077,0.000433041,0.000036347,0.000265540,512
3963,1764562816.1253946,0.023019810,0.000310173,0.000450051,0.000036908,0.000229554,512
3964,1764562816.1411655,0.011895709,0.000096639,0.000494453,0.000055362,0.000248258,512
3965,1764562816.153314,0.008353203,0.000125833,0.000478384,0.000069669,0.000455331,512
3966,1764562816.181421,0.023852509,0.000068847,0.000526383,0.000088233,0.000563892,512
3967,1764562816.2192965,0.034547799,0.000075930,0.000451003,0.000034394,0.000435484,512
3968,1764562816.2399173,0.015954537,0.000064489,0.000766346,0.000041627,0.000428962,512
3969,1764562816.2574894,0.011798959,0.000053869,0.000617161,0.000056304,0.000912566,512
3970,1764562816.2996783,0.038517243,0.000074157,0.000443509,0.000035255,0.000430616,512
3971,1764562816.3196552,0.017157469,0.000049281,0.000435264,0.000063938,0.000416639,512
3972,1764562816.3440437,0.020945257,0.000079066,0.000443349,0.000035907,0.000508870,512
3973,1764562816.3741362,0.026132953,0.000071573,0.001095354,0.000041197,0.000266582,512
3974,1764562816.3957043,0.018695020,0.000059480,0.000440264,0.000034714,0.000347862,512
3975,1764562816.421164,0.021226026,0.000089775,0.000595851,0.000039243,0.000241106,512
3976,1764562816.4770362,0.051907782,0.000132074,0.000461052,0.000072574,0.000427120,512
3977,1764562816.5195582,0.037955655,0.000122777,0.000863655,0.000079798,0.000525221,512
3978,1764562816.5332863,0.008792655,0.000067595,0.000481991,0.000043300,0.000258097,512
3979,1764562816.549637,0.013443518,0.000072203,0.000454590,0.000035526,0.000225687,512
3980,1764562816.6238694,0.070827108,0.000090938,0.000445924,0.000037309,0.000233982,512
3981,1764562816.6376574,0.011518100,0.000042478,0.000434383,0.000033772,0.000226759,512
3982,1764562816.657293,0.016926192,0.000050573,0.000436116,0.000034454,0.000224174,512
3983,1764562816.7282708,0.067538761,0.000118910,0.000627690,0.000047387,0.000273485,512
3984,1764562816.7676587,0.035818577,0.000078064,0.000460971,0.000083735,0.000547843,512
3985,1764562816.8038993,0.032688494,0.000079828,0.000502227,0.000039253,0.000445403,512
3986,1764562816.8306572,0.023264532,0.000108590,0.000484705,0.000057596,0.000274948,512
3987,1764562816.8995287,0.065009339,0.000093523,0.000439111,0.000080038,0.000536851,512
3988,1764562816.9343624,0.031970808,0.000048800,0.000436527,0.000033852,0.000486569,512
3989,1764562816.9571178,0.018826193,0.000096979,0.000523778,0.000050513,0.000279306,512
3990,1764562817.0052981,0.045088524,0.000076151,0.000479676,0.000037219,0.000241006,512
3991,1764562817.026169,0.017864515,0.000050944,0.000470520,0.000034824,0.000229083,512
3992,1764562817.0413775,0.012080339,0.000104974,0.000440534,0.000035556,0.000234243,512
3993,1764562817.075364,0.030041864,0.000203275,0.000439302,0.000036637,0.000235405,512
3994,1764562817.1231043,0.043540023,0.000077413,0.000470018,0.000046056,0.000277753,512
3995,1764562817.1483712,0.022102536,0.000071792,0.000444121,0.000041397,0.000248779,512
3996,1764562817.180058,0.028437260,0.000076771,0.000468747,0.000035675,0.000233582,512
3997,1764562817.2363052,0.052516978,0.000083905,0.000465660,0.000038612,0.000245684,512
3998,1764562817.2663574,0.026013762,0.000217752,0.000447025,0.000034915,0.000231979,512
3999,1764562817.3149238,0.045055021,0.000093683,0.000506265,0.000042739,0.000244111,512
4000,1764562817.3397896,0.021296757,0.000084015,0.000544997,0.000042980,0.000283834,512
4001,1764562817.4021165,0.058963728,0.000095747,0.000452977,0.000033352,0.000449781,512
4002,1764562817.433909,0.029177416,0.000063548,0.000445543,0.000034844,0.000236477,512
4003,1764562817.55274,0.115189770,0.000082182,0.000814675,0.000036387,0.000229534,512
4004,1764562817.616632,0.060187590,0.000106607,0.000579310,0.000036438,0.000228733,512
4005,1764562817.6338193,0.013293270,0.000079457,0.000800408,0.000064590,0.000466322,512
4006,1764562817.6653032,0.027788401,0.000108671,0.000457085,0.000040244,0.000271652,512
4007,1764562817.702931,0.033451604,0.000085498,0.000635224,0.000045454,0.000386705,512
4008,1764562817.7173526,0.009996209,0.000070690,0.000785612,0.000096638,0.000488002,512
4009,1764562817.7604468,0.039380398,0.000092861,0.000777426,0.000053269,0.000271782,512
4010,1764562817.7852888,0.021213063,0.000109743,0.000486519,0.000071472,0.000480036,512
4011,1764562817.8356283,0.047225432,0.000086259,0.000444271,0.000035055,0.000372808,512
4012,1764562817.8638,0.024235166,0.000058538,0.000491308,0.000067785,0.000465249,512
4013,1764562817.913467,0.045297711,0.000097070,0.000531112,0.000044232,0.000283173,512
4014,1764562817.9460142,0.028624536,0.000108490,0.000947480,0.000038271,0.000254591,512
4015,1764562817.9760184,0.026660678,0.000061543,0.000445362,0.000051875,0.000539066,512
4016,1764562818.0291343,0.049938054,0.000079437,0.000529308,0.000035997,0.000314381,512
4017,1764562818.1090639,0.076144602,0.000114211,0.000471451,0.000068396,0.000444070,512
4018,1764562818.1287673,0.015403329,0.000125562,0.000754604,0.000041707,0.000261493,512
4019,1764562818.1873844,0.055075324,0.000081030,0.000490266,0.000038502,0.000487050,512
4020,1764562818.2228377,0.032248991,0.000072113,0.000456523,0.000040515,0.000237900,512
4021,1764562818.2352684,0.009740176,0.000043350,0.000444301,0.000040865,0.000419075,512
4022,1764562818.2609298,0.021693210,0.000158462,0.000628100,0.000038541,0.000250062,512
4023,1764562818.2818408,0.016932163,0.000072814,0.000865359,0.000041677,0.000265721,512
4024,1764562818.3008063,0.016091500,0.000069728,0.000457916,0.000036007,0.000231448,512
4025,1764562818.3628485,0.058708928,0.000094806,0.000492099,0.000041587,0.000249250,512
4026,1764562818.3814352,0.015464552,0.000060962,0.000459539,0.000042980,0.000265971,512
4027,1764562818.4337263,0.046893438,0.000125001,0.000470640,0.000041657,0.000283654,512
4028,1764562818.460649,0.023654173,0.000095878,0.000467994,0.000040675,0.000251665,512
4029,1764562818.5061944,0.041689614,0.000065200,0.000521033,0.000046997,0.000255752,512
4030,1764562818.5606005,0.050656150,0.000118890,0.000449009,0.000036157,0.000237820,512
4031,1764562818.6029553,0.039390005,0.000112107,0.000475498,0.000043260,0.000233271,512
4032,1764562818.625298,0.018320929,0.000074057,0.000468716,0.000047047,0.000289435,512
4033,1764562818.6700382,0.040773772,0.000121284,0.000535018,0.000037620,0.000479777,512
4034,1764562818.7016451,0.028824185,0.000076761,0.000447096,0.000034914,0.000228222,512
4035,1764562818.7195263,0.015453000,0.000051605,0.000432990,0.000034724,0.000223854,512
4036,1764562818.768317,0.042585880,0.000252055,0.000863536,0.000040615,0.000247287,512
4037,1764562818.8115566,0.038868621,0.000105776,0.000784379,0.000049362,0.000287651,512
4038,1764562818.8486288,0.032724060,0.000080719,0.000929296,0.000044212,0.000252697,512
4039,1764562818.8659675,0.012519090,0.000092962,0.000715662,0.000103361,0.000577668,512
4040,1764562818.9014034,0.032108964,0.000084185,0.000449861,0.000059109,0.000361599,512
4041,1764562818.959119,0.053496508,0.000100215,0.000477673,0.000038782,0.000300906,512
4042,1764562819.0155046,0.052107522,0.000082673,0.001059027,0.000047287,0.000265220,512
4043,1764562819.0523827,0.033590270,0.000074288,0.000456213,0.000066723,0.000440464,512
4044,1764562819.0834072,0.026857511,0.000085187,0.000909370,0.000053208,0.000378920,512
4045,1764562819.1026676,0.015694657,0.000049802,0.000941849,0.000064599,0.000431156,512
4046,1764562819.1207938,0.014721439,0.000050293,0.000492590,0.000101086,0.000462625,512
4047,1764562819.1581714,0.033528786,0.000069719,0.000461873,0.000078565,0.000429944,512
4048,1764562819.1755018,0.013385190,0.000050634,0.000680076,0.000047438,0.000521985,512
4049,1764562819.2168963,0.037908828,0.000092251,0.000456594,0.000045004,0.000423242,512
4050,1764562819.251967,0.030386320,0.000144487,0.001020435,0.000065000,0.000452295,512
4051,1764562819.2691503,0.014352667,0.000048530,0.000439872,0.000064489,0.000428481,512
4052,1764562819.311871,0.039854403,0.000082603,0.000450071,0.000036458,0.000229404,512
4053,1764562819.3977914,0.082536300,0.000079426,0.000475037,0.000042629,0.000243470,512
4054,1764562819.4327295,0.031531255,0.000083053,0.000435003,0.000064349,0.000422711,512
4055,1764562819.4760034,0.039897323,0.000072765,0.000454359,0.000073977,0.000427440,512
4056,1764562819.5085845,0.028921975,0.000088103,0.000447897,0.000037339,0.000288112,512
4057,1764562819.567855,0.055422436,0.000097641,0.000681540,0.000039312,0.000243009,512
4058,1764562819.6045883,0.033469046,0.000069258,0.000478414,0.000037931,0.000360766,512
4059,1764562819.628722,0.018785488,0.000232490,0.001037627,0.000074738,0.000426248,512
4060,1764562819.6504154,0.018324556,0.000113510,0.000479787,0.000044853,0.000256975,512
4061,1764562819.6842325,0.029182507,0.000125652,0.000749625,0.000054391,0.000351319,512
4062,1764562819.7054853,0.016728987,0.000123578,0.000567028,0.000103211,0.000518838,512
4063,1764562819.7353802,0.026829138,0.000063577,0.000440274,0.000035215,0.000359163,512
4064,1764562819.774677,0.034891694,0.000131653,0.000888181,0.000042177,0.000252497,512
4065,1764562819.8676987,0.088397560,0.000119410,0.000649961,0.000040635,0.000501146,512
4066,1764562819.906976,0.034803061,0.000094805,0.000947050,0.000056905,0.000377447,512
4067,1764562819.9320846,0.020339899,0.000083804,0.000973017,0.000062586,0.000310514,512
4068,1764562819.9507334,0.014398281,0.000100576,0.000510643,0.000055653,0.000339838,512
4069,1764562819.9958751,0.041007364,0.000084576,0.000920360,0.000069739,0.000464078,512
4070,1764562820.0352716,0.035891041,0.000075009,0.000448419,0.000080319,0.000556709,512
4071,1764562820.0772412,0.038522263,0.000064539,0.000483924,0.000080078,0.000540118,512
4072,1764562820.1153648,0.034957326,0.000072744,0.000442417,0.000036517,0.000247667,512
4073,1764562820.135803,0.017680806,0.000051816,0.000437528,0.000068888,0.000417892,512
4074,1764562820.2032945,0.064291733,0.000081090,0.000455772,0.000035285,0.000395510,512
4075,1764562820.2211332,0.014599433,0.000049702,0.000473074,0.000065841,0.000438420,512
4076,1764562820.26645,0.041131883,0.000117578,0.000759694,0.000050092,0.000386063,512
4077,1764562820.3584397,0.087625664,0.000086971,0.000505975,0.000035415,0.000229784,512
4078,1764562820.4257538,0.063908966,0.000146341,0.000453679,0.000036808,0.000233812,512
4079,1764562820.4851942,0.054644539,0.000357801,0.000464208,0.000067054,0.000439823,512
4080,1764562820.5208216,0.032738907,0.000074317,0.000447957,0.000036518,0.000229073,512
4081,1764562820.5450132,0.021527434,0.000062215,0.000449440,0.000035175,0.000233311,512
4082,1764562820.5839982,0.034258785,0.000172599,0.000525150,0.000049412,0.000257075,512
4083,1764562820.6082335,0.020413956,0.000114041,0.000641806,0.000057276,0.000244903,512
4084,1764562820.645938,0.034271448,0.000060912,0.000456844,0.000079317,0.000526072,512
4085,1764562820.6779013,0.029004247,0.000081611,0.000450132,0.000036177,0.000232429,512
4086,1764562820.7400577,0.058332202,0.000083795,0.000518268,0.000048169,0.000248930,512
4087,1764562820.7537808,0.011127870,0.000057747,0.000447657,0.000035545,0.000248409,512
4088,1764562820.7843401,0.027755470,0.000078836,0.000445844,0.000035165,0.000227080,512
4089,1764562820.867949,0.080674832,0.000078115,0.000447967,0.000036187,0.000238080,512
4090,1764562820.9062376,0.034903046,0.000081320,0.000474457,0.000038821,0.000243430,512
4091,1764562820.9604955,0.051059857,0.000098833,0.000452836,0.000039523,0.000250743,512
4092,1764562820.993812,0.030024181,0.000078525,0.000433581,0.000064299,0.000424825,512
4093,1764562821.015881,0.017014445,0.000067274,0.001053417,0.000069659,0.000468826,512
4094,1764562821.067935,0.047473561,0.000213755,0.000782245,0.000045734,0.000351349,512
4095,1764562821.1274712,0.052951722,0.000127305,0.001114038,0.000043020,0.000377297,512
4096,1764562821.1585999,0.027183703,0.000174753,0.000494544,0.000049111,0.000266162,512
4097,1764562821.18536,0.022521079,0.000079296,0.000718498,0.000065972,0.000906134,512
4098,1764562821.2260695,0.035277397,0.000264740,0.000777436,0.000064990,0.000435334,512
4099,1764562821.2573876,0.026035822,0.000059800,0.000732042,0.000110134,0.000486359,512
4100,1764562821.3081079,0.047542698,0.000087882,0.000454890,0.000043350,0.000347822,512
4101,1764562821.3342845,0.023752064,0.000052777,0.000440293,0.000034414,0.000218634,512
4102,1764562821.4059925,0.068309936,0.000085498,0.000504902,0.000053449,0.000266292,512
4103,1764562821.425109,0.016048721,0.000109452,0.000451684,0.000036006,0.000234944,512
4104,1764562821.460778,0.032989540,0.000059510,0.000475338,0.000036828,0.000244221,512
4105,1764562821.5242198,0.060023276,0.000096388,0.000457024,0.000036237,0.000231367,512
4106,1764562821.5866067,0.059208862,0.000079467,0.000454981,0.000037570,0.000232900,512
4107,1764562821.6215568,0.031863149,0.000076131,0.000462785,0.000040364,0.000231749,512
4108,1764562821.660485,0.035807887,0.000080769,0.000492490,0.000037139,0.000249010,512
4109,1764562821.7077763,0.044454772,0.000087071,0.000447958,0.000035124,0.000228923,512
4110,1764562821.746958,0.035200655,0.000085287,0.000566026,0.000057867,0.000451805,512
4111,1764562821.8022866,0.051944100,0.000081040,0.000488101,0.000043881,0.000270941,512
4112,1764562821.8480804,0.042124868,0.000089836,0.000477883,0.000044793,0.000262985,512
4113,1764562821.8618731,0.010040801,0.000078375,0.000957730,0.000078525,0.000525281,512
4114,1764562821.881358,0.015805491,0.000081941,0.000499843,0.000044703,0.000247297,512
4115,1764562821.926446,0.041913267,0.000077924,0.000436997,0.000039362,0.000427099,512
4116,1764562821.9616487,0.031842842,0.000072364,0.000713718,0.000034504,0.000229204,512
4117,1764562821.9808757,0.016096089,0.000061353,0.000529278,0.000035174,0.000237168,512
4118,1764562821.9959114,0.011575536,0.000043360,0.000443289,0.000083715,0.000447557,512
4119,1764562822.035751,0.035852179,0.000077393,0.001064316,0.000065290,0.000451113,512
4120,1764562822.0564442,0.017663774,0.000060411,0.000459218,0.000038251,0.000256103,512
4121,1764562822.0691438,0.010473641,0.000046576,0.000440734,0.000033141,0.000215548,512
4122,1764562822.0932038,0.021069296,0.000059179,0.000445112,0.000064419,0.000434493,512
4123,1764562822.115321,0.016988919,0.000104373,0.000660180,0.000112999,0.000345549,512
4124,1764562822.1436012,0.025220706,0.000084016,0.000446635,0.000035656,0.000230025,512
4125,1764562822.182955,0.033630564,0.000070751,0.000470830,0.000044843,0.000271622,512
4126,1764562822.2111092,0.025272633,0.000076782,0.000447517,0.000034764,0.000232259,512
4127,1764562822.2534995,0.039042684,0.000076261,0.000451384,0.000036889,0.000233722,512
4128,1764562822.2890437,0.032498373,0.000059219,0.000462024,0.000039142,0.000232800,512
4129,1764562822.308868,0.016834723,0.000078886,0.000465300,0.000031999,0.000437468,512
4130,1764562822.3437696,0.031880331,0.000081250,0.000454259,0.000038381,0.000236607,512
4131,1764562822.3662157,0.019092985,0.000082242,0.000453047,0.000036548,0.000230316,512
4132,1764562822.4152253,0.044427433,0.000078886,0.000502278,0.000036648,0.000257666,512
4133,1764562822.4242797,0.006124475,0.000078155,0.000450553,0.000035065,0.000231188,512
4134,1764562822.4494646,0.021939374,0.000077113,0.000444852,0.000036337,0.000239362,512
4135,1764562822.46218,0.009983835,0.000048780,0.000472813,0.000038721,0.000229765,512
4136,1764562822.5053864,0.039531466,0.000070811,0.000549946,0.000039072,0.000241426,512
4137,1764562822.559687,0.050842584,0.000105996,0.000443790,0.000035846,0.000230185,512
4138,1764562822.585089,0.022350513,0.000111566,0.000444972,0.000035445,0.000240814,512
4139,1764562822.6411226,0.052578282,0.000131883,0.000475899,0.000039313,0.000251925,512
4140,1764562822.6615376,0.017625204,0.000071963,0.000460320,0.000036137,0.000232520,512
4141,1764562822.7004092,0.034960401,0.000095687,0.000447597,0.000037559,0.000237829,512
4142,1764562822.7584589,0.054078804,0.000105765,0.000535219,0.000042518,0.000264008,512
4143,1764562822.8108203,0.049388267,0.000084957,0.000461112,0.000036778,0.000242438,512
4144,1764562822.8535082,0.039782611,0.000078615,0.000465380,0.000035987,0.000233091,512
4145,1764562822.8695495,0.013097709,0.000078074,0.000482391,0.000034965,0.000231458,512
4146,1764562822.900747,0.027569486,0.000124189,0.000449701,0.000036027,0.000232439,512
4147,1764562822.934193,0.030494310,0.000079957,0.000457916,0.000036227,0.000233591,512
4148,1764562823.0316098,0.093773362,0.000111947,0.000445663,0.000041957,0.000275589,512
4149,1764562823.0788019,0.043172454,0.000102079,0.000505474,0.000069569,0.000246746,512
4150,1764562823.1036978,0.021980209,0.000072864,0.000455351,0.000038441,0.000247357,512
4151,1764562823.1389778,0.032460393,0.000061735,0.000467433,0.000042318,0.000266472,512
4152,1764562823.1653922,0.023056478,0.000068306,0.000456874,0.000044272,0.000254360,512
4153,1764562823.226047,0.057832388,0.000073996,0.000444732,0.000036647,0.000242868,512
4154,1764562823.2518563,0.022485143,0.000118389,0.000465219,0.000037008,0.000240074,512
4155,1764562823.2695704,0.014770059,0.000083184,0.000479195,0.000036056,0.000234122,512
4156,1764562823.2877407,0.015555640,0.000054050,0.000449841,0.000054661,0.000224626,512
4157,1764562823.3196702,0.029061192,0.000082362,0.000447357,0.000035666,0.000231137,512
4158,1764562823.3339577,0.011574564,0.000064740,0.000444291,0.000036177,0.000245483,512
4159,1764562823.358295,0.020201403,0.000125943,0.000496177,0.000046235,0.000281289,512
4160,1764562823.3842733,0.023100179,0.000077764,0.000455431,0.000036046,0.000230906,512
4161,1764562823.4131484,0.024891749,0.000070490,0.000496046,0.000038812,0.000479897,512
4162,1764562823.479137,0.062988956,0.000070610,0.000484195,0.000035866,0.000241416,512
4163,1764562823.5262988,0.044377130,0.000074698,0.000452807,0.000034774,0.000231608,512
4164,1764562823.559283,0.029074647,0.000118259,0.000473816,0.000039272,0.000248489,512
4165,1764562823.5905309,0.027902973,0.000094975,0.000446785,0.000035525,0.000241726,512
4166,1764562823.614916,0.021310543,0.000069528,0.000454771,0.000040575,0.000257596,512
4167,1764562823.6402998,0.022515268,0.000062926,0.000438160,0.000039153,0.000255943,512
4168,1764562823.6840942,0.040812713,0.000107168,0.000466312,0.000036047,0.000238802,512
4169,1764562823.7215264,0.034591870,0.000057666,0.000446645,0.000037890,0.000250032,512
4170,1764562823.762546,0.038052213,0.000095437,0.000455331,0.000034473,0.000227450,512
4171,1764562823.7855515,0.020139319,0.000053448,0.000774271,0.000034504,0.000222120,512
4172,1764562823.8931694,0.104310019,0.000082773,0.000445203,0.000065681,0.000433911,512
4173,1764562823.9242713,0.026573827,0.000105155,0.000899151,0.000073075,0.000444481,512
4174,1764562823.943576,0.015164036,0.000128537,0.000931180,0.000050673,0.000266522,512
4175,1764562823.9693193,0.021248648,0.000087071,0.000700704,0.000078384,0.000468456,512
4176,1764562824.0176523,0.044564886,0.000087302,0.000864628,0.000041987,0.000293502,512
4177,1764562824.0418823,0.020075191,0.000248008,0.000444422,0.000071362,0.000428812,512
4178,1764562824.1272795,0.082009327,0.000079356,0.000447216,0.000035245,0.000483413,512
4179,1764562824.1439126,0.013742340,0.000050113,0.000430586,0.000097590,0.000417672,512
4180,1764562824.2007406,0.053812301,0.000078495,0.000457355,0.000060572,0.000227090,512
4181,1764562824.2399368,0.035881934,0.000087702,0.000443449,0.000043821,0.000276821,512
4182,1764562824.3116019,0.068308464,0.000093032,0.000578749,0.000042879,0.000257746,512
4183,1764562824.358742,0.043822185,0.000126584,0.000454019,0.000036638,0.000233782,512
4184,1764562824.3964574,0.034456510,0.000076581,0.000470670,0.000036217,0.000235274,512
4185,1764562824.4312868,0.031419880,0.000079397,0.000447517,0.000041997,0.000280709,512
4186,1764562824.4514837,0.017864255,0.000058478,0.000430736,0.000032660,0.000219615,512
4187,1764562824.500306,0.045082553,0.000088574,0.000484315,0.000045024,0.000287431,512
4188,1764562824.5358636,0.031271896,0.000105034,0.000503320,0.000048610,0.000293562,512
4189,1764562824.5684738,0.029247116,0.000082232,0.000488863,0.000040846,0.000254110,512
4190,1764562824.5941305,0.022256250,0.000114011,0.000517556,0.000038411,0.000253108,512
4191,1764562824.647561,0.049660511,0.000119551,0.000526332,0.000042329,0.000296828,512
4192,1764562824.6751082,0.023991065,0.000107198,0.000500174,0.000047437,0.000257175,512
4193,1764562824.7048042,0.026392111,0.000082392,0.000463516,0.000033492,0.000445763,512
4194,1764562824.7477834,0.039011055,0.000090157,0.000527996,0.000050253,0.000279677,512
4195,1764562824.7625558,0.011219739,0.000061173,0.000630214,0.000058118,0.000478254,512
4196,1764562824.7824981,0.015950981,0.000083554,0.000464068,0.000070229,0.000462064,512
4197,1764562824.8015852,0.015975926,0.000062486,0.000446364,0.000065771,0.000435404,512
4198,1764562824.8345833,0.028736152,0.000087001,0.000712506,0.000036047,0.000247367,512
4199,1764562824.8511932,0.012024466,0.000096759,0.000850701,0.000083114,0.000544607,512
4200,1764562824.8951194,0.039819398,0.000129990,0.000942541,0.000037670,0.000240184,512
4201,1764562824.95762,0.058792833,0.000103190,0.000462434,0.000037900,0.000246867,512
4202,1764562825.010446,0.048806463,0.000095226,0.000507097,0.000050664,0.000279757,512
4203,1764562825.0900033,0.074384890,0.000159495,0.000944384,0.000044783,0.000289405,512
4204,1764562825.176657,0.083223651,0.000089835,0.000481860,0.000041066,0.000267644,512
4205,1764562825.2170653,0.036786345,0.000130431,0.000487000,0.000036297,0.000395771,512
4206,1764562825.2480586,0.027016685,0.000082633,0.000525861,0.000046035,0.000288353,512
4207,1764562825.2763174,0.024495417,0.000084376,0.000524108,0.000046646,0.000309472,512
4208,1764562825.3374088,0.057585813,0.000086109,0.000625365,0.000037519,0.000259449,512
4209,1764562825.390583,0.049297330,0.000090527,0.000459459,0.000037129,0.000263747,512
4210,1764562825.4205594,0.025902667,0.000112629,0.000673946,0.000040525,0.000259289,512
4211,1764562825.480081,0.054949272,0.000130190,0.000516764,0.000051144,0.000506586,512
4212,1764562825.5183764,0.034097747,0.000091579,0.000878774,0.000041126,0.000265681,512
4213,1764562825.553498,0.031017967,0.000107338,0.000639191,0.000040454,0.000312487,512
4214,1764562825.60381,0.045642487,0.000106376,0.000760184,0.000058468,0.000433531,512
4215,1764562825.6347446,0.027022516,0.000096669,0.000615788,0.000058659,0.000443189,512
4216,1764562825.6526802,0.014660636,0.000097420,0.000480407,0.000038711,0.000255663,512
4217,1764562825.6850312,0.028733818,0.000145779,0.000483173,0.000038271,0.000247808,512
4218,1764562825.7055094,0.016845102,0.000067004,0.000462344,0.000085167,0.000290757,512
4219,1764562825.7735465,0.064373834,0.000102931,0.000458057,0.000038010,0.000265951,512
4220,1764562825.7836583,0.005497247,0.000078195,0.000813002,0.000066944,0.000450222,512
4221,1764562825.8412797,0.053303541,0.000137013,0.000551469,0.000078465,0.000464648,512
4222,1764562825.8692536,0.024879125,0.000082663,0.000448960,0.000036598,0.000234874,512
4223,1764562825.886752,0.015112351,0.000051345,0.000436477,0.000035004,0.000222361,512
4224,1764562825.906212,0.015828465,0.000075780,0.000503780,0.000045945,0.000257545,512
4225,1764562825.9321754,0.021456983,0.000078365,0.000602253,0.000045885,0.000513259,512
4226,1764562825.9661546,0.028676972,0.000074658,0.000747391,0.000085808,0.000621508,512
4227,1764562826.002329,0.032627692,0.000077383,0.000716995,0.000041086,0.000264478,512
4228,1764562826.0742052,0.065888183,0.000074588,0.000651644,0.000079207,0.000446655,512
4229,1764562826.098052,0.020463517,0.000068757,0.000476700,0.000045454,0.000247387,512
4230,1764562826.1471117,0.045922094,0.000081621,0.000477482,0.000040926,0.000271191,512
4231,1764562826.2015767,0.050237417,0.000123598,0.000749214,0.000057736,0.000367980,512
4232,1764562826.2336884,0.028062017,0.000128758,0.000591423,0.000041397,0.000253628,512
4233,1764562826.2585528,0.021488502,0.000064078,0.000457866,0.000063507,0.000538355,512
4234,1764562826.2718287,0.009147451,0.000060662,0.000884024,0.000044412,0.000270199,512
4235,1764562826.305107,0.029054210,0.000073416,0.000963641,0.000060182,0.000487470,512
4236,1764562826.3244665,0.015957302,0.000072514,0.000441546,0.000043190,0.000420066,512
4237,1764562826.3365402,0.008910603,0.000067194,0.000457175,0.000036297,0.000419414,512
4238,1764562826.383331,0.041896606,0.000140590,0.001104540,0.000043861,0.000266483,512
4239,1764562826.3998897,0.013524247,0.000063277,0.000446775,0.000065761,0.000428261,512
4240,1764562826.4159667,0.011742154,0.000062486,0.000985431,0.000037259,0.000379902,512
4241,1764562826.4487178,0.027546544,0.000064239,0.000580352,0.000082593,0.000531743,512
4242,1764562826.5019999,0.048579374,0.000275219,0.000456263,0.000065210,0.000444401,512
4243,1764562826.5662158,0.060679630,0.000076932,0.000621198,0.000035435,0.000233341,512
4244,1764562826.601968,0.032206254,0.000069859,0.000808143,0.000036217,0.000231337,512
4245,1764562826.644599,0.038911069,0.000083243,0.000871471,0.000041737,0.000247387,512
4246,1764562826.6678143,0.017173969,0.000101157,0.001093961,0.000081600,0.000568671,512
4247,1764562826.6847546,0.013334466,0.000046296,0.000969842,0.000042648,0.000424905,512
4248,1764562826.7170563,0.027801675,0.000258337,0.000451975,0.000079618,0.000427731,512
4249,1764562826.766267,0.046089824,0.000087472,0.000441757,0.000033953,0.000223643,512
4250,1764562826.7979913,0.028155860,0.000080208,0.000469758,0.000037470,0.000235455,512
4251,1764562826.8461816,0.045302499,0.000076872,0.000463847,0.000036117,0.000233722,512
4252,1764562826.8588562,0.010246151,0.000045875,0.000461503,0.000033552,0.000225507,512
4253,1764562826.8866563,0.025132675,0.000069198,0.000447137,0.000034474,0.000225406,512
4254,1764562826.9321656,0.042154313,0.000100295,0.000457324,0.000035747,0.000281790,512
4255,1764562826.9856575,0.050732471,0.000075910,0.000451434,0.000035175,0.000225787,512
4256,1764562827.014517,0.026001709,0.000067995,0.000440394,0.000039063,0.000244191,512
4257,1764562827.029159,0.011912789,0.000043039,0.000450302,0.000032470,0.000454790,512
4258,1764562827.0753236,0.043069513,0.000088033,0.000468014,0.000038471,0.000231388,512
4259,1764562827.161599,0.083373447,0.000078736,0.000466311,0.000035175,0.000227129,512
4260,1764562827.172994,0.007895317,0.000076301,0.000532604,0.000038952,0.000235986,512
4261,1764562827.2362835,0.060395004,0.000075249,0.000461823,0.000035185,0.000231117,512
4262,1764562827.28455,0.044836709,0.000119751,0.000464027,0.000037850,0.000243830,512
4263,1764562827.319569,0.032061365,0.000096889,0.000468996,0.000037379,0.000268867,512
4264,1764562827.3455443,0.023015834,0.000075910,0.000468956,0.000036577,0.000238320,512
4265,1764562827.3899555,0.040864589,0.000090677,0.000463426,0.000043360,0.000269107,512
4266,1764562827.4025147,0.010452502,0.000039794,0.000430485,0.000032951,0.000214887,512
4267,1764562827.4369817,0.031282076,0.000116445,0.000483032,0.000040995,0.000236327,512
4268,1764562827.464003,0.023850426,0.000074989,0.000490466,0.000039092,0.000238040,512
4269,1764562827.5175977,0.048022926,0.000337383,0.000459539,0.000037780,0.000245173,512
4270,1764562827.5616488,0.041209577,0.000083184,0.000445884,0.000036136,0.000229133,512
4271,1764562827.6325698,0.067548530,0.000117597,0.000464408,0.000037669,0.000239061,512
4272,1764562827.6930728,0.057570215,0.000081400,0.000468846,0.000036507,0.000239883,512
4273,1764562827.7768877,0.080917109,0.000081611,0.000442268,0.000035415,0.000241506,512
4274,1764562827.819681,0.040038003,0.000076351,0.000440915,0.000035696,0.000227330,512
4275,1764562827.867466,0.044748716,0.000085688,0.000460110,0.000036387,0.000236647,512
4276,1764562827.8933666,0.023429147,0.000053840,0.000434943,0.000034373,0.000225236,512
4277,1764562827.9120889,0.015706859,0.000085939,0.000480338,0.000050163,0.000234984,512
4278,1764562827.9458692,0.029596682,0.000083234,0.000901195,0.000068676,0.000439091,512
4279,1764562827.9734612,0.024555298,0.000065241,0.000446825,0.000036397,0.000262906,512
4280,1764562827.99134,0.014746535,0.000057796,0.000431748,0.000035897,0.000322325,512
4281,1764562828.042027,0.047443665,0.000116265,0.000462094,0.000040444,0.000253408,512
4282,1764562828.0696163,0.024643490,0.000079607,0.000469298,0.000036287,0.000237729,512
4283,1764562828.0990047,0.024027171,0.000067014,0.000482421,0.000080980,0.000418322,512
4284,1764562828.168195,0.065919992,0.000137374,0.000471011,0.000036568,0.000235816,512
4285,1764562828.176674,0.005823890,0.000055843,0.000451494,0.000035536,0.000235946,512
4286,1764562828.2450862,0.065316737,0.000087341,0.000487751,0.000037228,0.000242518,512
4287,1764562828.2792048,0.030362807,0.000142723,0.000526933,0.000039704,0.000250303,512
4288,1764562828.3242388,0.040886310,0.000122958,0.000533997,0.000057146,0.000260892,512
4289,1764562828.370957,0.041547121,0.000082733,0.000764282,0.000062295,0.000882150,512
4290,1764562828.4083617,0.034018721,0.000091749,0.000449411,0.000035596,0.000231849,512
4291,1764562828.4487426,0.037138025,0.000082393,0.000447727,0.000035856,0.000232299,512
4292,1764562828.5163717,0.063716910,0.000125672,0.000492060,0.000044322,0.000281651,512
4293,1764562828.549108,0.028364425,0.000121965,0.000462194,0.000043080,0.000272985,512
4294,1764562828.5671926,0.015322179,0.000070070,0.000451154,0.000035215,0.000231027,512
4295,1764562828.6069896,0.035951242,0.000109943,0.000492450,0.000038671,0.000267795,512
4296,1764562828.621496,0.011896399,0.000050012,0.000445443,0.000035856,0.000229795,512
4297,1764562828.6394122,0.014663932,0.000072785,0.000462945,0.000038090,0.000236807,512
4298,1764562828.6569278,0.014790937,0.000059871,0.000446004,0.000035065,0.000237509,512
4299,1764562828.6707506,0.011511177,0.000040024,0.000444111,0.000035766,0.000228052,512
4300,1764562828.7395582,0.065235998,0.000078155,0.000470208,0.000042469,0.000268686,512
4301,1764562828.762412,0.019982870,0.000060702,0.000520763,0.000035947,0.000226148,512
4302,1764562828.814509,0.048240226,0.000081541,0.000490726,0.000047739,0.000265520,512
4303,1764562828.8519645,0.034241853,0.000113539,0.000451865,0.000040194,0.000250703,512
4304,1764562828.8859653,0.031018900,0.000080298,0.000458117,0.000036337,0.000241937,512
4305,1764562828.9206629,0.031687033,0.000084546,0.000476981,0.000035575,0.000231818,512
4306,1764562828.94846,0.023742466,0.000100666,0.000750166,0.000045955,0.000291599,512
4307,1764562828.9752638,0.022239118,0.000079767,0.000445703,0.000036037,0.000406581,512
4308,1764562828.991867,0.013264878,0.000128277,0.000430325,0.000075820,0.000420577,512
4309,1764562829.0403564,0.044243864,0.000091829,0.000898110,0.000056054,0.000423282,512
4310,1764562829.0810125,0.036725142,0.000090717,0.000911634,0.000039123,0.000237118,512
4311,1764562829.1157339,0.031255747,0.000062676,0.000439943,0.000050613,0.000426347,512
4312,1764562829.1337514,0.015437451,0.000046716,0.000432159,0.000033712,0.000368862,512
4313,1764562829.152666,0.015747604,0.000070440,0.000452165,0.000064729,0.000421719,512
4314,1764562829.2370262,0.081003469,0.000080068,0.000466862,0.000089786,0.000431607,512
4315,1764562829.2711,0.030285214,0.000078084,0.000475919,0.000042589,0.000365124,512
4316,1764562829.2973876,0.021771874,0.000081721,0.000664157,0.000085408,0.000447276,512
4317,1764562829.359811,0.048357313,0.000100386,0.000651073,0.000050072,0.000445583,512
4318,1764562829.382516,0.018330286,0.000062426,0.000556137,0.000038471,0.000360727,512
4319,1764562829.4267418,0.040645174,0.000084516,0.000465160,0.000038331,0.000414175,512
4320,1764562829.4613945,0.031348167,0.000079797,0.000450893,0.000034995,0.000383278,512
4321,1764562829.4785395,0.013708457,0.000068917,0.000577267,0.000032560,0.000583749,512
4322,1764562829.5055754,0.023363135,0.000051175,0.000869766,0.000035165,0.000235956,512
4323,1764562829.5586197,0.048988409,0.000128027,0.000450623,0.000036738,0.000367108,512
4324,1764562829.5802617,0.018215284,0.000059130,0.000503079,0.000048429,0.000437869,512
4325,1764562829.610459,0.027036722,0.000113570,0.000444050,0.000035004,0.000227931,512
4326,1764562829.6378033,0.023742045,0.000092761,0.000535620,0.000043009,0.000259730,512
4327,1764562829.6622045,0.021314239,0.000081841,0.000488723,0.000037289,0.000234884,512
4328,1764562829.685483,0.020513149,0.000066092,0.000438109,0.000034734,0.000230836,512
4329,1764562829.7362645,0.047306101,0.000084917,0.000510112,0.000037559,0.000464278,512
4330,1764562829.7974825,0.057628523,0.000073446,0.000479356,0.000037519,0.000235124,512
4331,1764562829.8612647,0.059409533,0.000082913,0.000973469,0.000079758,0.000562760,512
4332,1764562829.9217908,0.056881762,0.000083855,0.000480528,0.000039574,0.000237409,512
4333,1764562829.9403174,0.013806668,0.000111216,0.000934426,0.000069138,0.000336882,512
4334,1764562829.977303,0.033764602,0.000089325,0.000489354,0.000037128,0.000251385,512
4335,1764562829.9996336,0.018277630,0.000133417,0.000642968,0.000041947,0.000284055,512
4336,1764562830.0242908,0.020424405,0.000152872,0.000482251,0.000042198,0.000413634,512
4337,1764562830.0650823,0.036479918,0.000096569,0.000983537,0.000047397,0.000281440,512
4338,1764562830.0867753,0.018950182,0.000065501,0.000447167,0.000035316,0.000227560,512
4339,1764562830.1088195,0.019471765,0.000053649,0.000429704,0.000039753,0.000228011,512
4340,1764562830.1707003,0.059009464,0.000075720,0.000472854,0.000035075,0.000230356,512
4341,1764562830.1979864,0.023099297,0.000071853,0.000471711,0.000040655,0.000242528,512
4342,1764562830.2221522,0.021191111,0.000059800,0.000470169,0.000035756,0.000258999,512
4343,1764562830.2562382,0.030645679,0.000081551,0.000482692,0.000041817,0.000242909,512
4344,1764562830.2840216,0.023448323,0.000085488,0.000492399,0.000046867,0.000254290,512
4345,1764562830.3255804,0.038588826,0.000080379,0.000447787,0.000035956,0.000234383,512
4346,1764562830.36838,0.039592801,0.000088855,0.000493642,0.000039553,0.000237829,512
4347,1764562830.383713,0.012242489,0.000091990,0.000453277,0.000036166,0.000241015,512
4348,1764562830.4065623,0.019323761,0.000095857,0.000455181,0.000038351,0.000268436,512
4349,1764562830.4344523,0.025045943,0.000063708,0.000443800,0.000036057,0.000236627,512
4350,1764562830.4473376,0.009359783,0.000092952,0.000478945,0.000038431,0.000244331,512
4351,1764562830.4825847,0.031341565,0.000078946,0.000469687,0.000067574,0.000437158,512
4352,1764562830.5031404,0.017275217,0.000083734,0.000532644,0.000034554,0.000368891,512
4353,1764562830.5363443,0.030035322,0.000073677,0.000443219,0.000031949,0.000437919,512
4354,1764562830.5569475,0.017643757,0.000059700,0.000449029,0.000035756,0.000238851,512
4355,1764562830.6324782,0.072074332,0.000090647,0.000455331,0.000035796,0.000238550,512
4356,1764562830.6645756,0.027496281,0.000071983,0.000463547,0.000076441,0.000239643,512
4357,1764562830.7170255,0.049394248,0.000083725,0.000466041,0.000037369,0.000240754,512
4358,1764562830.7535045,0.033471400,0.000078685,0.000456403,0.000037960,0.000237138,512
4359,1764562830.8473327,0.090465230,0.000079687,0.000477993,0.000039584,0.000250012,512
4360,1764562830.8751304,0.025193896,0.000055343,0.000451605,0.000035135,0.000229253,512
4361,1764562830.9165218,0.038600537,0.000075389,0.000454019,0.000036207,0.000229173,512
4362,1764562830.9469779,0.027241220,0.000075379,0.000506025,0.000048018,0.000259960,512
4363,1764562830.9688108,0.017301295,0.000090357,0.000504061,0.000043861,0.000269418,512
4364,1764562831.0023994,0.030680404,0.000081210,0.000460130,0.000036127,0.000235024,512
4365,1764562831.046896,0.040911265,0.000067254,0.000612382,0.000043871,0.000246546,512
4366,1764562831.0827672,0.032789680,0.000083875,0.000446595,0.000035907,0.000249671,512
4367,1764562831.1229289,0.036852898,0.000073256,0.000454109,0.000040785,0.000268466,512
4368,1764562831.145168,0.018928392,0.000067174,0.000907597,0.000035325,0.000226378,512
4369,1764562831.1945863,0.046537421,0.000104853,0.000448919,0.000036417,0.000226278,512
4370,1764562831.282918,0.084800604,0.000099654,0.000452295,0.000036798,0.000243039,512
4371,1764562831.3089283,0.021876548,0.000224866,0.000462996,0.000043882,0.000239653,512
4372,1764562831.3358123,0.023498835,0.000088904,0.000528276,0.000040605,0.000256574,512
4373,1764562831.3971417,0.056585956,0.000089795,0.000633210,0.000068346,0.000388538,512
4374,1764562831.4109023,0.011229367,0.000047819,0.000435865,0.000033291,0.000225126,512
4375,1764562831.4470575,0.032048462,0.000083244,0.000515373,0.000051866,0.000367649,512
4376,1764562831.4795263,0.029122125,0.000080108,0.000513379,0.000041066,0.000240955,512
4377,1764562831.4994388,0.016695396,0.000069769,0.000473735,0.000035275,0.000231648,512
4378,1764562831.5274184,0.025306515,0.000062987,0.000438210,0.000035245,0.000231137,512
4379,1764562831.5473382,0.015143668,0.000124049,0.000752921,0.000105184,0.000411069,512
4380,1764562831.5922043,0.040915464,0.000158443,0.000747261,0.000036017,0.000233782,512
4381,1764562831.624695,0.028063689,0.000118940,0.000441546,0.000036768,0.000248259,512
4382,1764562831.6807988,0.052538808,0.000081230,0.000522736,0.000041406,0.000240494,512
4383,1764562831.7028167,0.019369998,0.000055632,0.000444782,0.000036187,0.000226990,512
4384,1764562831.7241037,0.018371843,0.000093553,0.000444501,0.000034193,0.000224335,512
4385,1764562831.7500746,0.022665306,0.000065211,0.000459699,0.000034994,0.000451875,512
4386,1764562831.7644472,0.010653433,0.000082352,0.000488623,0.000044612,0.000277442,512
4387,1764562831.7994158,0.031163426,0.000093613,0.000542031,0.000042138,0.000261383,512
4388,1764562831.8757088,0.072490561,0.000197275,0.000445523,0.000034904,0.000228682,512
4389,1764562831.9603052,0.081556241,0.000078475,0.000471672,0.000036518,0.000235816,512
4390,1764562832.0179787,0.054595919,0.000083824,0.000524940,0.000039122,0.000246946,512
4391,1764562832.0533242,0.032435036,0.000071251,0.000560135,0.000051165,0.000226819,512
4392,1764562832.0837677,0.027144651,0.000087933,0.000483142,0.000046887,0.000257285,512
4393,1764562832.187221,0.099399957,0.000096298,0.000550537,0.000048129,0.000271452,512
4394,1764562832.209687,0.019581598,0.000066673,0.000456232,0.000036657,0.000241305,512
4395,1764562832.2569978,0.043142208,0.000076461,0.000598325,0.000036097,0.000238251,512
4396,1764562832.2863166,0.026702995,0.000055382,0.000440814,0.000034604,0.000222451,512
4397,1764562832.3184948,0.029708427,0.000051315,0.000439251,0.000034233,0.000223133,512
4398,1764562832.3527594,0.031876133,0.000052367,0.000437889,0.000036397,0.000220477,512
4399,1764562832.376842,0.021739917,0.000050032,0.000435996,0.000034033,0.000229213,512
4400,1764562832.4178898,0.038171024,0.000069909,0.000459399,0.000036377,0.000231437,512
4401,1764562832.4439933,0.023524513,0.000057126,0.000443970,0.000034854,0.000232229,512
4402,1764562832.5455563,0.098690145,0.000069158,0.000473475,0.000048690,0.000229424,512
4403,1764562832.6226761,0.073788980,0.000085178,0.000465801,0.000037710,0.000235806,512
4404,1764562832.6382864,0.013144616,0.000061804,0.000449130,0.000035997,0.000218804,512
4405,1764562832.6641176,0.022568236,0.000076051,0.000458958,0.000043480,0.000258708,512
4406,1764562832.701803,0.033181906,0.000094524,0.000661973,0.000075350,0.000456564,512
4407,1764562832.7230875,0.018224140,0.000070670,0.000450602,0.000038982,0.000251715,512
4408,1764562832.751627,0.024632300,0.000068306,0.001003383,0.000044021,0.000259800,512
4409,1764562832.7714975,0.015118843,0.000073025,0.000539417,0.000084346,0.000570624,512
4410,1764562832.8585563,0.082849489,0.000215588,0.000446796,0.000039573,0.000441055,512
4411,1764562832.899005,0.035901280,0.000123559,0.000745227,0.000062576,0.000367629,512
4412,1764562832.9608774,0.058530639,0.000108611,0.000525531,0.000036558,0.000256253,512
4413,1764562833.0135515,0.048741504,0.000055733,0.001015246,0.000068446,0.000446184,512
4414,1764562833.0457313,0.028493133,0.000084456,0.000486479,0.000068346,0.000441626,512
4415,1764562833.1052885,0.055729835,0.000074408,0.000754354,0.000051585,0.000263877,512
4416,1764562833.1514482,0.043012849,0.000058238,0.000437698,0.000035446,0.000397103,512
4417,1764562833.2009742,0.045220257,0.000105185,0.000637488,0.000036097,0.000848437,512
4418,1764562833.2506504,0.044973572,0.000099373,0.000852935,0.000045815,0.000457205,512
4419,1764562833.2740295,0.019198470,0.000085387,0.000830825,0.000073966,0.000486379,512
4420,1764562833.3076189,0.030323084,0.000083344,0.000496377,0.000037790,0.000250783,512
4421,1764562833.3393264,0.027863219,0.000067855,0.000783257,0.000040414,0.000244742,512
4422,1764562833.367321,0.024583890,0.000106446,0.000447457,0.000044843,0.000434773,512
4423,1764562833.3877187,0.017132013,0.000059510,0.000459449,0.000081721,0.000424234,512
4424,1764562833.406985,0.016518789,0.000062095,0.000441396,0.000034914,0.000346591,512
4425,1764562833.4240513,0.013132503,0.000045604,0.000495516,0.000063868,0.000426949,512
4426,1764562833.4751081,0.047409552,0.000108721,0.000830385,0.000063638,0.000424915,512
4427,1764562833.5362682,0.057770505,0.000106056,0.000459689,0.000064760,0.000433331,512
4428,1764562833.5822208,0.042402712,0.000090788,0.000449070,0.000035435,0.000364524,512
4429,1764562833.6136513,0.027622985,0.000076552,0.000478023,0.000049451,0.000566396,512
4430,1764562833.6675322,0.050629180,0.000079878,0.000446906,0.000036417,0.000316565,512
4431,1764562833.7268963,0.055666878,0.000088834,0.000716203,0.000040174,0.000248549,512
4432,1764562833.7663343,0.034616265,0.000123598,0.000711635,0.000048169,0.000492459,512
4433,1764562833.8060577,0.035297754,0.000099504,0.000823051,0.000045174,0.000275830,512
4434,1764562833.8250961,0.014848915,0.000096278,0.000702137,0.000043571,0.000289404,512
4435,1764562833.840433,0.011021874,0.000050934,0.001020546,0.000087832,0.000596131,512
4436,1764562833.9003234,0.056091743,0.000122336,0.000910191,0.000038070,0.000231879,512
4437,1764562833.959433,0.054413492,0.000252517,0.000966926,0.000036117,0.000233451,512
4438,1764562834.0433867,0.080266166,0.000082252,0.000659148,0.000048810,0.000401261,512
4439,1764562834.0667715,0.020585133,0.000046115,0.000438340,0.000064429,0.000407563,512
4440,1764562834.0789707,0.009683652,0.000038201,0.000447276,0.000034464,0.000341501,512
4441,1764562834.09532,0.013285526,0.000074829,0.000469728,0.000046176,0.000282492,512
4442,1764562834.172371,0.073242510,0.000079897,0.000885336,0.000040385,0.000239122,512
4443,1764562834.2524424,0.075406017,0.000144457,0.000550337,0.000057025,0.000321504,512
4444,1764562834.2746434,0.017501675,0.000133296,0.000598446,0.000059931,0.000378559,512
4445,1764562834.333642,0.053976265,0.000105314,0.000951398,0.000049241,0.000292190,512
4446,1764562834.3594923,0.022828156,0.000072925,0.000459378,0.000036577,0.000245333,512
4447,1764562834.4014409,0.038056893,0.000059110,0.000859187,0.000065441,0.000448659,512
4448,1764562834.4439704,0.038717523,0.000083244,0.000877862,0.000036106,0.000232049,512
4449,1764562834.465688,0.017584167,0.000061333,0.000862313,0.000062105,0.000848858,512
4450,1764562834.5008514,0.031711880,0.000050754,0.001096225,0.000041626,0.000310854,512
4451,1764562834.5365775,0.032822802,0.000049071,0.000641806,0.000033071,0.000214667,512
4452,1764562834.5733483,0.033824713,0.000066573,0.000440534,0.000034995,0.000225276,512
4453,1764562834.5965652,0.020058179,0.000050683,0.000579911,0.000036478,0.000337774,512
4454,1764562834.6363847,0.036368884,0.000066873,0.000490676,0.000040705,0.000309893,512
4455,1764562834.6629667,0.022992059,0.000057497,0.000466773,0.000072754,0.000433471,512
4456,1764562834.6863482,0.019807315,0.000052276,0.001240061,0.000034995,0.000219987,512
4457,1764562834.72604,0.035125526,0.000094805,0.000758041,0.000068226,0.000436086,512
4458,1764562834.8303013,0.099837695,0.000085247,0.000510954,0.000077793,0.000481439,512
4459,1764562834.8443754,0.011213949,0.000074488,0.000452466,0.000037730,0.000237088,512
4460,1764562834.9059334,0.057403336,0.000082452,0.000914971,0.000039573,0.000241727,512
4461,1764562834.920632,0.011605662,0.000045714,0.000560786,0.000063407,0.000261473,512
4462,1764562834.937853,0.013917874,0.000042569,0.000443029,0.000090908,0.000423763,512
4463,1764562834.9602182,0.019350331,0.000044692,0.000664748,0.000068987,0.000352210,512
4464,1764562834.9925385,0.028544898,0.000085288,0.000729458,0.000066362,0.000434743,512
4465,1764562835.0167215,0.020330092,0.000265841,0.000443129,0.000035045,0.000231648,512
4466,1764562835.0631444,0.043458723,0.000054050,0.000446966,0.000037749,0.000346029,512
4467,1764562835.0994716,0.033115673,0.000075350,0.000538685,0.000034985,0.000225246,512
4468,1764562835.1431289,0.040428534,0.000075710,0.000443319,0.000064549,0.000434543,512
4469,1764562835.2345479,0.087573667,0.000126143,0.000519359,0.000042188,0.000287351,512
4470,1764562835.279324,0.040492702,0.000162621,0.000536431,0.000046526,0.000306466,512
4471,1764562835.321896,0.038153962,0.000136753,0.000526062,0.000044923,0.000292480,512
4472,1764562835.3335223,0.008148594,0.000063557,0.000689614,0.000037990,0.000264409,512
4473,1764562835.370361,0.033767678,0.000054130,0.000448759,0.000035646,0.000348905,512
4474,1764562835.424266,0.049838389,0.000080148,0.000447427,0.000049542,0.000473084,512
4475,1764562835.4573493,0.030164220,0.000058598,0.000439543,0.000063788,0.000426268,512
4476,1764562835.485128,0.024832149,0.000056985,0.000443249,0.000063126,0.000427951,512
4477,1764562835.4971118,0.009612931,0.000043560,0.000444661,0.000036597,0.000230896,512
4478,1764562835.5150313,0.014428558,0.000127035,0.000460531,0.000037239,0.000269749,512
4479,1764562835.5470848,0.027921166,0.000072274,0.000540559,0.000057506,0.000563371,512
4480,1764562835.5696547,0.018631714,0.000048289,0.000908648,0.000088554,0.000556969,512
4481,1764562835.60307,0.030222487,0.000048189,0.000436947,0.000031498,0.000757720,512
4482,1764562835.6861706,0.078942060,0.000077033,0.000782887,0.000079928,0.000524980,512
4483,1764562835.7105708,0.020415398,0.000086529,0.000797764,0.000037259,0.000235646,512
4484,1764562835.7475355,0.032500166,0.000096768,0.000523948,0.000061163,0.000438190,512
4485,1764562835.7968912,0.045583739,0.000111066,0.000507278,0.000041216,0.000260452,512
4486,1764562835.8336315,0.033487239,0.000077063,0.000480849,0.000036667,0.000311505,512
4487,1764562835.8493195,0.011360369,0.000092361,0.000538775,0.000037840,0.000239693,512
4488,1764562835.8793762,0.026112154,0.000050203,0.000694844,0.000130081,0.000644150,512
4489,1764562835.9113474,0.029266742,0.000049261,0.000445023,0.000033382,0.000376135,512
4490,1764562835.9426315,0.027945792,0.000074257,0.000448418,0.000034975,0.000472112,512
4491,1764562836.0259144,0.079042716,0.000149196,0.000652225,0.000043881,0.000279296,512
4492,1764562836.066535,0.035377933,0.000216740,0.000826898,0.000080078,0.000551139,512
4493,1764562836.0955894,0.025494774,0.000074087,0.000693641,0.000037169,0.000250613,512
4494,1764562836.1345882,0.034652512,0.000248248,0.000446144,0.000035225,0.000508539,512
4495,1764562836.1567695,0.019017346,0.000048660,0.000648378,0.000083163,0.000290707,512
4496,1764562836.1712983,0.011219148,0.000045294,0.000784900,0.000041316,0.000237248,512
4497,1764562836.2285,0.052776186,0.000112738,0.000480578,0.000056504,0.000458046,512
4498,1764562836.2751164,0.042055430,0.000087622,0.001192663,0.000041466,0.000265471,512
4499,1764562836.3362184,0.057464880,0.000084456,0.000494153,0.000078355,0.000477642,512
4500,1764562836.3473878,0.007613928,0.000041787,0.000500815,0.000065270,0.000428431,512
4501,1764562836.3784754,0.027302302,0.000051605,0.000825425,0.000077092,0.000513799,512
4502,1764562836.42553,0.043688508,0.000080228,0.000646434,0.000037780,0.000238380,512
4503,1764562836.475601,0.046843086,0.000080699,0.000444932,0.000035826,0.000229575,512
4504,1764562836.5397542,0.060344049,0.000067946,0.000763020,0.000038160,0.000242879,512
4505,1764562836.5872722,0.043560762,0.000086580,0.000735579,0.000083845,0.000567519,512
4506,1764562836.6483068,0.057508620,0.000088403,0.000440865,0.000035796,0.000322916,512
4507,1764562836.6697145,0.017829391,0.000048650,0.000994758,0.000064098,0.000424685,512
4508,1764562836.7141259,0.040879236,0.000082282,0.000464077,0.000047167,0.000265060,512
4509,1764562836.7393181,0.019619948,0.000138345,0.000578279,0.000073916,0.000339607,512
4510,1764562836.7667596,0.022376542,0.000145559,0.000579852,0.000064759,0.000408805,512
4511,1764562836.804163,0.031944259,0.000143465,0.000700414,0.000051816,0.000325221,512
4512,1764562836.850232,0.042035844,0.000139418,0.000609386,0.000042018,0.000344276,512
4513,1764562836.8665283,0.012860310,0.000074998,0.000446415,0.000036888,0.000860641,512
4514,1764562836.9009087,0.030228208,0.000169283,0.000513479,0.000044202,0.000257235,512
4515,1764562836.9222145,0.016216011,0.000217622,0.000603064,0.000070811,0.000363071,512
4516,1764562836.9674783,0.040883495,0.000150307,0.000770604,0.000062555,0.000317667,512
4517,1764562836.9952533,0.023979774,0.000112017,0.000537413,0.000046356,0.000279766,512
4518,1764562837.0343502,0.035249385,0.000067044,0.001090284,0.000035345,0.000227209,512
4519,1764562837.0785122,0.041160266,0.000073987,0.000446655,0.000034163,0.000231588,512
4520,1764562837.1637952,0.081428664,0.000094585,0.000890004,0.000040054,0.000310874,512
4521,1764562837.2001212,0.032586085,0.000103111,0.000452506,0.000066813,0.000434543,512
4522,1764562837.2264864,0.022000036,0.000113820,0.000986172,0.000043791,0.000255963,512
4523,1764562837.2654705,0.034848715,0.000116666,0.000820435,0.000045735,0.000263527,512
4524,1764562837.3479962,0.077706297,0.000078085,0.000855110,0.000039794,0.000418052,512
4525,1764562837.4417377,0.089661614,0.000127696,0.000891386,0.000043059,0.000366678,512
4526,1764562837.4689019,0.024127628,0.000052107,0.000439141,0.000078986,0.000517627,512
4527,1764562837.4859278,0.013400549,0.000087192,0.000489995,0.000071091,0.000431838,512
4528,1764562837.5080895,0.018692345,0.000080709,0.000457465,0.000044012,0.000423793,512
4529,1764562837.5464215,0.035507853,0.000062726,0.000446235,0.000037389,0.000222741,512
4530,1764562837.5762012,0.027350682,0.000053048,0.000448108,0.000034503,0.000219886,512
4531,1764562837.5910869,0.012612784,0.000049361,0.000446144,0.000034083,0.000217552,512
4532,1764562837.617478,0.024016732,0.000050253,0.000433771,0.000034584,0.000222301,512
4533,1764562837.6454911,0.025598134,0.000046927,0.000441686,0.000042299,0.000217732,512
4534,1764562837.711039,0.062387104,0.000093813,0.000459830,0.000042979,0.000232961,512
4535,1764562837.7498162,0.035233175,0.000098903,0.000496156,0.000038952,0.000257836,512
4536,1764562837.78003,0.025875386,0.000153143,0.000542733,0.000055843,0.000272563,512
4537,1764562837.8622258,0.079006589,0.000081891,0.000508770,0.000036567,0.000238330,512
4538,1764562837.884769,0.019562643,0.000072093,0.000457184,0.000035927,0.000232469,512
4539,1764562837.9101684,0.022618098,0.000066744,0.000457696,0.000036568,0.000231268,512
4540,1764562837.9285502,0.015593871,0.000072664,0.000461773,0.000036307,0.000232289,512
4541,1764562837.9913116,0.059719765,0.000117758,0.000469508,0.000035015,0.000226989,512
4542,1764562838.0231934,0.028317998,0.000103310,0.000462404,0.000037108,0.000269167,512
4543,1764562838.054379,0.028727906,0.000054090,0.000441195,0.000034283,0.000222170,512
4544,1764562838.104626,0.046280686,0.000097520,0.000747141,0.000059150,0.000358152,512
4545,1764562838.1782274,0.069120915,0.000078145,0.001131831,0.000039914,0.000560756,512
4546,1764562838.1987987,0.016424195,0.000081521,0.000816428,0.000066643,0.000441445,512
4547,1764562838.2497957,0.046115701,0.000157471,0.000539236,0.000055192,0.000317106,512
4548,1764562838.2982929,0.044327267,0.000109172,0.000536781,0.000050553,0.000265681,512
4549,1764562838.3210514,0.018946936,0.000101668,0.000511094,0.000042839,0.000277834,512
4550,1764562838.341909,0.018254056,0.000060863,0.000470499,0.000036458,0.000241366,512
4551,1764562838.390708,0.044196566,0.000110445,0.000463877,0.000080769,0.000266462,512
4552,1764562838.408436,0.015413227,0.000051585,0.000436116,0.000033732,0.000222582,512
4553,1764562838.4430919,0.032136444,0.000054050,0.000450152,0.000034915,0.000224384,512
4554,1764562838.4893258,0.042712694,0.000105785,0.000448699,0.000043581,0.000268406,512
4555,1764562838.5255454,0.033643819,0.000060763,0.000468215,0.000035035,0.000224485,512
4556,1764562838.5702562,0.042088441,0.000062616,0.000450412,0.000036267,0.000228172,512
4557,1764562838.6325524,0.059184276,0.000123679,0.000435796,0.000035236,0.000228201,512
4558,1764562838.6993,0.062781072,0.000083864,0.000483644,0.000041897,0.000314822,512
4559,1764562838.7622871,0.058307456,0.000137504,0.000733315,0.000049591,0.000292841,512
4560,1764562838.8348517,0.069025549,0.000093022,0.000491668,0.000041607,0.000379371,512
4561,1764562838.8553753,0.016708260,0.000079628,0.000534989,0.000056985,0.000468215,512
4562,1764562838.9261415,0.066509200,0.000078966,0.000829954,0.000080639,0.000539197,512
4563,1764562838.9667265,0.037042729,0.000078525,0.000867663,0.000048109,0.000326123,512
4564,1764562839.0209744,0.051010515,0.000080389,0.000480808,0.000038751,0.000253759,512
4565,1764562839.0373063,0.013600037,0.000040324,0.000433140,0.000034774,0.000447347,512
4566,1764562839.0632994,0.022865836,0.000048529,0.000442548,0.000084846,0.000544516,512
4567,1764562839.1609313,0.094173210,0.000089886,0.000466091,0.000075770,0.000439412,512
4568,1764562839.1828854,0.018985507,0.000053278,0.000779580,0.000034363,0.000226008,512
4569,1764562839.1996315,0.012864158,0.000099524,0.000759113,0.000044532,0.000298472,512
4570,1764562839.218387,0.014250819,0.000087091,0.000891247,0.000039483,0.000303671,512
4571,1764562839.2797878,0.056342786,0.000128607,0.000978267,0.000061875,0.000291929,512
4572,1764562839.3232672,0.039748899,0.000099543,0.000488021,0.000055713,0.000317857,512
4573,1764562839.3661664,0.038309930,0.000092220,0.000677592,0.000058548,0.000296648,512
4574,1764562839.4068902,0.036256376,0.000089406,0.000798696,0.000059060,0.000363141,512
4575,1764562839.466042,0.055846350,0.000108390,0.000451354,0.000035666,0.000230626,512
4576,1764562839.50603,0.036916155,0.000066232,0.000448489,0.000041717,0.000268105,512
4577,1764562839.534351,0.025634872,0.000048760,0.000544416,0.000032099,0.000434824,512
4578,1764562839.566993,0.025571135,0.000176706,0.000787195,0.000046656,0.000268086,512
4579,1764562839.606167,0.035766551,0.000075880,0.000650271,0.000039413,0.000234814,512
4580,1764562839.6468916,0.037229664,0.000054060,0.000460390,0.000092922,0.000599046,512
4581,1764562839.662599,0.012875037,0.000043230,0.000438250,0.000038631,0.000390782,512
4582,1764562839.7250402,0.058561786,0.000088794,0.000460762,0.000038451,0.000415477,512
4583,1764562839.7559826,0.027250817,0.000087541,0.000479346,0.000039583,0.000240254,512
4584,1764562839.8093705,0.048740090,0.000138636,0.000545688,0.000070039,0.000455322,512
4585,1764562839.822612,0.009175652,0.000067274,0.000801621,0.000046095,0.000273004,512
4586,1764562839.8676088,0.041558822,0.000073996,0.000438220,0.000064670,0.000428512,512
4587,1764562839.8784714,0.008122637,0.000041387,0.000433030,0.000065831,0.000438730,512
4588,1764562839.9027123,0.020720923,0.000086469,0.000456473,0.000037760,0.000516755,512
4589,1764562839.9266694,0.020859268,0.000075570,0.000437729,0.000054250,0.000354415,512
4590,1764562839.9697056,0.039862508,0.000066142,0.000506235,0.000068366,0.000453288,512
4591,1764562839.9916854,0.016553965,0.000060302,0.000914761,0.000043791,0.000283353,512
4592,1764562840.023885,0.028351521,0.000129088,0.000452537,0.000036868,0.000364313,512
4593,1764562840.0515091,0.024614787,0.000058328,0.000440794,0.000034785,0.000388087,512
4594,1764562840.118638,0.063871306,0.000059930,0.000453538,0.000042850,0.000524920,512
4595,1764562840.1298249,0.008846194,0.000040144,0.000453458,0.000034754,0.000220447,512
4596,1764562840.1824489,0.049001242,0.000096088,0.000453368,0.000036177,0.000229194,512
4597,1764562840.202237,0.015918491,0.000091118,0.000478253,0.000047047,0.000275679,512
4598,1764562840.2268102,0.020869167,0.000081701,0.000441125,0.000045234,0.000281130,512
4599,1764562840.2841694,0.054124779,0.000084706,0.000463978,0.000036988,0.000258117,512
4600,1764562840.312743,0.025047617,0.000077944,0.000467534,0.000038491,0.000229144,512
4601,1764562840.3443143,0.028940359,0.000064219,0.000453077,0.000035044,0.000224175,512
4602,1764562840.3755894,0.028460773,0.000074829,0.000443680,0.000035997,0.000231247,512
4603,1764562840.4152822,0.035046480,0.000069548,0.000571215,0.000037369,0.000259259,512
4604,1764562840.4359605,0.018387271,0.000046516,0.000458708,0.000033512,0.000222061,512
4605,1764562840.472259,0.032984170,0.000071171,0.000462836,0.000042859,0.000243349,512
4606,1764562840.4891899,0.014430121,0.000049722,0.000446565,0.000038661,0.000231728,512
4607,1764562840.515333,0.023552966,0.000051615,0.000442127,0.000034283,0.000242047,512
4608,1764562840.5358417,0.018381401,0.000043711,0.000433160,0.000033192,0.000223413,512
4609,1764562840.55831,0.020086361,0.000044052,0.000439852,0.000031047,0.000425966,512
4610,1764562840.5812602,0.020219687,0.000054471,0.000445182,0.000034373,0.000234113,512
4611,1764562840.6087978,0.025000750,0.000057006,0.000444461,0.000034444,0.000225867,512
4612,1764562840.6583247,0.046905440,0.000061754,0.000440794,0.000034314,0.000225366,512
4613,1764562840.668232,0.007846517,0.000039944,0.000443179,0.000033121,0.000214867,512
4614,1764562840.7408428,0.067414733,0.000130321,0.000730419,0.000062886,0.000340450,512
4615,1764562840.8259013,0.081302320,0.000122427,0.000623171,0.000038070,0.000247938,512
4616,1764562840.876131,0.045709882,0.000117958,0.001070568,0.000065200,0.000458517,512
4617,1764562840.9475703,0.068138870,0.000074668,0.000462825,0.000040755,0.000239833,512
4618,1764562840.9605117,0.010076698,0.000044221,0.000690265,0.000063136,0.000423713,512
4619,1764562840.9826152,0.018969597,0.000081391,0.000437758,0.000034163,0.000382968,512
4620,1764562841.0051284,0.019394052,0.000069238,0.000508239,0.000043471,0.000248920,512
4621,1764562841.0534241,0.044235458,0.000077443,0.001049329,0.000064980,0.000425756,512
4622,1764562841.0850072,0.028770385,0.000043571,0.000436196,0.000042369,0.000485677,512
4623,1764562841.1253872,0.038102195,0.000047838,0.000440043,0.000033562,0.000214997,512
4624,1764562841.1364343,0.009111785,0.000037820,0.000429243,0.000032520,0.000208055,512
4625,1764562841.2073765,0.067466709,0.000078034,0.000467824,0.000038030,0.000256224,512
4626,1764562841.2250996,0.014614751,0.000087993,0.000461212,0.000036267,0.000239593,512
4627,1764562841.278745,0.049792876,0.000169804,0.000478945,0.000047658,0.000280658,512
4628,1764562841.2999067,0.017209876,0.000080840,0.000493863,0.000045754,0.000260231,512
4629,1764562841.3558896,0.052117571,0.000076260,0.000473154,0.000053539,0.000290116,512
4630,1764562841.3866997,0.027921296,0.000077052,0.000455622,0.000035175,0.000228452,512
4631,1764562841.4340775,0.041919669,0.000286389,0.000447657,0.000037890,0.000249010,512
4632,1764562841.5232182,0.086036918,0.000081410,0.000454560,0.000036717,0.000233501,512
4633,1764562841.5992837,0.072972561,0.000104714,0.000449981,0.000035245,0.000227901,512
4634,1764562841.687299,0.085079910,0.000072945,0.000492460,0.000036578,0.000231688,512
4635,1764562841.7167125,0.025519759,0.000131523,0.000448769,0.000038501,0.000259780,512
4636,1764562841.7366848,0.015825629,0.000101387,0.000470359,0.000046135,0.000246536,512
4637,1764562841.781731,0.039772853,0.000148544,0.000684605,0.000054360,0.000339077,512
4638,1764562841.80476,0.018332811,0.000088354,0.000762479,0.000073045,0.000433551,512
4639,1764562841.8262177,0.017276228,0.000086329,0.000449260,0.000067654,0.000450081,512
4640,1764562841.8971012,0.067487187,0.000077363,0.000455723,0.000042999,0.000237999,512
4641,1764562841.9079845,0.008050323,0.000047307,0.000435284,0.000031688,0.000570143,512
4642,1764562841.962345,0.050579328,0.000082322,0.000531542,0.000056204,0.000386233,512
4643,1764562842.0051146,0.038934514,0.000078325,0.000473615,0.000067865,0.000446224,512
4644,1764562842.0518632,0.042710270,0.000080529,0.001038669,0.000066773,0.000435094,512
4645,1764562842.1013377,0.045552841,0.000065160,0.000895014,0.000064379,0.000426157,512
4646,1764562842.1504054,0.045508369,0.000048890,0.001130950,0.000063176,0.000417551,512
4647,1764562842.2193682,0.064339651,0.000092731,0.000804225,0.000037068,0.000324630,512
4648,1764562842.2381215,0.015285440,0.000066413,0.000464829,0.000040695,0.000299253,512
4649,1764562842.26217,0.020034926,0.000073876,0.000482461,0.000118108,0.000639512,512
4650,1764562842.2976892,0.030409544,0.000189480,0.000515994,0.000063607,0.000340750,512
4651,1764562842.3100483,0.008564353,0.000118348,0.000475749,0.000035516,0.000309762,512
4652,1764562842.369581,0.055332700,0.000085378,0.000822259,0.000080389,0.000534958,512
4653,1764562842.4010744,0.028035407,0.000087712,0.000436657,0.000034945,0.000350087,512
4654,1764562842.4644694,0.059626483,0.000096228,0.000444330,0.000073996,0.000490687,512
4655,1764562842.5071356,0.037571716,0.000116445,0.000509892,0.000041587,0.000517897,512
4656,1764562842.5488083,0.038071269,0.000086089,0.000458537,0.000036498,0.000235625,512
4657,1764562842.570395,0.017757508,0.000071762,0.001032919,0.000064028,0.000422321,512
4658,1764562842.588883,0.015854152,0.000048910,0.000452236,0.000038731,0.000241345,512
4659,1764562842.6073642,0.015760698,0.000056294,0.000427750,0.000033832,0.000370574,512
4660,1764562842.6513157,0.041119861,0.000053729,0.000438661,0.000064189,0.000424244,512
4661,1764562842.6947656,0.040493354,0.000056775,0.000446335,0.000068316,0.000425627,512
4662,1764562842.71073,0.013066721,0.000063698,0.000443369,0.000034754,0.000323618,512
4663,1764562842.7467482,0.031916898,0.000080709,0.000500235,0.000076722,0.000443109,512
4664,1764562842.7770832,0.026588433,0.000129680,0.000769903,0.000035726,0.000229213,512
4665,1764562842.8035731,0.022268862,0.000124811,0.000495055,0.000068908,0.000430115,512
4666,1764562842.8331845,0.026149994,0.000069157,0.000887570,0.000035005,0.000228583,512
4667,1764562842.876375,0.039767633,0.000122707,0.000438860,0.000035325,0.000230426,512
4668,1764562842.9194524,0.039097405,0.000081600,0.001057083,0.000064540,0.000423563,512
4669,1764562842.961331,0.039196528,0.000049501,0.000546059,0.000034053,0.000221740,512
4670,1764562842.983243,0.018944091,0.000071001,0.000456113,0.000035005,0.000274708,512
4671,1764562842.9934475,0.007401465,0.000046175,0.000431207,0.000063016,0.000415176,512
4672,1764562843.0189557,0.022137620,0.000071222,0.000472072,0.000080969,0.000529468,512
4673,1764562843.0442588,0.021377546,0.000084296,0.000696506,0.000036057,0.000434894,512
4674,1764562843.0910873,0.042805526,0.000102550,0.000875077,0.000035014,0.000232670,512
4675,1764562843.137936,0.043059025,0.000054260,0.000869647,0.000078475,0.000561598,512
4676,1764562843.1748164,0.033995108,0.000043601,0.000872692,0.000033321,0.000212583,512
4677,1764562843.1932619,0.015223406,0.000086479,0.000459659,0.000034513,0.000231778,512
4678,1764562843.2143693,0.017972475,0.000080989,0.000451995,0.000037128,0.000231007,512
4679,1764562843.2691472,0.050775501,0.000156640,0.000738405,0.000036066,0.000230235,512
4680,1764562843.366598,0.094434303,0.000083264,0.000453017,0.000036508,0.000238952,512
4681,1764562843.4176183,0.046301034,0.000183209,0.000526543,0.000085408,0.000478654,512
4682,1764562843.4731147,0.051378795,0.000078995,0.000596101,0.000083474,0.000546580,512
4683,1764562843.5088627,0.033048800,0.000087131,0.000446024,0.000069088,0.000235295,512
4684,1764562843.557746,0.045044312,0.000102680,0.000454830,0.000066533,0.000424594,512
4685,1764562843.5741496,0.013024474,0.000098782,0.000449271,0.000035946,0.000230687,512
4686,1764562843.6056037,0.028258819,0.000084346,0.000458958,0.000038221,0.000234433,512
4687,1764562843.622837,0.013788044,0.000055031,0.001046273,0.000043922,0.000268165,512
4688,1764562843.6530828,0.025952800,0.000074107,0.000844630,0.000079607,0.000534067,512
4689,1764562843.676829,0.020071113,0.000050884,0.001054208,0.000040675,0.000312407,512
4690,1764562843.716542,0.035784744,0.000099424,0.000488764,0.000042759,0.000297139,512
4691,1764562843.7480805,0.028169114,0.000079016,0.000471251,0.000037961,0.000272413,512
4692,1764562843.7564275,0.005306985,0.000077544,0.000455381,0.000041076,0.000252467,512
4693,1764562843.7771614,0.017101316,0.000107259,0.000458728,0.000064048,0.000430385,512
4694,1764562843.819404,0.038461860,0.000081731,0.000466833,0.000079216,0.000462685,512
4695,1764562843.8774896,0.053762890,0.000077623,0.000925179,0.000079657,0.000523988,512
4696,1764562843.9146159,0.033507176,0.000067444,0.000454159,0.000054310,0.000330039,512
4697,1764562843.944296,0.026477639,0.000064399,0.000461513,0.000035385,0.000401772,512
4698,1764562843.9578571,0.009000960,0.000095056,0.000860830,0.000066773,0.000445563,512
4699,1764562843.99484,0.032884125,0.000084015,0.001025865,0.000065170,0.000435585,512
4700,1764562844.031967,0.033701596,0.000052367,0.000444401,0.000046816,0.000532995,512
4701,1764562844.0508869,0.015542275,0.000071112,0.000466101,0.000066563,0.000428051,512
4702,1764562844.100305,0.045274427,0.000287852,0.000458978,0.000065481,0.000437859,512
4703,1764562844.1430113,0.039678599,0.000089806,0.000462704,0.000038922,0.000242008,512
4704,1764562844.1827624,0.036089919,0.000102379,0.000445673,0.000065351,0.000425876,512
4705,1764562844.2567134,0.069883695,0.000101067,0.000474957,0.000039223,0.000475328,512
4706,1764562844.300631,0.040023516,0.000086710,0.000449300,0.000048940,0.000312567,512
4707,1764562844.3345475,0.030958377,0.000084717,0.000450342,0.000035235,0.000234664,512
4708,1764562844.3760054,0.038524627,0.000084917,0.000454490,0.000035456,0.000235425,512
4709,1764562844.4305038,0.050111554,0.000099785,0.000466132,0.000090127,0.000454219,512
4710,1764562844.498176,0.064261887,0.000095296,0.000494814,0.000036087,0.000236487,512
4711,1764562844.5351608,0.033280678,0.000133257,0.000458287,0.000035516,0.000242148,512
4712,1764562844.5925834,0.052320025,0.000142133,0.000970654,0.000036728,0.000237589,512
4713,1764562844.6322734,0.036077576,0.000097951,0.000468526,0.000037650,0.000234944,512
4714,1764562844.6425545,0.007249795,0.000060622,0.000441135,0.000064008,0.000425015,512
4715,1764562844.674177,0.027776609,0.000102238,0.000512436,0.000041667,0.000251735,512
4716,1764562844.6953573,0.018288930,0.000073787,0.000466462,0.000037219,0.000237499,512
4717,1764562844.7060213,0.007092674,0.000056284,0.000479606,0.000048680,0.000277563,512
4718,1764562844.766617,0.057100446,0.000128548,0.000463567,0.000046976,0.000231137,512
4719,1764562844.8184032,0.048541413,0.000082372,0.000448809,0.000038301,0.000241276,512
4720,1764562844.885705,0.064209711,0.000117337,0.000443239,0.000036337,0.000230245,512
4721,1764562844.912634,0.023760719,0.000070591,0.000475849,0.000037850,0.000237048,512
4722,1764562844.9708536,0.053911765,0.000121454,0.000717054,0.000057717,0.000321494,512
4723,1764562845.0252717,0.049013255,0.000118028,0.000725480,0.000061523,0.000423182,512
4724,1764562845.087924,0.058501265,0.000094565,0.000487541,0.000081170,0.000515473,512
4725,1764562845.1229486,0.031130015,0.000094484,0.000763601,0.000038270,0.000240565,512
4726,1764562845.1578524,0.029618392,0.000166287,0.000554725,0.000065731,0.000313009,512
4727,1764562845.1927764,0.031689719,0.000086289,0.000469517,0.000036467,0.000231979,512
4728,1764562845.2199104,0.023917809,0.000091199,0.000492420,0.000040825,0.000241716,512
4729,1764562845.2725337,0.047958887,0.000091900,0.000968910,0.000043570,0.000289725,512
4730,1764562845.3119893,0.036008518,0.000086439,0.000553042,0.000049812,0.000288042,512
4731,1764562845.3250492,0.009828568,0.000077724,0.000508900,0.000039112,0.000238992,512
4732,1764562845.3786342,0.049058899,0.000120402,0.000552440,0.000080017,0.000487882,512
4733,1764562845.4160004,0.032318330,0.000157161,0.000639702,0.000053649,0.000288392,512
4734,1764562845.4301658,0.009911342,0.000093162,0.000531432,0.000093814,0.000463657,512
4735,1764562845.4593968,0.025342020,0.000094464,0.000777476,0.000070881,0.000339918,512
4736,1764562845.4875028,0.024416671,0.000099283,0.000488603,0.000038010,0.000244732,512
4737,1764562845.5013871,0.009807550,0.000087191,0.000740929,0.000034224,0.000475288,512
4738,1764562845.537067,0.032226420,0.000078465,0.000490567,0.000051556,0.000344797,512
4739,1764562845.5903559,0.049091369,0.000089245,0.000854258,0.000046055,0.000274207,512
4740,1764562845.6125095,0.018034831,0.000090076,0.000495305,0.000074978,0.000520371,512
4741,1764562845.6483326,0.031863970,0.000103912,0.000457295,0.000037529,0.000431377,512
4742,1764562845.6834037,0.030359661,0.000124740,0.001024242,0.000049311,0.000311215,512
4743,1764562845.7167134,0.029251584,0.000124630,0.000497359,0.000072244,0.000462715,512
4744,1764562845.7452004,0.024328809,0.000100796,0.000899803,0.000039633,0.000249220,512
4745,1764562845.7756035,0.026626213,0.000124711,0.000475558,0.000050353,0.000342834,512
4746,1764562845.8408012,0.061053730,0.000145259,0.000557339,0.000044482,0.000275640,512
4747,1764562845.8893712,0.044260605,0.000084386,0.001015506,0.000048069,0.000290486,512
4748,1764562845.9674337,0.074425796,0.000087532,0.000474557,0.000069137,0.000444551,512
4749,1764562845.9973938,0.026219422,0.000086419,0.000520962,0.000047819,0.000301647,512
4750,1764562846.058983,0.057325022,0.000170585,0.000711335,0.000053489,0.000332655,512
4751,1764562846.117469,0.053450393,0.000155417,0.000495886,0.000039173,0.000243270,512
4752,1764562846.1593158,0.038013131,0.000083184,0.000840172,0.000064559,0.000428482,512
4753,1764562846.17245,0.010596818,0.000047027,0.000436637,0.000038652,0.000224385,512
4754,1764562846.1853378,0.009890864,0.000078145,0.000435244,0.000035586,0.000228583,512
4755,1764562846.2495217,0.060305208,0.000158532,0.000474216,0.000039252,0.000231007,512
4756,1764562846.34237,0.089811211,0.000085137,0.000463527,0.000035466,0.000228573,512
4757,1764562846.3688045,0.023507452,0.000112939,0.000467935,0.000035555,0.000229164,512
4758,1764562846.3894312,0.016688513,0.000109703,0.000486268,0.000043630,0.000266833,512
4759,1764562846.4127443,0.020405711,0.000062044,0.000459168,0.000037399,0.000254270,512
4760,1764562846.4880726,0.071446331,0.000073686,0.000645633,0.000037239,0.000235616,512
4761,1764562846.5161648,0.023659913,0.000063106,0.000810377,0.000097140,0.000586343,512
4762,1764562846.5774677,0.057156110,0.000120873,0.000564342,0.000034905,0.000318819,512
4763,1764562846.6294308,0.046715490,0.000119841,0.000508069,0.000059169,0.000693732,512
4764,1764562846.6512866,0.018172375,0.000082363,0.000469027,0.000046466,0.000294444,512
4765,1764562846.6918159,0.036493854,0.000319700,0.000446475,0.000035816,0.000233932,512
4766,1764562846.7132194,0.018526068,0.000063207,0.000461372,0.000040355,0.000249481,512
4767,1764562846.77039,0.054012010,0.000097751,0.000534678,0.000039553,0.000245794,512
4768,1764562846.81282,0.038840711,0.000080850,0.000508158,0.000045234,0.000268696,512
4769,1764562846.876322,0.058648587,0.000145408,0.000686759,0.000058307,0.000699924,512
4770,1764562846.9191027,0.038907333,0.000090968,0.000616409,0.000071162,0.000465791,512
4771,1764562846.9446537,0.021719689,0.000087852,0.000659068,0.000058809,0.000314842,512
4772,1764562847.0049531,0.056698925,0.000075420,0.000729848,0.000044352,0.000249531,512
4773,1764562847.0584369,0.050179009,0.000079917,0.000450112,0.000035997,0.000275729,512
4774,1764562847.0751364,0.012318650,0.000194259,0.000567569,0.000076852,0.000456754,512
4775,1764562847.096367,0.017043289,0.000117457,0.000626959,0.000041076,0.000236337,512
4776,1764562847.151957,0.052175717,0.000086099,0.000445312,0.000035556,0.000425616,512
4777,1764562847.226828,0.070594588,0.000104362,0.000924609,0.000070691,0.000451013,512
4778,1764562847.2758718,0.044895717,0.000114922,0.000735639,0.000080459,0.000350488,512
4779,1764562847.4049938,0.124511393,0.000129530,0.000598165,0.000065581,0.000323087,512
4780,1764562847.4343255,0.025766977,0.000094845,0.000639482,0.000041847,0.000280248,512
4781,1764562847.4760344,0.037497909,0.000084596,0.000715612,0.000088213,0.000577307,512
4782,1764562847.5254984,0.045317787,0.000099914,0.000866982,0.000072113,0.000469948,512
4783,1764562847.5492659,0.020515915,0.000102079,0.000459389,0.000036177,0.000291679,512
4784,1764562847.5912962,0.038832175,0.000085267,0.000494183,0.000037890,0.000308259,512
4785,1764562847.6083927,0.014674542,0.000048640,0.000456724,0.000033892,0.000222301,512
4786,1764562847.6658802,0.053794899,0.000093973,0.000472523,0.000040004,0.000234934,512
4787,1764562847.7273285,0.058143964,0.000082482,0.000508780,0.000039894,0.000239172,512
4788,1764562847.7435126,0.013297118,0.000083014,0.000449660,0.000035756,0.000232880,512
4789,1764562847.8042495,0.057440995,0.000081321,0.000546660,0.000048830,0.000249701,512
4790,1764562847.8727717,0.064740081,0.000087272,0.000468656,0.000050423,0.000267995,512
4791,1764562847.8928752,0.017236445,0.000077723,0.000448098,0.000046256,0.000230315,512
4792,1764562847.9180331,0.021793264,0.000074698,0.000452095,0.000036327,0.000265310,512
4793,1764562847.9353752,0.014389555,0.000073596,0.000441275,0.000040345,0.000249511,512
4794,1764562848.0189362,0.080536817,0.000083925,0.000459319,0.000036999,0.000237579,512
4795,1764562848.0484102,0.026544041,0.000084877,0.000443349,0.000035726,0.000228422,512
4796,1764562848.0912309,0.039636420,0.000114762,0.000455902,0.000034684,0.000229604,512
4797,1764562848.1185338,0.024447929,0.000075319,0.000453698,0.000036538,0.000227310,512
4798,1764562848.1325362,0.011434837,0.000059349,0.000441596,0.000035415,0.000227870,512
4799,1764562848.1418784,0.007264673,0.000038972,0.000436035,0.000033241,0.000221970,512
4800,1764562848.1843572,0.040136514,0.000055212,0.000433752,0.000033922,0.000218624,512
4801,1764562848.207801,0.021021278,0.000045063,0.000441195,0.000039072,0.000417321,512
4802,1764562848.2456648,0.035362465,0.000050092,0.000450373,0.000038642,0.000235145,512
4803,1764562848.2583933,0.010663572,0.000041267,0.000428151,0.000033071,0.000212803,512
4804,1764562848.2797956,0.018097497,0.000069488,0.000475499,0.000040735,0.000234794,512
4805,1764562848.2892,0.005953329,0.000065130,0.000468295,0.000051245,0.000235164,512
4806,1764562848.322895,0.030302044,0.000094444,0.000455852,0.000042749,0.000261303,512
4807,1764562848.356281,0.030078232,0.000077954,0.000457565,0.000042789,0.000268666,512
4808,1764562848.4011545,0.042171334,0.000067895,0.000448739,0.000035585,0.000226198,512
4809,1764562848.439839,0.034922702,0.000099614,0.000469367,0.000047918,0.000281600,512
4810,1764562848.481629,0.038634890,0.000097400,0.000443579,0.000035586,0.000227821,512
4811,1764562848.4907722,0.006356985,0.000044031,0.000439261,0.000064109,0.000415879,512
4812,1764562848.5605261,0.066946357,0.000071993,0.000445453,0.000035135,0.000226669,512
4813,1764562848.5853732,0.021786171,0.000090047,0.000461553,0.000038501,0.000235295,512
4814,1764562848.6189024,0.030746726,0.000072073,0.000446855,0.000035606,0.000231688,512
4815,1764562848.6553957,0.033411489,0.000063016,0.000465800,0.000036106,0.000235585,512
4816,1764562848.6818247,0.023663870,0.000072243,0.000445292,0.000040795,0.000224846,512
4817,1764562848.719315,0.034722602,0.000077102,0.000462314,0.000035515,0.000226158,512
4818,1764562848.7483728,0.026024592,0.000065331,0.000448639,0.000035836,0.000227410,512
4819,1764562848.8072467,0.055219241,0.000093893,0.000455612,0.000039102,0.000263577,512
4820,1764562848.8481338,0.037118018,0.000157090,0.000499373,0.000037039,0.000235565,512
4821,1764562848.8790047,0.027300980,0.000116896,0.000492260,0.000042228,0.000241085,512
4822,1764562848.9156435,0.031843573,0.000211641,0.000495015,0.000044603,0.000270981,512
4823,1764562848.951075,0.031787329,0.000107569,0.000506586,0.000042909,0.000249030,512
4824,1764562848.972474,0.017746327,0.000090998,0.000458167,0.000044923,0.000277553,512
4825,1764562849.024531,0.046768537,0.000115203,0.000440995,0.000037038,0.000277152,512
4826,1764562849.0460494,0.019044886,0.000047608,0.000440704,0.000036257,0.000236667,512
4827,1764562849.083672,0.035145895,0.000053448,0.000436125,0.000034223,0.000224785,512
4828,1764562849.1080513,0.021442877,0.000079597,0.000460221,0.000035616,0.000264989,512
4829,1764562849.1456864,0.034462852,0.000081050,0.000467063,0.000041446,0.000247066,512
4830,1764562849.1988006,0.050607981,0.000064820,0.000445423,0.000034444,0.000221129,512
4831,1764562849.245339,0.044154107,0.000048520,0.000437378,0.000036447,0.000222311,512
4832,1764562849.2646658,0.017145207,0.000046085,0.000430155,0.000033122,0.000214236,512
4833,1764562849.302988,0.033814674,0.000124670,0.000499994,0.000034724,0.000462014,512
4834,1764562849.3255992,0.018882907,0.000088884,0.000461142,0.000042108,0.000257646,512
4835,1764562849.344918,0.016295267,0.000071081,0.000485738,0.000035806,0.000229825,512
4836,1764562849.3931842,0.044324863,0.000126624,0.000446796,0.000043670,0.000273986,512
4837,1764562849.401907,0.005955363,0.000047568,0.000442427,0.000040044,0.000389911,512
4838,1764562849.4327667,0.027051499,0.000109532,0.000735569,0.000065301,0.000429664,512
4839,1764562849.458084,0.022780088,0.000050804,0.000435525,0.000035025,0.000219466,512
4840,1764562849.4867198,0.025589828,0.000053910,0.000449751,0.000094715,0.000423733,512
4841,1764562849.5107832,0.021458326,0.000046867,0.000433271,0.000078625,0.000411471,512
4842,1764562849.558505,0.044635937,0.000080398,0.000440644,0.000035255,0.000225567,512
4843,1764562849.6468365,0.084382362,0.000078825,0.000477432,0.000079076,0.000554264,512
4844,1764562849.6739364,0.024136062,0.000069208,0.000435144,0.000074067,0.000418383,512
4845,1764562849.6922033,0.013922202,0.000267024,0.000883753,0.000036377,0.000231959,512
4846,1764562849.708906,0.012487512,0.000077253,0.000875828,0.000037309,0.000274357,512
4847,1764562849.7255735,0.013901063,0.000069599,0.000439342,0.000034544,0.000224114,512
4848,1764562849.7567477,0.028254722,0.000077663,0.000437458,0.000035446,0.000227520,512
4849,1764562849.7927625,0.032656395,0.000085338,0.000499092,0.000048299,0.000261213,512
4850,1764562849.8143969,0.018230172,0.000093653,0.000442858,0.000037199,0.000242148,512
4851,1764562849.8366253,0.019285100,0.000066634,0.000483073,0.000036468,0.000229494,512
4852,1764562849.8575845,0.017210668,0.000084096,0.000472934,0.000037850,0.000241406,512
4853,1764562849.900898,0.040354577,0.000096789,0.000455501,0.000043440,0.000232620,512
4854,1764562849.931576,0.027645737,0.000133928,0.000437759,0.000035686,0.000230175,512
4855,1764562849.9703114,0.035811674,0.000077955,0.000487000,0.000036207,0.000230886,512
4856,1764562849.9982805,0.023376780,0.000089024,0.000465810,0.000042469,0.000240825,512
4857,1764562850.0518596,0.050248497,0.000087211,0.000494293,0.000040234,0.000258367,512
4858,1764562850.0871794,0.032224577,0.000074247,0.000472784,0.000036909,0.000238421,512
4859,1764562850.1061041,0.016364554,0.000046706,0.000444612,0.000034744,0.000238771,512
4860,1764562850.1954474,0.086307468,0.000077433,0.000455451,0.000039123,0.000241577,512
4861,1764562850.24024,0.041457315,0.000084376,0.000464378,0.000036197,0.000228042,512
4862,1764562850.260003,0.016978830,0.000077263,0.000446415,0.000034884,0.000231457,512
4863,1764562850.3053596,0.041427660,0.000140209,0.000460691,0.000038642,0.000253008,512
4864,1764562850.3712444,0.062177026,0.000085157,0.000482040,0.000040565,0.000268126,512
4865,1764562850.408894,0.033733344,0.000092541,0.000458798,0.000033332,0.000433501,512
4866,1764562850.4246707,0.012844722,0.000099925,0.000442086,0.000036327,0.000231578,512
4867,1764562850.47397,0.045505414,0.000150738,0.000475549,0.000044372,0.000238020,512
4868,1764562850.4909673,0.013026026,0.000099965,0.000498090,0.000042409,0.000236797,512
4869,1764562850.5463336,0.051839967,0.000079607,0.000463677,0.000038672,0.000284656,512
4870,1764562850.5765982,0.027501852,0.000074086,0.000443830,0.000034373,0.000224515,512
4871,1764562850.6190598,0.039295952,0.000066614,0.000715612,0.000036217,0.000231218,512
4872,1764562850.6498368,0.027951132,0.000078305,0.000442267,0.000034844,0.000227129,512
4873,1764562850.6810815,0.028003517,0.000070290,0.000441275,0.000041106,0.000458447,512
4874,1764562850.7045767,0.020654730,0.000061684,0.000452847,0.000035054,0.000237900,512
4875,1764562850.7352426,0.026782502,0.000055002,0.000870900,0.000095617,0.000561657,512
4876,1764562850.7676883,0.028718940,0.000051506,0.001009936,0.000087722,0.000509862,512
4877,1764562850.8049026,0.033695303,0.000090788,0.000465550,0.000040054,0.000319160,512
4878,1764562850.8565962,0.047089601,0.000167710,0.000497509,0.000045824,0.000252256,512
4879,1764562850.9005935,0.039306531,0.000130170,0.000870018,0.000046997,0.000333477,512
4880,1764562850.9549108,0.050547820,0.000096298,0.000496938,0.000042829,0.000248529,512
4881,1764562850.9647496,0.006974114,0.000071873,0.000442006,0.000035195,0.000228162,512
4882,1764562850.9840863,0.014270936,0.000188247,0.000667834,0.000036687,0.000332424,512
4883,1764562851.0172544,0.029564722,0.000075580,0.001112085,0.000035185,0.000227550,512
4884,1764562851.0515032,0.031209061,0.000083154,0.000447647,0.000034634,0.000227220,512
4885,1764562851.1013303,0.046110382,0.000080188,0.000984249,0.000034383,0.000227199,512
4886,1764562851.1153038,0.010760350,0.000052748,0.000458507,0.000079647,0.000546499,512
4887,1764562851.1543055,0.034956203,0.000077473,0.000742552,0.000067555,0.000439762,512
4888,1764562851.176615,0.019282615,0.000043480,0.000873665,0.000034373,0.000237929,512
4889,1764562851.204229,0.024391204,0.000054851,0.000450372,0.000035956,0.000505735,512
4890,1764562851.2594743,0.051879380,0.000085989,0.000438701,0.000035746,0.000459328,512
4891,1764562851.3738143,0.110075140,0.000174833,0.000828571,0.000040455,0.000243189,512
4892,1764562851.3836327,0.006504327,0.000059760,0.000696828,0.000039042,0.000224995,512
4893,1764562851.4488661,0.061472304,0.000134218,0.000446164,0.000064159,0.000427360,512
4894,1764562851.4710124,0.019235639,0.000047568,0.000445252,0.000044281,0.000362360,512
4895,1764562851.4939916,0.020117298,0.000053058,0.000487752,0.000041657,0.000416299,512
4896,1764562851.5235136,0.024391014,0.000080108,0.000474426,0.000048320,0.000273916,512
4897,1764562851.5567508,0.029697558,0.000077813,0.000444331,0.000033763,0.000449661,512
4898,1764562851.5736153,0.013790729,0.000110063,0.000443199,0.000034915,0.000226439,512
4899,1764562851.6375449,0.060932426,0.000069729,0.000457616,0.000040655,0.000242498,512
4900,1764562851.7172,0.076453663,0.000082562,0.000503180,0.000040485,0.000261352,512
4901,1764562851.7941163,0.073771337,0.000081981,0.000455201,0.000036488,0.000242488,512
4902,1764562851.8509252,0.052915544,0.000118509,0.000476531,0.000042769,0.000277694,512
4903,1764562851.902761,0.048193210,0.000099113,0.000487330,0.000042138,0.000235435,512
4904,1764562851.9238813,0.018211547,0.000070480,0.000457977,0.000037860,0.000235685,512
4905,1764562851.9539204,0.026904858,0.000070620,0.000501457,0.000036979,0.000230776,512
4906,1764562851.973675,0.016861803,0.000057155,0.000432478,0.000035907,0.000226368,512
4907,1764562852.0042224,0.027793531,0.000051535,0.000460441,0.000038190,0.000235124,512
4908,1764562852.0273552,0.019544310,0.000050433,0.000469338,0.000079507,0.000530390,512
4909,1764562852.0527637,0.022773295,0.000046847,0.000447046,0.000033813,0.000314471,512
4910,1764562852.0800593,0.023978703,0.000048630,0.000941620,0.000036968,0.000223423,512
4911,1764562852.0963163,0.013771905,0.000041426,0.000441155,0.000035846,0.000218033,512
4912,1764562852.1347535,0.035685261,0.000073396,0.000448689,0.000034524,0.000234353,512
4913,1764562852.1493976,0.011270242,0.000106647,0.000479476,0.000037009,0.000233892,512
4914,1764562852.1633723,0.010564037,0.000078976,0.000466842,0.000041297,0.000266343,512
4915,1764562852.1831284,0.015854653,0.000239823,0.000445132,0.000065411,0.000433060,512
4916,1764562852.293265,0.106690777,0.000100296,0.000478915,0.000038261,0.000270019,512
4917,1764562852.352605,0.056295619,0.000082152,0.000450723,0.000037610,0.000236658,512
4918,1764562852.3636584,0.007146974,0.000057686,0.000467203,0.000068767,0.000462273,512
4919,1764562852.3886247,0.021033932,0.000096768,0.000980592,0.000042669,0.000260582,512
4920,1764562852.4051666,0.012087583,0.000059931,0.000632498,0.000049492,0.000351209,512
4921,1764562852.425168,0.015200734,0.000145439,0.000562058,0.000042338,0.000363661,512
4922,1764562852.4378839,0.009195750,0.000073506,0.000482932,0.000057365,0.000380944,512
4923,1764562852.4607544,0.019427444,0.000072514,0.000473876,0.000080449,0.000522155,512
4924,1764562852.4764647,0.012056125,0.000043710,0.000863014,0.000086039,0.000514591,512
4925,1764562852.4973543,0.018210555,0.000052788,0.000433531,0.000034644,0.000246716,512
4926,1764562852.5313056,0.030752397,0.000053028,0.000433060,0.000079587,0.000546690,512
4927,1764562852.5869746,0.051643344,0.000061534,0.000841685,0.000080459,0.000529418,512
4928,1764562852.6140263,0.022978775,0.000092140,0.000817891,0.000039633,0.000268466,512
4929,1764562852.634706,0.017172627,0.000057205,0.000472884,0.000034604,0.000883282,512
4930,1764562852.6514916,0.013783797,0.000087501,0.000474126,0.000037379,0.000243460,512
4931,1764562852.680676,0.025692048,0.000076191,0.000481119,0.000044262,0.000286209,512
4932,1764562852.7232912,0.039268791,0.000097840,0.000447146,0.000035896,0.000233822,512
4933,1764562852.7361596,0.010687967,0.000040274,0.000442427,0.000033452,0.000215088,512
4934,1764562852.7452245,0.006879881,0.000037439,0.000441105,0.000033842,0.000213775,512
4935,1764562852.77514,0.027335764,0.000060532,0.000449140,0.000034924,0.000224135,512
4936,1764562852.795754,0.017503770,0.000064299,0.000470198,0.000041166,0.000245754,512
4937,1764562852.8665307,0.066531721,0.000094665,0.000480067,0.000043651,0.000281240,512
4938,1764562852.9155316,0.046069516,0.000085187,0.000448609,0.000035636,0.000230105,512
4939,1764562852.9632576,0.043642883,0.000095757,0.000735278,0.000065861,0.000347903,512
4940,1764562853.0276525,0.061242960,0.000084126,0.000459910,0.000035355,0.000229003,512
4941,1764562853.0501022,0.019692012,0.000049902,0.000440534,0.000035465,0.000334818,512
4942,1764562853.1029735,0.049652375,0.000085297,0.000473094,0.000043901,0.000232690,512
4943,1764562853.1157262,0.009090615,0.000097761,0.000443450,0.000064599,0.000429473,512
4944,1764562853.13962,0.020661513,0.000088644,0.000438079,0.000036938,0.000233992,512
4945,1764562853.1660206,0.023442842,0.000107579,0.000452927,0.000035886,0.000237229,512
4946,1764562853.1846561,0.015028656,0.000134027,0.000472423,0.000038802,0.000237700,512
4947,1764562853.2090151,0.021513718,0.000075249,0.000447166,0.000036157,0.000231809,512
4948,1764562853.2416658,0.029846663,0.000076111,0.000440293,0.000035836,0.000230205,512
4949,1764562853.2835653,0.038992421,0.000098682,0.000441716,0.000035195,0.000228923,512
4950,1764562853.327693,0.041310012,0.000070730,0.000472603,0.000035306,0.000227671,512
4951,1764562853.364237,0.032574894,0.000078435,0.000465690,0.000036037,0.000257225,512
4952,1764562853.4512703,0.082571145,0.000356890,0.000468636,0.000036628,0.000233231,512
4953,1764562853.5416694,0.087469375,0.000081019,0.000445283,0.000035937,0.000230526,512
4954,1764562853.584516,0.039886753,0.000091219,0.000449971,0.000035816,0.000229023,512
4955,1764562853.7032356,0.115163912,0.000079006,0.000881850,0.000035656,0.000227160,512
4956,1764562853.736163,0.029362419,0.000125892,0.000522606,0.000038661,0.000237248,512
4957,1764562853.759232,0.020065392,0.000071923,0.000461373,0.000034794,0.000335019,512
4958,1764562853.7822201,0.018773665,0.000072224,0.000797724,0.000066453,0.000434433,512
4959,1764562853.8416617,0.056293746,0.000096198,0.000448408,0.000038822,0.000235285,512
4960,1764562853.9022622,0.057786223,0.000114161,0.000450643,0.000035255,0.000226849,512
4961,1764562853.9551015,0.048512189,0.000086079,0.000501707,0.000035616,0.000873844,512
4962,1764562854.0002816,0.041909210,0.000079767,0.000441847,0.000064900,0.000439312,512
4963,1764562854.0588028,0.054821025,0.000089556,0.000458777,0.000046536,0.000279727,512
4964,1764562854.106378,0.043954468,0.000117246,0.000585262,0.000036317,0.000233131,512
4965,1764562854.1263957,0.016681710,0.000078546,0.000452215,0.000038711,0.000238371,512
4966,1764562854.2350051,0.105716117,0.000083084,0.000450562,0.000035636,0.000234864,512
4967,1764562854.262976,0.023970787,0.000072373,0.000962618,0.000046126,0.000284265,512
4968,1764562854.2794628,0.012568641,0.000072685,0.000757409,0.000044803,0.000345288,512
4969,1764562854.3109274,0.026983694,0.000117988,0.000938374,0.000079627,0.000472203,512
4970,1764562854.3411596,0.026698838,0.000109111,0.000450282,0.000035956,0.000406972,512
4971,1764562854.3741593,0.029482080,0.000087441,0.000460431,0.000035696,0.000229194,512
4972,1764562854.4544377,0.076486573,0.000077022,0.000574792,0.000038461,0.000248158,512
4973,1764562854.5158973,0.057671872,0.000137273,0.000507427,0.000044212,0.000239462,512
4974,1764562854.5593414,0.040011013,0.000082723,0.000444792,0.000066072,0.000435284,512
4975,1764562854.6185286,0.056045678,0.000080378,0.000457956,0.000036517,0.000243681,512
4976,1764562854.665315,0.042351466,0.000095847,0.000840353,0.000066483,0.000462144,512
4977,1764562854.7123218,0.042768287,0.000076611,0.000642727,0.000082593,0.000532835,512
4978,1764562854.7482784,0.032201313,0.000100907,0.000564052,0.000035726,0.000263637,512
4979,1764562854.832103,0.080118364,0.000124730,0.000443470,0.000036808,0.000276501,512
4980,1764562854.858283,0.021562949,0.000146881,0.000458998,0.000081581,0.000525100,512
4981,1764562854.9473426,0.085340461,0.000080899,0.000445483,0.000074087,0.000415187,512
4982,1764562854.9710531,0.020241678,0.000072294,0.000475038,0.000067265,0.000425706,512
4983,1764562854.9983795,0.023619067,0.000081681,0.000467063,0.000044823,0.000274177,512
4984,1764562855.0297854,0.027368455,0.000087952,0.000658787,0.000063267,0.000322405,512
4985,1764562855.075691,0.042659736,0.000079397,0.000448539,0.000035455,0.000321313,512
4986,1764562855.0996594,0.020152053,0.000068837,0.000905803,0.000044903,0.000390431,512
4987,1764562855.1124523,0.009616447,0.000041698,0.000458497,0.000082603,0.000532554,512
4988,1764562855.185308,0.069938345,0.000077352,0.000443690,0.000035536,0.000228031,512
4989,1764562855.282502,0.094194560,0.000092511,0.000440203,0.000037539,0.000234874,512
4990,1764562855.3175907,0.031620771,0.000106326,0.000441716,0.000035155,0.000230005,512
4991,1764562855.3595695,0.039044397,0.000072434,0.000484765,0.000037800,0.000229764,512
4992,1764562855.3912888,0.028940319,0.000066633,0.000453508,0.000036227,0.000230536,512
4993,1764562855.4095194,0.015572852,0.000054481,0.000434763,0.000031579,0.000428962,512
4994,1764562855.4279957,0.015649383,0.000070310,0.000474427,0.000045114,0.000230385,512
4995,1764562855.4967678,0.065345529,0.000071552,0.000454179,0.000040234,0.000242528,512
4996,1764562855.59407,0.092311410,0.000096058,0.000674196,0.000062385,0.000511715,512
4997,1764562855.6451385,0.047722560,0.000092621,0.000484525,0.000039022,0.000256213,512
4998,1764562855.664733,0.016304083,0.000067295,0.000441966,0.000042178,0.000245614,512
4999,1764562855.702462,0.035059014,0.000059750,0.000441827,0.000034584,0.000226428,512
5000,1764562855.7191422,0.014391089,0.000045374,0.000458738,0.000033782,0.000218374,512
