Iteration,timestamp,event,time_s,cpu_before,cpu_after,mem_before,mem_after,client_ct_bytes,server_ct_bytes,total_packet_bytes
0,1764562564.604958,server_kem_keygen,0.001171324,0.00,0.00,39895040,40591360,,800,800
1,1764562605.0011668,kem_handshake,0.000186896|0.000083274|0.000310013,0.00,0.00,42852352,42860544,768,768,1536
2,1764562605.0041888,kem_handshake,0.000055513|0.000041276|0.000085147,0.00,0.00,42868736,42868736,768,768,1536
3,1764562605.005676,kem_handshake,0.000020959|0.000016541|0.000033893,0.00,0.00,42876928,42876928,768,768,1536
4,1764562605.0071304,kem_handshake,0.000069990|0.000043219|0.000065972,0.00,0.00,42881024,42881024,768,768,1536
5,1764562605.008569,kem_handshake,0.000021469|0.000017312|0.000033172,0.00,0.00,42889216,42889216,768,768,1536
6,1764562605.0099213,kem_handshake,0.000026109|0.000017001|0.000043982,0.00,0.00,42889216,42889216,768,768,1536
7,1764562605.0113993,kem_handshake,0.000029123|0.000017282|0.000034784,0.00,0.00,42889216,42893312,768,768,1536
8,1764562605.0126488,kem_handshake,0.000021460|0.000016801|0.000033051,0.00,0.00,42897408,42897408,768,768,1536
9,1764562605.0137467,kem_handshake,0.000019546|0.000016651|0.000032780,0.00,0.00,42901504,42901504,768,768,1536
10,1764562605.0148275,kem_handshake,0.000018875|0.000015609|0.000032681,0.00,0.00,42905600,42905600,768,768,1536
11,1764562605.0161338,kem_handshake,0.000055092|0.000040615|0.000065891,0.00,0.00,42905600,42905600,768,768,1536
12,1764562605.0173373,kem_handshake,0.000019876|0.000016189|0.000032430,0.00,0.00,42905600,42905600,768,768,1536
13,1764562605.0184827,kem_handshake,0.000021429|0.000016411|0.000033452,0.00,0.00,42909696,42909696,768,768,1536
14,1764562605.0196807,kem_handshake,0.000020608|0.000016030|0.000033973,0.00,0.00,42909696,42909696,768,768,1536
15,1764562605.020756,kem_handshake,0.000019076|0.000015739|0.000032641,0.00,0.00,42913792,42913792,768,768,1536
16,1764562605.021846,kem_handshake,0.000018915|0.000015830|0.000032790,0.00,0.00,42913792,42913792,768,768,1536
17,1764562605.0230942,kem_handshake,0.000024856|0.000065080|0.000066473,0.00,0.00,42917888,42917888,768,768,1536
18,1764562605.024552,kem_handshake,0.000066533|0.000027070|0.000041908,0.00,0.00,42917888,42917888,768,768,1536
19,1764562605.0256782,kem_handshake,0.000019556|0.000016380|0.000037569,0.00,0.00,42917888,42917888,768,768,1536
20,1764562605.0269027,kem_handshake,0.000021109|0.000023804|0.000036688,0.00,0.00,42917888,42917888,768,768,1536
21,1764562605.0281723,kem_handshake,0.000019486|0.000015769|0.000032870,0.00,0.00,42917888,42917888,768,768,1536
22,1764562605.029286,kem_handshake,0.000019557|0.000015438|0.000032941,0.00,0.00,42917888,42917888,768,768,1536
23,1764562605.0303705,kem_handshake,0.000019736|0.000015448|0.000032510,0.00,0.00,42917888,42917888,768,768,1536
24,1764562605.0314174,kem_handshake,0.000019256|0.000015799|0.000032590,0.00,0.00,42917888,42917888,768,768,1536
25,1764562605.0325239,kem_handshake,0.000026509|0.000020488|0.000041457,0.00,0.00,42917888,42917888,768,768,1536
26,1764562605.0336635,kem_handshake,0.000048871|0.000015609|0.000033281,0.00,0.00,42917888,42917888,768,768,1536
27,1764562605.0348144,kem_handshake,0.000022070|0.000020568|0.000062566,0.00,0.00,42917888,42917888,768,768,1536
28,1764562605.0360498,kem_handshake,0.000021350|0.000016029|0.000033963,0.00,0.00,42917888,42917888,768,768,1536
29,1764562605.0371325,kem_handshake,0.000019235|0.000015789|0.000032741,0.00,0.00,42917888,42917888,768,768,1536
30,1764562605.038176,kem_handshake,0.000018935|0.000015779|0.000032530,0.00,0.00,42917888,42917888,768,768,1536
31,1764562605.0392303,kem_handshake,0.000018694|0.000015077|0.000032460,0.00,0.00,42917888,42917888,768,768,1536
32,1764562605.040275,kem_handshake,0.000018424|0.000016160|0.000032560,0.00,0.00,42917888,42917888,768,768,1536
33,1764562605.041403,kem_handshake,0.000025567|0.000017402|0.000033201,0.00,0.00,42917888,42917888,768,768,1536
34,1764562605.042471,kem_handshake,0.000019236|0.000015849|0.000032109,0.00,0.00,42917888,42917888,768,768,1536
35,1764562605.0436954,kem_handshake,0.000021099|0.000016120|0.000035335,0.00,0.00,42917888,42917888,768,768,1536
36,1764562605.044952,kem_handshake,0.000019997|0.000015969|0.000032890,0.00,0.00,42917888,42917888,768,768,1536
37,1764562605.046061,kem_handshake,0.000019466|0.000015839|0.000033021,0.00,0.00,42917888,42917888,768,768,1536
38,1764562605.0471315,kem_handshake,0.000019135|0.000015549|0.000032550,0.00,0.00,42917888,42917888,768,768,1536
39,1764562605.048199,kem_handshake,0.000018414|0.000014988|0.000032550,0.00,0.00,42917888,42917888,768,768,1536
40,1764562605.049289,kem_handshake,0.000020357|0.000016130|0.000033382,0.00,0.00,42917888,42917888,768,768,1536
41,1764562605.0503542,kem_handshake,0.000019266|0.000015498|0.000032670,0.00,0.00,42917888,42917888,768,768,1536
42,1764562605.0515206,kem_handshake,0.000041086|0.000025798|0.000045795,0.00,0.00,42917888,42917888,768,768,1536
43,1764562605.0529141,kem_handshake,0.000023603|0.000016751|0.000042830,0.00,0.00,42921984,42921984,768,768,1536
44,1764562605.0541701,kem_handshake,0.000020518|0.000017372|0.000037479,0.00,0.00,42930176,42930176,768,768,1536
45,1764562605.05552,kem_handshake,0.000019637|0.000015388|0.000033061,0.00,0.00,42930176,42930176,768,768,1536
46,1764562605.0569437,kem_handshake,0.000024134|0.000015830|0.000032580,0.00,0.00,42934272,42934272,768,768,1536
47,1764562605.058305,kem_handshake,0.000019887|0.000016020|0.000033101,0.00,0.00,42934272,42934272,768,768,1536
48,1764562605.059395,kem_handshake,0.000021930|0.000019806|0.000033111,0.00,0.00,42934272,42934272,768,768,1536
49,1764562605.0607872,kem_handshake,0.000038151|0.000027130|0.000062074,0.00,0.00,42934272,42934272,768,768,1536
50,1764562605.062144,kem_handshake,0.000023243|0.000016731|0.000035926,0.00,0.00,42938368,42938368,768,768,1536
51,1764562605.0634995,kem_handshake,0.000034313|0.000015760|0.000033102,0.00,0.00,42938368,42938368,768,768,1536
52,1764562605.064608,kem_handshake,0.000019796|0.000015779|0.000032660,0.00,0.00,42938368,42938368,768,768,1536
53,1764562605.065698,kem_handshake,0.000018965|0.000015479|0.000032691,0.00,0.00,42938368,42938368,768,768,1536
54,1764562605.0667624,kem_handshake,0.000018555|0.000015619|0.000032580,0.00,0.00,42938368,42938368,768,768,1536
55,1764562605.0682893,kem_handshake,0.000045915|0.000041277|0.000051906,0.00,0.00,42938368,42938368,768,768,1536
56,1764562605.0696487,kem_handshake,0.000023173|0.000016761|0.000034023,0.00,0.00,42938368,42938368,768,768,1536
57,1764562605.0707748,kem_handshake,0.000020348|0.000016200|0.000032791,0.00,0.00,42938368,42938368,768,768,1536
58,1764562605.072074,kem_handshake,0.000020317|0.000016610|0.000033653,0.00,0.00,42938368,42938368,768,768,1536
59,1764562605.0731673,kem_handshake,0.000019657|0.000015809|0.000032730,0.00,0.00,42938368,42938368,768,768,1536
60,1764562605.0742776,kem_handshake,0.000022611|0.000019997|0.000040685,0.00,0.00,42942464,42942464,768,768,1536
61,1764562605.0754213,kem_handshake,0.000020267|0.000015769|0.000032680,0.00,0.00,42942464,42942464,768,768,1536
62,1764562605.0766537,kem_handshake,0.000025377|0.000019406|0.000053399,0.00,0.00,42942464,42942464,768,768,1536
63,1764562605.0781236,kem_handshake,0.000023944|0.000017132|0.000034524,0.00,0.00,42942464,42942464,768,768,1536
64,1764562605.0796902,kem_handshake,0.000021069|0.000016380|0.000032831,0.00,0.00,42942464,42942464,768,768,1536
65,1764562605.0808208,kem_handshake,0.000019896|0.000016260|0.000032871,0.00,0.00,42942464,42942464,768,768,1536
66,1764562605.0819128,kem_handshake,0.000018935|0.000015739|0.000032811,0.00,0.00,42942464,42942464,768,768,1536
67,1764562605.0832417,kem_handshake,0.000040875|0.000031909|0.000082863,0.00,0.00,42942464,42942464,768,768,1536
68,1764562605.084479,kem_handshake,0.000020067|0.000015769|0.000039483,0.00,0.00,42946560,42946560,768,768,1536
69,1764562605.0857472,kem_handshake,0.000020408|0.000016120|0.000033562,0.00,0.00,42950656,42950656,768,768,1536
70,1764562605.0868256,kem_handshake,0.000019026|0.000015719|0.000032249,0.00,0.00,42950656,42950656,768,768,1536
71,1764562605.0883944,kem_handshake,0.000037770|0.000030757|0.000064529,0.00,0.00,42954752,42954752,768,768,1536
72,1764562605.0895607,kem_handshake,0.000019566|0.000015709|0.000032760,0.00,0.00,42954752,42954752,768,768,1536
73,1764562605.0906425,kem_handshake,0.000018834|0.000015228|0.000032690,0.00,0.00,42954752,42954752,768,768,1536
74,1764562605.0917435,kem_handshake,0.000020097|0.000015929|0.000033061,0.00,0.00,42954752,42954752,768,768,1536
75,1764562605.092998,kem_handshake,0.000025948|0.000019906|0.000066413,0.00,0.00,42954752,42954752,768,768,1536
76,1764562605.0943916,kem_handshake,0.000023343|0.000017442|0.000034764,0.00,0.00,42954752,42954752,768,768,1536
77,1764562605.0955133,kem_handshake,0.000020618|0.000016831|0.000033351,0.00,0.00,42958848,42958848,768,768,1536
78,1764562605.0965955,kem_handshake,0.000019657|0.000015619|0.000032880,0.00,0.00,42958848,42958848,768,768,1536
79,1764562605.097674,kem_handshake,0.000018985|0.000015469|0.000032640,0.00,0.00,42958848,42958848,768,768,1536
80,1764562605.0987418,kem_handshake,0.000018664|0.000015740|0.000032600,0.00,0.00,42958848,42958848,768,768,1536
81,1764562605.1000266,kem_handshake,0.000020868|0.000016530|0.000033111,0.00,0.00,42958848,42958848,768,768,1536
82,1764562605.1015143,kem_handshake,0.000022592|0.000016330|0.000034053,0.00,0.00,42958848,42958848,768,768,1536
83,1764562605.1027415,kem_handshake,0.000020408|0.000016150|0.000033522,0.00,0.00,42958848,42958848,768,768,1536
84,1764562605.1038222,kem_handshake,0.000018834|0.000015628|0.000033001,0.00,0.00,42958848,42958848,768,768,1536
85,1764562605.1049168,kem_handshake,0.000018804|0.000015578|0.000035716,0.00,0.00,42958848,42958848,768,768,1536
86,1764562605.1059966,kem_handshake,0.000018895|0.000015408|0.000032600,0.00,0.00,42962944,42962944,768,768,1536
87,1764562605.1070695,kem_handshake,0.000018103|0.000015509|0.000032611,0.00,0.00,42962944,42962944,768,768,1536
88,1764562605.1081536,kem_handshake,0.000019376|0.000015659|0.000032490,0.00,0.00,42962944,42962944,768,768,1536
89,1764562605.1092594,kem_handshake,0.000018995|0.000043130|0.000039152,0.00,0.00,42962944,42962944,768,768,1536
90,1764562605.1104867,kem_handshake,0.000049862|0.000015810|0.000035085,0.00,0.00,42962944,42962944,768,768,1536
91,1764562605.111589,kem_handshake,0.000019125|0.000015349|0.000032209,0.00,0.00,42962944,42962944,768,768,1536
92,1764562605.1126642,kem_handshake,0.000018915|0.000015609|0.000032811,0.00,0.00,42967040,42967040,768,768,1536
93,1764562605.11371,kem_handshake,0.000018454|0.000015308|0.000032620,0.00,0.00,42967040,42967040,768,768,1536
94,1764562605.1147795,kem_handshake,0.000018545|0.000015428|0.000032690,0.00,0.00,42967040,42971136,768,768,1536
95,1764562605.1162684,kem_handshake,0.000063507|0.000021841|0.000034463,0.00,0.00,42971136,42971136,768,768,1536
96,1764562605.1181216,kem_handshake,0.000021029|0.000015468|0.000035426,0.00,0.00,42971136,42971136,768,768,1536
97,1764562605.119405,kem_handshake,0.000022160|0.000015749|0.000034113,0.00,0.00,42971136,42971136,768,768,1536
98,1764562605.1205952,kem_handshake,0.000019486|0.000015448|0.000032470,0.00,0.00,42971136,42971136,768,768,1536
99,1764562605.1217172,kem_handshake,0.000018765|0.000015439|0.000032841,0.00,0.00,42971136,42971136,768,768,1536
100,1764562605.122858,kem_handshake,0.000018914|0.000015468|0.000039162,0.00,0.00,42971136,42971136,768,768,1536
101,1764562605.1239426,kem_handshake,0.000026449|0.000015980|0.000032691,0.00,0.00,42971136,42971136,768,768,1536
102,1764562605.1249998,kem_handshake,0.000018454|0.000015638|0.000032710,0.00,0.00,42971136,42971136,768,768,1536
103,1764562605.1261182,kem_handshake,0.000019556|0.000015388|0.000033011,0.00,0.00,42971136,42971136,768,768,1536
104,1764562605.1273315,kem_handshake,0.000021349|0.000016962|0.000037209,0.00,0.00,42971136,42971136,768,768,1536
105,1764562605.1284297,kem_handshake,0.000018695|0.000014947|0.000032841,0.00,0.00,42971136,42971136,768,768,1536
106,1764562605.1295276,kem_handshake,0.000018775|0.000015017|0.000033001,0.00,0.00,42971136,42971136,768,768,1536
107,1764562605.1306076,kem_handshake,0.000018184|0.000015158|0.000033272,0.00,0.00,42971136,42971136,768,768,1536
108,1764562605.1316628,kem_handshake,0.000018074|0.000014978|0.000032720,0.00,0.00,42971136,42971136,768,768,1536
109,1764562605.1328301,kem_handshake,0.000020699|0.000016811|0.000034674,0.00,0.00,42971136,42971136,768,768,1536
110,1764562605.133982,kem_handshake,0.000020629|0.000016691|0.000033262,0.00,0.00,42971136,42971136,768,768,1536
111,1764562605.135487,kem_handshake,0.000041927|0.000033131|0.000036578,0.00,0.00,42971136,42971136,768,768,1536
112,1764562605.136617,kem_handshake,0.000020188|0.000015699|0.000032360,0.00,0.00,42971136,42971136,768,768,1536
113,1764562605.1376984,kem_handshake,0.000019296|0.000015829|0.000032690,0.00,0.00,42971136,42971136,768,768,1536
114,1764562605.1387506,kem_handshake,0.000018725|0.000015819|0.000032590,0.00,0.00,42971136,42971136,768,768,1536
115,1764562605.1398082,kem_handshake,0.000019005|0.000015318|0.000032570,0.00,0.00,42971136,42971136,768,768,1536
116,1764562605.1409345,kem_handshake,0.000025397|0.000016531|0.000032871,0.00,0.00,42971136,42971136,768,768,1536
117,1764562605.1419818,kem_handshake,0.000018504|0.000015178|0.000032219,0.00,0.00,42971136,42971136,768,768,1536
118,1764562605.1431823,kem_handshake,0.000032320|0.000018334|0.000043140,0.00,0.00,42971136,42971136,768,768,1536
119,1764562605.144383,kem_handshake,0.000024926|0.000018494|0.000038411,0.00,0.00,42971136,42971136,768,768,1536
120,1764562605.1454525,kem_handshake,0.000018595|0.000015538|0.000032561,0.00,0.00,42971136,42971136,768,768,1536
121,1764562605.1465082,kem_handshake,0.000018765|0.000015498|0.000032601,0.00,0.00,42971136,42971136,768,768,1536
122,1764562605.1475625,kem_handshake,0.000018243|0.000015218|0.000032550,0.00,0.00,42971136,42971136,768,768,1536
123,1764562605.1486318,kem_handshake,0.000022492|0.000018685|0.000040305,0.00,0.00,42971136,42971136,768,768,1536
124,1764562605.149738,kem_handshake,0.000019787|0.000015869|0.000032580,0.00,0.00,42971136,42971136,768,768,1536
125,1764562605.1509004,kem_handshake,0.000025738|0.000021359|0.000033712,0.00,0.00,42971136,42971136,768,768,1536
126,1764562605.1527262,kem_handshake,0.000023093|0.000016350|0.000034494,0.00,0.00,42971136,42971136,768,768,1536
127,1764562605.1540563,kem_handshake,0.000019867|0.000016531|0.000032941,0.00,0.00,42975232,42975232,768,768,1536
128,1764562605.155396,kem_handshake,0.000020157|0.000015819|0.000032621,0.00,0.00,42975232,42975232,768,768,1536
129,1764562605.1564686,kem_handshake,0.000018645|0.000015408|0.000032630,0.00,0.00,42975232,42975232,768,768,1536
130,1764562605.158022,kem_handshake,0.000019085|0.000015349|0.000032090,0.00,0.00,42975232,42975232,768,768,1536
131,1764562605.1594503,kem_handshake,0.000034664|0.000030326|0.000063397,0.00,0.00,42975232,42975232,768,768,1536
132,1764562605.1606758,kem_handshake,0.000030957|0.000018194|0.000048600,0.00,0.00,42975232,42975232,768,768,1536
133,1764562605.1619182,kem_handshake,0.000020769|0.000016050|0.000033612,0.00,0.00,42979328,42979328,768,768,1536
134,1764562605.1630092,kem_handshake,0.000019686|0.000015469|0.000032550,0.00,0.00,42979328,42979328,768,768,1536
135,1764562605.1640701,kem_handshake,0.000019165|0.000015819|0.000032560,0.00,0.00,42979328,42979328,768,768,1536
136,1764562605.1651938,kem_handshake,0.000018674|0.000015229|0.000032670,0.00,0.00,42979328,42979328,768,768,1536
137,1764562605.1662648,kem_handshake,0.000018664|0.000015298|0.000032560,0.00,0.00,42983424,42983424,768,768,1536
138,1764562605.167444,kem_handshake,0.000021961|0.000016931|0.000035365,0.00,0.00,42983424,42983424,768,768,1536
139,1764562605.1687477,kem_handshake,0.000022141|0.000016931|0.000034443,0.00,0.00,42983424,42983424,768,768,1536
140,1764562605.1699216,kem_handshake,0.000021129|0.000022111|0.000035035,0.00,0.00,42983424,42983424,768,768,1536
141,1764562605.1710072,kem_handshake,0.000019315|0.000015688|0.000032991,0.00,0.00,42983424,42983424,768,768,1536
142,1764562605.1720738,kem_handshake,0.000018945|0.000015438|0.000032740,0.00,0.00,42983424,42983424,768,768,1536
143,1764562605.173158,kem_handshake,0.000019736|0.000015679|0.000032891,0.00,0.00,42983424,42983424,768,768,1536
144,1764562605.1743174,kem_handshake,0.000024064|0.000019216|0.000040475,0.00,0.00,42983424,42983424,768,768,1536
145,1764562605.1754138,kem_handshake,0.000019306|0.000015870|0.000032881,0.00,0.00,42987520,42987520,768,768,1536
146,1764562605.1766067,kem_handshake,0.000021350|0.000017121|0.000035085,0.00,0.00,42987520,42987520,768,768,1536
147,1764562605.1778278,kem_handshake,0.000020488|0.000015889|0.000033602,0.00,0.00,42987520,42987520,768,768,1536
148,1764562605.1789749,kem_handshake,0.000020367|0.000016451|0.000035586,0.00,0.00,42987520,42987520,768,768,1536
149,1764562605.1800566,kem_handshake,0.000019405|0.000015919|0.000032680,0.00,0.00,42987520,42987520,768,768,1536
150,1764562605.1811035,kem_handshake,0.000018765|0.000015338|0.000032570,0.00,0.00,42987520,42987520,768,768,1536
151,1764562605.1822605,kem_handshake,0.000024435|0.000019887|0.000038231,0.00,0.00,42987520,42987520,768,768,1536
152,1764562605.1833687,kem_handshake,0.000019907|0.000015879|0.000033061,0.00,0.00,42987520,42987520,768,768,1536
153,1764562605.1845143,kem_handshake,0.000021409|0.000016281|0.000033502,0.00,0.00,42987520,42987520,768,768,1536
154,1764562605.1857133,kem_handshake,0.000020948|0.000015739|0.000033231,0.00,0.00,42991616,42991616,768,768,1536
155,1764562605.1868985,kem_handshake,0.000024666|0.000020428|0.000034534,0.00,0.00,42991616,42991616,768,768,1536
156,1764562605.1879992,kem_handshake,0.000019376|0.000016150|0.000032690,0.00,0.00,42991616,42991616,768,768,1536
157,1764562605.189092,kem_handshake,0.000019056|0.000015659|0.000032640,0.00,0.00,42991616,42991616,768,768,1536
158,1764562605.1901748,kem_handshake,0.000018384|0.000027361|0.000032580,0.00,0.00,42991616,42991616,768,768,1536
159,1764562605.1912415,kem_handshake,0.000018604|0.000015188|0.000033322,0.00,0.00,42991616,42991616,768,768,1536
160,1764562605.1923568,kem_handshake,0.000020487|0.000018965|0.000032871,0.00,0.00,42991616,42991616,768,768,1536
161,1764562605.193547,kem_handshake,0.000022642|0.000018274|0.000062896,0.00,0.00,42991616,42991616,768,768,1536
162,1764562605.1947496,kem_handshake,0.000020518|0.000016370|0.000034264,0.00,0.00,42991616,42991616,768,768,1536
163,1764562605.1958544,kem_handshake,0.000019216|0.000015769|0.000038221,0.00,0.00,42995712,42995712,768,768,1536
164,1764562605.1969311,kem_handshake,0.000018805|0.000022552|0.000037008,0.00,0.00,42995712,42995712,768,768,1536
165,1764562605.1979952,kem_handshake,0.000019036|0.000015538|0.000032821,0.00,0.00,42995712,42995712,768,768,1536
166,1764562605.1990569,kem_handshake,0.000018494|0.000015359|0.000032450,0.00,0.00,42995712,42995712,768,768,1536
167,1764562605.200107,kem_handshake,0.000018033|0.000015097|0.000032580,0.00,0.00,42995712,42995712,768,768,1536
168,1764562605.2012432,kem_handshake,0.000024325|0.000020037|0.000040304,0.00,0.00,42995712,42995712,768,768,1536
169,1764562605.2024758,kem_handshake,0.000020858|0.000016751|0.000033702,0.00,0.00,42995712,42995712,768,768,1536
170,1764562605.2035465,kem_handshake,0.000019556|0.000015519|0.000032650,0.00,0.00,42995712,42995712,768,768,1536
171,1764562605.2045956,kem_handshake,0.000018324|0.000015378|0.000032611,0.00,0.00,42995712,42999808,768,768,1536
172,1764562605.2056575,kem_handshake,0.000019015|0.000015960|0.000032150,0.00,0.00,42999808,42999808,768,768,1536
173,1764562605.2067606,kem_handshake,0.000018544|0.000015549|0.000032260,0.00,0.00,42999808,42999808,768,768,1536
174,1764562605.2078512,kem_handshake,0.000019716|0.000016140|0.000037980,0.00,0.00,43003904,43003904,768,768,1536
175,1764562605.2089708,kem_handshake,0.000020898|0.000029785|0.000032540,0.00,0.00,43003904,43003904,768,768,1536
176,1764562605.210187,kem_handshake,0.000027772|0.000018003|0.000049060,0.00,0.00,43003904,43003904,768,768,1536
177,1764562605.211416,kem_handshake,0.000023082|0.000018313|0.000040665,0.00,0.00,43003904,43003904,768,768,1536
178,1764562605.2126226,kem_handshake,0.000023133|0.000017653|0.000039823,0.00,0.00,43003904,43003904,768,768,1536
179,1764562605.2137418,kem_handshake,0.000018654|0.000015669|0.000032700,0.00,0.00,43003904,43003904,768,768,1536
180,1764562605.2148001,kem_handshake,0.000018835|0.000015339|0.000032600,0.00,0.00,43003904,43003904,768,768,1536
181,1764562605.215962,kem_handshake,0.000030216|0.000020628|0.000038070,0.00,0.00,43008000,43008000,768,768,1536
182,1764562605.217069,kem_handshake,0.000019366|0.000015529|0.000032370,0.00,0.00,43008000,43008000,768,768,1536
183,1764562605.2183561,kem_handshake,0.000060973|0.000022551|0.000035856,0.00,0.00,43008000,43008000,768,768,1536
184,1764562605.2197025,kem_handshake,0.000020348|0.000015779|0.000035456,0.00,0.00,43008000,43008000,768,768,1536
185,1764562605.220799,kem_handshake,0.000018624|0.000015469|0.000032661,0.00,0.00,43008000,43008000,768,768,1536
186,1764562605.221924,kem_handshake,0.000019496|0.000021930|0.000032841,0.00,0.00,43008000,43008000,768,768,1536
187,1764562605.2230191,kem_handshake,0.000019236|0.000015789|0.000032651,0.00,0.00,43008000,43008000,768,768,1536
188,1764562605.2240806,kem_handshake,0.000018905|0.000015128|0.000032981,0.00,0.00,43008000,43008000,768,768,1536
189,1764562605.2251656,kem_handshake,0.000019986|0.000015959|0.000032891,0.00,14478.50,43008000,43008000,768,768,1536
190,1764562605.2263277,kem_handshake,0.000024676|0.000020818|0.000041647,0.00,0.00,43008000,43008000,768,768,1536
191,1764562605.2275436,kem_handshake,0.000022171|0.000017412|0.000035997,0.00,0.00,43008000,43008000,768,768,1536
192,1764562605.2286115,kem_handshake,0.000018945|0.000015639|0.000032560,0.00,0.00,43008000,43008000,768,768,1536
193,1764562605.2296767,kem_handshake,0.000018965|0.000015428|0.000032561,0.00,0.00,43008000,43008000,768,768,1536
194,1764562605.230738,kem_handshake,0.000018244|0.000015128|0.000032540,0.00,0.00,43008000,43008000,768,768,1536
195,1764562605.231805,kem_handshake,0.000017923|0.000015168|0.000032610,0.00,0.00,43008000,43008000,768,768,1536
196,1764562605.2329412,kem_handshake,0.000025908|0.000016190|0.000032701,0.00,0.00,43008000,43008000,768,768,1536
197,1764562605.2340667,kem_handshake,0.000023383|0.000019326|0.000033131,0.00,0.00,43008000,43008000,768,768,1536
198,1764562605.235264,kem_handshake,0.000026579|0.000020658|0.000045534,0.00,0.00,43008000,43008000,768,768,1536
199,1764562605.2364583,kem_handshake,0.000019957|0.000016070|0.000033301,0.00,0.00,43008000,43008000,768,768,1536
200,1764562605.2375314,kem_handshake,0.000018835|0.000015438|0.000032640,0.00,0.00,43008000,43008000,768,768,1536
201,1764562605.2385767,kem_handshake,0.000018034|0.000015498|0.000032470,0.00,0.00,43008000,43008000,768,768,1536
202,1764562605.239629,kem_handshake,0.000018264|0.000015098|0.000032650,0.00,0.00,43008000,43008000,768,768,1536
203,1764562605.2408009,kem_handshake,0.000025267|0.000020848|0.000036869,0.00,0.00,43008000,43008000,768,768,1536
204,1764562605.2418892,kem_handshake,0.000018585|0.000015719|0.000036116,0.00,0.00,43008000,43008000,768,768,1536
205,1764562605.243055,kem_handshake,0.000020949|0.000016100|0.000033451,0.00,0.00,43008000,43008000,768,768,1536
206,1764562605.2442474,kem_handshake,0.000020348|0.000016150|0.000032901,0.00,0.00,43008000,43008000,768,768,1536
207,1764562605.2453277,kem_handshake,0.000018695|0.000015549|0.000034894,0.00,0.00,43008000,43008000,768,768,1536
208,1764562605.2464156,kem_handshake,0.000019676|0.000016240|0.000032811,0.00,0.00,43008000,43008000,768,768,1536
209,1764562605.247482,kem_handshake,0.000018865|0.000015940|0.000032880,0.00,0.00,43008000,43008000,768,768,1536
210,1764562605.24855,kem_handshake,0.000020418|0.000020237|0.000041376,0.00,0.00,43008000,43008000,768,768,1536
211,1764562605.249662,kem_handshake,0.000019616|0.000015729|0.000033101,0.00,0.00,43008000,43008000,768,768,1536
212,1764562605.2507794,kem_handshake,0.000023423|0.000020297|0.000042368,0.00,0.00,43008000,43008000,768,768,1536
213,1764562605.2519896,kem_handshake,0.000022301|0.000017062|0.000035505,0.00,0.00,43008000,43008000,768,768,1536
214,1764562605.2530956,kem_handshake,0.000020137|0.000015980|0.000032910,0.00,0.00,43008000,43008000,768,768,1536
215,1764562605.254181,kem_handshake,0.000018524|0.000015378|0.000032610,0.00,0.00,43008000,43008000,768,768,1536
216,1764562605.255223,kem_handshake,0.000018364|0.000015910|0.000032561,0.00,0.00,43008000,43008000,768,768,1536
217,1764562605.2562873,kem_handshake,0.000018595|0.000015699|0.000032570,0.00,0.00,43008000,43008000,768,768,1536
218,1764562605.2573364,kem_handshake,0.000018364|0.000015218|0.000032520,0.00,0.00,43008000,43008000,768,768,1536
219,1764562605.2584176,kem_handshake,0.000019295|0.000016059|0.000033552,0.00,0.00,43008000,43008000,768,768,1536
220,1764562605.2595878,kem_handshake,0.000025437|0.000021179|0.000040555,0.00,0.00,43008000,43008000,768,768,1536
221,1764562605.2607763,kem_handshake,0.000022311|0.000016149|0.000034364,0.00,0.00,43008000,43008000,768,768,1536
222,1764562605.2619753,kem_handshake,0.000031378|0.000020629|0.000040996,0.00,0.00,43008000,43008000,768,768,1536
223,1764562605.2630956,kem_handshake,0.000019776|0.000016070|0.000033392,0.00,0.00,43008000,43008000,768,768,1536
224,1764562605.264194,kem_handshake,0.000019926|0.000016199|0.000033552,0.00,0.00,43008000,43008000,768,768,1536
225,1764562605.2652802,kem_handshake,0.000018864|0.000015588|0.000033192,0.00,0.00,43008000,43008000,768,768,1536
226,1764562605.2663627,kem_handshake,0.000018925|0.000015359|0.000033282,0.00,0.00,43008000,43008000,768,768,1536
227,1764562605.2674782,kem_handshake,0.000019105|0.000015639|0.000033291,0.00,0.00,43008000,43008000,768,768,1536
228,1764562605.268736,kem_handshake,0.000022421|0.000016461|0.000035315,0.00,0.00,43008000,43008000,768,768,1536
229,1764562605.270028,kem_handshake,0.000026199|0.000021850|0.000048419,0.00,0.00,43008000,43008000,768,768,1536
230,1764562605.2711608,kem_handshake,0.000019656|0.000015900|0.000033231,0.00,0.00,43008000,43008000,768,768,1536
231,1764562605.2722378,kem_handshake,0.000019236|0.000015749|0.000033291,0.00,0.00,43008000,43008000,768,768,1536
232,1764562605.2733202,kem_handshake,0.000019005|0.000015839|0.000033201,0.00,0.00,43008000,43008000,768,768,1536
233,1764562605.2744353,kem_handshake,0.000019196|0.000015839|0.000033411,0.00,0.00,43008000,43008000,768,768,1536
234,1764562605.2755535,kem_handshake,0.000019646|0.000015900|0.000032731,0.00,0.00,43008000,43008000,768,768,1536
235,1764562605.276763,kem_handshake,0.000028363|0.000017833|0.000042618,0.00,0.00,43008000,43008000,768,768,1536
236,1764562605.2779763,kem_handshake,0.000026509|0.000016721|0.000034744,0.00,0.00,43008000,43008000,768,768,1536
237,1764562605.279062,kem_handshake,0.000020327|0.000015980|0.000033502,0.00,0.00,43008000,43008000,768,768,1536
238,1764562605.2801359,kem_handshake,0.000019496|0.000015809|0.000032891,0.00,0.00,43008000,43008000,768,768,1536
239,1764562605.2812018,kem_handshake,0.000018524|0.000015478|0.000032580,0.00,0.00,43008000,43008000,768,768,1536
240,1764562605.2823434,kem_handshake,0.000020087|0.000016000|0.000033502,0.00,0.00,43008000,43008000,768,768,1536
241,1764562605.2834256,kem_handshake,0.000018324|0.000015468|0.000032490,0.00,0.00,43008000,43008000,768,768,1536
242,1764562605.2845721,kem_handshake,0.000024385|0.000020097|0.000041126,0.00,0.00,43008000,43008000,768,768,1536
243,1764562605.2858558,kem_handshake,0.000029063|0.000020357|0.000045324,0.00,0.00,43008000,43008000,768,768,1536
244,1764562605.2869494,kem_handshake,0.000019817|0.000016030|0.000032671,0.00,0.00,43008000,43008000,768,768,1536
245,1764562605.2880423,kem_handshake,0.000019015|0.000015749|0.000032791,0.00,0.00,43008000,43008000,768,768,1536
246,1764562605.2891061,kem_handshake,0.000018304|0.000015539|0.000032751,0.00,0.00,43008000,43008000,768,768,1536
247,1764562605.2901702,kem_handshake,0.000018184|0.000015278|0.000032580,0.00,0.00,43008000,43008000,768,768,1536
248,1764562605.291217,kem_handshake,0.000018504|0.000014977|0.000032510,0.00,0.00,43008000,43008000,768,768,1536
249,1764562605.292314,kem_handshake,0.000019406|0.000016000|0.000033161,0.00,0.00,43008000,43008000,768,768,1536
250,1764562605.2935762,kem_handshake,0.000027270|0.000017772|0.000037640,0.00,0.00,43008000,43008000,768,768,1536
251,1764562605.2946806,kem_handshake,0.000019737|0.000015579|0.000032761,0.00,0.00,43008000,43008000,768,768,1536
252,1764562605.2957268,kem_handshake,0.000018724|0.000015358|0.000032621,0.00,0.00,43008000,43008000,768,768,1536
253,1764562605.2967846,kem_handshake,0.000018935|0.000015388|0.000032500,0.00,0.00,43008000,43008000,768,768,1536
254,1764562605.2978783,kem_handshake,0.000018404|0.000015389|0.000032570,0.00,0.00,43008000,43008000,768,768,1536
255,1764562605.2990558,kem_handshake,0.000025107|0.000018695|0.000033211,0.00,0.00,43008000,43008000,768,768,1536
256,1764562605.3001976,kem_handshake,0.000020047|0.000016260|0.000032801,0.00,0.00,43008000,43008000,768,768,1536
257,1764562605.3014054,kem_handshake,0.000023934|0.000017873|0.000035566,0.00,0.00,43008000,43008000,768,768,1536
258,1764562605.3026724,kem_handshake,0.000022341|0.000016460|0.000034634,0.00,0.00,43008000,43008000,768,768,1536
259,1764562605.3037934,kem_handshake,0.000020097|0.000016080|0.000033031,0.00,0.00,43008000,43008000,768,768,1536
260,1764562605.3048704,kem_handshake,0.000019306|0.000016120|0.000037540,0.00,0.00,43008000,43008000,768,768,1536
261,1764562605.3059187,kem_handshake,0.000018514|0.000020978|0.000032821,0.00,0.00,43008000,43008000,768,768,1536
262,1764562605.3072917,kem_handshake,0.000051725|0.000041697|0.000081761,0.00,0.00,43008000,43008000,768,768,1536
263,1764562605.308605,kem_handshake,0.000020097|0.000016280|0.000032470,0.00,0.00,43008000,43008000,768,768,1536
264,1764562605.3096929,kem_handshake,0.000019355|0.000045123|0.000032861,0.00,0.00,43008000,43008000,768,768,1536
265,1764562605.3108733,kem_handshake,0.000019726|0.000015819|0.000038521,0.00,0.00,43008000,43008000,768,768,1536
266,1764562605.311969,kem_handshake,0.000024896|0.000015589|0.000032179,0.00,0.00,43008000,43008000,768,768,1536
267,1764562605.313097,kem_handshake,0.000021530|0.000016330|0.000034934,0.00,0.00,43008000,43008000,768,768,1536
268,1764562605.3147774,kem_handshake,0.000019386|0.000016070|0.000032991,0.00,0.00,43008000,43008000,768,768,1536
269,1764562605.3158863,kem_handshake,0.000019065|0.000015819|0.000032800,0.00,0.00,43008000,43008000,768,768,1536
270,1764562605.3169723,kem_handshake,0.000019075|0.000015479|0.000032339,0.00,0.00,43008000,43008000,768,768,1536
271,1764562605.3182566,kem_handshake,0.000036087|0.000023874|0.000056024,0.00,0.00,43008000,43008000,768,768,1536
272,1764562605.319682,kem_handshake,0.000062917|0.000022361|0.000034233,0.00,0.00,43008000,43008000,768,768,1536
273,1764562605.320768,kem_handshake,0.000018565|0.000015649|0.000032670,0.00,0.00,43008000,43008000,768,768,1536
274,1764562605.3218606,kem_handshake,0.000019095|0.000015599|0.000038040,0.00,0.00,43008000,43008000,768,768,1536
275,1764562605.3229487,kem_handshake,0.000018554|0.000015558|0.000032670,0.00,0.00,43008000,43008000,768,768,1536
276,1764562605.3240192,kem_handshake,0.000019366|0.000015459|0.000033332,0.00,0.00,43008000,43008000,768,768,1536
277,1764562605.3252144,kem_handshake,0.000027902|0.000015909|0.000033331,0.00,0.00,43008000,43008000,768,768,1536
278,1764562605.3263462,kem_handshake,0.000019586|0.000015829|0.000033672,0.00,0.00,43008000,43008000,768,768,1536
279,1764562605.3275518,kem_handshake,0.000020658|0.000015559|0.000033672,0.00,0.00,43008000,43008000,768,768,1536
280,1764562605.328662,kem_handshake,0.000018805|0.000015599|0.000032820,0.00,0.00,43008000,43008000,768,768,1536
281,1764562605.329874,kem_handshake,0.000020407|0.000016791|0.000051185,0.00,0.00,43008000,43008000,768,768,1536
282,1764562605.3312118,kem_handshake,0.000019145|0.000015739|0.000032861,0.00,0.00,43008000,43008000,768,768,1536
283,1764562605.3323367,kem_handshake,0.000019737|0.000015729|0.000032570,0.00,0.00,43008000,43008000,768,768,1536
284,1764562605.3335464,kem_handshake,0.000027000|0.000018785|0.000062265,0.00,0.00,43008000,43008000,768,768,1536
285,1764562605.3347065,kem_handshake,0.000020849|0.000016340|0.000034434,0.00,0.00,43008000,43008000,768,768,1536
286,1764562605.3359165,kem_handshake,0.000023163|0.000016601|0.000036067,0.00,0.00,43008000,43008000,768,768,1536
287,1764562605.3373766,kem_handshake,0.000033422|0.000021049|0.000046806,0.00,0.00,43008000,43008000,768,768,1536
288,1764562605.3386245,kem_handshake,0.000019206|0.000015900|0.000044583,0.00,0.00,43008000,43008000,768,768,1536
289,1764562605.3397503,kem_handshake,0.000019296|0.000016400|0.000033492,0.00,0.00,43008000,43008000,768,768,1536
290,1764562605.3408306,kem_handshake,0.000019035|0.000015639|0.000032820,0.00,0.00,43008000,43008000,768,768,1536
291,1764562605.341977,kem_handshake,0.000022031|0.000016320|0.000034954,0.00,0.00,43008000,43008000,768,768,1536
292,1764562605.3431754,kem_handshake,0.000025317|0.000016811|0.000037640,0.00,0.00,43008000,43008000,768,768,1536
293,1764562605.3443367,kem_handshake,0.000021019|0.000016491|0.000033933,0.00,0.00,43008000,43008000,768,768,1536
294,1764562605.3455954,kem_handshake,0.000022371|0.000016761|0.000036648,0.00,0.00,43008000,43008000,768,768,1536
295,1764562605.346705,kem_handshake,0.000019726|0.000015658|0.000033622,0.00,0.00,43008000,43008000,768,768,1536
296,1764562605.3477666,kem_handshake,0.000018935|0.000015498|0.000032751,0.00,0.00,43008000,43008000,768,768,1536
297,1764562605.3489048,kem_handshake,0.000019897|0.000015809|0.000034404,0.00,0.00,43008000,43008000,768,768,1536
298,1764562605.3499963,kem_handshake,0.000019246|0.000015549|0.000037910,0.00,0.00,43008000,43008000,768,768,1536
299,1764562605.3510773,kem_handshake,0.000019055|0.000015469|0.000033231,0.00,0.00,43008000,43008000,768,768,1536
300,1764562605.3521743,kem_handshake,0.000021560|0.000016310|0.000035075,0.00,0.00,43008000,43008000,768,768,1536
301,1764562605.3533013,kem_handshake,0.000019486|0.000016371|0.000033913,0.00,0.00,43008000,43008000,768,768,1536
302,1764562605.354388,kem_handshake,0.000028893|0.000016150|0.000033041,0.00,0.00,43008000,43008000,768,768,1536
303,1764562605.355519,kem_handshake,0.000021280|0.000015829|0.000033713,0.00,0.00,43008000,43008000,768,768,1536
304,1764562605.3568165,kem_handshake,0.000026378|0.000017793|0.000040074,0.00,0.00,43008000,43008000,768,768,1536
305,1764562605.3580375,kem_handshake,0.000019756|0.000015780|0.000033081,0.00,0.00,43008000,43008000,768,768,1536
306,1764562605.3591464,kem_handshake,0.000019476|0.000015969|0.000033953,0.00,0.00,43008000,43008000,768,768,1536
307,1764562605.3607624,kem_handshake,0.000023894|0.000016621|0.000039342,0.00,0.00,43008000,43008000,768,768,1536
308,1764562605.3623636,kem_handshake,0.000021920|0.000016861|0.000062906,0.00,0.00,43008000,43008000,768,768,1536
309,1764562605.3635116,kem_handshake,0.000020778|0.000016220|0.000035616,0.00,0.00,43008000,43008000,768,768,1536
310,1764562605.3646233,kem_handshake,0.000019426|0.000015859|0.000033662,0.00,0.00,43008000,43008000,768,768,1536
311,1764562605.366111,kem_handshake,0.000039173|0.000032550|0.000065571,0.00,0.00,43008000,43008000,768,768,1536
312,1764562605.3673337,kem_handshake,0.000020097|0.000016029|0.000033442,0.00,0.00,43008000,43008000,768,768,1536
313,1764562605.3685808,kem_handshake,0.000026769|0.000021320|0.000040434,0.00,0.00,43008000,43008000,768,768,1536
314,1764562605.370024,kem_handshake,0.000025647|0.000017122|0.000042008,0.00,0.00,43008000,43008000,768,768,1536
315,1764562605.3711386,kem_handshake,0.000018835|0.000015770|0.000033402,0.00,0.00,43008000,43008000,768,768,1536
316,1764562605.3728187,kem_handshake,0.000019566|0.000016140|0.000036237,0.00,0.00,43008000,43008000,768,768,1536
317,1764562605.3742604,kem_handshake,0.000036468|0.000030567|0.000032871,0.00,0.00,43008000,43008000,768,768,1536
318,1764562605.3753397,kem_handshake,0.000018474|0.000016210|0.000032680,0.00,0.00,43008000,43008000,768,768,1536
319,1764562605.3765693,kem_handshake,0.000021580|0.000015719|0.000035516,0.00,0.00,43008000,43008000,768,768,1536
320,1764562605.377974,kem_handshake,0.000050052|0.000033912|0.000067364,0.00,0.00,43008000,43008000,768,768,1536
321,1764562605.3792036,kem_handshake,0.000020948|0.000015889|0.000035706,0.00,0.00,43008000,43008000,768,768,1536
322,1764562605.380306,kem_handshake,0.000018845|0.000015549|0.000033452,0.00,0.00,43008000,43008000,768,768,1536
323,1764562605.3816848,kem_handshake,0.000018594|0.000015369|0.000032700,0.00,0.00,43008000,43008000,768,768,1536
324,1764562605.3827732,kem_handshake,0.000018083|0.000015268|0.000033081,0.00,0.00,43008000,43008000,768,768,1536
325,1764562605.383923,kem_handshake,0.000019175|0.000022652|0.000033852,0.00,0.00,43008000,43008000,768,768,1536
326,1764562605.3852806,kem_handshake,0.000026830|0.000016881|0.000044061,0.00,0.00,43008000,43008000,768,768,1536
327,1764562605.3865983,kem_handshake,0.000021911|0.000016400|0.000042729,0.00,0.00,43008000,43008000,768,768,1536
328,1764562605.387765,kem_handshake,0.000020578|0.000015649|0.000034433,0.00,0.00,43008000,43008000,768,768,1536
329,1764562605.3889077,kem_handshake,0.000047738|0.000015679|0.000033412,0.00,0.00,43008000,43008000,768,768,1536
330,1764562605.3901322,kem_handshake,0.000020117|0.000015349|0.000035014,0.00,0.00,43008000,43008000,768,768,1536
331,1764562605.3914778,kem_handshake,0.000020017|0.000015479|0.000034194,0.00,0.00,43008000,43008000,768,768,1536
332,1764562605.3926315,kem_handshake,0.000020047|0.000015750|0.000033873,0.00,0.00,43008000,43008000,768,768,1536
333,1764562605.3939219,kem_handshake,0.000021299|0.000016000|0.000041356,0.00,0.00,43008000,43008000,768,768,1536
334,1764562605.395293,kem_handshake,0.000051385|0.000024375|0.000040716,0.00,0.00,43008000,43008000,768,768,1536
335,1764562605.396471,kem_handshake,0.000021420|0.000016771|0.000035315,0.00,0.00,43008000,43008000,768,768,1536
336,1764562605.3975337,kem_handshake,0.000018414|0.000015469|0.000033161,0.00,0.00,43008000,43008000,768,768,1536
337,1764562605.3985958,kem_handshake,0.000018504|0.000015018|0.000032901,0.00,0.00,43008000,43008000,768,768,1536
338,1764562605.3996518,kem_handshake,0.000018224|0.000015458|0.000032751,0.00,0.00,43008000,43008000,768,768,1536
339,1764562605.4007022,kem_handshake,0.000019015|0.000015078|0.000033251,0.00,0.00,43008000,43008000,768,768,1536
340,1764562605.4019616,kem_handshake,0.000030477|0.000019225|0.000042599,0.00,0.00,43008000,43008000,768,768,1536
341,1764562605.4034586,kem_handshake,0.000025437|0.000018064|0.000040896,0.00,0.00,43008000,43008000,768,768,1536
342,1764562605.404599,kem_handshake,0.000018274|0.000015829|0.000032951,0.00,0.00,43008000,43008000,768,768,1536
343,1764562605.4056761,kem_handshake,0.000019076|0.000015599|0.000033222,0.00,0.00,43008000,43008000,768,768,1536
344,1764562605.4067395,kem_handshake,0.000018284|0.000015378|0.000032760,0.00,0.00,43008000,43008000,768,768,1536
345,1764562605.4077778,kem_handshake,0.000018244|0.000014887|0.000032590,0.00,0.00,43008000,43008000,768,768,1536
346,1764562605.4089653,kem_handshake,0.000021721|0.000016701|0.000034364,0.00,0.00,43008000,43008000,768,768,1536
347,1764562605.4101095,kem_handshake,0.000020809|0.000015318|0.000035836,0.00,0.00,43008000,43008000,768,768,1536
348,1764562605.411195,kem_handshake,0.000019967|0.000015208|0.000034363,0.00,0.00,43008000,43008000,768,768,1536
349,1764562605.4122677,kem_handshake,0.000019316|0.000015208|0.000032450,0.00,0.00,43008000,43008000,768,768,1536
350,1764562605.4133956,kem_handshake,0.000020017|0.000015789|0.000034254,0.00,0.00,43008000,43008000,768,768,1536
351,1764562605.414659,kem_handshake,0.000021259|0.000015969|0.000034254,0.00,0.00,43008000,43008000,768,768,1536
352,1764562605.4159222,kem_handshake,0.000020087|0.000015579|0.000034484,0.00,0.00,43008000,43008000,768,768,1536
353,1764562605.4171565,kem_handshake,0.000022451|0.000017652|0.000038250,0.00,0.00,43008000,43008000,768,768,1536
354,1764562605.4182732,kem_handshake,0.000018925|0.000015518|0.000033732,0.00,0.00,43008000,43008000,768,768,1536
355,1764562605.4193997,kem_handshake,0.000021930|0.000015740|0.000037179,0.00,0.00,43008000,43008000,768,768,1536
356,1764562605.4206169,kem_handshake,0.000020768|0.000016059|0.000035225,0.00,0.00,43008000,43008000,768,768,1536
357,1764562605.4217591,kem_handshake,0.000019316|0.000015489|0.000032961,0.00,0.00,43008000,43008000,768,768,1536
358,1764562605.4228547,kem_handshake,0.000019446|0.000015258|0.000038612,0.00,0.00,43008000,43008000,768,768,1536
359,1764562605.4240096,kem_handshake,0.000019987|0.000015869|0.000034705,0.00,0.00,43008000,43008000,768,768,1536
360,1764562605.4250894,kem_handshake,0.000021490|0.000019687|0.000032880,0.00,0.00,43008000,43008000,768,768,1536
361,1764562605.4263341,kem_handshake,0.000057636|0.000022000|0.000033502,0.00,0.00,43008000,43008000,768,768,1536
362,1764562605.427625,kem_handshake,0.000029765|0.000019296|0.000051555,0.00,0.00,43008000,43008000,768,768,1536
363,1764562605.4289756,kem_handshake,0.000024806|0.000016591|0.000037830,0.00,0.00,43008000,43008000,768,768,1536
364,1764562605.4303098,kem_handshake,0.000028353|0.000017382|0.000038381,0.00,0.00,43008000,43008000,768,768,1536
365,1764562605.4316103,kem_handshake,0.000026930|0.000017893|0.000040194,0.00,0.00,43008000,43008000,768,768,1536
366,1764562605.4328868,kem_handshake,0.000022852|0.000017272|0.000039133,0.00,0.00,43008000,43008000,768,768,1536
367,1764562605.434713,kem_handshake,0.000041517|0.000021900|0.000068597,0.00,0.00,43008000,43008000,768,768,1536
368,1764562605.4368942,kem_handshake,0.000062916|0.000039503|0.000109953,0.00,0.00,43008000,43008000,768,768,1536
369,1764562605.4395788,kem_handshake,0.000060151|0.000046466|0.000090196,0.00,0.00,43008000,43008000,768,768,1536
370,1764562605.441248,kem_handshake,0.000038181|0.000020578|0.000058809,0.00,0.00,43008000,43008000,768,768,1536
371,1764562605.4426856,kem_handshake,0.000027300|0.000017403|0.000039202,0.00,0.00,43008000,43008000,768,768,1536
372,1764562605.4444013,kem_handshake,0.000040935|0.000022803|0.000103301,0.00,0.00,43008000,43008000,768,768,1536
373,1764562605.446895,kem_handshake,0.000043480|0.000022011|0.000077092,0.00,0.00,43008000,43008000,768,768,1536
374,1764562605.4486413,kem_handshake,0.000028783|0.000018063|0.000037149,0.00,0.00,43008000,43008000,768,768,1536
375,1764562605.4498067,kem_handshake,0.000019816|0.000015669|0.000032531,0.00,0.00,43008000,43008000,768,768,1536
376,1764562605.4510236,kem_handshake,0.000021099|0.000016511|0.000033802,0.00,13822.80,43008000,43008000,768,768,1536
377,1764562605.4523442,kem_handshake,0.000027100|0.000017522|0.000044132,0.00,0.00,43008000,43008000,768,768,1536
378,1764562605.4535427,kem_handshake,0.000023323|0.000016511|0.000035305,0.00,0.00,43008000,43008000,768,768,1536
379,1764562605.4547997,kem_handshake,0.000023563|0.000016381|0.000036267,0.00,0.00,43008000,43008000,768,768,1536
380,1764562605.4560602,kem_handshake,0.000022782|0.000017011|0.000037189,0.00,0.00,43008000,43008000,768,768,1536
381,1764562605.4571693,kem_handshake,0.000019396|0.000015408|0.000033381,0.00,0.00,43008000,43008000,768,768,1536
382,1764562605.4584792,kem_handshake,0.000028893|0.000017813|0.000039473,0.00,0.00,43008000,43008000,768,768,1536
383,1764562605.4601963,kem_handshake,0.000034274|0.000020077|0.000053328,0.00,0.00,43008000,43008000,768,768,1536
384,1764562605.4620638,kem_handshake,0.000038932|0.000022863|0.000108360,0.00,0.00,43008000,43008000,768,768,1536
385,1764562605.46393,kem_handshake,0.000032780|0.000020128|0.000049611,0.00,0.00,43008000,43008000,768,768,1536
386,1764562605.4660833,kem_handshake,0.000035836|0.000021039|0.000049973,0.00,0.00,43008000,43008000,768,768,1536
387,1764562605.4673579,kem_handshake,0.000025868|0.000017072|0.000041116,0.00,0.00,43008000,43008000,768,768,1536
388,1764562605.4689407,kem_handshake,0.000044522|0.000033672|0.000071693,0.00,0.00,43008000,43008000,768,768,1536
389,1764562605.470353,kem_handshake,0.000023713|0.000017241|0.000034975,0.00,0.00,43008000,43008000,768,768,1536
390,1764562605.4721045,kem_handshake,0.000023663|0.000017422|0.000036146,0.00,0.00,43008000,43008000,768,768,1536
391,1764562605.47332,kem_handshake,0.000021099|0.000016792|0.000034514,0.00,0.00,43008000,43008000,768,768,1536
392,1764562605.4745302,kem_handshake,0.000023784|0.000016982|0.000036227,0.00,0.00,43008000,43008000,768,768,1536
393,1764562605.4761198,kem_handshake,0.000066773|0.000036627|0.000078275,0.00,0.00,43008000,43008000,768,768,1536
394,1764562605.4779303,kem_handshake,0.000034143|0.000019716|0.000088533,0.00,0.00,43008000,43008000,768,768,1536
395,1764562605.4793787,kem_handshake,0.000031989|0.000023123|0.000048089,0.00,0.00,43008000,43008000,768,768,1536
396,1764562605.480938,kem_handshake,0.000037108|0.000021470|0.000046966,0.00,0.00,43008000,43008000,768,768,1536
397,1764562605.4833882,kem_handshake,0.000099654|0.000060171|0.000168983,0.00,0.00,43008000,43008000,768,768,1536
398,1764562605.4855525,kem_handshake,0.000053209|0.000027932|0.000072534,0.00,0.00,43069440,43069440,768,768,1536
399,1764562605.487811,kem_handshake,0.000046205|0.000028442|0.000060031,0.00,0.00,43069440,43069440,768,768,1536
400,1764562605.4895008,kem_handshake,0.000040244|0.000021720|0.000051976,0.00,0.00,43069440,43069440,768,768,1536
401,1764562605.4909673,kem_handshake,0.000039443|0.000019767|0.000041307,0.00,0.00,43069440,43069440,768,768,1536
402,1764562605.4923155,kem_handshake,0.000039122|0.000020798|0.000057737,0.00,0.00,43069440,43069440,768,768,1536
403,1764562605.493556,kem_handshake,0.000021720|0.000016841|0.000035225,0.00,0.00,43069440,43069440,768,768,1536
404,1764562605.4946945,kem_handshake,0.000020368|0.000016140|0.000033843,0.00,0.00,43069440,43069440,768,768,1536
405,1764562605.4961557,kem_handshake,0.000038892|0.000032821|0.000067344,0.00,7110.90,43069440,43069440,768,768,1536
406,1764562605.4973662,kem_handshake,0.000020818|0.000017031|0.000032760,0.00,0.00,43069440,43069440,768,768,1536
407,1764562605.4984543,kem_handshake,0.000020257|0.000015929|0.000033422,0.00,0.00,43069440,43069440,768,768,1536
408,1764562605.4996142,kem_handshake,0.000020728|0.000015830|0.000034954,0.00,0.00,43069440,43069440,768,768,1536
409,1764562605.5013788,kem_handshake,0.000033963|0.000021770|0.000053199,0.00,0.00,43069440,43069440,768,768,1536
410,1764562605.5028286,kem_handshake,0.000032621|0.000019255|0.000049942,0.00,0.00,43069440,43069440,768,768,1536
411,1764562605.5041568,kem_handshake,0.000027311|0.000017663|0.000042388,0.00,0.00,43069440,43069440,768,768,1536
412,1764562605.505356,kem_handshake,0.000024906|0.000017452|0.000036167,0.00,0.00,43069440,43069440,768,768,1536
413,1764562605.5066917,kem_handshake,0.000034133|0.000019637|0.000053068,0.00,0.00,43069440,43069440,768,768,1536
414,1764562605.5080156,kem_handshake,0.000023633|0.000017122|0.000036527,0.00,0.00,43069440,43069440,768,768,1536
415,1764562605.5098302,kem_handshake,0.000049922|0.000023294|0.000068006,0.00,0.00,43069440,43069440,768,768,1536
416,1764562605.5117962,kem_handshake,0.000053449|0.000025787|0.000064649,0.00,0.00,43069440,43069440,768,768,1536
417,1764562605.51356,kem_handshake,0.000036648|0.000021850|0.000058148,0.00,10674.20,43069440,43069440,768,768,1536
418,1764562605.5149744,kem_handshake,0.000029275|0.000017101|0.000043601,0.00,0.00,43069440,43069440,768,768,1536
419,1764562605.5161936,kem_handshake,0.000023053|0.000017082|0.000036797,0.00,0.00,43069440,43069440,768,768,1536
420,1764562605.5173724,kem_handshake,0.000026088|0.000017212|0.000039723,0.00,0.00,43069440,43069440,768,768,1536
421,1764562605.5186799,kem_handshake,0.000034834|0.000019015|0.000050764,0.00,0.00,43069440,43069440,768,768,1536
422,1764562605.5199542,kem_handshake,0.000028963|0.000016922|0.000036246,0.00,0.00,43069440,43069440,768,768,1536
423,1764562605.5211759,kem_handshake,0.000021109|0.000015739|0.000033962,0.00,0.00,43069440,43069440,768,768,1536
424,1764562605.5223467,kem_handshake,0.000020688|0.000015609|0.000033893,0.00,0.00,43069440,43069440,768,768,1536
425,1764562605.5235128,kem_handshake,0.000022261|0.000016200|0.000035145,0.00,0.00,43069440,43069440,768,768,1536
426,1764562605.5247924,kem_handshake,0.000023874|0.000016691|0.000037078,0.00,0.00,43069440,43069440,768,768,1536
427,1764562605.526867,kem_handshake,0.000041417|0.000052167|0.000076422,0.00,0.00,43069440,43069440,768,768,1536
428,1764562605.5287907,kem_handshake,0.000051646|0.000025938|0.000058248,0.00,0.00,43069440,43069440,768,768,1536
429,1764562605.5303965,kem_handshake,0.000029485|0.000018414|0.000044082,0.00,0.00,43069440,43069440,768,768,1536
430,1764562605.5317044,kem_handshake,0.000024636|0.000017783|0.000043250,0.00,0.00,43069440,43069440,768,768,1536
431,1764562605.5328834,kem_handshake,0.000022923|0.000015879|0.000035987,0.00,0.00,43069440,43069440,768,768,1536
432,1764562605.5339785,kem_handshake,0.000020247|0.000015900|0.000033922,0.00,0.00,43069440,43069440,768,768,1536
433,1764562605.535095,kem_handshake,0.000020988|0.000015929|0.000034875,0.00,0.00,43069440,43069440,768,768,1536
434,1764562605.5364041,kem_handshake,0.000028783|0.000020959|0.000045413,0.00,0.00,43069440,43069440,768,768,1536
435,1764562605.5382502,kem_handshake,0.000059530|0.000028723|0.000058288,0.00,0.00,43069440,43069440,768,768,1536
436,1764562605.5395176,kem_handshake,0.000021760|0.000016290|0.000037329,0.00,0.00,43069440,43069440,768,768,1536
437,1764562605.5406199,kem_handshake,0.000018224|0.000016120|0.000032961,0.00,0.00,43069440,43069440,768,768,1536
438,1764562605.5416656,kem_handshake,0.000018274|0.000015078|0.000032680,0.00,0.00,43069440,43069440,768,768,1536
439,1764562605.5428782,kem_handshake,0.000021249|0.000016521|0.000039333,0.00,0.00,43069440,43069440,768,768,1536
440,1764562605.544284,kem_handshake,0.000028583|0.000019666|0.000042339,0.00,0.00,43069440,43069440,768,768,1536
441,1764562605.5457876,kem_handshake,0.000025918|0.000017512|0.000038010,0.00,0.00,43069440,43069440,768,768,1536
442,1764562605.5469174,kem_handshake,0.000019536|0.000019456|0.000033101,0.00,0.00,43069440,43069440,768,768,1536
443,1764562605.5479774,kem_handshake,0.000019225|0.000015629|0.000032530,0.00,0.00,43069440,43069440,768,768,1536
444,1764562605.5490298,kem_handshake,0.000018995|0.000015599|0.000032811,0.00,0.00,43069440,43069440,768,768,1536
445,1764562605.5500824,kem_handshake,0.000018524|0.000015228|0.000032640,0.00,0.00,43069440,43069440,768,768,1536
446,1764562605.551641,kem_handshake,0.000055332|0.000033372|0.000067815,0.00,0.00,43069440,43069440,768,768,1536
447,1764562605.5531344,kem_handshake,0.000024755|0.000017392|0.000037469,0.00,0.00,43069440,43069440,768,768,1536
448,1764562605.5549538,kem_handshake,0.000029174|0.000016360|0.000037149,0.00,0.00,43069440,43069440,768,768,1536
449,1764562605.5560892,kem_handshake,0.000019386|0.000016200|0.000032871,0.00,0.00,43069440,43069440,768,768,1536
450,1764562605.5571587,kem_handshake,0.000019286|0.000015709|0.000032820,0.00,0.00,43069440,43069440,768,768,1536
451,1764562605.5582767,kem_handshake,0.000021610|0.000017612|0.000040264,0.00,0.00,43069440,43069440,768,768,1536
452,1764562605.5598147,kem_handshake,0.000030907|0.000022011|0.000039513,0.00,0.00,43069440,43069440,768,768,1536
453,1764562605.561376,kem_handshake,0.000025327|0.000016851|0.000038842,0.00,0.00,43069440,43069440,768,768,1536
454,1764562605.5626147,kem_handshake,0.000022662|0.000016841|0.000034735,0.00,0.00,43069440,43069440,768,768,1536
455,1764562605.564052,kem_handshake,0.000071893|0.000022522|0.000036267,0.00,0.00,43069440,43069440,768,768,1536
456,1764562605.565161,kem_handshake,0.000018615|0.000016320|0.000033182,0.00,0.00,43069440,43069440,768,768,1536
457,1764562605.5662863,kem_handshake,0.000022782|0.000017623|0.000040555,0.00,0.00,43069440,43069440,768,768,1536
458,1764562605.5674899,kem_handshake,0.000021239|0.000016200|0.000042839,0.00,0.00,43069440,43069440,768,768,1536
459,1764562605.5689642,kem_handshake,0.000042198|0.000017622|0.000047879,0.00,0.00,43069440,43069440,768,768,1536
460,1764562605.5704207,kem_handshake,0.000032760|0.000017152|0.000040364,0.00,0.00,43069440,43069440,768,768,1536
461,1764562605.5715654,kem_handshake,0.000019235|0.000015279|0.000032851,0.00,0.00,43069440,43069440,768,768,1536
462,1764562605.572656,kem_handshake,0.000022040|0.000019446|0.000038571,0.00,0.00,43069440,43069440,768,768,1536
463,1764562605.573795,kem_handshake,0.000021740|0.000015649|0.000033302,0.00,0.00,43069440,43069440,768,768,1536
464,1764562605.5749104,kem_handshake,0.000018855|0.000015359|0.000033371,0.00,0.00,43069440,43069440,768,768,1536
465,1764562605.5760329,kem_handshake,0.000020478|0.000015769|0.000034293,0.00,0.00,43069440,43069440,768,768,1536
466,1764562605.5773613,kem_handshake,0.000023203|0.000016561|0.000034424,0.00,0.00,43069440,43069440,768,768,1536
467,1764562605.5786512,kem_handshake,0.000021340|0.000016570|0.000042810,0.00,0.00,43069440,43069440,768,768,1536
468,1764562605.5797718,kem_handshake,0.000019596|0.000015659|0.000033903,0.00,0.00,43069440,43069440,768,768,1536
469,1764562605.581084,kem_handshake,0.000025477|0.000015889|0.000039843,0.00,0.00,43069440,43069440,768,768,1536
470,1764562605.582492,kem_handshake,0.000023213|0.000016069|0.000038461,0.00,0.00,43069440,43069440,768,768,1536
471,1764562605.5836995,kem_handshake,0.000025026|0.000015459|0.000040044,0.00,0.00,43069440,43069440,768,768,1536
472,1764562605.5850902,kem_handshake,0.000034183|0.000019456|0.000075870,0.00,0.00,43069440,43069440,768,768,1536
473,1764562605.5869448,kem_handshake,0.000028302|0.000023523|0.000044492,0.00,0.00,43069440,43069440,768,768,1536
474,1764562605.5880914,kem_handshake,0.000019957|0.000015729|0.000032409,0.00,0.00,43069440,43069440,768,768,1536
475,1764562605.5891988,kem_handshake,0.000021570|0.000016120|0.000034564,0.00,0.00,43069440,43069440,768,768,1536
476,1764562605.590636,kem_handshake,0.000030366|0.000021741|0.000051175,0.00,0.00,43069440,43069440,768,768,1536
477,1764562605.5934305,kem_handshake,0.000071763|0.000038752|0.000095186,0.00,0.00,43069440,43069440,768,768,1536
478,1764562605.595129,kem_handshake,0.000032230|0.000028002|0.000048350,0.00,0.00,43069440,43069440,768,768,1536
479,1764562605.5966463,kem_handshake,0.000025758|0.000020518|0.000038862,0.00,0.00,43069440,43069440,768,768,1536
480,1764562605.5978453,kem_handshake,0.000020468|0.000015769|0.000034544,0.00,0.00,43069440,43069440,768,768,1536
481,1764562605.5989664,kem_handshake,0.000018614|0.000019316|0.000032791,0.00,0.00,43069440,43069440,768,768,1536
482,1764562605.6000378,kem_handshake,0.000018985|0.000015529|0.000032660,0.00,0.00,43069440,43069440,768,768,1536
483,1764562605.6012044,kem_handshake,0.000022271|0.000017212|0.000037359,0.00,0.00,43069440,43069440,768,768,1536
484,1764562605.6023822,kem_handshake,0.000022942|0.000016230|0.000035605,0.00,0.00,43069440,43069440,768,768,1536
485,1764562605.603633,kem_handshake,0.000027631|0.000018935|0.000068126,0.00,0.00,43069440,43069440,768,768,1536
486,1764562605.604966,kem_handshake,0.000020608|0.000026809|0.000056505,0.00,0.00,43069440,43069440,768,768,1536
487,1764562605.6060865,kem_handshake,0.000019105|0.000017883|0.000034524,0.00,0.00,43069440,43069440,768,768,1536
488,1764562605.6071806,kem_handshake,0.000018945|0.000015669|0.000032971,0.00,0.00,43069440,43069440,768,768,1536
489,1764562605.608231,kem_handshake,0.000017983|0.000015228|0.000033612,0.00,0.00,43069440,43069440,768,768,1536
490,1764562605.6096127,kem_handshake,0.000018464|0.000015569|0.000038301,0.00,0.00,43069440,43069440,768,768,1536
491,1764562605.6113913,kem_handshake,0.000028422|0.000017142|0.000043982,0.00,0.00,43069440,43069440,768,768,1536
492,1764562605.6128187,kem_handshake,0.000026008|0.000017332|0.000042568,0.00,0.00,43069440,43069440,768,768,1536
493,1764562605.614003,kem_handshake,0.000020608|0.000015498|0.000035235,0.00,0.00,43069440,43069440,768,768,1536
494,1764562605.6151109,kem_handshake,0.000018965|0.000016721|0.000032961,0.00,0.00,43069440,43069440,768,768,1536
495,1764562605.6162522,kem_handshake,0.000020418|0.000016250|0.000035947,0.00,0.00,43069440,43069440,768,768,1536
496,1764562605.617374,kem_handshake,0.000022341|0.000015860|0.000038962,0.00,0.00,43069440,43069440,768,768,1536
497,1764562605.618626,kem_handshake,0.000025908|0.000017121|0.000038982,0.00,0.00,43069440,43069440,768,768,1536
498,1764562605.620024,kem_handshake,0.000049641|0.000027881|0.000075970,0.00,0.00,43069440,43069440,768,768,1536
499,1764562605.6212738,kem_handshake,0.000020698|0.000016020|0.000033752,0.00,0.00,43069440,43069440,768,768,1536
500,1764562605.622404,kem_handshake,0.000019025|0.000015789|0.000032850,0.00,0.00,43069440,43069440,768,768,1536
501,1764562605.6234775,kem_handshake,0.000018735|0.000015398|0.000032650,0.00,0.00,43069440,43069440,768,768,1536
502,1764562605.624557,kem_handshake,0.000019185|0.000015649|0.000032540,0.00,0.00,43069440,43069440,768,768,1536
503,1764562605.6256664,kem_handshake,0.000018965|0.000015729|0.000032721,0.00,0.00,43069440,43069440,768,768,1536
504,1764562605.6269233,kem_handshake,0.000022292|0.000021249|0.000037409,0.00,0.00,43069440,43069440,768,768,1536
505,1764562605.628342,kem_handshake,0.000030826|0.000018303|0.000049121,0.00,0.00,43069440,43069440,768,768,1536
506,1764562605.629667,kem_handshake,0.000023293|0.000016260|0.000038552,0.00,0.00,43069440,43069440,768,768,1536
507,1764562605.6307826,kem_handshake,0.000019376|0.000015780|0.000033502,0.00,0.00,43069440,43069440,768,768,1536
508,1764562605.631888,kem_handshake,0.000019245|0.000015459|0.000033202,0.00,0.00,43069440,43069440,768,768,1536
509,1764562605.6329632,kem_handshake,0.000018354|0.000015188|0.000032620,0.00,0.00,43069440,43069440,768,768,1536
510,1764562605.6342242,kem_handshake,0.000030436|0.000024315|0.000046796,0.00,0.00,43069440,43069440,768,768,1536
511,1764562605.6356893,kem_handshake,0.000024054|0.000016862|0.000036187,0.00,0.00,43069440,43069440,768,768,1536
512,1764562605.636859,kem_handshake,0.000022171|0.000016240|0.000039883,0.00,0.00,43069440,43069440,768,768,1536
513,1764562605.6379812,kem_handshake,0.000019345|0.000015659|0.000033732,0.00,0.00,43069440,43069440,768,768,1536
514,1764562605.6390781,kem_handshake,0.000019756|0.000015679|0.000033512,0.00,0.00,43069440,43069440,768,768,1536
515,1764562605.640246,kem_handshake,0.000022081|0.000016350|0.000037750,0.00,0.00,43069440,43069440,768,768,1536
516,1764562605.6414452,kem_handshake,0.000019977|0.000016170|0.000034223,0.00,0.00,43069440,43069440,768,768,1536
517,1764562605.6425488,kem_handshake,0.000019606|0.000015679|0.000033502,0.00,0.00,43069440,43069440,768,768,1536
518,1764562605.644461,kem_handshake,0.000032310|0.000031378|0.000096098,0.00,0.00,43069440,43069440,768,768,1536
519,1764562605.6462228,kem_handshake,0.000022873|0.000017031|0.000037669,0.00,0.00,43069440,43069440,768,768,1536
520,1764562605.647329,kem_handshake,0.000019536|0.000015629|0.000033832,0.00,0.00,43069440,43069440,768,768,1536
521,1764562605.6483996,kem_handshake,0.000019145|0.000015118|0.000032671,0.00,0.00,43069440,43069440,768,768,1536
522,1764562605.64956,kem_handshake,0.000020067|0.000015529|0.000033852,0.00,0.00,43069440,43069440,768,768,1536
523,1764562605.651115,kem_handshake,0.000040144|0.000032540|0.000066853,0.00,0.00,43069440,43069440,768,768,1536
524,1764562605.652778,kem_handshake,0.000027551|0.000019636|0.000043159,0.00,0.00,43069440,43069440,768,768,1536
525,1764562605.6539752,kem_handshake,0.000026369|0.000016120|0.000033512,0.00,0.00,43069440,43069440,768,768,1536
526,1764562605.6550677,kem_handshake,0.000019306|0.000015438|0.000033001,0.00,0.00,43069440,43069440,768,768,1536
527,1764562605.6561484,kem_handshake,0.000018844|0.000015438|0.000033031,0.00,0.00,43069440,43069440,768,768,1536
528,1764562605.65727,kem_handshake,0.000021089|0.000015840|0.000034413,0.00,0.00,43069440,43069440,768,768,1536
529,1764562605.658426,kem_handshake,0.000027962|0.000020979|0.000037199,0.00,0.00,43069440,43069440,768,768,1536
530,1764562605.6595109,kem_handshake,0.000018845|0.000015198|0.000033011,0.00,0.00,43069440,43069440,768,768,1536
531,1764562605.6608047,kem_handshake,0.000034794|0.000020838|0.000055473,0.00,0.00,43069440,43069440,768,768,1536
532,1764562605.661991,kem_handshake,0.000021860|0.000016650|0.000034393,0.00,0.00,43069440,43069440,768,768,1536
533,1764562605.6630712,kem_handshake,0.000019105|0.000015359|0.000032560,0.00,0.00,43069440,43069440,768,768,1536
534,1764562605.664202,kem_handshake,0.000023834|0.000016881|0.000038541,0.00,0.00,43069440,43069440,768,768,1536
535,1764562605.6653259,kem_handshake,0.000021209|0.000016130|0.000034664,0.00,0.00,43069440,43069440,768,768,1536
536,1764562605.666426,kem_handshake,0.000019236|0.000015919|0.000033703,0.00,0.00,43069440,43069440,768,768,1536
537,1764562605.6675184,kem_handshake,0.000019075|0.000015639|0.000033111,0.00,0.00,43069440,43069440,768,768,1536
538,1764562605.6687176,kem_handshake,0.000021520|0.000016240|0.000035806,0.00,0.00,43069440,43069440,768,768,1536
539,1764562605.6705039,kem_handshake,0.000042569|0.000032920|0.000071572,0.00,0.00,43069440,43069440,768,768,1536
540,1764562605.6717594,kem_handshake,0.000022121|0.000016450|0.000040335,0.00,0.00,43069440,43069440,768,768,1536
541,1764562605.6729095,kem_handshake,0.000019416|0.000015920|0.000034584,0.00,0.00,43069440,43069440,768,768,1536
542,1764562605.6739988,kem_handshake,0.000019766|0.000015709|0.000033081,0.00,0.00,43069440,43069440,768,768,1536
543,1764562605.6750846,kem_handshake,0.000018714|0.000015639|0.000032951,0.00,0.00,43069440,43069440,768,768,1536
544,1764562605.6764183,kem_handshake,0.000020388|0.000015899|0.000033361,0.00,0.00,43069440,43069440,768,768,1536
545,1764562605.6778548,kem_handshake,0.000122977|0.000022632|0.000039243,0.00,0.00,43069440,43069440,768,768,1536
546,1764562605.679071,kem_handshake,0.000023283|0.000016671|0.000037008,0.00,0.00,43069440,43069440,768,768,1536
547,1764562605.680188,kem_handshake,0.000019707|0.000016781|0.000032891,0.00,0.00,43069440,43069440,768,768,1536
548,1764562605.6812804,kem_handshake,0.000019145|0.000015589|0.000032720,0.00,0.00,43069440,43069440,768,768,1536
549,1764562605.682344,kem_handshake,0.000018755|0.000014988|0.000032590,0.00,0.00,43069440,43069440,768,768,1536
550,1764562605.6834328,kem_handshake,0.000019346|0.000015599|0.000033141,0.00,0.00,43069440,43069440,768,768,1536
551,1764562605.6844974,kem_handshake,0.000019576|0.000015318|0.000032350,0.00,0.00,43069440,43069440,768,768,1536
552,1764562605.6858263,kem_handshake,0.000054100|0.000023042|0.000053058,0.00,0.00,43069440,43069440,768,768,1536
553,1764562605.6873434,kem_handshake,0.000024055|0.000017342|0.000041337,0.00,0.00,43069440,43069440,768,768,1536
554,1764562605.6886935,kem_handshake,0.000027481|0.000019416|0.000053960,0.00,0.00,43069440,43069440,768,768,1536
555,1764562605.6904194,kem_handshake,0.000041898|0.000033201|0.000068216,0.00,0.00,43069440,43069440,768,768,1536
556,1764562605.691718,kem_handshake,0.000025247|0.000019476|0.000034494,0.00,0.00,43069440,43069440,768,768,1536
557,1764562605.6928515,kem_handshake,0.000020969|0.000016681|0.000038772,0.00,0.00,43069440,43069440,768,768,1536
558,1764562605.6940446,kem_handshake,0.000031639|0.000019486|0.000051816,0.00,0.00,43069440,43069440,768,768,1536
559,1764562605.6956117,kem_handshake,0.000054701|0.000026459|0.000059079,0.00,0.00,43069440,43069440,768,768,1536
560,1764562605.6968186,kem_handshake,0.000021620|0.000016350|0.000036117,0.00,0.00,43069440,43069440,768,768,1536
561,1764562605.6979024,kem_handshake,0.000020427|0.000015940|0.000032830,0.00,0.00,43069440,43069440,768,768,1536
562,1764562605.6989825,kem_handshake,0.000018885|0.000015859|0.000032630,0.00,0.00,43069440,43069440,768,768,1536
563,1764562605.7000682,kem_handshake,0.000024516|0.000016981|0.000032891,0.00,0.00,43069440,43069440,768,768,1536
564,1764562605.7011805,kem_handshake,0.000019867|0.000015679|0.000032961,0.00,0.00,43069440,43069440,768,768,1536
565,1764562605.7024236,kem_handshake,0.000028162|0.000019045|0.000042248,0.00,0.00,43069440,43069440,768,768,1536
566,1764562605.703561,kem_handshake,0.000020488|0.000016029|0.000033772,0.00,0.00,43069440,43069440,768,768,1536
567,1764562605.7046216,kem_handshake,0.000019546|0.000015679|0.000033262,0.00,0.00,43069440,43069440,768,768,1536
568,1764562605.70568,kem_handshake,0.000018634|0.000015769|0.000033192,0.00,0.00,43069440,43069440,768,768,1536
569,1764562605.7067513,kem_handshake,0.000018975|0.000015899|0.000032801,0.00,0.00,43069440,43069440,768,768,1536
570,1764562605.7077937,kem_handshake,0.000018925|0.000015870|0.000032650,0.00,0.00,43069440,43069440,768,768,1536
571,1764562605.7088754,kem_handshake,0.000021650|0.000016270|0.000041086,0.00,0.00,43069440,43069440,768,768,1536
572,1764562605.7100368,kem_handshake,0.000023183|0.000016420|0.000034674,0.00,0.00,43069440,43069440,768,768,1536
573,1764562605.7113013,kem_handshake,0.000021109|0.000016099|0.000036798,0.00,0.00,43069440,43069440,768,768,1536
574,1764562605.7124054,kem_handshake,0.000019726|0.000016049|0.000033352,0.00,0.00,43069440,43069440,768,768,1536
575,1764562605.7134984,kem_handshake,0.000019195|0.000015679|0.000032670,0.00,0.00,43069440,43069440,768,768,1536
576,1764562605.714541,kem_handshake,0.000018394|0.000015358|0.000032621,0.00,0.00,43069440,43069440,768,768,1536
577,1764562605.7155845,kem_handshake,0.000018454|0.000015549|0.000032660,0.00,0.00,43069440,43069440,768,768,1536
578,1764562605.7166638,kem_handshake,0.000018965|0.000015779|0.000032790,0.00,0.00,43069440,43069440,768,768,1536
579,1764562605.7177453,kem_handshake,0.000020608|0.000015940|0.000034374,0.00,0.00,43069440,43069440,768,768,1536
580,1764562605.718915,kem_handshake,0.000022552|0.000016060|0.000050113,0.00,0.00,43069440,43069440,768,768,1536
581,1764562605.720225,kem_handshake,0.000023293|0.000018424|0.000037379,0.00,0.00,43069440,43069440,768,768,1536
582,1764562605.7213106,kem_handshake,0.000019776|0.000016089|0.000032881,0.00,0.00,43069440,43069440,768,768,1536
583,1764562605.722393,kem_handshake,0.000018865|0.000015629|0.000036267,0.00,0.00,43069440,43069440,768,768,1536
584,1764562605.7235196,kem_handshake,0.000021319|0.000016401|0.000034353,0.00,0.00,43069440,43069440,768,768,1536
585,1764562605.7246313,kem_handshake,0.000020248|0.000015779|0.000033933,0.00,0.00,43069440,43069440,768,768,1536
586,1764562605.725747,kem_handshake,0.000019716|0.000016200|0.000033101,0.00,0.00,43069440,43069440,768,768,1536
587,1764562605.7268355,kem_handshake,0.000019546|0.000015980|0.000033743,0.00,0.00,43069440,43069440,768,768,1536
588,1764562605.7280078,kem_handshake,0.000020538|0.000015920|0.000034063,0.00,0.00,43069440,43069440,768,768,1536
589,1764562605.7290792,kem_handshake,0.000019356|0.000015669|0.000032901,0.00,0.00,43069440,43069440,768,768,1536
590,1764562605.7301338,kem_handshake,0.000019005|0.000015749|0.000032660,0.00,0.00,43069440,43069440,768,768,1536
591,1764562605.7312598,kem_handshake,0.000025757|0.000020568|0.000041167,0.00,0.00,43069440,43069440,768,768,1536
592,1764562605.73271,kem_handshake,0.000023303|0.000016220|0.000036728,0.00,0.00,43069440,43069440,768,768,1536
593,1764562605.7339888,kem_handshake,0.000026409|0.000040866|0.000035957,0.00,0.00,43069440,43069440,768,768,1536
594,1764562605.7352304,kem_handshake,0.000021760|0.000016821|0.000036107,0.00,0.00,43069440,43069440,768,768,1536
595,1764562605.7366107,kem_handshake,0.000022362|0.000017031|0.000035375,0.00,0.00,43069440,43069440,768,768,1536
596,1764562605.7377896,kem_handshake,0.000020719|0.000016831|0.000034113,0.00,0.00,43069440,43069440,768,768,1536
597,1764562605.7389686,kem_handshake,0.000022061|0.000017202|0.000034954,0.00,0.00,43069440,43069440,768,768,1536
598,1764562605.7401807,kem_handshake,0.000022241|0.000017051|0.000034644,0.00,0.00,43069440,43069440,768,768,1536
599,1764562605.7413504,kem_handshake,0.000020147|0.000016160|0.000033452,0.00,0.00,43069440,43069440,768,768,1536
600,1764562605.7424936,kem_handshake,0.000020348|0.000016711|0.000033833,0.00,0.00,43069440,43069440,768,768,1536
601,1764562605.743739,kem_handshake,0.000021329|0.000016852|0.000036477,0.00,0.00,43069440,43069440,768,768,1536
602,1764562605.745213,kem_handshake,0.000028803|0.000022011|0.000043189,0.00,0.00,43069440,43069440,768,768,1536
603,1764562605.7464623,kem_handshake,0.000022482|0.000017001|0.000047147,0.00,0.00,43069440,43069440,768,768,1536
604,1764562605.7476978,kem_handshake,0.000020588|0.000016260|0.000034874,0.00,0.00,43069440,43069440,768,768,1536
605,1764562605.7488723,kem_handshake,0.000021079|0.000016490|0.000040064,0.00,0.00,43069440,43069440,768,768,1536
606,1764562605.7500188,kem_handshake,0.000019807|0.000016330|0.000033262,0.00,0.00,43069440,43069440,768,768,1536
607,1764562605.7511816,kem_handshake,0.000020117|0.000016380|0.000033251,0.00,0.00,43069440,43069440,768,768,1536
608,1764562605.7531955,kem_handshake,0.000029545|0.000020107|0.000043922,0.00,0.00,43069440,43069440,768,768,1536
609,1764562605.7545154,kem_handshake,0.000024646|0.000016961|0.000039352,0.00,0.00,43069440,43069440,768,768,1536
610,1764562605.7556555,kem_handshake,0.000021249|0.000015909|0.000033542,0.00,0.00,43069440,43069440,768,768,1536
611,1764562605.7567377,kem_handshake,0.000018534|0.000015619|0.000032781,0.00,0.00,43069440,43069440,768,768,1536
612,1764562605.7577894,kem_handshake,0.000018664|0.000015389|0.000032941,0.00,0.00,43069440,43069440,768,768,1536
613,1764562605.7589104,kem_handshake,0.000019106|0.000015338|0.000032971,0.00,0.00,43069440,43069440,768,768,1536
614,1764562605.7601182,kem_handshake,0.000022451|0.000016680|0.000036588,0.00,0.00,43069440,43069440,768,768,1536
615,1764562605.76149,kem_handshake,0.000022040|0.000016010|0.000035946,0.00,0.00,43069440,43069440,768,768,1536
616,1764562605.7626576,kem_handshake,0.000023003|0.000016100|0.000035095,0.00,0.00,43069440,43069440,768,768,1536
617,1764562605.763745,kem_handshake,0.000018545|0.000015559|0.000032781,0.00,0.00,43069440,43069440,768,768,1536
618,1764562605.764801,kem_handshake,0.000018634|0.000015618|0.000032069,0.00,0.00,43069440,43069440,768,768,1536
619,1764562605.7660882,kem_handshake,0.000021109|0.000016601|0.000033973,0.00,0.00,43069440,43069440,768,768,1536
620,1764562605.7672582,kem_handshake,0.000020598|0.000016160|0.000033102,0.00,0.00,43069440,43069440,768,768,1536
621,1764562605.7684774,kem_handshake,0.000023443|0.000017022|0.000038542,0.00,0.00,43069440,43069440,768,768,1536
622,1764562605.7697423,kem_handshake,0.000031519|0.000016881|0.000037580,0.00,0.00,43069440,43069440,768,768,1536
623,1764562605.7711487,kem_handshake,0.000020959|0.000016270|0.000035826,0.00,0.00,43069440,43069440,768,768,1536
624,1764562605.7723064,kem_handshake,0.000019847|0.000016601|0.000033441,0.00,0.00,43069440,43069440,768,768,1536
625,1764562605.7734663,kem_handshake,0.000019666|0.000015970|0.000033341,0.00,0.00,43069440,43069440,768,768,1536
626,1764562605.7746356,kem_handshake,0.000019817|0.000016440|0.000033522,0.00,0.00,43069440,43069440,768,768,1536
627,1764562605.775778,kem_handshake,0.000019846|0.000016179|0.000033683,0.00,0.00,43069440,43069440,768,768,1536
628,1764562605.7770538,kem_handshake,0.000024696|0.000020828|0.000039773,0.00,0.00,43069440,43069440,768,768,1536
629,1764562605.7784672,kem_handshake,0.000022411|0.000017151|0.000037840,0.00,0.00,43069440,43069440,768,768,1536
630,1764562605.7796414,kem_handshake,0.000020308|0.000016070|0.000033862,0.00,0.00,43069440,43069440,768,768,1536
631,1764562605.7808256,kem_handshake,0.000019896|0.000016421|0.000033332,0.00,0.00,43069440,43069440,768,768,1536
632,1764562605.7819872,kem_handshake,0.000019897|0.000016130|0.000033362,0.00,0.00,43069440,43069440,768,768,1536
633,1764562605.783141,kem_handshake,0.000019596|0.000015910|0.000033221,0.00,0.00,43069440,43069440,768,768,1536
634,1764562605.7844596,kem_handshake,0.000021971|0.000018364|0.000035626,0.00,0.00,43069440,43069440,768,768,1536
635,1764562605.7860422,kem_handshake,0.000099083|0.000024184|0.000061013,0.00,0.00,43069440,43069440,768,768,1536
636,1764562605.7872968,kem_handshake,0.000020408|0.000016510|0.000034053,0.00,0.00,43069440,43069440,768,768,1536
637,1764562605.788473,kem_handshake,0.000020077|0.000015859|0.000033522,0.00,0.00,43069440,43069440,768,768,1536
638,1764562605.789644,kem_handshake,0.000019786|0.000015809|0.000033482,0.00,0.00,43069440,43069440,768,768,1536
639,1764562605.7907865,kem_handshake,0.000019606|0.000015639|0.000033422,0.00,0.00,43069440,43069440,768,768,1536
640,1764562605.7919967,kem_handshake,0.000021269|0.000017092|0.000036257,0.00,0.00,43069440,43069440,768,768,1536
641,1764562605.793225,kem_handshake,0.000021850|0.000016982|0.000035516,0.00,0.00,43069440,43069440,768,768,1536
642,1764562605.7946017,kem_handshake,0.000032099|0.000017152|0.000038220,0.00,0.00,43069440,43069440,768,768,1536
643,1764562605.795851,kem_handshake,0.000021279|0.000015949|0.000039373,0.00,0.00,43069440,43069440,768,768,1536
644,1764562605.797036,kem_handshake,0.000020067|0.000016120|0.000033642,0.00,0.00,43069440,43069440,768,768,1536
645,1764562605.7981946,kem_handshake,0.000019676|0.000015869|0.000033572,0.00,0.00,43069440,43069440,768,768,1536
646,1764562605.799423,kem_handshake,0.000020237|0.000016390|0.000034022,0.00,0.00,43069440,43069440,768,768,1536
647,1764562605.8006232,kem_handshake,0.000036067|0.000015959|0.000034143,0.00,0.00,43069440,43069440,768,768,1536
648,1764562605.8019125,kem_handshake,0.000042559|0.000023784|0.000048069,0.00,0.00,43069440,43069440,768,768,1536
649,1764562605.8031406,kem_handshake,0.000020799|0.000015829|0.000033743,0.00,0.00,43069440,43069440,768,768,1536
650,1764562605.8043,kem_handshake,0.000020207|0.000015930|0.000033452,0.00,0.00,43069440,43069440,768,768,1536
651,1764562605.8054419,kem_handshake,0.000019676|0.000016380|0.000033342,0.00,0.00,43069440,43069440,768,768,1536
652,1764562605.8066742,kem_handshake,0.000019907|0.000016361|0.000032891,0.00,0.00,43069440,43069440,768,768,1536
653,1764562605.8079047,kem_handshake,0.000020197|0.000016079|0.000033261,0.00,0.00,43069440,43069440,768,768,1536
654,1764562605.8091137,kem_handshake,0.000022752|0.000016560|0.000041096,0.00,0.00,43069440,43069440,768,768,1536
655,1764562605.8105152,kem_handshake,0.000021980|0.000016471|0.000036738,0.00,0.00,43069440,43069440,768,768,1536
656,1764562605.8117828,kem_handshake,0.000020367|0.000016060|0.000034203,0.00,0.00,43069440,43069440,768,768,1536
657,1764562605.8129456,kem_handshake,0.000025147|0.000016250|0.000033973,0.00,0.00,43069440,43069440,768,768,1536
658,1764562605.8141398,kem_handshake,0.000020568|0.000016651|0.000033331,0.00,0.00,43069440,43069440,768,768,1536
659,1764562605.8153574,kem_handshake,0.000020518|0.000016280|0.000033272,0.00,0.00,43069440,43069440,768,768,1536
660,1764562605.8165016,kem_handshake,0.000020628|0.000016230|0.000033051,0.00,0.00,43069440,43069440,768,768,1536
661,1764562605.8176765,kem_handshake,0.000020027|0.000015819|0.000033131,0.00,0.00,43069440,43069440,768,768,1536
662,1764562605.8189304,kem_handshake,0.000023313|0.000022702|0.000035516,0.00,0.00,43069440,43069440,768,768,1536
663,1764562605.8203485,kem_handshake,0.000025487|0.000017272|0.000041517,0.00,0.00,43069440,43069440,768,768,1536
664,1764562605.8216317,kem_handshake,0.000021339|0.000017372|0.000035746,0.00,0.00,43069440,43069440,768,768,1536
665,1764562605.822853,kem_handshake,0.000021320|0.000016170|0.000040986,0.00,0.00,43069440,43069440,768,768,1536
666,1764562605.8240132,kem_handshake,0.000019767|0.000022311|0.000033452,0.00,0.00,43069440,43069440,768,768,1536
667,1764562605.8251781,kem_handshake,0.000020258|0.000016090|0.000033342,0.00,0.00,43069440,43069440,768,768,1536
668,1764562605.8263435,kem_handshake,0.000019857|0.000016190|0.000033171,0.00,0.00,43069440,43069440,768,768,1536
669,1764562605.8277035,kem_handshake,0.000030596|0.000018134|0.000041667,0.00,0.00,43069440,43069440,768,768,1536
670,1764562605.8291044,kem_handshake,0.000024194|0.000015840|0.000037329,0.00,0.00,43069440,43069440,768,768,1536
671,1764562605.8303576,kem_handshake,0.000021319|0.000016330|0.000035916,0.00,0.00,43069440,43069440,768,768,1536
672,1764562605.8315163,kem_handshake,0.000019436|0.000016240|0.000033582,0.00,0.00,43069440,43069440,768,768,1536
673,1764562605.8326676,kem_handshake,0.000019657|0.000016029|0.000033361,0.00,0.00,43069440,43069440,768,768,1536
674,1764562605.833843,kem_handshake,0.000020858|0.000016871|0.000033412,0.00,0.00,43069440,43069440,768,768,1536
675,1764562605.8351114,kem_handshake,0.000023303|0.000016871|0.000036818,0.00,0.00,43069440,43069440,768,768,1536
676,1764562605.8364158,kem_handshake,0.000023824|0.000016952|0.000038000,0.00,0.00,43069440,43069440,768,768,1536
677,1764562605.837672,kem_handshake,0.000023724|0.000016781|0.000038692,0.00,0.00,43069440,43069440,768,768,1536
678,1764562605.838858,kem_handshake,0.000019656|0.000016240|0.000033411,0.00,0.00,43069440,43069440,768,768,1536
679,1764562605.8400307,kem_handshake,0.000020337|0.000015969|0.000033892,0.00,0.00,43069440,43069440,768,768,1536
680,1764562605.8411975,kem_handshake,0.000019887|0.000016140|0.000033352,0.00,0.00,43069440,43069440,768,768,1536
681,1764562605.842353,kem_handshake,0.000019766|0.000016240|0.000033612,0.00,0.00,43069440,43069440,768,768,1536
682,1764562605.8436127,kem_handshake,0.000024054|0.000017212|0.000037349,0.00,0.00,43069440,43069440,768,768,1536
683,1764562605.8451111,kem_handshake,0.000025196|0.000016972|0.000038331,0.00,0.00,43069440,43069440,768,768,1536
684,1764562605.8463054,kem_handshake,0.000020137|0.000016581|0.000034023,0.00,0.00,43069440,43069440,768,768,1536
685,1764562605.8474622,kem_handshake,0.000019687|0.000015879|0.000033382,0.00,0.00,43069440,43069440,768,768,1536
686,1764562605.8486245,kem_handshake,0.000019877|0.000016110|0.000032721,0.00,0.00,43069440,43069440,768,768,1536
687,1764562605.8497887,kem_handshake,0.000019526|0.000016000|0.000032770,0.00,0.00,43069440,43069440,768,768,1536
688,1764562605.851021,kem_handshake,0.000023744|0.000019216|0.000043600,0.00,0.00,43069440,43069440,768,768,1536
689,1764562605.8525617,kem_handshake,0.000032641|0.000021329|0.000049291,0.00,0.00,43069440,43069440,768,768,1536
690,1764562605.853793,kem_handshake,0.000020528|0.000016431|0.000034513,0.00,0.00,43069440,43069440,768,768,1536
691,1764562605.8551185,kem_handshake,0.000025928|0.000018184|0.000038561,0.00,0.00,43069440,43069440,768,768,1536
692,1764562605.8565032,kem_handshake,0.000025317|0.000017081|0.000037840,0.00,0.00,43069440,43069440,768,768,1536
693,1764562605.8577044,kem_handshake,0.000020318|0.000016120|0.000034103,0.00,0.00,43069440,43069440,768,768,1536
694,1764562605.8589041,kem_handshake,0.000022171|0.000016260|0.000036838,0.00,0.00,43069440,43069440,768,768,1536
695,1764562605.8602736,kem_handshake,0.000038962|0.000022902|0.000058097,0.00,0.00,43069440,43069440,768,768,1536
696,1764562605.861543,kem_handshake,0.000020679|0.000016200|0.000034213,0.00,0.00,43069440,43069440,768,768,1536
697,1764562605.8627136,kem_handshake,0.000019847|0.000016390|0.000033522,0.00,0.00,43069440,43069440,768,768,1536
698,1764562605.8643868,kem_handshake,0.000048990|0.000040254|0.000087371,0.00,0.00,43069440,43069440,768,768,1536
699,1764562605.8658378,kem_handshake,0.000019897|0.000015930|0.000034243,0.00,0.00,43069440,43069440,768,768,1536
700,1764562605.867116,kem_handshake,0.000021379|0.000016240|0.000034894,0.00,0.00,43069440,43069440,768,768,1536
701,1764562605.8683305,kem_handshake,0.000021990|0.000016381|0.000035265,0.00,0.00,43069440,43069440,768,768,1536
702,1764562605.8695977,kem_handshake,0.000020177|0.000016030|0.000034233,0.00,0.00,43069440,43069440,768,768,1536
703,1764562605.8706963,kem_handshake,0.000019016|0.000015458|0.000032720,0.00,0.00,43069440,43069440,768,768,1536
704,1764562605.8717616,kem_handshake,0.000018484|0.000015468|0.000032511,0.00,0.00,43069440,43069440,768,768,1536
705,1764562605.8728166,kem_handshake,0.000018594|0.000015299|0.000032741,0.00,0.00,43069440,43069440,768,768,1536
706,1764562605.8738875,kem_handshake,0.000019086|0.000015478|0.000034333,0.00,0.00,43069440,43069440,768,768,1536
707,1764562605.874964,kem_handshake,0.000020007|0.000015749|0.000033421,0.00,0.00,43069440,43069440,768,768,1536
708,1764562605.8760939,kem_handshake,0.000023955|0.000015989|0.000039423,0.00,0.00,43069440,43069440,768,768,1536
709,1764562605.8776395,kem_handshake,0.000047417|0.000033402|0.000070280,0.00,0.00,43069440,43069440,768,768,1536
710,1764562605.879361,kem_handshake,0.000041347|0.000032240|0.000068337,0.00,0.00,43069440,43069440,768,768,1536
711,1764562605.880716,kem_handshake,0.000025246|0.000015809|0.000032730,0.00,0.00,43069440,43069440,768,768,1536
712,1764562605.8818755,kem_handshake,0.000024355|0.000017091|0.000038491,0.00,0.00,43069440,43069440,768,768,1536
713,1764562605.8830345,kem_handshake,0.000022462|0.000017101|0.000036217,0.00,0.00,43069440,43069440,768,768,1536
714,1764562605.884319,kem_handshake,0.000027060|0.000016491|0.000040835,0.00,0.00,43069440,43069440,768,768,1536
715,1764562605.88623,kem_handshake,0.000046997|0.000024145|0.000067214,0.00,0.00,43069440,43069440,768,768,1536
716,1764562605.887674,kem_handshake,0.000028433|0.000018915|0.000039994,0.00,0.00,43069440,43069440,768,768,1536
717,1764562605.8890615,kem_handshake,0.000027621|0.000018795|0.000046496,0.00,0.00,43069440,43069440,768,768,1536
718,1764562605.8903272,kem_handshake,0.000023713|0.000017111|0.000036216,0.00,0.00,43069440,43069440,768,768,1536
719,1764562605.8915143,kem_handshake,0.000021791|0.000017152|0.000035896,0.00,0.00,43069440,43069440,768,768,1536
720,1764562605.892732,kem_handshake,0.000023503|0.000016640|0.000059239,0.00,0.00,43069440,43069440,768,768,1536
721,1764562605.8939724,kem_handshake,0.000023875|0.000017272|0.000037549,0.00,0.00,43069440,43069440,768,768,1536
722,1764562605.8953485,kem_handshake,0.000026078|0.000020488|0.000042308,0.00,0.00,43069440,43069440,768,768,1536
723,1764562605.896516,kem_handshake,0.000021520|0.000016000|0.000035886,0.00,0.00,43069440,43069440,768,768,1536
724,1764562605.8985329,kem_handshake,0.000028032|0.000020999|0.000039894,0.00,0.00,43069440,43069440,768,768,1536
725,1764562605.899882,kem_handshake,0.000059620|0.000023063|0.000034133,0.00,0.00,43069440,43069440,768,768,1536
726,1764562605.9012454,kem_handshake,0.000030065|0.000018625|0.000041487,0.00,0.00,43069440,43069440,768,768,1536
727,1764562605.9025953,kem_handshake,0.000030476|0.000021019|0.000040946,0.00,0.00,43069440,43069440,768,768,1536
728,1764562605.9042432,kem_handshake,0.000029905|0.000018695|0.000047899,0.00,0.00,43069440,43069440,768,768,1536
729,1764562605.9057872,kem_handshake,0.000024435|0.000018875|0.000039053,0.00,0.00,43069440,43069440,768,768,1536
730,1764562605.907146,kem_handshake,0.000023053|0.000016380|0.000037980,0.00,0.00,43069440,43069440,768,768,1536
731,1764562605.908351,kem_handshake,0.000020919|0.000016030|0.000034964,0.00,0.00,43069440,43069440,768,768,1536
732,1764562605.909748,kem_handshake,0.000024325|0.000016691|0.000037880,0.00,0.00,43069440,43069440,768,768,1536
733,1764562605.911366,kem_handshake,0.000029856|0.000020067|0.000050583,0.00,0.00,43069440,43069440,768,768,1536
734,1764562605.9127312,kem_handshake,0.000026369|0.000016831|0.000045434,0.00,0.00,43069440,43069440,768,768,1536
735,1764562605.9140415,kem_handshake,0.000027070|0.000017122|0.000037720,0.00,0.00,43069440,43069440,768,768,1536
736,1764562605.9153285,kem_handshake,0.000022692|0.000016089|0.000035686,0.00,0.00,43069440,43069440,768,768,1536
737,1764562605.9165049,kem_handshake,0.000019917|0.000015539|0.000034464,0.00,0.00,43069440,43069440,768,768,1536
738,1764562605.9176588,kem_handshake,0.000021399|0.000015889|0.000037169,0.00,0.00,43069440,43069440,768,768,1536
739,1764562605.9194696,kem_handshake,0.000053609|0.000027020|0.000078345,0.00,0.00,43069440,43069440,768,768,1536
740,1764562605.921393,kem_handshake,0.000030927|0.000018685|0.000050854,0.00,0.00,43069440,43069440,768,768,1536
741,1764562605.9228125,kem_handshake,0.000019335|0.000015930|0.000034103,0.00,0.00,43069440,43069440,768,768,1536
742,1764562605.923932,kem_handshake,0.000018955|0.000016010|0.000047508,0.00,0.00,43069440,43069440,768,768,1536
743,1764562605.9251206,kem_handshake,0.000022041|0.000017071|0.000034133,0.00,0.00,43069440,43069440,768,768,1536
744,1764562605.9263422,kem_handshake,0.000020628|0.000016050|0.000061553,0.00,0.00,43069440,43069440,768,768,1536
745,1764562605.927584,kem_handshake,0.000025768|0.000017011|0.000038000,0.00,0.00,43069440,43069440,768,768,1536
746,1764562605.9290836,kem_handshake,0.000026439|0.000017923|0.000040655,0.00,0.00,43069440,43069440,768,768,1536
747,1764562605.9302998,kem_handshake,0.000020709|0.000016671|0.000034704,0.00,0.00,43069440,43069440,768,768,1536
748,1764562605.9314673,kem_handshake,0.000020138|0.000016801|0.000033672,0.00,0.00,43069440,43069440,768,768,1536
749,1764562605.9326303,kem_handshake,0.000019546|0.000016030|0.000033412,0.00,0.00,43069440,43069440,768,768,1536
750,1764562605.9337883,kem_handshake,0.000021890|0.000016881|0.000035605,0.00,0.00,43069440,43069440,768,768,1536
751,1764562605.9350846,kem_handshake,0.000029995|0.000017953|0.000046195,0.00,0.00,43069440,43069440,768,768,1536
752,1764562605.9364507,kem_handshake,0.000021099|0.000016320|0.000034063,0.00,0.00,43069440,43069440,768,768,1536
753,1764562605.9376004,kem_handshake,0.000019837|0.000015809|0.000033402,0.00,0.00,43069440,43069440,768,768,1536
754,1764562605.9387584,kem_handshake,0.000020107|0.000016190|0.000033341,0.00,0.00,43069440,43069440,768,768,1536
755,1764562605.9399154,kem_handshake,0.000019657|0.000020858|0.000033302,0.00,0.00,43069440,43069440,768,768,1536
756,1764562605.9410572,kem_handshake,0.000019786|0.000015999|0.000033421,0.00,14463.80,43069440,43069440,768,768,1536
757,1764562605.9422703,kem_handshake,0.000024345|0.000016611|0.000037910,0.00,0.00,43069440,43069440,768,768,1536
758,1764562605.9435961,kem_handshake,0.000047959|0.000023053|0.000058899,0.00,0.00,43069440,43069440,768,768,1536
759,1764562605.9448395,kem_handshake,0.000019806|0.000016330|0.000033722,0.00,0.00,43069440,43069440,768,768,1536
760,1764562605.9460044,kem_handshake,0.000020208|0.000016520|0.000033863,0.00,0.00,43069440,43069440,768,768,1536
761,1764562605.9471939,kem_handshake,0.000020458|0.000015979|0.000033502,0.00,0.00,43069440,43069440,768,768,1536
762,1764562605.948334,kem_handshake,0.000019446|0.000015859|0.000033061,0.00,0.00,43069440,43069440,768,768,1536
763,1764562605.949559,kem_handshake,0.000024596|0.000017953|0.000036157,0.00,0.00,43069440,43069440,768,768,1536
764,1764562605.9507864,kem_handshake,0.000024004|0.000016400|0.000038190,0.00,0.00,43069440,43069440,768,768,1536
765,1764562605.9520285,kem_handshake,0.000023504|0.000016981|0.000036498,0.00,0.00,43069440,43069440,768,768,1536
766,1764562605.9534419,kem_handshake,0.000022332|0.000016500|0.000035766,0.00,0.00,43069440,43069440,768,768,1536
767,1764562605.9546242,kem_handshake,0.000020388|0.000015960|0.000033372,0.00,0.00,43069440,43069440,768,768,1536
768,1764562605.9557867,kem_handshake,0.000019947|0.000016140|0.000033412,0.00,0.00,43069440,43069440,768,768,1536
769,1764562605.9569547,kem_handshake,0.000020418|0.000016190|0.000033692,0.00,0.00,43069440,43069440,768,768,1536
770,1764562605.9581149,kem_handshake,0.000020498|0.000015869|0.000033572,0.00,0.00,43069440,43069440,768,768,1536
771,1764562605.959269,kem_handshake,0.000021430|0.000016671|0.000033011,0.00,0.00,43069440,43069440,768,768,1536
772,1764562605.9605675,kem_handshake,0.000028263|0.000018734|0.000051485,0.00,0.00,43069440,43069440,768,768,1536
773,1764562605.9624648,kem_handshake,0.000038371|0.000023714|0.000073406,0.00,0.00,43069440,43069440,768,768,1536
774,1764562605.9643648,kem_handshake,0.000034724|0.000019366|0.000053078,0.00,0.00,43069440,43069440,768,768,1536
775,1764562605.9658842,kem_handshake,0.000027931|0.000018595|0.000044242,0.00,0.00,43069440,43069440,768,768,1536
776,1764562605.9674294,kem_handshake,0.000047538|0.000022993|0.000059170,0.00,0.00,43069440,43069440,768,768,1536
777,1764562605.969118,kem_handshake,0.000027491|0.000019245|0.000069729,0.00,0.00,43069440,43069440,768,768,1536
778,1764562605.9708705,kem_handshake,0.000032009|0.000021189|0.000076771,0.00,0.00,43069440,43069440,768,768,1536
779,1764562605.974081,kem_handshake,0.000084175|0.000055372|0.000105765,0.00,0.00,43069440,43069440,768,768,1536
780,1764562605.978122,kem_handshake,0.000072544|0.000035225|0.000079236,0.00,0.00,43069440,43069440,768,768,1536
781,1764562605.9816964,kem_handshake,0.000082683|0.000039423|0.000115573,0.00,0.00,43069440,43069440,768,768,1536
782,1764562605.9847186,kem_handshake,0.000077002|0.000039252|0.000080629,0.00,0.00,43069440,43069440,768,768,1536
783,1764562605.988258,kem_handshake,0.000093903|0.000041757|0.000116836,0.00,0.00,43069440,43069440,768,768,1536
784,1764562605.9908671,kem_handshake,0.000057516|0.000029805|0.000070981,0.00,7173.20,43069440,43069440,768,768,1536
785,1764562605.9942825,kem_handshake,0.000065882|0.000034534|0.000076682,0.00,0.00,43069440,43069440,768,768,1536
786,1764562605.998046,kem_handshake,0.000103661|0.000047478|0.000132044,0.00,0.00,43069440,43069440,768,768,1536
787,1764562606.000702,kem_handshake,0.000080148|0.000035506|0.000113640,0.00,0.00,43069440,43069440,768,768,1536
788,1764562606.0042496,kem_handshake,0.000140480|0.000058037|0.000160657,0.00,0.00,43069440,43069440,768,768,1536
789,1764562606.007418,kem_handshake,0.000059009|0.000026910|0.000074577,0.00,0.00,43069440,43069440,768,768,1536
790,1764562606.0095184,kem_handshake,0.000080969|0.000035436|0.000099093,0.00,0.00,43069440,43069440,768,768,1536
791,1764562606.011795,kem_handshake,0.000044252|0.000023944|0.000063548,0.00,0.00,43069440,43069440,768,768,1536
792,1764562606.0132623,kem_handshake,0.000029956|0.000019215|0.000046035,0.00,0.00,43069440,43069440,768,768,1536
793,1764562606.0144973,kem_handshake,0.000022542|0.000016571|0.000039703,0.00,0.00,43069440,43069440,768,768,1536
794,1764562606.0158577,kem_handshake,0.000033973|0.000020729|0.000064048,0.00,0.00,43069440,43069440,768,768,1536
795,1764562606.0172627,kem_handshake,0.000031709|0.000021049|0.000053008,0.00,10991.70,43069440,43069440,768,768,1536
796,1764562606.0190902,kem_handshake,0.000101428|0.000046656|0.000078355,0.00,0.00,43069440,43069440,768,768,1536
797,1764562606.021314,kem_handshake,0.000063166|0.000029966|0.000099654,0.00,0.00,43069440,43069440,768,768,1536
798,1764562606.0240777,kem_handshake,0.000070581|0.000031578|0.000073215,0.00,0.00,43069440,43069440,768,768,1536
799,1764562606.0274715,kem_handshake,0.000116666|0.000043811|0.000113390,0.00,0.00,43069440,43069440,768,768,1536
800,1764562606.030964,kem_handshake,0.000051084|0.000033542|0.000056274,0.00,0.00,43069440,43069440,768,768,1536
801,1764562606.0336185,kem_handshake,0.000045314|0.000025187|0.000063377,0.00,0.00,43069440,43069440,768,768,1536
802,1764562606.035423,kem_handshake,0.000036447|0.000019546|0.000065671,0.00,0.00,43069440,43069440,768,768,1536
803,1764562606.036981,kem_handshake,0.000029654|0.000018815|0.000047578,0.00,0.00,43069440,43069440,768,768,1536
804,1764562606.0381987,kem_handshake,0.000020658|0.000016270|0.000037620,0.00,0.00,43069440,43069440,768,768,1536
805,1764562606.039397,kem_handshake,0.000022141|0.000015970|0.000037790,0.00,0.00,43069440,43069440,768,768,1536
806,1764562606.0405066,kem_handshake,0.000019997|0.000015919|0.000034183,0.00,0.00,43069440,43069440,768,768,1536
807,1764562606.04155,kem_handshake,0.000018214|0.000015218|0.000032780,0.00,0.00,43069440,43069440,768,768,1536
808,1764562606.043201,kem_handshake,0.000023113|0.000016941|0.000036808,0.00,0.00,43069440,43069440,768,768,1536
809,1764562606.0444942,kem_handshake,0.000022802|0.000016571|0.000035977,0.00,0.00,43069440,43069440,768,768,1536
810,1764562606.045606,kem_handshake,0.000019275|0.000015810|0.000033201,0.00,0.00,43069440,43069440,768,768,1536
811,1764562606.046725,kem_handshake,0.000021069|0.000017743|0.000038862,0.00,0.00,43069440,43069440,768,768,1536
812,1764562606.0478969,kem_handshake,0.000020889|0.000016160|0.000033973,0.00,0.00,43069440,43069440,768,768,1536
813,1764562606.0492735,kem_handshake,0.000041457|0.000032220|0.000064720,0.00,0.00,43069440,43069440,768,768,1536
814,1764562606.050553,kem_handshake,0.000020387|0.000016330|0.000032991,0.00,0.00,43069440,43069440,768,768,1536
815,1764562606.0517855,kem_handshake,0.000093553|0.000024565|0.000036237,0.00,0.00,43069440,43069440,768,768,1536
816,1764562606.0532231,kem_handshake,0.000027260|0.000016200|0.000035325,0.00,0.00,43069440,43069440,768,768,1536
817,1764562606.0546148,kem_handshake,0.000025027|0.000016590|0.000044813,0.00,0.00,43069440,43069440,768,768,1536
818,1764562606.0557973,kem_handshake,0.000020678|0.000015960|0.000033643,0.00,0.00,43069440,43069440,768,768,1536
819,1764562606.0568783,kem_handshake,0.000018955|0.000015429|0.000037589,0.00,0.00,43069440,43069440,768,768,1536
820,1764562606.0579817,kem_handshake,0.000020247|0.000015800|0.000032790,0.00,0.00,43069440,43069440,768,768,1536
821,1764562606.059165,kem_handshake,0.000022642|0.000017142|0.000043310,0.00,0.00,43069440,43069440,768,768,1536
822,1764562606.0615933,kem_handshake,0.000035967|0.000020087|0.000070731,0.00,0.00,43069440,43069440,768,768,1536
823,1764562606.0630722,kem_handshake,0.000026889|0.000018264|0.000045153,0.00,0.00,43069440,43069440,768,768,1536
824,1764562606.0642402,kem_handshake,0.000019827|0.000016180|0.000034253,0.00,0.00,43069440,43069440,768,768,1536
825,1764562606.0653224,kem_handshake,0.000019136|0.000015518|0.000033192,0.00,0.00,43069440,43069440,768,768,1536
826,1764562606.0664117,kem_handshake,0.000020107|0.000015840|0.000034003,0.00,0.00,43069440,43069440,768,768,1536
827,1764562606.067484,kem_handshake,0.000019346|0.000015438|0.000034003,0.00,0.00,43069440,43069440,768,768,1536
828,1764562606.0696197,kem_handshake,0.000027702|0.000017392|0.000044472,0.00,0.00,43069440,43069440,768,768,1536
829,1764562606.070821,kem_handshake,0.000019556|0.000015950|0.000033592,0.00,0.00,43069440,43069440,768,768,1536
830,1764562606.0719047,kem_handshake,0.000018544|0.000015338|0.000032660,0.00,0.00,43069440,43069440,768,768,1536
831,1764562606.072957,kem_handshake,0.000018495|0.000015028|0.000032630,0.00,0.00,43069440,43069440,768,768,1536
832,1764562606.0744233,kem_handshake,0.000038170|0.000032359|0.000065431,0.00,0.00,43069440,43069440,768,768,1536
833,1764562606.0756102,kem_handshake,0.000019706|0.000016310|0.000033131,0.00,0.00,43069440,43069440,768,768,1536
834,1764562606.0773146,kem_handshake,0.000060652|0.000033753|0.000097260,0.00,0.00,43069440,43069440,768,768,1536
835,1764562606.0786242,kem_handshake,0.000020248|0.000016180|0.000033732,0.00,0.00,43069440,43069440,768,768,1536
836,1764562606.08026,kem_handshake,0.000018314|0.000015569|0.000032671,0.00,0.00,43069440,43069440,768,768,1536
837,1764562606.0813348,kem_handshake,0.000018023|0.000015299|0.000032680,0.00,0.00,43069440,43069440,768,768,1536
838,1764562606.082398,kem_handshake,0.000018575|0.000015078|0.000032149,0.00,0.00,43069440,43069440,768,768,1536
839,1764562606.0835638,kem_handshake,0.000023122|0.000017572|0.000039943,0.00,0.00,43069440,43069440,768,768,1536
840,1764562606.0848947,kem_handshake,0.000028222|0.000021450|0.000042098,0.00,0.00,43069440,43069440,768,768,1536
841,1764562606.086338,kem_handshake,0.000024876|0.000017022|0.000037079,0.00,0.00,43069440,43069440,768,768,1536
842,1764562606.087508,kem_handshake,0.000019987|0.000016370|0.000033211,0.00,0.00,43069440,43069440,768,768,1536
843,1764562606.0886202,kem_handshake,0.000019406|0.000015609|0.000032670,0.00,0.00,43069440,43069440,768,768,1536
844,1764562606.0897067,kem_handshake,0.000018935|0.000015629|0.000032620,0.00,0.00,43069440,43069440,768,768,1536
845,1764562606.0907648,kem_handshake,0.000018624|0.000015238|0.000032601,0.00,0.00,43069440,43069440,768,768,1536
846,1764562606.091977,kem_handshake,0.000028854|0.000015889|0.000035807,0.00,0.00,43069440,43069440,768,768,1536
847,1764562606.0936763,kem_handshake,0.000053760|0.000026188|0.000067475,0.00,0.00,43069440,43069440,768,768,1536
848,1764562606.094947,kem_handshake,0.000020939|0.000016300|0.000035706,0.00,0.00,43069440,43069440,768,768,1536
849,1764562606.0963914,kem_handshake,0.000039333|0.000032260|0.000064469,0.00,0.00,43069440,43069440,768,768,1536
850,1764562606.0975711,kem_handshake,0.000019316|0.000015659|0.000032710,0.00,0.00,43069440,43069440,768,768,1536
851,1764562606.098686,kem_handshake,0.000021830|0.000021690|0.000033673,0.00,0.00,43069440,43069440,768,768,1536
852,1764562606.0998657,kem_handshake,0.000019797|0.000015739|0.000043250,0.00,0.00,43069440,43069440,768,768,1536
853,1764562606.1010935,kem_handshake,0.000020879|0.000016340|0.000034253,0.00,0.00,43069440,43069440,768,768,1536
854,1764562606.102654,kem_handshake,0.000039854|0.000032720|0.000037449,0.00,0.00,43069440,43069440,768,768,1536
855,1764562606.103742,kem_handshake,0.000019055|0.000016080|0.000033061,0.00,0.00,43069440,43069440,768,768,1536
856,1764562606.1048055,kem_handshake,0.000018574|0.000015469|0.000033161,0.00,0.00,43069440,43069440,768,768,1536
857,1764562606.106286,kem_handshake,0.000037920|0.000031398|0.000080358,0.00,0.00,43069440,43069440,768,768,1536
858,1764562606.107666,kem_handshake,0.000023504|0.000016610|0.000034714,0.00,0.00,43069440,43069440,768,768,1536
859,1764562606.1089013,kem_handshake,0.000022011|0.000016080|0.000033241,0.00,0.00,43069440,43069440,768,768,1536
860,1764562606.1101599,kem_handshake,0.000023182|0.000016781|0.000041958,0.00,0.00,43069440,43069440,768,768,1536
861,1764562606.1114497,kem_handshake,0.000022852|0.000016710|0.000036828,0.00,0.00,43069440,43069440,768,768,1536
862,1764562606.1130517,kem_handshake,0.000048730|0.000031668|0.000065631,0.00,0.00,43069440,43069440,768,768,1536
863,1764562606.1143267,kem_handshake,0.000021169|0.000016050|0.000035005,0.00,0.00,43069440,43069440,768,768,1536
864,1764562606.1154137,kem_handshake,0.000018825|0.000016140|0.000032640,0.00,0.00,43069440,43069440,768,768,1536
865,1764562606.1165369,kem_handshake,0.000018584|0.000015348|0.000032280,0.00,0.00,43069440,43069440,768,768,1536
866,1764562606.117665,kem_handshake,0.000019797|0.000015739|0.000032581,0.00,0.00,43069440,43069440,768,768,1536
867,1764562606.1190302,kem_handshake,0.000028963|0.000017342|0.000044292,0.00,0.00,43069440,43069440,768,768,1536
868,1764562606.1202104,kem_handshake,0.000020098|0.000016029|0.000040194,0.00,0.00,43069440,43069440,768,768,1536
869,1764562606.1213198,kem_handshake,0.000018975|0.000015819|0.000033652,0.00,0.00,43069440,43069440,768,768,1536
870,1764562606.1224427,kem_handshake,0.000019216|0.000015829|0.000034033,0.00,0.00,43069440,43069440,768,768,1536
871,1764562606.1235156,kem_handshake,0.000018835|0.000015448|0.000032871,0.00,0.00,43069440,43069440,768,768,1536
872,1764562606.124594,kem_handshake,0.000019146|0.000015328|0.000032950,0.00,0.00,43069440,43069440,768,768,1536
873,1764562606.1256294,kem_handshake,0.000018354|0.000014937|0.000032600,0.00,0.00,43069440,43069440,768,768,1536
874,1764562606.1269526,kem_handshake,0.000022712|0.000021550|0.000051274,0.00,0.00,43069440,43069440,768,768,1536
875,1764562606.1282606,kem_handshake,0.000022432|0.000015849|0.000036457,0.00,0.00,43069440,43069440,768,768,1536
876,1764562606.1294448,kem_handshake,0.000022411|0.000016901|0.000037690,0.00,0.00,43069440,43069440,768,768,1536
877,1764562606.1305532,kem_handshake,0.000020488|0.000016721|0.000032961,0.00,0.00,43069440,43069440,768,768,1536
878,1764562606.1316257,kem_handshake,0.000018574|0.000015339|0.000032591,0.00,0.00,43069440,43069440,768,768,1536
879,1764562606.1326685,kem_handshake,0.000018374|0.000015669|0.000032591,0.00,0.00,43069440,43069440,768,768,1536
880,1764562606.13372,kem_handshake,0.000019065|0.000015448|0.000032731,0.00,0.00,43069440,43069440,768,768,1536
881,1764562606.134919,kem_handshake,0.000021921|0.000022622|0.000036087,0.00,0.00,43069440,43069440,768,768,1536
882,1764562606.136267,kem_handshake,0.000021580|0.000016360|0.000035977,0.00,0.00,43069440,43069440,768,768,1536
883,1764562606.1373756,kem_handshake,0.000018544|0.000015619|0.000033061,0.00,0.00,43069440,43069440,768,768,1536
884,1764562606.1384592,kem_handshake,0.000018705|0.000015338|0.000032621,0.00,0.00,43069440,43069440,768,768,1536
885,1764562606.1394973,kem_handshake,0.000017903|0.000015178|0.000032520,0.00,0.00,43069440,43069440,768,768,1536
886,1764562606.1405492,kem_handshake,0.000018945|0.000015438|0.000032730,0.00,0.00,43069440,43069440,768,768,1536
887,1764562606.1416292,kem_handshake,0.000019196|0.000015479|0.000033051,0.00,0.00,43069440,43069440,768,768,1536
888,1764562606.1427062,kem_handshake,0.000019085|0.000015498|0.000032710,0.00,0.00,43069440,43069440,768,768,1536
889,1764562606.1441288,kem_handshake,0.000030506|0.000019006|0.000043821,0.00,0.00,43069440,43069440,768,768,1536
890,1764562606.145492,kem_handshake,0.000020608|0.000016701|0.000035305,0.00,0.00,43069440,43069440,768,768,1536
891,1764562606.1465673,kem_handshake,0.000018805|0.000016010|0.000032771,0.00,0.00,43069440,43069440,768,768,1536
892,1764562606.147636,kem_handshake,0.000018414|0.000015629|0.000032610,0.00,15227.20,43069440,43069440,768,768,1536
893,1764562606.1486983,kem_handshake,0.000018705|0.000015829|0.000032690,0.00,0.00,43069440,43069440,768,768,1536
894,1764562606.149752,kem_handshake,0.000018053|0.000015439|0.000032220,0.00,0.00,43069440,43069440,768,768,1536
895,1764562606.15085,kem_handshake,0.000019235|0.000015508|0.000039303,0.00,0.00,43069440,43069440,768,768,1536
896,1764562606.1520607,kem_handshake,0.000023193|0.000016240|0.000034985,0.00,0.00,43069440,43069440,768,768,1536
897,1764562606.153437,kem_handshake,0.000023223|0.000015980|0.000035125,0.00,0.00,43069440,43069440,768,768,1536
898,1764562606.1545682,kem_handshake,0.000019286|0.000015669|0.000032761,0.00,0.00,43069440,43069440,768,768,1536
899,1764562606.1556332,kem_handshake,0.000018975|0.000015449|0.000032670,0.00,0.00,43069440,43069440,768,768,1536
900,1764562606.1566782,kem_handshake,0.000018804|0.000015158|0.000032610,0.00,0.00,43069440,43069440,768,768,1536
901,1764562606.157726,kem_handshake,0.000018815|0.000015408|0.000032630,0.00,0.00,43069440,43069440,768,768,1536
902,1764562606.1587858,kem_handshake,0.000019245|0.000015699|0.000036838,0.00,0.00,43069440,43069440,768,768,1536
903,1764562606.1603374,kem_handshake,0.000041577|0.000032359|0.000039062,0.00,0.00,43069440,43069440,768,768,1536
904,1764562606.161878,kem_handshake,0.000022702|0.000017152|0.000039363,0.00,0.00,43069440,43069440,768,768,1536
905,1764562606.1630464,kem_handshake,0.000071482|0.000022031|0.000038331,0.00,0.00,43069440,43069440,768,768,1536
906,1764562606.164123,kem_handshake,0.000019806|0.000015919|0.000033392,0.00,0.00,43069440,43069440,768,768,1536
907,1764562606.165209,kem_handshake,0.000019556|0.000016160|0.000032871,0.00,0.00,43069440,43069440,768,768,1536
908,1764562606.1662962,kem_handshake,0.000019907|0.000015839|0.000033913,0.00,0.00,43069440,43069440,768,768,1536
909,1764562606.1674151,kem_handshake,0.000019927|0.000015959|0.000033432,0.00,0.00,43069440,43069440,768,768,1536
910,1764562606.1685672,kem_handshake,0.000021310|0.000015919|0.000034013,0.00,0.00,43069440,43069440,768,768,1536
911,1764562606.1698968,kem_handshake,0.000022010|0.000016280|0.000052587,0.00,0.00,43069440,43069440,768,768,1536
912,1764562606.1711743,kem_handshake,0.000022712|0.000016280|0.000033562,0.00,0.00,43069440,43069440,768,768,1536
913,1764562606.1723056,kem_handshake,0.000019436|0.000016581|0.000032761,0.00,0.00,43069440,43069440,768,768,1536
914,1764562606.1733902,kem_handshake,0.000019085|0.000015860|0.000032640,0.00,0.00,43069440,43069440,768,768,1536
915,1764562606.1744518,kem_handshake,0.000018575|0.000015138|0.000032610,0.00,0.00,43069440,43069440,768,768,1536
916,1764562606.175544,kem_handshake,0.000022862|0.000019295|0.000033391,0.00,0.00,43069440,43069440,768,768,1536
917,1764562606.176721,kem_handshake,0.000025347|0.000019326|0.000042619,0.00,0.00,43069440,43069440,768,768,1536
918,1764562606.177921,kem_handshake,0.000022542|0.000022752|0.000034042,0.00,0.00,43069440,43069440,768,768,1536
919,1764562606.179006,kem_handshake,0.000018654|0.000015408|0.000032640,0.00,0.00,43069440,43069440,768,768,1536
920,1764562606.180076,kem_handshake,0.000018695|0.000015428|0.000032600,0.00,0.00,43069440,43069440,768,768,1536
921,1764562606.181119,kem_handshake,0.000018023|0.000015018|0.000032900,0.00,0.00,43069440,43069440,768,768,1536
922,1764562606.182167,kem_handshake,0.000018414|0.000015338|0.000032820,0.00,0.00,43069440,43069440,768,768,1536
923,1764562606.1832051,kem_handshake,0.000018103|0.000015228|0.000032119,0.00,0.00,43069440,43069440,768,768,1536
924,1764562606.1842308,kem_handshake,0.000017743|0.000014918|0.000032119,0.00,0.00,43069440,43069440,768,768,1536
925,1764562606.1853328,kem_handshake,0.000022602|0.000016000|0.000035746,0.00,0.00,43069440,43069440,768,768,1536
926,1764562606.1865497,kem_handshake,0.000025317|0.000018334|0.000039613,0.00,0.00,43069440,43069440,768,768,1536
927,1764562606.1877418,kem_handshake,0.000019936|0.000015608|0.000033031,0.00,0.00,43069440,43069440,768,768,1536
928,1764562606.1888103,kem_handshake,0.000019065|0.000015799|0.000032800,0.00,0.00,43069440,43069440,768,768,1536
929,1764562606.189878,kem_handshake,0.000018605|0.000015088|0.000037800,0.00,0.00,43069440,43069440,768,768,1536
930,1764562606.1909134,kem_handshake,0.000018544|0.000020839|0.000032730,0.00,0.00,43069440,43069440,768,768,1536
931,1764562606.1919837,kem_handshake,0.000018715|0.000015328|0.000032540,0.00,0.00,43069440,43069440,768,768,1536
932,1764562606.1930501,kem_handshake,0.000019596|0.000015759|0.000032691,0.00,0.00,43069440,43069440,768,768,1536
933,1764562606.1941128,kem_handshake,0.000020318|0.000015970|0.000033582,0.00,0.00,43069440,43069440,768,768,1536
934,1764562606.195203,kem_handshake,0.000018675|0.000015008|0.000057496,0.00,0.00,43069440,43069440,768,768,1536
935,1764562606.1963234,kem_handshake,0.000020298|0.000016340|0.000034534,0.00,0.00,43069440,43069440,768,768,1536
936,1764562606.1974406,kem_handshake,0.000019336|0.000015188|0.000033151,0.00,0.00,43069440,43069440,768,768,1536
937,1764562606.1985185,kem_handshake,0.000018535|0.000015358|0.000032089,0.00,0.00,43069440,43069440,768,768,1536
938,1764562606.1995595,kem_handshake,0.000018013|0.000015379|0.000032570,0.00,0.00,43069440,43069440,768,768,1536
939,1764562606.2005827,kem_handshake,0.000018024|0.000015128|0.000032651,0.00,0.00,43069440,43069440,768,768,1536
940,1764562606.201642,kem_handshake,0.000019886|0.000016470|0.000033151,0.00,0.00,43069440,43069440,768,768,1536
941,1764562606.202948,kem_handshake,0.000044322|0.000025988|0.000057447,0.00,0.00,43069440,43069440,768,768,1536
942,1764562606.2040846,kem_handshake,0.000020188|0.000015899|0.000033081,0.00,0.00,43069440,43069440,768,768,1536
943,1764562606.205146,kem_handshake,0.000019466|0.000015529|0.000032700,0.00,0.00,43069440,43069440,768,768,1536
944,1764562606.2070432,kem_handshake,0.000018935|0.000015649|0.000034204,0.00,0.00,43069440,43069440,768,768,1536
945,1764562606.2083788,kem_handshake,0.000018484|0.000015318|0.000033442,0.00,0.00,43069440,43069440,768,768,1536
946,1764562606.2099922,kem_handshake,0.000041537|0.000034835|0.000067404,0.00,0.00,43069440,43069440,768,768,1536
947,1764562606.2114408,kem_handshake,0.000020778|0.000016841|0.000035075,0.00,0.00,43069440,43069440,768,768,1536
948,1764562606.2129319,kem_handshake,0.000042448|0.000032971|0.000068877,0.00,0.00,43069440,43069440,768,768,1536
949,1764562606.2141864,kem_handshake,0.000019316|0.000016942|0.000032971,0.00,0.00,43069440,43069440,768,768,1536
950,1764562606.2152803,kem_handshake,0.000019897|0.000015599|0.000043059,0.00,0.00,43069440,43069440,768,768,1536
951,1764562606.2163632,kem_handshake,0.000018304|0.000015088|0.000033301,0.00,0.00,43069440,43069440,768,768,1536
952,1764562606.2174752,kem_handshake,0.000019256|0.000015659|0.000033071,0.00,0.00,43069440,43069440,768,768,1536
953,1764562606.218775,kem_handshake,0.000055893|0.000032500|0.000063047,0.00,0.00,43069440,43069440,768,768,1536
954,1764562606.219941,kem_handshake,0.000025858|0.000016250|0.000033021,0.00,0.00,43069440,43069440,768,768,1536
955,1764562606.2210088,kem_handshake,0.000018895|0.000015599|0.000032681,0.00,0.00,43069440,43069440,768,768,1536
956,1764562606.2221036,kem_handshake,0.000020237|0.000015539|0.000032741,0.00,0.00,43069440,43069440,768,768,1536
957,1764562606.2231581,kem_handshake,0.000018364|0.000014857|0.000032931,0.00,0.00,43069440,43069440,768,768,1536
958,1764562606.2242155,kem_handshake,0.000018454|0.000015248|0.000032681,0.00,0.00,43069440,43069440,768,768,1536
959,1764562606.2253249,kem_handshake,0.000070500|0.000015429|0.000032901,0.00,0.00,43069440,43069440,768,768,1536
960,1764562606.2265062,kem_handshake,0.000049822|0.000016440|0.000034103,0.00,0.00,43069440,43069440,768,768,1536
961,1764562606.2281797,kem_handshake,0.000021850|0.000016872|0.000034784,0.00,0.00,43069440,43069440,768,768,1536
962,1764562606.2292767,kem_handshake,0.000019095|0.000015649|0.000032680,0.00,0.00,43069440,43069440,768,768,1536
963,1764562606.2303376,kem_handshake,0.000018464|0.000015269|0.000032781,0.00,0.00,43069440,43069440,768,768,1536
964,1764562606.2314007,kem_handshake,0.000018234|0.000015208|0.000032530,0.00,0.00,43069440,43069440,768,768,1536
965,1764562606.2324464,kem_handshake,0.000018354|0.000014967|0.000032610,0.00,0.00,43069440,43069440,768,768,1536
966,1764562606.2334864,kem_handshake,0.000017763|0.000014687|0.000051004,0.00,0.00,43069440,43069440,768,768,1536
967,1764562606.2346854,kem_handshake,0.000026649|0.000021560|0.000039193,0.00,0.00,43069440,43069440,768,768,1536
968,1764562606.235971,kem_handshake,0.000057196|0.000019696|0.000042659,0.00,0.00,43069440,43069440,768,768,1536
969,1764562606.2370431,kem_handshake,0.000018844|0.000015037|0.000032580,0.00,0.00,43069440,43069440,768,768,1536
970,1764562606.238112,kem_handshake,0.000018985|0.000015428|0.000032891,0.00,0.00,43069440,43069440,768,768,1536
971,1764562606.2391565,kem_handshake,0.000018324|0.000015309|0.000032620,0.00,0.00,43069440,43069440,768,768,1536
972,1764562606.2401927,kem_handshake,0.000018134|0.000015328|0.000032881,0.00,0.00,43069440,43069440,768,768,1536
973,1764562606.2412596,kem_handshake,0.000018164|0.000015158|0.000032520,0.00,0.00,43069440,43069440,768,768,1536
974,1764562606.2424443,kem_handshake,0.000019526|0.000015870|0.000033592,0.00,0.00,43069440,43069440,768,768,1536
975,1764562606.2450695,kem_handshake,0.000095777|0.000036347|0.000073896,0.00,0.00,43069440,43069440,768,768,1536
976,1764562606.2463675,kem_handshake,0.000021410|0.000015989|0.000033993,0.00,0.00,43069440,43069440,768,768,1536
977,1764562606.247444,kem_handshake,0.000019116|0.000015398|0.000033452,0.00,0.00,43069440,43069440,768,768,1536
978,1764562606.248488,kem_handshake,0.000017803|0.000015308|0.000032610,0.00,0.00,43069440,43069440,768,768,1536
979,1764562606.249555,kem_handshake,0.000018394|0.000015057|0.000032780,0.00,0.00,43069440,43069440,768,768,1536
980,1764562606.250609,kem_handshake,0.000018404|0.000015228|0.000032630,0.00,0.00,43069440,43069440,768,768,1536
981,1764562606.2519,kem_handshake,0.000027480|0.000021800|0.000039633,0.00,0.00,43069440,43069440,768,768,1536
982,1764562606.253355,kem_handshake,0.000038761|0.000021710|0.000044633,0.00,0.00,43069440,43069440,768,768,1536
983,1764562606.2545133,kem_handshake,0.000018495|0.000015378|0.000032690,0.00,0.00,43069440,43069440,768,768,1536
984,1764562606.2555873,kem_handshake,0.000018515|0.000015208|0.000032700,0.00,0.00,43069440,43069440,768,768,1536
985,1764562606.2566602,kem_handshake,0.000018635|0.000015168|0.000032660,0.00,0.00,43069440,43069440,768,768,1536
986,1764562606.2577398,kem_handshake,0.000019937|0.000031128|0.000032650,0.00,0.00,43069440,43069440,768,768,1536
987,1764562606.2587876,kem_handshake,0.000018364|0.000015379|0.000032651,0.00,0.00,43069440,43069440,768,768,1536
988,1764562606.2599103,kem_handshake,0.000019556|0.000015780|0.000033151,0.00,0.00,43069440,43069440,768,768,1536
989,1764562606.261296,kem_handshake,0.000040746|0.000022291|0.000064008,0.00,0.00,43069440,43069440,768,768,1536
990,1764562606.262502,kem_handshake,0.000019386|0.000015649|0.000033161,0.00,0.00,43069440,43069440,768,768,1536
991,1764562606.263576,kem_handshake,0.000019376|0.000015779|0.000032630,0.00,0.00,43069440,43069440,768,768,1536
992,1764562606.2646585,kem_handshake,0.000019126|0.000015469|0.000032490,0.00,0.00,43069440,43069440,768,768,1536
993,1764562606.2656977,kem_handshake,0.000018093|0.000015098|0.000032620,0.00,0.00,43069440,43069440,768,768,1536
994,1764562606.2668252,kem_handshake,0.000018283|0.000015568|0.000032920,0.00,0.00,43069440,43069440,768,768,1536
995,1764562606.2682426,kem_handshake,0.000062396|0.000028963|0.000045384,0.00,0.00,43069440,43069440,768,768,1536
996,1764562606.2695706,kem_handshake,0.000041858|0.000019997|0.000052857,0.00,0.00,43069440,43069440,768,768,1536
997,1764562606.2707026,kem_handshake,0.000019707|0.000015879|0.000032871,0.00,0.00,43069440,43069440,768,768,1536
998,1764562606.2718027,kem_handshake,0.000018965|0.000015529|0.000032650,0.00,0.00,43069440,43069440,768,768,1536
999,1764562606.2728758,kem_handshake,0.000018724|0.000015689|0.000039583,0.00,0.00,43069440,43069440,768,768,1536
1000,1764562606.2739656,kem_handshake,0.000018725|0.000015278|0.000032590,0.00,0.00,43069440,43069440,768,768,1536
1001,1764562606.2750132,kem_handshake,0.000018394|0.000015008|0.000032680,0.00,0.00,43069440,43069440,768,768,1536
1002,1764562606.2760987,kem_handshake,0.000018664|0.000015489|0.000036828,0.00,0.00,43069440,43069440,768,768,1536
1003,1764562606.2775214,kem_handshake,0.000022702|0.000015799|0.000035355,0.00,0.00,43069440,43069440,768,768,1536
1004,1764562606.2788668,kem_handshake,0.000018915|0.000015328|0.000041577,0.00,0.00,43069440,43069440,768,768,1536
1005,1764562606.280129,kem_handshake,0.000030887|0.000018504|0.000040706,0.00,0.00,43069440,43069440,768,768,1536
1006,1764562606.2814167,kem_handshake,0.000023062|0.000017012|0.000036046,0.00,0.00,43069440,43069440,768,768,1536
1007,1764562606.2825468,kem_handshake,0.000018515|0.000015248|0.000032180,0.00,0.00,43069440,43069440,768,768,1536
1008,1764562606.2835903,kem_handshake,0.000018274|0.000015108|0.000033031,0.00,0.00,43069440,43069440,768,768,1536
1009,1764562606.2847428,kem_handshake,0.000019355|0.000015528|0.000033432,0.00,0.00,43069440,43069440,768,768,1536
1010,1764562606.286463,kem_handshake,0.000030296|0.000021189|0.000050443,0.00,0.00,43069440,43069440,768,768,1536
1011,1764562606.2879531,kem_handshake,0.000022001|0.000016390|0.000096879,0.00,0.00,43069440,43069440,768,768,1536
1012,1764562606.2892103,kem_handshake,0.000021940|0.000016882|0.000033592,0.00,0.00,43069440,43069440,768,768,1536
1013,1764562606.2903385,kem_handshake,0.000019737|0.000015528|0.000032821,0.00,0.00,43069440,43069440,768,768,1536
1014,1764562606.291406,kem_handshake,0.000018845|0.000015719|0.000032800,0.00,0.00,43069440,43069440,768,768,1536
1015,1764562606.2925005,kem_handshake,0.000019096|0.000016170|0.000037128,0.00,0.00,43069440,43069440,768,768,1536
1016,1764562606.293885,kem_handshake,0.000045825|0.000022562|0.000059039,0.00,0.00,43069440,43069440,768,768,1536
1017,1764562606.2950537,kem_handshake,0.000020237|0.000015528|0.000033843,0.00,0.00,43069440,43069440,768,768,1536
1018,1764562606.296146,kem_handshake,0.000019086|0.000015949|0.000032690,0.00,0.00,43069440,43069440,768,768,1536
1019,1764562606.2972186,kem_handshake,0.000018494|0.000015198|0.000032640,0.00,0.00,43069440,43069440,768,768,1536
1020,1764562606.2982662,kem_handshake,0.000018003|0.000015338|0.000032651,0.00,0.00,43069440,43069440,768,768,1536
1021,1764562606.2993338,kem_handshake,0.000018555|0.000015178|0.000032640,0.00,0.00,43069440,43069440,768,768,1536
1022,1764562606.3004167,kem_handshake,0.000019025|0.000015729|0.000032530,0.00,0.00,43069440,43069440,768,768,1536
1023,1764562606.3015883,kem_handshake,0.000021300|0.000015789|0.000035937,0.00,0.00,43069440,43069440,768,768,1536
1024,1764562606.3029165,kem_handshake,0.000026879|0.000018885|0.000039713,0.00,0.00,43069440,43069440,768,768,1536
1025,1764562606.3039987,kem_handshake,0.000018774|0.000015118|0.000032670,0.00,0.00,43069440,43069440,768,768,1536
1026,1764562606.305075,kem_handshake,0.000018264|0.000015609|0.000032631,0.00,0.00,43069440,43069440,768,768,1536
1027,1764562606.306146,kem_handshake,0.000018554|0.000015399|0.000032770,0.00,0.00,43069440,43069440,768,768,1536
1028,1764562606.3072248,kem_handshake,0.000018545|0.000015458|0.000032701,0.00,0.00,43069440,43069440,768,768,1536
1029,1764562606.3082736,kem_handshake,0.000018083|0.000015789|0.000032630,0.00,0.00,43069440,43069440,768,768,1536
1030,1764562606.3093586,kem_handshake,0.000019557|0.000015619|0.000032770,0.00,0.00,43069440,43069440,768,768,1536
1031,1764562606.310693,kem_handshake,0.000023023|0.000019245|0.000046125,0.00,0.00,43069440,43069440,768,768,1536
1032,1764562606.3118489,kem_handshake,0.000018985|0.000015298|0.000038491,0.00,0.00,43069440,43069440,768,768,1536
1033,1764562606.3129303,kem_handshake,0.000018093|0.000028533|0.000032530,0.00,0.00,43069440,43069440,768,768,1536
1034,1764562606.3139856,kem_handshake,0.000019386|0.000015529|0.000032731,0.00,0.00,43069440,43069440,768,768,1536
1035,1764562606.3150358,kem_handshake,0.000018083|0.000014917|0.000032650,0.00,0.00,43069440,43069440,768,768,1536
1036,1764562606.3160775,kem_handshake,0.000018154|0.000015148|0.000032811,0.00,0.00,43069440,43069440,768,768,1536
1037,1764562606.3171172,kem_handshake,0.000018464|0.000015077|0.000032610,0.00,0.00,43069440,43069440,768,768,1536
1038,1764562606.3182786,kem_handshake,0.000018735|0.000015629|0.000033402,0.00,0.00,43069440,43069440,768,768,1536
1039,1764562606.3194745,kem_handshake,0.000019676|0.000015498|0.000032881,0.00,0.00,43069440,43069440,768,768,1536
1040,1764562606.3205292,kem_handshake,0.000018485|0.000015148|0.000032310,0.00,0.00,43069440,43069440,768,768,1536
1041,1764562606.3215601,kem_handshake,0.000018394|0.000015138|0.000032981,0.00,0.00,43069440,43069440,768,768,1536
1042,1764562606.32265,kem_handshake,0.000019226|0.000015469|0.000034233,0.00,0.00,43069440,43069440,768,768,1536
1043,1764562606.323688,kem_handshake,0.000018043|0.000015008|0.000032760,0.00,0.00,43069440,43069440,768,768,1536
1044,1764562606.3247216,kem_handshake,0.000018554|0.000015669|0.000032610,0.00,0.00,43069440,43069440,768,768,1536
1045,1764562606.3258128,kem_handshake,0.000021089|0.000018695|0.000033242,0.00,13645.40,43069440,43069440,768,768,1536
1046,1764562606.3272512,kem_handshake,0.000030857|0.000016991|0.000038851,0.00,0.00,43069440,43069440,768,768,1536
1047,1764562606.3283525,kem_handshake,0.000018244|0.000015118|0.000033242,0.00,0.00,43069440,43069440,768,768,1536
1048,1764562606.329432,kem_handshake,0.000018925|0.000015158|0.000032640,0.00,0.00,43069440,43069440,768,768,1536
1049,1764562606.330491,kem_handshake,0.000018363|0.000015188|0.000032831,0.00,0.00,43069440,43069440,768,768,1536
1050,1764562606.3315272,kem_handshake,0.000017693|0.000015048|0.000032470,0.00,0.00,43069440,43069440,768,768,1536
1051,1764562606.3325598,kem_handshake,0.000017693|0.000014928|0.000032670,0.00,0.00,43069440,43069440,768,768,1536
1052,1764562606.3335936,kem_handshake,0.000018224|0.000015138|0.000032510,0.00,0.00,43069440,43069440,768,768,1536
1053,1764562606.3346806,kem_handshake,0.000019496|0.000015358|0.000033742,0.00,0.00,43069440,43069440,768,768,1536
1054,1764562606.3360085,kem_handshake,0.000023564|0.000015910|0.000035526,0.00,0.00,43069440,43069440,768,768,1536
1055,1764562606.337101,kem_handshake,0.000018334|0.000015087|0.000032701,0.00,0.00,43069440,43069440,768,768,1536
1056,1764562606.3381393,kem_handshake,0.000018274|0.000015399|0.000032741,0.00,0.00,43069440,43069440,768,768,1536
1057,1764562606.339217,kem_handshake,0.000020157|0.000015940|0.000035736,0.00,0.00,43069440,43069440,768,768,1536
1058,1764562606.3402646,kem_handshake,0.000018323|0.000014977|0.000032650,0.00,0.00,43069440,43069440,768,768,1536
1059,1764562606.3413,kem_handshake,0.000018014|0.000015078|0.000032560,0.00,0.00,43069440,43069440,768,768,1536
1060,1764562606.3423774,kem_handshake,0.000021680|0.000019476|0.000032861,0.00,0.00,43069440,43069440,768,768,1536
1061,1764562606.3436637,kem_handshake,0.000022832|0.000017192|0.000036778,0.00,0.00,43069440,43069440,768,768,1536
1062,1764562606.3448555,kem_handshake,0.000019877|0.000015739|0.000037880,0.00,0.00,43069440,43069440,768,768,1536
1063,1764562606.3459148,kem_handshake,0.000018674|0.000019466|0.000036328,0.00,0.00,43069440,43069440,768,768,1536
1064,1764562606.3469682,kem_handshake,0.000021911|0.000015268|0.000032791,0.00,0.00,43069440,43069440,768,768,1536
1065,1764562606.3479986,kem_handshake,0.000017953|0.000014957|0.000032591,0.00,0.00,43069440,43069440,768,768,1536
1066,1764562606.3491335,kem_handshake,0.000019757|0.000016140|0.000034313,0.00,0.00,43069440,43069440,768,768,1536
1067,1764562606.3502228,kem_handshake,0.000025136|0.000015659|0.000032670,0.00,0.00,43069440,43069440,768,768,1536
1068,1764562606.3514278,kem_handshake,0.000027491|0.000020428|0.000040315,0.00,0.00,43069440,43069440,768,768,1536
1069,1764562606.3527489,kem_handshake,0.000029044|0.000021530|0.000052647,0.00,0.00,43069440,43069440,768,768,1536
1070,1764562606.3543398,kem_handshake,0.000041366|0.000032560|0.000080248,0.00,0.00,43069440,43069440,768,768,1536
1071,1764562606.3563125,kem_handshake,0.000064389|0.000025246|0.000051846,0.00,0.00,43069440,43069440,768,768,1536
1072,1764562606.3575358,kem_handshake,0.000023333|0.000016651|0.000035365,0.00,0.00,43069440,43069440,768,768,1536
1073,1764562606.3586578,kem_handshake,0.000019806|0.000015809|0.000033111,0.00,0.00,43069440,43069440,768,768,1536
1074,1764562606.3599267,kem_handshake,0.000025547|0.000019626|0.000049011,0.00,0.00,43069440,43069440,768,768,1536
1075,1764562606.3612144,kem_handshake,0.000021320|0.000016500|0.000033772,0.00,0.00,43069440,43069440,768,768,1536
1076,1764562606.362322,kem_handshake,0.000019826|0.000016220|0.000033442,0.00,0.00,43069440,43069440,768,768,1536
1077,1764562606.3633997,kem_handshake,0.000019105|0.000016100|0.000032760,0.00,0.00,43069440,43069440,768,768,1536
1078,1764562606.364471,kem_handshake,0.000018834|0.000015518|0.000032821,0.00,0.00,43069440,43069440,768,768,1536
1079,1764562606.36554,kem_handshake,0.000019677|0.000015799|0.000033241,0.00,0.00,43069440,43069440,768,768,1536
1080,1764562606.3667116,kem_handshake,0.000020498|0.000056073|0.000040966,0.00,0.00,43069440,43069440,768,768,1536
1081,1764562606.367977,kem_handshake,0.000028422|0.000016340|0.000068617,0.00,0.00,43069440,43069440,768,768,1536
1082,1764562606.369414,kem_handshake,0.000021680|0.000017152|0.000035215,0.00,0.00,43069440,43069440,768,768,1536
1083,1764562606.3705058,kem_handshake,0.000019686|0.000015870|0.000033121,0.00,0.00,43069440,43069440,768,768,1536
1084,1764562606.3717158,kem_handshake,0.000019647|0.000015558|0.000032369,0.00,0.00,43069440,43069440,768,768,1536
1085,1764562606.3732357,kem_handshake,0.000105054|0.000042990|0.000065321,0.00,0.00,43069440,43069440,768,768,1536
1086,1764562606.374401,kem_handshake,0.000019937|0.000016130|0.000032821,0.00,0.00,43069440,43069440,768,768,1536
1087,1764562606.3754754,kem_handshake,0.000019165|0.000015399|0.000032741,0.00,0.00,43069440,43069440,768,768,1536
1088,1764562606.3767414,kem_handshake,0.000029895|0.000019055|0.000039453,0.00,0.00,43069440,43069440,768,768,1536
1089,1764562606.3779354,kem_handshake,0.000024185|0.000016330|0.000032891,0.00,0.00,43069440,43069440,768,768,1536
1090,1764562606.3790069,kem_handshake,0.000019216|0.000015739|0.000032921,0.00,0.00,43069440,43069440,768,768,1536
1091,1764562606.3800666,kem_handshake,0.000018544|0.000015589|0.000033031,0.00,0.00,43069440,43069440,768,768,1536
1092,1764562606.3811529,kem_handshake,0.000018654|0.000015488|0.000032621,0.00,0.00,43069440,43069440,768,768,1536
1093,1764562606.3822052,kem_handshake,0.000019086|0.000015468|0.000032611,0.00,0.00,43069440,43069440,768,768,1536
1094,1764562606.3832707,kem_handshake,0.000018464|0.000015259|0.000032290,0.00,0.00,43069440,43069440,768,768,1536
1095,1764562606.3843415,kem_handshake,0.000018915|0.000015719|0.000032921,0.00,0.00,43069440,43069440,768,768,1536
1096,1764562606.3855908,kem_handshake,0.000022010|0.000016090|0.000035716,0.00,0.00,43069440,43069440,768,768,1536
1097,1764562606.3866708,kem_handshake,0.000019346|0.000015408|0.000033061,0.00,0.00,43069440,43069440,768,768,1536
1098,1764562606.3877308,kem_handshake,0.000018153|0.000015228|0.000040645,0.00,0.00,43069440,43069440,768,768,1536
1099,1764562606.3887942,kem_handshake,0.000018364|0.000015609|0.000032941,0.00,0.00,43069440,43069440,768,768,1536
1100,1764562606.389849,kem_handshake,0.000018184|0.000015619|0.000040535,0.00,0.00,43069440,43069440,768,768,1536
1101,1764562606.3908827,kem_handshake,0.000017993|0.000015559|0.000032891,0.00,0.00,43069440,43069440,768,768,1536
1102,1764562606.3919334,kem_handshake,0.000022802|0.000016080|0.000032500,0.00,0.00,43069440,43069440,768,768,1536
1103,1764562606.3930278,kem_handshake,0.000019516|0.000015759|0.000033853,0.00,0.00,43069440,43069440,768,768,1536
1104,1764562606.394237,kem_handshake,0.000018795|0.000015168|0.000034173,0.00,0.00,43069440,43069440,768,768,1536
1105,1764562606.3953028,kem_handshake,0.000018404|0.000015208|0.000032590,0.00,0.00,43069440,43069440,768,768,1536
1106,1764562606.3963845,kem_handshake,0.000018054|0.000015118|0.000032550,0.00,0.00,43069440,43069440,768,768,1536
1107,1764562606.3974137,kem_handshake,0.000017733|0.000015158|0.000032600,0.00,0.00,43069440,43069440,768,768,1536
1108,1764562606.3984604,kem_handshake,0.000018314|0.000015599|0.000032851,0.00,0.00,43069440,43069440,768,768,1536
1109,1764562606.399503,kem_handshake,0.000017983|0.000015388|0.000032831,0.00,0.00,43069440,43069440,768,768,1536
1110,1764562606.40053,kem_handshake,0.000017693|0.000014808|0.000032790,0.00,0.00,43069440,43069440,768,768,1536
1111,1764562606.40176,kem_handshake,0.000033923|0.000016421|0.000043210,0.00,0.00,43069440,43069440,768,768,1536
1112,1764562606.4029005,kem_handshake,0.000018634|0.000015729|0.000033271,0.00,0.00,43069440,43069440,768,768,1536
1113,1764562606.4039557,kem_handshake,0.000018885|0.000018765|0.000032670,0.00,0.00,43069440,43069440,768,768,1536
1114,1764562606.4050376,kem_handshake,0.000019386|0.000015909|0.000032430,0.00,0.00,43069440,43069440,768,768,1536
1115,1764562606.40609,kem_handshake,0.000018173|0.000015298|0.000032741,0.00,0.00,43069440,43069440,768,768,1536
1116,1764562606.4071255,kem_handshake,0.000018023|0.000015318|0.000033011,0.00,0.00,43069440,43069440,768,768,1536
1117,1764562606.4081745,kem_handshake,0.000018023|0.000015279|0.000032680,0.00,0.00,43069440,43069440,768,768,1536
1118,1764562606.4092634,kem_handshake,0.000020438|0.000016631|0.000035095,0.00,0.00,43069440,43069440,768,768,1536
1119,1764562606.4105563,kem_handshake,0.000021270|0.000015458|0.000035876,0.00,0.00,43069440,43069440,768,768,1536
1120,1764562606.4116836,kem_handshake,0.000018044|0.000015018|0.000032680,0.00,0.00,43069440,43069440,768,768,1536
1121,1764562606.4127424,kem_handshake,0.000018704|0.000014878|0.000032570,0.00,0.00,43069440,43069440,768,768,1536
1122,1764562606.4137905,kem_handshake,0.000018174|0.000015218|0.000032761,0.00,0.00,43069440,43069440,768,768,1536
1123,1764562606.4148626,kem_handshake,0.000018254|0.000015108|0.000032410,0.00,0.00,43069440,43069440,768,768,1536
1124,1764562606.415951,kem_handshake,0.000035165|0.000015649|0.000033422,0.00,0.00,43069440,43069440,768,768,1536
1125,1764562606.4169855,kem_handshake,0.000018074|0.000015499|0.000032620,0.00,0.00,43069440,43069440,768,768,1536
1126,1764562606.418176,kem_handshake,0.000020037|0.000015609|0.000034944,0.00,0.00,43069440,43069440,768,768,1536
1127,1764562606.4193347,kem_handshake,0.000019366|0.000015449|0.000032520,0.00,0.00,43069440,43069440,768,768,1536
1128,1764562606.4203672,kem_handshake,0.000018133|0.000015198|0.000032670,0.00,0.00,43069440,43069440,768,768,1536
1129,1764562606.4214153,kem_handshake,0.000017953|0.000015318|0.000032740,0.00,0.00,43069440,43069440,768,768,1536
1130,1764562606.4224615,kem_handshake,0.000018574|0.000015208|0.000032521,0.00,0.00,43069440,43069440,768,768,1536
1131,1764562606.4234872,kem_handshake,0.000017592|0.000015339|0.000032470,0.00,0.00,43069440,43069440,768,768,1536
1132,1764562606.4245188,kem_handshake,0.000017923|0.000014898|0.000032751,0.00,0.00,43069440,43069440,768,768,1536
1133,1764562606.425575,kem_handshake,0.000020107|0.000015709|0.000034043,0.00,0.00,43069440,43069440,768,768,1536
1134,1764562606.4269333,kem_handshake,0.000022262|0.000024505|0.000037850,0.00,0.00,43069440,43069440,768,768,1536
1135,1764562606.428058,kem_handshake,0.000020478|0.000016020|0.000033091,0.00,0.00,43069440,43069440,768,768,1536
1136,1764562606.429152,kem_handshake,0.000019646|0.000015789|0.000032801,0.00,0.00,43069440,43069440,768,768,1536
1137,1764562606.430208,kem_handshake,0.000018985|0.000015558|0.000032591,0.00,0.00,43069440,43069440,768,768,1536
1138,1764562606.4312756,kem_handshake,0.000019136|0.000015559|0.000032650,0.00,0.00,43069440,43069440,768,768,1536
1139,1764562606.432353,kem_handshake,0.000018594|0.000015288|0.000032170,0.00,0.00,43069440,43069440,768,768,1536
1140,1764562606.4333904,kem_handshake,0.000018344|0.000015649|0.000032900,0.00,0.00,43069440,43069440,768,768,1536
1141,1764562606.4344907,kem_handshake,0.000018804|0.000015308|0.000035405,0.00,0.00,43069440,43069440,768,768,1536
1142,1764562606.435753,kem_handshake,0.000036127|0.000023133|0.000047909,0.00,0.00,43069440,43069440,768,768,1536
1143,1764562606.4368372,kem_handshake,0.000019506|0.000015850|0.000032760,0.00,0.00,43069440,43069440,768,768,1536
1144,1764562606.437907,kem_handshake,0.000018855|0.000015659|0.000032761,0.00,0.00,43069440,43069440,768,768,1536
1145,1764562606.4389563,kem_handshake,0.000018544|0.000015389|0.000032640,0.00,0.00,43069440,43069440,768,768,1536
1146,1764562606.439993,kem_handshake,0.000018333|0.000015348|0.000032741,0.00,0.00,43069440,43069440,768,768,1536
1147,1764562606.4410512,kem_handshake,0.000019056|0.000015569|0.000032099,0.00,0.00,43069440,43069440,768,768,1536
1148,1764562606.4420853,kem_handshake,0.000018314|0.000015419|0.000032450,0.00,0.00,43069440,43069440,768,768,1536
1149,1764562606.4432456,kem_handshake,0.000020388|0.000020768|0.000040846,0.00,0.00,43069440,43069440,768,768,1536
1150,1764562606.4444664,kem_handshake,0.000019746|0.000016030|0.000032780,0.00,0.00,43069440,43069440,768,768,1536
1151,1764562606.4462821,kem_handshake,0.000046035|0.000026359|0.000063578,0.00,0.00,43069440,43069440,768,768,1536
1152,1764562606.448092,kem_handshake,0.000026468|0.000016921|0.000037860,0.00,0.00,43069440,43069440,768,768,1536
1153,1764562606.4492965,kem_handshake,0.000020938|0.000016430|0.000033933,0.00,0.00,43069440,43069440,768,768,1536
1154,1764562606.4504616,kem_handshake,0.000020387|0.000016480|0.000033893,0.00,0.00,43069440,43069440,768,768,1536
1155,1764562606.451828,kem_handshake,0.000045765|0.000020698|0.000067705,0.00,0.00,43069440,43069440,768,768,1536
1156,1764562606.4535944,kem_handshake,0.000028082|0.000019256|0.000042608,0.00,12125.30,43069440,43069440,768,768,1536
1157,1764562606.4548407,kem_handshake,0.000023603|0.000016300|0.000036428,0.00,0.00,43069440,43069440,768,768,1536
1158,1764562606.4560006,kem_handshake,0.000019826|0.000016671|0.000033612,0.00,0.00,43069440,43069440,768,768,1536
1159,1764562606.4571548,kem_handshake,0.000019777|0.000016230|0.000033843,0.00,0.00,43069440,43069440,768,768,1536
1160,1764562606.4583266,kem_handshake,0.000021400|0.000016500|0.000034193,0.00,0.00,43069440,43069440,768,768,1536
1161,1764562606.4595416,kem_handshake,0.000022271|0.000016892|0.000038752,0.00,0.00,43069440,43069440,768,768,1536
1162,1764562606.46099,kem_handshake,0.000031909|0.000019547|0.000093623,0.00,0.00,43069440,43069440,768,768,1536
1163,1764562606.4631414,kem_handshake,0.000050544|0.000022161|0.000069588,0.00,0.00,43069440,43069440,768,768,1536
1164,1764562606.4649267,kem_handshake,0.000037700|0.000020488|0.000052887,0.00,0.00,43069440,43069440,768,768,1536
1165,1764562606.4663396,kem_handshake,0.000022993|0.000016470|0.000035947,0.00,0.00,43069440,43069440,768,768,1536
1166,1764562606.4676838,kem_handshake,0.000023884|0.000016921|0.000036918,0.00,0.00,43069440,43069440,768,768,1536
1167,1764562606.469304,kem_handshake,0.000064178|0.000030657|0.000060281,0.00,0.00,43069440,43069440,768,768,1536
1168,1764562606.4706643,kem_handshake,0.000023363|0.000017522|0.000034684,0.00,0.00,43069440,43069440,768,768,1536
1169,1764562606.4726443,kem_handshake,0.000023594|0.000016911|0.000037499,0.00,0.00,43069440,43069440,768,768,1536
1170,1764562606.4738407,kem_handshake,0.000020618|0.000015999|0.000036006,0.00,0.00,43069440,43069440,768,768,1536
1171,1764562606.475019,kem_handshake,0.000020648|0.000015900|0.000033492,0.00,0.00,43069440,43069440,768,768,1536
1172,1764562606.4762,kem_handshake,0.000027661|0.000017582|0.000038952,0.00,0.00,43069440,43069440,768,768,1536
1173,1764562606.4776063,kem_handshake,0.000039262|0.000022242|0.000049551,0.00,0.00,43069440,43069440,768,768,1536
1174,1764562606.4789014,kem_handshake,0.000020478|0.000016100|0.000033572,0.00,0.00,43069440,43069440,768,768,1536
1175,1764562606.4800577,kem_handshake,0.000063357|0.000021881|0.000033252,0.00,0.00,43069440,43069440,768,768,1536
1176,1764562606.4811733,kem_handshake,0.000019847|0.000016190|0.000034664,0.00,0.00,43069440,43069440,768,768,1536
1177,1764562606.4822614,kem_handshake,0.000019697|0.000015869|0.000033562,0.00,0.00,43069440,43069440,768,768,1536
1178,1764562606.4833384,kem_handshake,0.000018324|0.000015199|0.000033131,0.00,0.00,43069440,43069440,768,768,1536
1179,1764562606.484392,kem_handshake,0.000018975|0.000015299|0.000032660,0.00,0.00,43069440,43069440,768,768,1536
1180,1764562606.485503,kem_handshake,0.000023293|0.000016270|0.000035235,0.00,0.00,43069440,43069440,768,768,1536
1181,1764562606.4867,kem_handshake,0.000023634|0.000016611|0.000036929,0.00,0.00,43069440,43069440,768,768,1536
1182,1764562606.4881003,kem_handshake,0.000022541|0.000016511|0.000038050,0.00,0.00,43069440,43069440,768,768,1536
1183,1764562606.4892864,kem_handshake,0.000021800|0.000016611|0.000035596,0.00,0.00,43069440,43069440,768,768,1536
1184,1764562606.4904034,kem_handshake,0.000019356|0.000015639|0.000033041,0.00,0.00,43069440,43069440,768,768,1536
1185,1764562606.4918716,kem_handshake,0.000021069|0.000017162|0.000040264,0.00,0.00,43069440,43069440,768,768,1536
1186,1764562606.49299,kem_handshake,0.000021109|0.000016060|0.000033613,0.00,0.00,43069440,43069440,768,768,1536
1187,1764562606.4941401,kem_handshake,0.000024625|0.000017251|0.000035675,0.00,0.00,43069440,43069440,768,768,1536
1188,1764562606.4953225,kem_handshake,0.000021159|0.000016410|0.000034614,0.00,0.00,43069440,43069440,768,768,1536
1189,1764562606.4965286,kem_handshake,0.000024615|0.000016982|0.000038141,0.00,0.00,43069440,43069440,768,768,1536
1190,1764562606.4978178,kem_handshake,0.000025157|0.000018063|0.000036537,0.00,0.00,43069440,43069440,768,768,1536
1191,1764562606.499034,kem_handshake,0.000020308|0.000016030|0.000039863,0.00,0.00,43069440,43069440,768,768,1536
1192,1764562606.5003486,kem_handshake,0.000038011|0.000023193|0.000050323,0.00,0.00,43069440,43069440,768,768,1536
1193,1764562606.5025196,kem_handshake,0.000039623|0.000022561|0.000060912,0.00,0.00,43069440,43069440,768,768,1536
1194,1764562606.504598,kem_handshake,0.000036047|0.000021510|0.000057056,0.00,0.00,43069440,43069440,768,768,1536
1195,1764562606.5060089,kem_handshake,0.000027501|0.000017692|0.000051465,0.00,0.00,43069440,43069440,768,768,1536
1196,1764562606.5072606,kem_handshake,0.000021900|0.000016551|0.000039733,0.00,0.00,43069440,43069440,768,768,1536
1197,1764562606.508366,kem_handshake,0.000019666|0.000016050|0.000034404,0.00,0.00,43069440,43069440,768,768,1536
1198,1764562606.5094867,kem_handshake,0.000020147|0.000016340|0.000037259,0.00,0.00,43069440,43069440,768,768,1536
1199,1764562606.5112584,kem_handshake,0.000043441|0.000023493|0.000066473,0.00,0.00,43069440,43069440,768,768,1536
1200,1764562606.5127094,kem_handshake,0.000029515|0.000020608|0.000051205,0.00,0.00,43069440,43069440,768,768,1536
1201,1764562606.5139496,kem_handshake,0.000019616|0.000015920|0.000085077,0.00,0.00,43069440,43069440,768,768,1536
1202,1764562606.5154712,kem_handshake,0.000038812|0.000032290|0.000047448,0.00,0.00,43069440,43069440,768,768,1536
1203,1764562606.5165458,kem_handshake,0.000019566|0.000016100|0.000033392,0.00,0.00,43069440,43069440,768,768,1536
1204,1764562606.5177355,kem_handshake,0.000024294|0.000019716|0.000039703,0.00,0.00,43069440,43069440,768,768,1536
1205,1764562606.5194461,kem_handshake,0.000037499|0.000019145|0.000073075,0.00,0.00,43069440,43069440,768,768,1536
1206,1764562606.5209208,kem_handshake,0.000024225|0.000017923|0.000041396,0.00,0.00,43069440,43069440,768,768,1536
1207,1764562606.5220623,kem_handshake,0.000020067|0.000016941|0.000034624,0.00,0.00,43069440,43069440,768,768,1536
1208,1764562606.5231872,kem_handshake,0.000019887|0.000016280|0.000034564,0.00,0.00,43069440,43069440,768,768,1536
1209,1764562606.5242672,kem_handshake,0.000023103|0.000017683|0.000033401,0.00,0.00,43069440,43069440,768,768,1536
1210,1764562606.5253937,kem_handshake,0.000025537|0.000016561|0.000037529,0.00,0.00,43069440,43069440,768,768,1536
1211,1764562606.5267076,kem_handshake,0.000027901|0.000019957|0.000037780,0.00,0.00,43069440,43069440,768,768,1536
1212,1764562606.5283966,kem_handshake,0.000036879|0.000023523|0.000044543,0.00,0.00,43069440,43069440,768,768,1536
1213,1764562606.5297205,kem_handshake,0.000023153|0.000016961|0.000035465,0.00,0.00,43069440,43069440,768,768,1536
1214,1764562606.5309052,kem_handshake,0.000023423|0.000016411|0.000037249,0.00,0.00,43069440,43069440,768,768,1536
1215,1764562606.5319927,kem_handshake,0.000018885|0.000015488|0.000032791,0.00,0.00,43069440,43069440,768,768,1536
1216,1764562606.533043,kem_handshake,0.000018634|0.000015488|0.000032650,0.00,0.00,43069440,43069440,768,768,1536
1217,1764562606.5342085,kem_handshake,0.000020288|0.000016050|0.000035696,0.00,0.00,43069440,43069440,768,768,1536
1218,1764562606.5358002,kem_handshake,0.000032720|0.000018054|0.000052287,0.00,0.00,43069440,43069440,768,768,1536
1219,1764562606.5371103,kem_handshake,0.000025036|0.000016371|0.000038330,0.00,0.00,43069440,43069440,768,768,1536
1220,1764562606.5382218,kem_handshake,0.000018805|0.000015569|0.000033381,0.00,0.00,43069440,43069440,768,768,1536
1221,1764562606.5393202,kem_handshake,0.000019806|0.000015809|0.000033752,0.00,0.00,43069440,43069440,768,768,1536
1222,1764562606.5404172,kem_handshake,0.000019997|0.000015879|0.000038682,0.00,0.00,43069440,43069440,768,768,1536
1223,1764562606.541646,kem_handshake,0.000020518|0.000015879|0.000034854,0.00,0.00,43069440,43069440,768,768,1536
1224,1764562606.5428386,kem_handshake,0.000022171|0.000016190|0.000038351,0.00,0.00,43069440,43069440,768,768,1536
1225,1764562606.5443883,kem_handshake,0.000068286|0.000031248|0.000079287,0.00,0.00,43069440,43069440,768,768,1536
1226,1764562606.5456269,kem_handshake,0.000020337|0.000015769|0.000034173,0.00,0.00,43069440,43069440,768,768,1536
1227,1764562606.546687,kem_handshake,0.000018845|0.000015499|0.000032751,0.00,0.00,43069440,43069440,768,768,1536
1228,1764562606.5477388,kem_handshake,0.000018734|0.000015158|0.000032641,0.00,0.00,43069440,43069440,768,768,1536
1229,1764562606.5489254,kem_handshake,0.000023774|0.000020137|0.000039102,0.00,0.00,43069440,43069440,768,768,1536
1230,1764562606.5500224,kem_handshake,0.000019747|0.000015709|0.000032540,0.00,0.00,43069440,43069440,768,768,1536
1231,1764562606.5511322,kem_handshake,0.000019316|0.000015569|0.000033151,0.00,0.00,43069440,43069440,768,768,1536
1232,1764562606.552276,kem_handshake,0.000022131|0.000016050|0.000035225,0.00,0.00,43069440,43069440,768,768,1536
1233,1764562606.5534005,kem_handshake,0.000020007|0.000015739|0.000033332,0.00,0.00,43069440,43069440,768,768,1536
1234,1764562606.5544734,kem_handshake,0.000019416|0.000015890|0.000033822,0.00,0.00,43069440,43069440,768,768,1536
1235,1764562606.5559256,kem_handshake,0.000025918|0.000017081|0.000042429,0.00,0.00,43069440,43069440,768,768,1536
1236,1764562606.5572612,kem_handshake,0.000022712|0.000016270|0.000036317,0.00,0.00,43069440,43069440,768,768,1536
1237,1764562606.5583546,kem_handshake,0.000019306|0.000015699|0.000033011,0.00,0.00,43069440,43069440,768,768,1536
1238,1764562606.559427,kem_handshake,0.000019185|0.000015749|0.000033371,0.00,0.00,43069440,43069440,768,768,1536
1239,1764562606.5604928,kem_handshake,0.000019366|0.000015889|0.000033021,0.00,0.00,43069440,43069440,768,768,1536
1240,1764562606.5617516,kem_handshake,0.000023334|0.000015859|0.000035826,0.00,0.00,43069440,43069440,768,768,1536
1241,1764562606.5634391,kem_handshake,0.000049081|0.000040405|0.000083034,0.00,0.00,43069440,43069440,768,768,1536
1242,1764562606.5646906,kem_handshake,0.000021900|0.000017212|0.000035936,0.00,0.00,43069440,43069440,768,768,1536
1243,1764562606.5659504,kem_handshake,0.000025828|0.000016250|0.000036137,0.00,0.00,43069440,43069440,768,768,1536
1244,1764562606.56704,kem_handshake,0.000020798|0.000016240|0.000033732,0.00,0.00,43069440,43069440,768,768,1536
1245,1764562606.56812,kem_handshake,0.000019887|0.000015829|0.000033221,0.00,0.00,43069440,43069440,768,768,1536
1246,1764562606.5692503,kem_handshake,0.000020168|0.000015568|0.000034093,0.00,0.00,43069440,43069440,768,768,1536
1247,1764562606.5703294,kem_handshake,0.000019175|0.000015398|0.000032500,0.00,0.00,43069440,43069440,768,768,1536
1248,1764562606.571514,kem_handshake,0.000025117|0.000016961|0.000037569,0.00,0.00,43069440,43069440,768,768,1536
1249,1764562606.5729551,kem_handshake,0.000028703|0.000017432|0.000035005,0.00,0.00,43069440,43069440,768,768,1536
1250,1764562606.5740564,kem_handshake,0.000019496|0.000016330|0.000033251,0.00,0.00,43069440,43069440,768,768,1536
1251,1764562606.5751877,kem_handshake,0.000022451|0.000017903|0.000036177,0.00,0.00,43069440,43069440,768,768,1536
1252,1764562606.5768542,kem_handshake,0.000026569|0.000022993|0.000041236,0.00,0.00,43069440,43069440,768,768,1536
1253,1764562606.5780516,kem_handshake,0.000023894|0.000017572|0.000036187,0.00,0.00,43069440,43069440,768,768,1536
1254,1764562606.579444,kem_handshake,0.000023613|0.000017101|0.000037098,0.00,0.00,43069440,43069440,768,768,1536
1255,1764562606.5806184,kem_handshake,0.000020337|0.000015839|0.000033472,0.00,0.00,43069440,43069440,768,768,1536
1256,1764562606.581723,kem_handshake,0.000019125|0.000016219|0.000033121,0.00,0.00,43069440,43069440,768,768,1536
1257,1764562606.5827782,kem_handshake,0.000018274|0.000015279|0.000032581,0.00,0.00,43069440,43069440,768,768,1536
1258,1764562606.5838623,kem_handshake,0.000023984|0.000016079|0.000037770,0.00,0.00,43069440,43069440,768,768,1536
1259,1764562606.5850813,kem_handshake,0.000028983|0.000017112|0.000041978,0.00,0.00,43069440,43069440,768,768,1536
1260,1764562606.5865693,kem_handshake,0.000022943|0.000017332|0.000055613,0.00,0.00,43069440,43069440,768,768,1536
1261,1764562606.587858,kem_handshake,0.000019957|0.000015979|0.000041166,0.00,0.00,43069440,43069440,768,768,1536
1262,1764562606.5889897,kem_handshake,0.000019195|0.000015549|0.000033432,0.00,0.00,43069440,43069440,768,768,1536
1263,1764562606.5900433,kem_handshake,0.000018084|0.000015178|0.000032700,0.00,0.00,43069440,43069440,768,768,1536
1264,1764562606.5913093,kem_handshake,0.000019516|0.000015870|0.000032700,0.00,0.00,43069440,43069440,768,768,1536
1265,1764562606.5925455,kem_handshake,0.000072334|0.000021770|0.000034594,0.00,0.00,43069440,43069440,768,768,1536
1266,1764562606.593812,kem_handshake,0.000024305|0.000016852|0.000038171,0.00,0.00,43069440,43069440,768,768,1536
1267,1764562606.5950055,kem_handshake,0.000021860|0.000015869|0.000033482,0.00,0.00,43069440,43069440,768,768,1536
1268,1764562606.5961802,kem_handshake,0.000021269|0.000016330|0.000035095,0.00,0.00,43069440,43069440,768,768,1536
1269,1764562606.5974808,kem_handshake,0.000022221|0.000016270|0.000034934,0.00,14001.30,43069440,43069440,768,768,1536
1270,1764562606.5988362,kem_handshake,0.000022201|0.000016170|0.000034113,0.00,0.00,43069440,43069440,768,768,1536
1271,1764562606.59995,kem_handshake,0.000019747|0.000015118|0.000033111,0.00,0.00,43069440,43069440,768,768,1536
1272,1764562606.6011343,kem_handshake,0.000020778|0.000015669|0.000035606,0.00,0.00,43069440,43069440,768,768,1536
1273,1764562606.6023223,kem_handshake,0.000023884|0.000016300|0.000035606,0.00,0.00,43069440,43069440,768,768,1536
1274,1764562606.6035097,kem_handshake,0.000023042|0.000016330|0.000035436,0.00,0.00,43069440,43069440,768,768,1536
1275,1764562606.6045861,kem_handshake,0.000018735|0.000015058|0.000033111,0.00,0.00,43069440,43069440,768,768,1536
1276,1764562606.6056607,kem_handshake,0.000019576|0.000015258|0.000033121,0.00,0.00,43069440,43069440,768,768,1536
1277,1764562606.6067266,kem_handshake,0.000018384|0.000015068|0.000032410,0.00,0.00,43069440,43069440,768,768,1536
1278,1764562606.6078007,kem_handshake,0.000019376|0.000015579|0.000033031,0.00,0.00,43069440,43069440,768,768,1536
1279,1764562606.609369,kem_handshake,0.000034855|0.000020137|0.000054501,0.00,0.00,43069440,43069440,768,768,1536
1280,1764562606.6112232,kem_handshake,0.000036918|0.000023353|0.000057155,0.00,0.00,43069440,43069440,768,768,1536
1281,1764562606.612482,kem_handshake,0.000019667|0.000015719|0.000034624,0.00,0.00,43069440,43069440,768,768,1536
1282,1764562606.6135948,kem_handshake,0.000018965|0.000015299|0.000032781,0.00,0.00,43069440,43069440,768,768,1536
1283,1764562606.6146736,kem_handshake,0.000019226|0.000015318|0.000032690,0.00,0.00,43069440,43069440,768,768,1536
1284,1764562606.6157966,kem_handshake,0.000022081|0.000015900|0.000037940,0.00,0.00,43069440,43069440,768,768,1536
1285,1764562606.616949,kem_handshake,0.000019636|0.000015429|0.000032921,0.00,0.00,43069440,43069440,768,768,1536
1286,1764562606.6184788,kem_handshake,0.000045274|0.000034874|0.000071592,0.00,0.00,43069440,43069440,768,768,1536
1287,1764562606.620122,kem_handshake,0.000023945|0.000017141|0.000036818,0.00,0.00,43069440,43069440,768,768,1536
1288,1764562606.6212528,kem_handshake,0.000020037|0.000016190|0.000033903,0.00,0.00,43069440,43069440,768,768,1536
1289,1764562606.6223543,kem_handshake,0.000019335|0.000015538|0.000032711,0.00,0.00,43069440,43069440,768,768,1536
1290,1764562606.6234255,kem_handshake,0.000018745|0.000015499|0.000041497,0.00,0.00,43069440,43069440,768,768,1536
1291,1764562606.624821,kem_handshake,0.000024015|0.000015999|0.000032931,0.00,0.00,43069440,43069440,768,768,1536
1292,1764562606.6259384,kem_handshake,0.000024846|0.000015599|0.000032560,0.00,0.00,43069440,43069440,768,768,1536
1293,1764562606.6270976,kem_handshake,0.000021930|0.000016270|0.000036948,0.00,0.00,43069440,43069440,768,768,1536
1294,1764562606.6288648,kem_handshake,0.000026399|0.000017523|0.000047448,0.00,0.00,43069440,43069440,768,768,1536
1295,1764562606.630285,kem_handshake,0.000021911|0.000015078|0.000035546,0.00,0.00,43069440,43069440,768,768,1536
1296,1764562606.6313822,kem_handshake,0.000018965|0.000015379|0.000032641,0.00,0.00,43069440,43069440,768,768,1536
1297,1764562606.6329002,kem_handshake,0.000039553|0.000032120|0.000075399,0.00,0.00,43069440,43069440,768,768,1536
1298,1764562606.6341512,kem_handshake,0.000020628|0.000016270|0.000034183,0.00,0.00,43069440,43069440,768,768,1536
1299,1764562606.6353872,kem_handshake,0.000027972|0.000020709|0.000045274,0.00,0.00,43069440,43069440,768,768,1536
1300,1764562606.6365783,kem_handshake,0.000022081|0.000016310|0.000034885,0.00,0.00,43069440,43069440,768,768,1536
1301,1764562606.6376684,kem_handshake,0.000019405|0.000015699|0.000032921,0.00,0.00,43069440,43069440,768,768,1536
1302,1764562606.6387997,kem_handshake,0.000020057|0.000015930|0.000032911,0.00,0.00,43069440,43069440,768,768,1536
1303,1764562606.639918,kem_handshake,0.000019636|0.000021509|0.000032620,0.00,0.00,43069440,43069440,768,768,1536
1304,1764562606.640986,kem_handshake,0.000018845|0.000015619|0.000032610,0.00,0.00,43069440,43069440,768,768,1536
1305,1764562606.6420326,kem_handshake,0.000018675|0.000015689|0.000032940,0.00,0.00,43069440,43069440,768,768,1536
1306,1764562606.643153,kem_handshake,0.000021450|0.000016591|0.000034855,0.00,0.00,43069440,43069440,768,768,1536
1307,1764562606.6443384,kem_handshake,0.000023463|0.000016781|0.000034334,0.00,0.00,43069440,43069440,768,768,1536
1308,1764562606.6458714,kem_handshake,0.000027030|0.000016761|0.000047879,0.00,0.00,43069440,43069440,768,768,1536
1309,1764562606.647099,kem_handshake,0.000019696|0.000016019|0.000034203,0.00,0.00,43069440,43069440,768,768,1536
1310,1764562606.6486423,kem_handshake,0.000039984|0.000031969|0.000069008,0.00,0.00,43069440,43069440,768,768,1536
1311,1764562606.649739,kem_handshake,0.000019947|0.000016190|0.000033022,0.00,0.00,43069440,43069440,768,768,1536
1312,1764562606.6511664,kem_handshake,0.000047508|0.000039193|0.000040044,0.00,0.00,43069440,43069440,768,768,1536
1313,1764562606.6525059,kem_handshake,0.000030756|0.000020798|0.000041467,0.00,0.00,43069440,43069440,768,768,1536
1314,1764562606.6540773,kem_handshake,0.000029144|0.000019366|0.000048670,0.00,0.00,43069440,43069440,768,768,1536
1315,1764562606.6553726,kem_handshake,0.000025206|0.000017342|0.000041357,0.00,0.00,43069440,43069440,768,768,1536
1316,1764562606.6565316,kem_handshake,0.000021900|0.000015980|0.000038441,0.00,0.00,43069440,43069440,768,768,1536
1317,1764562606.657627,kem_handshake,0.000020458|0.000015629|0.000035185,0.00,0.00,43069440,43069440,768,768,1536
1318,1764562606.658802,kem_handshake,0.000021570|0.000016350|0.000039513,0.00,0.00,43069440,43069440,768,768,1536
1319,1764562606.6601539,kem_handshake,0.000024155|0.000016630|0.000035666,0.00,0.00,43069440,43069440,768,768,1536
1320,1764562606.6623824,kem_handshake,0.000029835|0.000017783|0.000044773,0.00,0.00,43069440,43069440,768,768,1536
1321,1764562606.6636329,kem_handshake,0.000020548|0.000016391|0.000035666,0.00,0.00,43069440,43069440,768,768,1536
1322,1764562606.6650412,kem_handshake,0.000019486|0.000015759|0.000032860,0.00,0.00,43069440,43069440,768,768,1536
1323,1764562606.6662514,kem_handshake,0.000018484|0.000015559|0.000032701,0.00,0.00,43069440,43069440,768,768,1536
1324,1764562606.6673336,kem_handshake,0.000018835|0.000015749|0.000033262,0.00,0.00,43069440,43069440,768,768,1536
1325,1764562606.6685114,kem_handshake,0.000025187|0.000017302|0.000037880,0.00,0.00,43069440,43069440,768,768,1536
1326,1764562606.6699622,kem_handshake,0.000056765|0.000035185|0.000058338,0.00,0.00,43069440,43069440,768,768,1536
1327,1764562606.6711426,kem_handshake,0.000020507|0.000015819|0.000033662,0.00,0.00,43069440,43069440,768,768,1536
1328,1764562606.6722174,kem_handshake,0.000019075|0.000015699|0.000032580,0.00,0.00,43069440,43069440,768,768,1536
1329,1764562606.6732585,kem_handshake,0.000019316|0.000015649|0.000032490,0.00,0.00,43069440,43069440,768,768,1536
1330,1764562606.6743097,kem_handshake,0.000019145|0.000015539|0.000032039,0.00,0.00,43069440,43069440,768,768,1536
1331,1764562606.6754055,kem_handshake,0.000019436|0.000015709|0.000034524,0.00,0.00,43069440,43069440,768,768,1536
1332,1764562606.6766064,kem_handshake,0.000023063|0.000016020|0.000035636,0.00,0.00,43069440,43069440,768,768,1536
1333,1764562606.6777604,kem_handshake,0.000021630|0.000015399|0.000033592,0.00,0.00,43069440,43069440,768,768,1536
1334,1764562606.6790547,kem_handshake,0.000024435|0.000016911|0.000036888,0.00,0.00,43069440,43069440,768,768,1536
1335,1764562606.6801379,kem_handshake,0.000019185|0.000015499|0.000032650,0.00,0.00,43069440,43069440,768,768,1536
1336,1764562606.6811948,kem_handshake,0.000018935|0.000015359|0.000032630,0.00,0.00,43069440,43069440,768,768,1536
1337,1764562606.6823838,kem_handshake,0.000019286|0.000015228|0.000032651,0.00,0.00,43069440,43069440,768,768,1536
1338,1764562606.6838021,kem_handshake,0.000025898|0.000018745|0.000033943,0.00,0.00,43069440,43069440,768,768,1536
1339,1764562606.6849835,kem_handshake,0.000021590|0.000015889|0.000034734,0.00,0.00,43069440,43069440,768,768,1536
1340,1764562606.6863241,kem_handshake,0.000023904|0.000016591|0.000035676,0.00,0.00,43069440,43069440,768,768,1536
1341,1764562606.6874187,kem_handshake,0.000019015|0.000015538|0.000032860,0.00,0.00,43069440,43069440,768,768,1536
1342,1764562606.688481,kem_handshake,0.000018765|0.000015479|0.000032871,0.00,0.00,43069440,43069440,768,768,1536
1343,1764562606.6895506,kem_handshake,0.000018825|0.000015809|0.000032610,0.00,0.00,43069440,43069440,768,768,1536
1344,1764562606.6906552,kem_handshake,0.000019456|0.000016180|0.000032941,0.00,0.00,43069440,43069440,768,768,1536
1345,1764562606.691758,kem_handshake,0.000019196|0.000015409|0.000032520,0.00,0.00,43069440,43069440,768,768,1536
1346,1764562606.6928675,kem_handshake,0.000019797|0.000015689|0.000041226,0.00,0.00,43069440,43069440,768,768,1536
1347,1764562606.6940134,kem_handshake,0.000022492|0.000015739|0.000039603,0.00,0.00,43069440,43069440,768,768,1536
1348,1764562606.6953151,kem_handshake,0.000038071|0.000019035|0.000047107,0.00,0.00,43069440,43069440,768,768,1536
1349,1764562606.6964326,kem_handshake,0.000019146|0.000015759|0.000032911,0.00,0.00,43069440,43069440,768,768,1536
1350,1764562606.6974893,kem_handshake,0.000018975|0.000015319|0.000032800,0.00,0.00,43069440,43069440,768,768,1536
1351,1764562606.699142,kem_handshake,0.000019607|0.000015719|0.000033061,0.00,0.00,43069440,43069440,768,768,1536
1352,1764562606.7002954,kem_handshake,0.000020808|0.000016721|0.000035556,0.00,0.00,43069440,43069440,768,768,1536
1353,1764562606.7014592,kem_handshake,0.000020518|0.000015619|0.000033752,0.00,0.00,43069440,43069440,768,768,1536
1354,1764562606.7027085,kem_handshake,0.000020958|0.000015638|0.000041728,0.00,0.00,43069440,43069440,768,768,1536
1355,1764562606.7041228,kem_handshake,0.000104463|0.000024535|0.000039143,0.00,0.00,43069440,43069440,768,768,1536
1356,1764562606.7053273,kem_handshake,0.000031629|0.000018344|0.000034754,0.00,0.00,43069440,43069440,768,768,1536
1357,1764562606.7065132,kem_handshake,0.000020328|0.000016080|0.000033843,0.00,0.00,43069440,43069440,768,768,1536
1358,1764562606.707631,kem_handshake,0.000019767|0.000015859|0.000033862,0.00,0.00,43069440,43069440,768,768,1536
1359,1764562606.708713,kem_handshake,0.000019276|0.000016120|0.000033162,0.00,0.00,43069440,43069440,768,768,1536
1360,1764562606.709896,kem_handshake,0.000020648|0.000015859|0.000033602,0.00,0.00,43069440,43069440,768,768,1536
1361,1764562606.71131,kem_handshake,0.000050293|0.000054161|0.000052587,0.00,0.00,43069440,43069440,768,768,1536
1362,1764562606.7125568,kem_handshake,0.000025127|0.000018324|0.000036177,0.00,0.00,43069440,43069440,768,768,1536
1363,1764562606.7138517,kem_handshake,0.000023975|0.000018224|0.000039233,0.00,0.00,43069440,43069440,768,768,1536
1364,1764562606.7149765,kem_handshake,0.000019867|0.000015408|0.000033182,0.00,0.00,43069440,43069440,768,768,1536
1365,1764562606.7160568,kem_handshake,0.000018985|0.000015389|0.000033321,0.00,0.00,43069440,43069440,768,768,1536
1366,1764562606.7171433,kem_handshake,0.000019105|0.000015418|0.000032931,0.00,0.00,43069440,43069440,768,768,1536
1367,1764562606.7183752,kem_handshake,0.000026649|0.000017372|0.000072464,0.00,0.00,43069440,43069440,768,768,1536
1368,1764562606.7196531,kem_handshake,0.000030566|0.000025136|0.000034253,0.00,0.00,43069440,43069440,768,768,1536
1369,1764562606.720985,kem_handshake,0.000026068|0.000017803|0.000039884,0.00,0.00,43069440,43069440,768,768,1536
1370,1764562606.7221363,kem_handshake,0.000020388|0.000015860|0.000033722,0.00,0.00,43069440,43069440,768,768,1536
1371,1764562606.7232275,kem_handshake,0.000018785|0.000015739|0.000033211,0.00,0.00,43069440,43069440,768,768,1536
1372,1764562606.72431,kem_handshake,0.000019205|0.000015639|0.000033181,0.00,0.00,43069440,43069440,768,768,1536
1373,1764562606.725397,kem_handshake,0.000020027|0.000015739|0.000033192,0.00,0.00,43069440,43069440,768,768,1536
1374,1764562606.7265992,kem_handshake,0.000020858|0.000015819|0.000033461,0.00,0.00,43069440,43069440,768,768,1536
1375,1764562606.7281563,kem_handshake,0.000098071|0.000057046|0.000062085,0.00,4390.80,43069440,43069440,768,768,1536
1376,1764562606.7295344,kem_handshake,0.000021550|0.000016621|0.000035345,0.00,0.00,43069440,43069440,768,768,1536
1377,1764562606.7307227,kem_handshake,0.000020408|0.000016400|0.000033461,0.00,0.00,43069440,43069440,768,768,1536
1378,1764562606.7318938,kem_handshake,0.000020858|0.000016391|0.000052066,0.00,0.00,43069440,43069440,768,768,1536
1379,1764562606.7337515,kem_handshake,0.000021019|0.000016961|0.000033402,0.00,0.00,43069440,43069440,768,768,1536
1380,1764562606.7351565,kem_handshake,0.000039442|0.000023213|0.000033672,0.00,0.00,43069440,43069440,768,768,1536
1381,1764562606.7366273,kem_handshake,0.000032490|0.000018033|0.000039463,0.00,0.00,43069440,43069440,768,768,1536
1382,1764562606.7378678,kem_handshake,0.000021429|0.000016390|0.000038791,0.00,0.00,43069440,43069440,768,768,1536
1383,1764562606.7389429,kem_handshake,0.000023653|0.000015568|0.000032760,0.00,0.00,43069440,43069440,768,768,1536
1384,1764562606.7400107,kem_handshake,0.000018775|0.000015329|0.000032610,0.00,0.00,43069440,43069440,768,768,1536
1385,1764562606.7410674,kem_handshake,0.000018845|0.000015148|0.000032611,0.00,0.00,43069440,43069440,768,768,1536
1386,1764562606.742117,kem_handshake,0.000018004|0.000014968|0.000032730,0.00,0.00,43069440,43069440,768,768,1536
1387,1764562606.7433112,kem_handshake,0.000020598|0.000016020|0.000040195,0.00,0.00,43069440,43069440,768,768,1536
1388,1764562606.7446003,kem_handshake,0.000023053|0.000016701|0.000038050,0.00,0.00,43069440,43069440,768,768,1536
1389,1764562606.7459984,kem_handshake,0.000023183|0.000016561|0.000036678,0.00,0.00,43069440,43069440,768,768,1536
1390,1764562606.7471223,kem_handshake,0.000019937|0.000016090|0.000033582,0.00,0.00,43069440,43069440,768,768,1536
1391,1764562606.7482054,kem_handshake,0.000018865|0.000015248|0.000033161,0.00,0.00,43069440,43069440,768,768,1536
1392,1764562606.749287,kem_handshake,0.000019096|0.000015939|0.000033161,0.00,0.00,43069440,43069440,768,768,1536
1393,1764562606.750368,kem_handshake,0.000019236|0.000015609|0.000033562,0.00,0.00,43069440,43069440,768,768,1536
1394,1764562606.751609,kem_handshake,0.000019326|0.000015679|0.000037730,0.00,0.00,43069440,43069440,768,768,1536
1395,1764562606.7527263,kem_handshake,0.000020127|0.000015589|0.000033763,0.00,0.00,43069440,43069440,768,768,1536
1396,1764562606.753848,kem_handshake,0.000019205|0.000015940|0.000037689,0.00,0.00,43069440,43069440,768,768,1536
1397,1764562606.7550435,kem_handshake,0.000023924|0.000016320|0.000038912,0.00,0.00,43069440,43069440,768,768,1536
1398,1764562606.7562516,kem_handshake,0.000021831|0.000016460|0.000034403,0.00,0.00,43069440,43069440,768,768,1536
1399,1764562606.7575464,kem_handshake,0.000027862|0.000018695|0.000044392,0.00,0.00,43069440,43069440,768,768,1536
1400,1764562606.7592714,kem_handshake,0.000065661|0.000021590|0.000056685,0.00,0.00,43069440,43069440,768,768,1536
1401,1764562606.7610562,kem_handshake,0.000037489|0.000019456|0.000055733,0.00,0.00,43069440,43069440,768,768,1536
1402,1764562606.762662,kem_handshake,0.000040054|0.000019516|0.000042939,0.00,0.00,43069440,43069440,768,768,1536
1403,1764562606.7638457,kem_handshake,0.000019987|0.000015689|0.000034264,0.00,0.00,43069440,43069440,768,768,1536
1404,1764562606.764947,kem_handshake,0.000025617|0.000015970|0.000036167,0.00,0.00,43069440,43069440,768,768,1536
1405,1764562606.7661977,kem_handshake,0.000020498|0.000015699|0.000034824,0.00,0.00,43069440,43069440,768,768,1536
1406,1764562606.7673607,kem_handshake,0.000020908|0.000015658|0.000033803,0.00,0.00,43069440,43069440,768,768,1536
1407,1764562606.7685337,kem_handshake,0.000022381|0.000015930|0.000036958,0.00,0.00,43069440,43069440,768,768,1536
1408,1764562606.7699916,kem_handshake,0.000022411|0.000016159|0.000038090,0.00,0.00,43069440,43069440,768,768,1536
1409,1764562606.7711117,kem_handshake,0.000021259|0.000015880|0.000033733,0.00,0.00,43069440,43069440,768,768,1536
1410,1764562606.7721705,kem_handshake,0.000018484|0.000015348|0.000033381,0.00,0.00,43069440,43069440,768,768,1536
1411,1764562606.773314,kem_handshake,0.000019997|0.000015709|0.000033302,0.00,0.00,43069440,43069440,768,768,1536
1412,1764562606.7744336,kem_handshake,0.000019085|0.000015849|0.000032881,0.00,0.00,43069440,43069440,768,768,1536
1413,1764562606.7755432,kem_handshake,0.000018604|0.000015438|0.000032650,0.00,0.00,43069440,43069440,768,768,1536
1414,1764562606.77675,kem_handshake,0.000024476|0.000016921|0.000041948,0.00,0.00,43069440,43069440,768,768,1536
1415,1764562606.778296,kem_handshake,0.000030186|0.000019015|0.000048630,0.00,0.00,43069440,43069440,768,768,1536
1416,1764562606.7795336,kem_handshake,0.000023002|0.000016872|0.000034564,0.00,0.00,43069440,43069440,768,768,1536
1417,1764562606.780743,kem_handshake,0.000021299|0.000016871|0.000035675,0.00,0.00,43069440,43069440,768,768,1536
1418,1764562606.781912,kem_handshake,0.000019586|0.000016040|0.000033391,0.00,0.00,43069440,43069440,768,768,1536
1419,1764562606.7830513,kem_handshake,0.000019817|0.000015959|0.000033482,0.00,0.00,43069440,43069440,768,768,1536
1420,1764562606.7842114,kem_handshake,0.000020809|0.000016009|0.000033452,0.00,0.00,43069440,43069440,768,768,1536
1421,1764562606.785586,kem_handshake,0.000037469|0.000019676|0.000047478,0.00,0.00,43069440,43069440,768,768,1536
1422,1764562606.7868428,kem_handshake,0.000020959|0.000017923|0.000034864,0.00,0.00,43069440,43069440,768,768,1536
1423,1764562606.787996,kem_handshake,0.000019927|0.000016210|0.000033672,0.00,0.00,43069440,43069440,768,768,1536
1424,1764562606.7891638,kem_handshake,0.000020588|0.000015609|0.000034013,0.00,0.00,43069440,43069440,768,768,1536
1425,1764562606.7903051,kem_handshake,0.000019306|0.000016120|0.000033382,0.00,0.00,43069440,43069440,768,768,1536
1426,1764562606.7914622,kem_handshake,0.000019937|0.000015920|0.000033522,0.00,0.00,43069440,43069440,768,768,1536
1427,1764562606.7926807,kem_handshake,0.000019797|0.000015919|0.000033422,0.00,0.00,43069440,43069440,768,768,1536
1428,1764562606.7939281,kem_handshake,0.000022982|0.000020738|0.000038591,0.00,0.00,43069440,43069440,768,768,1536
1429,1764562606.7952924,kem_handshake,0.000033531|0.000019456|0.000037129,0.00,0.00,43069440,43069440,768,768,1536
1430,1764562606.7964857,kem_handshake,0.000019927|0.000015929|0.000033662,0.00,0.00,43069440,43069440,768,768,1536
1431,1764562606.7976363,kem_handshake,0.000019767|0.000015899|0.000034013,0.00,0.00,43069440,43069440,768,768,1536
1432,1764562606.7987993,kem_handshake,0.000020548|0.000016341|0.000033462,0.00,0.00,43069440,43069440,768,768,1536
1433,1764562606.799963,kem_handshake,0.000020037|0.000016089|0.000033351,0.00,0.00,43069440,43069440,768,768,1536
1434,1764562606.8011165,kem_handshake,0.000020168|0.000016040|0.000033772,0.00,0.00,43069440,43069440,768,768,1536
1435,1764562606.8024251,kem_handshake,0.000037008|0.000018724|0.000042479,0.00,0.00,43069440,43069440,768,768,1536
1436,1764562606.803651,kem_handshake,0.000021730|0.000016390|0.000033802,0.00,0.00,43069440,43069440,768,768,1536
1437,1764562606.8048017,kem_handshake,0.000019956|0.000016310|0.000033653,0.00,0.00,43069440,43069440,768,768,1536
1438,1764562606.8059819,kem_handshake,0.000021319|0.000016311|0.000033873,0.00,0.00,43069440,43069440,768,768,1536
1439,1764562606.8071332,kem_handshake,0.000020017|0.000016340|0.000033552,0.00,0.00,43069440,43069440,768,768,1536
1440,1764562606.808274,kem_handshake,0.000019616|0.000016129|0.000033471,0.00,0.00,43069440,43069440,768,768,1536
1441,1764562606.8094532,kem_handshake,0.000019586|0.000016431|0.000039784,0.00,0.00,43069440,43069440,768,768,1536
1442,1764562606.8108087,kem_handshake,0.000041426|0.000020859|0.000046305,0.00,0.00,43069440,43069440,768,768,1536
1443,1764562606.811997,kem_handshake,0.000020318|0.000016220|0.000033922,0.00,0.00,43069440,43069440,768,768,1536
1444,1764562606.8132808,kem_handshake,0.000019977|0.000016060|0.000033431,0.00,0.00,43069440,43069440,768,768,1536
1445,1764562606.8144782,kem_handshake,0.000061493|0.000021439|0.000033492,0.00,0.00,43069440,43069440,768,768,1536
1446,1764562606.815648,kem_handshake,0.000019787|0.000015989|0.000033402,0.00,0.00,43069440,43069440,768,768,1536
1447,1764562606.8168411,kem_handshake,0.000019807|0.000045464|0.000033452,0.00,0.00,43069440,43069440,768,768,1536
1448,1764562606.8180513,kem_handshake,0.000021139|0.000016520|0.000033913,0.00,0.00,43069440,43069440,768,768,1536
1449,1764562606.8193269,kem_handshake,0.000022281|0.000016821|0.000034965,0.00,0.00,43069440,43069440,768,768,1536
1450,1764562606.820501,kem_handshake,0.000020248|0.000016030|0.000033392,0.00,0.00,43069440,43069440,768,768,1536
1451,1764562606.8216846,kem_handshake,0.000021990|0.000015890|0.000034013,0.00,0.00,43069440,43069440,768,768,1536
1452,1764562606.8228245,kem_handshake,0.000019887|0.000015940|0.000033431,0.00,0.00,43069440,43069440,768,768,1536
1453,1764562606.8239806,kem_handshake,0.000020007|0.000015950|0.000033372,0.00,0.00,43069440,43069440,768,768,1536
1454,1764562606.8251371,kem_handshake,0.000019756|0.000015950|0.000033542,0.00,0.00,43069440,43069440,768,768,1536
1455,1764562606.8263223,kem_handshake,0.000019807|0.000016791|0.000034884,0.00,0.00,43069440,43069440,768,768,1536
1456,1764562606.827625,kem_handshake,0.000024605|0.000016491|0.000035325,0.00,0.00,43069440,43069440,768,768,1536
1457,1764562606.828795,kem_handshake,0.000020337|0.000016441|0.000033662,0.00,0.00,43069440,43069440,768,768,1536
1458,1764562606.829951,kem_handshake,0.000028943|0.000016240|0.000033442,0.00,0.00,43069440,43069440,768,768,1536
1459,1764562606.831109,kem_handshake,0.000019987|0.000016290|0.000033372,0.00,0.00,43069440,43069440,768,768,1536
1460,1764562606.83227,kem_handshake,0.000019807|0.000016180|0.000033462,0.00,0.00,43069440,43069440,768,768,1536
1461,1764562606.8334365,kem_handshake,0.000019506|0.000016240|0.000035185,0.00,0.00,43069440,43069440,768,768,1536
1462,1764562606.8346834,kem_handshake,0.000021610|0.000016421|0.000034484,0.00,0.00,43069440,43069440,768,768,1536
1463,1764562606.8359668,kem_handshake,0.000021830|0.000016911|0.000034203,0.00,0.00,43069440,43069440,768,768,1536
1464,1764562606.837107,kem_handshake,0.000019877|0.000016430|0.000033431,0.00,0.00,43069440,43069440,768,768,1536
1465,1764562606.8382576,kem_handshake,0.000019906|0.000016159|0.000033752,0.00,0.00,43069440,43069440,768,768,1536
1466,1764562606.8394072,kem_handshake,0.000020147|0.000016150|0.000033462,0.00,0.00,43069440,43069440,768,768,1536
1467,1764562606.840552,kem_handshake,0.000020017|0.000016260|0.000033552,0.00,0.00,43069440,43069440,768,768,1536
1468,1764562606.8417032,kem_handshake,0.000020207|0.000016370|0.000033411,0.00,0.00,43069440,43069440,768,768,1536
1469,1764562606.842887,kem_handshake,0.000020888|0.000016781|0.000048710,0.00,0.00,43069440,43069440,768,768,1536
1470,1764562606.8442438,kem_handshake,0.000022752|0.000016641|0.000034975,0.00,0.00,43069440,43069440,768,768,1536
1471,1764562606.845422,kem_handshake,0.000020337|0.000016130|0.000033802,0.00,0.00,43069440,43069440,768,768,1536
1472,1764562606.8465774,kem_handshake,0.000020548|0.000016360|0.000033382,0.00,0.00,43069440,43069440,768,768,1536
1473,1764562606.8477244,kem_handshake,0.000019686|0.000016010|0.000033361,0.00,0.00,43069440,43069440,768,768,1536
1474,1764562606.8491054,kem_handshake,0.000021570|0.000016501|0.000033983,0.00,0.00,43069440,43069440,768,768,1536
1475,1764562606.8502738,kem_handshake,0.000020458|0.000016521|0.000033202,0.00,0.00,43069440,43069440,768,768,1536
1476,1764562606.8514967,kem_handshake,0.000023674|0.000016821|0.000035305,0.00,0.00,43069440,43069440,768,768,1536
1477,1764562606.852839,kem_handshake,0.000024435|0.000017933|0.000039623,0.00,0.00,43069440,43069440,768,768,1536
1478,1764562606.8540182,kem_handshake,0.000021559|0.000016540|0.000034033,0.00,0.00,43069440,43069440,768,768,1536
1479,1764562606.8551853,kem_handshake,0.000022702|0.000016550|0.000035556,0.00,0.00,43069440,43069440,768,768,1536
1480,1764562606.8565607,kem_handshake,0.000022592|0.000016771|0.000034794,0.00,0.00,43069440,43069440,768,768,1536
1481,1764562606.8577628,kem_handshake,0.000020208|0.000016270|0.000033432,0.00,0.00,43069440,43069440,768,768,1536
1482,1764562606.8589199,kem_handshake,0.000019967|0.000021770|0.000033822,0.00,0.00,43069440,43069440,768,768,1536
1483,1764562606.8601084,kem_handshake,0.000020698|0.000017072|0.000033973,0.00,0.00,43069440,43069440,768,768,1536
1484,1764562606.861335,kem_handshake,0.000020377|0.000016551|0.000033442,0.00,0.00,43069440,43069440,768,768,1536
1485,1764562606.862475,kem_handshake,0.000020097|0.000016321|0.000033292,0.00,0.00,43069440,43069440,768,768,1536
1486,1764562606.8636386,kem_handshake,0.000019867|0.000016280|0.000033332,0.00,0.00,43069440,43069440,768,768,1536
1487,1764562606.8647966,kem_handshake,0.000020477|0.000016130|0.000033392,0.00,0.00,43069440,43069440,768,768,1536
1488,1764562606.8659635,kem_handshake,0.000020768|0.000016400|0.000034113,0.00,0.00,43069440,43069440,768,768,1536
1489,1764562606.867146,kem_handshake,0.000020268|0.000015809|0.000033422,0.00,0.00,43069440,43069440,768,768,1536
1490,1764562606.8683786,kem_handshake,0.000020698|0.000016470|0.000033753,0.00,0.00,43069440,43069440,768,768,1536
1491,1764562606.8696082,kem_handshake,0.000020458|0.000016340|0.000033091,0.00,0.00,43069440,43069440,768,768,1536
1492,1764562606.8707767,kem_handshake,0.000020368|0.000016050|0.000033692,0.00,0.00,43069440,43069440,768,768,1536
1493,1764562606.871961,kem_handshake,0.000021329|0.000016100|0.000034704,0.00,0.00,43069440,43069440,768,768,1536
1494,1764562606.8731103,kem_handshake,0.000019666|0.000016110|0.000033251,0.00,0.00,43069440,43069440,768,768,1536
1495,1764562606.8742657,kem_handshake,0.000019787|0.000016080|0.000033341,0.00,0.00,43069440,43069440,768,768,1536
1496,1764562606.8754535,kem_handshake,0.000020427|0.000016000|0.000033412,0.00,0.00,43069440,43069440,768,768,1536
1497,1764562606.8768718,kem_handshake,0.000055102|0.000018304|0.000044632,0.00,9082.40,43069440,43069440,768,768,1536
1498,1764562606.8781579,kem_handshake,0.000022833|0.000016811|0.000034343,0.00,0.00,43069440,43069440,768,768,1536
1499,1764562606.8793187,kem_handshake,0.000022652|0.000016240|0.000034955,0.00,0.00,43069440,43069440,768,768,1536
1500,1764562606.8804035,kem_handshake,0.000019687|0.000015809|0.000032840,0.00,0.00,43069440,43069440,768,768,1536
1501,1764562606.8814774,kem_handshake,0.000018444|0.000015468|0.000032641,0.00,0.00,43069440,43069440,768,768,1536
1502,1764562606.8825507,kem_handshake,0.000019667|0.000016020|0.000033061,0.00,0.00,43069440,43069440,768,768,1536
1503,1764562606.8835945,kem_handshake,0.000018865|0.000015419|0.000032791,0.00,0.00,43069440,43069440,768,768,1536
1504,1764562606.8848054,kem_handshake,0.000027882|0.000019997|0.000042950,0.00,0.00,43069440,43069440,768,768,1536
1505,1764562606.8861628,kem_handshake,0.000025367|0.000017632|0.000040835,0.00,0.00,43069440,43069440,768,768,1536
1506,1764562606.8875072,kem_handshake,0.000022372|0.000016110|0.000036918,0.00,0.00,43069440,43069440,768,768,1536
1507,1764562606.8885932,kem_handshake,0.000019616|0.000015528|0.000032961,0.00,0.00,43069440,43069440,768,768,1536
1508,1764562606.88967,kem_handshake,0.000019546|0.000015639|0.000032750,0.00,0.00,43069440,43069440,768,768,1536
1509,1764562606.8907256,kem_handshake,0.000018534|0.000015368|0.000033041,0.00,0.00,43069440,43069440,768,768,1536
1510,1764562606.8917737,kem_handshake,0.000018704|0.000015679|0.000032681,0.00,0.00,43069440,43069440,768,768,1536
1511,1764562606.8929265,kem_handshake,0.000024465|0.000019075|0.000037980,0.00,0.00,43069440,43069440,768,768,1536
1512,1764562606.894383,kem_handshake,0.000026669|0.000019687|0.000043240,0.00,0.00,43069440,43069440,768,768,1536
1513,1764562606.8958101,kem_handshake,0.000035235|0.000016120|0.000038732,0.00,0.00,43069440,43069440,768,768,1536
1514,1764562606.8969362,kem_handshake,0.000022952|0.000015348|0.000033061,0.00,0.00,43069440,43069440,768,768,1536
1515,1764562606.8980086,kem_handshake,0.000018875|0.000015649|0.000032991,0.00,0.00,43069440,43069440,768,768,1536
1516,1764562606.8990796,kem_handshake,0.000019105|0.000015249|0.000032710,0.00,0.00,43069440,43069440,768,768,1536
1517,1764562606.900143,kem_handshake,0.000018434|0.000015348|0.000032561,0.00,0.00,43069440,43069440,768,768,1536
1518,1764562606.901404,kem_handshake,0.000022201|0.000017542|0.000034914,0.00,0.00,43069440,43069440,768,768,1536
1519,1764562606.9027612,kem_handshake,0.000023854|0.000016410|0.000054341,0.00,0.00,43069440,43069440,768,768,1536
1520,1764562606.9040518,kem_handshake,0.000020458|0.000015669|0.000034203,0.00,0.00,43069440,43069440,768,768,1536
1521,1764562606.9051142,kem_handshake,0.000018484|0.000015478|0.000032580,0.00,0.00,43069440,43069440,768,768,1536
1522,1764562606.9061842,kem_handshake,0.000019706|0.000015789|0.000032890,0.00,0.00,43069440,43069440,768,768,1536
1523,1764562606.9072504,kem_handshake,0.000018644|0.000015429|0.000032580,0.00,0.00,43069440,43069440,768,768,1536
1524,1764562606.9082935,kem_handshake,0.000018374|0.000015489|0.000032670,0.00,0.00,43069440,43069440,768,768,1536
1525,1764562606.9094865,kem_handshake,0.000021259|0.000016441|0.000036287,0.00,0.00,43069440,43069440,768,768,1536
1526,1764562606.910914,kem_handshake,0.000029435|0.000020007|0.000035776,0.00,0.00,43069440,43069440,768,768,1536
1527,1764562606.9122245,kem_handshake,0.000025357|0.000016300|0.000037709,0.00,0.00,43069440,43069440,768,768,1536
1528,1764562606.9133387,kem_handshake,0.000019005|0.000015800|0.000033342,0.00,0.00,43069440,43069440,768,768,1536
1529,1764562606.9144104,kem_handshake,0.000019215|0.000015628|0.000032570,0.00,0.00,43069440,43069440,768,768,1536
1530,1764562606.915521,kem_handshake,0.000019916|0.000015839|0.000033441,0.00,0.00,43069440,43069440,768,768,1536
1531,1764562606.9166548,kem_handshake,0.000018905|0.000015459|0.000041507,0.00,0.00,43069440,43069440,768,768,1536
1532,1764562606.9177697,kem_handshake,0.000019306|0.000015749|0.000040124,0.00,0.00,43069440,43069440,768,768,1536
1533,1764562606.9191086,kem_handshake,0.000022381|0.000016912|0.000037569,0.00,0.00,43069440,43069440,768,768,1536
1534,1764562606.9205492,kem_handshake,0.000024986|0.000017703|0.000035906,0.00,0.00,43069440,43069440,768,768,1536
1535,1764562606.9217572,kem_handshake,0.000061093|0.000023764|0.000034594,0.00,0.00,43069440,43069440,768,768,1536
1536,1764562606.9229405,kem_handshake,0.000026489|0.000018074|0.000034724,0.00,0.00,43069440,43069440,768,768,1536
1537,1764562606.9242358,kem_handshake,0.000024415|0.000020698|0.000040355,0.00,0.00,43069440,43069440,768,768,1536
1538,1764562606.9256132,kem_handshake,0.000025597|0.000017853|0.000045294,0.00,0.00,43069440,43069440,768,768,1536
1539,1764562606.927116,kem_handshake,0.000031528|0.000022862|0.000039382,0.00,0.00,43069440,43069440,768,768,1536
1540,1764562606.928664,kem_handshake,0.000030356|0.000018764|0.000048780,0.00,0.00,43069440,43069440,768,768,1536
1541,1764562606.9304214,kem_handshake,0.000028833|0.000018825|0.000048580,0.00,0.00,43069440,43069440,768,768,1536
1542,1764562606.9319317,kem_handshake,0.000029525|0.000023603|0.000045414,0.00,0.00,43069440,43069440,768,768,1536
1543,1764562606.9330833,kem_handshake,0.000019206|0.000015449|0.000033111,0.00,0.00,43069440,43069440,768,768,1536
1544,1764562606.9341571,kem_handshake,0.000018945|0.000015368|0.000032551,0.00,0.00,43069440,43069440,768,768,1536
1545,1764562606.9353168,kem_handshake,0.000022101|0.000016290|0.000038080,0.00,0.00,43069440,43069440,768,768,1536
1546,1764562606.9365017,kem_handshake,0.000025618|0.000017222|0.000045303,0.00,0.00,43069440,43069440,768,768,1536
1547,1764562606.9377434,kem_handshake,0.000024395|0.000018905|0.000038742,0.00,0.00,43069440,43069440,768,768,1536
1548,1764562606.9388433,kem_handshake,0.000019195|0.000015608|0.000033451,0.00,0.00,43069440,43069440,768,768,1536
1549,1764562606.9399269,kem_handshake,0.000018805|0.000020448|0.000032821,0.00,0.00,43069440,43069440,768,768,1536
1550,1764562606.94099,kem_handshake,0.000019065|0.000015538|0.000032660,0.00,0.00,43069440,43069440,768,768,1536
1551,1764562606.942026,kem_handshake,0.000019095|0.000015128|0.000033161,0.00,0.00,43069440,43069440,768,768,1536
1552,1764562606.9431326,kem_handshake,0.000022461|0.000015790|0.000033452,0.00,0.00,43069440,43069440,768,768,1536
1553,1764562606.9443667,kem_handshake,0.000020317|0.000016400|0.000033112,0.00,0.00,43069440,43069440,768,768,1536
1554,1764562606.9455762,kem_handshake,0.000025507|0.000017483|0.000038481,0.00,0.00,43069440,43069440,768,768,1536
1555,1764562606.947114,kem_handshake,0.000023914|0.000017332|0.000041216,0.00,0.00,43069440,43069440,768,768,1536
1556,1764562606.948304,kem_handshake,0.000019926|0.000016179|0.000034344,0.00,0.00,43069440,43069440,768,768,1536
1557,1764562606.9494495,kem_handshake,0.000019717|0.000016410|0.000033402,0.00,0.00,43069440,43069440,768,768,1536
1558,1764562606.9506438,kem_handshake,0.000020628|0.000016301|0.000033352,0.00,0.00,43069440,43069440,768,768,1536
1559,1764562606.9518027,kem_handshake,0.000020348|0.000016200|0.000033622,0.00,0.00,43069440,43069440,768,768,1536
1560,1764562606.9530046,kem_handshake,0.000023483|0.000016431|0.000036136,0.00,0.00,43069440,43069440,768,768,1536
1561,1764562606.9544172,kem_handshake,0.000022422|0.000016360|0.000037409,0.00,0.00,43069440,43069440,768,768,1536
1562,1764562606.9556136,kem_handshake,0.000019596|0.000016400|0.000033512,0.00,0.00,43069440,43069440,768,768,1536
1563,1764562606.956752,kem_handshake,0.000019606|0.000016130|0.000033441,0.00,0.00,43069440,43069440,768,768,1536
1564,1764562606.9579139,kem_handshake,0.000019897|0.000016030|0.000033492,0.00,0.00,43069440,43069440,768,768,1536
1565,1764562606.9590888,kem_handshake,0.000019957|0.000015890|0.000032960,0.00,0.00,43069440,43069440,768,768,1536
1566,1764562606.9603858,kem_handshake,0.000027160|0.000019105|0.000042188,0.00,0.00,43069440,43069440,768,768,1536
1567,1764562606.962761,kem_handshake,0.000051726|0.000027140|0.000077102,0.00,0.00,43069440,43069440,768,768,1536
1568,1764562606.9646685,kem_handshake,0.000035015|0.000021931|0.000052578,0.00,0.00,43069440,43069440,768,768,1536
1569,1764562606.9660676,kem_handshake,0.000025767|0.000018424|0.000039282,0.00,0.00,43069440,43069440,768,768,1536
1570,1764562606.9674416,kem_handshake,0.000037880|0.000020088|0.000042088,0.00,0.00,43069440,43069440,768,768,1536
1571,1764562606.9688592,kem_handshake,0.000034735|0.000020057|0.000053819,0.00,0.00,43069440,43069440,768,768,1536
1572,1764562606.9700954,kem_handshake,0.000023914|0.000016240|0.000035195,0.00,0.00,43069440,43069440,768,768,1536
1573,1764562606.9712079,kem_handshake,0.000019435|0.000015739|0.000033371,0.00,0.00,43069440,43069440,768,768,1536
1574,1764562606.9723048,kem_handshake,0.000019626|0.000015519|0.000032680,0.00,0.00,43069440,43069440,768,768,1536
1575,1764562606.9734895,kem_handshake,0.000030156|0.000017552|0.000043780,0.00,0.00,43069440,43069440,768,768,1536
1576,1764562606.9747267,kem_handshake,0.000024716|0.000018304|0.000038140,0.00,0.00,43069440,43069440,768,768,1536
1577,1764562606.9765716,kem_handshake,0.000038602|0.000021650|0.000062315,0.00,0.00,43069440,43069440,768,768,1536
1578,1764562606.9783702,kem_handshake,0.000043461|0.000031629|0.000072494,0.00,0.00,43069440,43069440,768,768,1536
1579,1764562606.979656,kem_handshake,0.000019326|0.000015819|0.000032841,0.00,0.00,43069440,43069440,768,768,1536
1580,1764562606.9807396,kem_handshake,0.000018935|0.000015669|0.000032820,0.00,0.00,43069440,43069440,768,768,1536
1581,1764562606.9818056,kem_handshake,0.000018565|0.000015238|0.000032660,0.00,0.00,43069440,43069440,768,768,1536
1582,1764562606.982887,kem_handshake,0.000018995|0.000015299|0.000033312,0.00,0.00,43069440,43069440,768,768,1536
1583,1764562606.9840374,kem_handshake,0.000022241|0.000016791|0.000037169,0.00,0.00,43069440,43069440,768,768,1536
1584,1764562606.9851868,kem_handshake,0.000021570|0.000015859|0.000034925,0.00,0.00,43069440,43069440,768,768,1536
1585,1764562606.9863071,kem_handshake,0.000019967|0.000015919|0.000033051,0.00,0.00,43069440,43069440,768,768,1536
1586,1764562606.9876065,kem_handshake,0.000022401|0.000016521|0.000035516,0.00,0.00,43069440,43069440,768,768,1536
1587,1764562606.9886925,kem_handshake,0.000019836|0.000015589|0.000033161,0.00,0.00,43069440,43069440,768,768,1536
1588,1764562606.9897707,kem_handshake,0.000018844|0.000015458|0.000032651,0.00,0.00,43069440,43069440,768,768,1536
1589,1764562606.990854,kem_handshake,0.000018935|0.000015328|0.000036858,0.00,0.00,43069440,43069440,768,768,1536
1590,1764562606.991903,kem_handshake,0.000018725|0.000015468|0.000032430,0.00,0.00,43069440,43069440,768,768,1536
1591,1764562606.9930515,kem_handshake,0.000020868|0.000015939|0.000035746,0.00,0.00,43069440,43069440,768,768,1536
1592,1764562606.994373,kem_handshake,0.000026629|0.000020347|0.000036617,0.00,0.00,43069440,43069440,768,768,1536
1593,1764562606.9955926,kem_handshake,0.000020117|0.000016040|0.000032951,0.00,0.00,43069440,43069440,768,768,1536
1594,1764562606.9966652,kem_handshake,0.000019516|0.000015799|0.000032861,0.00,0.00,43069440,43069440,768,768,1536
1595,1764562606.9977324,kem_handshake,0.000018194|0.000015599|0.000032500,0.00,0.00,43069440,43069440,768,768,1536
1596,1764562606.998775,kem_handshake,0.000018364|0.000015228|0.000033241,0.00,0.00,43069440,43069440,768,768,1536
1597,1764562606.9998498,kem_handshake,0.000017713|0.000014938|0.000037770,0.00,0.00,43069440,43069440,768,768,1536
1598,1764562607.0009086,kem_handshake,0.000018554|0.000015208|0.000034063,0.00,0.00,43069440,43069440,768,768,1536
1599,1764562607.002229,kem_handshake,0.000022632|0.000016240|0.000036166,0.00,0.00,43069440,43069440,768,768,1536
1600,1764562607.0035334,kem_handshake,0.000025577|0.000017332|0.000037420,0.00,0.00,43069440,43069440,768,768,1536
1601,1764562607.0046391,kem_handshake,0.000019516|0.000015849|0.000032740,0.00,0.00,43069440,43069440,768,768,1536
1602,1764562607.0057027,kem_handshake,0.000019326|0.000015469|0.000034664,0.00,0.00,43069440,43069440,768,768,1536
1603,1764562607.0067978,kem_handshake,0.000018474|0.000015438|0.000032601,0.00,0.00,43069440,43069440,768,768,1536
1604,1764562607.0078568,kem_handshake,0.000019286|0.000015409|0.000037419,0.00,0.00,43069440,43069440,768,768,1536
1605,1764562607.0089111,kem_handshake,0.000018424|0.000015088|0.000032590,0.00,0.00,43069440,43069440,768,768,1536
1606,1764562607.010193,kem_handshake,0.000022903|0.000015639|0.000036858,0.00,0.00,43069440,43069440,768,768,1536
1607,1764562607.0114107,kem_handshake,0.000020087|0.000015529|0.000032911,0.00,0.00,43069440,43069440,768,768,1536
1608,1764562607.012628,kem_handshake,0.000021840|0.000015970|0.000037870,0.00,0.00,43069440,43069440,768,768,1536
1609,1764562607.0137355,kem_handshake,0.000019476|0.000015999|0.000032891,0.00,0.00,43069440,43069440,768,768,1536
1610,1764562607.0148094,kem_handshake,0.000018795|0.000015639|0.000032601,0.00,0.00,43069440,43069440,768,768,1536
1611,1764562607.0158591,kem_handshake,0.000018153|0.000015639|0.000037760,0.00,0.00,43069440,43069440,768,768,1536
1612,1764562607.0169098,kem_handshake,0.000018574|0.000015619|0.000032490,0.00,0.00,43069440,43069440,768,768,1536
1613,1764562607.0181155,kem_handshake,0.000027832|0.000020518|0.000041467,0.00,0.00,43069440,43069440,768,768,1536
1614,1764562607.0193477,kem_handshake,0.000021299|0.000016250|0.000033542,0.00,0.00,43069440,43069440,768,768,1536
1615,1764562607.0204122,kem_handshake,0.000018804|0.000015949|0.000032651,0.00,0.00,43069440,43069440,768,768,1536
1616,1764562607.021508,kem_handshake,0.000020087|0.000016040|0.000032841,0.00,0.00,43069440,43069440,768,768,1536
1617,1764562607.0225575,kem_handshake,0.000018564|0.000015449|0.000032620,0.00,0.00,43069440,43069440,768,768,1536
1618,1764562607.0236244,kem_handshake,0.000018544|0.000015309|0.000032930,0.00,0.00,43069440,43069440,768,768,1536
1619,1764562607.0246816,kem_handshake,0.000018424|0.000015158|0.000033191,0.00,0.00,43069440,43069440,768,768,1536
1620,1764562607.025809,kem_handshake,0.000021249|0.000016320|0.000034253,0.00,0.00,43069440,43069440,768,768,1536
1621,1764562607.0270526,kem_handshake,0.000021059|0.000016520|0.000036007,0.00,0.00,43069440,43069440,768,768,1536
1622,1764562607.0281346,kem_handshake,0.000019146|0.000015849|0.000033001,0.00,0.00,43069440,43069440,768,768,1536
1623,1764562607.0292623,kem_handshake,0.000019626|0.000015209|0.000033472,0.00,0.00,43069440,43069440,768,768,1536
1624,1764562607.0304513,kem_handshake,0.000018494|0.000015999|0.000032049,0.00,0.00,43069440,43069440,768,768,1536
1625,1764562607.03156,kem_handshake,0.000059750|0.000021340|0.000032760,0.00,0.00,43069440,43069440,768,768,1536
1626,1764562607.0326495,kem_handshake,0.000018314|0.000015138|0.000032130,0.00,0.00,43069440,43069440,768,768,1536
1627,1764562607.0337179,kem_handshake,0.000019305|0.000015519|0.000032299,0.00,0.00,43069440,43069440,768,768,1536
1628,1764562607.034888,kem_handshake,0.000021099|0.000016440|0.000036006,0.00,0.00,43069440,43069440,768,768,1536
1629,1764562607.0359755,kem_handshake,0.000019507|0.000015629|0.000033131,0.00,0.00,43069440,43069440,768,768,1536
1630,1764562607.0371482,kem_handshake,0.000021600|0.000015979|0.000040034,0.00,0.00,43069440,43069440,768,768,1536
1631,1764562607.0383797,kem_handshake,0.000021229|0.000016039|0.000034794,0.00,14148.30,43069440,43069440,768,768,1536
1632,1764562607.0394647,kem_handshake,0.000019997|0.000015930|0.000033071,0.00,0.00,43069440,43069440,768,768,1536
1633,1764562607.0405266,kem_handshake,0.000018524|0.000015399|0.000032661,0.00,0.00,43069440,43069440,768,768,1536
1634,1764562607.0415716,kem_handshake,0.000018514|0.000014868|0.000032339,0.00,0.00,43069440,43069440,768,768,1536
1635,1764562607.042703,kem_handshake,0.000020838|0.000015599|0.000034974,0.00,0.00,43069440,43069440,768,768,1536
1636,1764562607.0439017,kem_handshake,0.000024575|0.000017953|0.000038221,0.00,0.00,43069440,43069440,768,768,1536
1637,1764562607.0452185,kem_handshake,0.000023994|0.000018785|0.000041877,0.00,0.00,43069440,43069440,768,768,1536
1638,1764562607.046299,kem_handshake,0.000019276|0.000015558|0.000033062,0.00,0.00,43069440,43069440,768,768,1536
1639,1764562607.0473666,kem_handshake,0.000019065|0.000015809|0.000032550,0.00,0.00,43069440,43069440,768,768,1536
1640,1764562607.048421,kem_handshake,0.000018775|0.000015398|0.000032480,0.00,0.00,43069440,43069440,768,768,1536
1641,1764562607.0494497,kem_handshake,0.000018244|0.000015409|0.000032500,0.00,0.00,43069440,43069440,768,768,1536
1642,1764562607.05053,kem_handshake,0.000019587|0.000015589|0.000039933,0.00,0.00,43069440,43069440,768,768,1536
1643,1764562607.0517378,kem_handshake,0.000022271|0.000017462|0.000036979,0.00,0.00,43069440,43069440,768,768,1536
1644,1764562607.052872,kem_handshake,0.000019757|0.000015568|0.000038982,0.00,0.00,43069440,43069440,768,768,1536
1645,1764562607.0543659,kem_handshake,0.000025237|0.000017622|0.000037749,0.00,0.00,43069440,43069440,768,768,1536
1646,1764562607.0554724,kem_handshake,0.000019125|0.000015759|0.000033201,0.00,0.00,43069440,43069440,768,768,1536
1647,1764562607.0565317,kem_handshake,0.000019225|0.000015448|0.000032771,0.00,0.00,43069440,43069440,768,768,1536
1648,1764562607.0575821,kem_handshake,0.000018705|0.000015438|0.000032690,0.00,0.00,43069440,43069440,768,768,1536
1649,1764562607.0586488,kem_handshake,0.000020187|0.000020027|0.000033813,0.00,0.00,43069440,43069440,768,768,1536
1650,1764562607.059829,kem_handshake,0.000020738|0.000015709|0.000037780,0.00,0.00,43069440,43069440,768,768,1536
1651,1764562607.061115,kem_handshake,0.000026348|0.000020568|0.000037850,0.00,0.00,43069440,43069440,768,768,1536
1652,1764562607.0623474,kem_handshake,0.000019506|0.000015559|0.000033121,0.00,0.00,43069440,43069440,768,768,1536
1653,1764562607.0634017,kem_handshake,0.000018584|0.000015328|0.000033332,0.00,0.00,43069440,43069440,768,768,1536
1654,1764562607.0644763,kem_handshake,0.000019456|0.000015408|0.000032630,0.00,0.00,43069440,43069440,768,768,1536
1655,1764562607.065542,kem_handshake,0.000018364|0.000015168|0.000037520,0.00,0.00,43069440,43069440,768,768,1536
1656,1764562607.0665913,kem_handshake,0.000018324|0.000015118|0.000032280,0.00,0.00,43069440,43069440,768,768,1536
1657,1764562607.067763,kem_handshake,0.000034354|0.000019235|0.000039433,0.00,0.00,43069440,43069440,768,768,1536
1658,1764562607.0688856,kem_handshake,0.000019386|0.000015378|0.000050373,0.00,15135.00,43069440,43069440,768,768,1536
1659,1764562607.070239,kem_handshake,0.000027140|0.000018514|0.000039142,0.00,0.00,43069440,43069440,768,768,1536
1660,1764562607.0714426,kem_handshake,0.000020318|0.000015659|0.000033262,0.00,0.00,43069440,43069440,768,768,1536
1661,1764562607.0725377,kem_handshake,0.000018664|0.000015459|0.000032700,0.00,0.00,43069440,43069440,768,768,1536
1662,1764562607.0735874,kem_handshake,0.000018774|0.000015378|0.000032961,0.00,0.00,43069440,43069440,768,768,1536
1663,1764562607.0746465,kem_handshake,0.000018344|0.000015068|0.000032700,0.00,0.00,43069440,43069440,768,768,1536
1664,1764562607.0756996,kem_handshake,0.000018934|0.000015348|0.000032551,0.00,0.00,43069440,43069440,768,768,1536
1665,1764562607.0768049,kem_handshake,0.000018865|0.000015609|0.000033432,0.00,0.00,43069440,43069440,768,768,1536
1666,1764562607.0779753,kem_handshake,0.000024205|0.000017402|0.000035025,0.00,0.00,43069440,43069440,768,768,1536
1667,1764562607.0796447,kem_handshake,0.000048449|0.000033933|0.000073445,0.00,0.00,43069440,43069440,768,768,1536
1668,1764562607.0809515,kem_handshake,0.000026960|0.000016851|0.000034724,0.00,0.00,43069440,43069440,768,768,1536
1669,1764562607.0820565,kem_handshake,0.000020328|0.000016060|0.000034234,0.00,0.00,43069440,43069440,768,768,1536
1670,1764562607.0831292,kem_handshake,0.000019195|0.000015548|0.000032781,0.00,0.00,43069440,43069440,768,768,1536
1671,1764562607.0842252,kem_handshake,0.000019546|0.000015409|0.000032931,0.00,0.00,43069440,43069440,768,768,1536
1672,1764562607.0853565,kem_handshake,0.000021390|0.000015889|0.000034914,0.00,0.00,43069440,43069440,768,768,1536
1673,1764562607.0865045,kem_handshake,0.000021409|0.000016331|0.000034444,0.00,0.00,43069440,43069440,768,768,1536
1674,1764562607.0876367,kem_handshake,0.000019035|0.000015870|0.000034103,0.00,0.00,43069440,43069440,768,768,1536
1675,1764562607.0893166,kem_handshake,0.000073826|0.000044182|0.000103992,0.00,0.00,43069440,43069440,768,768,1536
1676,1764562607.0907288,kem_handshake,0.000022041|0.000016791|0.000036227,0.00,0.00,43069440,43069440,768,768,1536
1677,1764562607.091843,kem_handshake,0.000019937|0.000016190|0.000033622,0.00,0.00,43069440,43069440,768,768,1536
1678,1764562607.092983,kem_handshake,0.000021600|0.000016801|0.000034063,0.00,0.00,43069440,43069440,768,768,1536
1679,1764562607.094378,kem_handshake,0.000030967|0.000017833|0.000043992,0.00,0.00,43069440,43069440,768,768,1536
1680,1764562607.0957322,kem_handshake,0.000021761|0.000016621|0.000038121,0.00,0.00,43069440,43069440,768,768,1536
1681,1764562607.096884,kem_handshake,0.000019967|0.000015759|0.000033452,0.00,0.00,43069440,43069440,768,768,1536
1682,1764562607.0979657,kem_handshake,0.000018996|0.000015198|0.000032750,0.00,0.00,43069440,43069440,768,768,1536
1683,1764562607.0990112,kem_handshake,0.000018585|0.000015629|0.000032781,0.00,0.00,43069440,43069440,768,768,1536
1684,1764562607.1001236,kem_handshake,0.000042588|0.000015679|0.000033202,0.00,0.00,43069440,43069440,768,768,1536
1685,1764562607.1012163,kem_handshake,0.000018835|0.000015378|0.000032249,0.00,0.00,43069440,43069440,768,768,1536
1686,1764562607.1022997,kem_handshake,0.000019236|0.000015568|0.000033291,0.00,0.00,43069440,43069440,768,768,1536
1687,1764562607.1035438,kem_handshake,0.000046456|0.000020508|0.000043781,0.00,0.00,43069440,43069440,768,768,1536
1688,1764562607.1047714,kem_handshake,0.000020578|0.000015929|0.000060361,0.00,0.00,43069440,43069440,768,768,1536
1689,1764562607.1058145,kem_handshake,0.000018254|0.000015719|0.000033011,0.00,0.00,43069440,43069440,768,768,1536
1690,1764562607.1068728,kem_handshake,0.000018554|0.000015138|0.000037930,0.00,0.00,43069440,43069440,768,768,1536
1691,1764562607.1079268,kem_handshake,0.000018875|0.000022692|0.000033031,0.00,0.00,43069440,43069440,768,768,1536
1692,1764562607.1090405,kem_handshake,0.000023834|0.000018003|0.000035776,0.00,0.00,43069440,43069440,768,768,1536
1693,1764562607.1103232,kem_handshake,0.000030747|0.000016631|0.000037118,0.00,0.00,43069440,43069440,768,768,1536
1694,1764562607.1118102,kem_handshake,0.000024666|0.000017542|0.000038050,0.00,0.00,43069440,43069440,768,768,1536
1695,1764562607.1130185,kem_handshake,0.000021099|0.000016651|0.000033552,0.00,0.00,43069440,43069440,768,768,1536
1696,1764562607.1142385,kem_handshake,0.000020198|0.000016731|0.000033552,0.00,0.00,43069440,43069440,768,768,1536
1697,1764562607.1153915,kem_handshake,0.000020177|0.000016290|0.000033562,0.00,0.00,43069440,43069440,768,768,1536
1698,1764562607.1165595,kem_handshake,0.000019696|0.000016149|0.000033391,0.00,0.00,43069440,43069440,768,768,1536
1699,1764562607.1177282,kem_handshake,0.000020057|0.000016341|0.000033302,0.00,0.00,43069440,43069440,768,768,1536
1700,1764562607.119067,kem_handshake,0.000026469|0.000018515|0.000044703,0.00,0.00,43069440,43069440,768,768,1536
1701,1764562607.1203222,kem_handshake,0.000038300|0.000021941|0.000046486,0.00,0.00,43069440,43069440,768,768,1536
1702,1764562607.1215785,kem_handshake,0.000020838|0.000017693|0.000035115,0.00,0.00,43069440,43069440,768,768,1536
1703,1764562607.1227386,kem_handshake,0.000020268|0.000016340|0.000033412,0.00,0.00,43069440,43069440,768,768,1536
1704,1764562607.123892,kem_handshake,0.000019666|0.000016059|0.000033481,0.00,0.00,43069440,43069440,768,768,1536
1705,1764562607.1250563,kem_handshake,0.000020258|0.000016511|0.000033411,0.00,0.00,43069440,43069440,768,768,1536
1706,1764562607.1262648,kem_handshake,0.000020588|0.000016480|0.000034163,0.00,0.00,43069440,43069440,768,768,1536
1707,1764562607.1274433,kem_handshake,0.000022161|0.000016280|0.000035386,0.00,0.00,43069440,43069440,768,768,1536
1708,1764562607.1287885,kem_handshake,0.000024214|0.000017221|0.000058047,0.00,0.00,43069440,43069440,768,768,1536
1709,1764562607.1299994,kem_handshake,0.000020368|0.000016631|0.000057596,0.00,0.00,43069440,43069440,768,768,1536
1710,1764562607.131138,kem_handshake,0.000019857|0.000016110|0.000033351,0.00,0.00,43069440,43069440,768,768,1536
1711,1764562607.1322954,kem_handshake,0.000020027|0.000016129|0.000033793,0.00,0.00,43069440,43069440,768,768,1536
1712,1764562607.1334686,kem_handshake,0.000019506|0.000016891|0.000032970,0.00,0.00,43069440,43069440,768,768,1536
1713,1764562607.1346543,kem_handshake,0.000019817|0.000016130|0.000033562,0.00,0.00,43069440,43069440,768,768,1536
1714,1764562607.136136,kem_handshake,0.000026469|0.000017372|0.000037890,0.00,0.00,43069440,43069440,768,768,1536
1715,1764562607.1376364,kem_handshake,0.000073586|0.000023945|0.000034794,0.00,0.00,43069440,43069440,768,768,1536
1716,1764562607.1387825,kem_handshake,0.000019176|0.000015959|0.000033542,0.00,0.00,43069440,43069440,768,768,1536
1717,1764562607.1399562,kem_handshake,0.000020608|0.000016291|0.000034935,0.00,0.00,43069440,43069440,768,768,1536
1718,1764562607.141123,kem_handshake,0.000019837|0.000016019|0.000033432,0.00,0.00,43069440,43069440,768,768,1536
1719,1764562607.142262,kem_handshake,0.000019856|0.000016179|0.000033432,0.00,0.00,43069440,43069440,768,768,1536
1720,1764562607.1434624,kem_handshake,0.000022271|0.000016430|0.000035546,0.00,0.00,43069440,43069440,768,768,1536
1721,1764562607.144791,kem_handshake,0.000021991|0.000016410|0.000035485,0.00,0.00,43069440,43069440,768,768,1536
1722,1764562607.145954,kem_handshake,0.000020087|0.000015970|0.000034825,0.00,0.00,43069440,43069440,768,768,1536
1723,1764562607.147104,kem_handshake,0.000020047|0.000015489|0.000033371,0.00,0.00,43069440,43069440,768,768,1536
1724,1764562607.1482677,kem_handshake,0.000019776|0.000016189|0.000033752,0.00,0.00,43069440,43069440,768,768,1536
1725,1764562607.1494317,kem_handshake,0.000020288|0.000015839|0.000033532,0.00,0.00,43069440,43069440,768,768,1536
1726,1764562607.1506257,kem_handshake,0.000020779|0.000016200|0.000033402,0.00,0.00,43069440,43069440,768,768,1536
1727,1764562607.151805,kem_handshake,0.000023483|0.000016611|0.000040064,0.00,0.00,43069440,43069440,768,768,1536
1728,1764562607.1530836,kem_handshake,0.000021009|0.000016000|0.000034093,0.00,0.00,43069440,43069440,768,768,1536
1729,1764562607.154282,kem_handshake,0.000020147|0.000016170|0.000033683,0.00,0.00,43069440,43069440,768,768,1536
1730,1764562607.155457,kem_handshake,0.000020177|0.000016310|0.000034043,0.00,0.00,43069440,43069440,768,768,1536
1731,1764562607.1565943,kem_handshake,0.000019717|0.000016200|0.000033301,0.00,0.00,43069440,43069440,768,768,1536
1732,1764562607.1577454,kem_handshake,0.000019526|0.000015859|0.000033321,0.00,0.00,43069440,43069440,768,768,1536
1733,1764562607.1589055,kem_handshake,0.000019786|0.000016090|0.000033341,0.00,0.00,43069440,43069440,768,768,1536
1734,1764562607.1600835,kem_handshake,0.000050784|0.000016320|0.000034905,0.00,0.00,43069440,43069440,768,768,1536
1735,1764562607.1614559,kem_handshake,0.000022071|0.000016731|0.000036537,0.00,0.00,43069440,43069440,768,768,1536
1736,1764562607.1626303,kem_handshake,0.000020057|0.000016060|0.000033712,0.00,0.00,43069440,43069440,768,768,1536
1737,1764562607.163797,kem_handshake,0.000019736|0.000016080|0.000033371,0.00,0.00,43069440,43069440,768,768,1536
1738,1764562607.164992,kem_handshake,0.000022922|0.000016100|0.000033562,0.00,0.00,43069440,43069440,768,768,1536
1739,1764562607.1661422,kem_handshake,0.000020107|0.000016070|0.000033572,0.00,0.00,43069440,43069440,768,768,1536
1740,1764562607.167298,kem_handshake,0.000039433|0.000016280|0.000033632,0.00,0.00,43069440,43069440,768,768,1536
1741,1764562607.1686413,kem_handshake,0.000049111|0.000023353|0.000053488,0.00,0.00,43069440,43069440,768,768,1536
1742,1764562607.1698673,kem_handshake,0.000020237|0.000015789|0.000045775,0.00,0.00,43069440,43069440,768,768,1536
1743,1764562607.171029,kem_handshake,0.000019977|0.000016210|0.000033431,0.00,0.00,43069440,43069440,768,768,1536
1744,1764562607.1722128,kem_handshake,0.000020177|0.000016190|0.000033863,0.00,0.00,43069440,43069440,768,768,1536
1745,1764562607.1733804,kem_handshake,0.000020879|0.000016260|0.000033212,0.00,0.00,43069440,43069440,768,768,1536
1746,1764562607.1745536,kem_handshake,0.000020137|0.000016491|0.000033362,0.00,0.00,43069440,43069440,768,768,1536
1747,1764562607.1757386,kem_handshake,0.000019676|0.000016160|0.000047959,0.00,0.00,43069440,43069440,768,768,1536
1748,1764562607.1769683,kem_handshake,0.000024485|0.000017833|0.000037780,0.00,0.00,43069440,43069440,768,768,1536
1749,1764562607.1782331,kem_handshake,0.000020267|0.000015970|0.000033912,0.00,0.00,43069440,43069440,768,768,1536
1750,1764562607.1794026,kem_handshake,0.000019957|0.000016240|0.000033642,0.00,0.00,43069440,43069440,768,768,1536
1751,1764562607.1805727,kem_handshake,0.000020057|0.000016491|0.000033461,0.00,0.00,43069440,43069440,768,768,1536
1752,1764562607.1817117,kem_handshake,0.000019596|0.000015920|0.000033362,0.00,0.00,43069440,43069440,768,768,1536
1753,1764562607.1828697,kem_handshake,0.000019546|0.000016100|0.000039093,0.00,0.00,43069440,43069440,768,768,1536
1754,1764562607.184063,kem_handshake,0.000037500|0.000037188|0.000033482,0.00,0.00,43069440,43069440,768,768,1536
1755,1764562607.1854098,kem_handshake,0.000042900|0.000022772|0.000041105,0.00,0.00,43069440,43069440,768,768,1536
1756,1764562607.1866224,kem_handshake,0.000020458|0.000016440|0.000033001,0.00,0.00,43069440,43069440,768,768,1536
1757,1764562607.1877801,kem_handshake,0.000020107|0.000015959|0.000033381,0.00,0.00,43069440,43069440,768,768,1536
1758,1764562607.188929,kem_handshake,0.000019657|0.000026869|0.000033572,0.00,0.00,43069440,43069440,768,768,1536
1759,1764562607.190079,kem_handshake,0.000019797|0.000016080|0.000033442,0.00,0.00,43069440,43069440,768,768,1536
1760,1764562607.191251,kem_handshake,0.000019977|0.000016220|0.000033622,0.00,0.00,43069440,43069440,768,768,1536
1761,1764562607.192446,kem_handshake,0.000019937|0.000016531|0.000033562,0.00,0.00,43069440,43069440,768,768,1536
1762,1764562607.1936579,kem_handshake,0.000023353|0.000017161|0.000035967,0.00,0.00,43069440,43069440,768,768,1536
1763,1764562607.1949177,kem_handshake,0.000020318|0.000016280|0.000033232,0.00,0.00,43069440,43069440,768,768,1536
1764,1764562607.1960633,kem_handshake,0.000019777|0.000015959|0.000033472,0.00,0.00,43069440,43069440,768,768,1536
1765,1764562607.1972213,kem_handshake,0.000020889|0.000016150|0.000033452,0.00,0.00,43069440,43069440,768,768,1536
1766,1764562607.1983702,kem_handshake,0.000019887|0.000016361|0.000033412,0.00,0.00,43069440,43069440,768,768,1536
1767,1764562607.1995015,kem_handshake,0.000019776|0.000016080|0.000033301,0.00,0.00,43069440,43069440,768,768,1536
1768,1764562607.2006795,kem_handshake,0.000020197|0.000016511|0.000033492,0.00,0.00,43069440,43069440,768,768,1536
1769,1764562607.2020996,kem_handshake,0.000027511|0.000017813|0.000039523,0.00,0.00,43069440,43069440,768,768,1536
1770,1764562607.203341,kem_handshake,0.000020959|0.000015929|0.000032571,0.00,0.00,43069440,43069440,768,768,1536
1771,1764562607.204443,kem_handshake,0.000020468|0.000017162|0.000032811,0.00,0.00,43069440,43069440,768,768,1536
1772,1764562607.2055295,kem_handshake,0.000019246|0.000015599|0.000033021,0.00,0.00,43069440,43069440,768,768,1536
1773,1764562607.2065842,kem_handshake,0.000018885|0.000015057|0.000033112,0.00,0.00,43069440,43069440,768,768,1536
1774,1764562607.2076406,kem_handshake,0.000018665|0.000015418|0.000032750,0.00,0.00,43069440,43069440,768,768,1536
1775,1764562607.2087085,kem_handshake,0.000019406|0.000015509|0.000032650,0.00,0.00,43069440,43069440,768,768,1536
1776,1764562607.2098086,kem_handshake,0.000021841|0.000015789|0.000034324,0.00,0.00,43069440,43069440,768,768,1536
1777,1764562607.2112298,kem_handshake,0.000024556|0.000016791|0.000035505,0.00,0.00,43069440,43069440,768,768,1536
1778,1764562607.2127101,kem_handshake,0.000043500|0.000026358|0.000040375,0.00,0.00,43069440,43069440,768,768,1536
1779,1764562607.2138948,kem_handshake,0.000019817|0.000016090|0.000033753,0.00,0.00,43069440,43069440,768,768,1536
1780,1764562607.2149978,kem_handshake,0.000024976|0.000016751|0.000033501,0.00,0.00,43069440,43069440,768,768,1536
1781,1764562607.2161512,kem_handshake,0.000020839|0.000016210|0.000033071,0.00,0.00,43069440,43069440,768,768,1536
1782,1764562607.2172816,kem_handshake,0.000020067|0.000015749|0.000033573,0.00,0.00,43069440,43069440,768,768,1536
1783,1764562607.2184863,kem_handshake,0.000026680|0.000019356|0.000040164,0.00,0.00,43069440,43069440,768,768,1536
1784,1764562607.219826,kem_handshake,0.000023203|0.000016811|0.000036527,0.00,0.00,43069440,43069440,768,768,1536
1785,1764562607.2209206,kem_handshake,0.000019446|0.000021339|0.000033472,0.00,0.00,43069440,43069440,768,768,1536
1786,1764562607.222014,kem_handshake,0.000019646|0.000015669|0.000033932,0.00,0.00,43069440,43069440,768,768,1536
1787,1764562607.2230976,kem_handshake,0.000019656|0.000016070|0.000033232,0.00,0.00,43069440,43069440,768,768,1536
1788,1764562607.2242796,kem_handshake,0.000028062|0.000024896|0.000042338,0.00,0.00,43069440,43069440,768,768,1536
1789,1764562607.225893,kem_handshake,0.000032560|0.000019366|0.000052257,0.00,0.00,43069440,43069440,768,768,1536
1790,1764562607.2276688,kem_handshake,0.000045144|0.000024695|0.000065021,0.00,0.00,43069440,43069440,768,768,1536
1791,1764562607.2291007,kem_handshake,0.000023143|0.000017422|0.000038221,0.00,0.00,43069440,43069440,768,768,1536
1792,1764562607.2302406,kem_handshake,0.000020127|0.000016310|0.000034323,0.00,0.00,43069440,43069440,768,768,1536
1793,1764562607.2314005,kem_handshake,0.000021389|0.000017042|0.000035265,0.00,0.00,43069440,43069440,768,768,1536
1794,1764562607.233138,kem_handshake,0.000053368|0.000036497|0.000054841,0.00,0.00,43069440,43069440,768,768,1536
1795,1764562607.2355533,kem_handshake,0.000039132|0.000020448|0.000101157,0.00,0.00,43069440,43069440,768,768,1536
1796,1764562607.2373369,kem_handshake,0.000036628|0.000021330|0.000056284,0.00,0.00,43069440,43069440,768,768,1536
1797,1764562607.2391186,kem_handshake,0.000034543|0.000020748|0.000049912,0.00,0.00,43069440,43069440,768,768,1536
1798,1764562607.2412493,kem_handshake,0.000064630|0.000052427|0.000088022,0.00,0.00,43069440,43069440,768,768,1536
1799,1764562607.2429817,kem_handshake,0.000026098|0.000016670|0.000051415,0.00,0.00,43069440,43069440,768,768,1536
1800,1764562607.2441943,kem_handshake,0.000023564|0.000017182|0.000037610,0.00,13275.10,43069440,43069440,768,768,1536
1801,1764562607.2453678,kem_handshake,0.000020628|0.000016510|0.000043591,0.00,0.00,43069440,43069440,768,768,1536
1802,1764562607.2466505,kem_handshake,0.000020227|0.000016210|0.000034304,0.00,0.00,43069440,43069440,768,768,1536
1803,1764562607.2477531,kem_handshake,0.000019005|0.000017382|0.000038902,0.00,0.00,43069440,43069440,768,768,1536
1804,1764562607.2490926,kem_handshake,0.000019886|0.000015949|0.000032901,0.00,0.00,43069440,43069440,768,768,1536
1805,1764562607.2502217,kem_handshake,0.000064249|0.000022091|0.000033182,0.00,0.00,43069440,43069440,768,768,1536
1806,1764562607.2513833,kem_handshake,0.000020288|0.000016481|0.000034414,0.00,0.00,43069440,43069440,768,768,1536
1807,1764562607.2526345,kem_handshake,0.000021520|0.000015519|0.000034063,0.00,0.00,43069440,43069440,768,768,1536
1808,1764562607.2538092,kem_handshake,0.000019987|0.000015539|0.000035405,0.00,0.00,43069440,43069440,768,768,1536
1809,1764562607.2549245,kem_handshake,0.000018614|0.000020628|0.000033011,0.00,0.00,43069440,43069440,768,768,1536
1810,1764562607.255998,kem_handshake,0.000019266|0.000015348|0.000032540,0.00,0.00,43069440,43069440,768,768,1536
1811,1764562607.2570505,kem_handshake,0.000018484|0.000015108|0.000032570,0.00,0.00,43069440,43069440,768,768,1536
1812,1764562607.2581556,kem_handshake,0.000018444|0.000015469|0.000032581,0.00,0.00,43069440,43069440,768,768,1536
1813,1764562607.2592819,kem_handshake,0.000021660|0.000016029|0.000033402,0.00,0.00,43069440,43069440,768,768,1536
1814,1764562607.2603722,kem_handshake,0.000019997|0.000016110|0.000032981,0.00,0.00,43069440,43069440,768,768,1536
1815,1764562607.2614522,kem_handshake,0.000018975|0.000015057|0.000033642,0.00,0.00,43069440,43069440,768,768,1536
1816,1764562607.2626576,kem_handshake,0.000018945|0.000015067|0.000032800,0.00,0.00,43069440,43069440,768,768,1536
1817,1764562607.2637382,kem_handshake,0.000018684|0.000015048|0.000032560,0.00,0.00,43069440,43069440,768,768,1536
1818,1764562607.2647676,kem_handshake,0.000017732|0.000014927|0.000032600,0.00,0.00,43069440,43069440,768,768,1536
1819,1764562607.2658808,kem_handshake,0.000018604|0.000015840|0.000032801,0.00,0.00,43069440,43069440,768,768,1536
1820,1764562607.2669542,kem_handshake,0.000018384|0.000015018|0.000032611,0.00,0.00,43069440,43069440,768,768,1536
1821,1764562607.2681453,kem_handshake,0.000028021|0.000017252|0.000044132,0.00,0.00,43069440,43069440,768,768,1536
1822,1764562607.2693822,kem_handshake,0.000024395|0.000016881|0.000039804,0.00,12081.20,43069440,43069440,768,768,1536
1823,1764562607.2705095,kem_handshake,0.000019796|0.000015739|0.000033712,0.00,0.00,43069440,43069440,768,768,1536
1824,1764562607.2715638,kem_handshake,0.000018965|0.000016010|0.000033021,0.00,0.00,43069440,43069440,768,768,1536
1825,1764562607.2726521,kem_handshake,0.000019075|0.000015449|0.000032621,0.00,0.00,43069440,43069440,768,768,1536
1826,1764562607.2737029,kem_handshake,0.000018274|0.000015359|0.000032570,0.00,0.00,43069440,43069440,768,768,1536
1827,1764562607.274734,kem_handshake,0.000017944|0.000015028|0.000032620,0.00,0.00,43069440,43069440,768,768,1536
1828,1764562607.275808,kem_handshake,0.000018955|0.000015519|0.000033071,0.00,0.00,43069440,43069440,768,768,1536
1829,1764562607.2768855,kem_handshake,0.000020367|0.000016220|0.000044682,0.00,0.00,43069440,43069440,768,768,1536
1830,1764562607.278005,kem_handshake,0.000022381|0.000016441|0.000034904,0.00,0.00,43069440,43069440,768,768,1536
1831,1764562607.279186,kem_handshake,0.000023724|0.000016350|0.000037139,0.00,0.00,43069440,43069440,768,768,1536
1832,1764562607.2803257,kem_handshake,0.000019897|0.000015779|0.000039443,0.00,0.00,43069440,43069440,768,768,1536
1833,1764562607.2815726,kem_handshake,0.000030025|0.000022191|0.000048069,0.00,0.00,43069440,43069440,768,768,1536
1834,1764562607.282999,kem_handshake,0.000037760|0.000023614|0.000052457,0.00,0.00,43069440,43069440,768,768,1536
1835,1764562607.2843635,kem_handshake,0.000030797|0.000022842|0.000051405,0.00,0.00,43069440,43069440,768,768,1536
1836,1764562607.285734,kem_handshake,0.000028152|0.000017251|0.000042900,0.00,0.00,43069440,43069440,768,768,1536
1837,1764562607.2868931,kem_handshake,0.000020548|0.000016621|0.000033161,0.00,0.00,43069440,43069440,768,768,1536
1838,1764562607.2879584,kem_handshake,0.000019406|0.000015819|0.000032671,0.00,0.00,43069440,43069440,768,768,1536
1839,1764562607.2890038,kem_handshake,0.000018714|0.000015399|0.000033261,0.00,0.00,43069440,43069440,768,768,1536
1840,1764562607.2901123,kem_handshake,0.000019065|0.000015148|0.000032340,0.00,0.00,43069440,43069440,768,768,1536
1841,1764562607.2911747,kem_handshake,0.000018304|0.000015058|0.000032019,0.00,0.00,43069440,43069440,768,768,1536
1842,1764562607.292229,kem_handshake,0.000018123|0.000015278|0.000032250,0.00,0.00,43069440,43069440,768,768,1536
1843,1764562607.2933056,kem_handshake,0.000021329|0.000015920|0.000035706,0.00,0.00,43069440,43069440,768,768,1536
1844,1764562607.294413,kem_handshake,0.000019556|0.000041967|0.000033172,0.00,0.00,43069440,43069440,768,768,1536
1845,1764562607.2954426,kem_handshake,0.000018163|0.000015108|0.000033051,0.00,0.00,43069440,43069440,768,768,1536
1846,1764562607.2964883,kem_handshake,0.000018654|0.000015739|0.000032580,0.00,0.00,43069440,43069440,768,768,1536
1847,1764562607.2975285,kem_handshake,0.000018284|0.000014948|0.000032630,0.00,0.00,43069440,43069440,768,768,1536
1848,1764562607.2985835,kem_handshake,0.000017833|0.000014968|0.000032570,0.00,0.00,43069440,43069440,768,768,1536
1849,1764562607.2996309,kem_handshake,0.000018264|0.000014927|0.000032541,0.00,0.00,43069440,43069440,768,768,1536
1850,1764562607.3006716,kem_handshake,0.000018685|0.000015288|0.000033632,0.00,0.00,43069440,43069440,768,768,1536
1851,1764562607.3017354,kem_handshake,0.000019537|0.000016009|0.000034634,0.00,0.00,43069440,43069440,768,768,1536
1852,1764562607.3027976,kem_handshake,0.000019355|0.000015428|0.000033222,0.00,0.00,43069440,43069440,768,768,1536
1853,1764562607.3038645,kem_handshake,0.000018113|0.000015088|0.000044331,0.00,0.00,43069440,43069440,768,768,1536
1854,1764562607.3048863,kem_handshake,0.000017723|0.000014907|0.000032580,0.00,0.00,43069440,43069440,768,768,1536
1855,1764562607.3059168,kem_handshake,0.000018434|0.000019776|0.000032531,0.00,0.00,43069440,43069440,768,768,1536
1856,1764562607.3069727,kem_handshake,0.000018844|0.000015189|0.000032620,0.00,0.00,43069440,43069440,768,768,1536
1857,1764562607.3079982,kem_handshake,0.000018174|0.000015088|0.000032631,0.00,0.00,43069440,43069440,768,768,1536
1858,1764562607.3090417,kem_handshake,0.000019196|0.000015298|0.000033432,0.00,0.00,43069440,43069440,768,768,1536
1859,1764562607.3101418,kem_handshake,0.000021590|0.000015860|0.000033713,0.00,0.00,43069440,43069440,768,768,1536
1860,1764562607.311197,kem_handshake,0.000018585|0.000015468|0.000032600,0.00,0.00,43069440,43069440,768,768,1536
1861,1764562607.312255,kem_handshake,0.000018945|0.000015228|0.000032830,0.00,0.00,43069440,43069440,768,768,1536
1862,1764562607.3133013,kem_handshake,0.000018935|0.000015248|0.000033372,0.00,0.00,43069440,43069440,768,768,1536
1863,1764562607.3143241,kem_handshake,0.000017934|0.000014867|0.000032460,0.00,0.00,43069440,43069440,768,768,1536
1864,1764562607.3153565,kem_handshake,0.000018364|0.000015088|0.000032500,0.00,0.00,43069440,43069440,768,768,1536
1865,1764562607.316401,kem_handshake,0.000018003|0.000015198|0.000032360,0.00,0.00,43069440,43069440,768,768,1536
1866,1764562607.3174357,kem_handshake,0.000019086|0.000015398|0.000033071,0.00,0.00,43069440,43069440,768,768,1536
1867,1764562607.3185267,kem_handshake,0.000019516|0.000015238|0.000034374,0.00,0.00,43069440,43069440,768,768,1536
1868,1764562607.3195632,kem_handshake,0.000018043|0.000015107|0.000033001,0.00,0.00,43069440,43069440,768,768,1536
1869,1764562607.3205857,kem_handshake,0.000017692|0.000014698|0.000032490,0.00,0.00,43069440,43069440,768,768,1536
1870,1764562607.3216121,kem_handshake,0.000017693|0.000015038|0.000032500,0.00,0.00,43069440,43069440,768,768,1536
1871,1764562607.3226435,kem_handshake,0.000018324|0.000015348|0.000032611,0.00,0.00,43069440,43069440,768,768,1536
1872,1764562607.3236578,kem_handshake,0.000017442|0.000014938|0.000032080,0.00,0.00,43069440,43069440,768,768,1536
1873,1764562607.324714,kem_handshake,0.000019075|0.000015409|0.000031989,0.00,0.00,43069440,43069440,768,768,1536
1874,1764562607.3257535,kem_handshake,0.000018784|0.000015919|0.000032901,0.00,0.00,43069440,43069440,768,768,1536
1875,1764562607.3268058,kem_handshake,0.000020699|0.000015659|0.000034224,0.00,0.00,43069440,43069440,768,768,1536
1876,1764562607.3278615,kem_handshake,0.000018294|0.000015239|0.000037509,0.00,0.00,43069440,43069440,768,768,1536
1877,1764562607.3289015,kem_handshake,0.000018033|0.000015028|0.000032860,0.00,0.00,43069440,43069440,768,768,1536
1878,1764562607.329925,kem_handshake,0.000018975|0.000020708|0.000033141,0.00,0.00,43069440,43069440,768,768,1536
1879,1764562607.331197,kem_handshake,0.000028322|0.000018604|0.000039623,0.00,0.00,43069440,43069440,768,768,1536
1880,1764562607.3324287,kem_handshake,0.000019436|0.000015820|0.000032681,0.00,0.00,43069440,43069440,768,768,1536
1881,1764562607.3335104,kem_handshake,0.000018424|0.000015228|0.000032260,0.00,0.00,43069440,43069440,768,768,1536
1882,1764562607.334608,kem_handshake,0.000020718|0.000015870|0.000033912,0.00,0.00,43069440,43069440,768,768,1536
1883,1764562607.3358161,kem_handshake,0.000025106|0.000017984|0.000034624,0.00,0.00,43069440,43069440,768,768,1536
1884,1764562607.3370216,kem_handshake,0.000023794|0.000017142|0.000037589,0.00,0.00,43069440,43069440,768,768,1536
1885,1764562607.3384736,kem_handshake,0.000021460|0.000017202|0.000035966,0.00,0.00,43069440,43069440,768,768,1536
1886,1764562607.3398094,kem_handshake,0.000021790|0.000016360|0.000034404,0.00,0.00,43069440,43069440,768,768,1536
1887,1764562607.3412516,kem_handshake,0.000025026|0.000018204|0.000037599,0.00,0.00,43069440,43069440,768,768,1536
1888,1764562607.3435347,kem_handshake,0.000080228|0.000032881|0.000106867,0.00,0.00,43069440,43069440,768,768,1536
1889,1764562607.3457017,kem_handshake,0.000036608|0.000020578|0.000044341,0.00,0.00,43069440,43069440,768,768,1536
1890,1764562607.3475351,kem_handshake,0.000030496|0.000020027|0.000040344,0.00,0.00,43069440,43069440,768,768,1536
1891,1764562607.3491871,kem_handshake,0.000030156|0.000019346|0.000042929,0.00,0.00,43069440,43069440,768,768,1536
1892,1764562607.3512251,kem_handshake,0.000041827|0.000021449|0.000056474,0.00,0.00,43069440,43069440,768,768,1536
1893,1764562607.353107,kem_handshake,0.000028132|0.000018384|0.000069318,0.00,0.00,43069440,43069440,768,768,1536
1894,1764562607.3557868,kem_handshake,0.000062195|0.000027470|0.000063287,0.00,0.00,43069440,43069440,768,768,1536
1895,1764562607.3583746,kem_handshake,0.000169443|0.000059260|0.000110374,0.00,0.00,43069440,43069440,768,768,1536
1896,1764562607.3616238,kem_handshake,0.000057987|0.000028803|0.000091960,0.00,0.00,43069440,43069440,768,768,1536
1897,1764562607.363892,kem_handshake,0.000050383|0.000024745|0.000060702,0.00,0.00,43069440,43069440,768,768,1536
1898,1764562607.3657377,kem_handshake,0.000039222|0.000021610|0.000048649,0.00,0.00,43069440,43069440,768,768,1536
1899,1764562607.3686135,kem_handshake,0.000079837|0.000036638|0.000094946,0.00,0.00,43069440,43069440,768,768,1536
1900,1764562607.371461,kem_handshake,0.000059420|0.000027691|0.000080379,0.00,0.00,43069440,43069440,768,768,1536
1901,1764562607.3738542,kem_handshake,0.000073095|0.000033843|0.000101727,0.00,0.00,43069440,43069440,768,768,1536
1902,1764562607.3764284,kem_handshake,0.000058558|0.000028091|0.000080198,0.00,0.00,43069440,43069440,768,768,1536
1903,1764562607.3784354,kem_handshake,0.000046206|0.000021560|0.000059360,0.00,0.00,43069440,43069440,768,768,1536
1904,1764562607.3800182,kem_handshake,0.000036137|0.000022481|0.000053259,0.00,0.00,43069440,43069440,768,768,1536
1905,1764562607.3812056,kem_handshake,0.000021509|0.000016660|0.000036848,0.00,0.00,43069440,43069440,768,768,1536
1906,1764562607.3836064,kem_handshake,0.000077824|0.000038101|0.000087782,0.00,0.00,43069440,43069440,768,768,1536
1907,1764562607.3874218,kem_handshake,0.000091819|0.000041837|0.000123167,0.00,0.00,43069440,43069440,768,768,1536
1908,1764562607.3909442,kem_handshake,0.000084106|0.000037870|0.000089135,0.00,0.00,43069440,43069440,768,768,1536
1909,1764562607.3951685,kem_handshake,0.000076190|0.000036948|0.000081120,0.00,0.00,43069440,43069440,768,768,1536
1910,1764562607.3987105,kem_handshake,0.000089295|0.000042148|0.000119771,0.00,0.00,43069440,43069440,768,768,1536
1911,1764562607.4021857,kem_handshake,0.000127695|0.000043641|0.000111837,0.00,0.00,43069440,43069440,768,768,1536
1912,1764562607.4058692,kem_handshake,0.000068376|0.000033482|0.000077323,0.00,0.00,43069440,43069440,768,768,1536
1913,1764562607.4088933,kem_handshake,0.000067996|0.000034844|0.000118879,0.00,0.00,43069440,43069440,768,768,1536
1914,1764562607.4127405,kem_handshake,0.000094264|0.000043350|0.000113890,0.00,0.00,43069440,43069440,768,768,1536
1915,1764562607.415372,kem_handshake,0.000072204|0.000038261|0.000098282,0.00,0.00,43069440,43069440,768,768,1536
1916,1764562607.4187348,kem_handshake,0.000082663|0.000046897|0.000130311,0.00,0.00,43069440,43069440,768,768,1536
1917,1764562607.4221115,kem_handshake,0.000118869|0.000060251|0.000131883,0.00,0.00,43069440,43069440,768,768,1536
1918,1764562607.4242926,kem_handshake,0.000031388|0.000019866|0.000040906,0.00,0.00,43069440,43069440,768,768,1536
1919,1764562607.4262,kem_handshake,0.000041136|0.000023233|0.000074808,0.00,0.00,43069440,43069440,768,768,1536
1920,1764562607.4290502,kem_handshake,0.000082573|0.000048650|0.000100756,0.00,0.00,43069440,43069440,768,768,1536
1921,1764562607.4310434,kem_handshake,0.000040465|0.000022722|0.000056104,0.00,0.00,43069440,43069440,768,768,1536
1922,1764562607.432588,kem_handshake,0.000022932|0.000017222|0.000039143,0.00,0.00,43069440,43069440,768,768,1536
1923,1764562607.4341311,kem_handshake,0.000085237|0.000027831|0.000075630,0.00,0.00,43069440,43069440,768,768,1536
1924,1764562607.4359171,kem_handshake,0.000041677|0.000023744|0.000068987,0.00,0.00,43069440,43069440,768,768,1536
1925,1764562607.438192,kem_handshake,0.000041858|0.000023253|0.000054010,0.00,0.00,43069440,43069440,768,768,1536
1926,1764562607.4400563,kem_handshake,0.000067635|0.000024505|0.000075109,0.00,0.00,43069440,43069440,768,768,1536
1927,1764562607.4417925,kem_handshake,0.000031418|0.000017983|0.000040114,0.00,0.00,43069440,43069440,768,768,1536
1928,1764562607.4435883,kem_handshake,0.000042739|0.000020939|0.000057226,0.00,0.00,43069440,43069440,768,768,1536
1929,1764562607.445044,kem_handshake,0.000026308|0.000018284|0.000039773,0.00,0.00,43069440,43069440,768,768,1536
1930,1764562607.4470112,kem_handshake,0.000036497|0.000019736|0.000052257,0.00,0.00,43069440,43069440,768,768,1536
1931,1764562607.4485133,kem_handshake,0.000025637|0.000018725|0.000039974,0.00,0.00,43069440,43069440,768,768,1536
1932,1764562607.4500587,kem_handshake,0.000037119|0.000025517|0.000046285,0.00,0.00,43069440,43069440,768,768,1536
1933,1764562607.452415,kem_handshake,0.000051225|0.000026018|0.000068957,0.00,0.00,43069440,43069440,768,768,1536
1934,1764562607.4542353,kem_handshake,0.000031819|0.000020347|0.000041436,0.00,0.00,43069440,43069440,768,768,1536
1935,1764562607.4566822,kem_handshake,0.000065250|0.000033893|0.000068667,0.00,0.00,43069440,43069440,768,768,1536
1936,1764562607.4622753,kem_handshake,0.000159675|0.000092181|0.000167460,0.00,2816.90,43069440,43069440,768,768,1536
1937,1764562607.465369,kem_handshake,0.000068927|0.000031599|0.000065261,0.00,0.00,43069440,43069440,768,768,1536
1938,1764562607.4682124,kem_handshake,0.000052237|0.000029895|0.000093012,0.00,0.00,43069440,43069440,768,768,1536
1939,1764562607.470095,kem_handshake,0.000051064|0.000025837|0.000070390,0.00,0.00,43069440,43069440,768,768,1536
1940,1764562607.4715784,kem_handshake,0.000025918|0.000017753|0.000043511,0.00,0.00,43069440,43069440,768,768,1536
1941,1764562607.4727488,kem_handshake,0.000020167|0.000015879|0.000035025,0.00,0.00,43069440,43069440,768,768,1536
1942,1764562607.4747066,kem_handshake,0.000028233|0.000017953|0.000040936,0.00,0.00,43069440,43069440,768,768,1536
1943,1764562607.4763136,kem_handshake,0.000041126|0.000019566|0.000070861,0.00,0.00,43069440,43069440,768,768,1536
1944,1764562607.4785328,kem_handshake,0.000061804|0.000031459|0.000086971,0.00,0.00,43069440,43069440,768,768,1536
1945,1764562607.4807174,kem_handshake,0.000074348|0.000048640|0.000094084,0.00,0.00,43069440,43069440,768,768,1536
1946,1764562607.4831853,kem_handshake,0.000042138|0.000023925|0.000049782,0.00,0.00,43069440,43069440,768,768,1536
1947,1764562607.4845355,kem_handshake,0.000024355|0.000016791|0.000036667,0.00,0.00,43069440,43069440,768,768,1536
1948,1764562607.4857202,kem_handshake,0.000021360|0.000016140|0.000033972,0.00,0.00,43069440,43069440,768,768,1536
1949,1764562607.4868991,kem_handshake,0.000024385|0.000016600|0.000040194,0.00,0.00,43069440,43069440,768,768,1536
1950,1764562607.4882512,kem_handshake,0.000040856|0.000019336|0.000049963,0.00,0.00,43069440,43069440,768,768,1536
1951,1764562607.4897387,kem_handshake,0.000025327|0.000017843|0.000038050,0.00,0.00,43069440,43069440,768,768,1536
1952,1764562607.490984,kem_handshake,0.000028493|0.000018604|0.000039393,0.00,0.00,43069440,43069440,768,768,1536
1953,1764562607.4925926,kem_handshake,0.000046636|0.000022722|0.000056544,0.00,0.00,43069440,43069440,768,768,1536
1954,1764562607.4942725,kem_handshake,0.000026229|0.000017312|0.000042859,0.00,0.00,43069440,43069440,768,768,1536
1955,1764562607.4954715,kem_handshake,0.000022312|0.000016320|0.000034053,0.00,0.00,43069440,43069440,768,768,1536
1956,1764562607.4966369,kem_handshake,0.000023563|0.000017613|0.000038912,0.00,0.00,43069440,43069440,768,768,1536
1957,1764562607.4979105,kem_handshake,0.000022651|0.000017191|0.000034955,0.00,0.00,43069440,43069440,768,768,1536
1958,1764562607.499109,kem_handshake,0.000025838|0.000017803|0.000038401,0.00,0.00,43069440,43069440,768,768,1536
1959,1764562607.5019863,kem_handshake,0.000079567|0.000035946|0.000067665,0.00,0.00,43069440,43069440,768,768,1536
1960,1764562607.5040836,kem_handshake,0.000087312|0.000038741|0.000096228,0.00,0.00,43069440,43069440,768,768,1536
1961,1764562607.506212,kem_handshake,0.000054752|0.000027350|0.000068767,0.00,0.00,43069440,43069440,768,768,1536
1962,1764562607.5084596,kem_handshake,0.000044382|0.000023564|0.000051205,0.00,0.00,43069440,43069440,768,768,1536
1963,1764562607.510225,kem_handshake,0.000051886|0.000022392|0.000057527,0.00,0.00,43069440,43069440,768,768,1536
1964,1764562607.5127363,kem_handshake,0.000044612|0.000025417|0.000114601,0.00,0.00,43069440,43069440,768,768,1536
1965,1764562607.5146983,kem_handshake,0.000037700|0.000021009|0.000049882,0.00,0.00,43069440,43069440,768,768,1536
1966,1764562607.5159273,kem_handshake,0.000023554|0.000021640|0.000040134,0.00,0.00,43069440,43069440,768,768,1536
1967,1764562607.5180898,kem_handshake,0.000032180|0.000020257|0.000047788,0.00,0.00,43069440,43069440,768,768,1536
1968,1764562607.519318,kem_handshake,0.000020789|0.000017542|0.000037960,0.00,0.00,43069440,43069440,768,768,1536
1969,1764562607.520708,kem_handshake,0.000028763|0.000019126|0.000047799,0.00,0.00,43069440,43069440,768,768,1536
1970,1764562607.5219705,kem_handshake,0.000021259|0.000016100|0.000035375,0.00,0.00,43069440,43069440,768,768,1536
1971,1764562607.5232434,kem_handshake,0.000028442|0.000017653|0.000041577,0.00,0.00,43069440,43069440,768,768,1536
1972,1764562607.5249262,kem_handshake,0.000038852|0.000020207|0.000044863,0.00,0.00,43069440,43069440,768,768,1536
1973,1764562607.5270703,kem_handshake,0.000075690|0.000027581|0.000082222,0.00,0.00,43069440,43069440,768,768,1536
1974,1764562607.5289748,kem_handshake,0.000039503|0.000028222|0.000060321,0.00,0.00,43069440,43069440,768,768,1536
1975,1764562607.5302234,kem_handshake,0.000021069|0.000015929|0.000034313,0.00,0.00,43069440,43069440,768,768,1536
1976,1764562607.5319006,kem_handshake,0.000033511|0.000022191|0.000062516,0.00,0.00,43069440,43069440,768,768,1536
1977,1764562607.533639,kem_handshake,0.000033071|0.000020969|0.000048580,0.00,0.00,43069440,43069440,768,768,1536
1978,1764562607.5356665,kem_handshake,0.000047939|0.000024736|0.000067645,0.00,0.00,43069440,43069440,768,768,1536
1979,1764562607.5371575,kem_handshake,0.000026379|0.000017653|0.000046135,0.00,0.00,43069440,43069440,768,768,1536
1980,1764562607.5383365,kem_handshake,0.000018615|0.000015729|0.000033832,0.00,0.00,43069440,43069440,768,768,1536
1981,1764562607.539432,kem_handshake,0.000018925|0.000015559|0.000035345,0.00,0.00,43069440,43069440,768,768,1536
1982,1764562607.5410695,kem_handshake,0.000047518|0.000025628|0.000062526,0.00,0.00,43069440,43069440,768,768,1536
1983,1764562607.5428884,kem_handshake,0.000042749|0.000020909|0.000061514,0.00,0.00,43069440,43069440,768,768,1536
1984,1764562607.5446205,kem_handshake,0.000021890|0.000017312|0.000038511,0.00,0.00,43069440,43069440,768,768,1536
1985,1764562607.5464227,kem_handshake,0.000073596|0.000025617|0.000043631,0.00,0.00,43069440,43069440,768,768,1536
1986,1764562607.5481362,kem_handshake,0.000031088|0.000020037|0.000046316,0.00,0.00,43069440,43069440,768,768,1536
1987,1764562607.5498037,kem_handshake,0.000033962|0.000025076|0.000055102,0.00,0.00,43069440,43069440,768,768,1536
1988,1764562607.5513225,kem_handshake,0.000035646|0.000021299|0.000041046,0.00,0.00,43069440,43069440,768,768,1536
1989,1764562607.5527165,kem_handshake,0.000032019|0.000017763|0.000052347,0.00,0.00,43069440,43069440,768,768,1536
1990,1764562607.5539675,kem_handshake,0.000022932|0.000016441|0.000036177,0.00,0.00,43069440,43069440,768,768,1536
1991,1764562607.5550675,kem_handshake,0.000019045|0.000015258|0.000033592,0.00,0.00,43069440,43069440,768,768,1536
1992,1764562607.5561287,kem_handshake,0.000019215|0.000015479|0.000033032,0.00,0.00,43069440,43069440,768,768,1536
1993,1764562607.5572002,kem_handshake,0.000019265|0.000015639|0.000033141,0.00,0.00,43069440,43069440,768,768,1536
1994,1764562607.558259,kem_handshake,0.000018745|0.000015458|0.000032730,0.00,0.00,43069440,43069440,768,768,1536
1995,1764562607.5593996,kem_handshake,0.000019877|0.000016351|0.000034784,0.00,0.00,43069440,43069440,768,768,1536
1996,1764562607.5606287,kem_handshake,0.000022231|0.000015999|0.000035235,0.00,0.00,43069440,43069440,768,768,1536
1997,1764562607.5618029,kem_handshake,0.000020458|0.000016350|0.000033592,0.00,0.00,43069440,43069440,768,768,1536
1998,1764562607.5629036,kem_handshake,0.000018374|0.000015328|0.000033211,0.00,0.00,43069440,43069440,768,768,1536
1999,1764562607.5639715,kem_handshake,0.000018794|0.000015839|0.000032901,0.00,0.00,43069440,43069440,768,768,1536
2000,1764562607.5650399,kem_handshake,0.000018313|0.000015638|0.000032830,0.00,0.00,43069440,43069440,768,768,1536
2001,1764562607.5660787,kem_handshake,0.000018183|0.000015539|0.000033001,0.00,0.00,43069440,43069440,768,768,1536
2002,1764562607.567166,kem_handshake,0.000019015|0.000015529|0.000033973,0.00,0.00,43069440,43069440,768,768,1536
2003,1764562607.568331,kem_handshake,0.000019746|0.000015419|0.000034053,0.00,0.00,43069440,43069440,768,768,1536
2004,1764562607.5694327,kem_handshake,0.000019335|0.000015489|0.000034204,0.00,0.00,43069440,43069440,768,768,1536
2005,1764562607.570525,kem_handshake,0.000019617|0.000014957|0.000033703,0.00,0.00,43069440,43069440,768,768,1536
2006,1764562607.571573,kem_handshake,0.000017813|0.000014948|0.000032661,0.00,15793.50,43069440,43069440,768,768,1536
2007,1764562607.5726469,kem_handshake,0.000017913|0.000014998|0.000033572,0.00,0.00,43069440,43069440,768,768,1536
2008,1764562607.5737464,kem_handshake,0.000018554|0.000015850|0.000032711,0.00,0.00,43069440,43069440,768,768,1536
2009,1764562607.5750637,kem_handshake,0.000021750|0.000016420|0.000035045,0.00,0.00,43069440,43069440,768,768,1536
2010,1764562607.5762496,kem_handshake,0.000019365|0.000017593|0.000043510,0.00,0.00,43069440,43069440,768,768,1536
2011,1764562607.5774891,kem_handshake,0.000028383|0.000019556|0.000040255,0.00,0.00,43069440,43069440,768,768,1536
2012,1764562607.5786784,kem_handshake,0.000020167|0.000015930|0.000035626,0.00,0.00,43069440,43069440,768,768,1536
2013,1764562607.5803967,kem_handshake,0.000018835|0.000015649|0.000033091,0.00,0.00,43069440,43069440,768,768,1536
2014,1764562607.5815535,kem_handshake,0.000019216|0.000015999|0.000032651,0.00,0.00,43069440,43069440,768,768,1536
2015,1764562607.5827048,kem_handshake,0.000018424|0.000015309|0.000032090,0.00,0.00,43069440,43069440,768,768,1536
2016,1764562607.5838249,kem_handshake,0.000017873|0.000015920|0.000032280,0.00,0.00,43069440,43069440,768,768,1536
2017,1764562607.585138,kem_handshake,0.000030676|0.000022291|0.000039753,0.00,0.00,43069440,43069440,768,768,1536
2018,1764562607.5864208,kem_handshake,0.000022001|0.000017332|0.000035445,0.00,0.00,43069440,43069440,768,768,1536
2019,1764562607.5875182,kem_handshake,0.000018615|0.000015428|0.000032870,0.00,0.00,43069440,43069440,768,768,1536
2020,1764562607.5885975,kem_handshake,0.000019196|0.000015469|0.000032601,0.00,0.00,43069440,43069440,768,768,1536
2021,1764562607.5896604,kem_handshake,0.000018875|0.000015508|0.000032660,0.00,0.00,43069440,43069440,768,768,1536
2022,1764562607.5906994,kem_handshake,0.000018043|0.000015128|0.000032891,0.00,0.00,43069440,43069440,768,768,1536
2023,1764562607.5917547,kem_handshake,0.000018304|0.000015619|0.000032039,0.00,0.00,43069440,43069440,768,768,1536
2024,1764562607.5929308,kem_handshake,0.000020858|0.000021911|0.000035986,0.00,0.00,43069440,43069440,768,768,1536
2025,1764562607.594054,kem_handshake,0.000019957|0.000016049|0.000033292,0.00,0.00,43069440,43069440,768,768,1536
2026,1764562607.5951421,kem_handshake,0.000019285|0.000016069|0.000033051,0.00,0.00,43069440,43069440,768,768,1536
2027,1764562607.596227,kem_handshake,0.000018874|0.000015408|0.000032761,0.00,0.00,43069440,43069440,768,768,1536
2028,1764562607.59727,kem_handshake,0.000019145|0.000016149|0.000035686,0.00,0.00,43069440,43069440,768,768,1536
2029,1764562607.5983362,kem_handshake,0.000018905|0.000015809|0.000032831,0.00,0.00,43069440,43069440,768,768,1536
2030,1764562607.599378,kem_handshake,0.000018434|0.000015438|0.000032681,0.00,0.00,43069440,43069440,768,768,1536
2031,1764562607.600432,kem_handshake,0.000018675|0.000016601|0.000042849,0.00,0.00,43069440,43069440,768,768,1536
2032,1764562607.6016219,kem_handshake,0.000024435|0.000017772|0.000038792,0.00,0.00,43069440,43069440,768,768,1536
2033,1764562607.6027339,kem_handshake,0.000019406|0.000015429|0.000033091,0.00,0.00,43069440,43069440,768,768,1536
2034,1764562607.603803,kem_handshake,0.000018534|0.000015369|0.000032740,0.00,0.00,43069440,43069440,768,768,1536
2035,1764562607.604937,kem_handshake,0.000019025|0.000024004|0.000033933,0.00,0.00,43069440,43069440,768,768,1536
2036,1764562607.6060264,kem_handshake,0.000018615|0.000026479|0.000032620,0.00,0.00,43069440,43069440,768,768,1536
2037,1764562607.6070585,kem_handshake,0.000018224|0.000015108|0.000032831,0.00,0.00,43069440,43069440,768,768,1536
2038,1764562607.608108,kem_handshake,0.000021840|0.000015459|0.000032731,0.00,0.00,43069440,43069440,768,768,1536
2039,1764562607.60953,kem_handshake,0.000044953|0.000033652|0.000082022,0.00,0.00,43069440,43069440,768,768,1536
2040,1764562607.610983,kem_handshake,0.000024094|0.000017162|0.000036988,0.00,0.00,43069440,43069440,768,768,1536
2041,1764562607.612095,kem_handshake,0.000019856|0.000016079|0.000033492,0.00,0.00,43069440,43069440,768,768,1536
2042,1764562607.6131876,kem_handshake,0.000018945|0.000016110|0.000033322,0.00,0.00,43069440,43069440,768,768,1536
2043,1764562607.614256,kem_handshake,0.000018795|0.000015468|0.000033331,0.00,0.00,43069440,43069440,768,768,1536
2044,1764562607.6153386,kem_handshake,0.000019616|0.000015749|0.000033251,0.00,0.00,43069440,43069440,768,768,1536
2045,1764562607.6164236,kem_handshake,0.000018955|0.000016361|0.000033341,0.00,0.00,43069440,43069440,768,768,1536
2046,1764562607.6174846,kem_handshake,0.000018955|0.000015749|0.000033361,0.00,0.00,43069440,43069440,768,768,1536
2047,1764562607.618657,kem_handshake,0.000021811|0.000016751|0.000035846,0.00,0.00,43069440,43069440,768,768,1536
2048,1764562607.619754,kem_handshake,0.000020107|0.000016090|0.000032710,0.00,0.00,43069440,43069440,768,768,1536
2049,1764562607.6212606,kem_handshake,0.000037590|0.000031599|0.000065691,0.00,0.00,43069440,43069440,768,768,1536
2050,1764562607.622426,kem_handshake,0.000019907|0.000016451|0.000033372,0.00,0.00,43069440,43069440,768,768,1536
2051,1764562607.6234922,kem_handshake,0.000019135|0.000015639|0.000033172,0.00,0.00,43069440,43069440,768,768,1536
2052,1764562607.6245222,kem_handshake,0.000017612|0.000015328|0.000032580,0.00,0.00,43069440,43069440,768,768,1536
2053,1764562607.6256778,kem_handshake,0.000024174|0.000019035|0.000047288,0.00,0.00,43069440,43069440,768,768,1536
2054,1764562607.6268792,kem_handshake,0.000050864|0.000015990|0.000044372,0.00,0.00,43069440,43069440,768,768,1536
2055,1764562607.6279583,kem_handshake,0.000020168|0.000015889|0.000032961,0.00,0.00,43069440,43069440,768,768,1536
2056,1764562607.6290255,kem_handshake,0.000019315|0.000015468|0.000032290,0.00,0.00,43069440,43069440,768,768,1536
2057,1764562607.630067,kem_handshake,0.000018695|0.000015188|0.000032831,0.00,0.00,43069440,43069440,768,768,1536
2058,1764562607.6310942,kem_handshake,0.000018464|0.000015249|0.000032810,0.00,0.00,43069440,43069440,768,768,1536
2059,1764562607.6321383,kem_handshake,0.000018013|0.000015048|0.000032610,0.00,0.00,43069440,43069440,768,768,1536
2060,1764562607.633182,kem_handshake,0.000018123|0.000015088|0.000032610,0.00,0.00,43069440,43069440,768,768,1536
2061,1764562607.634311,kem_handshake,0.000024385|0.000019225|0.000043421,0.00,0.00,43069440,43069440,768,768,1536
2062,1764562607.6354856,kem_handshake,0.000022722|0.000016250|0.000035576,0.00,0.00,43069440,43069440,768,768,1536
2063,1764562607.6365705,kem_handshake,0.000019256|0.000015949|0.000032820,0.00,0.00,43069440,43069440,768,768,1536
2064,1764562607.6376352,kem_handshake,0.000019306|0.000015959|0.000034664,0.00,0.00,43069440,43069440,768,768,1536
2065,1764562607.6386902,kem_handshake,0.000018344|0.000015418|0.000032751,0.00,0.00,43069440,43069440,768,768,1536
2066,1764562607.639742,kem_handshake,0.000019726|0.000015468|0.000032621,0.00,0.00,43069440,43069440,768,768,1536
2067,1764562607.6407864,kem_handshake,0.000018204|0.000015208|0.000032610,0.00,0.00,43069440,43069440,768,768,1536
2068,1764562607.641903,kem_handshake,0.000019345|0.000015488|0.000033412,0.00,0.00,43069440,43069440,768,768,1536
2069,1764562607.6430526,kem_handshake,0.000021159|0.000017212|0.000035225,0.00,0.00,43069440,43069440,768,768,1536
2070,1764562607.6441834,kem_handshake,0.000020508|0.000015889|0.000033662,0.00,0.00,43069440,43069440,768,768,1536
2071,1764562607.645281,kem_handshake,0.000019706|0.000016090|0.000033181,0.00,0.00,43069440,43069440,768,768,1536
2072,1764562607.6463866,kem_handshake,0.000019365|0.000016160|0.000033231,0.00,0.00,43069440,43069440,768,768,1536
2073,1764562607.6474414,kem_handshake,0.000018885|0.000015849|0.000033331,0.00,0.00,43069440,43069440,768,768,1536
2074,1764562607.6486237,kem_handshake,0.000019306|0.000015649|0.000032590,0.00,0.00,43069440,43069440,768,768,1536
2075,1764562607.6497738,kem_handshake,0.000060662|0.000022191|0.000033252,0.00,0.00,43069440,43069440,768,768,1536
2076,1764562607.6510189,kem_handshake,0.000051425|0.000019806|0.000071733,0.00,0.00,43069440,43069440,768,768,1536
2077,1764562607.652436,kem_handshake,0.000027871|0.000018084|0.000037439,0.00,0.00,43069440,43069440,768,768,1536
2078,1764562607.6535742,kem_handshake,0.000020047|0.000015979|0.000032990,0.00,0.00,43069440,43069440,768,768,1536
2079,1764562607.6546385,kem_handshake,0.000022462|0.000017282|0.000032691,0.00,0.00,43069440,43069440,768,768,1536
2080,1764562607.6557071,kem_handshake,0.000019066|0.000015318|0.000034113,0.00,0.00,43069440,43069440,768,768,1536
2081,1764562607.6567595,kem_handshake,0.000018605|0.000015178|0.000032680,0.00,0.00,43069440,43069440,768,768,1536
2082,1764562607.65846,kem_handshake,0.000047679|0.000039473|0.000081020,0.00,0.00,43069440,43069440,768,768,1536
2083,1764562607.6598213,kem_handshake,0.000025087|0.000017512|0.000037419,0.00,0.00,43069440,43069440,768,768,1536
2084,1764562607.6610694,kem_handshake,0.000021099|0.000016801|0.000033542,0.00,0.00,43069440,43069440,768,768,1536
2085,1764562607.6621919,kem_handshake,0.000020407|0.000016070|0.000033131,0.00,0.00,43069440,43069440,768,768,1536
2086,1764562607.6633182,kem_handshake,0.000020398|0.000016310|0.000033792,0.00,0.00,43069440,43069440,768,768,1536
2087,1764562607.6644454,kem_handshake,0.000020308|0.000016040|0.000033091,0.00,0.00,43069440,43069440,768,768,1536
2088,1764562607.665571,kem_handshake,0.000020127|0.000016140|0.000033031,0.00,0.00,43069440,43069440,768,768,1536
2089,1764562607.6666975,kem_handshake,0.000020007|0.000016189|0.000033041,0.00,0.00,43069440,43069440,768,768,1536
2090,1764562607.6679184,kem_handshake,0.000023193|0.000016260|0.000034905,0.00,0.00,43069440,43069440,768,768,1536
2091,1764562607.6690779,kem_handshake,0.000021930|0.000016550|0.000034484,0.00,0.00,43069440,43069440,768,768,1536
2092,1764562607.670161,kem_handshake,0.000019947|0.000015900|0.000033562,0.00,0.00,43069440,43069440,768,768,1536
2093,1764562607.6712124,kem_handshake,0.000018935|0.000014988|0.000032901,0.00,0.00,43069440,43069440,768,768,1536
2094,1764562607.6722567,kem_handshake,0.000018234|0.000015459|0.000032591,0.00,0.00,43069440,43069440,768,768,1536
2095,1764562607.6733024,kem_handshake,0.000019235|0.000015388|0.000032660,0.00,0.00,43069440,43069440,768,768,1536
2096,1764562607.674341,kem_handshake,0.000018554|0.000015078|0.000032790,0.00,0.00,43069440,43069440,768,768,1536
2097,1764562607.675401,kem_handshake,0.000018645|0.000015588|0.000033222,0.00,0.00,43069440,43069440,768,768,1536
2098,1764562607.6765192,kem_handshake,0.000023443|0.000015268|0.000036848,0.00,0.00,43069440,43069440,768,768,1536
2099,1764562607.6776834,kem_handshake,0.000022782|0.000016060|0.000034553,0.00,0.00,43069440,43069440,768,768,1536
2100,1764562607.67874,kem_handshake,0.000018675|0.000015509|0.000032840,0.00,15130.40,43069440,43069440,768,768,1536
2101,1764562607.679797,kem_handshake,0.000019035|0.000015459|0.000032690,0.00,0.00,43069440,43069440,768,768,1536
2102,1764562607.6813684,kem_handshake,0.000020578|0.000016350|0.000034484,0.00,0.00,43069440,43069440,768,768,1536
2103,1764562607.68248,kem_handshake,0.000018604|0.000015709|0.000032881,0.00,0.00,43069440,43069440,768,768,1536
2104,1764562607.6835954,kem_handshake,0.000019286|0.000015799|0.000032460,0.00,0.00,43069440,43069440,768,768,1536
2105,1764562607.6848445,kem_handshake,0.000022181|0.000016360|0.000036428,0.00,0.00,43069440,43069440,768,768,1536
2106,1764562607.685989,kem_handshake,0.000019046|0.000015388|0.000032690,0.00,0.00,43069440,43069440,768,768,1536
2107,1764562607.6870587,kem_handshake,0.000019676|0.000015368|0.000032700,0.00,0.00,43069440,43069440,768,768,1536
2108,1764562607.688123,kem_handshake,0.000018895|0.000015488|0.000032691,0.00,0.00,43069440,43069440,768,768,1536
2109,1764562607.6891649,kem_handshake,0.000018544|0.000014987|0.000032571,0.00,0.00,43069440,43069440,768,768,1536
2110,1764562607.690222,kem_handshake,0.000018564|0.000015248|0.000032620,0.00,0.00,43069440,43069440,768,768,1536
2111,1764562607.6912916,kem_handshake,0.000018986|0.000015508|0.000032891,0.00,0.00,43069440,43069440,768,768,1536
2112,1764562607.6923862,kem_handshake,0.000018855|0.000015368|0.000034153,0.00,0.00,43069440,43069440,768,768,1536
2113,1764562607.693552,kem_handshake,0.000020838|0.000015479|0.000034043,0.00,0.00,43069440,43069440,768,768,1536
2114,1764562607.6946483,kem_handshake,0.000019105|0.000015539|0.000032851,0.00,0.00,43069440,43069440,768,768,1536
2115,1764562607.695702,kem_handshake,0.000017863|0.000014878|0.000032540,0.00,0.00,43069440,43069440,768,768,1536
2116,1764562607.69677,kem_handshake,0.000018955|0.000015178|0.000032620,0.00,0.00,43069440,43069440,768,768,1536
2117,1764562607.6978464,kem_handshake,0.000018434|0.000015208|0.000034474,0.00,0.00,43069440,43069440,768,768,1536
2118,1764562607.6988785,kem_handshake,0.000017412|0.000014938|0.000038010,0.00,0.00,43069440,43069440,768,768,1536
2119,1764562607.6999438,kem_handshake,0.000023122|0.000015068|0.000032680,0.00,0.00,43069440,43069440,768,768,1536
2120,1764562607.7010727,kem_handshake,0.000020939|0.000016581|0.000035085,0.00,0.00,43069440,43069440,768,768,1536
2121,1764562607.702253,kem_handshake,0.000022562|0.000016410|0.000038541,0.00,0.00,43069440,43069440,768,768,1536
2122,1764562607.7034073,kem_handshake,0.000019606|0.000015929|0.000032930,0.00,0.00,43069440,43069440,768,768,1536
2123,1764562607.7045326,kem_handshake,0.000018945|0.000015178|0.000032631,0.00,0.00,43069440,43069440,768,768,1536
2124,1764562607.705587,kem_handshake,0.000018564|0.000015539|0.000032600,0.00,0.00,43069440,43069440,768,768,1536
2125,1764562607.7066462,kem_handshake,0.000018664|0.000015880|0.000032530,0.00,0.00,43069440,43069440,768,768,1536
2126,1764562607.707704,kem_handshake,0.000018534|0.000015569|0.000032500,0.00,0.00,43069440,43069440,768,768,1536
2127,1764562607.7087376,kem_handshake,0.000018314|0.000015208|0.000032760,0.00,0.00,43069440,43069440,768,768,1536
2128,1764562607.7098489,kem_handshake,0.000018885|0.000015148|0.000038882,0.00,0.00,43069440,43069440,768,768,1536
2129,1764562607.7109451,kem_handshake,0.000029705|0.000015338|0.000032720,0.00,0.00,43069440,43069440,768,768,1536
2130,1764562607.711987,kem_handshake,0.000018144|0.000015278|0.000032520,0.00,0.00,43069440,43069440,768,768,1536
2131,1764562607.71305,kem_handshake,0.000018634|0.000015609|0.000032881,0.00,0.00,43069440,43069440,768,768,1536
2132,1764562607.714145,kem_handshake,0.000019496|0.000016220|0.000034073,0.00,0.00,43069440,43069440,768,768,1536
2133,1764562607.7151873,kem_handshake,0.000018454|0.000015379|0.000032660,0.00,0.00,43069440,43069440,768,768,1536
2134,1764562607.7162378,kem_handshake,0.000018374|0.000015629|0.000032680,0.00,0.00,43069440,43069440,768,768,1536
2135,1764562607.717351,kem_handshake,0.000018504|0.000018414|0.000040154,0.00,0.00,43069440,43069440,768,768,1536
2136,1764562607.7189114,kem_handshake,0.000055682|0.000031828|0.000094945,0.00,0.00,43069440,43069440,768,768,1536
2137,1764562607.720555,kem_handshake,0.000035025|0.000022201|0.000054611,0.00,0.00,43069440,43069440,768,768,1536
2138,1764562607.7218833,kem_handshake,0.000029004|0.000020578|0.000056194,0.00,0.00,43069440,43069440,768,768,1536
2139,1764562607.7231932,kem_handshake,0.000028592|0.000021770|0.000049121,0.00,0.00,43069440,43069440,768,768,1536
2140,1764562607.724504,kem_handshake,0.000031218|0.000020338|0.000048139,0.00,0.00,43069440,43069440,768,768,1536
2141,1764562607.725853,kem_handshake,0.000031438|0.000024004|0.000054160,0.00,0.00,43069440,43069440,768,768,1536
2142,1764562607.7275665,kem_handshake,0.000047208|0.000027891|0.000083404,0.00,0.00,43069440,43069440,768,768,1536
2143,1764562607.729031,kem_handshake,0.000029464|0.000018034|0.000038531,0.00,0.00,43069440,43069440,768,768,1536
2144,1764562607.7308104,kem_handshake,0.000026850|0.000018705|0.000039704,0.00,0.00,43069440,43069440,768,768,1536
2145,1764562607.732324,kem_handshake,0.000036908|0.000030957|0.000033652,0.00,0.00,43069440,43069440,768,768,1536
2146,1764562607.7334797,kem_handshake,0.000022602|0.000017262|0.000034825,0.00,0.00,43069440,43069440,768,768,1536
2147,1764562607.7354882,kem_handshake,0.000028592|0.000017231|0.000041657,0.00,0.00,43069440,43069440,768,768,1536
2148,1764562607.736908,kem_handshake,0.000027752|0.000017051|0.000040655,0.00,0.00,43069440,43069440,768,768,1536
2149,1764562607.7382536,kem_handshake,0.000026950|0.000017563|0.000045774,0.00,0.00,43069440,43069440,768,768,1536
2150,1764562607.7403133,kem_handshake,0.000031548|0.000019776|0.000052947,0.00,0.00,43069440,43069440,768,768,1536
2151,1764562607.742257,kem_handshake,0.000035746|0.000021499|0.000046085,0.00,0.00,43069440,43069440,768,768,1536
2152,1764562607.74408,kem_handshake,0.000033802|0.000022431|0.000043200,0.00,0.00,43069440,43069440,768,768,1536
2153,1764562607.7458055,kem_handshake,0.000036918|0.000022472|0.000050102,0.00,0.00,43069440,43069440,768,768,1536
2154,1764562607.7473814,kem_handshake,0.000030837|0.000020989|0.000038721,0.00,0.00,43069440,43069440,768,768,1536
2155,1764562607.7490366,kem_handshake,0.000067484|0.000026118|0.000067445,0.00,0.00,43069440,43069440,768,768,1536
2156,1764562607.7510376,kem_handshake,0.000042008|0.000021410|0.000057727,0.00,0.00,43069440,43069440,768,768,1536
2157,1764562607.7530646,kem_handshake,0.000045605|0.000024606|0.000049181,0.00,0.00,43069440,43069440,768,768,1536
2158,1764562607.755227,kem_handshake,0.000074407|0.000031549|0.000093673,0.00,0.00,43069440,43069440,768,768,1536
2159,1764562607.7574217,kem_handshake,0.000052737|0.000035205|0.000075790,0.00,0.00,43069440,43069440,768,768,1536
2160,1764562607.759726,kem_handshake,0.000079046|0.000046205|0.000132876,0.00,0.00,43069440,43069440,768,768,1536
2161,1764562607.7624269,kem_handshake,0.000059961|0.000026920|0.000087582,0.00,0.00,43069440,43069440,768,768,1536
2162,1764562607.7648997,kem_handshake,0.000045835|0.000024265|0.000058437,0.00,0.00,43069440,43069440,768,768,1536
2163,1764562607.7674608,kem_handshake,0.000079537|0.000041506|0.000114161,0.00,0.00,43069440,43069440,768,768,1536
2164,1764562607.7697222,kem_handshake,0.000034954|0.000021069|0.000047969,0.00,0.00,43069440,43069440,768,768,1536
2165,1764562607.771449,kem_handshake,0.000095917|0.000028453|0.000041847,0.00,0.00,43069440,43069440,768,768,1536
2166,1764562607.7726233,kem_handshake,0.000020488|0.000015950|0.000033763,0.00,0.00,43069440,43069440,768,768,1536
2167,1764562607.7737346,kem_handshake,0.000020268|0.000016370|0.000033292,0.00,0.00,43069440,43069440,768,768,1536
2168,1764562607.7748892,kem_handshake,0.000019406|0.000015399|0.000033692,0.00,0.00,43069440,43069440,768,768,1536
2169,1764562607.7760336,kem_handshake,0.000021240|0.000016280|0.000041496,0.00,0.00,43069440,43069440,768,768,1536
2170,1764562607.777477,kem_handshake,0.000032009|0.000018935|0.000049832,0.00,0.00,43069440,43069440,768,768,1536
2171,1764562607.7793238,kem_handshake,0.000040164|0.000021891|0.000052296,0.00,7744.20,43069440,43069440,768,768,1536
2172,1764562607.7806003,kem_handshake,0.000021730|0.000017132|0.000037600,0.00,0.00,43069440,43069440,768,768,1536
2173,1764562607.7817385,kem_handshake,0.000020858|0.000016260|0.000033592,0.00,0.00,43069440,43069440,768,768,1536
2174,1764562607.7829201,kem_handshake,0.000024084|0.000017523|0.000037188,0.00,0.00,43069440,43069440,768,768,1536
2175,1764562607.7840726,kem_handshake,0.000021029|0.000016240|0.000034554,0.00,0.00,43069440,43069440,768,768,1536
2176,1764562607.7855327,kem_handshake,0.000034674|0.000021720|0.000049402,0.00,0.00,43069440,43069440,768,768,1536
2177,1764562607.7867541,kem_handshake,0.000021099|0.000016069|0.000034283,0.00,0.00,43069440,43069440,768,768,1536
2178,1764562607.7878559,kem_handshake,0.000020097|0.000016180|0.000038882,0.00,0.00,43069440,43069440,768,768,1536
2179,1764562607.789006,kem_handshake,0.000023553|0.000016250|0.000036718,0.00,0.00,43069440,43069440,768,768,1536
2180,1764562607.790222,kem_handshake,0.000021880|0.000016571|0.000034754,0.00,0.00,43069440,43069440,768,768,1536
2181,1764562607.7915945,kem_handshake,0.000030396|0.000019696|0.000040525,0.00,0.00,43069440,43069440,768,768,1536
2182,1764562607.7932062,kem_handshake,0.000048119|0.000034283|0.000071242,0.00,0.00,43069440,43069440,768,768,1536
2183,1764562607.7950697,kem_handshake,0.000039703|0.000023834|0.000060221,0.00,0.00,43069440,43069440,768,768,1536
2184,1764562607.7965875,kem_handshake,0.000026049|0.000018163|0.000042299,0.00,0.00,43069440,43069440,768,768,1536
2185,1764562607.797989,kem_handshake,0.000028082|0.000044612|0.000040405,0.00,0.00,43069440,43069440,768,768,1536
2186,1764562607.8000762,kem_handshake,0.000029986|0.000020367|0.000052627,0.00,0.00,43069440,43069440,768,768,1536
2187,1764562607.801557,kem_handshake,0.000022071|0.000017272|0.000038601,0.00,0.00,43069440,43069440,768,768,1536
2188,1764562607.8028543,kem_handshake,0.000026689|0.000017312|0.000041566,0.00,0.00,43069440,43069440,768,768,1536
2189,1764562607.8040643,kem_handshake,0.000021159|0.000016480|0.000033622,0.00,0.00,43069440,43069440,768,768,1536
2190,1764562607.8051662,kem_handshake,0.000019496|0.000015699|0.000032961,0.00,0.00,43069440,43069440,768,768,1536
2191,1764562607.8062425,kem_handshake,0.000018714|0.000015328|0.000032700,0.00,0.00,43069440,43069440,768,768,1536
2192,1764562607.8073137,kem_handshake,0.000019025|0.000015549|0.000032349,0.00,0.00,43069440,43069440,768,768,1536
2193,1764562607.8084095,kem_handshake,0.000019927|0.000015208|0.000032260,0.00,0.00,43069440,43069440,768,768,1536
2194,1764562607.8095846,kem_handshake,0.000025387|0.000017733|0.000036187,0.00,0.00,43069440,43069440,768,768,1536
2195,1764562607.8107557,kem_handshake,0.000021409|0.000016530|0.000034594,0.00,0.00,43069440,43069440,768,768,1536
2196,1764562607.8118465,kem_handshake,0.000018875|0.000016080|0.000037430,0.00,0.00,43069440,43069440,768,768,1536
2197,1764562607.8129413,kem_handshake,0.000022933|0.000015298|0.000032620,0.00,0.00,43069440,43069440,768,768,1536
2198,1764562607.8139994,kem_handshake,0.000018875|0.000015098|0.000032791,0.00,0.00,43069440,43069440,768,768,1536
2199,1764562607.815029,kem_handshake,0.000018324|0.000015088|0.000032520,0.00,0.00,43069440,43069440,768,768,1536
2200,1764562607.8160985,kem_handshake,0.000018454|0.000015539|0.000032330,0.00,0.00,43069440,43069440,768,768,1536
2201,1764562607.8171911,kem_handshake,0.000018704|0.000015669|0.000032751,0.00,0.00,43069440,43069440,768,768,1536
2202,1764562607.818302,kem_handshake,0.000020979|0.000016290|0.000034573,0.00,0.00,43069440,43069440,768,768,1536
2203,1764562607.8194585,kem_handshake,0.000020308|0.000016160|0.000034975,0.00,0.00,43069440,43069440,768,768,1536
2204,1764562607.8205411,kem_handshake,0.000019065|0.000015519|0.000032820,0.00,0.00,43069440,43069440,768,768,1536
2205,1764562607.8216405,kem_handshake,0.000020047|0.000016881|0.000047277,0.00,0.00,43069440,43069440,768,768,1536
2206,1764562607.822807,kem_handshake,0.000021159|0.000016390|0.000043140,0.00,0.00,43069440,43069440,768,768,1536
2207,1764562607.823907,kem_handshake,0.000019175|0.000015399|0.000032971,0.00,0.00,43069440,43069440,768,768,1536
2208,1764562607.824948,kem_handshake,0.000019296|0.000015338|0.000033182,0.00,0.00,43069440,43069440,768,768,1536
2209,1764562607.8260298,kem_handshake,0.000019987|0.000016340|0.000034294,0.00,0.00,43069440,43069440,768,768,1536
2210,1764562607.8271863,kem_handshake,0.000023753|0.000017362|0.000036307,0.00,0.00,43069440,43069440,768,768,1536
2211,1764562607.8285975,kem_handshake,0.000024094|0.000016932|0.000037660,0.00,0.00,43069440,43069440,768,768,1536
2212,1764562607.8297126,kem_handshake,0.000020829|0.000016010|0.000033682,0.00,0.00,43069440,43069440,768,768,1536
2213,1764562607.830783,kem_handshake,0.000018945|0.000015659|0.000032911,0.00,0.00,43069440,43069440,768,768,1536
2214,1764562607.8318381,kem_handshake,0.000018865|0.000015449|0.000032890,0.00,0.00,43069440,43069440,768,768,1536
2215,1764562607.8329442,kem_handshake,0.000018444|0.000015249|0.000034584,0.00,0.00,43069440,43069440,768,768,1536
2216,1764562607.834145,kem_handshake,0.000022842|0.000016671|0.000034493,0.00,0.00,43069440,43069440,768,768,1536
2217,1764562607.835325,kem_handshake,0.000020628|0.000016350|0.000035456,0.00,0.00,43069440,43069440,768,768,1536
2218,1764562607.8365612,kem_handshake,0.000024405|0.000018103|0.000043701,0.00,0.00,43069440,43069440,768,768,1536
2219,1764562607.8377848,kem_handshake,0.000021089|0.000016410|0.000034013,0.00,0.00,43069440,43069440,768,768,1536
2220,1764562607.8389394,kem_handshake,0.000025688|0.000016470|0.000033472,0.00,0.00,43069440,43069440,768,768,1536
2221,1764562607.8401024,kem_handshake,0.000020358|0.000016310|0.000033773,0.00,0.00,43069440,43069440,768,768,1536
2222,1764562607.8412747,kem_handshake,0.000019927|0.000016220|0.000033402,0.00,0.00,43069440,43069440,768,768,1536
2223,1764562607.8424704,kem_handshake,0.000025487|0.000019817|0.000042188,0.00,0.00,43069440,43069440,768,768,1536
2224,1764562607.8444602,kem_handshake,0.000032540|0.000018905|0.000042438,0.00,0.00,43069440,43069440,768,768,1536
2225,1764562607.845621,kem_handshake,0.000019857|0.000016480|0.000033532,0.00,0.00,43069440,43069440,768,768,1536
2226,1764562607.846702,kem_handshake,0.000018484|0.000015459|0.000032701,0.00,0.00,43069440,43069440,768,768,1536
2227,1764562607.8479056,kem_handshake,0.000024756|0.000017813|0.000037990,0.00,0.00,43069440,43069440,768,768,1536
2228,1764562607.8491604,kem_handshake,0.000022722|0.000017793|0.000036117,0.00,0.00,43069440,43069440,768,768,1536
2229,1764562607.8505294,kem_handshake,0.000025988|0.000017322|0.000036197,0.00,0.00,43069440,43069440,768,768,1536
2230,1764562607.852492,kem_handshake,0.000036938|0.000017782|0.000056404,0.00,0.00,43069440,43069440,768,768,1536
2231,1764562607.8539116,kem_handshake,0.000027901|0.000017141|0.000045023,0.00,0.00,43069440,43069440,768,768,1536
2232,1764562607.8550928,kem_handshake,0.000023974|0.000016010|0.000033441,0.00,0.00,43069440,43069440,768,768,1536
2233,1764562607.8562796,kem_handshake,0.000020327|0.000016080|0.000033632,0.00,0.00,43069440,43069440,768,768,1536
2234,1764562607.8581274,kem_handshake,0.000025107|0.000020327|0.000041958,0.00,0.00,43069440,43069440,768,768,1536
2235,1764562607.8595757,kem_handshake,0.000027411|0.000016531|0.000062185,0.00,0.00,43069440,43069440,768,768,1536
2236,1764562607.8607185,kem_handshake,0.000021209|0.000016210|0.000034314,0.00,0.00,43069440,43069440,768,768,1536
2237,1764562607.8618,kem_handshake,0.000019806|0.000016049|0.000033311,0.00,0.00,43069440,43069440,768,768,1536
2238,1764562607.8629255,kem_handshake,0.000020388|0.000020327|0.000033982,0.00,0.00,43069440,43069440,768,768,1536
2239,1764562607.8641133,kem_handshake,0.000022361|0.000016691|0.000037289,0.00,0.00,43069440,43069440,768,768,1536
2240,1764562607.8652327,kem_handshake,0.000020538|0.000015980|0.000034814,0.00,0.00,43069440,43069440,768,768,1536
2241,1764562607.866298,kem_handshake,0.000018594|0.000015789|0.000033081,0.00,0.00,43069440,43069440,768,768,1536
2242,1764562607.8674636,kem_handshake,0.000024555|0.000019245|0.000039173,0.00,0.00,43069440,43069440,768,768,1536
2243,1764562607.8685737,kem_handshake,0.000021260|0.000015959|0.000034133,0.00,0.00,43069440,43069440,768,768,1536
2244,1764562607.869694,kem_handshake,0.000025327|0.000020047|0.000038841,0.00,0.00,43069440,43069440,768,768,1536
2245,1764562607.8708353,kem_handshake,0.000020948|0.000016019|0.000033121,0.00,0.00,43069440,43069440,768,768,1536
2246,1764562607.8719914,kem_handshake,0.000023733|0.000018784|0.000042097,0.00,0.00,43069440,43069440,768,768,1536
2247,1764562607.873092,kem_handshake,0.000020668|0.000016450|0.000033923,0.00,0.00,43069440,43069440,768,768,1536
2248,1764562607.8741593,kem_handshake,0.000019285|0.000015329|0.000032670,0.00,0.00,43069440,43069440,768,768,1536
2249,1764562607.8752143,kem_handshake,0.000019786|0.000015859|0.000033071,0.00,0.00,43069440,43069440,768,768,1536
2250,1764562607.8762844,kem_handshake,0.000022161|0.000015759|0.000033552,0.00,0.00,43069440,43069440,768,768,1536
2251,1764562607.877492,kem_handshake,0.000028323|0.000020337|0.000045534,0.00,0.00,43069440,43069440,768,768,1536
2252,1764562607.879096,kem_handshake,0.000040034|0.000021249|0.000060331,0.00,0.00,43069440,43069440,768,768,1536
2253,1764562607.8804693,kem_handshake,0.000028903|0.000017172|0.000043461,0.00,0.00,43069440,43069440,768,768,1536
2254,1764562607.8817003,kem_handshake,0.000018885|0.000015739|0.000032540,0.00,0.00,43069440,43069440,768,768,1536
2255,1764562607.8828893,kem_handshake,0.000082893|0.000022441|0.000034834,0.00,0.00,43069440,43069440,768,768,1536
2256,1764562607.8839533,kem_handshake,0.000031318|0.000015820|0.000033151,0.00,0.00,43069440,43069440,768,768,1536
2257,1764562607.88505,kem_handshake,0.000020438|0.000015809|0.000035315,0.00,0.00,43069440,43069440,768,768,1536
2258,1764562607.8862162,kem_handshake,0.000024275|0.000017001|0.000036447,0.00,0.00,43069440,43069440,768,768,1536
2259,1764562607.8873293,kem_handshake,0.000019506|0.000039012|0.000032410,0.00,0.00,43069440,43069440,768,768,1536
2260,1764562607.8884034,kem_handshake,0.000020658|0.000015920|0.000033772,0.00,0.00,43069440,43069440,768,768,1536
2261,1764562607.8895504,kem_handshake,0.000024155|0.000016972|0.000036227,0.00,0.00,43069440,43069440,768,768,1536
2262,1764562607.8907592,kem_handshake,0.000022922|0.000015899|0.000036768,0.00,0.00,43069440,43069440,768,768,1536
2263,1764562607.8920405,kem_handshake,0.000054491|0.000017503|0.000036547,0.00,0.00,43069440,43069440,768,768,1536
2264,1764562607.89375,kem_handshake,0.000053439|0.000037259|0.000093102,0.00,0.00,43069440,43069440,768,768,1536
2265,1764562607.8952732,kem_handshake,0.000028773|0.000018945|0.000041757,0.00,0.00,43069440,43069440,768,768,1536
2266,1764562607.8964167,kem_handshake,0.000019816|0.000016110|0.000033793,0.00,0.00,43069440,43069440,768,768,1536
2267,1764562607.8975067,kem_handshake,0.000018834|0.000015448|0.000032971,0.00,0.00,43069440,43069440,768,768,1536
2268,1764562607.8985813,kem_handshake,0.000021259|0.000016661|0.000033952,0.00,0.00,43069440,43069440,768,768,1536
2269,1764562607.8996992,kem_handshake,0.000019185|0.000016089|0.000033462,0.00,0.00,43069440,43069440,768,768,1536
2270,1764562607.9008121,kem_handshake,0.000018595|0.000015699|0.000033241,0.00,0.00,43069440,43069440,768,768,1536
2271,1764562607.9020183,kem_handshake,0.000024205|0.000016721|0.000039813,0.00,0.00,43069440,43069440,768,768,1536
2272,1764562607.9031987,kem_handshake,0.000019316|0.000015579|0.000032740,0.00,0.00,43069440,43069440,768,768,1536
2273,1764562607.9042768,kem_handshake,0.000018995|0.000016170|0.000033312,0.00,0.00,43069440,43069440,768,768,1536
2274,1764562607.9053366,kem_handshake,0.000018404|0.000015769|0.000032780,0.00,0.00,43069440,43069440,768,768,1536
2275,1764562607.9064212,kem_handshake,0.000019516|0.000015880|0.000034063,0.00,0.00,43069440,43069440,768,768,1536
2276,1764562607.9075267,kem_handshake,0.000019195|0.000015709|0.000033312,0.00,0.00,43069440,43069440,768,768,1536
2277,1764562607.908574,kem_handshake,0.000018294|0.000015349|0.000032721,0.00,0.00,43069440,43069440,768,768,1536
2278,1764562607.9097047,kem_handshake,0.000026129|0.000018093|0.000035566,0.00,0.00,43069440,43069440,768,768,1536
2279,1764562607.910974,kem_handshake,0.000024125|0.000016550|0.000038892,0.00,0.00,43069440,43069440,768,768,1536
2280,1764562607.9120827,kem_handshake,0.000019125|0.000015689|0.000033061,0.00,0.00,43069440,43069440,768,768,1536
2281,1764562607.9135547,kem_handshake,0.000040916|0.000032560|0.000068727,0.00,0.00,43069440,43069440,768,768,1536
2282,1764562607.9148624,kem_handshake,0.000019967|0.000016050|0.000037649,0.00,14273.70,43069440,43069440,768,768,1536
2283,1764562607.9159193,kem_handshake,0.000018364|0.000020788|0.000032840,0.00,0.00,43069440,43069440,768,768,1536
2284,1764562607.916984,kem_handshake,0.000018835|0.000015709|0.000032851,0.00,0.00,43069440,43069440,768,768,1536
2285,1764562607.918153,kem_handshake,0.000027782|0.000017993|0.000039533,0.00,0.00,43069440,43069440,768,768,1536
2286,1764562607.919344,kem_handshake,0.000023844|0.000016220|0.000034083,0.00,0.00,43069440,43069440,768,768,1536
2287,1764562607.9204762,kem_handshake,0.000020447|0.000016179|0.000032740,0.00,0.00,43069440,43069440,768,768,1536
2288,1764562607.921639,kem_handshake,0.000019055|0.000015679|0.000033492,0.00,0.00,43069440,43069440,768,768,1536
2289,1764562607.9227138,kem_handshake,0.000019366|0.000015619|0.000034103,0.00,0.00,43069440,43069440,768,768,1536
2290,1764562607.923821,kem_handshake,0.000021039|0.000015999|0.000040485,0.00,0.00,43069440,43069440,768,768,1536
2291,1764562607.925052,kem_handshake,0.000019496|0.000016881|0.000035355,0.00,0.00,43069440,43069440,768,768,1536
2292,1764562607.9261873,kem_handshake,0.000025147|0.000016410|0.000037469,0.00,0.00,43069440,43069440,768,768,1536
2293,1764562607.927363,kem_handshake,0.000024275|0.000017372|0.000036378,0.00,0.00,43069440,43069440,768,768,1536
2294,1764562607.928472,kem_handshake,0.000019245|0.000015438|0.000033552,0.00,0.00,43069440,43069440,768,768,1536
2295,1764562607.9295645,kem_handshake,0.000019055|0.000015519|0.000033071,0.00,0.00,43069440,43069440,768,768,1536
2296,1764562607.93065,kem_handshake,0.000019877|0.000016030|0.000033623,0.00,0.00,43069440,43069440,768,768,1536
2297,1764562607.9317133,kem_handshake,0.000018814|0.000015499|0.000032821,0.00,0.00,43069440,43069440,768,768,1536
2298,1764562607.93275,kem_handshake,0.000018034|0.000015338|0.000033622,0.00,0.00,43069440,43069440,768,768,1536
2299,1764562607.9337878,kem_handshake,0.000018694|0.000015528|0.000032259,0.00,0.00,43069440,43069440,768,768,1536
2300,1764562607.9348824,kem_handshake,0.000024466|0.000020167|0.000046446,0.00,0.00,43069440,43069440,768,768,1536
2301,1764562607.935973,kem_handshake,0.000019886|0.000015999|0.000035856,0.00,0.00,43069440,43069440,768,768,1536
2302,1764562607.9370635,kem_handshake,0.000020077|0.000015779|0.000033612,0.00,0.00,43069440,43069440,768,768,1536
2303,1764562607.938116,kem_handshake,0.000018604|0.000015269|0.000032961,0.00,0.00,43069440,43069440,768,768,1536
2304,1764562607.9391515,kem_handshake,0.000018204|0.000015198|0.000032601,0.00,0.00,43069440,43069440,768,768,1536
2305,1764562607.9401793,kem_handshake,0.000018485|0.000015218|0.000032861,0.00,0.00,43069440,43069440,768,768,1536
2306,1764562607.9412174,kem_handshake,0.000018103|0.000015298|0.000032750,0.00,0.00,43069440,43069440,768,768,1536
2307,1764562607.9422398,kem_handshake,0.000017933|0.000015349|0.000032630,0.00,0.00,43069440,43069440,768,768,1536
2308,1764562607.9433541,kem_handshake,0.000023494|0.000016190|0.000036327,0.00,0.00,43069440,43069440,768,768,1536
2309,1764562607.9445357,kem_handshake,0.000023864|0.000017463|0.000037849,0.00,0.00,43069440,43069440,768,768,1536
2310,1764562607.9456217,kem_handshake,0.000019136|0.000016100|0.000033612,0.00,0.00,43069440,43069440,768,768,1536
2311,1764562607.9466796,kem_handshake,0.000018765|0.000015469|0.000032710,0.00,0.00,43069440,43069440,768,768,1536
2312,1764562607.9477315,kem_handshake,0.000018635|0.000015418|0.000032620,0.00,0.00,43069440,43069440,768,768,1536
2313,1764562607.9487932,kem_handshake,0.000020418|0.000015969|0.000033672,0.00,0.00,43069440,43069440,768,768,1536
2314,1764562607.949883,kem_handshake,0.000019646|0.000015950|0.000032720,0.00,0.00,43069440,43069440,768,768,1536
2315,1764562607.9509437,kem_handshake,0.000023393|0.000015479|0.000033232,0.00,0.00,43069440,43069440,768,768,1536
2316,1764562607.9521337,kem_handshake,0.000022712|0.000016681|0.000036577,0.00,0.00,43069440,43069440,768,768,1536
2317,1764562607.9532723,kem_handshake,0.000019867|0.000015899|0.000034554,0.00,0.00,43069440,43069440,768,768,1536
2318,1764562607.9543307,kem_handshake,0.000019115|0.000015529|0.000032680,0.00,0.00,43069440,43069440,768,768,1536
2319,1764562607.955396,kem_handshake,0.000022422|0.000017532|0.000032680,0.00,0.00,43069440,43069440,768,768,1536
2320,1764562607.9565146,kem_handshake,0.000018835|0.000015739|0.000032580,0.00,0.00,43069440,43069440,768,768,1536
2321,1764562607.9575543,kem_handshake,0.000018434|0.000015359|0.000032790,0.00,0.00,43069440,43069440,768,768,1536
2322,1764562607.9586246,kem_handshake,0.000018404|0.000015469|0.000033141,0.00,0.00,43069440,43069440,768,768,1536
2323,1764562607.9597342,kem_handshake,0.000025998|0.000017412|0.000036948,0.00,0.00,43069440,43069440,768,768,1536
2324,1764562607.960896,kem_handshake,0.000024625|0.000017462|0.000036898,0.00,0.00,43069440,43069440,768,768,1536
2325,1764562607.9626818,kem_handshake,0.000040895|0.000021029|0.000076140,0.00,0.00,43069440,43069440,768,768,1536
2326,1764562607.9642682,kem_handshake,0.000031909|0.000018995|0.000048970,0.00,0.00,43069440,43069440,768,768,1536
2327,1764562607.9659514,kem_handshake,0.000028943|0.000032910|0.000041947,0.00,0.00,43069440,43069440,768,768,1536
2328,1764562607.9673266,kem_handshake,0.000033862|0.000018133|0.000040555,0.00,0.00,43069440,43069440,768,768,1536
2329,1764562607.9687915,kem_handshake,0.000026008|0.000018414|0.000043952,0.00,0.00,43069440,43069440,768,768,1536
2330,1764562607.9701009,kem_handshake,0.000023604|0.000018484|0.000038351,0.00,0.00,43069440,43069440,768,768,1536
2331,1764562607.971464,kem_handshake,0.000027561|0.000022281|0.000036808,0.00,0.00,43069440,43069440,768,768,1536
2332,1764562607.9727933,kem_handshake,0.000027972|0.000021159|0.000043169,0.00,0.00,43069440,43069440,768,768,1536
2333,1764562607.9742444,kem_handshake,0.000024385|0.000017292|0.000037729,0.00,0.00,43069440,43069440,768,768,1536
2334,1764562607.9756773,kem_handshake,0.000041487|0.000023193|0.000054862,0.00,0.00,43069440,43069440,768,768,1536
2335,1764562607.9773712,kem_handshake,0.000037429|0.000021991|0.000058127,0.00,0.00,43069440,43069440,768,768,1536
2336,1764562607.9788792,kem_handshake,0.000026078|0.000019897|0.000056845,0.00,0.00,43069440,43069440,768,768,1536
2337,1764562607.9803298,kem_handshake,0.000031017|0.000020478|0.000045705,0.00,0.00,43069440,43069440,768,768,1536
2338,1764562607.9818096,kem_handshake,0.000027671|0.000017732|0.000038471,0.00,0.00,43069440,43069440,768,768,1536
2339,1764562607.983185,kem_handshake,0.000025737|0.000018584|0.000040554,0.00,0.00,43069440,43069440,768,768,1536
2340,1764562607.9846933,kem_handshake,0.000028132|0.000019376|0.000047437,0.00,0.00,43069440,43069440,768,768,1536
2341,1764562607.9870498,kem_handshake,0.000064639|0.000025668|0.000086490,0.00,0.00,43069440,43069440,768,768,1536
2342,1764562607.988962,kem_handshake,0.000039183|0.000028062|0.000059570,0.00,0.00,43069440,43069440,768,768,1536
2343,1764562607.9905121,kem_handshake,0.000031699|0.000018955|0.000052246,0.00,0.00,43069440,43069440,768,768,1536
2344,1764562607.992137,kem_handshake,0.000037750|0.000021510|0.000037880,0.00,0.00,43069440,43069440,768,768,1536
2345,1764562607.9935322,kem_handshake,0.000066433|0.000024425|0.000038812,0.00,0.00,43069440,43069440,768,768,1536
2346,1764562607.994789,kem_handshake,0.000022211|0.000016631|0.000035296,0.00,0.00,43069440,43069440,768,768,1536
2347,1764562607.996095,kem_handshake,0.000026258|0.000016882|0.000039052,0.00,0.00,43069440,43069440,768,768,1536
2348,1764562607.9974236,kem_handshake,0.000023493|0.000017071|0.000036006,0.00,0.00,43069440,43069440,768,768,1536
2349,1764562607.998633,kem_handshake,0.000020277|0.000016441|0.000035325,0.00,0.00,43069440,43069440,768,768,1536
2350,1764562607.999891,kem_handshake,0.000023393|0.000016951|0.000036217,0.00,0.00,43069440,43069440,768,768,1536
2351,1764562608.0013351,kem_handshake,0.000037550|0.000019656|0.000048469,0.00,0.00,43069440,43069440,768,768,1536
2352,1764562608.0032043,kem_handshake,0.000036978|0.000020338|0.000054611,0.00,0.00,43069440,43069440,768,768,1536
2353,1764562608.0045705,kem_handshake,0.000023173|0.000016070|0.000036077,0.00,0.00,43069440,43069440,768,768,1536
2354,1764562608.005754,kem_handshake,0.000020297|0.000016000|0.000033642,0.00,0.00,43069440,43069440,768,768,1536
2355,1764562608.0069246,kem_handshake,0.000019857|0.000020338|0.000035315,0.00,0.00,43069440,43069440,768,768,1536
2356,1764562608.008099,kem_handshake,0.000020728|0.000016169|0.000033502,0.00,0.00,43069440,43069440,768,768,1536
2357,1764562608.0092683,kem_handshake,0.000020347|0.000015989|0.000033122,0.00,0.00,43069440,43069440,768,768,1536
2358,1764562608.010446,kem_handshake,0.000024215|0.000016430|0.000038391,0.00,0.00,43069440,43069440,768,768,1536
2359,1764562608.011778,kem_handshake,0.000028082|0.000018124|0.000045123,0.00,0.00,43069440,43069440,768,768,1536
2360,1764562608.0130222,kem_handshake,0.000022492|0.000016591|0.000036087,0.00,0.00,43069440,43069440,768,768,1536
2361,1764562608.0141768,kem_handshake,0.000019887|0.000016170|0.000033502,0.00,0.00,43069440,43069440,768,768,1536
2362,1764562608.0153537,kem_handshake,0.000021189|0.000016591|0.000034664,0.00,0.00,43069440,43069440,768,768,1536
2363,1764562608.016564,kem_handshake,0.000020237|0.000016030|0.000033542,0.00,0.00,43069440,43069440,768,768,1536
2364,1764562608.0177248,kem_handshake,0.000019957|0.000016390|0.000034033,0.00,0.00,43069440,43069440,768,768,1536
2365,1764562608.0192358,kem_handshake,0.000026689|0.000017572|0.000052677,0.00,0.00,43069440,43069440,768,768,1536
2366,1764562608.0205526,kem_handshake,0.000025097|0.000017813|0.000038772,0.00,0.00,43069440,43069440,768,768,1536
2367,1764562608.0216813,kem_handshake,0.000020207|0.000015819|0.000033332,0.00,0.00,43069440,43069440,768,768,1536
2368,1764562608.0227623,kem_handshake,0.000019126|0.000015528|0.000032710,0.00,0.00,43069440,43069440,768,768,1536
2369,1764562608.0238483,kem_handshake,0.000019165|0.000015419|0.000037189,0.00,0.00,43069440,43069440,768,768,1536
2370,1764562608.0248888,kem_handshake,0.000018524|0.000015369|0.000032650,0.00,0.00,43069440,43069440,768,768,1536
2371,1764562608.0263395,kem_handshake,0.000040554|0.000033051|0.000035736,0.00,0.00,43069440,43069440,768,768,1536
2372,1764562608.0275476,kem_handshake,0.000024456|0.000017192|0.000039613,0.00,0.00,43069440,43069440,768,768,1536
2373,1764562608.0288465,kem_handshake,0.000028824|0.000016771|0.000042859,0.00,0.00,43069440,43069440,768,768,1536
2374,1764562608.0302064,kem_handshake,0.000025116|0.000016801|0.000035365,0.00,0.00,43069440,43069440,768,768,1536
2375,1764562608.031748,kem_handshake,0.000039814|0.000031408|0.000066784,0.00,0.00,43069440,43069440,768,768,1536
2376,1764562608.0330596,kem_handshake,0.000024665|0.000016811|0.000036687,0.00,0.00,43069440,43069440,768,768,1536
2377,1764562608.0343075,kem_handshake,0.000026770|0.000017051|0.000038641,0.00,0.00,43069440,43069440,768,768,1536
2378,1764562608.0355105,kem_handshake,0.000022562|0.000015990|0.000036908,0.00,0.00,43069440,43069440,768,768,1536
2379,1764562608.0366254,kem_handshake,0.000020358|0.000016250|0.000033081,0.00,0.00,43069440,43069440,768,768,1536
2380,1764562608.0377388,kem_handshake,0.000019726|0.000015879|0.000033132,0.00,0.00,43069440,43069440,768,768,1536
2381,1764562608.0388489,kem_handshake,0.000018875|0.000015860|0.000037369,0.00,0.00,43069440,43069440,768,768,1536
2382,1764562608.0399022,kem_handshake,0.000019106|0.000016150|0.000032820,0.00,0.00,43069440,43069440,768,768,1536
2383,1764562608.0410604,kem_handshake,0.000024415|0.000016991|0.000037560,0.00,0.00,43069440,43069440,768,768,1536
2384,1764562608.0426059,kem_handshake,0.000036227|0.000021710|0.000065951,0.00,0.00,43069440,43069440,768,768,1536
2385,1764562608.0441077,kem_handshake,0.000036668|0.000021289|0.000054761,0.00,0.00,43069440,43069440,768,768,1536
2386,1764562608.0454261,kem_handshake,0.000027551|0.000021109|0.000040675,0.00,0.00,43069440,43069440,768,768,1536
2387,1764562608.046554,kem_handshake,0.000019866|0.000015588|0.000033692,0.00,0.00,43069440,43069440,768,768,1536
2388,1764562608.0476425,kem_handshake,0.000020588|0.000015779|0.000034384,0.00,0.00,43069440,43069440,768,768,1536
2389,1764562608.0487747,kem_handshake,0.000022251|0.000016451|0.000036047,0.00,0.00,43069440,43069440,768,768,1536
2390,1764562608.050183,kem_handshake,0.000030016|0.000018574|0.000045314,0.00,0.00,43069440,43069440,768,768,1536
2391,1764562608.0517173,kem_handshake,0.000033151|0.000021530|0.000056294,0.00,0.00,43069440,43069440,768,768,1536
2392,1764562608.053064,kem_handshake,0.000027531|0.000019887|0.000041156,0.00,0.00,43069440,43069440,768,768,1536
2393,1764562608.0542026,kem_handshake,0.000019957|0.000015599|0.000034484,0.00,0.00,43069440,43069440,768,768,1536
2394,1764562608.0552628,kem_handshake,0.000018584|0.000015750|0.000033462,0.00,0.00,43069440,43069440,768,768,1536
2395,1764562608.0563889,kem_handshake,0.000021400|0.000015368|0.000033071,0.00,0.00,43069440,43069440,768,768,1536
2396,1764562608.0574653,kem_handshake,0.000018624|0.000015709|0.000032920,0.00,0.00,43069440,43069440,768,768,1536
2397,1764562608.0585265,kem_handshake,0.000019225|0.000015549|0.000032981,0.00,0.00,43069440,43069440,768,768,1536
2398,1764562608.0596132,kem_handshake,0.000019837|0.000015809|0.000032761,0.00,0.00,43069440,43069440,768,768,1536
2399,1764562608.0607429,kem_handshake,0.000022151|0.000016550|0.000034554,0.00,0.00,43069440,43069440,768,768,1536
2400,1764562608.0618577,kem_handshake,0.000021189|0.000015579|0.000041417,0.00,0.00,43069440,43069440,768,768,1536
2401,1764562608.063055,kem_handshake,0.000024535|0.000017853|0.000038270,0.00,0.00,43069440,43069440,768,768,1536
2402,1764562608.0642078,kem_handshake,0.000019536|0.000015879|0.000033001,0.00,0.00,43069440,43069440,768,768,1536
2403,1764562608.0652797,kem_handshake,0.000019466|0.000015629|0.000032720,0.00,0.00,43069440,43069440,768,768,1536
2404,1764562608.0663579,kem_handshake,0.000018915|0.000015538|0.000032960,0.00,0.00,43069440,43069440,768,768,1536
2405,1764562608.0674508,kem_handshake,0.000019686|0.000015329|0.000032691,0.00,0.00,43069440,43069440,768,768,1536
2406,1764562608.0685225,kem_handshake,0.000019396|0.000015729|0.000034063,0.00,0.00,43069440,43069440,768,768,1536
2407,1764562608.0697827,kem_handshake,0.000031608|0.000017782|0.000041296,0.00,0.00,43069440,43069440,768,768,1536
2408,1764562608.0710351,kem_handshake,0.000022171|0.000016310|0.000034434,0.00,0.00,43069440,43069440,768,768,1536
2409,1764562608.0721483,kem_handshake,0.000020949|0.000016551|0.000038180,0.00,0.00,43069440,43069440,768,768,1536
2410,1764562608.0732598,kem_handshake,0.000019375|0.000015368|0.000032921,0.00,0.00,43069440,43069440,768,768,1536
2411,1764562608.0743437,kem_handshake,0.000019897|0.000015799|0.000033471,0.00,0.00,43069440,43069440,768,768,1536
2412,1764562608.0753896,kem_handshake,0.000019216|0.000015508|0.000032791,0.00,0.00,43069440,43069440,768,768,1536
2413,1764562608.076509,kem_handshake,0.000019987|0.000015780|0.000033562,0.00,0.00,43069440,43069440,768,768,1536
2414,1764562608.0777566,kem_handshake,0.000027632|0.000017201|0.000043290,0.00,0.00,43069440,43069440,768,768,1536
2415,1764562608.0789294,kem_handshake,0.000022351|0.000031828|0.000036297,0.00,0.00,43069440,43069440,768,768,1536
2416,1764562608.080118,kem_handshake,0.000024365|0.000016180|0.000039654,0.00,0.00,43069440,43069440,768,768,1536
2417,1764562608.0812178,kem_handshake,0.000019586|0.000015699|0.000034995,0.00,0.00,43069440,43069440,768,768,1536
2418,1764562608.0822775,kem_handshake,0.000018674|0.000015469|0.000032831,0.00,15197.10,43069440,43069440,768,768,1536
2419,1764562608.0833528,kem_handshake,0.000018725|0.000015639|0.000032841,0.00,0.00,43069440,43069440,768,768,1536
2420,1764562608.0844493,kem_handshake,0.000018665|0.000015368|0.000032450,0.00,0.00,43069440,43069440,768,768,1536
2421,1764562608.0855355,kem_handshake,0.000023473|0.000016571|0.000037860,0.00,0.00,43069440,43069440,768,768,1536
2422,1764562608.086792,kem_handshake,0.000025587|0.000016481|0.000036127,0.00,0.00,43069440,43069440,768,768,1536
2423,1764562608.0879974,kem_handshake,0.000031288|0.000017482|0.000045364,0.00,0.00,43069440,43069440,768,768,1536
2424,1764562608.0892143,kem_handshake,0.000022411|0.000016129|0.000036267,0.00,0.00,43069440,43069440,768,768,1536
2425,1764562608.0903757,kem_handshake,0.000022120|0.000017873|0.000034935,0.00,0.00,43069440,43069440,768,768,1536
2426,1764562608.091458,kem_handshake,0.000019587|0.000016190|0.000032910,0.00,0.00,43069440,43069440,768,768,1536
2427,1764562608.092551,kem_handshake,0.000021099|0.000016100|0.000034975,0.00,0.00,43069440,43069440,768,768,1536
2428,1764562608.0936408,kem_handshake,0.000018905|0.000015910|0.000032891,0.00,0.00,43069440,43069440,768,768,1536
2429,1764562608.094816,kem_handshake,0.000023023|0.000016971|0.000040195,0.00,0.00,43069440,43069440,768,768,1536
2430,1764562608.0959003,kem_handshake,0.000019857|0.000015489|0.000034263,0.00,0.00,43069440,43069440,768,768,1536
2431,1764562608.0970542,kem_handshake,0.000024295|0.000016852|0.000041437,0.00,0.00,43069440,43069440,768,768,1536
2432,1764562608.0981832,kem_handshake,0.000021028|0.000015769|0.000033542,0.00,0.00,43069440,43069440,768,768,1536
2433,1764562608.0992532,kem_handshake,0.000018294|0.000015819|0.000032630,0.00,0.00,43069440,43069440,768,768,1536
2434,1764562608.1005447,kem_handshake,0.000019576|0.000015579|0.000034023,0.00,0.00,43069440,43069440,768,768,1536
2435,1764562608.1017194,kem_handshake,0.000079657|0.000026279|0.000034154,0.00,0.00,43069440,43069440,768,768,1536
2436,1764562608.1027865,kem_handshake,0.000019416|0.000015800|0.000034333,0.00,0.00,43069440,43069440,768,768,1536
2437,1764562608.1038835,kem_handshake,0.000021169|0.000015779|0.000044312,0.00,0.00,43069440,43069440,768,768,1536
2438,1764562608.105036,kem_handshake,0.000023073|0.000016290|0.000038371,0.00,0.00,43069440,43069440,768,768,1536
2439,1764562608.1061275,kem_handshake,0.000018554|0.000015298|0.000032921,0.00,0.00,43069440,43069440,768,768,1536
2440,1764562608.1071806,kem_handshake,0.000019195|0.000016030|0.000032770,0.00,0.00,43069440,43069440,768,768,1536
2441,1764562608.1083798,kem_handshake,0.000022472|0.000017632|0.000037119,0.00,0.00,43069440,43069440,768,768,1536
2442,1764562608.1096406,kem_handshake,0.000021820|0.000016821|0.000034865,0.00,0.00,43069440,43069440,768,768,1536
2443,1764562608.1108706,kem_handshake,0.000022542|0.000016711|0.000040876,0.00,0.00,43069440,43069440,768,768,1536
2444,1764562608.1122658,kem_handshake,0.000030276|0.000023203|0.000055763,0.00,0.00,43069440,43069440,768,768,1536
2445,1764562608.1136813,kem_handshake,0.000022822|0.000017974|0.000036477,0.00,0.00,43069440,43069440,768,768,1536
2446,1764562608.1149533,kem_handshake,0.000021800|0.000017633|0.000092381,0.00,0.00,43069440,43069440,768,768,1536
2447,1764562608.1163678,kem_handshake,0.000021109|0.000016180|0.000033742,0.00,0.00,43069440,43069440,768,768,1536
2448,1764562608.1174593,kem_handshake,0.000019967|0.000016210|0.000033762,0.00,0.00,43069440,43069440,768,768,1536
2449,1764562608.1185653,kem_handshake,0.000022111|0.000016110|0.000034814,0.00,0.00,43069440,43069440,768,768,1536
2450,1764562608.1197765,kem_handshake,0.000023333|0.000017001|0.000037429,0.00,0.00,43069440,43069440,768,768,1536
2451,1764562608.1208694,kem_handshake,0.000018614|0.000015559|0.000038712,0.00,0.00,43069440,43069440,768,768,1536
2452,1764562608.1219528,kem_handshake,0.000019386|0.000016030|0.000033462,0.00,0.00,43069440,43069440,768,768,1536
2453,1764562608.1230822,kem_handshake,0.000018524|0.000015980|0.000032800,0.00,0.00,43069440,43069440,768,768,1536
2454,1764562608.1241221,kem_handshake,0.000018073|0.000015579|0.000032300,0.00,0.00,43069440,43069440,768,768,1536
2455,1764562608.1251943,kem_handshake,0.000018424|0.000015268|0.000032180,0.00,0.00,43069440,43069440,768,768,1536
2456,1764562608.1262898,kem_handshake,0.000018544|0.000015549|0.000033221,0.00,0.00,43069440,43069440,768,768,1536
2457,1764562608.1273685,kem_handshake,0.000020467|0.000015749|0.000034053,0.00,0.00,43069440,43069440,768,768,1536
2458,1764562608.1286223,kem_handshake,0.000027922|0.000017392|0.000040885,0.00,0.00,43069440,43069440,768,768,1536
2459,1764562608.1297913,kem_handshake,0.000024755|0.000018003|0.000035676,0.00,0.00,43069440,43069440,768,768,1536
2460,1764562608.1310005,kem_handshake,0.000021229|0.000016551|0.000037309,0.00,0.00,43069440,43069440,768,768,1536
2461,1764562608.1320968,kem_handshake,0.000019346|0.000015800|0.000033482,0.00,15269.30,43069440,43069440,768,768,1536
2462,1764562608.1331651,kem_handshake,0.000018254|0.000015599|0.000033122,0.00,0.00,43069440,43069440,768,768,1536
2463,1764562608.134201,kem_handshake,0.000018114|0.000015468|0.000032831,0.00,0.00,43069440,43069440,768,768,1536
2464,1764562608.135288,kem_handshake,0.000019355|0.000015289|0.000032661,0.00,0.00,43069440,43069440,768,768,1536
2465,1764562608.1364202,kem_handshake,0.000025947|0.000017221|0.000040024,0.00,0.00,43069440,43069440,768,768,1536
2466,1764562608.1377168,kem_handshake,0.000025297|0.000016691|0.000038141,0.00,0.00,43069440,43069440,768,768,1536
2467,1764562608.138917,kem_handshake,0.000019566|0.000019727|0.000034513,0.00,0.00,43069440,43069440,768,768,1536
2468,1764562608.1399796,kem_handshake,0.000018404|0.000015148|0.000032611,0.00,0.00,43069440,43069440,768,768,1536
2469,1764562608.141004,kem_handshake,0.000018174|0.000015168|0.000032600,0.00,0.00,43069440,43069440,768,768,1536
2470,1764562608.1420453,kem_handshake,0.000018424|0.000015499|0.000032660,0.00,0.00,43069440,43069440,768,768,1536
2471,1764562608.1431105,kem_handshake,0.000018705|0.000015398|0.000033552,0.00,0.00,43069440,43069440,768,768,1536
2472,1764562608.1441944,kem_handshake,0.000020057|0.000016100|0.000038681,0.00,0.00,43069440,43069440,768,768,1536
2473,1764562608.1453507,kem_handshake,0.000021039|0.000016160|0.000035756,0.00,0.00,43069440,43069440,768,768,1536
2474,1764562608.1465418,kem_handshake,0.000021350|0.000015799|0.000035366,0.00,0.00,43069440,43069440,768,768,1536
2475,1764562608.147661,kem_handshake,0.000018294|0.000015278|0.000033893,0.00,0.00,43069440,43069440,768,768,1536
2476,1764562608.1487327,kem_handshake,0.000018635|0.000015799|0.000033041,0.00,0.00,43069440,43069440,768,768,1536
2477,1764562608.1498003,kem_handshake,0.000018965|0.000015849|0.000033102,0.00,0.00,43069440,43069440,768,768,1536
2478,1764562608.150849,kem_handshake,0.000018234|0.000015218|0.000036627,0.00,0.00,43069440,43069440,768,768,1536
2479,1764562608.1519618,kem_handshake,0.000020137|0.000015719|0.000034274,0.00,0.00,43069440,43069440,768,768,1536
2480,1764562608.153239,kem_handshake,0.000023764|0.000016511|0.000040455,0.00,0.00,43069440,43069440,768,768,1536
2481,1764562608.1543603,kem_handshake,0.000021259|0.000016220|0.000033702,0.00,0.00,43069440,43069440,768,768,1536
2482,1764562608.1555476,kem_handshake,0.000023103|0.000016661|0.000036097,0.00,0.00,43069440,43069440,768,768,1536
2483,1764562608.1566246,kem_handshake,0.000019065|0.000015428|0.000033381,0.00,0.00,43069440,43069440,768,768,1536
2484,1764562608.157752,kem_handshake,0.000019205|0.000015829|0.000032981,0.00,0.00,43069440,43069440,768,768,1536
2485,1764562608.1589036,kem_handshake,0.000022000|0.000016811|0.000035906,0.00,0.00,43069440,43069440,768,768,1536
2486,1764562608.16003,kem_handshake,0.000020458|0.000016540|0.000034925,0.00,0.00,43069440,43069440,768,768,1536
2487,1764562608.161156,kem_handshake,0.000022021|0.000016460|0.000039563,0.00,0.00,43069440,43069440,768,768,1536
2488,1764562608.162304,kem_handshake,0.000023383|0.000015949|0.000039543,0.00,0.00,43069440,43069440,768,768,1536
2489,1764562608.1634638,kem_handshake,0.000019767|0.000015779|0.000033752,0.00,0.00,43069440,43069440,768,768,1536
2490,1764562608.1645572,kem_handshake,0.000022832|0.000016601|0.000036177,0.00,0.00,43069440,43069440,768,768,1536
2491,1764562608.1657908,kem_handshake,0.000024546|0.000018754|0.000040275,0.00,0.00,43069440,43069440,768,768,1536
2492,1764562608.166934,kem_handshake,0.000020017|0.000032190|0.000034053,0.00,0.00,43069440,43069440,768,768,1536
2493,1764562608.168083,kem_handshake,0.000023053|0.000017161|0.000039072,0.00,0.00,43069440,43069440,768,768,1536
2494,1764562608.1692784,kem_handshake,0.000020468|0.000015990|0.000034594,0.00,0.00,43069440,43069440,768,768,1536
2495,1764562608.1704528,kem_handshake,0.000023784|0.000016540|0.000035085,0.00,0.00,43069440,43069440,768,768,1536
2496,1764562608.1716957,kem_handshake,0.000025658|0.000045754|0.000042799,0.00,0.00,43069440,43069440,768,768,1536
2497,1764562608.1729367,kem_handshake,0.000025367|0.000016170|0.000034543,0.00,0.00,43069440,43069440,768,768,1536
2498,1764562608.174024,kem_handshake,0.000019386|0.000015669|0.000033001,0.00,0.00,43069440,43069440,768,768,1536
2499,1764562608.1750665,kem_handshake,0.000018163|0.000015649|0.000032781,0.00,0.00,43069440,43069440,768,768,1536
2500,1764562608.176224,kem_handshake,0.000019677|0.000015539|0.000033172,0.00,0.00,43069440,43069440,768,768,1536
2501,1764562608.1774118,kem_handshake,0.000026880|0.000017993|0.000038992,0.00,0.00,43069440,43069440,768,768,1536
2502,1764562608.1786108,kem_handshake,0.000021971|0.000016210|0.000035386,0.00,0.00,43069440,43069440,768,768,1536
2503,1764562608.1800857,kem_handshake,0.000024425|0.000017021|0.000037159,0.00,0.00,43069440,43069440,768,768,1536
2504,1764562608.181222,kem_handshake,0.000019516|0.000015759|0.000034494,0.00,0.00,43069440,43069440,768,768,1536
2505,1764562608.1822784,kem_handshake,0.000018534|0.000015599|0.000032560,0.00,0.00,43069440,43069440,768,768,1536
2506,1764562608.1833951,kem_handshake,0.000018805|0.000015529|0.000033302,0.00,0.00,43069440,43069440,768,768,1536
2507,1764562608.184476,kem_handshake,0.000019857|0.000015689|0.000033422,0.00,0.00,43069440,43069440,768,768,1536
2508,1764562608.1855693,kem_handshake,0.000020027|0.000015448|0.000034514,0.00,0.00,43069440,43069440,768,768,1536
2509,1764562608.1867924,kem_handshake,0.000029565|0.000017532|0.000045584,0.00,0.00,43069440,43069440,768,768,1536
2510,1764562608.1881201,kem_handshake,0.000022792|0.000017292|0.000037890,0.00,0.00,43069440,43069440,768,768,1536
2511,1764562608.1892347,kem_handshake,0.000019215|0.000015980|0.000033252,0.00,0.00,43069440,43069440,768,768,1536
2512,1764562608.190319,kem_handshake,0.000019556|0.000015789|0.000033763,0.00,0.00,43069440,43069440,768,768,1536
2513,1764562608.1914341,kem_handshake,0.000020197|0.000015369|0.000032861,0.00,0.00,43069440,43069440,768,768,1536
2514,1764562608.1925452,kem_handshake,0.000019095|0.000015299|0.000033713,0.00,0.00,43069440,43069440,768,768,1536
2515,1764562608.193654,kem_handshake,0.000019305|0.000015899|0.000034634,0.00,0.00,43069440,43069440,768,768,1536
2516,1764562608.1948206,kem_handshake,0.000022882|0.000016330|0.000038010,0.00,0.00,43069440,43069440,768,768,1536
2517,1764562608.1961474,kem_handshake,0.000021921|0.000015879|0.000036508,0.00,0.00,43069440,43069440,768,768,1536
2518,1764562608.1972568,kem_handshake,0.000020598|0.000015519|0.000033572,0.00,0.00,43069440,43069440,768,768,1536
2519,1764562608.1983762,kem_handshake,0.000019917|0.000015408|0.000033402,0.00,0.00,43069440,43069440,768,768,1536
2520,1764562608.1994405,kem_handshake,0.000018233|0.000015348|0.000032741,0.00,0.00,43069440,43069440,768,768,1536
2521,1764562608.200517,kem_handshake,0.000018524|0.000015739|0.000033051,0.00,0.00,43069440,43069440,768,768,1536
2522,1764562608.2016256,kem_handshake,0.000019927|0.000015538|0.000033001,0.00,0.00,43069440,43069440,768,768,1536
2523,1764562608.2028506,kem_handshake,0.000023924|0.000016080|0.000071873,0.00,0.00,43069440,43069440,768,768,1536
2524,1764562608.2043052,kem_handshake,0.000026650|0.000016590|0.000034624,0.00,0.00,43069440,43069440,768,768,1536
2525,1764562608.205725,kem_handshake,0.000086830|0.000025076|0.000038370,0.00,0.00,43069440,43069440,768,768,1536
2526,1764562608.2068639,kem_handshake,0.000020017|0.000015608|0.000040444,0.00,0.00,43069440,43069440,768,768,1536
2527,1764562608.2079406,kem_handshake,0.000024946|0.000015989|0.000032891,0.00,0.00,43069440,43069440,768,768,1536
2528,1764562608.209014,kem_handshake,0.000019777|0.000015539|0.000033021,0.00,0.00,43069440,43069440,768,768,1536
2529,1764562608.210081,kem_handshake,0.000019536|0.000015388|0.000033241,0.00,0.00,43069440,43069440,768,768,1536
2530,1764562608.2112575,kem_handshake,0.000022111|0.000016791|0.000036377,0.00,0.00,43069440,43069440,768,768,1536
2531,1764562608.2126048,kem_handshake,0.000027391|0.000018895|0.000044853,0.00,0.00,43069440,43069440,768,768,1536
2532,1764562608.2141829,kem_handshake,0.000033271|0.000021771|0.000052346,0.00,0.00,43069440,43069440,768,768,1536
2533,1764562608.2154884,kem_handshake,0.000022752|0.000016871|0.000037810,0.00,0.00,43069440,43069440,768,768,1536
2534,1764562608.216608,kem_handshake,0.000019606|0.000015689|0.000033021,0.00,0.00,43069440,43069440,768,768,1536
2535,1764562608.2176704,kem_handshake,0.000019216|0.000016010|0.000032851,0.00,0.00,43069440,43069440,768,768,1536
2536,1764562608.219249,kem_handshake,0.000048750|0.000034254|0.000077794,0.00,0.00,43069440,43069440,768,768,1536
2537,1764562608.220691,kem_handshake,0.000028353|0.000018845|0.000041036,0.00,0.00,43069440,43069440,768,768,1536
2538,1764562608.222451,kem_handshake,0.000033452|0.000017332|0.000047368,0.00,0.00,43069440,43069440,768,768,1536
2539,1764562608.223692,kem_handshake,0.000022782|0.000016501|0.000035896,0.00,0.00,43069440,43069440,768,768,1536
2540,1764562608.2248464,kem_handshake,0.000020668|0.000015629|0.000037169,0.00,0.00,43069440,43069440,768,768,1536
2541,1764562608.225911,kem_handshake,0.000019456|0.000015319|0.000032561,0.00,0.00,43069440,43069440,768,768,1536
2542,1764562608.2270179,kem_handshake,0.000019526|0.000015729|0.000033472,0.00,0.00,43069440,43069440,768,768,1536
2543,1764562608.2283645,kem_handshake,0.000029184|0.000016100|0.000042378,0.00,0.00,43069440,43069440,768,768,1536
2544,1764562608.2294948,kem_handshake,0.000020338|0.000015930|0.000035235,0.00,0.00,43069440,43069440,768,768,1536
2545,1764562608.2307734,kem_handshake,0.000021069|0.000016620|0.000034784,0.00,0.00,43069440,43069440,768,768,1536
2546,1764562608.231899,kem_handshake,0.000019436|0.000015569|0.000033873,0.00,0.00,43069440,43069440,768,768,1536
2547,1764562608.23296,kem_handshake,0.000018464|0.000015158|0.000032590,0.00,0.00,43069440,43069440,768,768,1536
2548,1764562608.2340438,kem_handshake,0.000019556|0.000016401|0.000032971,0.00,0.00,43069440,43069440,768,768,1536
2549,1764562608.2351732,kem_handshake,0.000018655|0.000015478|0.000032580,0.00,0.00,43069440,43069440,768,768,1536
2550,1764562608.236418,kem_handshake,0.000025427|0.000017663|0.000039854,0.00,0.00,43069440,43069440,768,768,1536
2551,1764562608.2377186,kem_handshake,0.000055262|0.000017543|0.000039203,0.00,0.00,43069440,43069440,768,768,1536
2552,1764562608.2391386,kem_handshake,0.000060332|0.000035526|0.000069539,0.00,0.00,43069440,43069440,768,768,1536
2553,1764562608.2403567,kem_handshake,0.000019416|0.000015639|0.000032851,0.00,0.00,43069440,43069440,768,768,1536
2554,1764562608.2414374,kem_handshake,0.000019135|0.000015629|0.000032831,0.00,0.00,43069440,43069440,768,768,1536
2555,1764562608.2429652,kem_handshake,0.000039143|0.000032510|0.000067424,0.00,0.00,43069440,43069440,768,768,1536
2556,1764562608.2443116,kem_handshake,0.000029054|0.000017522|0.000042178,0.00,0.00,43069440,43069440,768,768,1536
2557,1764562608.2458773,kem_handshake,0.000033081|0.000018474|0.000044863,0.00,0.00,43069440,43069440,768,768,1536
2558,1764562608.24711,kem_handshake,0.000020678|0.000015999|0.000034213,0.00,0.00,43069440,43069440,768,768,1536
2559,1764562608.2481802,kem_handshake,0.000019346|0.000015669|0.000033272,0.00,0.00,43069440,43069440,768,768,1536
2560,1764562608.2492654,kem_handshake,0.000018905|0.000015699|0.000032820,0.00,0.00,43069440,43069440,768,768,1536
2561,1764562608.2503467,kem_handshake,0.000018885|0.000016030|0.000033281,0.00,0.00,43069440,43069440,768,768,1536
2562,1764562608.2514808,kem_handshake,0.000019567|0.000015719|0.000034484,0.00,0.00,43069440,43069440,768,768,1536
2563,1764562608.2527015,kem_handshake,0.000027992|0.000016871|0.000042078,0.00,0.00,43069440,43069440,768,768,1536
2564,1764562608.2538736,kem_handshake,0.000022622|0.000016350|0.000045394,0.00,0.00,43069440,43069440,768,768,1536
2565,1764562608.2551126,kem_handshake,0.000019877|0.000015329|0.000034473,0.00,0.00,43069440,43069440,768,768,1536
2566,1764562608.2562165,kem_handshake,0.000019366|0.000015709|0.000034013,0.00,0.00,43069440,43069440,768,768,1536
2567,1764562608.2572994,kem_handshake,0.000018504|0.000016390|0.000032410,0.00,0.00,43069440,43069440,768,768,1536
2568,1764562608.2583945,kem_handshake,0.000019186|0.000016220|0.000033041,0.00,0.00,43069440,43069440,768,768,1536
2569,1764562608.259462,kem_handshake,0.000018875|0.000015458|0.000032580,0.00,0.00,43069440,43069440,768,768,1536
2570,1764562608.2605588,kem_handshake,0.000020328|0.000015589|0.000032850,0.00,0.00,43069440,43069440,768,768,1536
2571,1764562608.2617285,kem_handshake,0.000055362|0.000016571|0.000039503,0.00,0.00,43069440,43069440,768,768,1536
2572,1764562608.2630348,kem_handshake,0.000021410|0.000016350|0.000034154,0.00,0.00,43069440,43069440,768,768,1536
2573,1764562608.264154,kem_handshake,0.000020037|0.000015840|0.000032800,0.00,0.00,43069440,43069440,768,768,1536
2574,1764562608.2653852,kem_handshake,0.000029174|0.000021439|0.000052467,0.00,0.00,43069440,43069440,768,768,1536
2575,1764562608.267488,kem_handshake,0.000039913|0.000021780|0.000052507,0.00,0.00,43069440,43069440,768,768,1536
2576,1764562608.2690496,kem_handshake,0.000029936|0.000019215|0.000039312,0.00,0.00,43069440,43069440,768,768,1536
2577,1764562608.2705348,kem_handshake,0.000032590|0.000021089|0.000053379,0.00,0.00,43069440,43069440,768,768,1536
2578,1764562608.2719007,kem_handshake,0.000022482|0.000017142|0.000038340,0.00,0.00,43069440,43069440,768,768,1536
2579,1764562608.2731698,kem_handshake,0.000020779|0.000016901|0.000035766,0.00,0.00,43069440,43069440,768,768,1536
2580,1764562608.274261,kem_handshake,0.000019456|0.000015358|0.000033251,0.00,0.00,43069440,43069440,768,768,1536
2581,1764562608.2753582,kem_handshake,0.000025177|0.000018634|0.000033522,0.00,0.00,43069440,43069440,768,768,1536
2582,1764562608.2766128,kem_handshake,0.000022572|0.000016320|0.000036528,0.00,0.00,43069440,43069440,768,768,1536
2583,1764562608.2777812,kem_handshake,0.000021790|0.000016280|0.000035095,0.00,0.00,43069440,43069440,768,768,1536
2584,1764562608.279328,kem_handshake,0.000039864|0.000032300|0.000066744,0.00,0.00,43069440,43069440,768,768,1536
2585,1764562608.2804778,kem_handshake,0.000020168|0.000016630|0.000038070,0.00,0.00,43069440,43069440,768,768,1536
2586,1764562608.2815616,kem_handshake,0.000019386|0.000016340|0.000032871,0.00,0.00,43069440,43069440,768,768,1536
2587,1764562608.2826648,kem_handshake,0.000020177|0.000015609|0.000032490,0.00,0.00,43069440,43069440,768,768,1536
2588,1764562608.2837253,kem_handshake,0.000019857|0.000015649|0.000032681,0.00,0.00,43069440,43069440,768,768,1536
2589,1764562608.2847874,kem_handshake,0.000019195|0.000015618|0.000033162,0.00,0.00,43069440,43069440,768,768,1536
2590,1764562608.2862954,kem_handshake,0.000042869|0.000032641|0.000068737,0.00,6835.70,43069440,43069440,768,768,1536
2591,1764562608.2876391,kem_handshake,0.000022682|0.000016872|0.000037088,0.00,0.00,43069440,43069440,768,768,1536
2592,1764562608.288929,kem_handshake,0.000021119|0.000020498|0.000035956,0.00,0.00,43069440,43069440,768,768,1536
2593,1764562608.2900813,kem_handshake,0.000020357|0.000016190|0.000033312,0.00,0.00,43069440,43069440,768,768,1536
2594,1764562608.2911491,kem_handshake,0.000018805|0.000015529|0.000032901,0.00,0.00,43069440,43069440,768,768,1536
2595,1764562608.2921975,kem_handshake,0.000018254|0.000015298|0.000032580,0.00,0.00,43069440,43069440,768,768,1536
2596,1764562608.2940495,kem_handshake,0.000030686|0.000018414|0.000045634,0.00,0.00,43069440,43069440,768,768,1536
2597,1764562608.295349,kem_handshake,0.000021740|0.000016621|0.000037279,0.00,0.00,43069440,43069440,768,768,1536
2598,1764562608.2964547,kem_handshake,0.000019516|0.000015740|0.000034594,0.00,0.00,43069440,43069440,768,768,1536
2599,1764562608.297569,kem_handshake,0.000026529|0.000015589|0.000033782,0.00,0.00,43069440,43069440,768,768,1536
2600,1764562608.2986476,kem_handshake,0.000018914|0.000015498|0.000032960,0.00,0.00,43069440,43069440,768,768,1536
2601,1764562608.2997563,kem_handshake,0.000020047|0.000016000|0.000051234,0.00,0.00,43069440,43069440,768,768,1536
2602,1764562608.3017163,kem_handshake,0.000024004|0.000017081|0.000035967,0.00,0.00,43069440,43069440,768,768,1536
2603,1764562608.3029406,kem_handshake,0.000027000|0.000016851|0.000033793,0.00,0.00,43069440,43069440,768,768,1536
2604,1764562608.3040679,kem_handshake,0.000021370|0.000016470|0.000033111,0.00,0.00,43069440,43069440,768,768,1536
2605,1764562608.305181,kem_handshake,0.000019225|0.000015638|0.000032700,0.00,0.00,43069440,43069440,768,768,1536
2606,1764562608.3062925,kem_handshake,0.000020468|0.000015659|0.000033542,0.00,0.00,43069440,43069440,768,768,1536
2607,1764562608.3073707,kem_handshake,0.000018945|0.000015719|0.000032770,0.00,0.00,43069440,43069440,768,768,1536
2608,1764562608.3084424,kem_handshake,0.000018825|0.000015509|0.000032930,0.00,0.00,43069440,43069440,768,768,1536
2609,1764562608.3095634,kem_handshake,0.000023945|0.000018805|0.000033632,0.00,0.00,43069440,43069440,768,768,1536
2610,1764562608.310783,kem_handshake,0.000028513|0.000017332|0.000035436,0.00,0.00,43069440,43069440,768,768,1536
2611,1764562608.3118827,kem_handshake,0.000019296|0.000016030|0.000032781,0.00,0.00,43069440,43069440,768,768,1536
2612,1764562608.3129706,kem_handshake,0.000020077|0.000015809|0.000033282,0.00,0.00,43069440,43069440,768,768,1536
2613,1764562608.3141522,kem_handshake,0.000023353|0.000016901|0.000038802,0.00,0.00,43069440,43069440,768,768,1536
2614,1764562608.316127,kem_handshake,0.000023714|0.000016681|0.000037890,0.00,0.00,43069440,43069440,768,768,1536
2615,1764562608.3173115,kem_handshake,0.000060071|0.000021980|0.000034153,0.00,0.00,43069440,43069440,768,768,1536
2616,1764562608.3187542,kem_handshake,0.000032740|0.000019956|0.000045374,0.00,0.00,43069440,43069440,768,768,1536
2617,1764562608.3200774,kem_handshake,0.000025387|0.000016731|0.000037970,0.00,0.00,43069440,43069440,768,768,1536
2618,1764562608.32167,kem_handshake,0.000040515|0.000020288|0.000085167,0.00,0.00,43069440,43069440,768,768,1536
2619,1764562608.3238113,kem_handshake,0.000055232|0.000025537|0.000076151,0.00,0.00,43069440,43069440,768,768,1536
2620,1764562608.3253148,kem_handshake,0.000025397|0.000016490|0.000038502,0.00,0.00,43069440,43069440,768,768,1536
2621,1764562608.32658,kem_handshake,0.000024716|0.000017122|0.000037680,0.00,0.00,43069440,43069440,768,768,1536
2622,1764562608.3277097,kem_handshake,0.000019847|0.000016010|0.000034143,0.00,0.00,43069440,43069440,768,768,1536
2623,1764562608.3288863,kem_handshake,0.000024004|0.000016952|0.000048089,0.00,0.00,43069440,43069440,768,768,1536
2624,1764562608.330022,kem_handshake,0.000019235|0.000015629|0.000032921,0.00,0.00,43069440,43069440,768,768,1536
2625,1764562608.3311882,kem_handshake,0.000020918|0.000016170|0.000034434,0.00,0.00,43069440,43069440,768,768,1536
2626,1764562608.3326113,kem_handshake,0.000032089|0.000022982|0.000045193,0.00,0.00,43069440,43069440,768,768,1536
2627,1764562608.334104,kem_handshake,0.000025517|0.000021450|0.000051265,0.00,0.00,43069440,43069440,768,768,1536
2628,1764562608.3354564,kem_handshake,0.000024465|0.000017984|0.000040625,0.00,0.00,43069440,43069440,768,768,1536
2629,1764562608.3367612,kem_handshake,0.000023033|0.000016871|0.000038180,0.00,0.00,43069440,43069440,768,768,1536
2630,1764562608.3380048,kem_handshake,0.000021589|0.000017261|0.000038571,0.00,0.00,43069440,43069440,768,768,1536
2631,1764562608.3392286,kem_handshake,0.000028893|0.000017883|0.000039292,0.00,0.00,43069440,43069440,768,768,1536
2632,1764562608.340422,kem_handshake,0.000020307|0.000016080|0.000033712,0.00,0.00,43069440,43069440,768,768,1536
2633,1764562608.3415782,kem_handshake,0.000019396|0.000015699|0.000033773,0.00,0.00,43069440,43069440,768,768,1536
2634,1764562608.3427248,kem_handshake,0.000019516|0.000015780|0.000033141,0.00,0.00,43069440,43069440,768,768,1536
2635,1764562608.343969,kem_handshake,0.000023313|0.000016621|0.000038661,0.00,0.00,43069440,43069440,768,768,1536
2636,1764562608.3451796,kem_handshake,0.000027090|0.000019195|0.000040284,0.00,0.00,43069440,43069440,768,768,1536
2637,1764562608.3464713,kem_handshake,0.000022792|0.000016019|0.000035546,0.00,0.00,43069440,43069440,768,768,1536
2638,1764562608.3476698,kem_handshake,0.000023232|0.000016430|0.000035856,0.00,0.00,43069440,43069440,768,768,1536
2639,1764562608.348858,kem_handshake,0.000020889|0.000015779|0.000039212,0.00,0.00,43069440,43069440,768,768,1536
2640,1764562608.3499522,kem_handshake,0.000018935|0.000015619|0.000033191,0.00,0.00,43069440,43069440,768,768,1536
2641,1764562608.351056,kem_handshake,0.000019246|0.000015869|0.000032550,0.00,0.00,43069440,43069440,768,768,1536
2642,1764562608.3521805,kem_handshake,0.000022100|0.000016690|0.000039363,0.00,0.00,43069440,43069440,768,768,1536
2643,1764562608.353448,kem_handshake,0.000021630|0.000015999|0.000035326,0.00,0.00,43069440,43069440,768,768,1536
2644,1764562608.3546913,kem_handshake,0.000022702|0.000016401|0.000035726,0.00,0.00,43069440,43069440,768,768,1536
2645,1764562608.3558505,kem_handshake,0.000024475|0.000015930|0.000039043,0.00,0.00,43069440,43069440,768,768,1536
2646,1764562608.356937,kem_handshake,0.000026649|0.000017412|0.000033021,0.00,0.00,43069440,43069440,768,768,1536
2647,1764562608.3580112,kem_handshake,0.000018845|0.000015919|0.000032781,0.00,0.00,43069440,43069440,768,768,1536
2648,1764562608.3591273,kem_handshake,0.000025938|0.000020959|0.000036678,0.00,0.00,43069440,43069440,768,768,1536
2649,1764562608.3603005,kem_handshake,0.000026910|0.000017312|0.000036818,0.00,0.00,43069440,43069440,768,768,1536
2650,1764562608.3616517,kem_handshake,0.000027540|0.000016771|0.000039203,0.00,0.00,43069440,43069440,768,768,1536
2651,1764562608.3630152,kem_handshake,0.000030677|0.000018685|0.000044211,0.00,0.00,43069440,43069440,768,768,1536
2652,1764562608.3642442,kem_handshake,0.000019696|0.000016169|0.000038461,0.00,0.00,43069440,43069440,768,768,1536
2653,1764562608.3653479,kem_handshake,0.000019566|0.000015719|0.000033673,0.00,0.00,43069440,43069440,768,768,1536
2654,1764562608.366445,kem_handshake,0.000019135|0.000015699|0.000034063,0.00,0.00,43069440,43069440,768,768,1536
2655,1764562608.3676608,kem_handshake,0.000022933|0.000016470|0.000036949,0.00,0.00,43069440,43069440,768,768,1536
2656,1764562608.3689349,kem_handshake,0.000024856|0.000016671|0.000045814,0.00,0.00,43069440,43069440,768,768,1536
2657,1764562608.3706355,kem_handshake,0.000047748|0.000027381|0.000085297,0.00,0.00,43069440,43069440,768,768,1536
2658,1764562608.3729787,kem_handshake,0.000072344|0.000044543|0.000099364,0.00,0.00,43069440,43069440,768,768,1536
2659,1764562608.3748617,kem_handshake,0.000029073|0.000018374|0.000045554,0.00,0.00,43069440,43069440,768,768,1536
2660,1764562608.3763385,kem_handshake,0.000029545|0.000019356|0.000039232,0.00,0.00,43069440,43069440,768,768,1536
2661,1764562608.3787801,kem_handshake,0.000049451|0.000026068|0.000056765,0.00,0.00,43069440,43069440,768,768,1536
2662,1764562608.3812854,kem_handshake,0.000037529|0.000021369|0.000062465,0.00,0.00,43069440,43069440,768,768,1536
2663,1764562608.3828616,kem_handshake,0.000023534|0.000018184|0.000051405,0.00,0.00,43069440,43069440,768,768,1536
2664,1764562608.3841863,kem_handshake,0.000023183|0.000017062|0.000038160,0.00,0.00,43069440,43069440,768,768,1536
2665,1764562608.3856146,kem_handshake,0.000040104|0.000023463|0.000064820,0.00,0.00,43069440,43069440,768,768,1536
2666,1764562608.3872313,kem_handshake,0.000033152|0.000018945|0.000043370,0.00,0.00,43069440,43069440,768,768,1536
2667,1764562608.3889637,kem_handshake,0.000034954|0.000030006|0.000054290,0.00,0.00,43069440,43069440,768,768,1536
2668,1764562608.3904245,kem_handshake,0.000029454|0.000018665|0.000046666,0.00,0.00,43069440,43069440,768,768,1536
2669,1764562608.3916214,kem_handshake,0.000023313|0.000017713|0.000039493,0.00,0.00,43069440,43069440,768,768,1536
2670,1764562608.3928735,kem_handshake,0.000028913|0.000018594|0.000060491,0.00,0.00,43069440,43069440,768,768,1536
2671,1764562608.3942382,kem_handshake,0.000026479|0.000018445|0.000038411,0.00,0.00,43069440,43069440,768,768,1536
2672,1764562608.3959227,kem_handshake,0.000046856|0.000035345|0.000078104,0.00,0.00,43069440,43069440,768,768,1536
2673,1764562608.3975074,kem_handshake,0.000030687|0.000019316|0.000050884,0.00,0.00,43069440,43069440,768,768,1536
2674,1764562608.398765,kem_handshake,0.000021259|0.000016421|0.000034393,0.00,0.00,43069440,43069440,768,768,1536
2675,1764562608.3998663,kem_handshake,0.000019726|0.000016120|0.000038852,0.00,0.00,43069440,43069440,768,768,1536
2676,1764562608.4010768,kem_handshake,0.000023894|0.000017021|0.000039423,0.00,0.00,43069440,43069440,768,768,1536
2677,1764562608.402392,kem_handshake,0.000032450|0.000019446|0.000048690,0.00,0.00,43069440,43069440,768,768,1536
2678,1764562608.4043458,kem_handshake,0.000043320|0.000020588|0.000042789,0.00,0.00,43069440,43069440,768,768,1536
2679,1764562608.4059749,kem_handshake,0.000040736|0.000020297|0.000051305,0.00,0.00,43069440,43069440,768,768,1536
2680,1764562608.407289,kem_handshake,0.000024846|0.000018253|0.000037860,0.00,0.00,43069440,43069440,768,768,1536
2681,1764562608.408451,kem_handshake,0.000021179|0.000017352|0.000035065,0.00,0.00,43069440,43069440,768,768,1536
2682,1764562608.4096215,kem_handshake,0.000026620|0.000016831|0.000035676,0.00,0.00,43069440,43069440,768,768,1536
2683,1764562608.4110188,kem_handshake,0.000039663|0.000021450|0.000055031,0.00,0.00,43069440,43069440,768,768,1536
2684,1764562608.4122987,kem_handshake,0.000026699|0.000017723|0.000040505,0.00,0.00,43069440,43069440,768,768,1536
2685,1764562608.413641,kem_handshake,0.000027020|0.000017743|0.000044292,0.00,0.00,43069440,43069440,768,768,1536
2686,1764562608.4148185,kem_handshake,0.000021921|0.000016691|0.000035917,0.00,0.00,43069440,43069440,768,768,1536
2687,1764562608.4159894,kem_handshake,0.000025066|0.000017182|0.000040284,0.00,0.00,43069440,43069440,768,768,1536
2688,1764562608.4171934,kem_handshake,0.000025547|0.000016891|0.000038341,0.00,0.00,43069440,43069440,768,768,1536
2689,1764562608.4185278,kem_handshake,0.000032079|0.000019847|0.000054290,0.00,0.00,43069440,43069440,768,768,1536
2690,1764562608.4201264,kem_handshake,0.000024775|0.000017712|0.000037038,0.00,0.00,43069440,43069440,768,768,1536
2691,1764562608.4217582,kem_handshake,0.000061103|0.000028082|0.000076902,0.00,0.00,43069440,43069440,768,768,1536
2692,1764562608.424039,kem_handshake,0.000070921|0.000027581|0.000064309,0.00,0.00,43069440,43069440,768,768,1536
2693,1764562608.4260428,kem_handshake,0.000039052|0.000023463|0.000061934,0.00,0.00,43069440,43069440,768,768,1536
2694,1764562608.428236,kem_handshake,0.000074267|0.000032590|0.000099413,0.00,0.00,43069440,43069440,768,768,1536
2695,1764562608.429975,kem_handshake,0.000047297|0.000021320|0.000049662,0.00,0.00,43069440,43069440,768,768,1536
2696,1764562608.4320662,kem_handshake,0.000077473|0.000044382|0.000140951,0.00,0.00,43069440,43069440,768,768,1536
2697,1764562608.4349656,kem_handshake,0.000054271|0.000024896|0.000133887,0.00,0.00,43069440,43069440,768,768,1536
2698,1764562608.437863,kem_handshake,0.000051916|0.000023994|0.000061604,0.00,0.00,43069440,43069440,768,768,1536
2699,1764562608.4403439,kem_handshake,0.000117948|0.000042338|0.000094915,0.00,0.00,43069440,43069440,768,768,1536
2700,1764562608.44289,kem_handshake,0.000042779|0.000022863|0.000065080,0.00,0.00,43069440,43069440,768,768,1536
2701,1764562608.4451015,kem_handshake,0.000049361|0.000025157|0.000057597,0.00,0.00,43069440,43069440,768,768,1536
2702,1764562608.4482224,kem_handshake,0.000086189|0.000036879|0.000110494,0.00,0.00,43069440,43069440,768,768,1536
2703,1764562608.4505894,kem_handshake,0.000046065|0.000023944|0.000065802,0.00,0.00,43069440,43069440,768,768,1536
2704,1764562608.4525223,kem_handshake,0.000045695|0.000027010|0.000067465,0.00,0.00,43069440,43069440,768,768,1536
2705,1764562608.4556434,kem_handshake,0.000139197|0.000044963|0.000112168,0.00,0.00,43069440,43069440,768,768,1536
2706,1764562608.4590745,kem_handshake,0.000104132|0.000046966|0.000139447,0.00,0.00,43069440,43069440,768,768,1536
2707,1764562608.4629152,kem_handshake,0.000065601|0.000032780|0.000086540,0.00,0.00,43069440,43069440,768,768,1536
2708,1764562608.465997,kem_handshake,0.000069659|0.000036417|0.000090297,0.00,0.00,43069440,43069440,768,768,1536
2709,1764562608.4697635,kem_handshake,0.000090217|0.000042549|0.000113720,0.00,0.00,43069440,43069440,768,768,1536
2710,1764562608.4725761,kem_handshake,0.000048580|0.000025898|0.000052577,0.00,0.00,43069440,43069440,768,768,1536
2711,1764562608.4749222,kem_handshake,0.000045524|0.000026579|0.000084345,0.00,0.00,43069440,43069440,768,768,1536
2712,1764562608.478159,kem_handshake,0.000115233|0.000041166|0.000132364,0.00,0.00,43069440,43069440,768,768,1536
2713,1764562608.4817457,kem_handshake,0.000093072|0.000036317|0.000087752,0.00,0.00,43069440,43069440,768,768,1536
2714,1764562608.4847138,kem_handshake,0.000038411|0.000021590|0.000046687,0.00,0.00,43069440,43069440,768,768,1536
2715,1764562608.4870436,kem_handshake,0.000041256|0.000022171|0.000054501,0.00,0.00,43069440,43069440,768,768,1536
2716,1764562608.4888241,kem_handshake,0.000039904|0.000021470|0.000048019,0.00,0.00,43069440,43069440,768,768,1536
2717,1764562608.4903738,kem_handshake,0.000035034|0.000019215|0.000045324,0.00,0.00,43069440,43069440,768,768,1536
2718,1764562608.492115,kem_handshake,0.000051735|0.000025477|0.000072504,0.00,0.00,43069440,43069440,768,768,1536
2719,1764562608.4947846,kem_handshake,0.000077443|0.000032470|0.000113480,0.00,0.00,43069440,43069440,768,768,1536
2720,1764562608.4974146,kem_handshake,0.000057226|0.000034614|0.000081971,0.00,0.00,43069440,43069440,768,768,1536
2721,1764562608.499205,kem_handshake,0.000039644|0.000022221|0.000053809,0.00,0.00,43069440,43069440,768,768,1536
2722,1764562608.5005703,kem_handshake,0.000024355|0.000017753|0.000043170,0.00,0.00,43069440,43069440,768,768,1536
2723,1764562608.50219,kem_handshake,0.000029434|0.000018414|0.000045003,0.00,0.00,43069440,43069440,768,768,1536
2724,1764562608.5036228,kem_handshake,0.000032430|0.000021791|0.000043511,0.00,0.00,43069440,43069440,768,768,1536
2725,1764562608.505735,kem_handshake,0.000043731|0.000022391|0.000055703,0.00,0.00,43069440,43069440,768,768,1536
2726,1764562608.50801,kem_handshake,0.000057787|0.000024525|0.000065952,0.00,0.00,43069440,43069440,768,768,1536
2727,1764562608.5100095,kem_handshake,0.000055282|0.000023924|0.000060422,0.00,0.00,43069440,43069440,768,768,1536
2728,1764562608.5114956,kem_handshake,0.000027691|0.000018264|0.000037500,0.00,0.00,43069440,43069440,768,768,1536
2729,1764562608.5131876,kem_handshake,0.000053950|0.000023543|0.000076461,0.00,0.00,43069440,43069440,768,768,1536
2730,1764562608.5150442,kem_handshake,0.000051595|0.000031028|0.000075289,0.00,0.00,43069440,43069440,768,768,1536
2731,1764562608.5176134,kem_handshake,0.000062456|0.000026769|0.000084345,0.00,0.00,43069440,43069440,768,768,1536
2732,1764562608.5200672,kem_handshake,0.000048259|0.000022181|0.000069408,0.00,0.00,43069440,43069440,768,768,1536
2733,1764562608.521671,kem_handshake,0.000038421|0.000021170|0.000044712,0.00,0.00,43069440,43069440,768,768,1536
2734,1764562608.523334,kem_handshake,0.000028242|0.000020027|0.000056575,0.00,0.00,43069440,43069440,768,768,1536
2735,1764562608.5251873,kem_handshake,0.000026248|0.000018785|0.000044532,0.00,0.00,43069440,43069440,768,768,1536
2736,1764562608.526429,kem_handshake,0.000023273|0.000016450|0.000038932,0.00,0.00,43069440,43069440,768,768,1536
2737,1764562608.5280912,kem_handshake,0.000046867|0.000038551|0.000045514,0.00,0.00,43069440,43069440,768,768,1536
2738,1764562608.5295706,kem_handshake,0.000030567|0.000018935|0.000045854,0.00,0.00,43069440,43069440,768,768,1536
2739,1764562608.5314007,kem_handshake,0.000048760|0.000023132|0.000066082,0.00,0.00,43069440,43069440,768,768,1536
2740,1764562608.5330253,kem_handshake,0.000031268|0.000020307|0.000044261,0.00,0.00,43069440,43069440,768,768,1536
2741,1764562608.5347455,kem_handshake,0.000039132|0.000022682|0.000056204,0.00,0.00,43069440,43069440,768,768,1536
2742,1764562608.5380044,kem_handshake,0.000065551|0.000032330|0.000089626,0.00,0.00,43069440,43069440,768,768,1536
2743,1764562608.5402064,kem_handshake,0.000080038|0.000073496|0.000090708,0.00,0.00,43069440,43069440,768,768,1536
2744,1764562608.5420144,kem_handshake,0.000026629|0.000016841|0.000042028,0.00,0.00,43069440,43069440,768,768,1536
2745,1764562608.5435748,kem_handshake,0.000045303|0.000019296|0.000054561,0.00,0.00,43069440,43069440,768,768,1536
2746,1764562608.5449207,kem_handshake,0.000023904|0.000016260|0.000039533,0.00,0.00,43069440,43069440,768,768,1536
2747,1764562608.54631,kem_handshake,0.000026979|0.000018113|0.000039103,0.00,0.00,43069440,43069440,768,768,1536
2748,1764562608.5476794,kem_handshake,0.000022692|0.000017172|0.000037710,0.00,0.00,43069440,43069440,768,768,1536
2749,1764562608.5489433,kem_handshake,0.000025537|0.000016451|0.000039413,0.00,0.00,43069440,43069440,768,768,1536
2750,1764562608.5500932,kem_handshake,0.000019095|0.000015809|0.000034954,0.00,0.00,43069440,43069440,768,768,1536
2751,1764562608.5512536,kem_handshake,0.000020338|0.000015489|0.000035636,0.00,0.00,43069440,43069440,768,768,1536
2752,1764562608.552716,kem_handshake,0.000040525|0.000019806|0.000057096,0.00,0.00,43069440,43069440,768,768,1536
2753,1764562608.5540361,kem_handshake,0.000032290|0.000018785|0.000038130,0.00,0.00,43069440,43069440,768,768,1536
2754,1764562608.5556948,kem_handshake,0.000038321|0.000019546|0.000058228,0.00,0.00,43069440,43069440,768,768,1536
2755,1764562608.5569818,kem_handshake,0.000026509|0.000016801|0.000039032,0.00,0.00,43069440,43069440,768,768,1536
2756,1764562608.5582404,kem_handshake,0.000025477|0.000017573|0.000040795,0.00,0.00,43069440,43069440,768,768,1536
2757,1764562608.5598068,kem_handshake,0.000041236|0.000040936|0.000068337,0.00,0.00,43069440,43069440,768,768,1536
2758,1764562608.5615613,kem_handshake,0.000046716|0.000021861|0.000056735,0.00,0.00,43069440,43069440,768,768,1536
2759,1764562608.5630145,kem_handshake,0.000031458|0.000019386|0.000039644,0.00,0.00,43069440,43069440,768,768,1536
2760,1764562608.5644305,kem_handshake,0.000022622|0.000016992|0.000034955,0.00,0.00,43069440,43069440,768,768,1536
2761,1764562608.56577,kem_handshake,0.000024275|0.000017062|0.000040234,0.00,0.00,43069440,43069440,768,768,1536
2762,1764562608.5671203,kem_handshake,0.000025608|0.000018234|0.000040475,0.00,0.00,43069440,43069440,768,768,1536
2763,1764562608.5688553,kem_handshake,0.000032159|0.000018334|0.000050042,0.00,0.00,43069440,43069440,768,768,1536
2764,1764562608.5708857,kem_handshake,0.000052627|0.000025447|0.000078465,0.00,0.00,43069440,43069440,768,768,1536
2765,1764562608.5737722,kem_handshake,0.000116816|0.000039443|0.000082943,0.00,0.00,43069440,43069440,768,768,1536
2766,1764562608.576149,kem_handshake,0.000033662|0.000019597|0.000041176,0.00,0.00,43069440,43069440,768,768,1536
2767,1764562608.577983,kem_handshake,0.000048229|0.000021440|0.000060902,0.00,0.00,43069440,43069440,768,768,1536
2768,1764562608.5799954,kem_handshake,0.000066163|0.000028803|0.000066963,0.00,0.00,43069440,43069440,768,768,1536
2769,1764562608.581708,kem_handshake,0.000036488|0.000019997|0.000057156,0.00,0.00,43069440,43069440,768,768,1536
2770,1764562608.5829875,kem_handshake,0.000021520|0.000017022|0.000034003,0.00,0.00,43069440,43069440,768,768,1536
2771,1764562608.5841784,kem_handshake,0.000022141|0.000016310|0.000035276,0.00,0.00,43069440,43069440,768,768,1536
2772,1764562608.5853715,kem_handshake,0.000023494|0.000017162|0.000036477,0.00,0.00,43069440,43069440,768,768,1536
2773,1764562608.5866408,kem_handshake,0.000024275|0.000016892|0.000036859,0.00,0.00,43069440,43069440,768,768,1536
2774,1764562608.588096,kem_handshake,0.000028052|0.000017963|0.000040555,0.00,0.00,43069440,43069440,768,768,1536
2775,1764562608.5900357,kem_handshake,0.000055042|0.000047628|0.000085007,0.00,0.00,43069440,43069440,768,768,1536
2776,1764562608.5914726,kem_handshake,0.000025918|0.000017222|0.000039393,0.00,0.00,43069440,43069440,768,768,1536
2777,1764562608.5927057,kem_handshake,0.000021871|0.000017953|0.000035004,0.00,0.00,43069440,43069440,768,768,1536
2778,1764562608.5939114,kem_handshake,0.000022282|0.000016360|0.000035626,0.00,0.00,43069440,43069440,768,768,1536
2779,1764562608.5951207,kem_handshake,0.000024626|0.000016911|0.000037770,0.00,0.00,43069440,43069440,768,768,1536
2780,1764562608.597065,kem_handshake,0.000045554|0.000023133|0.000066203,0.00,0.00,43069440,43069440,768,768,1536
2781,1764562608.598374,kem_handshake,0.000023654|0.000016741|0.000038130,0.00,0.00,43069440,43069440,768,768,1536
2782,1764562608.599652,kem_handshake,0.000020267|0.000016751|0.000034684,0.00,0.00,43069440,43069440,768,768,1536
2783,1764562608.60078,kem_handshake,0.000021510|0.000016661|0.000034824,0.00,0.00,43069440,43069440,768,768,1536
2784,1764562608.6019747,kem_handshake,0.000022582|0.000016500|0.000035426,0.00,0.00,43069440,43069440,768,768,1536
2785,1764562608.6035097,kem_handshake,0.000044793|0.000023303|0.000073676,0.00,0.00,43069440,43069440,768,768,1536
2786,1764562608.6052961,kem_handshake,0.000037690|0.000019957|0.000056785,0.00,0.00,43069440,43069440,768,768,1536
2787,1764562608.6072676,kem_handshake,0.000033622|0.000019226|0.000041828,0.00,0.00,43069440,43069440,768,768,1536
2788,1764562608.6084788,kem_handshake,0.000023133|0.000016501|0.000035325,0.00,0.00,43069440,43069440,768,768,1536
2789,1764562608.6097927,kem_handshake,0.000024835|0.000016851|0.000039093,0.00,0.00,43069440,43069440,768,768,1536
2790,1764562608.6109953,kem_handshake,0.000023434|0.000016881|0.000038841,0.00,0.00,43069440,43069440,768,768,1536
2791,1764562608.6122925,kem_handshake,0.000029024|0.000018735|0.000040505,0.00,0.00,43069440,43069440,768,768,1536
2792,1764562608.6137118,kem_handshake,0.000026629|0.000018294|0.000046666,0.00,0.00,43069440,43069440,768,768,1536
2793,1764562608.6152825,kem_handshake,0.000051254|0.000026720|0.000060452,0.00,0.00,43069440,43069440,768,768,1536
2794,1764562608.617498,kem_handshake,0.000050603|0.000024345|0.000053389,0.00,0.00,43069440,43069440,768,768,1536
2795,1764562608.6194093,kem_handshake,0.000079116|0.000026819|0.000045905,0.00,0.00,43069440,43069440,768,768,1536
2796,1764562608.6209948,kem_handshake,0.000044312|0.000022391|0.000049031,0.00,0.00,43069440,43069440,768,768,1536
2797,1764562608.6227033,kem_handshake,0.000038912|0.000020307|0.000047017,0.00,0.00,43069440,43069440,768,768,1536
2798,1764562608.6242092,kem_handshake,0.000024826|0.000016781|0.000040154,0.00,0.00,43069440,43069440,768,768,1536
2799,1764562608.6254935,kem_handshake,0.000029524|0.000016831|0.000045324,0.00,0.00,43069440,43069440,768,768,1536
2800,1764562608.6270301,kem_handshake,0.000032259|0.000019295|0.000042178,0.00,0.00,43069440,43069440,768,768,1536
2801,1764562608.628666,kem_handshake,0.000029925|0.000019706|0.000037890,0.00,0.00,43069440,43069440,768,768,1536
2802,1764562608.6300836,kem_handshake,0.000033632|0.000019156|0.000044141,0.00,0.00,43069440,43069440,768,768,1536
2803,1764562608.6315858,kem_handshake,0.000028603|0.000017242|0.000048499,0.00,0.00,43069440,43069440,768,768,1536
2804,1764562608.633113,kem_handshake,0.000035796|0.000018755|0.000056264,0.00,0.00,43069440,43069440,768,768,1536
2805,1764562608.6348526,kem_handshake,0.000056725|0.000033722|0.000090056,0.00,0.00,43069440,43069440,768,768,1536
2806,1764562608.6374443,kem_handshake,0.000063988|0.000038882|0.000086530,0.00,0.00,43069440,43069440,768,768,1536
2807,1764562608.6399074,kem_handshake,0.000074217|0.000030897|0.000072354,0.00,0.00,43069440,43069440,768,768,1536
2808,1764562608.6417081,kem_handshake,0.000047288|0.000027070|0.000055663,0.00,0.00,43069440,43069440,768,768,1536
2809,1764562608.6434398,kem_handshake,0.000041026|0.000020969|0.000058288,0.00,0.00,43069440,43069440,768,768,1536
2810,1764562608.6451116,kem_handshake,0.000029074|0.000017412|0.000038721,0.00,0.00,43069440,43069440,768,768,1536
2811,1764562608.6471944,kem_handshake,0.000051785|0.000028312|0.000069258,0.00,0.00,43069440,43069440,768,768,1536
2812,1764562608.64976,kem_handshake,0.000070971|0.000031909|0.000090807,0.00,0.00,43069440,43069440,768,768,1536
2813,1764562608.6515412,kem_handshake,0.000029585|0.000018915|0.000049381,0.00,0.00,43069440,43069440,768,768,1536
2814,1764562608.6528816,kem_handshake,0.000028243|0.000017021|0.000048350,0.00,0.00,43069440,43069440,768,768,1536
2815,1764562608.6540575,kem_handshake,0.000022863|0.000016390|0.000035124,0.00,0.00,43069440,43069440,768,768,1536
2816,1764562608.655345,kem_handshake,0.000028573|0.000049712|0.000044442,0.00,0.00,43069440,43069440,768,768,1536
2817,1764562608.6566298,kem_handshake,0.000023713|0.000016159|0.000040625,0.00,0.00,43069440,43069440,768,768,1536
2818,1764562608.6579561,kem_handshake,0.000019697|0.000015699|0.000035035,0.00,0.00,43069440,43069440,768,768,1536
2819,1764562608.6594157,kem_handshake,0.000019906|0.000015659|0.000033813,0.00,0.00,43069440,43069440,768,768,1536
2820,1764562608.6605105,kem_handshake,0.000019285|0.000015439|0.000034874,0.00,0.00,43069440,43069440,768,768,1536
2821,1764562608.6616158,kem_handshake,0.000020017|0.000015488|0.000034123,0.00,0.00,43069440,43069440,768,768,1536
2822,1764562608.6629488,kem_handshake,0.000033552|0.000019055|0.000042168,0.00,0.00,43069440,43069440,768,768,1536
2823,1764562608.664126,kem_handshake,0.000018945|0.000015679|0.000033933,0.00,0.00,43069440,43069440,768,768,1536
2824,1764562608.665218,kem_handshake,0.000018544|0.000015218|0.000032600,0.00,0.00,43069440,43069440,768,768,1536
2825,1764562608.6662948,kem_handshake,0.000018774|0.000015348|0.000032731,0.00,0.00,43069440,43069440,768,768,1536
2826,1764562608.6673634,kem_handshake,0.000017623|0.000015268|0.000032219,0.00,0.00,43069440,43069440,768,768,1536
2827,1764562608.6690614,kem_handshake,0.000027211|0.000016570|0.000049301,0.00,0.00,43069440,43069440,768,768,1536
2828,1764562608.670503,kem_handshake,0.000041507|0.000019726|0.000059099,0.00,0.00,43069440,43069440,768,768,1536
2829,1764562608.6718266,kem_handshake,0.000026109|0.000017262|0.000039152,0.00,0.00,43069440,43069440,768,768,1536
2830,1764562608.6732113,kem_handshake,0.000026780|0.000017452|0.000041146,0.00,0.00,43069440,43069440,768,768,1536
2831,1764562608.674352,kem_handshake,0.000019025|0.000015349|0.000033522,0.00,0.00,43069440,43069440,768,768,1536
2832,1764562608.6754067,kem_handshake,0.000019026|0.000015358|0.000032660,0.00,0.00,43069440,43069440,768,768,1536
2833,1764562608.6768932,kem_handshake,0.000038962|0.000023543|0.000062105,0.00,0.00,43069440,43069440,768,768,1536
2834,1764562608.6783414,kem_handshake,0.000028303|0.000019807|0.000046536,0.00,0.00,43069440,43069440,768,768,1536
2835,1764562608.6796932,kem_handshake,0.000024646|0.000018714|0.000038712,0.00,0.00,43069440,43069440,768,768,1536
2836,1764562608.681576,kem_handshake,0.000019195|0.000015479|0.000064319,0.00,0.00,43069440,43069440,768,768,1536
2837,1764562608.6828983,kem_handshake,0.000019736|0.000015900|0.000034604,0.00,0.00,43069440,43069440,768,768,1536
2838,1764562608.684412,kem_handshake,0.000039312|0.000031969|0.000084426,0.00,0.00,43069440,43069440,768,768,1536
2839,1764562608.6857946,kem_handshake,0.000027060|0.000017161|0.000040244,0.00,0.00,43069440,43069440,768,768,1536
2840,1764562608.6869905,kem_handshake,0.000023613|0.000017071|0.000036277,0.00,0.00,43069440,43069440,768,768,1536
2841,1764562608.6892512,kem_handshake,0.000029234|0.000019176|0.000044282,0.00,0.00,43069440,43069440,768,768,1536
2842,1764562608.6905375,kem_handshake,0.000026720|0.000016631|0.000034734,0.00,0.00,43069440,43069440,768,768,1536
2843,1764562608.6916566,kem_handshake,0.000020538|0.000015809|0.000033091,0.00,0.00,43069440,43069440,768,768,1536
2844,1764562608.6927986,kem_handshake,0.000022071|0.000016420|0.000036337,0.00,0.00,43069440,43069440,768,768,1536
2845,1764562608.6939254,kem_handshake,0.000023784|0.000024285|0.000036257,0.00,0.00,43069440,43069440,768,768,1536
2846,1764562608.6951077,kem_handshake,0.000020638|0.000015759|0.000034975,0.00,0.00,43069440,43069440,768,768,1536
2847,1764562608.69628,kem_handshake,0.000023353|0.000016330|0.000042769,0.00,0.00,43069440,43069440,768,768,1536
2848,1764562608.697432,kem_handshake,0.000020849|0.000016521|0.000036548,0.00,0.00,43069440,43069440,768,768,1536
2849,1764562608.6985147,kem_handshake,0.000020248|0.000015839|0.000033161,0.00,0.00,43069440,43069440,768,768,1536
2850,1764562608.7002373,kem_handshake,0.000059781|0.000043741|0.000107178,0.00,0.00,43069440,43069440,768,768,1536
2851,1764562608.7023375,kem_handshake,0.000026319|0.000017583|0.000039293,0.00,0.00,43069440,43069440,768,768,1536
2852,1764562608.7039812,kem_handshake,0.000044833|0.000033422|0.000072264,0.00,0.00,43069440,43069440,768,768,1536
2853,1764562608.7055588,kem_handshake,0.000025167|0.000017312|0.000069068,0.00,0.00,43069440,43069440,768,768,1536
2854,1764562608.7067013,kem_handshake,0.000019185|0.000016120|0.000034002,0.00,0.00,43069440,43069440,768,768,1536
2855,1764562608.7077851,kem_handshake,0.000018394|0.000015359|0.000032349,0.00,0.00,43069440,43069440,768,768,1536
2856,1764562608.7088776,kem_handshake,0.000018374|0.000015279|0.000032480,0.00,0.00,43069440,43069440,768,768,1536
2857,1764562608.7100532,kem_handshake,0.000021680|0.000016240|0.000034995,0.00,0.00,43069440,43069440,768,768,1536
2858,1764562608.7112772,kem_handshake,0.000027120|0.000017442|0.000041256,0.00,0.00,43069440,43069440,768,768,1536
2859,1764562608.7130194,kem_handshake,0.000036488|0.000020658|0.000048830,0.00,0.00,43069440,43069440,768,768,1536
2860,1764562608.7142339,kem_handshake,0.000020307|0.000016010|0.000033772,0.00,0.00,43069440,43069440,768,768,1536
2861,1764562608.7153401,kem_handshake,0.000019967|0.000016611|0.000035536,0.00,0.00,43069440,43069440,768,768,1536
2862,1764562608.7164972,kem_handshake,0.000020939|0.000016180|0.000035816,0.00,0.00,43069440,43069440,768,768,1536
2863,1764562608.7179835,kem_handshake,0.000037098|0.000019366|0.000043680,0.00,0.00,43069440,43069440,768,768,1536
2864,1764562608.7193,kem_handshake,0.000026679|0.000018584|0.000038902,0.00,0.00,43069440,43069440,768,768,1536
2865,1764562608.720578,kem_handshake,0.000022803|0.000016590|0.000036988,0.00,0.00,43069440,43069440,768,768,1536
2866,1764562608.7217052,kem_handshake,0.000021029|0.000016430|0.000034214,0.00,0.00,43069440,43069440,768,768,1536
2867,1764562608.723002,kem_handshake,0.000024926|0.000021400|0.000047077,0.00,0.00,43069440,43069440,768,768,1536
2868,1764562608.7243166,kem_handshake,0.000021279|0.000016630|0.000035926,0.00,0.00,43069440,43069440,768,768,1536
2869,1764562608.7255309,kem_handshake,0.000020117|0.000016150|0.000034323,0.00,0.00,43069440,43069440,768,768,1536
2870,1764562608.726713,kem_handshake,0.000021671|0.000016681|0.000034113,0.00,0.00,43069440,43069440,768,768,1536
2871,1764562608.7279322,kem_handshake,0.000025006|0.000022351|0.000038461,0.00,0.00,43069440,43069440,768,768,1536
2872,1764562608.7296453,kem_handshake,0.000032149|0.000018313|0.000055563,0.00,0.00,43069440,43069440,768,768,1536
2873,1764562608.7310958,kem_handshake,0.000027361|0.000018434|0.000044121,0.00,0.00,43069440,43069440,768,768,1536
2874,1764562608.7322512,kem_handshake,0.000020267|0.000015950|0.000034724,0.00,0.00,43069440,43069440,768,768,1536
2875,1764562608.7333896,kem_handshake,0.000024315|0.000018935|0.000033552,0.00,0.00,43069440,43069440,768,768,1536
2876,1764562608.734486,kem_handshake,0.000018995|0.000015689|0.000032299,0.00,0.00,43069440,43069440,768,768,1536
2877,1764562608.7356396,kem_handshake,0.000022531|0.000015299|0.000039022,0.00,0.00,43069440,43069440,768,768,1536
2878,1764562608.7370412,kem_handshake,0.000032149|0.000018745|0.000050854,0.00,0.00,43069440,43069440,768,768,1536
2879,1764562608.7387426,kem_handshake,0.000026979|0.000018734|0.000048099,0.00,0.00,43069440,43069440,768,768,1536
2880,1764562608.740011,kem_handshake,0.000020087|0.000016020|0.000033672,0.00,0.00,43069440,43069440,768,768,1536
2881,1764562608.741502,kem_handshake,0.000038992|0.000033041|0.000066223,0.00,0.00,43069440,43069440,768,768,1536
2882,1764562608.743475,kem_handshake,0.000028071|0.000019696|0.000047287,0.00,0.00,43069440,43069440,768,768,1536
2883,1764562608.745131,kem_handshake,0.000030416|0.000018745|0.000042098,0.00,0.00,43069440,43069440,768,768,1536
2884,1764562608.7467759,kem_handshake,0.000033342|0.000020097|0.000042489,0.00,0.00,43069440,43069440,768,768,1536
2885,1764562608.7482457,kem_handshake,0.000063808|0.000023764|0.000061293,0.00,0.00,43069440,43069440,768,768,1536
2886,1764562608.7499213,kem_handshake,0.000033361|0.000022272|0.000047708,0.00,0.00,43069440,43069440,768,768,1536
2887,1764562608.7519655,kem_handshake,0.000044102|0.000026930|0.000085017,0.00,8010.20,43069440,43069440,768,768,1536
2888,1764562608.7540119,kem_handshake,0.000038662|0.000021109|0.000053419,0.00,0.00,43069440,43069440,768,768,1536
2889,1764562608.7557049,kem_handshake,0.000037449|0.000020598|0.000055683,0.00,0.00,43069440,43069440,768,768,1536
2890,1764562608.7570505,kem_handshake,0.000026790|0.000018594|0.000040825,0.00,0.00,43069440,43069440,768,768,1536
2891,1764562608.7582185,kem_handshake,0.000019015|0.000015709|0.000034163,0.00,0.00,43069440,43069440,768,768,1536
2892,1764562608.7593055,kem_handshake,0.000019105|0.000015369|0.000033241,0.00,0.00,43069440,43069440,768,768,1536
2893,1764562608.760966,kem_handshake,0.000034804|0.000024706|0.000046676,0.00,0.00,43069440,43069440,768,768,1536
2894,1764562608.7622602,kem_handshake,0.000022522|0.000016531|0.000034624,0.00,0.00,43069440,43069440,768,768,1536
2895,1764562608.7635486,kem_handshake,0.000021279|0.000015740|0.000034884,0.00,0.00,43069440,43069440,768,768,1536
2896,1764562608.7646856,kem_handshake,0.000019907|0.000015469|0.000033883,0.00,0.00,43069440,43069440,768,768,1536
2897,1764562608.765773,kem_handshake,0.000019436|0.000015248|0.000033552,0.00,0.00,43069440,43069440,768,768,1536
2898,1764562608.766828,kem_handshake,0.000019025|0.000015829|0.000032671,0.00,0.00,43069440,43069440,768,768,1536
2899,1764562608.7680235,kem_handshake,0.000023533|0.000016090|0.000039192,0.00,0.00,43069440,43069440,768,768,1536
2900,1764562608.769271,kem_handshake,0.000020979|0.000016390|0.000035626,0.00,0.00,43069440,43069440,768,768,1536
2901,1764562608.7703624,kem_handshake,0.000020347|0.000015358|0.000033202,0.00,0.00,43069440,43069440,768,768,1536
2902,1764562608.7714372,kem_handshake,0.000019386|0.000015769|0.000032850,0.00,0.00,43069440,43069440,768,768,1536
2903,1764562608.7724893,kem_handshake,0.000018785|0.000015258|0.000032580,0.00,0.00,43069440,43069440,768,768,1536
2904,1764562608.7735593,kem_handshake,0.000019115|0.000015007|0.000033361,0.00,0.00,43069440,43069440,768,768,1536
2905,1764562608.7746315,kem_handshake,0.000018324|0.000015449|0.000032600,0.00,0.00,43069440,43069440,768,768,1536
2906,1764562608.7758002,kem_handshake,0.000024705|0.000019616|0.000040014,0.00,0.00,43069440,43069440,768,768,1536
2907,1764562608.7775211,kem_handshake,0.000043270|0.000023914|0.000041296,0.00,0.00,43069440,43069440,768,768,1536
2908,1764562608.7786915,kem_handshake,0.000020368|0.000016951|0.000034123,0.00,0.00,43069440,43069440,768,768,1536
2909,1764562608.779808,kem_handshake,0.000019997|0.000016210|0.000033362,0.00,0.00,43069440,43069440,768,768,1536
2910,1764562608.7808843,kem_handshake,0.000018545|0.000015619|0.000032841,0.00,0.00,43069440,43069440,768,768,1536
2911,1764562608.781971,kem_handshake,0.000019236|0.000015168|0.000032621,0.00,0.00,43069440,43069440,768,768,1536
2912,1764562608.7839186,kem_handshake,0.000022130|0.000016680|0.000038582,0.00,0.00,43069440,43069440,768,768,1536
2913,1764562608.785237,kem_handshake,0.000029805|0.000019726|0.000048870,0.00,0.00,43069440,43069440,768,768,1536
2914,1764562608.786627,kem_handshake,0.000032500|0.000023203|0.000043510,0.00,0.00,43069440,43069440,768,768,1536
2915,1764562608.7880228,kem_handshake,0.000029925|0.000022722|0.000048380,0.00,0.00,43069440,43069440,768,768,1536
2916,1764562608.789334,kem_handshake,0.000028603|0.000020287|0.000045103,0.00,0.00,43069440,43069440,768,768,1536
2917,1764562608.7906048,kem_handshake,0.000025918|0.000022121|0.000049832,0.00,0.00,43069440,43069440,768,768,1536
2918,1764562608.7929482,kem_handshake,0.000045343|0.000025056|0.000057847,0.00,0.00,43069440,43069440,768,768,1536
2919,1764562608.7948425,kem_handshake,0.000028743|0.000019937|0.000039483,0.00,0.00,43069440,43069440,768,768,1536
2920,1764562608.7964368,kem_handshake,0.000032690|0.000018153|0.000043631,0.00,0.00,43069440,43069440,768,768,1536
2921,1764562608.7976365,kem_handshake,0.000019356|0.000015799|0.000033482,0.00,0.00,43069440,43069440,768,768,1536
2922,1764562608.798769,kem_handshake,0.000020147|0.000015699|0.000034284,0.00,0.00,43069440,43069440,768,768,1536
2923,1764562608.7998567,kem_handshake,0.000019225|0.000015819|0.000038150,0.00,0.00,43069440,43069440,768,768,1536
2924,1764562608.801158,kem_handshake,0.000036207|0.000022832|0.000060332,0.00,0.00,43069440,43069440,768,768,1536
2925,1764562608.803229,kem_handshake,0.000046376|0.000025067|0.000103111,0.00,0.00,43069440,43069440,768,768,1536
2926,1764562608.8054037,kem_handshake,0.000042018|0.000026539|0.000051005,0.00,0.00,43069440,43069440,768,768,1536
2927,1764562608.8069336,kem_handshake,0.000033221|0.000024175|0.000046446,0.00,0.00,43069440,43069440,768,768,1536
2928,1764562608.8086367,kem_handshake,0.000048119|0.000036007|0.000080449,0.00,0.00,43069440,43069440,768,768,1536
2929,1764562608.810314,kem_handshake,0.000029424|0.000018495|0.000038201,0.00,0.00,43069440,43069440,768,768,1536
2930,1764562608.8114936,kem_handshake,0.000020107|0.000016300|0.000034504,0.00,0.00,43069440,43069440,768,768,1536
2931,1764562608.8127854,kem_handshake,0.000040515|0.000021540|0.000046776,0.00,0.00,43069440,43069440,768,768,1536
2932,1764562608.8153293,kem_handshake,0.000080118|0.000027411|0.000119311,0.00,0.00,43069440,43069440,768,768,1536
2933,1764562608.8177168,kem_handshake,0.000045003|0.000024375|0.000067274,0.00,0.00,43069440,43069440,768,768,1536
2934,1764562608.8195884,kem_handshake,0.000043320|0.000024715|0.000071572,0.00,0.00,43069440,43069440,768,768,1536
2935,1764562608.821643,kem_handshake,0.000035175|0.000020387|0.000047939,0.00,0.00,43069440,43069440,768,768,1536
2936,1764562608.8240948,kem_handshake,0.000045434|0.000028443|0.000059910,0.00,0.00,43069440,43069440,768,768,1536
2937,1764562608.8261652,kem_handshake,0.000073325|0.000026058|0.000066593,0.00,0.00,43069440,43069440,768,768,1536
2938,1764562608.8282542,kem_handshake,0.000060261|0.000042658|0.000102759,0.00,0.00,43069440,43069440,768,768,1536
2939,1764562608.8306108,kem_handshake,0.000062866|0.000043330|0.000081941,0.00,0.00,43069440,43069440,768,768,1536
2940,1764562608.8330312,kem_handshake,0.000062415|0.000038672|0.000087963,0.00,0.00,43069440,43069440,768,768,1536
2941,1764562608.8361065,kem_handshake,0.000087792|0.000044683|0.000145088,0.00,0.00,43069440,43069440,768,768,1536
2942,1764562608.8383865,kem_handshake,0.000054891|0.000025087|0.000072875,0.00,0.00,43069440,43069440,768,768,1536
2943,1764562608.8400326,kem_handshake,0.000036597|0.000019586|0.000056845,0.00,0.00,43069440,43069440,768,768,1536
2944,1764562608.8417637,kem_handshake,0.000042779|0.000023053|0.000058978,0.00,0.00,43069440,43069440,768,768,1536
2945,1764562608.843784,kem_handshake,0.000058458|0.000030166|0.000086630,0.00,0.00,43069440,43069440,768,768,1536
2946,1764562608.846386,kem_handshake,0.000070551|0.000033832|0.000073826,0.00,0.00,43069440,43069440,768,768,1536
2947,1764562608.8493922,kem_handshake,0.000076982|0.000044122|0.000099494,0.00,0.00,43069440,43069440,768,768,1536
2948,1764562608.8510141,kem_handshake,0.000028602|0.000018334|0.000038711,0.00,0.00,43069440,43069440,768,768,1536
2949,1764562608.8522685,kem_handshake,0.000026509|0.000016942|0.000038822,0.00,0.00,43069440,43069440,768,768,1536
2950,1764562608.8535028,kem_handshake,0.000020798|0.000016280|0.000034915,0.00,0.00,43069440,43069440,768,768,1536
2951,1764562608.8546617,kem_handshake,0.000026589|0.000017362|0.000036417,0.00,0.00,43069440,43069440,768,768,1536
2952,1764562608.8563292,kem_handshake,0.000028543|0.000019386|0.000043280,0.00,0.00,43069440,43069440,768,768,1536
2953,1764562608.8576393,kem_handshake,0.000025607|0.000018604|0.000037780,0.00,0.00,43069440,43069440,768,768,1536
2954,1764562608.8594723,kem_handshake,0.000036588|0.000023383|0.000053339,0.00,0.00,43069440,43069440,768,768,1536
2955,1764562608.8612165,kem_handshake,0.000035846|0.000021730|0.000056624,0.00,0.00,43069440,43069440,768,768,1536
2956,1764562608.8625917,kem_handshake,0.000025798|0.000018344|0.000038181,0.00,0.00,43069440,43069440,768,768,1536
2957,1764562608.8637202,kem_handshake,0.000021470|0.000015759|0.000032881,0.00,0.00,43069440,43069440,768,768,1536
2958,1764562608.8651457,kem_handshake,0.000031969|0.000017532|0.000036037,0.00,0.00,43069440,43069440,768,768,1536
2959,1764562608.8662674,kem_handshake,0.000020568|0.000016260|0.000033371,0.00,0.00,43069440,43069440,768,768,1536
2960,1764562608.8674011,kem_handshake,0.000020888|0.000016971|0.000034454,0.00,0.00,43069440,43069440,768,768,1536
2961,1764562608.8688269,kem_handshake,0.000026719|0.000021169|0.000047608,0.00,0.00,43069440,43069440,768,768,1536
2962,1764562608.8700829,kem_handshake,0.000022922|0.000016430|0.000036397,0.00,0.00,43069440,43069440,768,768,1536
2963,1764562608.8711708,kem_handshake,0.000019125|0.000015849|0.000033451,0.00,0.00,43069440,43069440,768,768,1536
2964,1764562608.8722303,kem_handshake,0.000019616|0.000016681|0.000033492,0.00,0.00,43069440,43069440,768,768,1536
2965,1764562608.8733857,kem_handshake,0.000019857|0.000015619|0.000034424,0.00,14706.70,43069440,43069440,768,768,1536
2966,1764562608.8744566,kem_handshake,0.000018825|0.000015749|0.000032781,0.00,0.00,43069440,43069440,768,768,1536
2967,1764562608.8755074,kem_handshake,0.000018624|0.000015499|0.000040235,0.00,0.00,43069440,43069440,768,768,1536
2968,1764562608.876621,kem_handshake,0.000021360|0.000016210|0.000035576,0.00,0.00,43069440,43069440,768,768,1536
2969,1764562608.8780794,kem_handshake,0.000025648|0.000016981|0.000038341,0.00,0.00,43069440,43069440,768,768,1536
2970,1764562608.879292,kem_handshake,0.000026238|0.000018344|0.000038541,0.00,0.00,43069440,43069440,768,768,1536
2971,1764562608.8811443,kem_handshake,0.000028102|0.000017863|0.000038451,0.00,0.00,43069440,43069440,768,768,1536
2972,1764562608.882635,kem_handshake,0.000037570|0.000022411|0.000057356,0.00,0.00,43069440,43069440,768,768,1536
2973,1764562608.8841546,kem_handshake,0.000030507|0.000018264|0.000043892,0.00,0.00,43069440,43069440,768,768,1536
2974,1764562608.907163,kem_handshake,0.000069819|0.000041086|0.000103792,0.00,10372.00,43069440,43155456,768,768,1536
2975,1764562608.909966,kem_handshake,0.000113389|0.000038320|0.000141221,0.00,0.00,43155456,43155456,768,768,1536
2976,1764562608.911989,kem_handshake,0.000038842|0.000023925|0.000051365,0.00,0.00,43155456,43155456,768,768,1536
2977,1764562608.9131918,kem_handshake,0.000021560|0.000016260|0.000033562,0.00,0.00,43155456,43155456,768,768,1536
2978,1764562608.9142768,kem_handshake,0.000018945|0.000015248|0.000032810,0.00,0.00,43155456,43155456,768,768,1536
2979,1764562608.9153416,kem_handshake,0.000018945|0.000015809|0.000032651,0.00,15057.30,43155456,43155456,768,768,1536
2980,1764562608.9164286,kem_handshake,0.000018935|0.000015158|0.000032400,0.00,0.00,43155456,43155456,768,768,1536
2981,1764562608.917542,kem_handshake,0.000019816|0.000015508|0.000034754,0.00,0.00,43155456,43155456,768,768,1536
2982,1764562608.918877,kem_handshake,0.000029114|0.000017703|0.000057156,0.00,0.00,43155456,43155456,768,768,1536
2983,1764562608.9200635,kem_handshake,0.000021740|0.000016320|0.000035886,0.00,0.00,43155456,43155456,768,768,1536
2984,1764562608.921364,kem_handshake,0.000029244|0.000018645|0.000041416,0.00,0.00,43155456,43155456,768,768,1536
2985,1764562608.9228299,kem_handshake,0.000033472|0.000018665|0.000043170,0.00,0.00,43155456,43155456,768,768,1536
2986,1764562608.9241922,kem_handshake,0.000025587|0.000019075|0.000042929,0.00,0.00,43155456,43155456,768,768,1536
2987,1764562608.9259973,kem_handshake,0.000066613|0.000040745|0.000089475,0.00,0.00,43155456,43155456,768,768,1536
2988,1764562608.927633,kem_handshake,0.000031047|0.000020649|0.000044823,0.00,0.00,43155456,43155456,768,768,1536
2989,1764562608.9293768,kem_handshake,0.000049472|0.000035576|0.000073475,0.00,0.00,43155456,43155456,768,768,1536
2990,1764562608.9311996,kem_handshake,0.000046005|0.000022802|0.000067945,0.00,0.00,43155456,43155456,768,768,1536
2991,1764562608.9326544,kem_handshake,0.000023092|0.000017132|0.000040034,0.00,0.00,43155456,43155456,768,768,1536
2992,1764562608.9338958,kem_handshake,0.000025026|0.000017783|0.000037599,0.00,0.00,43155456,43155456,768,768,1536
2993,1764562608.9354546,kem_handshake,0.000025978|0.000017522|0.000040134,0.00,0.00,43155456,43155456,768,768,1536
2994,1764562608.9369767,kem_handshake,0.000029184|0.000018034|0.000044252,0.00,0.00,43155456,43155456,768,768,1536
2995,1764562608.938431,kem_handshake,0.000024315|0.000017312|0.000034524,0.00,0.00,43155456,43155456,768,768,1536
2996,1764562608.9395907,kem_handshake,0.000023133|0.000018083|0.000035325,0.00,0.00,43155456,43155456,768,768,1536
2997,1764562608.9407444,kem_handshake,0.000021329|0.000016711|0.000033612,0.00,0.00,43155456,43155456,768,768,1536
2998,1764562608.9419081,kem_handshake,0.000019275|0.000015810|0.000033092,0.00,0.00,43155456,43155456,768,768,1536
2999,1764562608.9431405,kem_handshake,0.000023343|0.000016030|0.000039312,0.00,0.00,43155456,43155456,768,768,1536
3000,1764562608.9443007,kem_handshake,0.000019867|0.000016210|0.000034043,0.00,0.00,43155456,43155456,768,768,1536
3001,1764562608.9455268,kem_handshake,0.000029504|0.000018223|0.000039163,0.00,0.00,43155456,43155456,768,768,1536
3002,1764562608.9467185,kem_handshake,0.000021219|0.000015909|0.000034844,0.00,0.00,43155456,43155456,768,768,1536
3003,1764562608.947917,kem_handshake,0.000019196|0.000016270|0.000034353,0.00,0.00,43155456,43155456,768,768,1536
3004,1764562608.9490254,kem_handshake,0.000019376|0.000016210|0.000032610,0.00,0.00,43155456,43155456,768,768,1536
3005,1764562608.9501266,kem_handshake,0.000020147|0.000015689|0.000034484,0.00,0.00,43155456,43155456,768,768,1536
3006,1764562608.9512866,kem_handshake,0.000020879|0.000015859|0.000035756,0.00,0.00,43155456,43155456,768,768,1536
3007,1764562608.952524,kem_handshake,0.000023253|0.000017723|0.000036127,0.00,0.00,43155456,43155456,768,768,1536
3008,1764562608.954058,kem_handshake,0.000033813|0.000033121|0.000067154,0.00,0.00,43155456,43155456,768,768,1536
3009,1764562608.9553626,kem_handshake,0.000023774|0.000016720|0.000035065,0.00,0.00,43155456,43155456,768,768,1536
3010,1764562608.956518,kem_handshake,0.000019717|0.000016310|0.000032761,0.00,0.00,43155456,43155456,768,768,1536
3011,1764562608.9576445,kem_handshake,0.000021229|0.000016129|0.000032921,0.00,0.00,43155456,43155456,768,768,1536
3012,1764562608.958737,kem_handshake,0.000020117|0.000015929|0.000039333,0.00,0.00,43155456,43155456,768,768,1536
3013,1764562608.9599473,kem_handshake,0.000029705|0.000016571|0.000036147,0.00,12350.40,43155456,43155456,768,768,1536
3014,1764562608.961346,kem_handshake,0.000030126|0.000018344|0.000060391,0.00,0.00,43155456,43155456,768,768,1536
3015,1764562608.962681,kem_handshake,0.000027221|0.000017823|0.000041667,0.00,0.00,43155456,43155456,768,768,1536
3016,1764562608.9641843,kem_handshake,0.000038401|0.000019646|0.000056224,0.00,0.00,43155456,43155456,768,768,1536
3017,1764562608.965798,kem_handshake,0.000033161|0.000021720|0.000053299,0.00,0.00,43155456,43155456,768,768,1536
3018,1764562608.9676316,kem_handshake,0.000055242|0.000025517|0.000068516,0.00,0.00,43155456,43155456,768,768,1536
3019,1764562608.9691586,kem_handshake,0.000029424|0.000018594|0.000046105,0.00,0.00,43155456,43155456,768,768,1536
3020,1764562608.9707243,kem_handshake,0.000036808|0.000020818|0.000053690,0.00,0.00,43155456,43155456,768,768,1536
3021,1764562608.9727583,kem_handshake,0.000051465|0.000030627|0.000070731,0.00,0.00,43155456,43155456,768,768,1536
3022,1764562608.9747283,kem_handshake,0.000052427|0.000024976|0.000076401,0.00,0.00,43155456,43155456,768,768,1536
3023,1764562608.9764607,kem_handshake,0.000029434|0.000017883|0.000040174,0.00,0.00,43155456,43155456,768,768,1536
3024,1764562608.9778278,kem_handshake,0.000026700|0.000018344|0.000037730,0.00,0.00,43155456,43155456,768,768,1536
3025,1764562608.9790735,kem_handshake,0.000020728|0.000016680|0.000033562,0.00,0.00,43155456,43155456,768,768,1536
3026,1764562608.980225,kem_handshake,0.000020137|0.000016210|0.000034293,0.00,0.00,43155456,43155456,768,768,1536
3027,1764562608.9814637,kem_handshake,0.000028312|0.000019145|0.000037630,0.00,0.00,43155456,43155456,768,768,1536
3028,1764562608.9830346,kem_handshake,0.000035405|0.000020578|0.000046045,0.00,0.00,43155456,43155456,768,768,1536
3029,1764562608.9855316,kem_handshake,0.000067905|0.000028853|0.000092151,0.00,0.00,43155456,43155456,768,768,1536
3030,1764562608.9877708,kem_handshake,0.000043440|0.000032680|0.000072284,0.00,0.00,43155456,43155456,768,768,1536
3031,1764562608.9890912,kem_handshake,0.000023724|0.000017202|0.000036237,0.00,0.00,43155456,43155456,768,768,1536
3032,1764562608.9907365,kem_handshake,0.000035996|0.000023915|0.000059369,0.00,0.00,43155456,43155456,768,768,1536
3033,1764562608.993204,kem_handshake,0.000073676|0.000041697|0.000105915,0.00,0.00,43155456,43155456,768,768,1536
3034,1764562608.9954863,kem_handshake,0.000045755|0.000028542|0.000083333,0.00,7881.80,43155456,43155456,768,768,1536
3035,1764562608.9973488,kem_handshake,0.000034193|0.000022982|0.000050293,0.00,0.00,43155456,43155456,768,768,1536
3036,1764562608.9988172,kem_handshake,0.000024986|0.000017903|0.000035605,0.00,0.00,43155456,43155456,768,768,1536
3037,1764562609.0000541,kem_handshake,0.000022341|0.000016630|0.000036668,0.00,0.00,43155456,43155456,768,768,1536
3038,1764562609.0013192,kem_handshake,0.000022231|0.000020217|0.000036888,0.00,0.00,43155456,43155456,768,768,1536
3039,1764562609.0024948,kem_handshake,0.000021740|0.000016270|0.000034144,0.00,0.00,43155456,43155456,768,768,1536
3040,1764562609.0042777,kem_handshake,0.000062455|0.000037840|0.000076271,0.00,0.00,43155456,43155456,768,768,1536
3041,1764562609.0058138,kem_handshake,0.000023453|0.000017302|0.000039443,0.00,0.00,43155456,43155456,768,768,1536
3042,1764562609.0070503,kem_handshake,0.000022542|0.000016701|0.000034503,0.00,0.00,43155456,43155456,768,768,1536
3043,1764562609.0085018,kem_handshake,0.000079447|0.000022522|0.000036518,0.00,0.00,43155456,43155456,768,768,1536
3044,1764562609.0101016,kem_handshake,0.000042508|0.000032340|0.000074167,0.00,0.00,43155456,43155456,768,768,1536
3045,1764562609.0113306,kem_handshake,0.000022852|0.000016701|0.000035135,0.00,0.00,43155456,43155456,768,768,1536
3046,1764562609.0126905,kem_handshake,0.000028232|0.000022712|0.000038090,0.00,0.00,43155456,43155456,768,768,1536
3047,1764562609.0138392,kem_handshake,0.000020337|0.000015719|0.000033382,0.00,0.00,43155456,43155456,768,768,1536
3048,1764562609.0150168,kem_handshake,0.000026349|0.000017062|0.000041847,0.00,0.00,43155456,43155456,768,768,1536
3049,1764562609.0161538,kem_handshake,0.000021891|0.000016109|0.000033472,0.00,0.00,43155456,43155456,768,768,1536
3050,1764562609.0173106,kem_handshake,0.000021109|0.000015689|0.000033381,0.00,0.00,43155456,43155456,768,768,1536
3051,1764562609.0184813,kem_handshake,0.000021029|0.000015719|0.000033943,0.00,0.00,43155456,43155456,768,768,1536
3052,1764562609.0197363,kem_handshake,0.000027921|0.000017041|0.000041807,0.00,0.00,43155456,43155456,768,768,1536
3053,1764562609.0209746,kem_handshake,0.000020307|0.000016060|0.000033753,0.00,0.00,43155456,43155456,768,768,1536
3054,1764562609.0220726,kem_handshake,0.000018844|0.000015668|0.000033021,0.00,0.00,43155456,43155456,768,768,1536
3055,1764562609.0231786,kem_handshake,0.000019767|0.000015869|0.000033732,0.00,0.00,43155456,43155456,768,768,1536
3056,1764562609.0242496,kem_handshake,0.000019066|0.000015228|0.000032550,0.00,0.00,43155456,43155456,768,768,1536
3057,1764562609.025349,kem_handshake,0.000019817|0.000015849|0.000032971,0.00,0.00,43155456,43155456,768,768,1536
3058,1764562609.026544,kem_handshake,0.000024445|0.000018554|0.000037309,0.00,12911.10,43155456,43155456,768,768,1536
3059,1764562609.0277886,kem_handshake,0.000028773|0.000018935|0.000047187,0.00,0.00,43155456,43155456,768,768,1536
3060,1764562609.0292113,kem_handshake,0.000026509|0.000019396|0.000050714,0.00,0.00,43155456,43155456,768,768,1536
3061,1764562609.030443,kem_handshake,0.000022441|0.000017933|0.000035095,0.00,0.00,43155456,43155456,768,768,1536
3062,1764562609.0315423,kem_handshake,0.000021349|0.000015719|0.000032881,0.00,0.00,43155456,43155456,768,768,1536
3063,1764562609.0325954,kem_handshake,0.000018624|0.000015418|0.000032701,0.00,0.00,43155456,43155456,768,768,1536
3064,1764562609.0337064,kem_handshake,0.000020277|0.000015969|0.000034063,0.00,0.00,43155456,43155456,768,768,1536
3065,1764562609.0349479,kem_handshake,0.000025587|0.000035887|0.000039603,0.00,0.00,43155456,43155456,768,768,1536
3066,1764562609.0360518,kem_handshake,0.000020458|0.000016020|0.000034794,0.00,0.00,43155456,43155456,768,768,1536
3067,1764562609.0373383,kem_handshake,0.000025256|0.000019766|0.000035596,0.00,0.00,43155456,43155456,768,768,1536
3068,1764562609.0384738,kem_handshake,0.000020138|0.000016150|0.000033071,0.00,0.00,43155456,43155456,768,768,1536
3069,1764562609.0395615,kem_handshake,0.000019656|0.000015479|0.000033491,0.00,0.00,43155456,43155456,768,768,1536
3070,1764562609.0406346,kem_handshake,0.000019516|0.000015949|0.000032880,0.00,0.00,43155456,43155456,768,768,1536
3071,1764562609.0417202,kem_handshake,0.000023464|0.000019366|0.000033582,0.00,0.00,43155456,43155456,768,768,1536
3072,1764562609.0428596,kem_handshake,0.000019145|0.000015889|0.000041807,0.00,0.00,43155456,43155456,768,768,1536
3073,1764562609.044089,kem_handshake,0.000023584|0.000016681|0.000034394,0.00,0.00,43155456,43155456,768,768,1536
3074,1764562609.0454466,kem_handshake,0.000029284|0.000016961|0.000042418,0.00,0.00,43155456,43155456,768,768,1536
3075,1764562609.0465777,kem_handshake,0.000020368|0.000015609|0.000033371,0.00,0.00,43155456,43155456,768,768,1536
3076,1764562609.0476646,kem_handshake,0.000019476|0.000015589|0.000033011,0.00,0.00,43155456,43155456,768,768,1536
3077,1764562609.0487273,kem_handshake,0.000018685|0.000015508|0.000032871,0.00,0.00,43155456,43155456,768,768,1536
3078,1764562609.049754,kem_handshake,0.000018454|0.000015308|0.000032560,0.00,0.00,43155456,43155456,768,768,1536
3079,1764562609.050862,kem_handshake,0.000019496|0.000015899|0.000042078,0.00,0.00,43155456,43155456,768,768,1536
3080,1764562609.0523915,kem_handshake,0.000058478|0.000045814|0.000072133,0.00,0.00,43155456,43155456,768,768,1536
3081,1764562609.054626,kem_handshake,0.000050684|0.000026268|0.000088584,0.00,0.00,43155456,43155456,768,768,1536
3082,1764562609.0561807,kem_handshake,0.000021440|0.000016320|0.000034353,0.00,0.00,43155456,43155456,768,768,1536
3083,1764562609.057275,kem_handshake,0.000019195|0.000015930|0.000032530,0.00,0.00,43155456,43155456,768,768,1536
3084,1764562609.0583339,kem_handshake,0.000018875|0.000015929|0.000032520,0.00,0.00,43155456,43155456,768,768,1536
3085,1764562609.060048,kem_handshake,0.000047067|0.000043962|0.000090968,0.00,0.00,43155456,43155456,768,768,1536
3086,1764562609.0616105,kem_handshake,0.000024765|0.000017352|0.000037739,0.00,0.00,43155456,43155456,768,768,1536
3087,1764562609.0628,kem_handshake,0.000019866|0.000015790|0.000034073,0.00,0.00,43155456,43155456,768,768,1536
3088,1764562609.0640357,kem_handshake,0.000025087|0.000018594|0.000038401,0.00,0.00,43155456,43155456,768,768,1536
3089,1764562609.06527,kem_handshake,0.000022381|0.000016601|0.000034675,0.00,0.00,43155456,43155456,768,768,1536
3090,1764562609.0665686,kem_handshake,0.000023143|0.000017081|0.000040435,0.00,0.00,43155456,43155456,768,768,1536
3091,1764562609.0679033,kem_handshake,0.000025177|0.000019206|0.000048280,0.00,0.00,43155456,43155456,768,768,1536
3092,1764562609.069766,kem_handshake,0.000047858|0.000036577|0.000073226,0.00,0.00,43155456,43155456,768,768,1536
3093,1764562609.0712178,kem_handshake,0.000042969|0.000033432|0.000065771,0.00,0.00,43155456,43155456,768,768,1536
3094,1764562609.0727298,kem_handshake,0.000040365|0.000025447|0.000034865,0.00,0.00,43155456,43155456,768,768,1536
3095,1764562609.0738666,kem_handshake,0.000022081|0.000016711|0.000042519,0.00,0.00,43155456,43155456,768,768,1536
3096,1764562609.075047,kem_handshake,0.000025727|0.000017513|0.000040775,0.00,0.00,43155456,43155456,768,768,1536
3097,1764562609.0762274,kem_handshake,0.000021840|0.000016801|0.000035054,0.00,13630.50,43155456,43155456,768,768,1536
3098,1764562609.0774574,kem_handshake,0.000020808|0.000016500|0.000041627,0.00,0.00,43155456,43155456,768,768,1536
3099,1764562609.078793,kem_handshake,0.000024215|0.000017202|0.000037890,0.00,0.00,43155456,43155456,768,768,1536
3100,1764562609.080066,kem_handshake,0.000022712|0.000016571|0.000035496,0.00,0.00,43155456,43155456,768,768,1536
3101,1764562609.0812104,kem_handshake,0.000020207|0.000016300|0.000034343,0.00,0.00,43155456,43155456,768,768,1536
3102,1764562609.0823436,kem_handshake,0.000023012|0.000019065|0.000042008,0.00,0.00,43155456,43155456,768,768,1536
3103,1764562609.0834997,kem_handshake,0.000021770|0.000016460|0.000035636,0.00,0.00,43155456,43155456,768,768,1536
3104,1764562609.0846784,kem_handshake,0.000020488|0.000016280|0.000036287,0.00,0.00,43155456,43155456,768,768,1536
3105,1764562609.0858655,kem_handshake,0.000022281|0.000017372|0.000042018,0.00,0.00,43155456,43155456,768,768,1536
3106,1764562609.0876596,kem_handshake,0.000021420|0.000016180|0.000037780,0.00,0.00,43155456,43155456,768,768,1536
3107,1764562609.0888205,kem_handshake,0.000020227|0.000015950|0.000034013,0.00,0.00,43155456,43155456,768,768,1536
3108,1764562609.0900068,kem_handshake,0.000021711|0.000015889|0.000036538,0.00,0.00,43155456,43155456,768,768,1536
3109,1764562609.0912004,kem_handshake,0.000019225|0.000016261|0.000033261,0.00,0.00,43155456,43155456,768,768,1536
3110,1764562609.0923357,kem_handshake,0.000020829|0.000015759|0.000033532,0.00,0.00,43155456,43155456,768,768,1536
3111,1764562609.0934498,kem_handshake,0.000022512|0.000015970|0.000034644,0.00,0.00,43155456,43155456,768,768,1536
3112,1764562609.0947204,kem_handshake,0.000028493|0.000018524|0.000045264,0.00,0.00,43155456,43155456,768,768,1536
3113,1764562609.0959709,kem_handshake,0.000023263|0.000016921|0.000035946,0.00,0.00,43155456,43155456,768,768,1536
3114,1764562609.097128,kem_handshake,0.000019526|0.000016150|0.000034634,0.00,0.00,43155456,43155456,768,768,1536
3115,1764562609.0982997,kem_handshake,0.000020167|0.000016431|0.000034844,0.00,0.00,43155456,43155456,768,768,1536
3116,1764562609.099397,kem_handshake,0.000019135|0.000015759|0.000033562,0.00,0.00,43155456,43155456,768,768,1536
3117,1764562609.1005008,kem_handshake,0.000019246|0.000016260|0.000034233,0.00,0.00,43155456,43155456,768,768,1536
3118,1764562609.1016393,kem_handshake,0.000021509|0.000016391|0.000035045,0.00,0.00,43155456,43155456,768,768,1536
3119,1764562609.102767,kem_handshake,0.000021770|0.000016441|0.000035325,0.00,0.00,43155456,43155456,768,768,1536
3120,1764562609.104065,kem_handshake,0.000022541|0.000016811|0.000035135,0.00,0.00,43155456,43155456,768,768,1536
3121,1764562609.1053054,kem_handshake,0.000022281|0.000016971|0.000034734,0.00,0.00,43155456,43155456,768,768,1536
3122,1764562609.1064522,kem_handshake,0.000020458|0.000015759|0.000034624,0.00,0.00,43155456,43155456,768,768,1536
3123,1764562609.1075528,kem_handshake,0.000019136|0.000015749|0.000033462,0.00,0.00,43155456,43155456,768,768,1536
3124,1764562609.1086383,kem_handshake,0.000020037|0.000016009|0.000033983,0.00,0.00,43155456,43155456,768,768,1536
3125,1764562609.109746,kem_handshake,0.000020849|0.000015408|0.000041266,0.00,0.00,43155456,43155456,768,768,1536
3126,1764562609.1108723,kem_handshake,0.000020878|0.000016160|0.000039824,0.00,0.00,43155456,43155456,768,768,1536
3127,1764562609.1120882,kem_handshake,0.000020789|0.000016701|0.000038882,0.00,0.00,43155456,43155456,768,768,1536
3128,1764562609.113344,kem_handshake,0.000023142|0.000017712|0.000036838,0.00,0.00,43155456,43155456,768,768,1536
3129,1764562609.1144786,kem_handshake,0.000020327|0.000016310|0.000033512,0.00,0.00,43155456,43155456,768,768,1536
3130,1764562609.1157734,kem_handshake,0.000063808|0.000022261|0.000033822,0.00,0.00,43155456,43155456,768,768,1536
3131,1764562609.1169956,kem_handshake,0.000027000|0.000019687|0.000034865,0.00,0.00,43155456,43155456,768,768,1536
3132,1764562609.1181476,kem_handshake,0.000026058|0.000018595|0.000034924,0.00,0.00,43155456,43155456,768,768,1536
3133,1764562609.119482,kem_handshake,0.000029976|0.000022481|0.000041296,0.00,0.00,43155456,43155456,768,768,1536
3134,1764562609.1208265,kem_handshake,0.000025227|0.000016741|0.000042909,0.00,0.00,43155456,43155456,768,768,1536
3135,1764562609.1221027,kem_handshake,0.000021660|0.000016861|0.000034364,0.00,0.00,43155456,43155456,768,768,1536
3136,1764562609.123668,kem_handshake,0.000019786|0.000016099|0.000032910,0.00,0.00,43155456,43155456,768,768,1536
3137,1764562609.1247628,kem_handshake,0.000019085|0.000015639|0.000032319,0.00,0.00,43155456,43155456,768,768,1536
3138,1764562609.1259527,kem_handshake,0.000027320|0.000016290|0.000035926,0.00,0.00,43155456,43155456,768,768,1536
3139,1764562609.1272826,kem_handshake,0.000025437|0.000016992|0.000036618,0.00,0.00,43155456,43155456,768,768,1536
3140,1764562609.1286259,kem_handshake,0.000028843|0.000018414|0.000045574,0.00,0.00,43155456,43155456,768,768,1536
3141,1764562609.1302817,kem_handshake,0.000022782|0.000016270|0.000034854,0.00,0.00,43155456,43155456,768,768,1536
3142,1764562609.1313949,kem_handshake,0.000020809|0.000016140|0.000033342,0.00,0.00,43155456,43155456,768,768,1536
3143,1764562609.132461,kem_handshake,0.000019095|0.000015458|0.000032820,0.00,0.00,43155456,43155456,768,768,1536
3144,1764562609.1335106,kem_handshake,0.000018595|0.000015208|0.000032641,0.00,0.00,43155456,43155456,768,768,1536
3145,1764562609.1347325,kem_handshake,0.000026338|0.000017191|0.000038180,0.00,0.00,43155456,43155456,768,768,1536
3146,1764562609.1360817,kem_handshake,0.000026199|0.000018494|0.000037249,0.00,0.00,43155456,43155456,768,768,1536
3147,1764562609.1374993,kem_handshake,0.000026940|0.000017211|0.000037529,0.00,0.00,43155456,43155456,768,768,1536
3148,1764562609.138751,kem_handshake,0.000020708|0.000016841|0.000035175,0.00,0.00,43155456,43155456,768,768,1536
3149,1764562609.1398778,kem_handshake,0.000019917|0.000015759|0.000033181,0.00,0.00,43155456,43155456,768,768,1536
3150,1764562609.1409624,kem_handshake,0.000019426|0.000015769|0.000032941,0.00,0.00,43155456,43155456,768,768,1536
3151,1764562609.1420853,kem_handshake,0.000019435|0.000015729|0.000033021,0.00,0.00,43155456,43155456,768,768,1536
3152,1764562609.1433084,kem_handshake,0.000022151|0.000016851|0.000036968,0.00,0.00,43155456,43155456,768,768,1536
3153,1764562609.144403,kem_handshake,0.000021349|0.000015920|0.000033922,0.00,0.00,43155456,43155456,768,768,1536
3154,1764562609.145729,kem_handshake,0.000030266|0.000019616|0.000047458,0.00,0.00,43155456,43155456,768,768,1536
3155,1764562609.1469247,kem_handshake,0.000021550|0.000027311|0.000033782,0.00,0.00,43155456,43155456,768,768,1536
3156,1764562609.1480021,kem_handshake,0.000019796|0.000016039|0.000032640,0.00,0.00,43155456,43155456,768,768,1536
3157,1764562609.1491385,kem_handshake,0.000019766|0.000015669|0.000032840,0.00,0.00,43155456,43155456,768,768,1536
3158,1764562609.1502814,kem_handshake,0.000020077|0.000015549|0.000033251,0.00,0.00,43155456,43155456,768,768,1536
3159,1764562609.1513667,kem_handshake,0.000020348|0.000015689|0.000033141,0.00,0.00,43155456,43155456,768,768,1536
3160,1764562609.1526601,kem_handshake,0.000026729|0.000020719|0.000040986,0.00,0.00,43155456,43155456,768,768,1536
3161,1764562609.1539824,kem_handshake,0.000022722|0.000016491|0.000037509,0.00,0.00,43155456,43155456,768,768,1536
3162,1764562609.1551354,kem_handshake,0.000019777|0.000015679|0.000036337,0.00,0.00,43155456,43155456,768,768,1536
3163,1764562609.1569467,kem_handshake,0.000024074|0.000015869|0.000033031,0.00,0.00,43155456,43155456,768,768,1536
3164,1764562609.1580613,kem_handshake,0.000018905|0.000015608|0.000032610,0.00,0.00,43155456,43155456,768,768,1536
3165,1764562609.1595721,kem_handshake,0.000039242|0.000032300|0.000065631,0.00,0.00,43155456,43155456,768,768,1536
3166,1764562609.1609156,kem_handshake,0.000020297|0.000021250|0.000032821,0.00,0.00,43155456,43155456,768,768,1536
3167,1764562609.1620247,kem_handshake,0.000020218|0.000015989|0.000032701,0.00,0.00,43155456,43155456,768,768,1536
3168,1764562609.1630936,kem_handshake,0.000019446|0.000015759|0.000032731,0.00,0.00,43155456,43155456,768,768,1536
3169,1764562609.164198,kem_handshake,0.000019827|0.000016100|0.000033271,0.00,0.00,43159552,43159552,768,768,1536
3170,1764562609.1653311,kem_handshake,0.000046836|0.000016210|0.000033892,0.00,0.00,43159552,43159552,768,768,1536
3171,1764562609.1664171,kem_handshake,0.000020317|0.000016030|0.000039423,0.00,0.00,43159552,43159552,768,768,1536
3172,1764562609.1676764,kem_handshake,0.000023654|0.000016801|0.000033692,0.00,0.00,43159552,43159552,768,768,1536
3173,1764562609.1690054,kem_handshake,0.000022331|0.000016921|0.000035906,0.00,0.00,43159552,43159552,768,768,1536
3174,1764562609.1705291,kem_handshake,0.000043199|0.000032219|0.000067455,0.00,0.00,43159552,43159552,768,768,1536
3175,1764562609.1717489,kem_handshake,0.000020117|0.000015629|0.000032890,0.00,0.00,43159552,43159552,768,768,1536
3176,1764562609.173348,kem_handshake,0.000021159|0.000016631|0.000033512,0.00,0.00,43159552,43159552,768,768,1536
3177,1764562609.1748183,kem_handshake,0.000026639|0.000016220|0.000063207,0.00,0.00,43159552,43159552,768,768,1536
3178,1764562609.1763675,kem_handshake,0.000040275|0.000032290|0.000066543,0.00,0.00,43159552,43159552,768,768,1536
3179,1764562609.178029,kem_handshake,0.000023453|0.000016070|0.000035686,0.00,0.00,43159552,43159552,768,768,1536
3180,1764562609.1792243,kem_handshake,0.000020277|0.000015919|0.000033361,0.00,0.00,43159552,43159552,768,768,1536
3181,1764562609.1803787,kem_handshake,0.000021620|0.000016911|0.000033282,0.00,0.00,43159552,43159552,768,768,1536
3182,1764562609.1814897,kem_handshake,0.000019686|0.000015869|0.000032841,0.00,0.00,43159552,43159552,768,768,1536
3183,1764562609.182644,kem_handshake,0.000020258|0.000016110|0.000032961,0.00,0.00,43159552,43159552,768,768,1536
3184,1764562609.1837583,kem_handshake,0.000018594|0.000015569|0.000032490,0.00,0.00,43159552,43159552,768,768,1536
3185,1764562609.1851578,kem_handshake,0.000034945|0.000024365|0.000049702,0.00,0.00,43159552,43159552,768,768,1536
3186,1764562609.1865108,kem_handshake,0.000022701|0.000016751|0.000034654,0.00,0.00,43159552,43159552,768,768,1536
3187,1764562609.1877418,kem_handshake,0.000020268|0.000015899|0.000033472,0.00,0.00,43159552,43159552,768,768,1536
3188,1764562609.1889765,kem_handshake,0.000038041|0.000022291|0.000034654,0.00,0.00,43159552,43159552,768,768,1536
3189,1764562609.1907008,kem_handshake,0.000019336|0.000015769|0.000041286,0.00,0.00,43159552,43159552,768,768,1536
3190,1764562609.1918595,kem_handshake,0.000020608|0.000015839|0.000036467,0.00,0.00,43159552,43159552,768,768,1536
3191,1764562609.192961,kem_handshake,0.000020378|0.000016761|0.000034123,0.00,0.00,43159552,43159552,768,768,1536
3192,1764562609.1941342,kem_handshake,0.000023854|0.000017212|0.000038290,0.00,0.00,43159552,43159552,768,768,1536
3193,1764562609.1952505,kem_handshake,0.000019867|0.000015789|0.000032660,0.00,0.00,43159552,43159552,768,768,1536
3194,1764562609.1963532,kem_handshake,0.000019086|0.000015669|0.000032671,0.00,0.00,43163648,43163648,768,768,1536
3195,1764562609.1974037,kem_handshake,0.000018564|0.000016010|0.000032600,0.00,0.00,43163648,43163648,768,768,1536
3196,1764562609.1984806,kem_handshake,0.000019416|0.000015890|0.000032701,0.00,0.00,43163648,43163648,768,768,1536
3197,1764562609.1995404,kem_handshake,0.000018404|0.000015598|0.000032650,0.00,0.00,43163648,43163648,768,768,1536
3198,1764562609.2005806,kem_handshake,0.000018164|0.000015959|0.000032580,0.00,0.00,43163648,43163648,768,768,1536
3199,1764562609.2028062,kem_handshake,0.000026689|0.000018775|0.000047167,0.00,0.00,43163648,43163648,768,768,1536
3200,1764562609.2040045,kem_handshake,0.000021199|0.000017052|0.000033682,0.00,0.00,43163648,43163648,768,768,1536
3201,1764562609.20507,kem_handshake,0.000018655|0.000015649|0.000032870,0.00,0.00,43163648,43163648,768,768,1536
3202,1764562609.2062085,kem_handshake,0.000023153|0.000017432|0.000034754,0.00,0.00,43163648,43163648,768,768,1536
3203,1764562609.2079883,kem_handshake,0.000031899|0.000018234|0.000044472,0.00,0.00,43163648,43163648,768,768,1536
3204,1764562609.2094681,kem_handshake,0.000033302|0.000021449|0.000045284,0.00,0.00,43163648,43163648,768,768,1536
3205,1764562609.211267,kem_handshake,0.000021941|0.000017072|0.000036468,0.00,0.00,43163648,43163648,768,768,1536
3206,1764562609.212442,kem_handshake,0.000023764|0.000017322|0.000035135,0.00,0.00,43163648,43163648,768,768,1536
3207,1764562609.2135391,kem_handshake,0.000020447|0.000015729|0.000033311,0.00,0.00,43163648,43163648,768,768,1536
3208,1764562609.2149634,kem_handshake,0.000024065|0.000017272|0.000037860,0.00,0.00,43163648,43163648,768,768,1536
3209,1764562609.216277,kem_handshake,0.000020227|0.000016380|0.000033001,0.00,0.00,43163648,43163648,768,768,1536
3210,1764562609.2174497,kem_handshake,0.000019175|0.000015579|0.000032410,0.00,0.00,43163648,43163648,768,768,1536
3211,1764562609.218695,kem_handshake,0.000022752|0.000017152|0.000040665,0.00,0.00,43163648,43163648,768,768,1536
3212,1764562609.2201095,kem_handshake,0.000024405|0.000047748|0.000067795,0.00,0.00,43163648,43163648,768,768,1536
3213,1764562609.2213683,kem_handshake,0.000022301|0.000016861|0.000035015,0.00,0.00,43163648,43163648,768,768,1536
3214,1764562609.2229724,kem_handshake,0.000024726|0.000019817|0.000037419,0.00,0.00,43163648,43163648,768,768,1536
3215,1764562609.2245307,kem_handshake,0.000021359|0.000016511|0.000034273,0.00,0.00,43163648,43163648,768,768,1536
3216,1764562609.225784,kem_handshake,0.000024135|0.000017693|0.000039223,0.00,0.00,43163648,43163648,768,768,1536
3217,1764562609.2271168,kem_handshake,0.000027251|0.000022972|0.000053188,0.00,0.00,43163648,43163648,768,768,1536
3218,1764562609.2283223,kem_handshake,0.000022111|0.000016050|0.000033472,0.00,0.00,43163648,43163648,768,768,1536
3219,1764562609.2297068,kem_handshake,0.000081040|0.000022211|0.000032710,0.00,0.00,43163648,43163648,768,768,1536
3220,1764562609.2308073,kem_handshake,0.000019156|0.000015819|0.000033061,0.00,0.00,43163648,43163648,768,768,1536
3221,1764562609.231891,kem_handshake,0.000019185|0.000015749|0.000032861,0.00,0.00,43163648,43163648,768,768,1536
3222,1764562609.2329829,kem_handshake,0.000022552|0.000020588|0.000033623,0.00,0.00,43163648,43163648,768,768,1536
3223,1764562609.234181,kem_handshake,0.000021570|0.000018444|0.000035145,0.00,0.00,43163648,43163648,768,768,1536
3224,1764562609.2355003,kem_handshake,0.000027831|0.000019186|0.000039203,0.00,0.00,43163648,43163648,768,768,1536
3225,1764562609.2366104,kem_handshake,0.000019075|0.000015719|0.000032971,0.00,0.00,43163648,43163648,768,768,1536
3226,1764562609.2377112,kem_handshake,0.000018895|0.000015779|0.000032791,0.00,0.00,43163648,43163648,768,768,1536
3227,1764562609.2387652,kem_handshake,0.000018524|0.000015208|0.000032741,0.00,0.00,43163648,43163648,768,768,1536
3228,1764562609.239834,kem_handshake,0.000018394|0.000015208|0.000032840,0.00,0.00,43163648,43163648,768,768,1536
3229,1764562609.2409906,kem_handshake,0.000085368|0.000018825|0.000033161,0.00,0.00,43163648,43163648,768,768,1536
3230,1764562609.2420828,kem_handshake,0.000019095|0.000015799|0.000032871,0.00,0.00,43163648,43163648,768,768,1536
3231,1764562609.2433114,kem_handshake,0.000048269|0.000016200|0.000033803,0.00,0.00,43163648,43163648,768,768,1536
3232,1764562609.244481,kem_handshake,0.000021260|0.000015979|0.000032450,0.00,0.00,43163648,43163648,768,768,1536
3233,1764562609.2456534,kem_handshake,0.000025567|0.000043631|0.000037128,0.00,0.00,43163648,43163648,768,768,1536
3234,1764562609.2468772,kem_handshake,0.000021880|0.000016250|0.000040154,0.00,0.00,43163648,43163648,768,768,1536
3235,1764562609.2480888,kem_handshake,0.000020849|0.000015609|0.000033773,0.00,0.00,43163648,43163648,768,768,1536
3236,1764562609.2491655,kem_handshake,0.000019025|0.000015419|0.000032530,0.00,0.00,43163648,43163648,768,768,1536
3237,1764562609.250224,kem_handshake,0.000019065|0.000015830|0.000033773,0.00,0.00,43163648,43163648,768,768,1536
3238,1764562609.2512789,kem_handshake,0.000019677|0.000015729|0.000033492,0.00,0.00,43163648,43163648,768,768,1536
3239,1764562609.2525148,kem_handshake,0.000027030|0.000017292|0.000038781,0.00,0.00,43163648,43163648,768,768,1536
3240,1764562609.253656,kem_handshake,0.000020558|0.000016170|0.000042107,0.00,0.00,43163648,43163648,768,768,1536
3241,1764562609.2548985,kem_handshake,0.000021940|0.000016952|0.000036698,0.00,0.00,43163648,43163648,768,768,1536
3242,1764562609.2560139,kem_handshake,0.000020007|0.000016440|0.000032690,0.00,0.00,43163648,43163648,768,768,1536
3243,1764562609.2570689,kem_handshake,0.000019386|0.000015699|0.000032640,0.00,0.00,43163648,43163648,768,768,1536
3244,1764562609.2581346,kem_handshake,0.000019616|0.000015549|0.000032740,0.00,0.00,43163648,43163648,768,768,1536
3245,1764562609.2591984,kem_handshake,0.000018905|0.000014978|0.000033071,0.00,0.00,43163648,43163648,768,768,1536
3246,1764562609.2602935,kem_handshake,0.000022552|0.000016531|0.000035917,0.00,0.00,43163648,43163648,768,768,1536
3247,1764562609.2614074,kem_handshake,0.000020959|0.000016691|0.000034313,0.00,0.00,43163648,43163648,768,768,1536
3248,1764562609.2624834,kem_handshake,0.000019416|0.000015790|0.000033883,0.00,0.00,43163648,43163648,768,768,1536
3249,1764562609.2635477,kem_handshake,0.000018154|0.000015408|0.000034073,0.00,0.00,43163648,43163648,768,768,1536
3250,1764562609.2646234,kem_handshake,0.000019325|0.000015779|0.000032540,0.00,14917.80,43163648,43163648,768,768,1536
3251,1764562609.2656758,kem_handshake,0.000018524|0.000015268|0.000032591,0.00,0.00,43163648,43163648,768,768,1536
3252,1764562609.2667162,kem_handshake,0.000018124|0.000015538|0.000032129,0.00,0.00,43163648,43163648,768,768,1536
3253,1764562609.2677813,kem_handshake,0.000019036|0.000015268|0.000032530,0.00,0.00,43163648,43163648,768,768,1536
3254,1764562609.2690036,kem_handshake,0.000025648|0.000016831|0.000038141,0.00,0.00,43163648,43163648,768,768,1536
3255,1764562609.2702742,kem_handshake,0.000029846|0.000018644|0.000054191,0.00,0.00,43163648,43163648,768,768,1536
3256,1764562609.2714326,kem_handshake,0.000020158|0.000016420|0.000033702,0.00,0.00,43163648,43163648,768,768,1536
3257,1764562609.2724922,kem_handshake,0.000018805|0.000015829|0.000032640,0.00,0.00,43163648,43163648,768,768,1536
3258,1764562609.27358,kem_handshake,0.000019746|0.000015759|0.000033172,0.00,0.00,43163648,43163648,768,768,1536
3259,1764562609.274664,kem_handshake,0.000019385|0.000015989|0.000032641,0.00,0.00,43163648,43163648,768,768,1536
3260,1764562609.27597,kem_handshake,0.000021751|0.000017442|0.000038170,0.00,0.00,43163648,43163648,768,768,1536
3261,1764562609.2772336,kem_handshake,0.000023263|0.000016982|0.000036628,0.00,0.00,43163648,43163648,768,768,1536
3262,1764562609.2785592,kem_handshake,0.000025988|0.000018313|0.000037820,0.00,0.00,43163648,43163648,768,768,1536
3263,1764562609.2798266,kem_handshake,0.000020528|0.000016591|0.000034273,0.00,0.00,43163648,43163648,768,768,1536
3264,1764562609.281014,kem_handshake,0.000020748|0.000016381|0.000033642,0.00,0.00,43163648,43163648,768,768,1536
3265,1764562609.282167,kem_handshake,0.000019686|0.000016139|0.000033061,0.00,0.00,43163648,43163648,768,768,1536
3266,1764562609.2833333,kem_handshake,0.000019706|0.000016290|0.000034333,0.00,0.00,43163648,43163648,768,768,1536
3267,1764562609.2845185,kem_handshake,0.000022401|0.000016681|0.000035877,0.00,0.00,43163648,43163648,768,768,1536
3268,1764562609.2858129,kem_handshake,0.000022622|0.000016811|0.000042648,0.00,0.00,43163648,43163648,768,768,1536
3269,1764562609.287124,kem_handshake,0.000023093|0.000017492|0.000037680,0.00,0.00,43163648,43163648,768,768,1536
3270,1764562609.2883015,kem_handshake,0.000020758|0.000016570|0.000034935,0.00,0.00,43163648,43163648,768,768,1536
3271,1764562609.2894952,kem_handshake,0.000020828|0.000016581|0.000034644,0.00,0.00,43163648,43163648,768,768,1536
3272,1764562609.2906535,kem_handshake,0.000019877|0.000016390|0.000033472,0.00,0.00,43163648,43163648,768,768,1536
3273,1764562609.291798,kem_handshake,0.000020137|0.000016280|0.000033502,0.00,0.00,43163648,43163648,768,768,1536
3274,1764562609.2930565,kem_handshake,0.000021740|0.000016270|0.000037499,0.00,0.00,43163648,43163648,768,768,1536
3275,1764562609.294447,kem_handshake,0.000028273|0.000017743|0.000049843,0.00,0.00,43163648,43163648,768,768,1536
3276,1764562609.29576,kem_handshake,0.000024385|0.000017031|0.000038411,0.00,0.00,43163648,43163648,768,768,1536
3277,1764562609.2969596,kem_handshake,0.000020307|0.000016952|0.000034504,0.00,0.00,43163648,43163648,768,768,1536
3278,1764562609.2981412,kem_handshake,0.000020047|0.000016400|0.000033562,0.00,0.00,43163648,43163648,768,768,1536
3279,1764562609.2992835,kem_handshake,0.000019315|0.000016271|0.000032861,0.00,0.00,43163648,43163648,768,768,1536
3280,1764562609.3004541,kem_handshake,0.000021059|0.000016751|0.000033461,0.00,0.00,43163648,43163648,768,768,1536
3281,1764562609.3016617,kem_handshake,0.000022983|0.000016731|0.000035255,0.00,0.00,43163648,43163648,768,768,1536
3282,1764562609.3028674,kem_handshake,0.000023283|0.000016720|0.000042919,0.00,0.00,43163648,43163648,768,768,1536
3283,1764562609.304157,kem_handshake,0.000024506|0.000016911|0.000037370,0.00,0.00,43163648,43163648,768,768,1536
3284,1764562609.3055017,kem_handshake,0.000023804|0.000017071|0.000036798,0.00,0.00,43163648,43163648,768,768,1536
3285,1764562609.3066998,kem_handshake,0.000021620|0.000016290|0.000034805,0.00,0.00,43163648,43163648,768,768,1536
3286,1764562609.3078759,kem_handshake,0.000019867|0.000016100|0.000043740,0.00,0.00,43163648,43163648,768,768,1536
3287,1764562609.3090289,kem_handshake,0.000020378|0.000016701|0.000033693,0.00,0.00,43163648,43163648,768,768,1536
3288,1764562609.3102195,kem_handshake,0.000022451|0.000016690|0.000035235,0.00,0.00,43163648,43163648,768,768,1536
3289,1764562609.311545,kem_handshake,0.000034654|0.000019145|0.000044131,0.00,0.00,43163648,43163648,768,768,1536
3290,1764562609.312842,kem_handshake,0.000051656|0.000016771|0.000034243,0.00,0.00,43163648,43163648,768,768,1536
3291,1764562609.314006,kem_handshake,0.000020738|0.000016670|0.000033382,0.00,0.00,43163648,43163648,768,768,1536
3292,1764562609.315189,kem_handshake,0.000021650|0.000016340|0.000034203,0.00,0.00,43163648,43163648,768,768,1536
3293,1764562609.3163497,kem_handshake,0.000019716|0.000016571|0.000033592,0.00,0.00,43163648,43163648,768,768,1536
3294,1764562609.3174949,kem_handshake,0.000020257|0.000016631|0.000033402,0.00,0.00,43163648,43163648,768,768,1536
3295,1764562609.3187795,kem_handshake,0.000024074|0.000017362|0.000037589,0.00,0.00,43163648,43163648,768,768,1536
3296,1764562609.3201458,kem_handshake,0.000026429|0.000018715|0.000040375,0.00,0.00,43163648,43163648,768,768,1536
3297,1764562609.3213732,kem_handshake,0.000020527|0.000016440|0.000034083,0.00,0.00,43163648,43163648,768,768,1536
3298,1764562609.3225546,kem_handshake,0.000020087|0.000016421|0.000033822,0.00,0.00,43163648,43163648,768,768,1536
3299,1764562609.3237429,kem_handshake,0.000022432|0.000016761|0.000035505,0.00,0.00,43163648,43163648,768,768,1536
3300,1764562609.3251603,kem_handshake,0.000031579|0.000018263|0.000046035,0.00,0.00,43163648,43163648,768,768,1536
3301,1764562609.3264773,kem_handshake,0.000025066|0.000017172|0.000035275,0.00,0.00,43163648,43163648,768,768,1536
3302,1764562609.3278043,kem_handshake,0.000027411|0.000018404|0.000038431,0.00,0.00,43163648,43163648,768,768,1536
3303,1764562609.3291998,kem_handshake,0.000024355|0.000017923|0.000035205,0.00,0.00,43163648,43163648,768,768,1536
3304,1764562609.3305147,kem_handshake,0.000028462|0.000019506|0.000049622,0.00,0.00,43163648,43163648,768,768,1536
3305,1764562609.3318126,kem_handshake,0.000022632|0.000017272|0.000037238,0.00,0.00,43163648,43163648,768,768,1536
3306,1764562609.3331354,kem_handshake,0.000025677|0.000018465|0.000042278,0.00,0.00,43163648,43163648,768,768,1536
3307,1764562609.334495,kem_handshake,0.000023974|0.000017192|0.000038622,0.00,0.00,43163648,43163648,768,768,1536
3308,1764562609.3360758,kem_handshake,0.000083585|0.000025447|0.000037399,0.00,0.00,43163648,43163648,768,768,1536
3309,1764562609.3374166,kem_handshake,0.000029565|0.000018995|0.000043981,0.00,0.00,43163648,43163648,768,768,1536
3310,1764562609.3387282,kem_handshake,0.000023965|0.000017372|0.000037910,0.00,0.00,43163648,43163648,768,768,1536
3311,1764562609.3399153,kem_handshake,0.000020017|0.000016441|0.000034334,0.00,0.00,43163648,43163648,768,768,1536
3312,1764562609.341069,kem_handshake,0.000020027|0.000015799|0.000034434,0.00,0.00,43163648,43163648,768,768,1536
3313,1764562609.3422322,kem_handshake,0.000020238|0.000016039|0.000033402,0.00,0.00,43163648,43163648,768,768,1536
3314,1764562609.3435037,kem_handshake,0.000025968|0.000016841|0.000037940,0.00,0.00,43163648,43163648,768,768,1536
3315,1764562609.3449457,kem_handshake,0.000035356|0.000018774|0.000056424,0.00,0.00,43163648,43163648,768,768,1536
3316,1764562609.346695,kem_handshake,0.000034524|0.000018454|0.000063627,0.00,0.00,43163648,43163648,768,768,1536
3317,1764562609.348244,kem_handshake,0.000028372|0.000018294|0.000044382,0.00,0.00,43163648,43163648,768,768,1536
3318,1764562609.349636,kem_handshake,0.000025096|0.000018534|0.000041526,0.00,0.00,43163648,43163648,768,768,1536
3319,1764562609.3509762,kem_handshake,0.000032390|0.000018254|0.000046917,0.00,0.00,43163648,43163648,768,768,1536
3320,1764562609.3525372,kem_handshake,0.000039483|0.000021590|0.000049140,0.00,0.00,43163648,43163648,768,768,1536
3321,1764562609.354244,kem_handshake,0.000028703|0.000019166|0.000049070,0.00,0.00,43163648,43163648,768,768,1536
3322,1764562609.355544,kem_handshake,0.000022622|0.000016811|0.000035326,0.00,0.00,43163648,43163648,768,768,1536
3323,1764562609.356706,kem_handshake,0.000019937|0.000016180|0.000033732,0.00,0.00,43163648,43163648,768,768,1536
3324,1764562609.3578534,kem_handshake,0.000019847|0.000016280|0.000037629,0.00,0.00,43163648,43163648,768,768,1536
3325,1764562609.3590498,kem_handshake,0.000020658|0.000016110|0.000033452,0.00,0.00,43163648,43163648,768,768,1536
3326,1764562609.3606818,kem_handshake,0.000044372|0.000025477|0.000061494,0.00,0.00,43163648,43163648,768,768,1536
3327,1764562609.3627477,kem_handshake,0.000030146|0.000019426|0.000043019,0.00,0.00,43163648,43163648,768,768,1536
3328,1764562609.364149,kem_handshake,0.000020938|0.000016301|0.000036698,0.00,0.00,43163648,43163648,768,768,1536
3329,1764562609.3652515,kem_handshake,0.000020197|0.000015389|0.000033041,0.00,0.00,43163648,43163648,768,768,1536
3330,1764562609.366307,kem_handshake,0.000018504|0.000015669|0.000032680,0.00,0.00,43163648,43163648,768,768,1536
3331,1764562609.3674338,kem_handshake,0.000021520|0.000016460|0.000034694,0.00,0.00,43163648,43163648,768,768,1536
3332,1764562609.36889,kem_handshake,0.000029014|0.000021399|0.000058438,0.00,0.00,43163648,43163648,768,768,1536
3333,1764562609.3702755,kem_handshake,0.000030256|0.000019496|0.000063698,0.00,0.00,43163648,43163648,768,768,1536
3334,1764562609.3716526,kem_handshake,0.000021149|0.000016180|0.000033722,0.00,0.00,43163648,43163648,768,768,1536
3335,1764562609.3727508,kem_handshake,0.000019556|0.000015699|0.000032791,0.00,0.00,43163648,43163648,768,768,1536
3336,1764562609.3738256,kem_handshake,0.000019185|0.000015809|0.000032760,0.00,0.00,43163648,43163648,768,768,1536
3337,1764562609.3749268,kem_handshake,0.000019025|0.000015569|0.000034344,0.00,0.00,43163648,43163648,768,768,1536
3338,1764562609.3765152,kem_handshake,0.000039673|0.000032160|0.000067845,0.00,0.00,43163648,43163648,768,768,1536
3339,1764562609.3779104,kem_handshake,0.000022792|0.000016711|0.000036518,0.00,0.00,43163648,43163648,768,768,1536
3340,1764562609.3791704,kem_handshake,0.000023253|0.000017201|0.000034534,0.00,0.00,43163648,43163648,768,768,1536
3341,1764562609.380264,kem_handshake,0.000019166|0.000015859|0.000032941,0.00,0.00,43163648,43163648,768,768,1536
3342,1764562609.381323,kem_handshake,0.000019215|0.000015598|0.000032560,0.00,0.00,43163648,43163648,768,768,1536
3343,1764562609.3823934,kem_handshake,0.000019386|0.000015579|0.000032831,0.00,0.00,43163648,43163648,768,768,1536
3344,1764562609.383463,kem_handshake,0.000019025|0.000015629|0.000033542,0.00,0.00,43163648,43163648,768,768,1536
3345,1764562609.3845716,kem_handshake,0.000019797|0.000016571|0.000036207,0.00,0.00,43163648,43163648,768,768,1536
3346,1764562609.3857455,kem_handshake,0.000021880|0.000016331|0.000035215,0.00,0.00,43163648,43163648,768,768,1536
3347,1764562609.3869197,kem_handshake,0.000022742|0.000016340|0.000037188,0.00,0.00,43163648,43163648,768,768,1536
3348,1764562609.388053,kem_handshake,0.000019756|0.000015719|0.000033752,0.00,0.00,43163648,43163648,768,768,1536
3349,1764562609.389123,kem_handshake,0.000019245|0.000015840|0.000032861,0.00,0.00,43163648,43163648,768,768,1536
3350,1764562609.3902605,kem_handshake,0.000020568|0.000016540|0.000034103,0.00,0.00,43163648,43163648,768,768,1536
3351,1764562609.3914435,kem_handshake,0.000020087|0.000016270|0.000032871,0.00,0.00,43163648,43163648,768,768,1536
3352,1764562609.3926415,kem_handshake,0.000020238|0.000015759|0.000033062,0.00,0.00,43163648,43163648,768,768,1536
3353,1764562609.393954,kem_handshake,0.000030106|0.000016350|0.000035415,0.00,0.00,43163648,43163648,768,768,1536
3354,1764562609.3951283,kem_handshake,0.000019967|0.000016180|0.000032981,0.00,0.00,43163648,43163648,768,768,1536
3355,1764562609.3962967,kem_handshake,0.000020728|0.000016260|0.000033742,0.00,0.00,43163648,43163648,768,768,1536
3356,1764562609.3974574,kem_handshake,0.000020287|0.000016010|0.000033652,0.00,0.00,43163648,43163648,768,768,1536
3357,1764562609.3986053,kem_handshake,0.000019987|0.000015919|0.000033462,0.00,0.00,43163648,43163648,768,768,1536
3358,1764562609.3997583,kem_handshake,0.000020077|0.000016200|0.000033342,0.00,0.00,43163648,43163648,768,768,1536
3359,1764562609.4009342,kem_handshake,0.000026259|0.000016781|0.000034184,0.00,0.00,43163648,43163648,768,768,1536
3360,1764562609.4021285,kem_handshake,0.000022852|0.000017573|0.000036647,0.00,0.00,43163648,43163648,768,768,1536
3361,1764562609.4033194,kem_handshake,0.000021229|0.000016000|0.000033782,0.00,0.00,43163648,43163648,768,768,1536
3362,1764562609.4044998,kem_handshake,0.000019877|0.000015909|0.000033632,0.00,0.00,43163648,43163648,768,768,1536
3363,1764562609.4056642,kem_handshake,0.000019546|0.000015959|0.000033452,0.00,0.00,43163648,43163648,768,768,1536
3364,1764562609.4068174,kem_handshake,0.000020268|0.000016230|0.000033422,0.00,0.00,43163648,43163648,768,768,1536
3365,1764562609.4079964,kem_handshake,0.000019727|0.000016010|0.000033642,0.00,0.00,43163648,43163648,768,768,1536
3366,1764562609.4091387,kem_handshake,0.000020017|0.000016250|0.000033372,0.00,0.00,43163648,43163648,768,768,1536
3367,1764562609.4104693,kem_handshake,0.000026108|0.000016311|0.000035716,0.00,0.00,43163648,43163648,768,768,1536
3368,1764562609.411658,kem_handshake,0.000022442|0.000016059|0.000033451,0.00,0.00,43163648,43163648,768,768,1536
3369,1764562609.4128127,kem_handshake,0.000019667|0.000015909|0.000033492,0.00,0.00,43163648,43163648,768,768,1536
3370,1764562609.413976,kem_handshake,0.000019906|0.000016290|0.000033392,0.00,0.00,43163648,43163648,768,768,1536
3371,1764562609.4151273,kem_handshake,0.000020387|0.000016291|0.000033833,0.00,0.00,43163648,43163648,768,768,1536
3372,1764562609.416282,kem_handshake,0.000020137|0.000016170|0.000033482,0.00,0.00,43163648,43163648,768,768,1536
3373,1764562609.4174552,kem_handshake,0.000020337|0.000016481|0.000033923,0.00,0.00,43163648,43163648,768,768,1536
3374,1764562609.418719,kem_handshake,0.000024124|0.000017031|0.000038572,0.00,0.00,43163648,43163648,768,768,1536
3375,1764562609.4199054,kem_handshake,0.000021610|0.000016620|0.000035225,0.00,0.00,43163648,43163648,768,768,1536
3376,1764562609.4210293,kem_handshake,0.000020228|0.000016851|0.000032911,0.00,0.00,43163648,43163648,768,768,1536
3377,1764562609.4224575,kem_handshake,0.000039974|0.000032891|0.000065851,0.00,0.00,43163648,43163648,768,768,1536
3378,1764562609.4236484,kem_handshake,0.000019696|0.000016411|0.000033011,0.00,0.00,43163648,43163648,768,768,1536
3379,1764562609.4247668,kem_handshake,0.000019796|0.000016160|0.000032801,0.00,0.00,43163648,43163648,768,768,1536
3380,1764562609.4262838,kem_handshake,0.000044141|0.000033281|0.000070120,0.00,0.00,43163648,43163648,768,768,1536
3381,1764562609.4276917,kem_handshake,0.000034323|0.000023102|0.000059179,0.00,0.00,43163648,43163648,768,768,1536
3382,1764562609.4289243,kem_handshake,0.000021730|0.000022953|0.000034353,0.00,0.00,43163648,43163648,768,768,1536
3383,1764562609.4300086,kem_handshake,0.000020037|0.000016090|0.000033903,0.00,0.00,43163648,43163648,768,768,1536
3384,1764562609.4311037,kem_handshake,0.000019496|0.000016290|0.000033332,0.00,0.00,43163648,43163648,768,768,1536
3385,1764562609.4321918,kem_handshake,0.000019607|0.000016150|0.000033302,0.00,0.00,43163648,43163648,768,768,1536
3386,1764562609.4332788,kem_handshake,0.000019295|0.000015800|0.000042278,0.00,0.00,43163648,43163648,768,768,1536
3387,1764562609.4344156,kem_handshake,0.000021479|0.000016501|0.000034724,0.00,0.00,43163648,43163648,768,768,1536
3388,1764562609.4360101,kem_handshake,0.000036477|0.000020427|0.000058638,0.00,0.00,43163648,43163648,768,768,1536
3389,1764562609.437318,kem_handshake,0.000023273|0.000016862|0.000036808,0.00,0.00,43163648,43163648,768,768,1536
3390,1764562609.4384367,kem_handshake,0.000020017|0.000016320|0.000033863,0.00,0.00,43163648,43163648,768,768,1536
3391,1764562609.4395869,kem_handshake,0.000020428|0.000016741|0.000035105,0.00,0.00,43163648,43163648,768,768,1536
3392,1764562609.4406772,kem_handshake,0.000019636|0.000016220|0.000033441,0.00,0.00,43163648,43163648,768,768,1536
3393,1764562609.441761,kem_handshake,0.000020137|0.000016130|0.000033382,0.00,0.00,43163648,43163648,768,768,1536
3394,1764562609.4429114,kem_handshake,0.000021119|0.000016511|0.000034574,0.00,0.00,43163648,43163648,768,768,1536
3395,1764562609.4443572,kem_handshake,0.000041717|0.000033292|0.000066463,0.00,0.00,43163648,43163648,768,768,1536
3396,1764562609.445655,kem_handshake,0.000029755|0.000016430|0.000040044,0.00,0.00,43163648,43163648,768,768,1536
3397,1764562609.4468513,kem_handshake,0.000020347|0.000015939|0.000039323,0.00,0.00,43163648,43163648,768,768,1536
3398,1764562609.4488173,kem_handshake,0.000041767|0.000021329|0.000069989,0.00,0.00,43163648,43163648,768,768,1536
3399,1764562609.4501996,kem_handshake,0.000023764|0.000017072|0.000038301,0.00,0.00,43167744,43167744,768,768,1536
3400,1764562609.4513943,kem_handshake,0.000023364|0.000016831|0.000035926,0.00,0.00,43167744,43167744,768,768,1536
3401,1764562609.4527287,kem_handshake,0.000022141|0.000016701|0.000037529,0.00,0.00,43167744,43167744,768,768,1536
3402,1764562609.4541016,kem_handshake,0.000069188|0.000023183|0.000034354,0.00,0.00,43167744,43167744,768,768,1536
3403,1764562609.45525,kem_handshake,0.000020738|0.000015869|0.000033132,0.00,0.00,43167744,43167744,768,768,1536
3404,1764562609.4563453,kem_handshake,0.000020137|0.000015639|0.000033222,0.00,0.00,43167744,43167744,768,768,1536
3405,1764562609.4574013,kem_handshake,0.000018925|0.000015328|0.000032971,0.00,0.00,43167744,43167744,768,768,1536
3406,1764562609.458526,kem_handshake,0.000020848|0.000015730|0.000033512,0.00,0.00,43167744,43167744,768,768,1536
3407,1764562609.4597185,kem_handshake,0.000020357|0.000015799|0.000034233,0.00,0.00,43167744,43167744,768,768,1536
3408,1764562609.4608982,kem_handshake,0.000020478|0.000015990|0.000033803,0.00,0.00,43167744,43167744,768,768,1536
3409,1764562609.4620867,kem_handshake,0.000023744|0.000016400|0.000034534,0.00,0.00,43167744,43167744,768,768,1536
3410,1764562609.4637818,kem_handshake,0.000047057|0.000035997|0.000088393,0.00,0.00,43167744,43167744,768,768,1536
3411,1764562609.465636,kem_handshake,0.000028112|0.000018394|0.000039894,0.00,0.00,43167744,43167744,768,768,1536
3412,1764562609.4673054,kem_handshake,0.000053229|0.000036728|0.000074998,0.00,0.00,43167744,43167744,768,768,1536
3413,1764562609.4697056,kem_handshake,0.000039122|0.000021821|0.000052386,0.00,0.00,43167744,43167744,768,768,1536
3414,1764562609.4714286,kem_handshake,0.000028112|0.000017993|0.000042930,0.00,0.00,43167744,43167744,768,768,1536
3415,1764562609.4726992,kem_handshake,0.000025166|0.000016952|0.000036748,0.00,0.00,43167744,43167744,768,768,1536
3416,1764562609.4739873,kem_handshake,0.000022452|0.000017022|0.000035135,0.00,0.00,43167744,43167744,768,768,1536
3417,1764562609.4751823,kem_handshake,0.000027050|0.000017893|0.000039964,0.00,0.00,43167744,43167744,768,768,1536
3418,1764562609.4765563,kem_handshake,0.000031217|0.000018654|0.000043851,0.00,0.00,43167744,43167744,768,768,1536
3419,1764562609.4777646,kem_handshake,0.000020138|0.000016400|0.000034163,0.00,0.00,43167744,43167744,768,768,1536
3420,1764562609.4788764,kem_handshake,0.000019096|0.000016130|0.000038831,0.00,0.00,43167744,43167744,768,768,1536
3421,1764562609.480013,kem_handshake,0.000020748|0.000016170|0.000033021,0.00,0.00,43167744,43167744,768,768,1536
3422,1764562609.4823444,kem_handshake,0.000062445|0.000041356|0.000088934,0.00,0.00,43167744,43167744,768,768,1536
3423,1764562609.4845796,kem_handshake,0.000042769|0.000022502|0.000048800,0.00,0.00,43167744,43167744,768,768,1536
3424,1764562609.486456,kem_handshake,0.000032540|0.000019446|0.000048169,0.00,0.00,43167744,43167744,768,768,1536
3425,1764562609.4881647,kem_handshake,0.000072734|0.000049662|0.000123719,0.00,0.00,43167744,43167744,768,768,1536
3426,1764562609.4906843,kem_handshake,0.000040936|0.000021259|0.000054501,0.00,0.00,43167744,43167744,768,768,1536
3427,1764562609.4921327,kem_handshake,0.000035005|0.000023614|0.000049121,0.00,0.00,43167744,43167744,768,768,1536
3428,1764562609.4937918,kem_handshake,0.000025066|0.000019166|0.000037710,0.00,0.00,43167744,43167744,768,768,1536
3429,1764562609.4952843,kem_handshake,0.000025477|0.000017312|0.000039113,0.00,0.00,43167744,43167744,768,768,1536
3430,1764562609.4966698,kem_handshake,0.000020768|0.000016220|0.000035164,0.00,0.00,43167744,43167744,768,768,1536
3431,1764562609.4982502,kem_handshake,0.000021359|0.000016550|0.000035867,0.00,0.00,43167744,43167744,768,768,1536
3432,1764562609.4996445,kem_handshake,0.000020227|0.000016180|0.000033151,0.00,0.00,43167744,43167744,768,768,1536
3433,1764562609.500776,kem_handshake,0.000021751|0.000016420|0.000033763,0.00,0.00,43167744,43167744,768,768,1536
3434,1764562609.502701,kem_handshake,0.000024546|0.000018043|0.000039293,0.00,0.00,43167744,43167744,768,768,1536
3435,1764562609.503925,kem_handshake,0.000025167|0.000022692|0.000038351,0.00,0.00,43167744,43167744,768,768,1536
3436,1764562609.5051942,kem_handshake,0.000028643|0.000018104|0.000040705,0.00,0.00,43167744,43167744,768,768,1536
3437,1764562609.5063434,kem_handshake,0.000019486|0.000015558|0.000034724,0.00,0.00,43167744,43167744,768,768,1536
3438,1764562609.5074394,kem_handshake,0.000019686|0.000016250|0.000032941,0.00,0.00,43167744,43167744,768,768,1536
3439,1764562609.5085034,kem_handshake,0.000018755|0.000015840|0.000032771,0.00,0.00,43167744,43167744,768,768,1536
3440,1764562609.5095692,kem_handshake,0.000019235|0.000015869|0.000033542,0.00,0.00,43167744,43167744,768,768,1536
3441,1764562609.5106528,kem_handshake,0.000019907|0.000015549|0.000032790,0.00,0.00,43167744,43167744,768,768,1536
3442,1764562609.5117135,kem_handshake,0.000019216|0.000015859|0.000032890,0.00,0.00,43167744,43167744,768,768,1536
3443,1764562609.5127816,kem_handshake,0.000019366|0.000015699|0.000032931,0.00,0.00,43167744,43167744,768,768,1536
3444,1764562609.5138245,kem_handshake,0.000018955|0.000015339|0.000032730,0.00,0.00,43167744,43167744,768,768,1536
3445,1764562609.5148792,kem_handshake,0.000019286|0.000015579|0.000032099,0.00,0.00,43167744,43167744,768,768,1536
3446,1764562609.5159445,kem_handshake,0.000023483|0.000015849|0.000032360,0.00,0.00,43167744,43167744,768,768,1536
3447,1764562609.5178764,kem_handshake,0.000044252|0.000022491|0.000066923,0.00,0.00,43167744,43167744,768,768,1536
3448,1764562609.5196798,kem_handshake,0.000027200|0.000018835|0.000043991,0.00,0.00,43167744,43167744,768,768,1536
3449,1764562609.5208707,kem_handshake,0.000022312|0.000017502|0.000040946,0.00,0.00,43167744,43167744,768,768,1536
3450,1764562609.5221658,kem_handshake,0.000045484|0.000033893|0.000068246,0.00,0.00,43167744,43167744,768,768,1536
3451,1764562609.5234303,kem_handshake,0.000020487|0.000016400|0.000033301,0.00,0.00,43167744,43167744,768,768,1536
3452,1764562609.524574,kem_handshake,0.000020227|0.000016471|0.000034163,0.00,0.00,43167744,43167744,768,768,1536
3453,1764562609.525678,kem_handshake,0.000018885|0.000015729|0.000033081,0.00,0.00,43167744,43167744,768,768,1536
3454,1764562609.5268455,kem_handshake,0.000021399|0.000015799|0.000035606,0.00,0.00,43167744,43167744,768,768,1536
3455,1764562609.5280688,kem_handshake,0.000023523|0.000016812|0.000036718,0.00,0.00,43167744,43167744,768,768,1536
3456,1764562609.529307,kem_handshake,0.000022342|0.000016310|0.000035646,0.00,0.00,43167744,43167744,768,768,1536
3457,1764562609.530535,kem_handshake,0.000024085|0.000016320|0.000036467,0.00,0.00,43167744,43167744,768,768,1536
3458,1764562609.5316956,kem_handshake,0.000022631|0.000016480|0.000034344,0.00,0.00,43167744,43167744,768,768,1536
3459,1764562609.5330887,kem_handshake,0.000029154|0.000018584|0.000039863,0.00,0.00,43167744,43167744,768,768,1536
3460,1764562609.5351348,kem_handshake,0.000069939|0.000035155|0.000100686,0.00,0.00,43167744,43167744,768,768,1536
3461,1764562609.538122,kem_handshake,0.000091399|0.000040595|0.000104593,0.00,0.00,43167744,43167744,768,768,1536
3462,1764562609.540062,kem_handshake,0.000040224|0.000023534|0.000051355,0.00,0.00,43167744,43167744,768,768,1536
3463,1764562609.5422494,kem_handshake,0.000070410|0.000032410|0.000102138,0.00,0.00,43167744,43167744,768,768,1536
3464,1764562609.5454657,kem_handshake,0.000081380|0.000042829|0.000092852,0.00,0.00,43167744,43167744,768,768,1536
3465,1764562609.5469725,kem_handshake,0.000044122|0.000018905|0.000039213,0.00,0.00,43167744,43167744,768,768,1536
3466,1764562609.5483923,kem_handshake,0.000026339|0.000017192|0.000037730,0.00,0.00,43167744,43167744,768,768,1536
3467,1764562609.5497983,kem_handshake,0.000024004|0.000017452|0.000036748,0.00,0.00,43167744,43167744,768,768,1536
3468,1764562609.551514,kem_handshake,0.000045975|0.000024596|0.000058027,0.00,0.00,43167744,43167744,768,768,1536
3469,1764562609.55344,kem_handshake,0.000050694|0.000024806|0.000053800,0.00,0.00,43167744,43167744,768,768,1536
3470,1764562609.5555239,kem_handshake,0.000058748|0.000023834|0.000080539,0.00,0.00,43167744,43167744,768,768,1536
3471,1764562609.5573008,kem_handshake,0.000036878|0.000019707|0.000056654,0.00,0.00,43167744,43167744,768,768,1536
3472,1764562609.5589373,kem_handshake,0.000034955|0.000020818|0.000054391,0.00,0.00,43167744,43167744,768,768,1536
3473,1764562609.560331,kem_handshake,0.000025407|0.000016951|0.000039693,0.00,13018.80,43167744,43167744,768,768,1536
3474,1764562609.5617068,kem_handshake,0.000029836|0.000019285|0.000045113,0.00,0.00,43167744,43167744,768,768,1536
3475,1764562609.5629845,kem_handshake,0.000022572|0.000016922|0.000034273,0.00,0.00,43167744,43167744,768,768,1536
3476,1764562609.5642273,kem_handshake,0.000024074|0.000017161|0.000034845,0.00,0.00,43167744,43167744,768,768,1536
3477,1764562609.5654004,kem_handshake,0.000020558|0.000016070|0.000033182,0.00,0.00,43167744,43167744,768,768,1536
3478,1764562609.56663,kem_handshake,0.000023644|0.000016992|0.000037500,0.00,0.00,43167744,43167744,768,768,1536
3479,1764562609.5678992,kem_handshake,0.000024785|0.000018695|0.000041347,0.00,0.00,43167744,43167744,768,768,1536
3480,1764562609.5691888,kem_handshake,0.000037690|0.000022040|0.000055753,0.00,0.00,43167744,43167744,768,768,1536
3481,1764562609.5709507,kem_handshake,0.000038651|0.000023964|0.000055844,0.00,0.00,43167744,43167744,768,768,1536
3482,1764562609.57274,kem_handshake,0.000032981|0.000020268|0.000054711,0.00,0.00,43167744,43167744,768,768,1536
3483,1764562609.5744505,kem_handshake,0.000028753|0.000018765|0.000039282,0.00,0.00,43167744,43167744,768,768,1536
3484,1764562609.5760293,kem_handshake,0.000042779|0.000020378|0.000060682,0.00,0.00,43167744,43167744,768,768,1536
3485,1764562609.5774982,kem_handshake,0.000024716|0.000016942|0.000047587,0.00,0.00,43167744,43167744,768,768,1536
3486,1764562609.5787914,kem_handshake,0.000023393|0.000017102|0.000038481,0.00,0.00,43167744,43167744,768,768,1536
3487,1764562609.579911,kem_handshake,0.000021119|0.000016220|0.000035536,0.00,0.00,43167744,43167744,768,768,1536
3488,1764562609.5810091,kem_handshake,0.000020548|0.000015458|0.000033081,0.00,0.00,43167744,43167744,768,768,1536
3489,1764562609.5824225,kem_handshake,0.000043800|0.000033251|0.000069979,0.00,0.00,43167744,43167744,768,768,1536
3490,1764562609.5839446,kem_handshake,0.000036628|0.000025527|0.000053569,0.00,0.00,43167744,43167744,768,768,1536
3491,1764562609.5856032,kem_handshake,0.000032781|0.000018093|0.000038952,0.00,0.00,43167744,43167744,768,768,1536
3492,1764562609.5877168,kem_handshake,0.000131754|0.000033732|0.000054411,0.00,0.00,43167744,43167744,768,768,1536
3493,1764562609.5894763,kem_handshake,0.000035456|0.000022972|0.000041897,0.00,0.00,43167744,43167744,768,768,1536
3494,1764562609.5910172,kem_handshake,0.000033461|0.000020237|0.000059520,0.00,0.00,43167744,43167744,768,768,1536
3495,1764562609.5930066,kem_handshake,0.000043129|0.000027912|0.000055012,0.00,0.00,43167744,43167744,768,768,1536
3496,1764562609.59481,kem_handshake,0.000048840|0.000024826|0.000052607,0.00,0.00,43167744,43167744,768,768,1536
3497,1764562609.5961182,kem_handshake,0.000022742|0.000016701|0.000038742,0.00,0.00,43167744,43167744,768,768,1536
3498,1764562609.59735,kem_handshake,0.000023834|0.000017272|0.000036467,0.00,0.00,43167744,43167744,768,768,1536
3499,1764562609.5987039,kem_handshake,0.000022582|0.000016641|0.000034544,0.00,0.00,43167744,43167744,768,768,1536
3500,1764562609.6001263,kem_handshake,0.000025898|0.000017623|0.000043631,0.00,0.00,43167744,43167744,768,768,1536
3501,1764562609.6017823,kem_handshake,0.000022962|0.000017322|0.000038982,0.00,0.00,43167744,43167744,768,768,1536
3502,1764562609.6030822,kem_handshake,0.000024786|0.000025748|0.000045835,0.00,0.00,43167744,43167744,768,768,1536
3503,1764562609.6046753,kem_handshake,0.000042178|0.000024415|0.000061764,0.00,0.00,43167744,43167744,768,768,1536
3504,1764562609.6062152,kem_handshake,0.000028092|0.000018905|0.000038931,0.00,0.00,43167744,43167744,768,768,1536
3505,1764562609.6076567,kem_handshake,0.000032800|0.000019255|0.000043761,0.00,0.00,43167744,43167744,768,768,1536
3506,1764562609.6093907,kem_handshake,0.000055363|0.000035495|0.000067996,0.00,0.00,43167744,43167744,768,768,1536
3507,1764562609.6110332,kem_handshake,0.000030777|0.000019867|0.000051345,0.00,0.00,43167744,43167744,768,768,1536
3508,1764562609.6125555,kem_handshake,0.000024966|0.000018384|0.000040425,0.00,0.00,43167744,43167744,768,768,1536
3509,1764562609.6138911,kem_handshake,0.000034654|0.000022391|0.000039733,0.00,0.00,43167744,43167744,768,768,1536
3510,1764562609.6158106,kem_handshake,0.000063287|0.000033342|0.000100856,0.00,0.00,43167744,43167744,768,768,1536
3511,1764562609.6182568,kem_handshake,0.000064058|0.000028633|0.000074878,0.00,0.00,43167744,43167744,768,768,1536
3512,1764562609.6198168,kem_handshake,0.000024706|0.000017963|0.000041497,0.00,0.00,43167744,43167744,768,768,1536
3513,1764562609.6211703,kem_handshake,0.000035436|0.000023093|0.000050844,0.00,0.00,43167744,43167744,768,768,1536
3514,1764562609.6235735,kem_handshake,0.000058228|0.000026108|0.000077683,0.00,0.00,43167744,43167744,768,768,1536
3515,1764562609.6254582,kem_handshake,0.000067244|0.000034934|0.000075971,0.00,0.00,43167744,43167744,768,768,1536
3516,1764562609.6271727,kem_handshake,0.000040716|0.000022301|0.000059290,0.00,0.00,43167744,43167744,768,768,1536
3517,1764562609.6287687,kem_handshake,0.000034083|0.000020918|0.000053809,0.00,0.00,43167744,43167744,768,768,1536
3518,1764562609.6300669,kem_handshake,0.000025377|0.000017873|0.000037309,0.00,0.00,43167744,43167744,768,768,1536
3519,1764562609.6312613,kem_handshake,0.000022472|0.000016220|0.000037860,0.00,0.00,43167744,43167744,768,768,1536
3520,1764562609.6323917,kem_handshake,0.000021520|0.000016521|0.000041507,0.00,0.00,43167744,43167744,768,768,1536
3521,1764562609.6339219,kem_handshake,0.000041586|0.000021329|0.000059680,0.00,0.00,43167744,43167744,768,768,1536
3522,1764562609.6352746,kem_handshake,0.000024305|0.000017953|0.000036628,0.00,0.00,43167744,43167744,768,768,1536
3523,1764562609.636536,kem_handshake,0.000028392|0.000026529|0.000049561,0.00,0.00,43167744,43167744,768,768,1536
3524,1764562609.6382933,kem_handshake,0.000055372|0.000030056|0.000083935,0.00,0.00,43167744,43167744,768,768,1536
3525,1764562609.6403635,kem_handshake,0.000059640|0.000029294|0.000092160,0.00,0.00,43167744,43167744,768,768,1536
3526,1764562609.642105,kem_handshake,0.000054882|0.000024966|0.000087572,0.00,0.00,43167744,43167744,768,768,1536
3527,1764562609.6442306,kem_handshake,0.000036628|0.000021500|0.000067295,0.00,0.00,43167744,43167744,768,768,1536
3528,1764562609.646152,kem_handshake,0.000042228|0.000021059|0.000058017,0.00,0.00,43167744,43167744,768,768,1536
3529,1764562609.647454,kem_handshake,0.000023914|0.000016651|0.000038180,0.00,0.00,43167744,43167744,768,768,1536
3530,1764562609.648574,kem_handshake,0.000019956|0.000015889|0.000032871,0.00,0.00,43167744,43167744,768,768,1536
3531,1764562609.6497319,kem_handshake,0.000024235|0.000016481|0.000036407,0.00,0.00,43167744,43167744,768,768,1536
3532,1764562609.6512585,kem_handshake,0.000032170|0.000047337|0.000045183,0.00,0.00,43167744,43167744,768,768,1536
3533,1764562609.6524346,kem_handshake,0.000021390|0.000017943|0.000037860,0.00,0.00,43167744,43167744,768,768,1536
3534,1764562609.6536283,kem_handshake,0.000020588|0.000016290|0.000036106,0.00,0.00,43167744,43167744,768,768,1536
3535,1764562609.6551683,kem_handshake,0.000037809|0.000019175|0.000044652,0.00,0.00,43167744,43167744,768,768,1536
3536,1764562609.6571867,kem_handshake,0.000057967|0.000037599|0.000051044,0.00,0.00,43167744,43167744,768,768,1536
3537,1764562609.659408,kem_handshake,0.000062125|0.000032139|0.000083485,0.00,0.00,43167744,43167744,768,768,1536
3538,1764562609.6610413,kem_handshake,0.000038691|0.000020568|0.000052326,0.00,0.00,43167744,43167744,768,768,1536
3539,1764562609.6624362,kem_handshake,0.000027190|0.000017683|0.000043570,0.00,0.00,43167744,43167744,768,768,1536
3540,1764562609.663566,kem_handshake,0.000020468|0.000019506|0.000040114,0.00,0.00,43167744,43167744,768,768,1536
3541,1764562609.6648052,kem_handshake,0.000024485|0.000016801|0.000039443,0.00,0.00,43167744,43167744,768,768,1536
3542,1764562609.6659615,kem_handshake,0.000024656|0.000016721|0.000034133,0.00,0.00,43167744,43167744,768,768,1536
3543,1764562609.6673555,kem_handshake,0.000041366|0.000022081|0.000047177,0.00,0.00,43167744,43167744,768,768,1536
3544,1764562609.6687598,kem_handshake,0.000024545|0.000017202|0.000038491,0.00,0.00,43167744,43167744,768,768,1536
3545,1764562609.6699486,kem_handshake,0.000027350|0.000019026|0.000035225,0.00,0.00,43167744,43167744,768,768,1536
3546,1764562609.6710522,kem_handshake,0.000019115|0.000015839|0.000033142,0.00,0.00,43167744,43167744,768,768,1536
3547,1764562609.6732628,kem_handshake,0.000045514|0.000023062|0.000053359,0.00,0.00,43167744,43167744,768,768,1536
3548,1764562609.6754947,kem_handshake,0.000104593|0.000033933|0.000099845,0.00,0.00,43167744,43167744,768,768,1536
3549,1764562609.6783664,kem_handshake,0.000057566|0.000027100|0.000085849,0.00,0.00,43167744,43167744,768,768,1536
3550,1764562609.6807587,kem_handshake,0.000044042|0.000031398|0.000070680,0.00,0.00,43167744,43167744,768,768,1536
3551,1764562609.6824238,kem_handshake,0.000045795|0.000025257|0.000058298,0.00,0.00,43167744,43167744,768,768,1536
3552,1764562609.6839173,kem_handshake,0.000035546|0.000021169|0.000059610,0.00,0.00,43167744,43167744,768,768,1536
3553,1764562609.6853495,kem_handshake,0.000030526|0.000020748|0.000049882,0.00,0.00,43167744,43167744,768,768,1536
3554,1764562609.686655,kem_handshake,0.000026559|0.000017983|0.000038992,0.00,0.00,43167744,43167744,768,768,1536
3555,1764562609.6877828,kem_handshake,0.000024055|0.000016520|0.000039032,0.00,0.00,43167744,43167744,768,768,1536
3556,1764562609.6890597,kem_handshake,0.000022572|0.000021419|0.000072204,0.00,0.00,43167744,43167744,768,768,1536
3557,1764562609.6906087,kem_handshake,0.000033111|0.000021379|0.000045825,0.00,0.00,43167744,43167744,768,768,1536
3558,1764562609.6924944,kem_handshake,0.000039713|0.000022221|0.000061484,0.00,0.00,43167744,43167744,768,768,1536
3559,1764562609.6945958,kem_handshake,0.000058869|0.000030577|0.000085969,0.00,0.00,43167744,43167744,768,768,1536
3560,1764562609.6967354,kem_handshake,0.000057917|0.000029113|0.000077894,0.00,0.00,43167744,43167744,768,768,1536
3561,1764562609.6987329,kem_handshake,0.000038381|0.000019396|0.000052847,0.00,0.00,43167744,43167744,768,768,1536
3562,1764562609.7005954,kem_handshake,0.000036397|0.000020097|0.000048890,0.00,0.00,43167744,43167744,768,768,1536
3563,1764562609.7025316,kem_handshake,0.000030616|0.000019215|0.000043541,0.00,0.00,43167744,43167744,768,768,1536
3564,1764562609.7037606,kem_handshake,0.000023083|0.000016591|0.000035014,0.00,0.00,43167744,43167744,768,768,1536
3565,1764562609.705009,kem_handshake,0.000023934|0.000017452|0.000036517,0.00,0.00,43167744,43167744,768,768,1536
3566,1764562609.7062242,kem_handshake,0.000021250|0.000016981|0.000034033,0.00,0.00,43167744,43167744,768,768,1536
3567,1764562609.7076566,kem_handshake,0.000034994|0.000021570|0.000073465,0.00,0.00,43167744,43167744,768,768,1536
3568,1764562609.709985,kem_handshake,0.000056174|0.000042017|0.000131853,0.00,0.00,43167744,43167744,768,768,1536
3569,1764562609.7134995,kem_handshake,0.000064850|0.000027581|0.000091319,0.00,0.00,43167744,43167744,768,768,1536
3570,1764562609.7165544,kem_handshake,0.000065682|0.000029595|0.000065250,0.00,0.00,43167744,43167744,768,768,1536
3571,1764562609.7189834,kem_handshake,0.000043741|0.000020959|0.000046025,0.00,0.00,43167744,43167744,768,768,1536
3572,1764562609.7208927,kem_handshake,0.000028693|0.000018945|0.000041587,0.00,0.00,43167744,43167744,768,768,1536
3573,1764562609.7221098,kem_handshake,0.000021820|0.000017332|0.000035154,0.00,0.00,43167744,43167744,768,768,1536
3574,1764562609.723229,kem_handshake,0.000020698|0.000016049|0.000034063,0.00,0.00,43167744,43167744,768,768,1536
3575,1764562609.7248628,kem_handshake,0.000069689|0.000036588|0.000103331,0.00,0.00,43167744,43167744,768,768,1536
3576,1764562609.7277591,kem_handshake,0.000052126|0.000026670|0.000090357,0.00,0.00,43167744,43167744,768,768,1536
3577,1764562609.7299945,kem_handshake,0.000044522|0.000020999|0.000055423,0.00,0.00,43167744,43167744,768,768,1536
3578,1764562609.732021,kem_handshake,0.000034654|0.000019466|0.000043871,0.00,0.00,43167744,43167744,768,768,1536
3579,1764562609.7340493,kem_handshake,0.000057826|0.000033271|0.000111987,0.00,0.00,43167744,43167744,768,768,1536
3580,1764562609.7359087,kem_handshake,0.000036578|0.000021049|0.000052908,0.00,0.00,43167744,43167744,768,768,1536
3581,1764562609.737467,kem_handshake,0.000021800|0.000016641|0.000038150,0.00,0.00,43167744,43167744,768,768,1536
3582,1764562609.7386954,kem_handshake,0.000062866|0.000022060|0.000033922,0.00,0.00,43167744,43167744,768,768,1536
3583,1764562609.7398002,kem_handshake,0.000019186|0.000015418|0.000033071,0.00,0.00,43167744,43167744,768,768,1536
3584,1764562609.741338,kem_handshake,0.000052386|0.000029644|0.000095456,0.00,0.00,43167744,43167744,768,768,1536
3585,1764562609.7435894,kem_handshake,0.000037319|0.000022321|0.000061523,0.00,0.00,43167744,43167744,768,768,1536
3586,1764562609.745583,kem_handshake,0.000033702|0.000019907|0.000043210,0.00,11037.90,43167744,43167744,768,768,1536
3587,1764562609.7473445,kem_handshake,0.000028893|0.000018494|0.000050022,0.00,0.00,43167744,43167744,768,768,1536
3588,1764562609.7491157,kem_handshake,0.000037409|0.000020257|0.000060572,0.00,0.00,43167744,43167744,768,768,1536
3589,1764562609.7513764,kem_handshake,0.000034174|0.000020848|0.000051666,0.00,0.00,43167744,43167744,768,768,1536
3590,1764562609.7525854,kem_handshake,0.000021390|0.000016019|0.000033582,0.00,0.00,43167744,43167744,768,768,1536
3591,1764562609.753686,kem_handshake,0.000019707|0.000015679|0.000033852,0.00,0.00,43167744,43167744,768,768,1536
3592,1764562609.7552104,kem_handshake,0.000042388|0.000026239|0.000059029,0.00,0.00,43167744,43167744,768,768,1536
3593,1764562609.7566774,kem_handshake,0.000031568|0.000018725|0.000041908,0.00,0.00,43167744,43167744,768,768,1536
3594,1764562609.7583818,kem_handshake,0.000044783|0.000024556|0.000060963,0.00,0.00,43167744,43167744,768,768,1536
3595,1764562609.7616434,kem_handshake,0.000065261|0.000041717|0.000074317,0.00,0.00,43167744,43167744,768,768,1536
3596,1764562609.7631168,kem_handshake,0.000028152|0.000019336|0.000038841,0.00,0.00,43167744,43167744,768,768,1536
3597,1764562609.7642574,kem_handshake,0.000021089|0.000017072|0.000033632,0.00,0.00,43167744,43167744,768,768,1536
3598,1764562609.7658527,kem_handshake,0.000044422|0.000024115|0.000055102,0.00,0.00,43167744,43167744,768,768,1536
3599,1764562609.7682312,kem_handshake,0.000065901|0.000033231|0.000107279,0.00,0.00,43167744,43167744,768,768,1536
3600,1764562609.7707567,kem_handshake,0.000053559|0.000028092|0.000083885,0.00,0.00,43167744,43167744,768,768,1536
3601,1764562609.7731106,kem_handshake,0.000058178|0.000027100|0.000074568,0.00,0.00,43167744,43167744,768,768,1536
3602,1764562609.7747898,kem_handshake,0.000029074|0.000018725|0.000045795,0.00,0.00,43167744,43167744,768,768,1536
3603,1764562609.7760322,kem_handshake,0.000022011|0.000016611|0.000033512,0.00,0.00,43167744,43167744,768,768,1536
3604,1764562609.777296,kem_handshake,0.000022372|0.000016620|0.000036898,0.00,0.00,43167744,43167744,768,768,1536
3605,1764562609.77878,kem_handshake,0.000042088|0.000021249|0.000054070,0.00,0.00,43167744,43167744,768,768,1536
3606,1764562609.7811525,kem_handshake,0.000046596|0.000025988|0.000073215,0.00,0.00,43167744,43167744,768,768,1536
3607,1764562609.783401,kem_handshake,0.000065942|0.000033281|0.000088082,0.00,0.00,43167744,43167744,768,768,1536
3608,1764562609.7852302,kem_handshake,0.000038682|0.000021830|0.000054671,0.00,0.00,43167744,43167744,768,768,1536
3609,1764562609.7865088,kem_handshake,0.000020869|0.000016911|0.000035034,0.00,0.00,43167744,43167744,768,768,1536
3610,1764562609.787737,kem_handshake,0.000021901|0.000019065|0.000037349,0.00,0.00,43167744,43167744,768,768,1536
3611,1764562609.7891378,kem_handshake,0.000032871|0.000020207|0.000045664,0.00,0.00,43167744,43167744,768,768,1536
3612,1764562609.790729,kem_handshake,0.000039332|0.000021680|0.000050033,0.00,0.00,43167744,43167744,768,768,1536
3613,1764562609.7924526,kem_handshake,0.000047027|0.000028132|0.000070350,0.00,0.00,43167744,43167744,768,768,1536
3614,1764562609.7942028,kem_handshake,0.000031077|0.000020168|0.000046826,0.00,0.00,43167744,43167744,768,768,1536
3615,1764562609.7955492,kem_handshake,0.000024736|0.000017513|0.000039242,0.00,0.00,43167744,43167744,768,768,1536
3616,1764562609.797188,kem_handshake,0.000039142|0.000021530|0.000090678,0.00,0.00,43167744,43167744,768,768,1536
3617,1764562609.7990396,kem_handshake,0.000033642|0.000020027|0.000042359,0.00,0.00,43167744,43167744,768,768,1536
3618,1764562609.800912,kem_handshake,0.000039382|0.000021129|0.000048831,0.00,0.00,43167744,43167744,768,768,1536
3619,1764562609.8028653,kem_handshake,0.000039724|0.000023944|0.000072544,0.00,0.00,43167744,43167744,768,768,1536
3620,1764562609.8043818,kem_handshake,0.000025767|0.000017202|0.000037128,0.00,0.00,43167744,43167744,768,768,1536
3621,1764562609.8056128,kem_handshake,0.000021079|0.000017622|0.000033953,0.00,0.00,43167744,43167744,768,768,1536
3622,1764562609.807005,kem_handshake,0.000035085|0.000019887|0.000046786,0.00,0.00,43167744,43167744,768,768,1536
3623,1764562609.8089633,kem_handshake,0.000080930|0.000035285|0.000123017,0.00,0.00,43167744,43167744,768,768,1536
3624,1764562609.811395,kem_handshake,0.000070800|0.000031438|0.000089506,0.00,0.00,43167744,43167744,768,768,1536
3625,1764562609.813591,kem_handshake,0.000043611|0.000020778|0.000055272,0.00,0.00,43167744,43167744,768,768,1536
3626,1764562609.8150597,kem_handshake,0.000032270|0.000021089|0.000050333,0.00,0.00,43167744,43167744,768,768,1536
3627,1764562609.8164783,kem_handshake,0.000029284|0.000018504|0.000050433,0.00,0.00,43167744,43167744,768,768,1536
3628,1764562609.8182478,kem_handshake,0.000035315|0.000021259|0.000045594,0.00,0.00,43167744,43167744,768,768,1536
3629,1764562609.8200445,kem_handshake,0.000045123|0.000023543|0.000052988,0.00,0.00,43167744,43167744,768,768,1536
3630,1764562609.8223186,kem_handshake,0.000057486|0.000025988|0.000071001,0.00,0.00,43167744,43167744,768,768,1536
3631,1764562609.824196,kem_handshake,0.000050644|0.000025808|0.000070580,0.00,0.00,43167744,43167744,768,768,1536
3632,1764562609.8258293,kem_handshake,0.000027070|0.000018634|0.000043791,0.00,0.00,43167744,43167744,768,768,1536
3633,1764562609.8270702,kem_handshake,0.000022813|0.000017071|0.000035485,0.00,0.00,43167744,43167744,768,768,1536
3634,1764562609.8282604,kem_handshake,0.000020879|0.000016861|0.000034644,0.00,0.00,43167744,43167744,768,768,1536
3635,1764562609.829718,kem_handshake,0.000045514|0.000031197|0.000070290,0.00,0.00,43167744,43167744,768,768,1536
3636,1764562609.8316731,kem_handshake,0.000042769|0.000021479|0.000051735,0.00,0.00,43167744,43167744,768,768,1536
3637,1764562609.8338587,kem_handshake,0.000077674|0.000034624|0.000119391,0.00,0.00,43167744,43167744,768,768,1536
3638,1764562609.8364856,kem_handshake,0.000046716|0.000024686|0.000065791,0.00,0.00,43167744,43167744,768,768,1536
3639,1764562609.8380277,kem_handshake,0.000024846|0.000016881|0.000039373,0.00,0.00,43167744,43167744,768,768,1536
3640,1764562609.839389,kem_handshake,0.000024816|0.000019005|0.000047017,0.00,0.00,43167744,43167744,768,768,1536
3641,1764562609.8412125,kem_handshake,0.000031969|0.000018975|0.000044252,0.00,0.00,43167744,43167744,768,768,1536
3642,1764562609.843144,kem_handshake,0.000052257|0.000024996|0.000081581,0.00,0.00,43167744,43167744,768,768,1536
3643,1764562609.8465588,kem_handshake,0.000142354|0.000065851|0.000175264,0.00,0.00,43167744,43167744,768,768,1536
3644,1764562609.8523448,kem_handshake,0.000100095|0.000044753|0.000141201,0.00,0.00,43167744,43167744,768,768,1536
3645,1764562609.8558056,kem_handshake,0.000076471|0.000039253|0.000086730,0.00,0.00,43167744,43167744,768,768,1536
3646,1764562609.8583195,kem_handshake,0.000057326|0.000032220|0.000077263,0.00,0.00,43167744,43167744,768,768,1536
3647,1764562609.861551,kem_handshake,0.000087602|0.000043430|0.000119851,0.00,0.00,43167744,43167744,768,768,1536
3648,1764562609.8649192,kem_handshake,0.000146841|0.000066283|0.000191334,0.00,0.00,43167744,43167744,768,768,1536
3649,1764562609.8686442,kem_handshake,0.000127846|0.000035616|0.000088955,0.00,0.00,43167744,43167744,768,768,1536
3650,1764562609.8722422,kem_handshake,0.000082633|0.000037399|0.000111596,0.00,0.00,43167744,43167744,768,768,1536
3651,1764562609.875304,kem_handshake,0.000091208|0.000054941|0.000121063,0.00,3804.50,43167744,43167744,768,768,1536
3652,1764562609.8796835,kem_handshake,0.000105114|0.000047137|0.000143094,0.00,0.00,43167744,43167744,768,768,1536
3653,1764562609.8834841,kem_handshake,0.000099825|0.000046987|0.000130190,0.00,0.00,43167744,43167744,768,768,1536
3654,1764562609.8867326,kem_handshake,0.000062415|0.000027321|0.000065721,0.00,0.00,43167744,43167744,768,768,1536
3655,1764562609.8895338,kem_handshake,0.000046276|0.000022852|0.000049932,0.00,0.00,43167744,43167744,768,768,1536
3656,1764562609.8915892,kem_handshake,0.000041737|0.000022161|0.000047989,0.00,0.00,43167744,43167744,768,768,1536
3657,1764562609.893389,kem_handshake,0.000049241|0.000026730|0.000069980,0.00,0.00,43167744,43167744,768,768,1536
3658,1764562609.8958027,kem_handshake,0.000059229|0.000031538|0.000094063,0.00,0.00,43167744,43167744,768,768,1536
3659,1764562609.8974433,kem_handshake,0.000029083|0.000022492|0.000057446,0.00,0.00,43167744,43167744,768,768,1536
3660,1764562609.8990264,kem_handshake,0.000027180|0.000019506|0.000040224,0.00,0.00,43167744,43167744,768,768,1536
3661,1764562609.9007995,kem_handshake,0.000051465|0.000027180|0.000064138,0.00,0.00,43167744,43167744,768,768,1536
3662,1764562609.9027176,kem_handshake,0.000033492|0.000021139|0.000054751,0.00,0.00,43167744,43167744,768,768,1536
3663,1764562609.905177,kem_handshake,0.000064349|0.000031849|0.000068627,0.00,0.00,43167744,43167744,768,768,1536
3664,1764562609.9077709,kem_handshake,0.000059089|0.000030266|0.000064209,0.00,0.00,43167744,43167744,768,768,1536
3665,1764562609.9123633,kem_handshake,0.000213083|0.000088323|0.000145820,0.00,0.00,43167744,43167744,768,768,1536
3666,1764562609.9157982,kem_handshake,0.000055322|0.000030636|0.000062395,0.00,0.00,43167744,43167744,768,768,1536
3667,1764562609.9181824,kem_handshake,0.000129339|0.000049812|0.000090257,0.00,0.00,43167744,43167744,768,768,1536
3668,1764562609.920869,kem_handshake,0.000049412|0.000022882|0.000064579,0.00,0.00,43167744,43167744,768,768,1536
3669,1764562609.9221885,kem_handshake,0.000022371|0.000016921|0.000035686,0.00,0.00,43167744,43167744,768,768,1536
3670,1764562609.923411,kem_handshake,0.000022782|0.000016941|0.000035836,0.00,0.00,43167744,43167744,768,768,1536
3671,1764562609.9248667,kem_handshake,0.000026689|0.000018794|0.000078866,0.00,0.00,43167744,43167744,768,768,1536
3672,1764562609.9262302,kem_handshake,0.000066032|0.000023694|0.000038591,0.00,0.00,43167744,43167744,768,768,1536
3673,1764562609.9279869,kem_handshake,0.000044222|0.000032700|0.000071502,0.00,0.00,43167744,43167744,768,768,1536
3674,1764562609.9296765,kem_handshake,0.000040555|0.000032921|0.000066192,0.00,0.00,43167744,43167744,768,768,1536
3675,1764562609.931,kem_handshake,0.000020408|0.000016390|0.000033663,0.00,0.00,43167744,43167744,768,768,1536
3676,1764562609.9321063,kem_handshake,0.000019676|0.000015759|0.000033472,0.00,0.00,43167744,43167744,768,768,1536
3677,1764562609.933222,kem_handshake,0.000019556|0.000016471|0.000032681,0.00,0.00,43167744,43167744,768,768,1536
3678,1764562609.9343557,kem_handshake,0.000022942|0.000017964|0.000036037,0.00,0.00,43167744,43167744,768,768,1536
3679,1764562609.9355426,kem_handshake,0.000023674|0.000016981|0.000036637,0.00,0.00,43167744,43167744,768,768,1536
3680,1764562609.9367082,kem_handshake,0.000020308|0.000015999|0.000035295,0.00,0.00,43167744,43167744,768,768,1536
3681,1764562609.9377747,kem_handshake,0.000019376|0.000015569|0.000032811,0.00,0.00,43167744,43167744,768,768,1536
3682,1764562609.9388561,kem_handshake,0.000020157|0.000015489|0.000037460,0.00,0.00,43167744,43167744,768,768,1536
3683,1764562609.939915,kem_handshake,0.000018585|0.000019666|0.000032751,0.00,0.00,43167744,43167744,768,768,1536
3684,1764562609.940957,kem_handshake,0.000018895|0.000015479|0.000032631,0.00,0.00,43167744,43167744,768,768,1536
3685,1764562609.9420233,kem_handshake,0.000018825|0.000015939|0.000032951,0.00,0.00,43167744,43167744,768,768,1536
3686,1764562609.943132,kem_handshake,0.000019777|0.000016421|0.000038291,0.00,0.00,43167744,43167744,768,768,1536
3687,1764562609.9442737,kem_handshake,0.000022041|0.000016441|0.000037790,0.00,0.00,43167744,43167744,768,768,1536
3688,1764562609.9454882,kem_handshake,0.000020799|0.000016491|0.000033522,0.00,0.00,43167744,43167744,768,768,1536
3689,1764562609.9473336,kem_handshake,0.000019246|0.000015909|0.000033613,0.00,0.00,43167744,43167744,768,768,1536
3690,1764562609.948714,kem_handshake,0.000035315|0.000030898|0.000064018,0.00,0.00,43167744,43167744,768,768,1536
3691,1764562609.9498017,kem_handshake,0.000018664|0.000015329|0.000032790,0.00,0.00,43167744,43167744,768,768,1536
3692,1764562609.9508777,kem_handshake,0.000018504|0.000015168|0.000032389,0.00,0.00,43167744,43167744,768,768,1536
3693,1764562609.9521027,kem_handshake,0.000022932|0.000016300|0.000034063,0.00,0.00,43167744,43167744,768,768,1536
3694,1764562609.9532368,kem_handshake,0.000020949|0.000016110|0.000032610,0.00,0.00,43167744,43167744,768,768,1536
3695,1764562609.9543219,kem_handshake,0.000019576|0.000015749|0.000036257,0.00,0.00,43167744,43167744,768,768,1536
3696,1764562609.955385,kem_handshake,0.000018995|0.000015398|0.000032651,0.00,0.00,43167744,43167744,768,768,1536
3697,1764562609.956461,kem_handshake,0.000019326|0.000015599|0.000033782,0.00,0.00,43167744,43167744,768,768,1536
3698,1764562609.9575143,kem_handshake,0.000018314|0.000015269|0.000032711,0.00,0.00,43167744,43167744,768,768,1536
3699,1764562609.958609,kem_handshake,0.000019636|0.000015959|0.000032360,0.00,0.00,43167744,43167744,768,768,1536
3700,1764562609.9597855,kem_handshake,0.000046757|0.000016430|0.000033211,0.00,0.00,43167744,43167744,768,768,1536
3701,1764562609.9610584,kem_handshake,0.000026078|0.000018123|0.000041536,0.00,0.00,43167744,43167744,768,768,1536
3702,1764562609.962312,kem_handshake,0.000025768|0.000019817|0.000055683,0.00,0.00,43167744,43167744,768,768,1536
3703,1764562609.9639058,kem_handshake,0.000042218|0.000025347|0.000068727,0.00,0.00,43167744,43167744,768,768,1536
3704,1764562609.9656646,kem_handshake,0.000051314|0.000032620|0.000070591,0.00,0.00,43167744,43167744,768,768,1536
3705,1764562609.9678645,kem_handshake,0.000085849|0.000040805|0.000121314,0.00,0.00,43167744,43167744,768,768,1536
3706,1764562609.970204,kem_handshake,0.000051936|0.000028432|0.000070911,0.00,0.00,43167744,43167744,768,768,1536
3707,1764562609.9720745,kem_handshake,0.000038290|0.000022642|0.000053428,0.00,0.00,43167744,43167744,768,768,1536
3708,1764562609.9736798,kem_handshake,0.000032350|0.000018885|0.000048149,0.00,0.00,43167744,43167744,768,768,1536
3709,1764562609.974971,kem_handshake,0.000023243|0.000016471|0.000035446,0.00,0.00,43167744,43167744,768,768,1536
3710,1764562609.9762554,kem_handshake,0.000025777|0.000017262|0.000040074,0.00,0.00,43167744,43167744,768,768,1536
3711,1764562609.9774935,kem_handshake,0.000021009|0.000016059|0.000033913,0.00,0.00,43167744,43167744,768,768,1536
3712,1764562609.9786499,kem_handshake,0.000020659|0.000016019|0.000033502,0.00,0.00,43167744,43167744,768,768,1536
3713,1764562609.9797351,kem_handshake,0.000018885|0.000015569|0.000032850,0.00,0.00,43167744,43167744,768,768,1536
3714,1764562609.9807842,kem_handshake,0.000018224|0.000015579|0.000032380,0.00,0.00,43167744,43167744,768,768,1536
3715,1764562609.983178,kem_handshake,0.000043540|0.000034954|0.000073035,0.00,0.00,43167744,43167744,768,768,1536
3716,1764562609.985502,kem_handshake,0.000047538|0.000026268|0.000078585,0.00,0.00,43167744,43167744,768,768,1536
3717,1764562609.9873106,kem_handshake,0.000037038|0.000021610|0.000040675,0.00,0.00,43167744,43167744,768,768,1536
3718,1764562609.9886665,kem_handshake,0.000026980|0.000018895|0.000039062,0.00,0.00,43167744,43167744,768,768,1536
3719,1764562609.9899535,kem_handshake,0.000027060|0.000016461|0.000035195,0.00,0.00,43167744,43167744,768,768,1536
3720,1764562609.9919834,kem_handshake,0.000063116|0.000031127|0.000110584,0.00,0.00,43167744,43167744,768,768,1536
3721,1764562609.9941587,kem_handshake,0.000049241|0.000021179|0.000058158,0.00,0.00,43167744,43167744,768,768,1536
3722,1764562609.9958043,kem_handshake,0.000027260|0.000020899|0.000042218,0.00,0.00,43167744,43167744,768,768,1536
3723,1764562609.9969604,kem_handshake,0.000021089|0.000016250|0.000034594,0.00,0.00,43167744,43167744,768,768,1536
3724,1764562609.998102,kem_handshake,0.000022040|0.000016871|0.000036899,0.00,0.00,43167744,43167744,768,768,1536
3725,1764562609.9992702,kem_handshake,0.000024064|0.000017172|0.000036217,0.00,0.00,43167744,43167744,768,768,1536
3726,1764562610.000414,kem_handshake,0.000019406|0.000016481|0.000034715,0.00,0.00,43167744,43167744,768,768,1536
3727,1764562610.0015912,kem_handshake,0.000023945|0.000018294|0.000038691,0.00,0.00,43167744,43167744,768,768,1536
3728,1764562610.0032926,kem_handshake,0.000053288|0.000027361|0.000071382,0.00,0.00,43167744,43167744,768,768,1536
3729,1764562610.0053205,kem_handshake,0.000038732|0.000021730|0.000051205,0.00,0.00,43167744,43167744,768,768,1536
3730,1764562610.0068502,kem_handshake,0.000030757|0.000018554|0.000049401,0.00,0.00,43167744,43167744,768,768,1536
3731,1764562610.0080326,kem_handshake,0.000022943|0.000017031|0.000034995,0.00,0.00,43167744,43167744,768,768,1536
3732,1764562610.0092974,kem_handshake,0.000022080|0.000018093|0.000036788,0.00,0.00,43167744,43167744,768,768,1536
3733,1764562610.0106013,kem_handshake,0.000031798|0.000019436|0.000049882,0.00,0.00,43167744,43167744,768,768,1536
3734,1764562610.012064,kem_handshake,0.000024245|0.000017442|0.000035235,0.00,0.00,43167744,43167744,768,768,1536
3735,1764562610.0141354,kem_handshake,0.000031849|0.000018324|0.000041817,0.00,0.00,43167744,43167744,768,768,1536
3736,1764562610.015595,kem_handshake,0.000035856|0.000024305|0.000057496,0.00,0.00,43167744,43167744,768,768,1536
3737,1764562610.017286,kem_handshake,0.000059249|0.000027381|0.000067404,0.00,0.00,43167744,43167744,768,768,1536
3738,1764562610.0193605,kem_handshake,0.000060753|0.000029404|0.000081100,0.00,0.00,43167744,43167744,768,768,1536
3739,1764562610.0217912,kem_handshake,0.000070971|0.000036236|0.000097991,0.00,0.00,43167744,43167744,768,768,1536
3740,1764562610.024101,kem_handshake,0.000084526|0.000034194|0.000090307,0.00,0.00,43167744,43167744,768,768,1536
3741,1764562610.026974,kem_handshake,0.000077303|0.000032911|0.000145960,0.00,0.00,43167744,43167744,768,768,1536
3742,1764562610.029571,kem_handshake,0.000038040|0.000020638|0.000041918,0.00,0.00,43167744,43167744,768,768,1536
3743,1764562610.031156,kem_handshake,0.000036087|0.000021911|0.000046847,0.00,0.00,43167744,43167744,768,768,1536
3744,1764562610.0326464,kem_handshake,0.000031148|0.000018835|0.000041777,0.00,0.00,43167744,43167744,768,768,1536
3745,1764562610.0343988,kem_handshake,0.000046486|0.000027782|0.000085258,0.00,0.00,43167744,43167744,768,768,1536
3746,1764562610.0366988,kem_handshake,0.000052246|0.000035847|0.000075810,0.00,0.00,43167744,43167744,768,768,1536
3747,1764562610.0387595,kem_handshake,0.000068557|0.000041236|0.000070480,0.00,0.00,43167744,43167744,768,768,1536
3748,1764562610.0401812,kem_handshake,0.000027391|0.000017392|0.000037449,0.00,0.00,43167744,43167744,768,768,1536
3749,1764562610.0413735,kem_handshake,0.000021880|0.000016491|0.000036167,0.00,0.00,43167744,43167744,768,768,1536
3750,1764562610.0428214,kem_handshake,0.000034644|0.000021750|0.000062225,0.00,0.00,43167744,43167744,768,768,1536
3751,1764562610.044648,kem_handshake,0.000041957|0.000026509|0.000064510,0.00,0.00,43167744,43167744,768,768,1536
3752,1764562610.0464382,kem_handshake,0.000032500|0.000023784|0.000048310,0.00,0.00,43167744,43167744,768,768,1536
3753,1764562610.0478466,kem_handshake,0.000028082|0.000020819|0.000043229,0.00,0.00,43167744,43167744,768,768,1536
3754,1764562610.049546,kem_handshake,0.000046265|0.000024115|0.000050814,0.00,0.00,43167744,43167744,768,768,1536
3755,1764562610.0517528,kem_handshake,0.000059530|0.000027210|0.000082212,0.00,0.00,43167744,43167744,768,768,1536
3756,1764562610.0534105,kem_handshake,0.000034473|0.000019987|0.000049582,0.00,0.00,43167744,43167744,768,768,1536
3757,1764562610.054642,kem_handshake,0.000020348|0.000016671|0.000033201,0.00,0.00,43167744,43167744,768,768,1536
3758,1764562610.056907,kem_handshake,0.000038832|0.000021400|0.000048670,0.00,0.00,43167744,43167744,768,768,1536
3759,1764562610.0597088,kem_handshake,0.000069719|0.000033092|0.000090317,0.00,0.00,43167744,43167744,768,768,1536
3760,1764562610.0624995,kem_handshake,0.000064590|0.000032089|0.000090046,0.00,0.00,43167744,43167744,768,768,1536
3761,1764562610.0644488,kem_handshake,0.000032170|0.000025407|0.000040815,0.00,0.00,43167744,43167744,768,768,1536
3762,1764562610.066021,kem_handshake,0.000082332|0.000031358|0.000044252,0.00,0.00,43167744,43167744,768,768,1536
3763,1764562610.0673687,kem_handshake,0.000025838|0.000017342|0.000039964,0.00,0.00,43167744,43167744,768,768,1536
3764,1764562610.069176,kem_handshake,0.000059540|0.000029385|0.000075620,0.00,0.00,43167744,43167744,768,768,1536
3765,1764562610.0714939,kem_handshake,0.000063377|0.000045755|0.000102489,0.00,0.00,43167744,43167744,768,768,1536
3766,1764562610.0736868,kem_handshake,0.000081180|0.000042208|0.000104423,0.00,0.00,43167744,43167744,768,768,1536
3767,1764562610.0762813,kem_handshake,0.000066373|0.000038171|0.000108330,0.00,0.00,43167744,43167744,768,768,1536
3768,1764562610.0783358,kem_handshake,0.000028553|0.000018654|0.000037910,0.00,0.00,43167744,43167744,768,768,1536
3769,1764562610.0796294,kem_handshake,0.000025507|0.000017452|0.000036107,0.00,0.00,43167744,43167744,768,768,1536
3770,1764562610.0808065,kem_handshake,0.000022171|0.000016450|0.000034885,0.00,0.00,43167744,43167744,768,768,1536
3771,1764562610.0824568,kem_handshake,0.000054801|0.000022952|0.000096769,0.00,0.00,43167744,43167744,768,768,1536
3772,1764562610.0854743,kem_handshake,0.000092300|0.000035846|0.000092370,0.00,0.00,43167744,43167744,768,768,1536
3773,1764562610.0884256,kem_handshake,0.000059219|0.000027430|0.000087953,0.00,0.00,43167744,43167744,768,768,1536
3774,1764562610.0911222,kem_handshake,0.000063598|0.000027902|0.000085688,0.00,0.00,43167744,43167744,768,768,1536
3775,1764562610.0929449,kem_handshake,0.000036347|0.000019967|0.000052167,0.00,0.00,43167744,43167744,768,768,1536
3776,1764562610.094288,kem_handshake,0.000027000|0.000017813|0.000038611,0.00,0.00,43167744,43167744,768,768,1536
3777,1764562610.0957627,kem_handshake,0.000029084|0.000018444|0.000041016,0.00,0.00,43167744,43167744,768,768,1536
3778,1764562610.09738,kem_handshake,0.000032460|0.000020448|0.000040936,0.00,0.00,43167744,43167744,768,768,1536
3779,1764562610.0990279,kem_handshake,0.000044122|0.000026820|0.000051796,0.00,0.00,43167744,43167744,768,768,1536
3780,1764562610.1010222,kem_handshake,0.000051074|0.000025568|0.000060201,0.00,0.00,43167744,43167744,768,768,1536
3781,1764562610.1035256,kem_handshake,0.000053800|0.000026199|0.000069038,0.00,0.00,43167744,43167744,768,768,1536
3782,1764562610.105493,kem_handshake,0.000088964|0.000047898|0.000115273,0.00,0.00,43167744,43167744,768,768,1536
3783,1764562610.107425,kem_handshake,0.000044192|0.000023584|0.000067194,0.00,0.00,43167744,43167744,768,768,1536
3784,1764562610.1088884,kem_handshake,0.000028883|0.000018955|0.000056875,0.00,0.00,43167744,43167744,768,768,1536
3785,1764562610.110254,kem_handshake,0.000026659|0.000017162|0.000039783,0.00,0.00,43167744,43167744,768,768,1536
3786,1764562610.1114197,kem_handshake,0.000019927|0.000015960|0.000033693,0.00,0.00,43167744,43167744,768,768,1536
3787,1764562610.1125324,kem_handshake,0.000020658|0.000015759|0.000035315,0.00,0.00,43167744,43167744,768,768,1536
3788,1764562610.1138742,kem_handshake,0.000026770|0.000018444|0.000045123,0.00,0.00,43167744,43167744,768,768,1536
3789,1764562610.1154017,kem_handshake,0.000031559|0.000019055|0.000042188,0.00,0.00,43167744,43167744,768,768,1536
3790,1764562610.1172976,kem_handshake,0.000074608|0.000044843|0.000107498,0.00,0.00,43167744,43167744,768,768,1536
3791,1764562610.1194434,kem_handshake,0.000046065|0.000025538|0.000066844,0.00,0.00,43167744,43167744,768,768,1536
3792,1764562610.1212795,kem_handshake,0.000061544|0.000029084|0.000067465,0.00,0.00,43167744,43167744,768,768,1536
3793,1764562610.122919,kem_handshake,0.000036016|0.000021650|0.000055873,0.00,0.00,43167744,43167744,768,768,1536
3794,1764562610.1243143,kem_handshake,0.000029314|0.000018845|0.000043841,0.00,0.00,43167744,43167744,768,768,1536
3795,1764562610.125678,kem_handshake,0.000027060|0.000018835|0.000037730,0.00,0.00,43167744,43167744,768,768,1536
3796,1764562610.1268904,kem_handshake,0.000020368|0.000016631|0.000033382,0.00,0.00,43167744,43167744,768,768,1536
3797,1764562610.12812,kem_handshake,0.000024395|0.000017202|0.000041797,0.00,0.00,43167744,43167744,768,768,1536
3798,1764562610.1296384,kem_handshake,0.000025958|0.000018454|0.000039173,0.00,0.00,43167744,43167744,768,768,1536
3799,1764562610.1311138,kem_handshake,0.000037669|0.000020107|0.000042688,0.00,0.00,43167744,43167744,768,768,1536
3800,1764562610.1329374,kem_handshake,0.000058058|0.000027972|0.000060552,0.00,0.00,43167744,43167744,768,768,1536
3801,1764562610.1347528,kem_handshake,0.000041327|0.000022912|0.000058438,0.00,0.00,43167744,43167744,768,768,1536
3802,1764562610.1364245,kem_handshake,0.000030406|0.000019576|0.000048600,0.00,0.00,43167744,43167744,768,768,1536
3803,1764562610.13779,kem_handshake,0.000022642|0.000016921|0.000036968,0.00,0.00,43167744,43167744,768,768,1536
3804,1764562610.138974,kem_handshake,0.000021880|0.000016771|0.000033502,0.00,0.00,43167744,43167744,768,768,1536
3805,1764562610.140502,kem_handshake,0.000023934|0.000017082|0.000035395,0.00,0.00,43167744,43167744,768,768,1536
3806,1764562610.1428547,kem_handshake,0.000034744|0.000019997|0.000050894,0.00,0.00,43167744,43167744,768,768,1536
3807,1764562610.1450324,kem_handshake,0.000082222|0.000026569|0.000071973,0.00,0.00,43167744,43167744,768,768,1536
3808,1764562610.1468885,kem_handshake,0.000039703|0.000021740|0.000061994,0.00,0.00,43167744,43167744,768,768,1536
3809,1764562610.1483822,kem_handshake,0.000036768|0.000020698|0.000055613,0.00,0.00,43167744,43167744,768,768,1536
3810,1764562610.1496968,kem_handshake,0.000028843|0.000018895|0.000047468,0.00,0.00,43167744,43167744,768,768,1536
3811,1764562610.151219,kem_handshake,0.000048640|0.000033732|0.000072635,0.00,0.00,43167744,43167744,768,768,1536
3812,1764562610.1527581,kem_handshake,0.000028733|0.000018454|0.000044662,0.00,0.00,43167744,43167744,768,768,1536
3813,1764562610.1539478,kem_handshake,0.000027962|0.000016611|0.000035435,0.00,0.00,43167744,43167744,768,768,1536
3814,1764562610.1551738,kem_handshake,0.000024746|0.000019476|0.000040615,0.00,0.00,43167744,43167744,768,768,1536
3815,1764562610.1564755,kem_handshake,0.000029565|0.000021630|0.000052457,0.00,0.00,43167744,43167744,768,768,1536
3816,1764562610.158464,kem_handshake,0.000049101|0.000022642|0.000072994,0.00,0.00,43167744,43167744,768,768,1536
3817,1764562610.1610534,kem_handshake,0.000089576|0.000046385|0.000101057,0.00,0.00,43167744,43167744,768,768,1536
3818,1764562610.164594,kem_handshake,0.000111046|0.000047588|0.000112628,0.00,0.00,43167744,43167744,768,768,1536
3819,1764562610.1665683,kem_handshake,0.000040224|0.000023253|0.000055703,0.00,0.00,43167744,43167744,768,768,1536
3820,1764562610.1681173,kem_handshake,0.000036488|0.000018755|0.000047798,0.00,0.00,43167744,43167744,768,768,1536
3821,1764562610.1695876,kem_handshake,0.000032751|0.000021309|0.000069268,0.00,0.00,43167744,43167744,768,768,1536
3822,1764562610.1710951,kem_handshake,0.000033051|0.000019326|0.000043841,0.00,0.00,43167744,43167744,768,768,1536
3823,1764562610.172822,kem_handshake,0.000039783|0.000025737|0.000057356,0.00,0.00,43167744,43167744,768,768,1536
3824,1764562610.174572,kem_handshake,0.000042548|0.000026929|0.000047849,0.00,0.00,43167744,43167744,768,768,1536
3825,1764562610.1763632,kem_handshake,0.000028302|0.000018293|0.000039714,0.00,0.00,43167744,43167744,768,768,1536
3826,1764562610.17812,kem_handshake,0.000043981|0.000021239|0.000055633,0.00,0.00,43167744,43167744,768,768,1536
3827,1764562610.1795466,kem_handshake,0.000037800|0.000023203|0.000056955,0.00,0.00,43167744,43167744,768,768,1536
3828,1764562610.1810853,kem_handshake,0.000031539|0.000017903|0.000042268,0.00,0.00,43167744,43167744,768,768,1536
3829,1764562610.182625,kem_handshake,0.000042869|0.000025397|0.000054591,0.00,0.00,43167744,43167744,768,768,1536
3830,1764562610.185863,kem_handshake,0.000067194|0.000040345|0.000094875,0.00,0.00,43167744,43167744,768,768,1536
3831,1764562610.1876504,kem_handshake,0.000024044|0.000017322|0.000039142,0.00,0.00,43167744,43167744,768,768,1536
3832,1764562610.1887984,kem_handshake,0.000020588|0.000016260|0.000033472,0.00,0.00,43167744,43167744,768,768,1536
3833,1764562610.1901844,kem_handshake,0.000032500|0.000019025|0.000044252,0.00,0.00,43167744,43167744,768,768,1536
3834,1764562610.19184,kem_handshake,0.000049542|0.000023674|0.000075449,0.00,0.00,43167744,43167744,768,768,1536
3835,1764562610.1948185,kem_handshake,0.000098071|0.000032069|0.000076892,0.00,0.00,43167744,43167744,768,768,1536
3836,1764562610.19715,kem_handshake,0.000044172|0.000023303|0.000086329,0.00,0.00,43167744,43167744,768,768,1536
3837,1764562610.1988785,kem_handshake,0.000030987|0.000022702|0.000054871,0.00,0.00,43167744,43167744,768,768,1536
3838,1764562610.2005222,kem_handshake,0.000034284|0.000019877|0.000039423,0.00,0.00,43167744,43167744,768,768,1536
3839,1764562610.2023325,kem_handshake,0.000037650|0.000021210|0.000046435,0.00,0.00,43167744,43167744,768,768,1536
3840,1764562610.2046592,kem_handshake,0.000041757|0.000021069|0.000049041,0.00,0.00,43167744,43167744,768,768,1536
3841,1764562610.2071013,kem_handshake,0.000066112|0.000025628|0.000077673,0.00,0.00,43167744,43167744,768,768,1536
3842,1764562610.2090282,kem_handshake,0.000050473|0.000029083|0.000061503,0.00,0.00,43167744,43167744,768,768,1536
3843,1764562610.2104437,kem_handshake,0.000025547|0.000018594|0.000039332,0.00,0.00,43167744,43167744,768,768,1536
3844,1764562610.2115726,kem_handshake,0.000018915|0.000015870|0.000033121,0.00,0.00,43167744,43167744,768,768,1536
3845,1764562610.212879,kem_handshake,0.000028553|0.000018655|0.000049010,0.00,0.00,43167744,43167744,768,768,1536
3846,1764562610.2143204,kem_handshake,0.000031107|0.000021730|0.000048659,0.00,0.00,43167744,43167744,768,768,1536
3847,1764562610.216896,kem_handshake,0.000103602|0.000043551|0.000127215,0.00,0.00,43167744,43167744,768,768,1536
3848,1764562610.2191021,kem_handshake,0.000046726|0.000025497|0.000068967,0.00,0.00,43167744,43167744,768,768,1536
3849,1764562610.2205045,kem_handshake,0.000026339|0.000016921|0.000040775,0.00,0.00,43167744,43167744,768,768,1536
3850,1764562610.2218761,kem_handshake,0.000031478|0.000020608|0.000063457,0.00,0.00,43167744,43167744,768,768,1536
3851,1764562610.2239323,kem_handshake,0.000043199|0.000022721|0.000056745,0.00,0.00,43167744,43167744,768,768,1536
3852,1764562610.2267962,kem_handshake,0.000152873|0.000051726|0.000115013,0.00,0.00,43167744,43167744,768,768,1536
3853,1764562610.2294223,kem_handshake,0.000075229|0.000039373|0.000116595,0.00,0.00,43167744,43167744,768,768,1536
3854,1764562610.231364,kem_handshake,0.000031257|0.000018915|0.000042519,0.00,0.00,43167744,43167744,768,768,1536
3855,1764562610.2327223,kem_handshake,0.000029885|0.000019576|0.000040685,0.00,0.00,43167744,43167744,768,768,1536
3856,1764562610.234591,kem_handshake,0.000039894|0.000019316|0.000076251,0.00,0.00,43167744,43167744,768,768,1536
3857,1764562610.2363355,kem_handshake,0.000036237|0.000020418|0.000049392,0.00,0.00,43167744,43167744,768,768,1536
3858,1764562610.2387867,kem_handshake,0.000059029|0.000031157|0.000089155,0.00,0.00,43167744,43167744,768,768,1536
3859,1764562610.2412584,kem_handshake,0.000077132|0.000032119|0.000099073,0.00,0.00,43167744,43167744,768,768,1536
3860,1764562610.2435627,kem_handshake,0.000032069|0.000019987|0.000056484,0.00,0.00,43167744,43167744,768,768,1536
3861,1764562610.2454362,kem_handshake,0.000047618|0.000027811|0.000058338,0.00,0.00,43167744,43167744,768,768,1536
3862,1764562610.2467837,kem_handshake,0.000023373|0.000017262|0.000037680,0.00,0.00,43167744,43167744,768,768,1536
3863,1764562610.2481256,kem_handshake,0.000058088|0.000041797|0.000066763,0.00,0.00,43167744,43167744,768,768,1536
3864,1764562610.2498808,kem_handshake,0.000039544|0.000022141|0.000065251,0.00,0.00,43167744,43167744,768,768,1536
3865,1764562610.2523987,kem_handshake,0.000071653|0.000035505|0.000104864,0.00,0.00,43167744,43167744,768,768,1536
3866,1764562610.2549162,kem_handshake,0.000049862|0.000035676|0.000105485,0.00,0.00,43167744,43167744,768,768,1536
3867,1764562610.2566302,kem_handshake,0.000025667|0.000017252|0.000035666,0.00,0.00,43167744,43167744,768,768,1536
3868,1764562610.2586703,kem_handshake,0.000032009|0.000019576|0.000043771,0.00,11714.00,43167744,43167744,768,768,1536
3869,1764562610.2599216,kem_handshake,0.000023633|0.000017562|0.000038100,0.00,0.00,43167744,43167744,768,768,1536
3870,1764562610.2612317,kem_handshake,0.000032701|0.000019787|0.000045314,0.00,0.00,43167744,43167744,768,768,1536
3871,1764562610.2626145,kem_handshake,0.000030246|0.000018785|0.000040635,0.00,0.00,43167744,43167744,768,768,1536
3872,1764562610.2640197,kem_handshake,0.000028592|0.000020598|0.000043881,0.00,0.00,43167744,43167744,768,768,1536
3873,1764562610.2659845,kem_handshake,0.000044002|0.000022411|0.000055062,0.00,0.00,43167744,43167744,768,768,1536
3874,1764562610.267913,kem_handshake,0.000057968|0.000039543|0.000056164,0.00,0.00,43167744,43167744,768,768,1536
3875,1764562610.2693005,kem_handshake,0.000022110|0.000016220|0.000033191,0.00,0.00,43167744,43167744,768,768,1536
3876,1764562610.2705114,kem_handshake,0.000023232|0.000017362|0.000037579,0.00,0.00,43167744,43167744,768,768,1536
3877,1764562610.2724721,kem_handshake,0.000055993|0.000038701|0.000081921,0.00,0.00,43167744,43167744,768,768,1536
3878,1764562610.274509,kem_handshake,0.000048780|0.000029895|0.000052226,0.00,0.00,43167744,43167744,768,768,1536
3879,1764562610.276624,kem_handshake,0.000044091|0.000023163|0.000087031,0.00,0.00,43167744,43167744,768,768,1536
3880,1764562610.2783258,kem_handshake,0.000030427|0.000018935|0.000044773,0.00,0.00,43167744,43167744,768,768,1536
3881,1764562610.2795825,kem_handshake,0.000024726|0.000019406|0.000039133,0.00,0.00,43167744,43167744,768,768,1536
3882,1764562610.281076,kem_handshake,0.000038030|0.000023434|0.000057887,0.00,0.00,43167744,43167744,768,768,1536
3883,1764562610.2835307,kem_handshake,0.000061223|0.000043941|0.000085237,0.00,0.00,43167744,43167744,768,768,1536
3884,1764562610.2861016,kem_handshake,0.000080498|0.000036607|0.000088374,0.00,0.00,43167744,43167744,768,768,1536
3885,1764562610.287727,kem_handshake,0.000022752|0.000018955|0.000045845,0.00,0.00,43167744,43167744,768,768,1536
3886,1764562610.289348,kem_handshake,0.000041677|0.000032961|0.000066833,0.00,0.00,43167744,43167744,768,768,1536
3887,1764562610.2910845,kem_handshake,0.000038160|0.000022872|0.000049631,0.00,0.00,43167744,43167744,768,768,1536
3888,1764562610.2931356,kem_handshake,0.000055753|0.000027080|0.000078175,0.00,0.00,43167744,43167744,768,768,1536
3889,1764562610.2954745,kem_handshake,0.000068887|0.000032389|0.000097820,0.00,0.00,43167744,43167744,768,768,1536
3890,1764562610.2975254,kem_handshake,0.000032871|0.000019947|0.000053279,0.00,0.00,43167744,43167744,768,768,1536
3891,1764562610.2993987,kem_handshake,0.000035626|0.000020889|0.000059660,0.00,0.00,43167744,43167744,768,768,1536
3892,1764562610.300925,kem_handshake,0.000030366|0.000018815|0.000043681,0.00,0.00,43167744,43167744,768,768,1536
3893,1764562610.3025365,kem_handshake,0.000041287|0.000033452|0.000069379,0.00,0.00,43167744,43167744,768,768,1536
3894,1764562610.3044162,kem_handshake,0.000049351|0.000026670|0.000054951,0.00,0.00,43167744,43167744,768,768,1536
3895,1764562610.3067555,kem_handshake,0.000058248|0.000027140|0.000102009,0.00,0.00,43167744,43167744,768,768,1536
3896,1764562610.3085423,kem_handshake,0.000034304|0.000021179|0.000050403,0.00,0.00,43167744,43167744,768,768,1536
3897,1764562610.3097997,kem_handshake,0.000021780|0.000016040|0.000034534,0.00,0.00,43167744,43167744,768,768,1536
3898,1764562610.3110604,kem_handshake,0.000023513|0.000016621|0.000044032,0.00,0.00,43167744,43167744,768,768,1536
3899,1764562610.3137016,kem_handshake,0.000053018|0.000034925|0.000080569,0.00,0.00,43167744,43167744,768,768,1536
3900,1764562610.3161676,kem_handshake,0.000138486|0.000043460|0.000169283,0.00,0.00,43167744,43167744,768,768,1536
3901,1764562610.3186061,kem_handshake,0.000061474|0.000039934|0.000100205,0.00,0.00,43167744,43167744,768,768,1536
3902,1764562610.3203642,kem_handshake,0.000026479|0.000017933|0.000045173,0.00,0.00,43167744,43167744,768,768,1536
3903,1764562610.3218448,kem_handshake,0.000036497|0.000027701|0.000058609,0.00,0.00,43167744,43167744,768,768,1536
3904,1764562610.3241787,kem_handshake,0.000046276|0.000024285|0.000058678,0.00,0.00,43167744,43167744,768,768,1536
3905,1764562610.3275752,kem_handshake,0.000129951|0.000036968|0.000093934,0.00,0.00,43167744,43167744,768,768,1536
3906,1764562610.3302612,kem_handshake,0.000057686|0.000023935|0.000081010,0.00,0.00,43167744,43167744,768,768,1536
3907,1764562610.3318565,kem_handshake,0.000029865|0.000017473|0.000047197,0.00,0.00,43167744,43167744,768,768,1536
3908,1764562610.3330932,kem_handshake,0.000024265|0.000017292|0.000036628,0.00,0.00,43167744,43167744,768,768,1536
3909,1764562610.3345141,kem_handshake,0.000037670|0.000020277|0.000053478,0.00,0.00,43167744,43167744,768,768,1536
3910,1764562610.3367069,kem_handshake,0.000041176|0.000026569|0.000075951,0.00,0.00,43167744,43167744,768,768,1536
3911,1764562610.3389077,kem_handshake,0.000041567|0.000037019|0.000089405,0.00,0.00,43167744,43167744,768,768,1536
3912,1764562610.3410344,kem_handshake,0.000057396|0.000025097|0.000077894,0.00,0.00,43167744,43167744,768,768,1536
3913,1764562610.3429668,kem_handshake,0.000042258|0.000027331|0.000067344,0.00,0.00,43167744,43167744,768,768,1536
3914,1764562610.344325,kem_handshake,0.000026820|0.000017773|0.000038642,0.00,0.00,43167744,43167744,768,768,1536
3915,1764562610.3454795,kem_handshake,0.000019456|0.000016320|0.000033381,0.00,0.00,43167744,43167744,768,768,1536
3916,1764562610.346604,kem_handshake,0.000020447|0.000016320|0.000035976,0.00,0.00,43167744,43167744,768,768,1536
3917,1764562610.348353,kem_handshake,0.000033232|0.000018935|0.000044202,0.00,0.00,43167744,43167744,768,768,1536
3918,1764562610.3501341,kem_handshake,0.000037570|0.000023874|0.000063929,0.00,0.00,43167744,43167744,768,768,1536
3919,1764562610.3521042,kem_handshake,0.000051335|0.000026389|0.000075270,0.00,0.00,43167744,43167744,768,768,1536
3920,1764562610.3545501,kem_handshake,0.000064689|0.000042438|0.000115393,0.00,0.00,43167744,43167744,768,768,1536
3921,1764562610.3565464,kem_handshake,0.000032339|0.000021089|0.000049101,0.00,0.00,43167744,43167744,768,768,1536
3922,1764562610.358071,kem_handshake,0.000028883|0.000019055|0.000037039,0.00,0.00,43167744,43167744,768,768,1536
3923,1764562610.3598104,kem_handshake,0.000036257|0.000019666|0.000045595,0.00,0.00,43167744,43167744,768,768,1536
3924,1764562610.3610651,kem_handshake,0.000026599|0.000017052|0.000036758,0.00,0.00,43167744,43167744,768,768,1536
3925,1764562610.3626738,kem_handshake,0.000044022|0.000022962|0.000052827,0.00,0.00,43167744,43167744,768,768,1536
3926,1764562610.3640676,kem_handshake,0.000023664|0.000016921|0.000042458,0.00,0.00,43167744,43167744,768,768,1536
3927,1764562610.3656027,kem_handshake,0.000026880|0.000017662|0.000040094,0.00,0.00,43167744,43167744,768,768,1536
3928,1764562610.3676822,kem_handshake,0.000045113|0.000024776|0.000066463,0.00,0.00,43167744,43167744,768,768,1536
3929,1764562610.369511,kem_handshake,0.000051185|0.000023373|0.000069188,0.00,0.00,43167744,43167744,768,768,1536
3930,1764562610.3709717,kem_handshake,0.000026669|0.000025077|0.000048340,0.00,0.00,43167744,43167744,768,768,1536
3931,1764562610.3726585,kem_handshake,0.000032039|0.000019266|0.000042529,0.00,0.00,43167744,43167744,768,768,1536
3932,1764562610.3743463,kem_handshake,0.000027070|0.000017803|0.000043631,0.00,0.00,43167744,43167744,768,768,1536
3933,1764562610.375998,kem_handshake,0.000033923|0.000019887|0.000052357,0.00,0.00,43167744,43167744,768,768,1536
3934,1764562610.3775442,kem_handshake,0.000026889|0.000018223|0.000038231,0.00,0.00,43167744,43167744,768,768,1536
3935,1764562610.3795226,kem_handshake,0.000025617|0.000017592|0.000064138,0.00,0.00,43167744,43167744,768,768,1536
3936,1764562610.3816407,kem_handshake,0.000038130|0.000021941|0.000049571,0.00,0.00,43167744,43167744,768,768,1536
3937,1764562610.3834603,kem_handshake,0.000046726|0.000024896|0.000102800,0.00,0.00,43167744,43167744,768,768,1536
3938,1764562610.3864527,kem_handshake,0.000079436|0.000036727|0.000102910,0.00,0.00,43167744,43167744,768,768,1536
3939,1764562610.3887153,kem_handshake,0.000037550|0.000022361|0.000067214,0.00,0.00,43167744,43167744,768,768,1536
3940,1764562610.3903449,kem_handshake,0.000030968|0.000019376|0.000047729,0.00,0.00,43167744,43167744,768,768,1536
3941,1764562610.392263,kem_handshake,0.000046787|0.000021450|0.000047187,0.00,0.00,43167744,43167744,768,768,1536
3942,1764562610.3938456,kem_handshake,0.000080549|0.000028072|0.000045464,0.00,0.00,43167744,43167744,768,768,1536
3943,1764562610.3955932,kem_handshake,0.000038692|0.000022121|0.000053369,0.00,0.00,43167744,43167744,768,768,1536
3944,1764562610.3979626,kem_handshake,0.000062245|0.000038651|0.000107849,0.00,0.00,43167744,43167744,768,768,1536
3945,1764562610.3995285,kem_handshake,0.000025567|0.000017292|0.000040615,0.00,0.00,43167744,43167744,768,768,1536
3946,1764562610.4007816,kem_handshake,0.000022872|0.000017242|0.000033522,0.00,0.00,43167744,43167744,768,768,1536
3947,1764562610.4022412,kem_handshake,0.000035445|0.000021289|0.000049010,0.00,0.00,43167744,43167744,768,768,1536
3948,1764562610.404323,kem_handshake,0.000045023|0.000021119|0.000045754,0.00,0.00,43167744,43167744,768,768,1536
3949,1764562610.406022,kem_handshake,0.000035876|0.000019686|0.000048289,0.00,0.00,43167744,43167744,768,768,1536
3950,1764562610.4078,kem_handshake,0.000045645|0.000024585|0.000068577,0.00,0.00,43167744,43167744,768,768,1536
3951,1764562610.40925,kem_handshake,0.000030306|0.000018434|0.000046155,0.00,0.00,43167744,43167744,768,768,1536
3952,1764562610.4106314,kem_handshake,0.000023223|0.000018083|0.000039012,0.00,0.00,43167744,43167744,768,768,1536
3953,1764562610.4125347,kem_handshake,0.000070831|0.000060572|0.000081401,0.00,0.00,43167744,43167744,768,768,1536
3954,1764562610.4141486,kem_handshake,0.000036588|0.000020528|0.000041857,0.00,0.00,43167744,43167744,768,768,1536
3955,1764562610.4161372,kem_handshake,0.000072975|0.000034334|0.000066813,0.00,0.00,43167744,43167744,768,768,1536
3956,1764562610.4180424,kem_handshake,0.000040575|0.000021660|0.000052237,0.00,0.00,43167744,43167744,768,768,1536
3957,1764562610.4193535,kem_handshake,0.000021299|0.000016470|0.000035035,0.00,0.00,43167744,43167744,768,768,1536
3958,1764562610.4205394,kem_handshake,0.000023864|0.000016420|0.000037118,0.00,0.00,43167744,43167744,768,768,1536
3959,1764562610.422586,kem_handshake,0.000050313|0.000035245|0.000076792,0.00,0.00,43167744,43167744,768,768,1536
3960,1764562610.4242945,kem_handshake,0.000042769|0.000024826|0.000083144,0.00,0.00,43167744,43167744,768,768,1536
3961,1764562610.4269514,kem_handshake,0.000054370|0.000038070|0.000110614,0.00,0.00,43167744,43167744,768,768,1536
3962,1764562610.4289222,kem_handshake,0.000033922|0.000021269|0.000049872,0.00,0.00,43167744,43167744,768,768,1536
3963,1764562610.430301,kem_handshake,0.000025587|0.000019817|0.000041146,0.00,0.00,43167744,43167744,768,768,1536
3964,1764562610.4319773,kem_handshake,0.000048279|0.000031859|0.000051676,0.00,0.00,43167744,43167744,768,768,1536
3965,1764562610.4340105,kem_handshake,0.000079717|0.000034394|0.000104573,0.00,0.00,43167744,43167744,768,768,1536
3966,1764562610.4363375,kem_handshake,0.000060933|0.000031307|0.000084596,0.00,0.00,43167744,43167744,768,768,1536
3967,1764562610.4383044,kem_handshake,0.000046756|0.000022140|0.000080338,0.00,0.00,43167744,43167744,768,768,1536
3968,1764562610.4398592,kem_handshake,0.000025327|0.000017031|0.000041857,0.00,0.00,43167744,43167744,768,768,1536
3969,1764562610.4411511,kem_handshake,0.000035025|0.000019346|0.000041978,0.00,0.00,43167744,43167744,768,768,1536
3970,1764562610.4425654,kem_handshake,0.000028673|0.000017993|0.000046496,0.00,0.00,43167744,43167744,768,768,1536
3971,1764562610.444012,kem_handshake,0.000039833|0.000022853|0.000052397,0.00,0.00,43167744,43167744,768,768,1536
3972,1764562610.446018,kem_handshake,0.000061323|0.000035015|0.000081200,0.00,0.00,43167744,43167744,768,768,1536
3973,1764562610.4495804,kem_handshake,0.000087632|0.000037229|0.000109603,0.00,0.00,43167744,43167744,768,768,1536
3974,1764562610.451869,kem_handshake,0.000032470|0.000019236|0.000048640,0.00,0.00,43167744,43167744,768,768,1536
3975,1764562610.4532325,kem_handshake,0.000023995|0.000016911|0.000035084,0.00,0.00,43167744,43167744,768,768,1536
3976,1764562610.4548516,kem_handshake,0.000040445|0.000022472|0.000050984,0.00,0.00,43167744,43167744,768,768,1536
3977,1764562610.4565697,kem_handshake,0.000073937|0.000023954|0.000074759,0.00,0.00,43167744,43167744,768,768,1536
3978,1764562610.4594135,kem_handshake,0.000080288|0.000031538|0.000089445,0.00,0.00,43167744,43167744,768,768,1536
3979,1764562610.4611359,kem_handshake,0.000033762|0.000020017|0.000065331,0.00,0.00,43167744,43167744,768,768,1536
3980,1764562610.4625902,kem_handshake,0.000022863|0.000017362|0.000041967,0.00,0.00,43167744,43167744,768,768,1536
3981,1764562610.4646237,kem_handshake,0.000071592|0.000033753|0.000111395,0.00,0.00,43167744,43167744,768,768,1536
3982,1764562610.4663358,kem_handshake,0.000046216|0.000024175|0.000069578,0.00,0.00,43167744,43167744,768,768,1536
3983,1764562610.4685907,kem_handshake,0.000058358|0.000027100|0.000083815,0.00,0.00,43167744,43167744,768,768,1536
3984,1764562610.4706109,kem_handshake,0.000038181|0.000020929|0.000055592,0.00,0.00,43167744,43167744,768,768,1536
3985,1764562610.472109,kem_handshake,0.000022111|0.000016711|0.000035385,0.00,0.00,43167744,43167744,768,768,1536
3986,1764562610.473571,kem_handshake,0.000033542|0.000021009|0.000050684,0.00,0.00,43167744,43167744,768,768,1536
3987,1764562610.4749029,kem_handshake,0.000024646|0.000016621|0.000037840,0.00,0.00,43167744,43167744,768,768,1536
3988,1764562610.4771748,kem_handshake,0.000102890|0.000040935|0.000117908,0.00,0.00,43167744,43167744,768,768,1536
3989,1764562610.4796288,kem_handshake,0.000054450|0.000023003|0.000068998,0.00,0.00,43167744,43167744,768,768,1536
3990,1764562610.481968,kem_handshake,0.000053018|0.000027731|0.000080679,0.00,0.00,43167744,43167744,768,768,1536
3991,1764562610.483462,kem_handshake,0.000022392|0.000017833|0.000036828,0.00,0.00,43167744,43167744,768,768,1536
3992,1764562610.484697,kem_handshake,0.000024896|0.000017873|0.000035756,0.00,0.00,43167744,43167744,768,768,1536
3993,1764562610.48611,kem_handshake,0.000037159|0.000021900|0.000047948,0.00,0.00,43167744,43167744,768,768,1536
3994,1764562610.4884272,kem_handshake,0.000075079|0.000032831|0.000075700,0.00,0.00,43167744,43167744,768,768,1536
3995,1764562610.490619,kem_handshake,0.000034393|0.000020648|0.000041637,0.00,0.00,43167744,43167744,768,768,1536
3996,1764562610.4919674,kem_handshake,0.000042599|0.000019696|0.000046085,0.00,0.00,43167744,43167744,768,768,1536
3997,1764562610.493477,kem_handshake,0.000034033|0.000019917|0.000045504,0.00,0.00,43167744,43167744,768,768,1536
3998,1764562610.49552,kem_handshake,0.000042869|0.000024205|0.000064519,0.00,9212.30,43167744,43167744,768,768,1536
3999,1764562610.4973576,kem_handshake,0.000042168|0.000023133|0.000061864,0.00,0.00,43167744,43167744,768,768,1536
4000,1764562610.498799,kem_handshake,0.000028292|0.000017803|0.000039402,0.00,0.00,43167744,43167744,768,768,1536
4001,1764562610.5001578,kem_handshake,0.000026379|0.000017312|0.000044161,0.00,0.00,43167744,43167744,768,768,1536
4002,1764562610.501479,kem_handshake,0.000025978|0.000019736|0.000042167,0.00,0.00,43167744,43167744,768,768,1536
4003,1764562610.5031044,kem_handshake,0.000033642|0.000021580|0.000047228,0.00,0.00,43167744,43167744,768,768,1536
4004,1764562610.5048285,kem_handshake,0.000040695|0.000023293|0.000056585,0.00,0.00,43167744,43167744,768,768,1536
4005,1764562610.5065048,kem_handshake,0.000036378|0.000019836|0.000050172,0.00,0.00,43167744,43167744,768,768,1536
4006,1764562610.5078945,kem_handshake,0.000024926|0.000018024|0.000038922,0.00,0.00,43167744,43167744,768,768,1536
4007,1764562610.509386,kem_handshake,0.000030567|0.000018895|0.000042278,0.00,0.00,43167744,43167744,768,768,1536
4008,1764562610.5108414,kem_handshake,0.000024094|0.000017292|0.000036968,0.00,0.00,43167744,43167744,768,768,1536
4009,1764562610.5120327,kem_handshake,0.000020628|0.000016290|0.000033351,0.00,0.00,43167744,43167744,768,768,1536
4010,1764562610.5132551,kem_handshake,0.000020639|0.000017302|0.000033602,0.00,0.00,43167744,43167744,768,768,1536
4011,1764562610.5144598,kem_handshake,0.000020348|0.000016380|0.000033161,0.00,0.00,43167744,43167744,768,768,1536
4012,1764562610.515664,kem_handshake,0.000022842|0.000016480|0.000034444,0.00,0.00,43167744,43167744,768,768,1536
4013,1764562610.5175781,kem_handshake,0.000058198|0.000028393|0.000080018,0.00,0.00,43167744,43167744,768,768,1536
4014,1764562610.519455,kem_handshake,0.000037499|0.000021289|0.000051946,0.00,0.00,43167744,43167744,768,768,1536
4015,1764562610.5208058,kem_handshake,0.000023694|0.000017422|0.000036778,0.00,0.00,43167744,43167744,768,768,1536
4016,1764562610.5222018,kem_handshake,0.000028042|0.000018104|0.000039913,0.00,0.00,43167744,43167744,768,768,1536
4017,1764562610.5235226,kem_handshake,0.000029785|0.000018544|0.000051806,0.00,0.00,43167744,43167744,768,768,1536
4018,1764562610.525198,kem_handshake,0.000038972|0.000023073|0.000067775,0.00,0.00,43167744,43167744,768,768,1536
4019,1764562610.5266855,kem_handshake,0.000024084|0.000018424|0.000040936,0.00,0.00,43167744,43167744,768,768,1536
4020,1764562610.5280678,kem_handshake,0.000029013|0.000018594|0.000043711,0.00,0.00,43167744,43167744,768,768,1536
4021,1764562610.5294878,kem_handshake,0.000034454|0.000020799|0.000046586,0.00,10511.30,43167744,43167744,768,768,1536
4022,1764562610.531557,kem_handshake,0.000079628|0.000025026|0.000124250,0.00,0.00,43167744,43167744,768,768,1536
4023,1764562610.5340006,kem_handshake,0.000060552|0.000046395|0.000081651,0.00,0.00,43167744,43167744,768,768,1536
4024,1764562610.5356486,kem_handshake,0.000024505|0.000017362|0.000036438,0.00,0.00,43167744,43167744,768,768,1536
4025,1764562610.5370507,kem_handshake,0.000033212|0.000018965|0.000051335,0.00,0.00,43167744,43167744,768,768,1536
4026,1764562610.5383775,kem_handshake,0.000024195|0.000017052|0.000046546,0.00,0.00,43167744,43167744,768,768,1536
4027,1764562610.5401733,kem_handshake,0.000061404|0.000024946|0.000084807,0.00,0.00,43167744,43167744,768,768,1536
4028,1764562610.5422182,kem_handshake,0.000040014|0.000023003|0.000068918,0.00,0.00,43167744,43167744,768,768,1536
4029,1764562610.543826,kem_handshake,0.000035135|0.000020598|0.000055763,0.00,0.00,43167744,43167744,768,768,1536
4030,1764562610.5453384,kem_handshake,0.000028383|0.000018244|0.000049591,0.00,0.00,43167744,43167744,768,768,1536
4031,1764562610.5467844,kem_handshake,0.000024455|0.000017161|0.000041035,0.00,13192.40,43167744,43167744,768,768,1536
4032,1764562610.548052,kem_handshake,0.000061654|0.000021910|0.000034404,0.00,0.00,43167744,43167744,768,768,1536
4033,1764562610.5493522,kem_handshake,0.000023664|0.000017051|0.000036497,0.00,0.00,43167744,43167744,768,768,1536
4034,1764562610.5507576,kem_handshake,0.000030817|0.000019867|0.000047518,0.00,0.00,43167744,43167744,768,768,1536
4035,1764562610.5520608,kem_handshake,0.000025597|0.000018885|0.000041396,0.00,0.00,43167744,43167744,768,768,1536
4036,1764562610.553356,kem_handshake,0.000027351|0.000018865|0.000040845,0.00,0.00,43167744,43167744,768,768,1536
4037,1764562610.5550973,kem_handshake,0.000057737|0.000024646|0.000079387,0.00,0.00,43167744,43167744,768,768,1536
4038,1764562610.5573883,kem_handshake,0.000044893|0.000028212|0.000094415,0.00,0.00,43167744,43167744,768,768,1536
4039,1764562610.5606391,kem_handshake,0.000065811|0.000042067|0.000108911,0.00,0.00,43167744,43167744,768,768,1536
4040,1764562610.562392,kem_handshake,0.000025948|0.000018053|0.000043450,0.00,0.00,43167744,43167744,768,768,1536
4041,1764562610.5634992,kem_handshake,0.000019616|0.000016050|0.000033292,0.00,0.00,43167744,43167744,768,768,1536
4042,1764562610.5647802,kem_handshake,0.000040164|0.000025597|0.000062515,0.00,0.00,43167744,43167744,768,768,1536
4043,1764562610.5667884,kem_handshake,0.000065892|0.000029044|0.000088343,0.00,0.00,43167744,43167744,768,768,1536
4044,1764562610.5694091,kem_handshake,0.000091649|0.000031037|0.000117407,0.00,0.00,43167744,43167744,768,768,1536
4045,1764562610.5723238,kem_handshake,0.000082642|0.000047477|0.000123598,0.00,0.00,43167744,43167744,768,768,1536
4046,1764562610.5745897,kem_handshake,0.000037930|0.000022452|0.000058298,0.00,0.00,43167744,43167744,768,768,1536
4047,1764562610.5760798,kem_handshake,0.000028994|0.000016901|0.000054570,0.00,0.00,43167744,43167744,768,768,1536
4048,1764562610.577612,kem_handshake,0.000033422|0.000021119|0.000052668,0.00,0.00,43167744,43167744,768,768,1536
4049,1764562610.5799851,kem_handshake,0.000072433|0.000034965|0.000068427,0.00,0.00,43167744,43167744,768,768,1536
4050,1764562610.5815675,kem_handshake,0.000037920|0.000021159|0.000044572,0.00,0.00,43167744,43167744,768,768,1536
4051,1764562610.5840743,kem_handshake,0.000072083|0.000054821|0.000115213,0.00,0.00,43167744,43167744,768,768,1536
4052,1764562610.5865571,kem_handshake,0.000038752|0.000022401|0.000058027,0.00,0.00,43167744,43167744,768,768,1536
4053,1764562610.5878184,kem_handshake,0.000021570|0.000016160|0.000035144,0.00,0.00,43167744,43167744,768,768,1536
4054,1764562610.5889723,kem_handshake,0.000020839|0.000016450|0.000034234,0.00,0.00,43167744,43167744,768,768,1536
4055,1764562610.5905426,kem_handshake,0.000035596|0.000020728|0.000048209,0.00,0.00,43167744,43167744,768,768,1536
4056,1764562610.5932672,kem_handshake,0.000074889|0.000031458|0.000097891,0.00,0.00,43167744,43167744,768,768,1536
4057,1764562610.596037,kem_handshake,0.000079657|0.000042579|0.000121795,0.00,0.00,43167744,43167744,768,768,1536
4058,1764562610.5986547,kem_handshake,0.000046446|0.000025196|0.000058568,0.00,0.00,43167744,43167744,768,768,1536
4059,1764562610.6000686,kem_handshake,0.000031899|0.000018374|0.000040585,0.00,0.00,43167744,43167744,768,768,1536
4060,1764562610.6013124,kem_handshake,0.000022001|0.000017141|0.000035495,0.00,0.00,43167744,43167744,768,768,1536
4061,1764562610.6040428,kem_handshake,0.000079226|0.000043270|0.000110424,0.00,0.00,43167744,43167744,768,768,1536
4062,1764562610.6066806,kem_handshake,0.000128498|0.000053349|0.000130401,0.00,0.00,43167744,43167744,768,768,1536
4063,1764562610.6095428,kem_handshake,0.000057747|0.000026559|0.000077052,0.00,0.00,43167744,43167744,768,768,1536
4064,1764562610.6113217,kem_handshake,0.000046546|0.000023714|0.000058939,0.00,0.00,43167744,43167744,768,768,1536
4065,1764562610.6126232,kem_handshake,0.000023133|0.000017352|0.000035405,0.00,0.00,43167744,43167744,768,768,1536
4066,1764562610.6138742,kem_handshake,0.000027110|0.000020267|0.000049702,0.00,0.00,43167744,43167744,768,768,1536
4067,1764562610.61546,kem_handshake,0.000043941|0.000024615|0.000067765,0.00,0.00,43167744,43167744,768,768,1536
4068,1764562610.6171806,kem_handshake,0.000047127|0.000031067|0.000071542,0.00,0.00,43167744,43167744,768,768,1536
4069,1764562610.6188,kem_handshake,0.000033792|0.000021260|0.000050664,0.00,0.00,43167744,43167744,768,768,1536
4070,1764562610.6217017,kem_handshake,0.000060903|0.000039443|0.000101106,0.00,0.00,43167744,43167744,768,768,1536
4071,1764562610.623047,kem_handshake,0.000020678|0.000016470|0.000034874,0.00,0.00,43167744,43167744,768,768,1536
4072,1764562610.6241844,kem_handshake,0.000021399|0.000016450|0.000034544,0.00,0.00,43167744,43167744,768,768,1536
4073,1764562610.6268888,kem_handshake,0.000113470|0.000077163|0.000158062,0.00,0.00,43167744,43167744,768,768,1536
4074,1764562610.6308875,kem_handshake,0.000067425|0.000033803|0.000076271,0.00,0.00,43167744,43167744,768,768,1536
4075,1764562610.6357057,kem_handshake,0.000158423|0.000066644|0.000171256,0.00,3070.70,43167744,43167744,768,768,1536
4076,1764562610.6387157,kem_handshake,0.000060331|0.000031879|0.000067345,0.00,0.00,43167744,43167744,768,768,1536
4077,1764562610.6413531,kem_handshake,0.000059661|0.000031027|0.000085568,0.00,0.00,43167744,43167744,768,768,1536
4078,1764562610.6456633,kem_handshake,0.000145789|0.000062967|0.000167820,0.00,0.00,43167744,43167744,768,768,1536
4079,1764562610.649715,kem_handshake,0.000127886|0.000058859|0.000122496,0.00,0.00,43167744,43167744,768,768,1536
4080,1764562610.652982,kem_handshake,0.000064860|0.000032340|0.000066633,0.00,0.00,43167744,43167744,768,768,1536
4081,1764562610.6569562,kem_handshake,0.000136862|0.000058468|0.000177117,0.00,3591.10,43167744,43167744,768,768,1536
4082,1764562610.6601017,kem_handshake,0.000081300|0.000037058|0.000082763,0.00,0.00,43167744,43167744,768,768,1536
4083,1764562610.663268,kem_handshake,0.000110123|0.000041177|0.000075209,0.00,0.00,43167744,43167744,768,768,1536
4084,1764562610.667486,kem_handshake,0.000139238|0.000059049|0.000149607,0.00,0.00,43167744,43167744,768,768,1536
4085,1764562610.6718662,kem_handshake,0.000109482|0.000052186|0.000145920,0.00,0.00,43167744,43167744,768,768,1536
4086,1764562610.6747365,kem_handshake,0.000064038|0.000033802|0.000075670,0.00,0.00,43167744,43167744,768,768,1536
4087,1764562610.67878,kem_handshake,0.000105134|0.000051676|0.000131242,0.00,0.00,43167744,43167744,768,768,1536
4088,1764562610.682013,kem_handshake,0.000116796|0.000041236|0.000093072,0.00,0.00,43167744,43167744,768,768,1536
4089,1764562610.6848273,kem_handshake,0.000073516|0.000047698|0.000136743,0.00,0.00,43167744,43167744,768,768,1536
4090,1764562610.6876628,kem_handshake,0.000059019|0.000030587|0.000090377,0.00,0.00,43167744,43167744,768,768,1536
4091,1764562610.6896574,kem_handshake,0.000030747|0.000019476|0.000047438,0.00,0.00,43167744,43167744,768,768,1536
4092,1764562610.691089,kem_handshake,0.000028443|0.000018765|0.000039243,0.00,0.00,43167744,43167744,768,768,1536
4093,1764562610.6925235,kem_handshake,0.000024285|0.000017352|0.000036177,0.00,0.00,43167744,43167744,768,768,1536
4094,1764562610.6938689,kem_handshake,0.000029505|0.000019776|0.000058067,0.00,0.00,43167744,43167744,768,768,1536
4095,1764562610.6950948,kem_handshake,0.000026268|0.000016901|0.000040826,0.00,0.00,43167744,43167744,768,768,1536
4096,1764562610.6962554,kem_handshake,0.000020808|0.000016020|0.000033522,0.00,0.00,43167744,43167744,768,768,1536
4097,1764562610.6973934,kem_handshake,0.000019836|0.000015648|0.000033011,0.00,0.00,43167744,43167744,768,768,1536
4098,1764562610.6985517,kem_handshake,0.000023804|0.000016791|0.000036838,0.00,0.00,43167744,43167744,768,768,1536
4099,1764562610.7003458,kem_handshake,0.000063788|0.000066683|0.000124469,0.00,0.00,43167744,43167744,768,768,1536
4100,1764562610.7033746,kem_handshake,0.000081761|0.000040755|0.000099604,0.00,0.00,43167744,43167744,768,768,1536
4101,1764562610.7060304,kem_handshake,0.000081691|0.000033412|0.000072894,0.00,0.00,43167744,43167744,768,768,1536
4102,1764562610.7076924,kem_handshake,0.000029033|0.000020398|0.000046847,0.00,0.00,43167744,43167744,768,768,1536
4103,1764562610.7090933,kem_handshake,0.000032660|0.000018444|0.000055593,0.00,0.00,43167744,43167744,768,768,1536
4104,1764562610.7104619,kem_handshake,0.000025036|0.000017903|0.000043971,0.00,0.00,43167744,43167744,768,768,1536
4105,1764562610.7118902,kem_handshake,0.000026649|0.000020007|0.000055272,0.00,0.00,43167744,43167744,768,768,1536
4106,1764562610.7142057,kem_handshake,0.000039673|0.000025367|0.000048800,0.00,0.00,43167744,43167744,768,768,1536
4107,1764562610.7165632,kem_handshake,0.000093602|0.000060853|0.000137494,0.00,0.00,43167744,43167744,768,768,1536
4108,1764562610.7220407,kem_handshake,0.000103872|0.000051435|0.000118349,0.00,0.00,43167744,43167744,768,768,1536
4109,1764562610.7269669,kem_handshake,0.000127165|0.000055693|0.000143745,0.00,0.00,43167744,43167744,768,768,1536
4110,1764562610.7301853,kem_handshake,0.000046666|0.000025857|0.000053569,0.00,0.00,43167744,43167744,768,768,1536
4111,1764562610.7321916,kem_handshake,0.000026228|0.000017742|0.000042849,0.00,0.00,43167744,43167744,768,768,1536
4112,1764562610.7352011,kem_handshake,0.000101488|0.000039243|0.000107929,0.00,0.00,43167744,43167744,768,768,1536
4113,1764562610.7384865,kem_handshake,0.000086230|0.000041486|0.000120522,0.00,0.00,43167744,43167744,768,768,1536
4114,1764562610.7413526,kem_handshake,0.000087932|0.000044232|0.000096909,0.00,0.00,43167744,43167744,768,768,1536
4115,1764562610.7441146,kem_handshake,0.000042679|0.000024485|0.000069168,0.00,0.00,43167744,43167744,768,768,1536
4116,1764562610.7455845,kem_handshake,0.000019866|0.000016420|0.000035595,0.00,0.00,43167744,43167744,768,768,1536
4117,1764562610.7467601,kem_handshake,0.000021871|0.000016941|0.000035185,0.00,0.00,43167744,43167744,768,768,1536
4118,1764562610.748099,kem_handshake,0.000027922|0.000017903|0.000041507,0.00,0.00,43167744,43167744,768,768,1536
4119,1764562610.749496,kem_handshake,0.000028923|0.000021089|0.000042338,0.00,0.00,43167744,43167744,768,768,1536
4120,1764562610.7511597,kem_handshake,0.000040625|0.000022442|0.000057647,0.00,0.00,43167744,43167744,768,768,1536
4121,1764562610.7529058,kem_handshake,0.000031208|0.000018604|0.000048109,0.00,0.00,43167744,43167744,768,768,1536
4122,1764562610.7548516,kem_handshake,0.000116756|0.000030105|0.000064980,0.00,0.00,43167744,43167744,768,768,1536
4123,1764562610.756441,kem_handshake,0.000029214|0.000019747|0.000046095,0.00,0.00,43167744,43167744,768,768,1536
4124,1764562610.7577093,kem_handshake,0.000020498|0.000015989|0.000034734,0.00,0.00,43167744,43167744,768,768,1536
4125,1764562610.7593515,kem_handshake,0.000020748|0.000016160|0.000034855,0.00,0.00,43167744,43167744,768,768,1536
4126,1764562610.7605777,kem_handshake,0.000023934|0.000017102|0.000036167,0.00,0.00,43167744,43167744,768,768,1536
4127,1764562610.7618382,kem_handshake,0.000021710|0.000017312|0.000036267,0.00,0.00,43167744,43167744,768,768,1536
4128,1764562610.7629778,kem_handshake,0.000019966|0.000015528|0.000033372,0.00,0.00,43167744,43167744,768,768,1536
4129,1764562610.7640657,kem_handshake,0.000018885|0.000015659|0.000032730,0.00,0.00,43167744,43167744,768,768,1536
4130,1764562610.7651517,kem_handshake,0.000022542|0.000017883|0.000032881,0.00,0.00,43167744,43167744,768,768,1536
4131,1764562610.7662425,kem_handshake,0.000020498|0.000016431|0.000033652,0.00,0.00,43167744,43167744,768,768,1536
4132,1764562610.7674255,kem_handshake,0.000022601|0.000017523|0.000033382,0.00,0.00,43167744,43167744,768,768,1536
4133,1764562610.7690072,kem_handshake,0.000049842|0.000033202|0.000069839,0.00,0.00,43167744,43167744,768,768,1536
4134,1764562610.7704625,kem_handshake,0.000021379|0.000016811|0.000035516,0.00,0.00,43167744,43167744,768,768,1536
4135,1764562610.7715962,kem_handshake,0.000019746|0.000016380|0.000035556,0.00,0.00,43167744,43167744,768,768,1536
4136,1764562610.772726,kem_handshake,0.000020117|0.000016190|0.000032941,0.00,0.00,43167744,43167744,768,768,1536
4137,1764562610.7738266,kem_handshake,0.000019176|0.000015819|0.000033172,0.00,0.00,43167744,43167744,768,768,1536
4138,1764562610.7756846,kem_handshake,0.000021399|0.000016610|0.000034784,0.00,0.00,43167744,43167744,768,768,1536
4139,1764562610.776809,kem_handshake,0.000020709|0.000017011|0.000034884,0.00,0.00,43167744,43167744,768,768,1536
4140,1764562610.77795,kem_handshake,0.000025777|0.000016330|0.000034764,0.00,0.00,43167744,43167744,768,768,1536
4141,1764562610.7790394,kem_handshake,0.000019877|0.000015819|0.000032940,0.00,0.00,43167744,43167744,768,768,1536
4142,1764562610.780098,kem_handshake,0.000019216|0.000015378|0.000032750,0.00,0.00,43167744,43167744,768,768,1536
4143,1764562610.7811368,kem_handshake,0.000018865|0.000015819|0.000032851,0.00,0.00,43167744,43167744,768,768,1536
4144,1764562610.782186,kem_handshake,0.000018434|0.000015539|0.000032871,0.00,0.00,43167744,43167744,768,768,1536
4145,1764562610.78323,kem_handshake,0.000018544|0.000015529|0.000032099,0.00,15292.90,43167744,43167744,768,768,1536
4146,1764562610.785176,kem_handshake,0.000027191|0.000021489|0.000054300,0.00,0.00,43167744,43167744,768,768,1536
4147,1764562610.7866235,kem_handshake,0.000021901|0.000017242|0.000035866,0.00,0.00,43167744,43167744,768,768,1536
4148,1764562610.7877297,kem_handshake,0.000019647|0.000016180|0.000033582,0.00,0.00,43167744,43167744,768,768,1536
4149,1764562610.788789,kem_handshake,0.000018474|0.000015518|0.000032881,0.00,0.00,43167744,43167744,768,768,1536
4150,1764562610.7898648,kem_handshake,0.000018575|0.000015508|0.000037078,0.00,0.00,43167744,43167744,768,768,1536
4151,1764562610.7909245,kem_handshake,0.000018404|0.000023394|0.000032270,0.00,0.00,43167744,43167744,768,768,1536
4152,1764562610.7920058,kem_handshake,0.000020498|0.000015800|0.000032991,0.00,0.00,43167744,43167744,768,768,1536
4153,1764562610.793074,kem_handshake,0.000019826|0.000016230|0.000033221,0.00,0.00,43167744,43167744,768,768,1536
4154,1764562610.794205,kem_handshake,0.000024615|0.000018034|0.000036788,0.00,0.00,43167744,43167744,768,768,1536
4155,1764562610.795299,kem_handshake,0.000018794|0.000015659|0.000032841,0.00,0.00,43167744,43167744,768,768,1536
4156,1764562610.7963512,kem_handshake,0.000018614|0.000015669|0.000032630,0.00,0.00,43167744,43167744,768,768,1536
4157,1764562610.7974207,kem_handshake,0.000019216|0.000016100|0.000034544,0.00,0.00,43167744,43167744,768,768,1536
4158,1764562610.798465,kem_handshake,0.000018474|0.000015549|0.000032630,0.00,0.00,43167744,43167744,768,768,1536
4159,1764562610.7995028,kem_handshake,0.000018144|0.000015318|0.000032530,0.00,0.00,43167744,43167744,768,768,1536
4160,1764562610.800556,kem_handshake,0.000018875|0.000015739|0.000032800,0.00,0.00,43167744,43167744,768,768,1536
4161,1764562610.8016815,kem_handshake,0.000019316|0.000015669|0.000034053,0.00,0.00,43167744,43167744,768,768,1536
4162,1764562610.8028932,kem_handshake,0.000022531|0.000015969|0.000032851,0.00,0.00,43167744,43167744,768,768,1536
4163,1764562610.804021,kem_handshake,0.000019075|0.000015329|0.000033562,0.00,0.00,43167744,43167744,768,768,1536
4164,1764562610.8051085,kem_handshake,0.000019136|0.000015599|0.000032941,0.00,0.00,43167744,43167744,768,768,1536
4165,1764562610.8061836,kem_handshake,0.000018414|0.000015469|0.000032520,0.00,0.00,43167744,43167744,768,768,1536
4166,1764562610.807253,kem_handshake,0.000018454|0.000015719|0.000032781,0.00,0.00,43167744,43167744,768,768,1536
4167,1764562610.8083334,kem_handshake,0.000020588|0.000016170|0.000034283,0.00,0.00,43167744,43167744,768,768,1536
4168,1764562610.809482,kem_handshake,0.000022471|0.000016961|0.000034153,0.00,0.00,43167744,43167744,768,768,1536
4169,1764562610.8106387,kem_handshake,0.000020879|0.000016210|0.000036097,0.00,0.00,43167744,43167744,768,768,1536
4170,1764562610.8117318,kem_handshake,0.000018294|0.000015489|0.000034513,0.00,15208.90,43167744,43167744,768,768,1536
4171,1764562610.8127928,kem_handshake,0.000018283|0.000015729|0.000033312,0.00,0.00,43167744,43167744,768,768,1536
4172,1764562610.8140118,kem_handshake,0.000021700|0.000017292|0.000034443,0.00,0.00,43167744,43167744,768,768,1536
4173,1764562610.8151205,kem_handshake,0.000019777|0.000016470|0.000033011,0.00,0.00,43167744,43167744,768,768,1536
4174,1764562610.816231,kem_handshake,0.000019656|0.000016260|0.000032600,0.00,0.00,43167744,43167744,768,768,1536
4175,1764562610.8173885,kem_handshake,0.000020148|0.000016070|0.000033172,0.00,0.00,43167744,43167744,768,768,1536
4176,1764562610.818573,kem_handshake,0.000022462|0.000016460|0.000035285,0.00,0.00,43167744,43167744,768,768,1536
4177,1764562610.8196735,kem_handshake,0.000020377|0.000016520|0.000033221,0.00,0.00,43167744,43167744,768,768,1536
4178,1764562610.8207572,kem_handshake,0.000019706|0.000015810|0.000032761,0.00,0.00,43167744,43167744,768,768,1536
4179,1764562610.8218155,kem_handshake,0.000019195|0.000015800|0.000033572,0.00,0.00,43167744,43167744,768,768,1536
4180,1764562610.8229,kem_handshake,0.000019065|0.000015679|0.000032841,0.00,0.00,43167744,43167744,768,768,1536
4181,1764562610.823981,kem_handshake,0.000019265|0.000015439|0.000032971,0.00,0.00,43167744,43167744,768,768,1536
4182,1764562610.8250303,kem_handshake,0.000019345|0.000015588|0.000032880,0.00,0.00,43167744,43167744,768,768,1536
4183,1764562610.8261633,kem_handshake,0.000024115|0.000018554|0.000044573,0.00,0.00,43167744,43167744,768,768,1536
4184,1764562610.8274171,kem_handshake,0.000026098|0.000017593|0.000038180,0.00,0.00,43167744,43167744,768,768,1536
4185,1764562610.8285136,kem_handshake,0.000019786|0.000016360|0.000032951,0.00,0.00,43167744,43167744,768,768,1536
4186,1764562610.8296046,kem_handshake,0.000020167|0.000016170|0.000032720,0.00,0.00,43167744,43167744,768,768,1536
4187,1764562610.8306637,kem_handshake,0.000019125|0.000015429|0.000032640,0.00,0.00,43167744,43167744,768,768,1536
4188,1764562610.8317266,kem_handshake,0.000018564|0.000015859|0.000032760,0.00,0.00,43167744,43167744,768,768,1536
4189,1764562610.8327737,kem_handshake,0.000018684|0.000015428|0.000032650,0.00,0.00,43167744,43167744,768,768,1536
4190,1764562610.835225,kem_handshake,0.000045975|0.000035285|0.000071913,0.00,0.00,43167744,43167744,768,768,1536
4191,1764562610.8366826,kem_handshake,0.000023593|0.000017924|0.000036738,0.00,0.00,43167744,43167744,768,768,1536
4192,1764562610.8378484,kem_handshake,0.000019947|0.000016200|0.000038501,0.00,0.00,43167744,43167744,768,768,1536
4193,1764562610.8389392,kem_handshake,0.000022922|0.000016291|0.000032871,0.00,0.00,43167744,43167744,768,768,1536
4194,1764562610.8400445,kem_handshake,0.000019987|0.000016932|0.000032911,0.00,0.00,43167744,43167744,768,768,1536
4195,1764562610.8411553,kem_handshake,0.000018975|0.000015629|0.000032220,0.00,0.00,43167744,43167744,768,768,1536
4196,1764562610.8422701,kem_handshake,0.000020619|0.000019235|0.000032810,0.00,0.00,43167744,43167744,768,768,1536
4197,1764562610.8441265,kem_handshake,0.000025247|0.000017161|0.000036527,0.00,0.00,43167744,43167744,768,768,1536
4198,1764562610.8463461,kem_handshake,0.000077203|0.000051185|0.000103261,0.00,0.00,43167744,43167744,768,768,1536
4199,1764562610.8484898,kem_handshake,0.000031788|0.000020317|0.000039503,0.00,0.00,43167744,43167744,768,768,1536
4200,1764562610.849796,kem_handshake,0.000024875|0.000017302|0.000036918,0.00,0.00,43167744,43167744,768,768,1536
4201,1764562610.8518665,kem_handshake,0.000084947|0.000044703|0.000123558,0.00,0.00,43167744,43167744,768,768,1536
4202,1764562610.8544846,kem_handshake,0.000049592|0.000024044|0.000059900,0.00,0.00,43167744,43167744,768,768,1536
4203,1764562610.8561823,kem_handshake,0.000039112|0.000053539|0.000057877,0.00,0.00,43167744,43167744,768,768,1536
4204,1764562610.8576016,kem_handshake,0.000034013|0.000019987|0.000042038,0.00,0.00,43167744,43167744,768,768,1536
4205,1764562610.8597946,kem_handshake,0.000107929|0.000039383|0.000078194,0.00,0.00,43167744,43167744,768,768,1536
4206,1764562610.862927,kem_handshake,0.000059490|0.000026580|0.000089315,0.00,0.00,43167744,43167744,768,768,1536
4207,1764562610.865122,kem_handshake,0.000037139|0.000020087|0.000051405,0.00,0.00,43167744,43167744,768,768,1536
4208,1764562610.8664415,kem_handshake,0.000024766|0.000017763|0.000040555,0.00,0.00,43167744,43167744,768,768,1536
4209,1764562610.86782,kem_handshake,0.000030216|0.000020778|0.000038150,0.00,0.00,43167744,43167744,768,768,1536
4210,1764562610.8697965,kem_handshake,0.000038341|0.000027221|0.000071573,0.00,0.00,43167744,43167744,768,768,1536
4211,1764562610.8723848,kem_handshake,0.000042238|0.000023183|0.000054040,0.00,0.00,43167744,43167744,768,768,1536
4212,1764562610.8744762,kem_handshake,0.000090347|0.000027631|0.000053639,0.00,0.00,43167744,43167744,768,768,1536
4213,1764562610.8765597,kem_handshake,0.000048089|0.000026279|0.000066743,0.00,0.00,43167744,43167744,768,768,1536
4214,1764562610.8787327,kem_handshake,0.000037279|0.000021941|0.000044362,0.00,0.00,43167744,43167744,768,768,1536
4215,1764562610.880377,kem_handshake,0.000039353|0.000021099|0.000049722,0.00,0.00,43167744,43167744,768,768,1536
4216,1764562610.8817606,kem_handshake,0.000027621|0.000016881|0.000038341,0.00,0.00,43167744,43167744,768,768,1536
4217,1764562610.8829534,kem_handshake,0.000027481|0.000016020|0.000033382,0.00,0.00,43167744,43167744,768,768,1536
4218,1764562610.8840516,kem_handshake,0.000020748|0.000016070|0.000034453,0.00,0.00,43167744,43167744,768,768,1536
4219,1764562610.88521,kem_handshake,0.000021850|0.000017322|0.000034474,0.00,0.00,43167744,43167744,768,768,1536
4220,1764562610.8868303,kem_handshake,0.000043751|0.000033643|0.000069739,0.00,0.00,43167744,43167744,768,768,1536
4221,1764562610.8881712,kem_handshake,0.000022521|0.000017152|0.000035946,0.00,0.00,43167744,43167744,768,768,1536
4222,1764562610.8895009,kem_handshake,0.000030086|0.000018875|0.000041267,0.00,0.00,43167744,43167744,768,768,1536
4223,1764562610.8910224,kem_handshake,0.000045845|0.000019907|0.000044733,0.00,0.00,43167744,43167744,768,768,1536
4224,1764562610.8923466,kem_handshake,0.000029254|0.000021279|0.000042708,0.00,0.00,43167744,43167744,768,768,1536
4225,1764562610.8939085,kem_handshake,0.000031528|0.000019446|0.000044252,0.00,0.00,43167744,43167744,768,768,1536
4226,1764562610.895231,kem_handshake,0.000025888|0.000018244|0.000037740,0.00,0.00,43167744,43167744,768,768,1536
4227,1764562610.896447,kem_handshake,0.000022672|0.000016952|0.000036999,0.00,0.00,43167744,43167744,768,768,1536
4228,1764562610.8976262,kem_handshake,0.000021369|0.000016821|0.000036458,0.00,0.00,43167744,43167744,768,768,1536
4229,1764562610.8987713,kem_handshake,0.000019315|0.000016190|0.000034504,0.00,0.00,43167744,43167744,768,768,1536
4230,1764562610.8998387,kem_handshake,0.000018965|0.000016290|0.000033311,0.00,0.00,43167744,43167744,768,768,1536
4231,1764562610.9012873,kem_handshake,0.000034023|0.000019947|0.000051776,0.00,0.00,43167744,43167744,768,768,1536
4232,1764562610.902931,kem_handshake,0.000034183|0.000021269|0.000049231,0.00,0.00,43167744,43167744,768,768,1536
4233,1764562610.9043596,kem_handshake,0.000026839|0.000017603|0.000042889,0.00,0.00,43167744,43167744,768,768,1536
4234,1764562610.90551,kem_handshake,0.000020408|0.000015870|0.000033702,0.00,0.00,43167744,43167744,768,768,1536
4235,1764562610.9066892,kem_handshake,0.000026158|0.000016781|0.000040194,0.00,0.00,43167744,43167744,768,768,1536
4236,1764562610.9078526,kem_handshake,0.000019406|0.000015619|0.000039243,0.00,0.00,43167744,43167744,768,768,1536
4237,1764562610.909077,kem_handshake,0.000020458|0.000016270|0.000033682,0.00,0.00,43167744,43167744,768,768,1536
4238,1764562610.9102533,kem_handshake,0.000021650|0.000016451|0.000035506,0.00,0.00,43167744,43167744,768,768,1536
4239,1764562610.9114916,kem_handshake,0.000025728|0.000017472|0.000038942,0.00,0.00,43167744,43167744,768,768,1536
4240,1764562610.913017,kem_handshake,0.000020798|0.000016100|0.000033792,0.00,0.00,43167744,43167744,768,768,1536
4241,1764562610.9141402,kem_handshake,0.000019717|0.000015829|0.000033051,0.00,0.00,43167744,43167744,768,768,1536
4242,1764562610.9152033,kem_handshake,0.000018554|0.000015429|0.000032861,0.00,0.00,43167744,43167744,768,768,1536
4243,1764562610.9162648,kem_handshake,0.000018384|0.000015388|0.000033041,0.00,0.00,43167744,43167744,768,768,1536
4244,1764562610.9174418,kem_handshake,0.000020468|0.000016360|0.000033782,0.00,0.00,43167744,43167744,768,768,1536
4245,1764562610.9187484,kem_handshake,0.000027962|0.000018043|0.000041988,0.00,0.00,43167744,43167744,768,768,1536
4246,1764562610.9200559,kem_handshake,0.000023994|0.000017272|0.000034223,0.00,0.00,43167744,43167744,768,768,1536
4247,1764562610.9212244,kem_handshake,0.000019987|0.000016270|0.000033432,0.00,0.00,43167744,43167744,768,768,1536
4248,1764562610.9223955,kem_handshake,0.000020228|0.000016561|0.000035115,0.00,0.00,43167744,43167744,768,768,1536
4249,1764562610.9235725,kem_handshake,0.000019927|0.000016020|0.000033572,0.00,0.00,43167744,43167744,768,768,1536
4250,1764562610.92473,kem_handshake,0.000020067|0.000016230|0.000033381,0.00,0.00,43167744,43167744,768,768,1536
4251,1764562610.9259057,kem_handshake,0.000021049|0.000016110|0.000034304,0.00,0.00,43167744,43167744,768,768,1536
4252,1764562610.9271822,kem_handshake,0.000023113|0.000017562|0.000035375,0.00,0.00,43167744,43167744,768,768,1536
4253,1764562610.9283705,kem_handshake,0.000020799|0.000016420|0.000033943,0.00,0.00,43167744,43167744,768,768,1536
4254,1764562610.929514,kem_handshake,0.000019786|0.000016080|0.000033342,0.00,0.00,43167744,43167744,768,768,1536
4255,1764562610.9306755,kem_handshake,0.000020628|0.000016371|0.000034032,0.00,0.00,43167744,43167744,768,768,1536
4256,1764562610.9318511,kem_handshake,0.000020458|0.000016200|0.000038431,0.00,0.00,43167744,43167744,768,768,1536
4257,1764562610.932991,kem_handshake,0.000020007|0.000016200|0.000033422,0.00,0.00,43167744,43167744,768,768,1536
4258,1764562610.934166,kem_handshake,0.000020859|0.000016410|0.000034294,0.00,0.00,43167744,43167744,768,768,1536
4259,1764562610.9353843,kem_handshake,0.000021499|0.000017052|0.000035105,0.00,0.00,43167744,43167744,768,768,1536
4260,1764562610.9365542,kem_handshake,0.000020668|0.000015840|0.000033792,0.00,0.00,43167744,43167744,768,768,1536
4261,1764562610.9377198,kem_handshake,0.000020558|0.000016380|0.000033682,0.00,0.00,43167744,43167744,768,768,1536
4262,1764562610.9388871,kem_handshake,0.000020227|0.000016420|0.000033732,0.00,0.00,43167744,43167744,768,768,1536
4263,1764562610.9400222,kem_handshake,0.000019636|0.000015990|0.000033471,0.00,0.00,43167744,43167744,768,768,1536
4264,1764562610.9412017,kem_handshake,0.000019807|0.000016320|0.000033511,0.00,0.00,43167744,43167744,768,768,1536
4265,1764562610.9424024,kem_handshake,0.000023774|0.000019707|0.000040846,0.00,0.00,43167744,43167744,768,768,1536
4266,1764562610.9442053,kem_handshake,0.000028362|0.000018104|0.000038401,0.00,0.00,43167744,43167744,768,768,1536
4267,1764562610.9456222,kem_handshake,0.000019866|0.000015999|0.000032730,0.00,0.00,43167744,43167744,768,768,1536
4268,1764562610.946814,kem_handshake,0.000019165|0.000015569|0.000032620,0.00,0.00,43167744,43167744,768,768,1536
4269,1764562610.947878,kem_handshake,0.000018394|0.000015388|0.000032961,0.00,0.00,43167744,43167744,768,768,1536
4270,1764562610.9490027,kem_handshake,0.000019296|0.000015729|0.000033532,0.00,0.00,43167744,43167744,768,768,1536
4271,1764562610.9500713,kem_handshake,0.000018814|0.000015608|0.000032710,0.00,0.00,43167744,43167744,768,768,1536
4272,1764562610.9512026,kem_handshake,0.000036498|0.000020548|0.000036838,0.00,0.00,43167744,43167744,768,768,1536
4273,1764562610.9524639,kem_handshake,0.000024806|0.000016500|0.000034604,0.00,0.00,43167744,43167744,768,768,1536
4274,1764562610.953689,kem_handshake,0.000019836|0.000015929|0.000032771,0.00,0.00,43167744,43167744,768,768,1536
4275,1764562610.9548116,kem_handshake,0.000020177|0.000016540|0.000033001,0.00,0.00,43167744,43167744,768,768,1536
4276,1764562610.955935,kem_handshake,0.000024024|0.000016010|0.000032931,0.00,0.00,43167744,43167744,768,768,1536
4277,1764562610.9570208,kem_handshake,0.000018965|0.000015478|0.000032941,0.00,0.00,43167744,43167744,768,768,1536
4278,1764562610.958109,kem_handshake,0.000018775|0.000016060|0.000032760,0.00,0.00,43167744,43167744,768,768,1536
4279,1764562610.9592881,kem_handshake,0.000035586|0.000021309|0.000038010,0.00,0.00,43167744,43167744,768,768,1536
4280,1764562610.9607162,kem_handshake,0.000028623|0.000017302|0.000037559,0.00,0.00,43167744,43167744,768,768,1536
4281,1764562610.9618294,kem_handshake,0.000019405|0.000016280|0.000033112,0.00,0.00,43167744,43167744,768,768,1536
4282,1764562610.9629302,kem_handshake,0.000023603|0.000016431|0.000032811,0.00,0.00,43167744,43167744,768,768,1536
4283,1764562610.9640865,kem_handshake,0.000021750|0.000016581|0.000039633,0.00,0.00,43167744,43167744,768,768,1536
4284,1764562610.96542,kem_handshake,0.000033081|0.000023043|0.000041827,0.00,0.00,43167744,43167744,768,768,1536
4285,1764562610.966811,kem_handshake,0.000033151|0.000019896|0.000047508,0.00,0.00,43167744,43167744,768,768,1536
4286,1764562610.96885,kem_handshake,0.000039563|0.000025026|0.000086430,0.00,0.00,43167744,43167744,768,768,1536
4287,1764562610.9704711,kem_handshake,0.000027922|0.000019636|0.000043681,0.00,0.00,43167744,43167744,768,768,1536
4288,1764562610.9719126,kem_handshake,0.000026769|0.000017432|0.000040956,0.00,0.00,43167744,43167744,768,768,1536
4289,1764562610.9732435,kem_handshake,0.000027661|0.000018003|0.000040755,0.00,0.00,43167744,43167744,768,768,1536
4290,1764562610.974446,kem_handshake,0.000020348|0.000016340|0.000034784,0.00,0.00,43167744,43167744,768,768,1536
4291,1764562610.9764082,kem_handshake,0.000031568|0.000021980|0.000042639,0.00,0.00,43167744,43167744,768,768,1536
4292,1764562610.9777505,kem_handshake,0.000023563|0.000017241|0.000035816,0.00,0.00,43167744,43167744,768,768,1536
4293,1764562610.9790237,kem_handshake,0.000031008|0.000020538|0.000051535,0.00,0.00,43167744,43167744,768,768,1536
4294,1764562610.9804285,kem_handshake,0.000022171|0.000017382|0.000035606,0.00,0.00,43167744,43167744,768,768,1536
4295,1764562610.9816775,kem_handshake,0.000028763|0.000016671|0.000035976,0.00,0.00,43167744,43167744,768,768,1536
4296,1764562610.9829798,kem_handshake,0.000032089|0.000021760|0.000043510,0.00,0.00,43167744,43167744,768,768,1536
4297,1764562610.9855993,kem_handshake,0.000073937|0.000033081|0.000083815,0.00,0.00,43167744,43167744,768,768,1536
4298,1764562610.9876912,kem_handshake,0.000036377|0.000020608|0.000052337,0.00,0.00,43167744,43167744,768,768,1536
4299,1764562610.9891047,kem_handshake,0.000025627|0.000017993|0.000038331,0.00,0.00,43167744,43167744,768,768,1536
4300,1764562610.9911835,kem_handshake,0.000048429|0.000024015|0.000067154,0.00,0.00,43167744,43167744,768,768,1536
4301,1764562610.9932861,kem_handshake,0.000047859|0.000040425|0.000080508,0.00,0.00,43167744,43167744,768,768,1536
4302,1764562610.9951944,kem_handshake,0.000105164|0.000029425|0.000052707,0.00,0.00,43167744,43167744,768,768,1536
4303,1764562610.9965532,kem_handshake,0.000023884|0.000017141|0.000036778,0.00,0.00,43167744,43167744,768,768,1536
4304,1764562610.997816,kem_handshake,0.000023614|0.000018283|0.000035366,0.00,0.00,43167744,43167744,768,768,1536
4305,1764562610.9990404,kem_handshake,0.000021029|0.000016941|0.000036127,0.00,0.00,43167744,43167744,768,768,1536
4306,1764562611.0002754,kem_handshake,0.000021850|0.000016561|0.000034724,0.00,0.00,43167744,43167744,768,768,1536
4307,1764562611.001546,kem_handshake,0.000024004|0.000016921|0.000036017,0.00,0.00,43167744,43167744,768,768,1536
4308,1764562611.0028088,kem_handshake,0.000025627|0.000017172|0.000039282,0.00,0.00,43167744,43167744,768,768,1536
4309,1764562611.0042813,kem_handshake,0.000023193|0.000018284|0.000040625,0.00,0.00,43167744,43167744,768,768,1536
4310,1764562611.005555,kem_handshake,0.000021460|0.000017011|0.000034634,0.00,0.00,43167744,43167744,768,768,1536
4311,1764562611.0067124,kem_handshake,0.000019526|0.000016481|0.000033342,0.00,0.00,43167744,43167744,768,768,1536
4312,1764562611.0078971,kem_handshake,0.000020507|0.000016260|0.000033622,0.00,0.00,43167744,43167744,768,768,1536
4313,1764562611.0090787,kem_handshake,0.000023363|0.000016441|0.000035536,0.00,0.00,43167744,43167744,768,768,1536
4314,1764562611.0103254,kem_handshake,0.000023533|0.000016500|0.000036147,0.00,0.00,43167744,43167744,768,768,1536
4315,1764562611.0115087,kem_handshake,0.000020388|0.000016370|0.000033402,0.00,0.00,43167744,43167744,768,768,1536
4316,1764562611.0126915,kem_handshake,0.000021409|0.000016441|0.000033883,0.00,0.00,43167744,43167744,768,768,1536
4317,1764562611.0144074,kem_handshake,0.000019857|0.000016150|0.000033542,0.00,0.00,43167744,43167744,768,768,1536
4318,1764562611.0155873,kem_handshake,0.000020318|0.000016630|0.000033532,0.00,0.00,43167744,43167744,768,768,1536
4319,1764562611.0167673,kem_handshake,0.000021189|0.000016421|0.000033813,0.00,0.00,43167744,43167744,768,768,1536
4320,1764562611.0179384,kem_handshake,0.000020408|0.000025998|0.000034233,0.00,0.00,43167744,43167744,768,768,1536
4321,1764562611.0191803,kem_handshake,0.000022141|0.000016791|0.000036157,0.00,0.00,43167744,43167744,768,768,1536
4322,1764562611.020369,kem_handshake,0.000021229|0.000016661|0.000033963,0.00,0.00,43167744,43167744,768,768,1536
4323,1764562611.021523,kem_handshake,0.000020227|0.000016590|0.000033582,0.00,0.00,43167744,43167744,768,768,1536
4324,1764562611.0226917,kem_handshake,0.000021280|0.000016821|0.000033662,0.00,0.00,43167744,43167744,768,768,1536
4325,1764562611.0238671,kem_handshake,0.000019776|0.000016320|0.000038651,0.00,0.00,43167744,43167744,768,768,1536
4326,1764562611.025019,kem_handshake,0.000020258|0.000016039|0.000033262,0.00,0.00,43167744,43167744,768,768,1536
4327,1764562611.0262299,kem_handshake,0.000022602|0.000016831|0.000033653,0.00,0.00,43167744,43167744,768,768,1536
4328,1764562611.0275424,kem_handshake,0.000022251|0.000016160|0.000035045,0.00,0.00,43167744,43167744,768,768,1536
4329,1764562611.0286558,kem_handshake,0.000019967|0.000016491|0.000033802,0.00,0.00,43167744,43167744,768,768,1536
4330,1764562611.0297546,kem_handshake,0.000020147|0.000016390|0.000033532,0.00,0.00,43167744,43167744,768,768,1536
4331,1764562611.0309355,kem_handshake,0.000025257|0.000016100|0.000034203,0.00,0.00,43167744,43167744,768,768,1536
4332,1764562611.0321743,kem_handshake,0.000024816|0.000018544|0.000075971,0.00,0.00,43167744,43167744,768,768,1536
4333,1764562611.033679,kem_handshake,0.000053489|0.000018174|0.000034814,0.00,0.00,43167744,43167744,768,768,1536
4334,1764562611.0349023,kem_handshake,0.000024115|0.000016921|0.000037119,0.00,0.00,43167744,43167744,768,768,1536
4335,1764562611.0360723,kem_handshake,0.000021109|0.000016681|0.000047137,0.00,0.00,43167744,43167744,768,768,1536
4336,1764562611.037218,kem_handshake,0.000022522|0.000016681|0.000033773,0.00,0.00,43167744,43167744,768,768,1536
4337,1764562611.0383024,kem_handshake,0.000019897|0.000016350|0.000032680,0.00,0.00,43167744,43167744,768,768,1536
4338,1764562611.039354,kem_handshake,0.000019686|0.000015789|0.000033281,0.00,0.00,43167744,43167744,768,768,1536
4339,1764562611.040448,kem_handshake,0.000020828|0.000016010|0.000032620,0.00,0.00,43167744,43167744,768,768,1536
4340,1764562611.041517,kem_handshake,0.000019155|0.000015639|0.000032670,0.00,0.00,43167744,43167744,768,768,1536
4341,1764562611.0425987,kem_handshake,0.000018685|0.000015729|0.000032340,0.00,0.00,43167744,43167744,768,768,1536
4342,1764562611.0441623,kem_handshake,0.000044542|0.000033733|0.000070851,0.00,0.00,43167744,43167744,768,768,1536
4343,1764562611.0453513,kem_handshake,0.000020257|0.000016791|0.000033262,0.00,0.00,43167744,43167744,768,768,1536
4344,1764562611.0464478,kem_handshake,0.000020638|0.000015799|0.000032650,0.00,0.00,43167744,43167744,768,768,1536
4345,1764562611.0475197,kem_handshake,0.000018955|0.000015749|0.000032580,0.00,0.00,43167744,43167744,768,768,1536
4346,1764562611.0485804,kem_handshake,0.000019045|0.000016059|0.000032761,0.00,0.00,43167744,43167744,768,768,1536
4347,1764562611.0496523,kem_handshake,0.000019646|0.000015990|0.000034304,0.00,0.00,43167744,43167744,768,768,1536
4348,1764562611.050717,kem_handshake,0.000019055|0.000015579|0.000032319,0.00,0.00,43167744,43167744,768,768,1536
4349,1764562611.05195,kem_handshake,0.000029695|0.000017332|0.000043851,0.00,0.00,43167744,43167744,768,768,1536
4350,1764562611.0531015,kem_handshake,0.000019676|0.000016140|0.000032820,0.00,0.00,43167744,43167744,768,768,1536
4351,1764562611.054187,kem_handshake,0.000019356|0.000015478|0.000033472,0.00,0.00,43167744,43167744,768,768,1536
4352,1764562611.0552452,kem_handshake,0.000018714|0.000015148|0.000032720,0.00,0.00,43167744,43167744,768,768,1536
4353,1764562611.056287,kem_handshake,0.000018364|0.000015228|0.000032801,0.00,0.00,43167744,43167744,768,768,1536
4354,1764562611.0573328,kem_handshake,0.000018424|0.000015279|0.000032640,0.00,0.00,43167744,43167744,768,768,1536
4355,1764562611.0583966,kem_handshake,0.000018624|0.000015509|0.000033001,0.00,0.00,43167744,43167744,768,768,1536
4356,1764562611.0595899,kem_handshake,0.000019416|0.000015679|0.000032981,0.00,0.00,43167744,43167744,768,768,1536
4357,1764562611.060735,kem_handshake,0.000020348|0.000015709|0.000033792,0.00,0.00,43167744,43167744,768,768,1536
4358,1764562611.061808,kem_handshake,0.000018955|0.000015258|0.000034404,0.00,0.00,43167744,43167744,768,768,1536
4359,1764562611.0628548,kem_handshake,0.000018634|0.000015308|0.000041357,0.00,0.00,43167744,43167744,768,768,1536
4360,1764562611.063909,kem_handshake,0.000020087|0.000015729|0.000032751,0.00,0.00,43167744,43167744,768,768,1536
4361,1764562611.0649557,kem_handshake,0.000018324|0.000015359|0.000032520,0.00,0.00,43167744,43167744,768,768,1536
4362,1764562611.0659785,kem_handshake,0.000018084|0.000015198|0.000032660,0.00,0.00,43167744,43167744,768,768,1536
4363,1764562611.0670304,kem_handshake,0.000018845|0.000015559|0.000032240,0.00,0.00,43167744,43167744,768,768,1536
4364,1764562611.0682182,kem_handshake,0.000021359|0.000015359|0.000034754,0.00,0.00,43167744,43167744,768,768,1536
4365,1764562611.069316,kem_handshake,0.000019096|0.000015258|0.000032460,0.00,0.00,43167744,43167744,768,768,1536
4366,1764562611.070365,kem_handshake,0.000018525|0.000015569|0.000033221,0.00,0.00,43167744,43167744,768,768,1536
4367,1764562611.0714114,kem_handshake,0.000018484|0.000015208|0.000032751,0.00,0.00,43167744,43167744,768,768,1536
4368,1764562611.0724514,kem_handshake,0.000017863|0.000015118|0.000032450,0.00,0.00,43167744,43167744,768,768,1536
4369,1764562611.073508,kem_handshake,0.000017883|0.000015238|0.000032630,0.00,0.00,43167744,43167744,768,768,1536
4370,1764562611.074545,kem_handshake,0.000018874|0.000015057|0.000033281,0.00,0.00,43167744,43167744,768,768,1536
4371,1764562611.0755804,kem_handshake,0.000018514|0.000014847|0.000031999,0.00,0.00,43167744,43167744,768,768,1536
4372,1764562611.0767937,kem_handshake,0.000021510|0.000017152|0.000034324,0.00,0.00,43167744,43167744,768,768,1536
4373,1764562611.0779326,kem_handshake,0.000023623|0.000016020|0.000032870,0.00,0.00,43167744,43167744,768,768,1536
4374,1764562611.0789785,kem_handshake,0.000018444|0.000015008|0.000033031,0.00,15503.90,43167744,43167744,768,768,1536
4375,1764562611.080036,kem_handshake,0.000018604|0.000015518|0.000032621,0.00,0.00,43167744,43167744,768,768,1536
4376,1764562611.0810819,kem_handshake,0.000018554|0.000015489|0.000032711,0.00,0.00,43167744,43167744,768,768,1536
4377,1764562611.0821126,kem_handshake,0.000017823|0.000015359|0.000032239,0.00,0.00,43167744,43167744,768,768,1536
4378,1764562611.0831745,kem_handshake,0.000018584|0.000015578|0.000032410,0.00,0.00,43167744,43167744,768,768,1536
4379,1764562611.0843406,kem_handshake,0.000018454|0.000015578|0.000032419,0.00,0.00,43167744,43167744,768,768,1536
4380,1764562611.08544,kem_handshake,0.000019336|0.000015399|0.000034795,0.00,0.00,43167744,43167744,768,768,1536
4381,1764562611.086512,kem_handshake,0.000018684|0.000016159|0.000032891,0.00,0.00,43167744,43167744,768,768,1536
4382,1764562611.0875638,kem_handshake,0.000018144|0.000015298|0.000032700,0.00,0.00,43167744,43167744,768,768,1536
4383,1764562611.088604,kem_handshake,0.000018895|0.000015058|0.000032780,0.00,0.00,43167744,43167744,768,768,1536
4384,1764562611.0896647,kem_handshake,0.000018925|0.000015118|0.000032710,0.00,0.00,43167744,43167744,768,768,1536
4385,1764562611.0907023,kem_handshake,0.000018835|0.000015558|0.000033021,0.00,0.00,43167744,43167744,768,768,1536
4386,1764562611.0917282,kem_handshake,0.000018724|0.000014988|0.000034033,0.00,0.00,43167744,43167744,768,768,1536
4387,1764562611.0929058,kem_handshake,0.000019235|0.000015289|0.000032560,0.00,0.00,43167744,43167744,768,768,1536
4388,1764562611.093994,kem_handshake,0.000018965|0.000015017|0.000032831,0.00,0.00,43167744,43167744,768,768,1536
4389,1764562611.095045,kem_handshake,0.000020347|0.000015258|0.000032851,0.00,0.00,43167744,43167744,768,768,1536
4390,1764562611.096097,kem_handshake,0.000019295|0.000015879|0.000032651,0.00,0.00,43167744,43167744,768,768,1536
4391,1764562611.0973365,kem_handshake,0.000020037|0.000015027|0.000032570,0.00,0.00,43167744,43167744,768,768,1536
4392,1764562611.098428,kem_handshake,0.000060803|0.000021510|0.000032821,0.00,0.00,43167744,43167744,768,768,1536
4393,1764562611.0994782,kem_handshake,0.000018725|0.000015258|0.000032289,0.00,0.00,43167744,43167744,768,768,1536
4394,1764562611.1005828,kem_handshake,0.000021750|0.000015739|0.000035345,0.00,0.00,43167744,43167744,768,768,1536
4395,1764562611.1017635,kem_handshake,0.000021911|0.000015919|0.000037029,0.00,0.00,43167744,43167744,768,768,1536
4396,1764562611.102872,kem_handshake,0.000019737|0.000015649|0.000037589,0.00,0.00,43167744,43167744,768,768,1536
4397,1764562611.1039703,kem_handshake,0.000018744|0.000015588|0.000033722,0.00,0.00,43167744,43167744,768,768,1536
4398,1764562611.1050496,kem_handshake,0.000018665|0.000015909|0.000034033,0.00,0.00,43167744,43167744,768,768,1536
4399,1764562611.1063635,kem_handshake,0.000025116|0.000016250|0.000035726,0.00,0.00,43167744,43167744,768,768,1536
4400,1764562611.1075795,kem_handshake,0.000026589|0.000018274|0.000041226,0.00,0.00,43167744,43167744,768,768,1536
4401,1764562611.1087234,kem_handshake,0.000021219|0.000015528|0.000033913,0.00,0.00,43167744,43167744,768,768,1536
4402,1764562611.109993,kem_handshake,0.000022682|0.000015578|0.000034664,0.00,0.00,43167744,43167744,768,768,1536
4403,1764562611.1111493,kem_handshake,0.000019597|0.000015218|0.000033542,0.00,0.00,43167744,43167744,768,768,1536
4404,1764562611.1122234,kem_handshake,0.000018755|0.000015539|0.000033191,0.00,0.00,43167744,43167744,768,768,1536
4405,1764562611.1133156,kem_handshake,0.000018594|0.000015629|0.000033552,0.00,0.00,43167744,43167744,768,768,1536
4406,1764562611.1143856,kem_handshake,0.000018193|0.000016030|0.000033031,0.00,0.00,43167744,43167744,768,768,1536
4407,1764562611.115429,kem_handshake,0.000018624|0.000015198|0.000032780,0.00,0.00,43167744,43167744,768,768,1536
4408,1764562611.1165361,kem_handshake,0.000018254|0.000015128|0.000032831,0.00,0.00,43167744,43167744,768,768,1536
4409,1764562611.1175916,kem_handshake,0.000018604|0.000015208|0.000032330,0.00,0.00,43167744,43167744,768,768,1536
4410,1764562611.1189692,kem_handshake,0.000028312|0.000047558|0.000045254,0.00,0.00,43167744,43167744,768,768,1536
4411,1764562611.1201417,kem_handshake,0.000020338|0.000016010|0.000033111,0.00,0.00,43167744,43167744,768,768,1536
4412,1764562611.1212373,kem_handshake,0.000018344|0.000015960|0.000033231,0.00,0.00,43167744,43167744,768,768,1536
4413,1764562611.1222937,kem_handshake,0.000018775|0.000015168|0.000032620,0.00,0.00,43167744,43167744,768,768,1536
4414,1764562611.1233609,kem_handshake,0.000018815|0.000015248|0.000032741,0.00,0.00,43167744,43167744,768,768,1536
4415,1764562611.1244075,kem_handshake,0.000018654|0.000015288|0.000032651,0.00,0.00,43167744,43167744,768,768,1536
4416,1764562611.125449,kem_handshake,0.000018875|0.000015449|0.000032911,0.00,0.00,43167744,43167744,768,768,1536
4417,1764562611.1266236,kem_handshake,0.000019075|0.000015048|0.000032681,0.00,0.00,43167744,43167744,768,768,1536
4418,1764562611.1279051,kem_handshake,0.000022341|0.000016781|0.000036167,0.00,0.00,43167744,43167744,768,768,1536
4419,1764562611.129094,kem_handshake,0.000021560|0.000016591|0.000034303,0.00,0.00,43167744,43167744,768,768,1536
4420,1764562611.1302693,kem_handshake,0.000021429|0.000016781|0.000034143,0.00,0.00,43167744,43167744,768,768,1536
4421,1764562611.1314402,kem_handshake,0.000019787|0.000016350|0.000033512,0.00,0.00,43167744,43167744,768,768,1536
4422,1764562611.1325774,kem_handshake,0.000020006|0.000016220|0.000033371,0.00,0.00,43167744,43167744,768,768,1536
4423,1764562611.133733,kem_handshake,0.000020467|0.000016280|0.000033542,0.00,0.00,43167744,43167744,768,768,1536
4424,1764562611.1349008,kem_handshake,0.000021129|0.000016640|0.000034945,0.00,0.00,43167744,43167744,768,768,1536
4425,1764562611.1360872,kem_handshake,0.000020218|0.000016350|0.000035926,0.00,0.00,43167744,43167744,768,768,1536
4426,1764562611.137329,kem_handshake,0.000022421|0.000017202|0.000035396,0.00,0.00,43167744,43167744,768,768,1536
4427,1764562611.1384885,kem_handshake,0.000020217|0.000015979|0.000033602,0.00,0.00,43167744,43167744,768,768,1536
4428,1764562611.1396303,kem_handshake,0.000019827|0.000016220|0.000033562,0.00,0.00,43167744,43167744,768,768,1536
4429,1764562611.140799,kem_handshake,0.000019997|0.000016250|0.000032851,0.00,0.00,43167744,43167744,768,768,1536
4430,1764562611.1419778,kem_handshake,0.000020929|0.000016080|0.000033372,0.00,0.00,43167744,43167744,768,768,1536
4431,1764562611.143223,kem_handshake,0.000025416|0.000017161|0.000041226,0.00,0.00,43167744,43167744,768,768,1536
4432,1764562611.144587,kem_handshake,0.000029915|0.000018665|0.000043310,0.00,0.00,43167744,43167744,768,768,1536
4433,1764562611.1460907,kem_handshake,0.000038351|0.000020057|0.000053519,0.00,0.00,43167744,43167744,768,768,1536
4434,1764562611.1474996,kem_handshake,0.000025637|0.000017302|0.000037590,0.00,0.00,43167744,43167744,768,768,1536
4435,1764562611.148776,kem_handshake,0.000022482|0.000016480|0.000035316,0.00,0.00,43167744,43167744,768,768,1536
4436,1764562611.1503432,kem_handshake,0.000050113|0.000029364|0.000058478,0.00,0.00,43167744,43167744,768,768,1536
4437,1764562611.1532333,kem_handshake,0.000094845|0.000046636|0.000144156,0.00,0.00,43167744,43167744,768,768,1536
4438,1764562611.1564603,kem_handshake,0.000076171|0.000040886|0.000130171,0.00,0.00,43167744,43167744,768,768,1536
4439,1764562611.1589446,kem_handshake,0.000050463|0.000028132|0.000065330,0.00,0.00,43167744,43167744,768,768,1536
4440,1764562611.1606395,kem_handshake,0.000030085|0.000020138|0.000049922,0.00,0.00,43167744,43167744,768,768,1536
4441,1764562611.1619616,kem_handshake,0.000031568|0.000017613|0.000039753,0.00,0.00,43167744,43167744,768,768,1536
4442,1764562611.1633523,kem_handshake,0.000031468|0.000019687|0.000044893,0.00,0.00,43167744,43167744,768,768,1536
4443,1764562611.1648157,kem_handshake,0.000030055|0.000018414|0.000042900,0.00,0.00,43167744,43167744,768,768,1536
4444,1764562611.1671214,kem_handshake,0.000081861|0.000032741|0.000107389,0.00,0.00,43167744,43167744,768,768,1536
4445,1764562611.169114,kem_handshake,0.000041586|0.000023533|0.000079276,0.00,0.00,43167744,43167744,768,768,1536
4446,1764562611.1706102,kem_handshake,0.000022261|0.000017031|0.000033281,0.00,0.00,43167744,43167744,768,768,1536
4447,1764562611.1718347,kem_handshake,0.000022852|0.000016881|0.000035014,0.00,0.00,43167744,43167744,768,768,1536
4448,1764562611.1731908,kem_handshake,0.000031378|0.000019767|0.000043330,0.00,0.00,43167744,43167744,768,768,1536
4449,1764562611.1746602,kem_handshake,0.000045383|0.000024956|0.000053649,0.00,0.00,43167744,43167744,768,768,1536
4450,1764562611.1773448,kem_handshake,0.000088113|0.000037960|0.000099675,0.00,0.00,43167744,43167744,768,768,1536
4451,1764562611.179517,kem_handshake,0.000046305|0.000025317|0.000069829,0.00,0.00,43167744,43167744,768,768,1536
4452,1764562611.181077,kem_handshake,0.000032410|0.000058518|0.000050934,0.00,0.00,43167744,43167744,768,768,1536
4453,1764562611.1823838,kem_handshake,0.000022983|0.000016580|0.000035816,0.00,0.00,43167744,43167744,768,768,1536
4454,1764562611.1836627,kem_handshake,0.000031248|0.000020257|0.000044953,0.00,0.00,43167744,43167744,768,768,1536
4455,1764562611.185513,kem_handshake,0.000076031|0.000033592|0.000101427,0.00,0.00,43167744,43167744,768,768,1536
4456,1764562611.187747,kem_handshake,0.000050844|0.000025627|0.000052817,0.00,0.00,43167744,43167744,768,768,1536
4457,1764562611.190117,kem_handshake,0.000079567|0.000032470|0.000110645,0.00,0.00,43167744,43167744,768,768,1536
4458,1764562611.1923537,kem_handshake,0.000048810|0.000024696|0.000059721,0.00,0.00,43167744,43167744,768,768,1536
4459,1764562611.1944404,kem_handshake,0.000026279|0.000020688|0.000069358,0.00,0.00,43167744,43167744,768,768,1536
4460,1764562611.1963804,kem_handshake,0.000037459|0.000021089|0.000041697,0.00,0.00,43167744,43167744,768,768,1536
4461,1764562611.1983993,kem_handshake,0.000032570|0.000020317|0.000043140,0.00,0.00,43167744,43167744,768,768,1536
4462,1764562611.2000492,kem_handshake,0.000039773|0.000023133|0.000071502,0.00,0.00,43167744,43167744,768,768,1536
4463,1764562611.202388,kem_handshake,0.000045414|0.000023403|0.000065651,0.00,0.00,43167744,43167744,768,768,1536
4464,1764562611.2041135,kem_handshake,0.000037198|0.000021259|0.000054831,0.00,0.00,43167744,43167744,768,768,1536
4465,1764562611.2055628,kem_handshake,0.000022872|0.000017242|0.000037649,0.00,0.00,43167744,43167744,768,768,1536
4466,1764562611.206937,kem_handshake,0.000032360|0.000025226|0.000044232,0.00,0.00,43167744,43167744,768,768,1536
4467,1764562611.2084997,kem_handshake,0.000038300|0.000023203|0.000064108,0.00,0.00,43167744,43167744,768,768,1536
4468,1764562611.2102752,kem_handshake,0.000043461|0.000023754|0.000057437,0.00,0.00,43167744,43167744,768,768,1536
4469,1764562611.2123668,kem_handshake,0.000073566|0.000032280|0.000076081,0.00,0.00,43167744,43167744,768,768,1536
4470,1764562611.2142265,kem_handshake,0.000033242|0.000019977|0.000045003,0.00,0.00,43167744,43167744,768,768,1536
4471,1764562611.2156606,kem_handshake,0.000028643|0.000019025|0.000047568,0.00,0.00,43167744,43167744,768,768,1536
4472,1764562611.2172117,kem_handshake,0.000035015|0.000019085|0.000054401,0.00,0.00,43167744,43167744,768,768,1536
4473,1764562611.2185187,kem_handshake,0.000022502|0.000016751|0.000034864,0.00,0.00,43167744,43167744,768,768,1536
4474,1764562611.219901,kem_handshake,0.000033602|0.000020478|0.000053659,0.00,0.00,43167744,43167744,768,768,1536
4475,1764562611.2217364,kem_handshake,0.000031078|0.000019496|0.000045484,0.00,0.00,43167744,43167744,768,768,1536
4476,1764562611.2242002,kem_handshake,0.000100065|0.000039663|0.000147262,0.00,4894.10,43167744,43167744,768,768,1536
4477,1764562611.2272594,kem_handshake,0.000068447|0.000045113|0.000117066,0.00,0.00,43167744,43167744,768,768,1536
4478,1764562611.2291198,kem_handshake,0.000033162|0.000020909|0.000048019,0.00,0.00,43167744,43167744,768,768,1536
4479,1764562611.230235,kem_handshake,0.000020128|0.000016821|0.000033211,0.00,0.00,43167744,43167744,768,768,1536
4480,1764562611.23184,kem_handshake,0.000032660|0.000019866|0.000044081,0.00,0.00,43167744,43167744,768,768,1536
4481,1764562611.2333448,kem_handshake,0.000030036|0.000018845|0.000048811,0.00,0.00,43167744,43167744,768,768,1536
4482,1764562611.235761,kem_handshake,0.000138365|0.000041126|0.000097129,0.00,0.00,43167744,43167744,768,768,1536
4483,1764562611.2377484,kem_handshake,0.000046787|0.000023734|0.000072033,0.00,0.00,43167744,43167744,768,768,1536
4484,1764562611.2393034,kem_handshake,0.000034474|0.000020568|0.000037540,0.00,0.00,43167744,43167744,768,768,1536
4485,1764562611.2404692,kem_handshake,0.000021219|0.000016139|0.000033962,0.00,0.00,43167744,43167744,768,768,1536
4486,1764562611.2417262,kem_handshake,0.000028232|0.000018765|0.000036949,0.00,0.00,43167744,43167744,768,768,1536
4487,1764562611.2436068,kem_handshake,0.000038461|0.000020778|0.000049582,0.00,0.00,43167744,43167744,768,768,1536
4488,1764562611.2452185,kem_handshake,0.000033041|0.000020267|0.000043631,0.00,0.00,43167744,43167744,768,768,1536
4489,1764562611.2482953,kem_handshake,0.000063918|0.000039272|0.000096949,0.00,0.00,43167744,43167744,768,768,1536
4490,1764562611.2502074,kem_handshake,0.000049051|0.000027852|0.000077433,0.00,0.00,43167744,43167744,768,768,1536
4491,1764562611.2517662,kem_handshake,0.000031969|0.000018194|0.000049732,0.00,0.00,43167744,43167744,768,768,1536
4492,1764562611.2530732,kem_handshake,0.000022461|0.000015979|0.000035716,0.00,0.00,43167744,43167744,768,768,1536
4493,1764562611.2541845,kem_handshake,0.000019516|0.000015479|0.000032450,0.00,0.00,43167744,43167744,768,768,1536
4494,1764562611.2552469,kem_handshake,0.000019165|0.000015318|0.000033091,0.00,0.00,43167744,43167744,768,768,1536
4495,1764562611.2566078,kem_handshake,0.000032069|0.000018495|0.000044172,0.00,0.00,43167744,43167744,768,768,1536
4496,1764562611.2581685,kem_handshake,0.000033762|0.000020308|0.000053429,0.00,0.00,43167744,43167744,768,768,1536
4497,1764562611.2600636,kem_handshake,0.000051224|0.000027321|0.000079247,0.00,0.00,43167744,43167744,768,768,1536
4498,1764562611.2618568,kem_handshake,0.000029915|0.000019076|0.000046366,0.00,0.00,43167744,43167744,768,768,1536
4499,1764562611.2633426,kem_handshake,0.000030446|0.000023213|0.000066593,0.00,0.00,43167744,43167744,768,768,1536
4500,1764562611.2646453,kem_handshake,0.000023443|0.000016812|0.000033742,0.00,0.00,43167744,43167744,768,768,1536
4501,1764562611.2658112,kem_handshake,0.000020437|0.000016660|0.000036167,0.00,0.00,43167744,43167744,768,768,1536
4502,1764562611.2669544,kem_handshake,0.000028322|0.000016691|0.000034504,0.00,0.00,43167744,43167744,768,768,1536
4503,1764562611.2684164,kem_handshake,0.000029845|0.000021650|0.000041366,0.00,0.00,43167744,43167744,768,768,1536
4504,1764562611.2698452,kem_handshake,0.000033462|0.000019355|0.000051245,0.00,0.00,43167744,43167744,768,768,1536
4505,1764562611.2714944,kem_handshake,0.000029514|0.000018144|0.000039884,0.00,0.00,43167744,43167744,768,768,1536
4506,1764562611.2731268,kem_handshake,0.000039263|0.000020027|0.000056024,0.00,0.00,43167744,43167744,768,768,1536
4507,1764562611.2744393,kem_handshake,0.000021210|0.000017392|0.000041056,0.00,0.00,43167744,43167744,768,768,1536
4508,1764562611.275828,kem_handshake,0.000026970|0.000021389|0.000048390,0.00,0.00,43167744,43167744,768,768,1536
4509,1764562611.2771018,kem_handshake,0.000021731|0.000016520|0.000034814,0.00,0.00,43167744,43167744,768,768,1536
4510,1764562611.2782302,kem_handshake,0.000020487|0.000016069|0.000038350,0.00,0.00,43167744,43167744,768,768,1536
4511,1764562611.2794747,kem_handshake,0.000026659|0.000017202|0.000038150,0.00,0.00,43167744,43167744,768,768,1536
4512,1764562611.2809641,kem_handshake,0.000023414|0.000016911|0.000036417,0.00,0.00,43167744,43167744,768,768,1536
4513,1764562611.2824292,kem_handshake,0.000032720|0.000020558|0.000052647,0.00,0.00,43167744,43167744,768,768,1536
4514,1764562611.2837706,kem_handshake,0.000028913|0.000020208|0.000046636,0.00,0.00,43167744,43167744,768,768,1536
4515,1764562611.2852483,kem_handshake,0.000031018|0.000017653|0.000045805,0.00,0.00,43167744,43167744,768,768,1536
4516,1764562611.2869635,kem_handshake,0.000038161|0.000026389|0.000057877,0.00,0.00,43167744,43167744,768,768,1536
4517,1764562611.2886007,kem_handshake,0.000035276|0.000019656|0.000048660,0.00,0.00,43167744,43167744,768,768,1536
4518,1764562611.290143,kem_handshake,0.000025297|0.000017242|0.000041156,0.00,0.00,43167744,43167744,768,768,1536
4519,1764562611.291571,kem_handshake,0.000025517|0.000019005|0.000044983,0.00,0.00,43167744,43167744,768,768,1536
4520,1764562611.2931352,kem_handshake,0.000030106|0.000024355|0.000043370,0.00,0.00,43167744,43167744,768,768,1536
4521,1764562611.2944956,kem_handshake,0.000024435|0.000018884|0.000038181,0.00,0.00,43167744,43167744,768,768,1536
4522,1764562611.2957153,kem_handshake,0.000024596|0.000017161|0.000035205,0.00,0.00,43167744,43167744,768,768,1536
4523,1764562611.2970185,kem_handshake,0.000025938|0.000018113|0.000040094,0.00,0.00,43167744,43167744,768,768,1536
4524,1764562611.2983985,kem_handshake,0.000025928|0.000018224|0.000037900,0.00,0.00,43167744,43167744,768,768,1536
4525,1764562611.3007827,kem_handshake,0.000110785|0.000045584|0.000127064,0.00,0.00,43167744,43167744,768,768,1536
4526,1764562611.3042216,kem_handshake,0.000099984|0.000045424|0.000141181,0.00,0.00,43167744,43167744,768,768,1536
4527,1764562611.3060012,kem_handshake,0.000042298|0.000026458|0.000057516,0.00,0.00,43167744,43167744,768,768,1536
4528,1764562611.3078768,kem_handshake,0.000054561|0.000036438|0.000090868,0.00,0.00,43167744,43167744,768,768,1536
4529,1764562611.3099442,kem_handshake,0.000042509|0.000024325|0.000081831,0.00,0.00,43167744,43167744,768,768,1536
4530,1764562611.3123446,kem_handshake,0.000039723|0.000022381|0.000054581,0.00,0.00,43167744,43167744,768,768,1536
4531,1764562611.3144855,kem_handshake,0.000040024|0.000021479|0.000083614,0.00,0.00,43167744,43167744,768,768,1536
4532,1764562611.3161776,kem_handshake,0.000032130|0.000018474|0.000044773,0.00,0.00,43167744,43167744,768,768,1536
4533,1764562611.3174453,kem_handshake,0.000024435|0.000017022|0.000038481,0.00,0.00,43167744,43167744,768,768,1536
4534,1764562611.3186474,kem_handshake,0.000024315|0.000017662|0.000040044,0.00,0.00,43167744,43167744,768,768,1536
4535,1764562611.3199077,kem_handshake,0.000029444|0.000019946|0.000042018,0.00,0.00,43167744,43167744,768,768,1536
4536,1764562611.3217826,kem_handshake,0.000047468|0.000057857|0.000056835,0.00,0.00,43167744,43167744,768,768,1536
4537,1764562611.3238509,kem_handshake,0.000096358|0.000033642|0.000090958,0.00,0.00,43167744,43167744,768,768,1536
4538,1764562611.3266165,kem_handshake,0.000070010|0.000034494|0.000097490,0.00,0.00,43167744,43167744,768,768,1536
4539,1764562611.328964,kem_handshake,0.000055222|0.000029594|0.000073536,0.00,0.00,43167744,43167744,768,768,1536
4540,1764562611.331792,kem_handshake,0.000052627|0.000028493|0.000060261,0.00,0.00,43167744,43167744,768,768,1536
4541,1764562611.334651,kem_handshake,0.000101678|0.000043300|0.000147563,0.00,0.00,43167744,43167744,768,768,1536
4542,1764562611.3380525,kem_handshake,0.000110544|0.000045564|0.000116845,0.00,0.00,43167744,43167744,768,768,1536
4543,1764562611.3416007,kem_handshake,0.000088093|0.000033021|0.000073205,0.00,0.00,43167744,43167744,768,768,1536
4544,1764562611.3445628,kem_handshake,0.000054852|0.000031077|0.000074187,0.00,0.00,43167744,43167744,768,768,1536
4545,1764562611.346581,kem_handshake,0.000069519|0.000033462|0.000113189,0.00,0.00,43167744,43167744,768,768,1536
4546,1764562611.3497295,kem_handshake,0.000106927|0.000042709|0.000071582,0.00,0.00,43167744,43167744,768,768,1536
4547,1764562611.3527088,kem_handshake,0.000118789|0.000044271|0.000149857,0.00,0.00,43167744,43167744,768,768,1536
4548,1764562611.3558815,kem_handshake,0.000046145|0.000023643|0.000059730,0.00,0.00,43167744,43167744,768,768,1536
4549,1764562611.3579602,kem_handshake,0.000045324|0.000032580|0.000052417,0.00,0.00,43167744,43167744,768,768,1536
4550,1764562611.3614168,kem_handshake,0.000103762|0.000042539|0.000116835,0.00,0.00,43167744,43167744,768,768,1536
4551,1764562611.3650029,kem_handshake,0.000100877|0.000055403|0.000160987,0.00,0.00,43167744,43167744,768,768,1536
4552,1764562611.3684459,kem_handshake,0.000086811|0.000038341|0.000100025,0.00,0.00,43167744,43167744,768,768,1536
4553,1764562611.3714087,kem_handshake,0.000065642|0.000040314|0.000084385,0.00,0.00,43167744,43167744,768,768,1536
4554,1764562611.3740642,kem_handshake,0.000044342|0.000023664|0.000047547,0.00,0.00,43167744,43167744,768,768,1536
4555,1764562611.3772328,kem_handshake,0.000100897|0.000033993|0.000081230,0.00,0.00,43167744,43167744,768,768,1536
4556,1764562611.3812397,kem_handshake,0.000083104|0.000047848|0.000115093,0.00,0.00,43167744,43167744,768,768,1536
4557,1764562611.3848035,kem_handshake,0.000090157|0.000039112|0.000129188,0.00,0.00,43167744,43167744,768,768,1536
4558,1764562611.3881638,kem_handshake,0.000093573|0.000048911|0.000086680,0.00,0.00,43167744,43167744,768,768,1536
4559,1764562611.3912663,kem_handshake,0.000086671|0.000050694|0.000138726,0.00,0.00,43167744,43167744,768,768,1536
4560,1764562611.3951786,kem_handshake,0.000101608|0.000046676|0.000120362,0.00,0.00,43167744,43167744,768,768,1536
4561,1764562611.3983612,kem_handshake,0.000086309|0.000052768|0.000067043,0.00,0.00,43167744,43167744,768,768,1536
4562,1764562611.4015143,kem_handshake,0.000124500|0.000048369|0.000102259,0.00,0.00,43167744,43167744,768,768,1536
4563,1764562611.4054167,kem_handshake,0.000072684|0.000032650|0.000071613,0.00,0.00,43167744,43167744,768,768,1536
4564,1764562611.4091005,kem_handshake,0.000063116|0.000032269|0.000104442,0.00,0.00,43167744,43167744,768,768,1536
4565,1764562611.4122884,kem_handshake,0.000090156|0.000050243|0.000100907,0.00,0.00,43167744,43167744,768,768,1536
4566,1764562611.4147937,kem_handshake,0.000056184|0.000031518|0.000062645,0.00,0.00,43167744,43167744,768,768,1536
4567,1764562611.4187741,kem_handshake,0.000118859|0.000053699|0.000140128,0.00,0.00,43167744,43167744,768,768,1536
4568,1764562611.4226248,kem_handshake,0.000104232|0.000043700|0.000106236,0.00,0.00,43167744,43167744,768,768,1536
4569,1764562611.4259388,kem_handshake,0.000082322|0.000042548|0.000059750,0.00,0.00,43167744,43167744,768,768,1536
4570,1764562611.4274232,kem_handshake,0.000040645|0.000020888|0.000044162,0.00,0.00,43167744,43167744,768,768,1536
4571,1764562611.428931,kem_handshake,0.000023974|0.000017473|0.000043961,0.00,0.00,43167744,43167744,768,768,1536
4572,1764562611.4308162,kem_handshake,0.000097901|0.000035565|0.000065201,0.00,0.00,43167744,43167744,768,768,1536
4573,1764562611.4335546,kem_handshake,0.000087101|0.000035736|0.000107609,0.00,0.00,43167744,43167744,768,768,1536
4574,1764562611.436614,kem_handshake,0.000102018|0.000052437|0.000106457,0.00,0.00,43167744,43167744,768,768,1536
4575,1764562611.439067,kem_handshake,0.000072253|0.000031779|0.000077823,0.00,0.00,43167744,43167744,768,768,1536
4576,1764562611.4415705,kem_handshake,0.000050052|0.000024695|0.000055953,0.00,0.00,43167744,43167744,768,768,1536
4577,1764562611.4450524,kem_handshake,0.000105905|0.000046847|0.000111146,0.00,0.00,43167744,43167744,768,768,1536
4578,1764562611.448313,kem_handshake,0.000082953|0.000054050|0.000138105,0.00,0.00,43167744,43167744,768,768,1536
4579,1764562611.4517214,kem_handshake,0.000090407|0.000053880|0.000125352,0.00,0.00,43167744,43167744,768,768,1536
4580,1764562611.4544947,kem_handshake,0.000046686|0.000025487|0.000064158,0.00,0.00,43167744,43167744,768,768,1536
4581,1764562611.4568617,kem_handshake,0.000057666|0.000031448|0.000074237,0.00,0.00,43167744,43167744,768,768,1536
4582,1764562611.4610562,kem_handshake,0.000139307|0.000063868|0.000175895,0.00,0.00,43167744,43167744,768,768,1536
4583,1764562611.4653647,kem_handshake,0.000065110|0.000031679|0.000115474,0.00,0.00,43167744,43167744,768,768,1536
4584,1764562611.4703138,kem_handshake,0.000070580|0.000033582|0.000066924,0.00,0.00,43167744,43167744,768,768,1536
4585,1764562611.4725943,kem_handshake,0.000025447|0.000018104|0.000036978,0.00,0.00,43167744,43167744,768,768,1536
4586,1764562611.4745252,kem_handshake,0.000052938|0.000026820|0.000053008,0.00,0.00,43167744,43167744,768,768,1536
4587,1764562611.4774985,kem_handshake,0.000074197|0.000033832|0.000123228,0.00,0.00,43167744,43167744,768,768,1536
4588,1764562611.4806354,kem_handshake,0.000077543|0.000043630|0.000112818,0.00,0.00,43167744,43167744,768,768,1536
4589,1764562611.48255,kem_handshake,0.000029745|0.000020288|0.000053248,0.00,0.00,43167744,43167744,768,768,1536
4590,1764562611.483823,kem_handshake,0.000023023|0.000017833|0.000038401,0.00,0.00,43167744,43167744,768,768,1536
4591,1764562611.4850183,kem_handshake,0.000020167|0.000016581|0.000032691,0.00,0.00,43167744,43167744,768,768,1536
4592,1764562611.4868767,kem_handshake,0.000061984|0.000045474|0.000091108,0.00,0.00,43167744,43167744,768,768,1536
4593,1764562611.488961,kem_handshake,0.000049051|0.000032570|0.000053419,0.00,0.00,43167744,43167744,768,768,1536
4594,1764562611.4914823,kem_handshake,0.000049432|0.000025036|0.000062936,0.00,0.00,43167744,43167744,768,768,1536
4595,1764562611.4932587,kem_handshake,0.000043010|0.000024285|0.000059550,0.00,0.00,43167744,43167744,768,768,1536
4596,1764562611.494598,kem_handshake,0.000024365|0.000016491|0.000035856,0.00,0.00,43167744,43167744,768,768,1536
4597,1764562611.4957254,kem_handshake,0.000019596|0.000015900|0.000033883,0.00,0.00,43167744,43167744,768,768,1536
4598,1764562611.4972205,kem_handshake,0.000033381|0.000021150|0.000044312,0.00,0.00,43167744,43167744,768,768,1536
4599,1764562611.4986975,kem_handshake,0.000033492|0.000020217|0.000045203,0.00,0.00,43167744,43167744,768,768,1536
4600,1764562611.5011663,kem_handshake,0.000081440|0.000046997|0.000121445,0.00,0.00,43167744,43167744,768,768,1536
4601,1764562611.5033789,kem_handshake,0.000045344|0.000024646|0.000066143,0.00,0.00,43167744,43167744,768,768,1536
4602,1764562611.50492,kem_handshake,0.000025738|0.000017973|0.000037990,0.00,0.00,43167744,43167744,768,768,1536
4603,1764562611.5061948,kem_handshake,0.000028643|0.000018043|0.000039533,0.00,0.00,43167744,43167744,768,768,1536
4604,1764562611.5074,kem_handshake,0.000022982|0.000016701|0.000036778,0.00,0.00,43167744,43167744,768,768,1536
4605,1764562611.508885,kem_handshake,0.000045434|0.000024184|0.000074988,0.00,0.00,43167744,43167744,768,768,1536
4606,1764562611.51108,kem_handshake,0.000040906|0.000020758|0.000067625,0.00,0.00,43167744,43167744,768,768,1536
4607,1764562611.513413,kem_handshake,0.000061293|0.000029835|0.000081601,0.00,0.00,43167744,43167744,768,768,1536
4608,1764562611.5151365,kem_handshake,0.000038711|0.000018824|0.000050083,0.00,0.00,43167744,43167744,768,768,1536
4609,1764562611.5167167,kem_handshake,0.000044743|0.000025026|0.000059089,0.00,0.00,43167744,43167744,768,768,1536
4610,1764562611.5182002,kem_handshake,0.000027300|0.000017422|0.000040946,0.00,0.00,43167744,43167744,768,768,1536
4611,1764562611.519587,kem_handshake,0.000030457|0.000021610|0.000048459,0.00,0.00,43167744,43167744,768,768,1536
4612,1764562611.5207958,kem_handshake,0.000021370|0.000016010|0.000034013,0.00,0.00,43167744,43167744,768,768,1536
4613,1764562611.521882,kem_handshake,0.000018915|0.000015408|0.000041286,0.00,0.00,43167744,43167744,768,768,1536
4614,1764562611.5229633,kem_handshake,0.000018975|0.000015088|0.000032360,0.00,0.00,43167744,43167744,768,768,1536
4615,1764562611.5240865,kem_handshake,0.000021971|0.000016621|0.000034564,0.00,0.00,43167744,43167744,768,768,1536
4616,1764562611.5254087,kem_handshake,0.000034774|0.000019446|0.000048219,0.00,0.00,43167744,43167744,768,768,1536
4617,1764562611.5271728,kem_handshake,0.000059219|0.000028453|0.000084266,0.00,0.00,43167744,43167744,768,768,1536
4618,1764562611.5287614,kem_handshake,0.000030436|0.000017893|0.000040404,0.00,0.00,43167744,43167744,768,768,1536
4619,1764562611.530158,kem_handshake,0.000026550|0.000017061|0.000036918,0.00,0.00,43167744,43167744,768,768,1536
4620,1764562611.5316815,kem_handshake,0.000032279|0.000019126|0.000042869,0.00,0.00,43167744,43167744,768,768,1536
4621,1764562611.532992,kem_handshake,0.000027721|0.000017683|0.000037719,0.00,0.00,43167744,43167744,768,768,1536
4622,1764562611.5344405,kem_handshake,0.000027511|0.000024235|0.000042769,0.00,0.00,43167744,43167744,768,768,1536
4623,1764562611.5359888,kem_handshake,0.000049181|0.000017613|0.000043921,0.00,0.00,43167744,43167744,768,768,1536
4624,1764562611.5372896,kem_handshake,0.000026980|0.000017622|0.000041036,0.00,0.00,43167744,43167744,768,768,1536
4625,1764562611.5386834,kem_handshake,0.000028393|0.000019927|0.000043080,0.00,0.00,43167744,43167744,768,768,1536
4626,1764562611.5410695,kem_handshake,0.000053308|0.000026408|0.000071933,0.00,0.00,43167744,43167744,768,768,1536
4627,1764562611.5443578,kem_handshake,0.000098902|0.000042789|0.000113390,0.00,0.00,43167744,43167744,768,768,1536
4628,1764562611.546869,kem_handshake,0.000041697|0.000022171|0.000076732,0.00,0.00,43167744,43167744,768,768,1536
4629,1764562611.5481062,kem_handshake,0.000019917|0.000015719|0.000033822,0.00,0.00,43167744,43167744,768,768,1536
4630,1764562611.5493114,kem_handshake,0.000028423|0.000018364|0.000045534,0.00,0.00,43167744,43167744,768,768,1536
4631,1764562611.5511038,kem_handshake,0.000059480|0.000027210|0.000081821,0.00,0.00,43167744,43167744,768,768,1536
4632,1764562611.553653,kem_handshake,0.000063307|0.000033192|0.000092421,0.00,0.00,43167744,43167744,768,768,1536
4633,1764562611.5559146,kem_handshake,0.000052898|0.000027551|0.000111085,0.00,0.00,43167744,43167744,768,768,1536
4634,1764562611.5580864,kem_handshake,0.000059269|0.000039473|0.000108891,0.00,0.00,43167744,43167744,768,768,1536
4635,1764562611.5598578,kem_handshake,0.000034553|0.000020147|0.000062796,0.00,0.00,43167744,43167744,768,768,1536
4636,1764562611.5612047,kem_handshake,0.000026709|0.000018444|0.000043460,0.00,0.00,43167744,43167744,768,768,1536
4637,1764562611.5626032,kem_handshake,0.000019997|0.000015689|0.000033462,0.00,0.00,43167744,43167744,768,768,1536
4638,1764562611.5637944,kem_handshake,0.000022201|0.000016320|0.000038792,0.00,0.00,43167744,43167744,768,768,1536
4639,1764562611.5653908,kem_handshake,0.000034364|0.000019807|0.000047938,0.00,0.00,43167744,43167744,768,768,1536
4640,1764562611.5673034,kem_handshake,0.000063257|0.000027000|0.000065681,0.00,0.00,43167744,43167744,768,768,1536
4641,1764562611.5693367,kem_handshake,0.000051155|0.000024535|0.000069859,0.00,0.00,43167744,43167744,768,768,1536
4642,1764562611.5708752,kem_handshake,0.000032330|0.000024616|0.000067114,0.00,10648.00,43167744,43167744,768,768,1536
4643,1764562611.5723574,kem_handshake,0.000034253|0.000023023|0.000045314,0.00,0.00,43167744,43167744,768,768,1536
4644,1764562611.5739634,kem_handshake,0.000039763|0.000022341|0.000054120,0.00,0.00,43167744,43167744,768,768,1536
4645,1764562611.5752807,kem_handshake,0.000025708|0.000016851|0.000041677,0.00,0.00,43167744,43167744,768,768,1536
4646,1764562611.5765245,kem_handshake,0.000026328|0.000017312|0.000037820,0.00,0.00,43167744,43167744,768,768,1536
4647,1764562611.578188,kem_handshake,0.000033962|0.000020187|0.000056224,0.00,0.00,43167744,43167744,768,768,1536
4648,1764562611.5801296,kem_handshake,0.000045313|0.000020267|0.000055243,0.00,0.00,43167744,43167744,768,768,1536
4649,1764562611.5819807,kem_handshake,0.000046055|0.000022231|0.000060201,0.00,0.00,43167744,43167744,768,768,1536
4650,1764562611.5832195,kem_handshake,0.000022752|0.000017102|0.000034424,0.00,0.00,43167744,43167744,768,768,1536
4651,1764562611.5843928,kem_handshake,0.000022401|0.000016540|0.000034734,0.00,0.00,43167744,43167744,768,768,1536
4652,1764562611.585623,kem_handshake,0.000022582|0.000016961|0.000037560,0.00,0.00,43167744,43167744,768,768,1536
4653,1764562611.5868976,kem_handshake,0.000032891|0.000019125|0.000061173,0.00,0.00,43167744,43167744,768,768,1536
4654,1764562611.5885227,kem_handshake,0.000032660|0.000018735|0.000051195,0.00,0.00,43167744,43167744,768,768,1536
4655,1764562611.5901854,kem_handshake,0.000032290|0.000018794|0.000042178,0.00,0.00,43167744,43167744,768,768,1536
4656,1764562611.5917978,kem_handshake,0.000042889|0.000022812|0.000055102,0.00,0.00,43167744,43167744,768,768,1536
4657,1764562611.5932233,kem_handshake,0.000028663|0.000019626|0.000041797,0.00,0.00,43167744,43167744,768,768,1536
4658,1764562611.59449,kem_handshake,0.000026349|0.000019927|0.000044853,0.00,0.00,43167744,43167744,768,768,1536
4659,1764562611.5961545,kem_handshake,0.000036628|0.000019376|0.000045845,0.00,0.00,43167744,43167744,768,768,1536
4660,1764562611.598203,kem_handshake,0.000049692|0.000022151|0.000058629,0.00,0.00,43167744,43167744,768,768,1536
4661,1764562611.6004937,kem_handshake,0.000069118|0.000034945|0.000049421,0.00,0.00,43167744,43167744,768,768,1536
4662,1764562611.6029603,kem_handshake,0.000084076|0.000040956|0.000043550,0.00,0.00,43167744,43167744,768,768,1536
4663,1764562611.60436,kem_handshake,0.000032480|0.000018635|0.000041647,0.00,0.00,43167744,43167744,768,768,1536
4664,1764562611.6056952,kem_handshake,0.000029595|0.000020968|0.000045424,0.00,0.00,43167744,43167744,768,768,1536
4665,1764562611.6073308,kem_handshake,0.000040726|0.000021149|0.000084076,0.00,0.00,43167744,43167744,768,768,1536
4666,1764562611.6091664,kem_handshake,0.000040745|0.000022331|0.000066473,0.00,0.00,43167744,43167744,768,768,1536
4667,1764562611.6115246,kem_handshake,0.000061613|0.000029143|0.000084075,0.00,0.00,43167744,43167744,768,768,1536
4668,1764562611.6134193,kem_handshake,0.000035486|0.000022121|0.000062485,0.00,0.00,43167744,43167744,768,768,1536
4669,1764562611.6148427,kem_handshake,0.000019366|0.000016180|0.000034724,0.00,0.00,43167744,43167744,768,768,1536
4670,1764562611.6159801,kem_handshake,0.000020548|0.000016300|0.000034233,0.00,0.00,43167744,43167744,768,768,1536
4671,1764562611.6174355,kem_handshake,0.000038691|0.000022020|0.000070430,0.00,0.00,43167744,43167744,768,768,1536
4672,1764562611.6194327,kem_handshake,0.000065962|0.000045715|0.000082112,0.00,0.00,43167744,43167744,768,768,1536
4673,1764562611.6222527,kem_handshake,0.000089034|0.000042879|0.000103872,0.00,0.00,43167744,43167744,768,768,1536
4674,1764562611.625029,kem_handshake,0.000076782|0.000043471|0.000114411,0.00,0.00,43167744,43167744,768,768,1536
4675,1764562611.6268003,kem_handshake,0.000032991|0.000019947|0.000049291,0.00,0.00,43167744,43167744,768,768,1536
4676,1764562611.6285393,kem_handshake,0.000038410|0.000022191|0.000048229,0.00,0.00,43167744,43167744,768,768,1536
4677,1764562611.630535,kem_handshake,0.000039433|0.000022321|0.000048610,0.00,0.00,43167744,43167744,768,768,1536
4678,1764562611.6323905,kem_handshake,0.000045014|0.000023924|0.000055984,0.00,0.00,43167744,43167744,768,768,1536
4679,1764562611.635195,kem_handshake,0.000097660|0.000047558|0.000124170,0.00,0.00,43167744,43167744,768,768,1536
4680,1764562611.6376731,kem_handshake,0.000044001|0.000025838|0.000063447,0.00,0.00,43167744,43167744,768,768,1536
4681,1764562611.639147,kem_handshake,0.000028773|0.000020027|0.000043350,0.00,0.00,43167744,43167744,768,768,1536
4682,1764562611.6412022,kem_handshake,0.000044893|0.000023704|0.000053579,0.00,0.00,43167744,43167744,768,768,1536
4683,1764562611.643612,kem_handshake,0.000071202|0.000035486|0.000094014,0.00,0.00,43167744,43167744,768,768,1536
4684,1764562611.646228,kem_handshake,0.000115344|0.000033723|0.000115012,0.00,0.00,43167744,43167744,768,768,1536
4685,1764562611.6481986,kem_handshake,0.000040615|0.000021359|0.000058238,0.00,0.00,43167744,43167744,768,768,1536
4686,1764562611.6495032,kem_handshake,0.000023874|0.000016941|0.000041677,0.00,0.00,43167744,43167744,768,768,1536
4687,1764562611.650699,kem_handshake,0.000027731|0.000017943|0.000038501,0.00,0.00,43167744,43167744,768,768,1536
4688,1764562611.6518965,kem_handshake,0.000022441|0.000016290|0.000035275,0.00,0.00,43167744,43167744,768,768,1536
4689,1764562611.6529999,kem_handshake,0.000019927|0.000015799|0.000032700,0.00,0.00,43167744,43167744,768,768,1536
4690,1764562611.6543431,kem_handshake,0.000037609|0.000019146|0.000050733,0.00,0.00,43167744,43167744,768,768,1536
4691,1764562611.6559832,kem_handshake,0.000035776|0.000049982|0.000046385,0.00,0.00,43167744,43167744,768,768,1536
4692,1764562611.6579363,kem_handshake,0.000052918|0.000021971|0.000062144,0.00,0.00,43167744,43167744,768,768,1536
4693,1764562611.6596336,kem_handshake,0.000038732|0.000021580|0.000056134,0.00,0.00,43167744,43167744,768,768,1536
4694,1764562611.6608765,kem_handshake,0.000020378|0.000015910|0.000043240,0.00,0.00,43167744,43167744,768,768,1536
4695,1764562611.662035,kem_handshake,0.000019586|0.000016009|0.000033722,0.00,0.00,43167744,43167744,768,768,1536
4696,1764562611.6633852,kem_handshake,0.000030286|0.000019436|0.000044612,0.00,0.00,43167744,43167744,768,768,1536
4697,1764562611.665062,kem_handshake,0.000040284|0.000020498|0.000048239,0.00,0.00,43167744,43167744,768,768,1536
4698,1764562611.6664624,kem_handshake,0.000035175|0.000021690|0.000061704,0.00,0.00,43167744,43167744,768,768,1536
4699,1764562611.6684623,kem_handshake,0.000034995|0.000028803|0.000114191,0.00,0.00,43167744,43167744,768,768,1536
4700,1764562611.6700604,kem_handshake,0.000027000|0.000018183|0.000042598,0.00,0.00,43167744,43167744,768,768,1536
4701,1764562611.6712441,kem_handshake,0.000024495|0.000017503|0.000033832,0.00,0.00,43167744,43167744,768,768,1536
4702,1764562611.6724086,kem_handshake,0.000022512|0.000016671|0.000035746,0.00,0.00,43167744,43167744,768,768,1536
4703,1764562611.6738527,kem_handshake,0.000024235|0.000017503|0.000039273,0.00,0.00,43167744,43167744,768,768,1536
4704,1764562611.6759095,kem_handshake,0.000034874|0.000021129|0.000053068,0.00,0.00,43167744,43167744,768,768,1536
4705,1764562611.6781087,kem_handshake,0.000073325|0.000039793|0.000086309,0.00,0.00,43167744,43167744,768,768,1536
4706,1764562611.6802073,kem_handshake,0.000043470|0.000021700|0.000063007,0.00,0.00,43167744,43167744,768,768,1536
4707,1764562611.6817493,kem_handshake,0.000038231|0.000024555|0.000044172,0.00,0.00,43167744,43167744,768,768,1536
4708,1764562611.6829553,kem_handshake,0.000030326|0.000016731|0.000036107,0.00,0.00,43167744,43167744,768,768,1536
4709,1764562611.684112,kem_handshake,0.000022422|0.000017172|0.000035336,0.00,0.00,43167744,43167744,768,768,1536
4710,1764562611.6852171,kem_handshake,0.000020849|0.000016481|0.000033642,0.00,0.00,43167744,43167744,768,768,1536
4711,1764562611.686772,kem_handshake,0.000032369|0.000019507|0.000043570,0.00,0.00,43167744,43167744,768,768,1536
4712,1764562611.6881025,kem_handshake,0.000030055|0.000018935|0.000040004,0.00,0.00,43167744,43167744,768,768,1536
4713,1764562611.6894367,kem_handshake,0.000027641|0.000017723|0.000040635,0.00,0.00,43167744,43167744,768,768,1536
4714,1764562611.691028,kem_handshake,0.000034664|0.000020307|0.000051956,0.00,0.00,43167744,43167744,768,768,1536
4715,1764562611.6928906,kem_handshake,0.000040725|0.000021209|0.000063928,0.00,0.00,43167744,43167744,768,768,1536
4716,1764562611.694278,kem_handshake,0.000024836|0.000017923|0.000039754,0.00,0.00,43167744,43167744,768,768,1536
4717,1764562611.6956618,kem_handshake,0.000035716|0.000021099|0.000043200,0.00,0.00,43167744,43167744,768,768,1536
4718,1764562611.6970527,kem_handshake,0.000027300|0.000018685|0.000038932,0.00,0.00,43167744,43167744,768,768,1536
4719,1764562611.6985204,kem_handshake,0.000036107|0.000020909|0.000052207,0.00,0.00,43167744,43167744,768,768,1536
4720,1764562611.700628,kem_handshake,0.000038952|0.000023123|0.000054531,0.00,0.00,43167744,43167744,768,768,1536
4721,1764562611.7023232,kem_handshake,0.000033612|0.000020638|0.000046987,0.00,0.00,43167744,43167744,768,768,1536
4722,1764562611.70364,kem_handshake,0.000023523|0.000017312|0.000036237,0.00,0.00,43167744,43167744,768,768,1536
4723,1764562611.7048187,kem_handshake,0.000020107|0.000016431|0.000033582,0.00,0.00,43167744,43167744,768,768,1536
4724,1764562611.7060485,kem_handshake,0.000023954|0.000017914|0.000055051,0.00,0.00,43167744,43167744,768,768,1536
4725,1764562611.7080004,kem_handshake,0.000037559|0.000021099|0.000046155,0.00,0.00,43167744,43167744,768,768,1536
4726,1764562611.7102482,kem_handshake,0.000058428|0.000027511|0.000067865,0.00,0.00,43167744,43167744,768,768,1536
4727,1764562611.7127068,kem_handshake,0.000065652|0.000029254|0.000092491,0.00,0.00,43167744,43167744,768,768,1536
4728,1764562611.7147117,kem_handshake,0.000042899|0.000022662|0.000063728,0.00,0.00,43167744,43167744,768,768,1536
4729,1764562611.7161646,kem_handshake,0.000027651|0.000019627|0.000040425,0.00,0.00,43167744,43167744,768,768,1536
4730,1764562611.7173963,kem_handshake,0.000021780|0.000016761|0.000035776,0.00,0.00,43167744,43167744,768,768,1536
4731,1764562611.718619,kem_handshake,0.000022211|0.000017282|0.000036418,0.00,0.00,43167744,43167744,768,768,1536
4732,1764562611.7200117,kem_handshake,0.000028392|0.000018925|0.000041236,0.00,0.00,43167744,43167744,768,768,1536
4733,1764562611.7215958,kem_handshake,0.000040305|0.000021379|0.000049832,0.00,0.00,43167744,43167744,768,768,1536
4734,1764562611.723291,kem_handshake,0.000038691|0.000019936|0.000043871,0.00,0.00,43167744,43167744,768,768,1536
4735,1764562611.7254522,kem_handshake,0.000047648|0.000025587|0.000060021,0.00,0.00,43167744,43167744,768,768,1536
4736,1764562611.7274718,kem_handshake,0.000032851|0.000019466|0.000049832,0.00,0.00,43167744,43167744,768,768,1536
4737,1764562611.7287946,kem_handshake,0.000026109|0.000017843|0.000039173,0.00,0.00,43167744,43167744,768,768,1536
4738,1764562611.730251,kem_handshake,0.000037629|0.000021139|0.000064689,0.00,0.00,43167744,43167744,768,768,1536
4739,1764562611.7320366,kem_handshake,0.000032801|0.000020347|0.000044162,0.00,0.00,43167744,43167744,768,768,1536
4740,1764562611.7336755,kem_handshake,0.000048730|0.000026839|0.000073586,0.00,0.00,43167744,43167744,768,768,1536
4741,1764562611.7355666,kem_handshake,0.000029655|0.000019136|0.000046486,0.00,0.00,43167744,43167744,768,768,1536
4742,1764562611.7372935,kem_handshake,0.000036477|0.000018555|0.000048510,0.00,0.00,43167744,43167744,768,768,1536
4743,1764562611.738679,kem_handshake,0.000024616|0.000017773|0.000035305,0.00,0.00,43167744,43167744,768,768,1536
4744,1764562611.7399118,kem_handshake,0.000022091|0.000016711|0.000033842,0.00,0.00,43167744,43167744,768,768,1536
4745,1764562611.7411284,kem_handshake,0.000023223|0.000017182|0.000035636,0.00,0.00,43167744,43167744,768,768,1536
4746,1764562611.742721,kem_handshake,0.000034113|0.000022561|0.000049721,0.00,0.00,43167744,43167744,768,768,1536
4747,1764562611.7452116,kem_handshake,0.000059921|0.000028914|0.000120753,0.00,0.00,43167744,43167744,768,768,1536
4748,1764562611.7474155,kem_handshake,0.000039212|0.000021781|0.000048529,0.00,0.00,43167744,43167744,768,768,1536
4749,1764562611.749228,kem_handshake,0.000036768|0.000022181|0.000047578,0.00,0.00,43167744,43167744,768,768,1536
4750,1764562611.7510285,kem_handshake,0.000066744|0.000028322|0.000075780,0.00,0.00,43167744,43167744,768,768,1536
4751,1764562611.7530448,kem_handshake,0.000027982|0.000022612|0.000038761,0.00,0.00,43167744,43167744,768,768,1536
4752,1764562611.7545013,kem_handshake,0.000064589|0.000023493|0.000036648,0.00,0.00,43167744,43167744,768,768,1536
4753,1764562611.7559812,kem_handshake,0.000034083|0.000021360|0.000042429,0.00,0.00,43167744,43167744,768,768,1536
4754,1764562611.757879,kem_handshake,0.000042208|0.000023413|0.000061844,0.00,0.00,43167744,43167744,768,768,1536
4755,1764562611.7608843,kem_handshake,0.000082683|0.000035105|0.000106096,0.00,0.00,43167744,43167744,768,768,1536
4756,1764562611.7632263,kem_handshake,0.000052507|0.000028222|0.000102038,0.00,0.00,43167744,43167744,768,768,1536
4757,1764562611.7647042,kem_handshake,0.000024205|0.000016992|0.000037910,0.00,0.00,43167744,43167744,768,768,1536
4758,1764562611.7658596,kem_handshake,0.000024115|0.000017442|0.000044372,0.00,0.00,43167744,43167744,768,768,1536
4759,1764562611.7673876,kem_handshake,0.000032741|0.000020197|0.000053669,0.00,0.00,43167744,43167744,768,768,1536
4760,1764562611.7689104,kem_handshake,0.000037268|0.000019065|0.000054311,0.00,0.00,43167744,43167744,768,768,1536
4761,1764562611.7705195,kem_handshake,0.000030035|0.000018163|0.000040565,0.00,0.00,43167744,43167744,768,768,1536
4762,1764562611.772614,kem_handshake,0.000084135|0.000047948|0.000125903,0.00,0.00,43167744,43167744,768,768,1536
4763,1764562611.7744932,kem_handshake,0.000053319|0.000028373|0.000068727,0.00,0.00,43167744,43167744,768,768,1536
4764,1764562611.7758946,kem_handshake,0.000026700|0.000018785|0.000051936,0.00,0.00,43167744,43167744,768,768,1536
4765,1764562611.7772634,kem_handshake,0.000023293|0.000017192|0.000037630,0.00,0.00,43167744,43167744,768,768,1536
4766,1764562611.7783966,kem_handshake,0.000021119|0.000016320|0.000034824,0.00,0.00,43167744,43167744,768,768,1536
4767,1764562611.780106,kem_handshake,0.000030987|0.000018905|0.000052787,0.00,0.00,43167744,43167744,768,768,1536
4768,1764562611.7821996,kem_handshake,0.000071452|0.000041517|0.000105065,0.00,0.00,43167744,43167744,768,768,1536
4769,1764562611.7846947,kem_handshake,0.000043140|0.000023273|0.000065030,0.00,0.00,43167744,43167744,768,768,1536
4770,1764562611.786353,kem_handshake,0.000027230|0.000018304|0.000042278,0.00,0.00,43167744,43167744,768,768,1536
4771,1764562611.7874868,kem_handshake,0.000019846|0.000016050|0.000032580,0.00,0.00,43167744,43167744,768,768,1536
4772,1764562611.78881,kem_handshake,0.000035396|0.000024665|0.000055062,0.00,0.00,43167744,43167744,768,768,1536
4773,1764562611.790978,kem_handshake,0.000047167|0.000042869|0.000123398,0.00,0.00,43167744,43167744,768,768,1536
4774,1764562611.7940347,kem_handshake,0.000056414|0.000029665|0.000078766,0.00,0.00,43167744,43167744,768,768,1536
4775,1764562611.7962613,kem_handshake,0.000041737|0.000024165|0.000061564,0.00,0.00,43167744,43167744,768,768,1536
4776,1764562611.7977304,kem_handshake,0.000025407|0.000017963|0.000040334,0.00,0.00,43167744,43167744,768,768,1536
4777,1764562611.799049,kem_handshake,0.000029625|0.000019345|0.000042088,0.00,0.00,43167744,43167744,768,768,1536
4778,1764562611.8003275,kem_handshake,0.000025407|0.000017753|0.000037749,0.00,0.00,43167744,43167744,768,768,1536
4779,1764562611.8016586,kem_handshake,0.000028263|0.000018824|0.000042449,0.00,0.00,43167744,43167744,768,768,1536
4780,1764562611.803541,kem_handshake,0.000060301|0.000028102|0.000070661,0.00,0.00,43167744,43167744,768,768,1536
4781,1764562611.8053484,kem_handshake,0.000038241|0.000022281|0.000057516,0.00,0.00,43167744,43167744,768,768,1536
4782,1764562611.8071604,kem_handshake,0.000038911|0.000020177|0.000048490,0.00,0.00,43167744,43167744,768,768,1536
4783,1764562611.8084412,kem_handshake,0.000026248|0.000017102|0.000035105,0.00,0.00,43167744,43167744,768,768,1536
4784,1764562611.8097641,kem_handshake,0.000026258|0.000017553|0.000037789,0.00,0.00,43167744,43167744,768,768,1536
4785,1764562611.8108616,kem_handshake,0.000019356|0.000015820|0.000041216,0.00,0.00,43167744,43167744,768,768,1536
4786,1764562611.8120277,kem_handshake,0.000024856|0.000018073|0.000039362,0.00,0.00,43167744,43167744,768,768,1536
4787,1764562611.8139548,kem_handshake,0.000039092|0.000026279|0.000051315,0.00,0.00,43167744,43167744,768,768,1536
4788,1764562611.8158054,kem_handshake,0.000079647|0.000039383|0.000112969,0.00,0.00,43167744,43167744,768,768,1536
4789,1764562611.817663,kem_handshake,0.000036457|0.000021760|0.000064159,0.00,0.00,43167744,43167744,768,768,1536
4790,1764562611.8190475,kem_handshake,0.000027250|0.000016501|0.000048860,0.00,0.00,43167744,43167744,768,768,1536
4791,1764562611.8201976,kem_handshake,0.000027711|0.000020167|0.000035917,0.00,0.00,43167744,43167744,768,768,1536
4792,1764562611.8222418,kem_handshake,0.000052898|0.000023694|0.000059831,0.00,0.00,43167744,43167744,768,768,1536
4793,1764562611.823709,kem_handshake,0.000040625|0.000021540|0.000057797,0.00,0.00,43167744,43167744,768,768,1536
4794,1764562611.8253763,kem_handshake,0.000059841|0.000027240|0.000067855,0.00,0.00,43167744,43167744,768,768,1536
4795,1764562611.8269138,kem_handshake,0.000027310|0.000019666|0.000045905,0.00,0.00,43167744,43167744,768,768,1536
4796,1764562611.8281064,kem_handshake,0.000021209|0.000016070|0.000034584,0.00,0.00,43167744,43167744,768,768,1536
4797,1764562611.829397,kem_handshake,0.000023954|0.000017272|0.000037509,0.00,0.00,43167744,43167744,768,768,1536
4798,1764562611.8311007,kem_handshake,0.000048530|0.000034174|0.000074367,0.00,0.00,43167744,43167744,768,768,1536
4799,1764562611.8325596,kem_handshake,0.000028513|0.000019706|0.000044853,0.00,0.00,43167744,43167744,768,768,1536
4800,1764562611.8345897,kem_handshake,0.000030877|0.000020348|0.000055011,0.00,0.00,43167744,43167744,768,768,1536
4801,1764562611.8361282,kem_handshake,0.000035646|0.000018825|0.000059500,0.00,0.00,43167744,43167744,768,768,1536
4802,1764562611.8376176,kem_handshake,0.000027210|0.000017603|0.000046757,0.00,0.00,43167744,43167744,768,768,1536
4803,1764562611.8388486,kem_handshake,0.000023384|0.000017542|0.000042488,0.00,0.00,43167744,43167744,768,768,1536
4804,1764562611.8404968,kem_handshake,0.000049802|0.000034614|0.000079287,0.00,0.00,43167744,43167744,768,768,1536
4805,1764562611.8423498,kem_handshake,0.000056625|0.000038541|0.000058939,0.00,0.00,43167744,43167744,768,768,1536
4806,1764562611.8438168,kem_handshake,0.000030767|0.000018815|0.000041497,0.00,0.00,43167744,43167744,768,768,1536
4807,1764562611.84538,kem_handshake,0.000042629|0.000022762|0.000063217,0.00,0.00,43167744,43167744,768,768,1536
4808,1764562611.8478112,kem_handshake,0.000046396|0.000027972|0.000061013,0.00,0.00,43167744,43167744,768,768,1536
4809,1764562611.8500605,kem_handshake,0.000081110|0.000032551|0.000080398,0.00,0.00,43167744,43167744,768,768,1536
4810,1764562611.8520055,kem_handshake,0.000038942|0.000022832|0.000062766,0.00,0.00,43167744,43167744,768,768,1536
4811,1764562611.8533099,kem_handshake,0.000022962|0.000017172|0.000034885,0.00,0.00,43167744,43167744,768,768,1536
4812,1764562611.8544486,kem_handshake,0.000020327|0.000017242|0.000036107,0.00,0.00,43167744,43167744,768,768,1536
4813,1764562611.8557062,kem_handshake,0.000028803|0.000018424|0.000041366,0.00,0.00,43167744,43167744,768,768,1536
4814,1764562611.857416,kem_handshake,0.000050173|0.000029955|0.000066964,0.00,0.00,43167744,43167744,768,768,1536
4815,1764562611.8598216,kem_handshake,0.000096167|0.000041947|0.000082392,0.00,0.00,43167744,43167744,768,768,1536
4816,1764562611.862266,kem_handshake,0.000041176|0.000024796|0.000059359,0.00,0.00,43167744,43167744,768,768,1536
4817,1764562611.8644683,kem_handshake,0.000043500|0.000025668|0.000064580,0.00,0.00,43167744,43167744,768,768,1536
4818,1764562611.865886,kem_handshake,0.000041016|0.000023363|0.000054871,0.00,0.00,43167744,43167744,768,768,1536
4819,1764562611.8681781,kem_handshake,0.000078956|0.000032220|0.000096439,0.00,0.00,43167744,43167744,768,768,1536
4820,1764562611.8706913,kem_handshake,0.000050363|0.000024645|0.000051304,0.00,0.00,43167744,43167744,768,768,1536
4821,1764562611.873002,kem_handshake,0.000045665|0.000027882|0.000095607,0.00,0.00,43167744,43167744,768,768,1536
4822,1764562611.875273,kem_handshake,0.000046365|0.000023103|0.000047568,0.00,0.00,43167744,43167744,768,768,1536
4823,1764562611.8767843,kem_handshake,0.000025316|0.000017091|0.000039833,0.00,0.00,43167744,43167744,768,768,1536
4824,1764562611.878404,kem_handshake,0.000044612|0.000034374|0.000087391,0.00,0.00,43167744,43167744,768,768,1536
4825,1764562611.8802772,kem_handshake,0.000043270|0.000023112|0.000051615,0.00,0.00,43167744,43167744,768,768,1536
4826,1764562611.8822346,kem_handshake,0.000085218|0.000036547|0.000106547,0.00,0.00,43167744,43167744,768,768,1536
4827,1764562611.884962,kem_handshake,0.000049051|0.000024986|0.000077944,0.00,0.00,43167744,43167744,768,768,1536
4828,1764562611.8870292,kem_handshake,0.000046667|0.000025076|0.000053780,0.00,0.00,43167744,43167744,768,768,1536
4829,1764562611.888501,kem_handshake,0.000029244|0.000019005|0.000040755,0.00,0.00,43167744,43167744,768,768,1536
4830,1764562611.8908267,kem_handshake,0.000041827|0.000025407|0.000054100,0.00,0.00,43167744,43167744,768,768,1536
4831,1764562611.8934495,kem_handshake,0.000094996|0.000039413|0.000116706,0.00,0.00,43167744,43167744,768,768,1536
4832,1764562611.8965616,kem_handshake,0.000082983|0.000034033|0.000100956,0.00,0.00,43167744,43167744,768,768,1536
4833,1764562611.8987021,kem_handshake,0.000028763|0.000018554|0.000046406,0.00,0.00,43167744,43167744,768,768,1536
4834,1764562611.900127,kem_handshake,0.000024375|0.000016230|0.000034735,0.00,0.00,43167744,43167744,768,768,1536
4835,1764562611.9014034,kem_handshake,0.000026960|0.000019236|0.000042619,0.00,0.00,43167744,43167744,768,768,1536
4836,1764562611.9027863,kem_handshake,0.000031408|0.000018975|0.000042689,0.00,0.00,43167744,43167744,768,768,1536
4837,1764562611.904459,kem_handshake,0.000040445|0.000022552|0.000049501,0.00,0.00,43167744,43167744,768,768,1536
4838,1764562611.9063203,kem_handshake,0.000069278|0.000039664|0.000096789,0.00,0.00,43167744,43167744,768,768,1536
4839,1764562611.9082735,kem_handshake,0.000050192|0.000025927|0.000077413,0.00,0.00,43167744,43167744,768,768,1536
4840,1764562611.9105277,kem_handshake,0.000043320|0.000025717|0.000083614,0.00,0.00,43167744,43167744,768,768,1536
4841,1764562611.9134154,kem_handshake,0.000121454|0.000048509|0.000073586,0.00,0.00,43167744,43167744,768,768,1536
4842,1764562611.9159591,kem_handshake,0.000095827|0.000032791|0.000058658,0.00,0.00,43167744,43167744,768,768,1536
4843,1764562611.919411,kem_handshake,0.000091018|0.000038331|0.000108100,0.00,0.00,43167744,43167744,768,768,1536
4844,1764562611.9217415,kem_handshake,0.000026759|0.000017433|0.000067344,0.00,0.00,43167744,43167744,768,768,1536
4845,1764562611.923073,kem_handshake,0.000023374|0.000017572|0.000035365,0.00,0.00,43167744,43167744,768,768,1536
4846,1764562611.9252656,kem_handshake,0.000083304|0.000040165|0.000105805,0.00,0.00,43167744,43167744,768,768,1536
4847,1764562611.927495,kem_handshake,0.000050403|0.000025477|0.000097070,0.00,0.00,43167744,43167744,768,768,1536
4848,1764562611.930033,kem_handshake,0.000076752|0.000031788|0.000109673,0.00,0.00,43167744,43167744,768,768,1536
4849,1764562611.9321134,kem_handshake,0.000050363|0.000023113|0.000062586,0.00,0.00,43167744,43167744,768,768,1536
4850,1764562611.933614,kem_handshake,0.000027551|0.000017843|0.000037068,0.00,0.00,43167744,43167744,768,768,1536
4851,1764562611.9348128,kem_handshake,0.000021440|0.000015619|0.000034804,0.00,0.00,43167744,43167744,768,768,1536
4852,1764562611.9364996,kem_handshake,0.000062576|0.000031197|0.000084787,0.00,0.00,43167744,43167744,768,768,1536
4853,1764562611.9384632,kem_handshake,0.000051525|0.000029064|0.000063297,0.00,0.00,43167744,43167744,768,768,1536
4854,1764562611.940783,kem_handshake,0.000054952|0.000029444|0.000089045,0.00,0.00,43167744,43167744,768,768,1536
4855,1764562611.9426882,kem_handshake,0.000035886|0.000020638|0.000054992,0.00,0.00,43167744,43167744,768,768,1536
4856,1764562611.944053,kem_handshake,0.000021980|0.000017031|0.000035576,0.00,0.00,43167744,43167744,768,768,1536
4857,1764562611.9451573,kem_handshake,0.000018985|0.000016350|0.000032510,0.00,0.00,43167744,43167744,768,768,1536
4858,1764562611.9465027,kem_handshake,0.000038652|0.000021750|0.000047829,0.00,0.00,43167744,43167744,768,768,1536
4859,1764562611.9482567,kem_handshake,0.000043991|0.000023704|0.000058458,0.00,0.00,43167744,43167744,768,768,1536
4860,1764562611.9510095,kem_handshake,0.000055022|0.000025738|0.000109582,0.00,0.00,43167744,43167744,768,768,1536
4861,1764562611.9528182,kem_handshake,0.000039083|0.000020648|0.000052247,0.00,0.00,43167744,43167744,768,768,1536
4862,1764562611.9542127,kem_handshake,0.000024986|0.000016721|0.000036978,0.00,0.00,43167744,43167744,768,768,1536
4863,1764562611.9554422,kem_handshake,0.000025046|0.000017683|0.000038071,0.00,0.00,43167744,43167744,768,768,1536
4864,1764562611.9568508,kem_handshake,0.000033492|0.000020448|0.000046756,0.00,0.00,43167744,43167744,768,768,1536
4865,1764562611.9587536,kem_handshake,0.000069037|0.000032981|0.000094003,0.00,0.00,43167744,43167744,768,768,1536
4866,1764562611.9614139,kem_handshake,0.000067354|0.000030707|0.000100025,0.00,0.00,43167744,43167744,768,768,1536
4867,1764562611.9636986,kem_handshake,0.000048280|0.000033722|0.000074688,0.00,0.00,43167744,43167744,768,768,1536
4868,1764562611.9659173,kem_handshake,0.000050132|0.000025187|0.000093923,0.00,0.00,43167744,43167744,768,768,1536
4869,1764562611.9680378,kem_handshake,0.000083815|0.000030917|0.000071001,0.00,0.00,43167744,43167744,768,768,1536
4870,1764562611.9701695,kem_handshake,0.000039533|0.000022020|0.000059720,0.00,0.00,43167744,43167744,768,768,1536
4871,1764562611.972532,kem_handshake,0.000073767|0.000040675|0.000102449,0.00,0.00,43167744,43167744,768,768,1536
4872,1764562611.9751687,kem_handshake,0.000035656|0.000020739|0.000056685,0.00,0.00,43167744,43167744,768,768,1536
4873,1764562611.9767518,kem_handshake,0.000033532|0.000019927|0.000044041,0.00,0.00,43167744,43167744,768,768,1536
4874,1764562611.9782925,kem_handshake,0.000028522|0.000019115|0.000039863,0.00,0.00,43167744,43167744,768,768,1536
4875,1764562611.9806225,kem_handshake,0.000074267|0.000047898|0.000101919,0.00,0.00,43167744,43167744,768,768,1536
4876,1764562611.9839954,kem_handshake,0.000112358|0.000049862|0.000156970,0.00,0.00,43167744,43167744,768,768,1536
4877,1764562611.9866586,kem_handshake,0.000074387|0.000038721|0.000089385,0.00,0.00,43167744,43167744,768,768,1536
4878,1764562611.9882646,kem_handshake,0.000026409|0.000018554|0.000036648,0.00,0.00,43167744,43167744,768,768,1536
4879,1764562611.9898279,kem_handshake,0.000033452|0.000021089|0.000043200,0.00,0.00,43167744,43167744,768,768,1536
4880,1764562611.9913595,kem_handshake,0.000047277|0.000025837|0.000051284,0.00,0.00,43167744,43167744,768,768,1536
4881,1764562611.9949067,kem_handshake,0.000133386|0.000056825|0.000082433,0.00,0.00,43167744,43167744,768,768,1536
4882,1764562611.9975893,kem_handshake,0.000089175|0.000040916|0.000066182,0.00,0.00,43167744,43167744,768,768,1536
4883,1764562611.9997528,kem_handshake,0.000039954|0.000034614|0.000094825,0.00,0.00,43167744,43167744,768,768,1536
4884,1764562612.0014906,kem_handshake,0.000035215|0.000021109|0.000056774,0.00,0.00,43167744,43167744,768,768,1536
4885,1764562612.0030384,kem_handshake,0.000041767|0.000024546|0.000066112,0.00,0.00,43167744,43167744,768,768,1536
4886,1764562612.0053256,kem_handshake,0.000058729|0.000046426|0.000119501,0.00,0.00,43167744,43167744,768,768,1536
4887,1764562612.0070221,kem_handshake,0.000038801|0.000022982|0.000059329,0.00,0.00,43167744,43167744,768,768,1536
4888,1764562612.008597,kem_handshake,0.000032921|0.000021019|0.000047568,0.00,0.00,43167744,43167744,768,768,1536
4889,1764562612.010343,kem_handshake,0.000037800|0.000022672|0.000049151,0.00,0.00,43167744,43167744,768,768,1536
4890,1764562612.011493,kem_handshake,0.000018965|0.000016000|0.000033662,0.00,0.00,43167744,43167744,768,768,1536
4891,1764562612.012692,kem_handshake,0.000021320|0.000016901|0.000034353,0.00,0.00,43167744,43167744,768,768,1536
4892,1764562612.014055,kem_handshake,0.000025377|0.000017542|0.000036147,0.00,0.00,43167744,43167744,768,768,1536
4893,1764562612.015186,kem_handshake,0.000019385|0.000016230|0.000032951,0.00,0.00,43167744,43167744,768,768,1536
4894,1764562612.0164464,kem_handshake,0.000024054|0.000017573|0.000037399,0.00,0.00,43167744,43167744,768,768,1536
4895,1764562612.0180569,kem_handshake,0.000057597|0.000019426|0.000051005,0.00,0.00,43167744,43167744,768,768,1536
4896,1764562612.0198061,kem_handshake,0.000036607|0.000020188|0.000050243,0.00,0.00,43167744,43167744,768,768,1536
4897,1764562612.021278,kem_handshake,0.000051425|0.000020889|0.000054771,0.00,0.00,43167744,43167744,768,768,1536
4898,1764562612.0227625,kem_handshake,0.000024004|0.000016540|0.000035306,0.00,0.00,43167744,43167744,768,768,1536
4899,1764562612.0240958,kem_handshake,0.000030947|0.000018524|0.000042448,0.00,0.00,43167744,43167744,768,768,1536
4900,1764562612.0258005,kem_handshake,0.000032460|0.000022812|0.000055172,0.00,0.00,43167744,43167744,768,768,1536
4901,1764562612.0272262,kem_handshake,0.000029595|0.000017022|0.000043470,0.00,0.00,43167744,43167744,768,768,1536
4902,1764562612.028478,kem_handshake,0.000022902|0.000017543|0.000035346,0.00,0.00,43167744,43167744,768,768,1536
4903,1764562612.030244,kem_handshake,0.000042118|0.000022642|0.000053409,0.00,0.00,43167744,43167744,768,768,1536
4904,1764562612.032175,kem_handshake,0.000047338|0.000053820|0.000063027,0.00,0.00,43167744,43167744,768,768,1536
4905,1764562612.0345113,kem_handshake,0.000064018|0.000026128|0.000072604,0.00,0.00,43167744,43167744,768,768,1536
4906,1764562612.0364196,kem_handshake,0.000041797|0.000027701|0.000063046,0.00,0.00,43167744,43167744,768,768,1536
4907,1764562612.0380616,kem_handshake,0.000031949|0.000019867|0.000041106,0.00,0.00,43167744,43167744,768,768,1536
4908,1764562612.0392365,kem_handshake,0.000020588|0.000016210|0.000034364,0.00,0.00,43167744,43167744,768,768,1536
4909,1764562612.0405574,kem_handshake,0.000027591|0.000019406|0.000043631,0.00,0.00,43167744,43167744,768,768,1536
4910,1764562612.0426042,kem_handshake,0.000071081|0.000033221|0.000091148,0.00,0.00,43167744,43167744,768,768,1536
4911,1764562612.0456088,kem_handshake,0.000081210|0.000038461|0.000107349,0.00,0.00,43167744,43167744,768,768,1536
4912,1764562612.0487604,kem_handshake,0.000063427|0.000039894|0.000061203,0.00,0.00,43167744,43167744,768,768,1536
4913,1764562612.0509934,kem_handshake,0.000052727|0.000036838|0.000083434,0.00,0.00,43167744,43167744,768,768,1536
4914,1764562612.052568,kem_handshake,0.000029033|0.000019987|0.000047147,0.00,0.00,43167744,43167744,768,768,1536
4915,1764562612.0538676,kem_handshake,0.000030496|0.000018484|0.000048129,0.00,0.00,43167744,43167744,768,768,1536
4916,1764562612.0557253,kem_handshake,0.000034413|0.000019246|0.000045654,0.00,0.00,43167744,43167744,768,768,1536
4917,1764562612.0587692,kem_handshake,0.000093553|0.000044302|0.000083574,0.00,0.00,43167744,43167744,768,768,1536
4918,1764562612.0611691,kem_handshake,0.000054050|0.000026709|0.000071773,0.00,0.00,43167744,43167744,768,768,1536
4919,1764562612.0629954,kem_handshake,0.000055122|0.000042228|0.000068086,0.00,0.00,43167744,43167744,768,768,1536
4920,1764562612.0656676,kem_handshake,0.000053840|0.000025968|0.000056384,0.00,0.00,43167744,43167744,768,768,1536
4921,1764562612.068186,kem_handshake,0.000085658|0.000035956|0.000100797,0.00,0.00,43167744,43167744,768,768,1536
4922,1764562612.0706246,kem_handshake,0.000062155|0.000047618|0.000094745,0.00,0.00,43167744,43167744,768,768,1536
4923,1764562612.0730445,kem_handshake,0.000050574|0.000044583|0.000082171,0.00,0.00,43167744,43167744,768,768,1536
4924,1764562612.0751283,kem_handshake,0.000035466|0.000022872|0.000061864,0.00,0.00,43167744,43167744,768,768,1536
4925,1764562612.0769114,kem_handshake,0.000027421|0.000018755|0.000038340,0.00,0.00,43167744,43167744,768,768,1536
4926,1764562612.0785985,kem_handshake,0.000049953|0.000027631|0.000055563,0.00,0.00,43167744,43167744,768,768,1536
4927,1764562612.0809724,kem_handshake,0.000047378|0.000022070|0.000056955,0.00,0.00,43167744,43167744,768,768,1536
4928,1764562612.0827959,kem_handshake,0.000045545|0.000025226|0.000062726,0.00,0.00,43167744,43167744,768,768,1536
4929,1764562612.0841064,kem_handshake,0.000024686|0.000018835|0.000039934,0.00,0.00,43167744,43167744,768,768,1536
4930,1764562612.085308,kem_handshake,0.000021029|0.000017122|0.000035065,0.00,0.00,43167744,43167744,768,768,1536
4931,1764562612.0864985,kem_handshake,0.000020517|0.000016330|0.000033762,0.00,0.00,43167744,43167744,768,768,1536
4932,1764562612.0884266,kem_handshake,0.000131633|0.000038511|0.000127726,0.00,0.00,43167744,43167744,768,768,1536
4933,1764562612.090651,kem_handshake,0.000054661|0.000027781|0.000061383,0.00,0.00,43167744,43167744,768,768,1536
4934,1764562612.09316,kem_handshake,0.000061925|0.000026038|0.000071161,0.00,0.00,43167744,43167744,768,768,1536
4935,1764562612.0949028,kem_handshake,0.000036508|0.000022131|0.000074788,0.00,0.00,43167744,43167744,768,768,1536
4936,1764562612.0961967,kem_handshake,0.000024636|0.000017062|0.000035175,0.00,0.00,43167744,43167744,768,768,1536
4937,1764562612.0976162,kem_handshake,0.000040585|0.000023894|0.000059290,0.00,0.00,43167744,43167744,768,768,1536
4938,1764562612.0992382,kem_handshake,0.000033622|0.000019216|0.000044813,0.00,0.00,43167744,43167744,768,768,1536
4939,1764562612.1018898,kem_handshake,0.000110033|0.000032651|0.000111466,0.00,0.00,43167744,43167744,768,768,1536
4940,1764562612.1050808,kem_handshake,0.000077644|0.000059520|0.000089315,0.00,0.00,43167744,43167744,768,768,1536
4941,1764562612.1067383,kem_handshake,0.000033662|0.000019145|0.000050524,0.00,0.00,43167744,43167744,768,768,1536
4942,1764562612.108305,kem_handshake,0.000036077|0.000020889|0.000053969,0.00,0.00,43167744,43167744,768,768,1536
4943,1764562612.1096663,kem_handshake,0.000025146|0.000017923|0.000038812,0.00,0.00,43167744,43167744,768,768,1536
4944,1764562612.111324,kem_handshake,0.000041807|0.000022402|0.000051876,0.00,0.00,43167744,43167744,768,768,1536
4945,1764562612.113562,kem_handshake,0.000080999|0.000028703|0.000108690,0.00,0.00,43167744,43167744,768,768,1536
4946,1764562612.1156168,kem_handshake,0.000047597|0.000025717|0.000068237,0.00,0.00,43167744,43167744,768,768,1536
4947,1764562612.1170146,kem_handshake,0.000024766|0.000017202|0.000037309,0.00,0.00,43167744,43167744,768,768,1536
4948,1764562612.1182632,kem_handshake,0.000031859|0.000021439|0.000053038,0.00,0.00,43167744,43167744,768,768,1536
4949,1764562612.1195781,kem_handshake,0.000020728|0.000016360|0.000036347,0.00,0.00,43167744,43167744,768,768,1536
4950,1764562612.1208165,kem_handshake,0.000030216|0.000018063|0.000045604,0.00,0.00,43167744,43167744,768,768,1536
4951,1764562612.1223931,kem_handshake,0.000029625|0.000018584|0.000041637,0.00,0.00,43167744,43167744,768,768,1536
4952,1764562612.1240845,kem_handshake,0.000039273|0.000021720|0.000049932,0.00,0.00,43167744,43167744,768,768,1536
4953,1764562612.1262803,kem_handshake,0.000057567|0.000030586|0.000088855,0.00,0.00,43167744,43167744,768,768,1536
4954,1764562612.1281521,kem_handshake,0.000075650|0.000042439|0.000072945,0.00,0.00,43167744,43167744,768,768,1536
4955,1764562612.129921,kem_handshake,0.000047207|0.000028322|0.000101076,0.00,0.00,43167744,43167744,768,768,1536
4956,1764562612.131799,kem_handshake,0.000028483|0.000017953|0.000040134,0.00,0.00,43167744,43167744,768,768,1536
4957,1764562612.1334703,kem_handshake,0.000050513|0.000028353|0.000051395,0.00,0.00,43167744,43167744,768,768,1536
4958,1764562612.1355536,kem_handshake,0.000046856|0.000026358|0.000068216,0.00,0.00,43167744,43167744,768,768,1536
4959,1764562612.1369805,kem_handshake,0.000035786|0.000020709|0.000050062,0.00,0.00,43167744,43167744,768,768,1536
4960,1764562612.1382372,kem_handshake,0.000024265|0.000017692|0.000041767,0.00,0.00,43167744,43167744,768,768,1536
4961,1764562612.139881,kem_handshake,0.000055332|0.000030506|0.000070721,0.00,0.00,43167744,43167744,768,768,1536
4962,1764562612.1426945,kem_handshake,0.000095507|0.000045303|0.000127807,0.00,0.00,43167744,43167744,768,768,1536
4963,1764562612.1461728,kem_handshake,0.000118629|0.000038030|0.000121335,0.00,0.00,43167744,43167744,768,768,1536
4964,1764562612.1482143,kem_handshake,0.000036708|0.000023613|0.000059129,0.00,0.00,43167744,43167744,768,768,1536
4965,1764562612.1497982,kem_handshake,0.000029024|0.000017442|0.000044693,0.00,0.00,43167744,43167744,768,768,1536
4966,1764562612.1510453,kem_handshake,0.000024064|0.000017343|0.000041557,0.00,0.00,43167744,43167744,768,768,1536
4967,1764562612.1524572,kem_handshake,0.000032840|0.000018885|0.000043310,0.00,0.00,43167744,43167744,768,768,1536
4968,1764562612.1539714,kem_handshake,0.000035766|0.000025958|0.000063036,0.00,0.00,43167744,43167744,768,768,1536
4969,1764562612.1557755,kem_handshake,0.000054361|0.000035576|0.000109532,0.00,0.00,43167744,43167744,768,768,1536
4970,1764562612.1577053,kem_handshake,0.000040835|0.000021309|0.000064379,0.00,0.00,43167744,43167744,768,768,1536
4971,1764562612.1591306,kem_handshake,0.000024064|0.000018374|0.000043170,0.00,0.00,43167744,43167744,768,768,1536
4972,1764562612.1606712,kem_handshake,0.000069909|0.000029083|0.000080027,0.00,0.00,43167744,43167744,768,768,1536
4973,1764562612.1625004,kem_handshake,0.000030075|0.000019106|0.000041337,0.00,0.00,43167744,43167744,768,768,1536
4974,1764562612.164303,kem_handshake,0.000044061|0.000053519|0.000050033,0.00,0.00,43167744,43167744,768,768,1536
4975,1764562612.1661692,kem_handshake,0.000036607|0.000022151|0.000054500,0.00,0.00,43167744,43167744,768,768,1536
4976,1764562612.167551,kem_handshake,0.000029945|0.000017633|0.000042378,0.00,0.00,43167744,43167744,768,768,1536
4977,1764562612.1689556,kem_handshake,0.000025397|0.000016861|0.000042369,0.00,0.00,43167744,43167744,768,768,1536
4978,1764562612.1703775,kem_handshake,0.000028102|0.000020007|0.000042989,0.00,0.00,43167744,43167744,768,768,1536
4979,1764562612.172427,kem_handshake,0.000065441|0.000044232|0.000092140,0.00,0.00,43167744,43167744,768,768,1536
4980,1764562612.1752496,kem_handshake,0.000073215|0.000038691|0.000104514,0.00,0.00,43167744,43167744,768,768,1536
4981,1764562612.177176,kem_handshake,0.000037590|0.000022902|0.000055914,0.00,0.00,43167744,43167744,768,768,1536
4982,1764562612.1784391,kem_handshake,0.000026128|0.000017883|0.000037269,0.00,0.00,43167744,43167744,768,768,1536
4983,1764562612.1798155,kem_handshake,0.000037299|0.000019095|0.000047317,0.00,0.00,43167744,43167744,768,768,1536
4984,1764562612.1812258,kem_handshake,0.000035636|0.000021650|0.000048490,0.00,0.00,43167744,43167744,768,768,1536
4985,1764562612.1826835,kem_handshake,0.000037399|0.000019966|0.000046346,0.00,0.00,43167744,43167744,768,768,1536
4986,1764562612.1843739,kem_handshake,0.000054921|0.000027350|0.000079387,0.00,0.00,43167744,43167744,768,768,1536
4987,1764562612.1858654,kem_handshake,0.000026228|0.000018815|0.000047317,0.00,0.00,43167744,43167744,768,768,1536
4988,1764562612.1871474,kem_handshake,0.000023133|0.000016932|0.000035886,0.00,0.00,43167744,43167744,768,768,1536
4989,1764562612.1883233,kem_handshake,0.000025848|0.000021520|0.000042969,0.00,0.00,43167744,43167744,768,768,1536
4990,1764562612.189955,kem_handshake,0.000055102|0.000027200|0.000078045,0.00,0.00,43167744,43167744,768,768,1536
4991,1764562612.1923122,kem_handshake,0.000088914|0.000045885|0.000099995,0.00,0.00,43167744,43167744,768,768,1536
4992,1764562612.1953485,kem_handshake,0.000072133|0.000031658|0.000070700,0.00,0.00,43167744,43167744,768,768,1536
4993,1764562612.1974738,kem_handshake,0.000043029|0.000024766|0.000068677,0.00,0.00,43167744,43167744,768,768,1536
4994,1764562612.1991062,kem_handshake,0.000033652|0.000021169|0.000048489,0.00,0.00,43167744,43167744,768,768,1536
4995,1764562612.2005079,kem_handshake,0.000026229|0.000017412|0.000044452,0.00,0.00,43167744,43167744,768,768,1536
4996,1764562612.2017975,kem_handshake,0.000027791|0.000018344|0.000040595,0.00,0.00,43167744,43167744,768,768,1536
4997,1764562612.203723,kem_handshake,0.000067013|0.000031809|0.000085588,0.00,0.00,43167744,43167744,768,768,1536
4998,1764562612.2059708,kem_handshake,0.000039022|0.000028042|0.000066683,0.00,0.00,43167744,43167744,768,768,1536
4999,1764562612.2076366,kem_handshake,0.000030055|0.000020568|0.000048299,0.00,0.00,43167744,43167744,768,768,1536
5000,1764562612.209974,kem_handshake,0.000037199|0.000030877|0.000057547,0.00,0.00,43167744,43167744,768,768,1536
