Iteration,timestamp,event,time_s,cpu_before,cpu_after,mem_before,mem_after,ciphertext_bytes
0,1764562564.6322927,server_rsa_keygen,0.023671224,0.00,84.10,42201088,42291200,
1,1764562625.579479,rsa_handshake,0.000608314|0.000046366,0.00,0.00,43651072,43696128,512
2,1764562625.6483655,rsa_handshake,0.000450132|0.000079387,0.00,0.00,43696128,43696128,512
3,1764562625.6797345,rsa_handshake,0.000388277|0.000036357,0.00,0.00,43696128,43696128,512
4,1764562625.7181058,rsa_handshake,0.000512948|0.000088403,0.00,0.00,43696128,43696128,512
5,1764562625.7430975,rsa_handshake,0.000254070|0.000040355,0.00,0.00,43696128,43696128,512
6,1764562625.751716,rsa_handshake,0.000404488|0.000033742,0.00,0.00,43696128,43696128,512
7,1764562625.8176012,rsa_handshake,0.000481259|0.000068647,0.00,1487.30,43696128,43696128,512
8,1764562625.836307,rsa_handshake,0.000470649|0.000069939,0.00,0.00,43696128,43696128,512
9,1764562625.8657033,rsa_handshake,0.000429904|0.000045183,0.00,0.00,43696128,43696128,512
10,1764562625.883037,rsa_handshake,0.000448929|0.000074097,0.00,0.00,43696128,43696128,512
11,1764562625.9242141,rsa_handshake,0.000274006|0.000069098,0.00,0.00,43696128,43696128,512
12,1764562625.9488523,rsa_handshake,0.000254189|0.000047117,0.00,0.00,43696128,43696128,512
13,1764562625.9643767,rsa_handshake,0.000258828|0.000043069,0.00,0.00,43696128,43696128,512
14,1764562626.0055387,rsa_handshake,0.000262545|0.000042178,0.00,0.00,43696128,43696128,512
15,1764562626.1030514,rsa_handshake,0.000282542|0.000040955,0.00,0.00,43696128,43696128,512
16,1764562626.1684165,rsa_handshake,0.000238070|0.000037610,0.00,0.00,43696128,43696128,512
17,1764562626.2050385,rsa_handshake,0.000537092|0.000089335,0.00,0.00,43696128,43696128,512
18,1764562626.298936,rsa_handshake,0.000419626|0.000041296,0.00,0.00,43696128,43696128,512
19,1764562626.3515441,rsa_handshake,0.000523287|0.000068857,0.00,1473.30,43696128,43696128,512
20,1764562626.4063575,rsa_handshake,0.000430756|0.000064609,0.00,0.00,43696128,43696128,512
21,1764562626.4600017,rsa_handshake,0.000242498|0.000038972,0.00,0.00,43696128,43696128,512
22,1764562626.5053425,rsa_handshake,0.000393918|0.000035235,0.00,0.00,43696128,43696128,512
23,1764562626.5337667,rsa_handshake,0.000622290|0.000122556,0.00,0.00,43696128,43696128,512
24,1764562626.585896,rsa_handshake,0.000281570|0.000041927,0.00,0.00,43696128,43696128,512
25,1764562626.6151354,rsa_handshake,0.000541800|0.000087191,0.00,1372.10,43696128,43696128,512
26,1764562626.6613545,rsa_handshake,0.000259069|0.000035796,0.00,0.00,43696128,43696128,512
27,1764562626.696973,rsa_handshake,0.000522405|0.000086470,0.00,0.00,43696128,43696128,512
28,1764562626.72518,rsa_handshake,0.000256644|0.000039223,0.00,0.00,43696128,43696128,512
29,1764562626.75912,rsa_handshake,0.000229164|0.000034273,0.00,0.00,43696128,43696128,512
30,1764562626.7988956,rsa_handshake,0.000260581|0.000036908,0.00,0.00,43696128,43696128,512
31,1764562626.818573,rsa_handshake,0.000357240|0.000040615,0.00,0.00,43696128,43696128,512
32,1764562626.8410964,rsa_handshake,0.000437999|0.000065431,0.00,0.00,43696128,43696128,512
33,1764562626.8810737,rsa_handshake,0.000665871|0.000032680,0.00,0.00,43696128,43696128,512
34,1764562626.9232023,rsa_handshake,0.000244442|0.000037970,0.00,0.00,43696128,43696128,512
35,1764562626.9422534,rsa_handshake,0.000288553|0.000039603,0.00,0.00,43696128,43696128,512
36,1764562626.9720824,rsa_handshake,0.000464648|0.000044582,0.00,0.00,43696128,43696128,512
37,1764562627.0351775,rsa_handshake,0.000239333|0.000036307,0.00,0.00,43696128,43696128,512
38,1764562627.1305568,rsa_handshake,0.000450673|0.000047007,0.00,0.00,43696128,43696128,512
39,1764562627.1485105,rsa_handshake,0.000472112|0.000042709,0.00,0.00,43696128,43696128,512
40,1764562627.1797023,rsa_handshake,0.000475859|0.000042408,0.00,0.00,43696128,43696128,512
41,1764562627.2074487,rsa_handshake,0.000275408|0.000033331,0.00,0.00,43696128,43696128,512
42,1764562627.2509742,rsa_handshake,0.000274156|0.000040104,0.00,0.00,43696128,43696128,512
43,1764562627.27085,rsa_handshake,0.000431798|0.000058559,0.00,0.00,43696128,43696128,512
44,1764562627.3163996,rsa_handshake,0.000534768|0.000081591,0.00,0.00,43696128,43696128,512
45,1764562627.345321,rsa_handshake,0.000402533|0.000039574,0.00,0.00,43696128,43696128,512
46,1764562627.366864,rsa_handshake,0.000456213|0.000059350,0.00,1650.60,43696128,43696128,512
47,1764562627.385086,rsa_handshake,0.000338245|0.000048480,0.00,0.00,43696128,43696128,512
48,1764562627.4111419,rsa_handshake,0.000245113|0.000045694,0.00,0.00,43696128,43696128,512
49,1764562627.454539,rsa_handshake,0.000413995|0.000041106,0.00,0.00,43696128,43696128,512
50,1764562627.5023336,rsa_handshake,0.000341160|0.000039694,0.00,0.00,43696128,43696128,512
51,1764562627.532526,rsa_handshake,0.000420447|0.000034344,0.00,0.00,43696128,43696128,512
52,1764562627.5518637,rsa_handshake,0.000331994|0.000036187,0.00,0.00,43696128,43696128,512
53,1764562627.5721629,rsa_handshake,0.000280849|0.000039273,0.00,0.00,43696128,43696128,512
54,1764562627.6040783,rsa_handshake,0.000238872|0.000035926,0.00,0.00,43696128,43696128,512
55,1764562627.6225646,rsa_handshake,0.000368501|0.000032891,0.00,0.00,43696128,43696128,512
56,1764562627.651632,rsa_handshake,0.000280168|0.000039583,0.00,0.00,43696128,43696128,512
57,1764562627.7125065,rsa_handshake,0.000443940|0.000039222,0.00,0.00,43696128,43696128,512
58,1764562627.7545037,rsa_handshake,0.000418133|0.000038671,0.00,0.00,43696128,43696128,512
59,1764562627.7822611,rsa_handshake,0.000268016|0.000034113,0.00,0.00,43696128,43696128,512
60,1764562627.802191,rsa_handshake,0.000227510|0.000035586,0.00,0.00,43696128,43696128,512
61,1764562627.8312755,rsa_handshake,0.000445143|0.000065020,0.00,0.00,43696128,43696128,512
62,1764562627.8705003,rsa_handshake,0.000538064|0.000080619,0.00,0.00,43696128,43696128,512
63,1764562627.8984945,rsa_handshake,0.000420427|0.000036647,0.00,0.00,43696128,43696128,512
64,1764562627.9250464,rsa_handshake,0.000288133|0.000042128,0.00,0.00,43696128,43696128,512
65,1764562627.9516256,rsa_handshake,0.000652085|0.000054841,0.00,0.00,43696128,43696128,512
66,1764562627.9900775,rsa_handshake,0.000237138|0.000056154,0.00,0.00,43696128,43696128,512
67,1764562628.020981,rsa_handshake,0.000409977|0.000043780,0.00,0.00,43696128,43696128,512
68,1764562628.068708,rsa_handshake,0.000249221|0.000042729,0.00,0.00,43696128,43696128,512
69,1764562628.0881927,rsa_handshake,0.000329038|0.000036547,0.00,0.00,43696128,43696128,512
70,1764562628.101521,rsa_handshake,0.000215849|0.000033452,0.00,0.00,43696128,43696128,512
71,1764562628.1415648,rsa_handshake,0.000432248|0.000086830,0.00,0.00,43696128,43696128,512
72,1764562628.1566086,rsa_handshake,0.000304954|0.000032229,0.00,0.00,43696128,43696128,512
73,1764562628.1912036,rsa_handshake,0.000429513|0.000084786,0.00,0.00,43696128,43696128,512
74,1764562628.2558904,rsa_handshake,0.000421098|0.000064098,0.00,0.00,43696128,43696128,512
75,1764562628.2754471,rsa_handshake,0.000366297|0.000065190,0.00,0.00,43696128,43696128,512
76,1764562628.3462648,rsa_handshake,0.000281761|0.000035536,0.00,2507.90,43696128,43696128,512
77,1764562628.360266,rsa_handshake,0.000510132|0.000092601,0.00,0.00,43696128,43696128,512
78,1764562628.3903494,rsa_handshake,0.000416820|0.000062826,0.00,0.00,43696128,43696128,512
79,1764562628.4038646,rsa_handshake,0.000243440|0.000040886,0.00,0.00,43696128,43696128,512
80,1764562628.419323,rsa_handshake,0.000222390|0.000040314,0.00,0.00,43696128,43696128,512
81,1764562628.433923,rsa_handshake,0.000362088|0.000050864,0.00,1834.10,43696128,43696128,512
82,1764562628.481829,rsa_handshake,0.000416700|0.000039834,0.00,0.00,43696128,43696128,512
83,1764562628.505261,rsa_handshake,0.000430235|0.000064640,0.00,0.00,43696128,43696128,512
84,1764562628.5201151,rsa_handshake,0.000417000|0.000037720,0.00,0.00,43696128,43696128,512
85,1764562628.5406203,rsa_handshake,0.000342783|0.000033301,0.00,0.00,43696128,43696128,512
86,1764562628.5776749,rsa_handshake,0.000235294|0.000039112,0.00,0.00,43696128,43696128,512
87,1764562628.6567101,rsa_handshake,0.000230126|0.000035275,0.00,0.00,43696128,43696128,512
88,1764562628.6752775,rsa_handshake,0.000230596|0.000034284,0.00,0.00,43696128,43696128,512
89,1764562628.6892536,rsa_handshake,0.000218143|0.000034323,0.00,0.00,43696128,43696128,512
90,1764562628.7371585,rsa_handshake,0.000256123|0.000038331,0.00,0.00,43696128,43696128,512
91,1764562628.7700994,rsa_handshake,0.000247938|0.000041397,0.00,0.00,43696128,43696128,512
92,1764562628.7983236,rsa_handshake,0.000220868|0.000033722,0.00,0.00,43696128,43696128,512
93,1764562628.8491979,rsa_handshake,0.000227110|0.000033933,0.00,0.00,43696128,43696128,512
94,1764562628.8880394,rsa_handshake,0.000260001|0.000039984,0.00,0.00,43696128,43696128,512
95,1764562628.9350758,rsa_handshake,0.000238581|0.000036497,0.00,0.00,43696128,43696128,512
96,1764562628.9545388,rsa_handshake,0.000283333|0.000044392,0.00,0.00,43696128,43696128,512
97,1764562629.0130901,rsa_handshake,0.000475458|0.000033822,0.00,0.00,43696128,43696128,512
98,1764562629.0320954,rsa_handshake,0.000244562|0.000035115,0.00,0.00,43696128,43696128,512
99,1764562629.045578,rsa_handshake,0.000233311|0.000040314,0.00,0.00,43696128,43696128,512
100,1764562629.0684822,rsa_handshake,0.000231888|0.000037770,0.00,0.00,43696128,43696128,512
101,1764562629.0878165,rsa_handshake,0.000244291|0.000039152,0.00,0.00,43696128,43696128,512
102,1764562629.1147265,rsa_handshake,0.000220006|0.000034082,0.00,0.00,43696128,43696128,512
103,1764562629.1636388,rsa_handshake,0.000246716|0.000038601,0.00,0.00,43696128,43696128,512
104,1764562629.2007704,rsa_handshake,0.000233572|0.000034053,0.00,0.00,43696128,43696128,512
105,1764562629.2784507,rsa_handshake,0.000237158|0.000037850,0.00,0.00,43696128,43696128,512
106,1764562629.307844,rsa_handshake,0.000219876|0.000033622,0.00,0.00,43696128,43696128,512
107,1764562629.3712015,rsa_handshake,0.000238801|0.000036898,0.00,0.00,43696128,43696128,512
108,1764562629.3948646,rsa_handshake,0.000271972|0.000044743,0.00,0.00,43696128,43696128,512
109,1764562629.4469228,rsa_handshake,0.000266712|0.000041697,0.00,0.00,43696128,43696128,512
110,1764562629.5027013,rsa_handshake,0.000244652|0.000041546,0.00,0.00,43696128,43696128,512
111,1764562629.5347629,rsa_handshake,0.000289455|0.000058548,0.00,2537.30,43696128,43696128,512
112,1764562629.5530603,rsa_handshake,0.000232509|0.000036147,0.00,0.00,43696128,43696128,512
113,1764562629.5695543,rsa_handshake,0.000226248|0.000033952,0.00,0.00,43696128,43696128,512
114,1764562629.613316,rsa_handshake,0.000539076|0.000078585,0.00,0.00,43696128,43696128,512
115,1764562629.6288826,rsa_handshake,0.000538745|0.000077854,0.00,0.00,43696128,43696128,512
116,1764562629.6697261,rsa_handshake,0.000470128|0.000042028,0.00,0.00,43696128,43696128,512
117,1764562629.6839628,rsa_handshake,0.000516163|0.000078054,0.00,0.00,43696128,43696128,512
118,1764562629.7273257,rsa_handshake,0.000484576|0.000033752,0.00,1664.40,43696128,43696128,512
119,1764562629.7740505,rsa_handshake,0.000547502|0.000080750,0.00,0.00,43696128,43696128,512
120,1764562629.7857401,rsa_handshake,0.000245013|0.000037800,0.00,0.00,43696128,43696128,512
121,1764562629.825962,rsa_handshake,0.000297991|0.000042689,0.00,0.00,43696128,43696128,512
122,1764562629.8615146,rsa_handshake,0.000228572|0.000035475,0.00,0.00,43696128,43696128,512
123,1764562629.8736603,rsa_handshake,0.000409025|0.000062175,0.00,0.00,43696128,43696128,512
124,1764562629.9290557,rsa_handshake,0.000262705|0.000036287,0.00,0.00,43696128,43696128,512
125,1764562629.9589,rsa_handshake,0.000423763|0.000067895,0.00,0.00,43696128,43696128,512
126,1764562630.0189674,rsa_handshake,0.000386914|0.000037099,0.00,0.00,43696128,43696128,512
127,1764562630.0489204,rsa_handshake,0.000432970|0.000086219,0.00,0.00,43696128,43696128,512
128,1764562630.1139197,rsa_handshake,0.000327075|0.000040635,0.00,0.00,43696128,43696128,512
129,1764562630.146481,rsa_handshake,0.000487831|0.000032530,0.00,0.00,43696128,43696128,512
130,1764562630.2014732,rsa_handshake,0.000505584|0.000068667,0.00,0.00,43696128,43696128,512
131,1764562630.2973652,rsa_handshake,0.000414286|0.000035706,0.00,0.00,43696128,43696128,512
132,1764562630.3173666,rsa_handshake,0.000433812|0.000082643,0.00,0.00,43696128,43696128,512
133,1764562630.3408985,rsa_handshake,0.000416409|0.000065611,0.00,0.00,43696128,43696128,512
134,1764562630.3653355,rsa_handshake,0.000424434|0.000063688,0.00,0.00,43696128,43696128,512
135,1764562630.386719,rsa_handshake,0.000433881|0.000067454,0.00,0.00,43696128,43696128,512
136,1764562630.4078279,rsa_handshake,0.000414465|0.000036087,0.00,0.00,43696128,43696128,512
137,1764562630.4486246,rsa_handshake,0.000360295|0.000036046,0.00,0.00,43696128,43696128,512
138,1764562630.470111,rsa_handshake,0.000471351|0.000047087,0.00,0.00,43696128,43696128,512
139,1764562630.5001743,rsa_handshake,0.000449911|0.000038862,0.00,1791.30,43696128,43696128,512
140,1764562630.535039,rsa_handshake,0.000459519|0.000076722,0.00,0.00,43696128,43696128,512
141,1764562630.5868568,rsa_handshake,0.000259349|0.000038190,0.00,0.00,43696128,43696128,512
142,1764562630.6371408,rsa_handshake,0.000280248|0.000041146,0.00,0.00,43696128,43696128,512
143,1764562630.6632144,rsa_handshake,0.000608224|0.000095557,0.00,0.00,43696128,43696128,512
144,1764562630.694698,rsa_handshake,0.000233171|0.000038682,0.00,0.00,43696128,43696128,512
145,1764562630.711599,rsa_handshake,0.000338615|0.000064930,0.00,2223.00,43696128,43696128,512
146,1764562630.7400627,rsa_handshake,0.000430535|0.000063708,0.00,0.00,43696128,43696128,512
147,1764562630.7738457,rsa_handshake,0.000334127|0.000035075,0.00,0.00,43696128,43696128,512
148,1764562630.8158922,rsa_handshake,0.000378169|0.000062646,0.00,0.00,43696128,43696128,512
149,1764562630.8493538,rsa_handshake,0.000433170|0.000034624,0.00,0.00,43696128,43696128,512
150,1764562630.8771908,rsa_handshake,0.000255272|0.000038011,0.00,0.00,43696128,43696128,512
151,1764562630.8973367,rsa_handshake,0.000429463|0.000042268,0.00,0.00,43696128,43696128,512
152,1764562630.923854,rsa_handshake,0.000423893|0.000038251,0.00,0.00,43696128,43696128,512
153,1764562630.9479613,rsa_handshake,0.000354865|0.000059470,0.00,0.00,43696128,43696128,512
154,1764562630.9768722,rsa_handshake,0.000346460|0.000039934,0.00,0.00,43696128,43696128,512
155,1764562630.9964812,rsa_handshake,0.000494453|0.000075660,0.00,0.00,43696128,43696128,512
156,1764562631.0155332,rsa_handshake,0.000438951|0.000067324,0.00,0.00,43696128,43696128,512
157,1764562631.069038,rsa_handshake,0.000323738|0.000042619,0.00,0.00,43696128,43696128,512
158,1764562631.0941315,rsa_handshake,0.000253518|0.000036267,0.00,0.00,43696128,43696128,512
159,1764562631.121126,rsa_handshake,0.000458076|0.000068226,0.00,0.00,43696128,43696128,512
160,1764562631.1439378,rsa_handshake,0.000273906|0.000059159,0.00,0.00,43696128,43696128,512
161,1764562631.165285,rsa_handshake,0.000441506|0.000033171,0.00,0.00,43696128,43696128,512
162,1764562631.19759,rsa_handshake,0.000270009|0.000036177,0.00,0.00,43696128,43696128,512
163,1764562631.209472,rsa_handshake,0.000238090|0.000037229,0.00,0.00,43696128,43696128,512
164,1764562631.2330453,rsa_handshake,0.000236937|0.000034544,0.00,0.00,43696128,43696128,512
165,1764562631.2531648,rsa_handshake,0.000220908|0.000035025,0.00,0.00,43696128,43696128,512
166,1764562631.3207736,rsa_handshake,0.000231658|0.000037759,0.00,0.00,43696128,43696128,512
167,1764562631.339892,rsa_handshake,0.000420287|0.000064489,0.00,0.00,43696128,43696128,512
168,1764562631.350531,rsa_handshake,0.000414415|0.000063387,0.00,0.00,43696128,43696128,512
169,1764562631.4019213,rsa_handshake,0.000231447|0.000051855,0.00,0.00,43696128,43696128,512
170,1764562631.4495294,rsa_handshake,0.000249241|0.000036347,0.00,0.00,43696128,43696128,512
171,1764562631.4735863,rsa_handshake,0.000230657|0.000036477,0.00,0.00,43696128,43696128,512
172,1764562631.495049,rsa_handshake,0.000337223|0.000041807,0.00,0.00,43696128,43696128,512
173,1764562631.5164912,rsa_handshake,0.000529438|0.000084195,0.00,0.00,43696128,43696128,512
174,1764562631.532123,rsa_handshake,0.000524288|0.000032720,0.00,0.00,43696128,43696128,512
175,1764562631.5616446,rsa_handshake,0.000519560|0.000079397,0.00,0.00,43696128,43696128,512
176,1764562631.588643,rsa_handshake,0.000274377|0.000032470,0.00,0.00,43696128,43696128,512
177,1764562631.6138055,rsa_handshake,0.000496738|0.000032530,0.00,0.00,43696128,43696128,512
178,1764562631.6444979,rsa_handshake,0.000539917|0.000080439,0.00,0.00,43696128,43696128,512
179,1764562631.7022011,rsa_handshake,0.000436205|0.000066393,0.00,0.00,43696128,43696128,512
180,1764562631.7867107,rsa_handshake,0.000241105|0.000037009,0.00,0.00,43696128,43696128,512
181,1764562631.8295445,rsa_handshake,0.000457526|0.000070561,0.00,0.00,43696128,43696128,512
182,1764562631.8900478,rsa_handshake,0.000329960|0.000091058,0.00,0.00,43696128,43696128,512
183,1764562631.9601479,rsa_handshake,0.000257376|0.000047457,0.00,0.00,43696128,43696128,512
184,1764562632.0132606,rsa_handshake,0.000570905|0.000083364,0.00,0.00,43696128,43696128,512
185,1764562632.023766,rsa_handshake,0.000512316|0.000078575,0.00,0.00,43696128,43696128,512
186,1764562632.0382314,rsa_handshake,0.000438090|0.000063357,0.00,0.00,43696128,43696128,512
187,1764562632.0559552,rsa_handshake,0.000510503|0.000077262,0.00,0.00,43696128,43696128,512
188,1764562632.0836647,rsa_handshake,0.000443249|0.000065602,0.00,1706.60,43696128,43696128,512
189,1764562632.1562796,rsa_handshake,0.000317487|0.000035606,0.00,0.00,43696128,43696128,512
190,1764562632.1771262,rsa_handshake,0.000239373|0.000037990,0.00,0.00,43696128,43696128,512
191,1764562632.2090533,rsa_handshake,0.000376576|0.000039693,0.00,0.00,43696128,43696128,512
192,1764562632.236673,rsa_handshake,0.000246696|0.000038812,0.00,0.00,43696128,43696128,512
193,1764562632.2951763,rsa_handshake,0.000441977|0.000033151,0.00,0.00,43696128,43696128,512
194,1764562632.3543565,rsa_handshake,0.000269207|0.000041387,0.00,0.00,43696128,43696128,512
195,1764562632.3675182,rsa_handshake,0.000243069|0.000039823,0.00,0.00,43696128,43696128,512
196,1764562632.3814936,rsa_handshake,0.000525270|0.000077593,0.00,0.00,43696128,43696128,512
197,1764562632.4261498,rsa_handshake,0.000550838|0.000062766,0.00,1422.00,43696128,43696128,512
198,1764562632.468968,rsa_handshake,0.000283344|0.000061553,0.00,0.00,43696128,43696128,512
199,1764562632.516167,rsa_handshake,0.000238521|0.000035215,0.00,0.00,43696128,43696128,512
200,1764562632.540782,rsa_handshake,0.000226238|0.000037059,0.00,0.00,43696128,43696128,512
201,1764562632.60135,rsa_handshake,0.000234824|0.000050964,0.00,0.00,43696128,43696128,512
202,1764562632.6200242,rsa_handshake,0.000266542|0.000039643,0.00,0.00,43696128,43696128,512
203,1764562632.6487143,rsa_handshake,0.000225657|0.000034223,0.00,0.00,43696128,43696128,512
204,1764562632.6930687,rsa_handshake,0.000253328|0.000035606,0.00,0.00,43696128,43696128,512
205,1764562632.7463753,rsa_handshake,0.000542552|0.000079497,0.00,0.00,43696128,43696128,512
206,1764562632.7826087,rsa_handshake,0.000431808|0.000065091,0.00,0.00,43696128,43696128,512
207,1764562632.8447723,rsa_handshake,0.000471772|0.000072815,0.00,0.00,43696128,43696128,512
208,1764562632.8763173,rsa_handshake,0.000400099|0.000041737,0.00,0.00,43696128,43696128,512
209,1764562632.8925765,rsa_handshake,0.000511314|0.000080970,0.00,0.00,43696128,43696128,512
210,1764562632.948975,rsa_handshake,0.000455301|0.000074347,0.00,1615.70,43696128,43696128,512
211,1764562632.974762,rsa_handshake,0.000232449|0.000034063,0.00,0.00,43696128,43696128,512
212,1764562633.0019617,rsa_handshake,0.000539146|0.000081550,0.00,0.00,43696128,43696128,512
213,1764562633.0213962,rsa_handshake,0.000480417|0.000038451,0.00,0.00,43696128,43696128,512
214,1764562633.0801651,rsa_handshake,0.000535890|0.000042549,0.00,0.00,43696128,43696128,512
215,1764562633.1294246,rsa_handshake,0.000340609|0.000033942,0.00,0.00,43696128,43696128,512
216,1764562633.2249923,rsa_handshake,0.000426358|0.000073986,0.00,0.00,43696128,43696128,512
217,1764562633.281578,rsa_handshake,0.000550517|0.000085308,0.00,0.00,43696128,43696128,512
218,1764562633.3107486,rsa_handshake,0.000301617|0.000068406,0.00,0.00,43696128,43696128,512
219,1764562633.3273802,rsa_handshake,0.000233311|0.000037058,0.00,0.00,43696128,43696128,512
220,1764562633.3825607,rsa_handshake,0.000428161|0.000040756,0.00,0.00,43696128,43696128,512
221,1764562633.4016392,rsa_handshake,0.000225557|0.000035034,0.00,0.00,43696128,43696128,512
222,1764562633.4645162,rsa_handshake,0.000248970|0.000035816,0.00,0.00,43696128,43696128,512
223,1764562633.5628736,rsa_handshake,0.000279135|0.000043581,0.00,0.00,43696128,43696128,512
224,1764562633.5804257,rsa_handshake,0.000483523|0.000070430,0.00,0.00,43696128,43696128,512
225,1764562633.6074564,rsa_handshake,0.000448269|0.000037520,0.00,0.00,43696128,43696128,512
226,1764562633.621516,rsa_handshake,0.000257206|0.000038691,0.00,0.00,43696128,43696128,512
227,1764562633.6538575,rsa_handshake,0.000323187|0.000041827,0.00,0.00,43696128,43696128,512
228,1764562633.6681428,rsa_handshake,0.000433571|0.000069668,0.00,0.00,43696128,43696128,512
229,1764562633.753139,rsa_handshake,0.000480658|0.000070901,0.00,0.00,43696128,43696128,512
230,1764562633.800637,rsa_handshake,0.000262175|0.000043230,0.00,0.00,43696128,43696128,512
231,1764562633.8415425,rsa_handshake,0.000460300|0.000077734,0.00,0.00,43696128,43696128,512
232,1764562633.9079578,rsa_handshake,0.000444231|0.000069398,0.00,0.00,43696128,43696128,512
233,1764562633.9228082,rsa_handshake,0.000412462|0.000082372,0.00,0.00,43696128,43696128,512
234,1764562634.006493,rsa_handshake,0.000232299|0.000035485,0.00,0.00,43696128,43696128,512
235,1764562634.0303333,rsa_handshake,0.000225436|0.000033593,0.00,0.00,43696128,43696128,512
236,1764562634.067591,rsa_handshake,0.000277022|0.000061042,0.00,0.00,43696128,43696128,512
237,1764562634.081057,rsa_handshake,0.000216330|0.000034724,0.00,0.00,43696128,43696128,512
238,1764562634.1041923,rsa_handshake,0.000211480|0.000032259,0.00,0.00,43696128,43696128,512
239,1764562634.1361787,rsa_handshake,0.000228872|0.000036758,0.00,3080.70,43696128,43696128,512
240,1764562634.1572967,rsa_handshake,0.000216059|0.000032029,0.00,0.00,43696128,43696128,512
241,1764562634.2372234,rsa_handshake,0.000230816|0.000035135,0.00,0.00,43696128,43696128,512
242,1764562634.2663536,rsa_handshake,0.000231437|0.000034504,0.00,0.00,43696128,43696128,512
243,1764562634.3038454,rsa_handshake,0.000249752|0.000038741,0.00,0.00,43696128,43696128,512
244,1764562634.3202739,rsa_handshake,0.000219826|0.000033552,0.00,0.00,43696128,43696128,512
245,1764562634.414016,rsa_handshake,0.000245654|0.000039593,0.00,0.00,43696128,43696128,512
246,1764562634.440257,rsa_handshake,0.000238971|0.000037279,0.00,0.00,43696128,43696128,512
247,1764562634.4590223,rsa_handshake,0.000241285|0.000036657,0.00,0.00,43696128,43696128,512
248,1764562634.4990954,rsa_handshake,0.000245744|0.000035877,0.00,0.00,43696128,43696128,512
249,1764562634.5526757,rsa_handshake,0.000233431|0.000066513,0.00,0.00,43696128,43696128,512
250,1764562634.589795,rsa_handshake,0.000223142|0.000032950,0.00,0.00,43696128,43696128,512
251,1764562634.6148825,rsa_handshake,0.000216971|0.000033331,0.00,0.00,43696128,43696128,512
252,1764562634.6312914,rsa_handshake,0.000229915|0.000035556,0.00,0.00,43696128,43696128,512
253,1764562634.6622083,rsa_handshake,0.000240705|0.000038171,0.00,0.00,43696128,43696128,512
254,1764562634.7047963,rsa_handshake,0.000221650|0.000033892,0.00,0.00,43696128,43696128,512
255,1764562634.718917,rsa_handshake,0.000228693|0.000040835,0.00,0.00,43696128,43696128,512
256,1764562634.7883563,rsa_handshake,0.000252997|0.000036787,0.00,0.00,43696128,43696128,512
257,1764562634.8139508,rsa_handshake,0.000430465|0.000032090,0.00,0.00,43696128,43696128,512
258,1764562634.8494117,rsa_handshake,0.000239112|0.000036167,0.00,0.00,43696128,43696128,512
259,1764562634.8620577,rsa_handshake,0.000239562|0.000034323,0.00,0.00,43696128,43696128,512
260,1764562634.8777096,rsa_handshake,0.000220508|0.000033091,0.00,0.00,43696128,43696128,512
261,1764562634.9368577,rsa_handshake,0.000268627|0.000041897,0.00,0.00,43696128,43696128,512
262,1764562634.967595,rsa_handshake,0.000226488|0.000035857,0.00,0.00,43696128,43696128,512
263,1764562635.0266929,rsa_handshake,0.000415758|0.000076922,0.00,0.00,43696128,43696128,512
264,1764562635.057865,rsa_handshake,0.000494674|0.000033442,0.00,0.00,43696128,43696128,512
265,1764562635.0743089,rsa_handshake,0.000522165|0.000078686,0.00,0.00,43696128,43696128,512
266,1764562635.0997314,rsa_handshake,0.000533776|0.000041346,0.00,0.00,43696128,43696128,512
267,1764562635.111879,rsa_handshake,0.000299012|0.000036557,0.00,0.00,43696128,43696128,512
268,1764562635.1335292,rsa_handshake,0.000307959|0.000034464,0.00,0.00,43696128,43696128,512
269,1764562635.172632,rsa_handshake,0.000534257|0.000080519,0.00,0.00,43696128,43696128,512
270,1764562635.2158864,rsa_handshake,0.000419966|0.000064469,0.00,0.00,43696128,43696128,512
271,1764562635.2343495,rsa_handshake,0.000242768|0.000038752,0.00,0.00,43696128,43696128,512
272,1764562635.2539034,rsa_handshake,0.000418633|0.000064659,0.00,0.00,43696128,43696128,512
273,1764562635.2917545,rsa_handshake,0.000446885|0.000065330,0.00,0.00,43696128,43696128,512
274,1764562635.3200567,rsa_handshake,0.000456023|0.000074448,0.00,0.00,43696128,43696128,512
275,1764562635.3376324,rsa_handshake,0.000270099|0.000045163,0.00,0.00,43696128,43696128,512
276,1764562635.3534253,rsa_handshake,0.000246946|0.000039333,0.00,0.00,43696128,43696128,512
277,1764562635.3759775,rsa_handshake,0.000264479|0.000042108,0.00,0.00,43696128,43696128,512
278,1764562635.4143934,rsa_handshake,0.000229684|0.000038992,0.00,0.00,43696128,43696128,512
279,1764562635.437971,rsa_handshake,0.000265430|0.000043661,0.00,0.00,43696128,43696128,512
280,1764562635.46929,rsa_handshake,0.000346931|0.000077854,0.00,0.00,43696128,43696128,512
281,1764562635.508039,rsa_handshake,0.000261183|0.000040174,0.00,2811.70,43696128,43696128,512
282,1764562635.5757475,rsa_handshake,0.000509181|0.000075350,0.00,0.00,43696128,43696128,512
283,1764562635.5956433,rsa_handshake,0.000238070|0.000035506,0.00,0.00,43696128,43696128,512
284,1764562635.7166843,rsa_handshake,0.000415388|0.000069850,0.00,0.00,43696128,43696128,512
285,1764562635.7504845,rsa_handshake,0.000232319|0.000040765,0.00,0.00,43696128,43696128,512
286,1764562635.7677717,rsa_handshake,0.000430035|0.000082112,0.00,0.00,43696128,43696128,512
287,1764562635.8186574,rsa_handshake,0.000505354|0.000039864,0.00,0.00,43696128,43696128,512
288,1764562635.8580244,rsa_handshake,0.000520622|0.000090027,0.00,0.00,43696128,43696128,512
289,1764562635.8965847,rsa_handshake,0.000803114|0.000033061,0.00,0.00,43696128,43696128,512
290,1764562635.9456754,rsa_handshake,0.000260782|0.000041727,0.00,0.00,43696128,43696128,512
291,1764562635.9927292,rsa_handshake,0.000457064|0.000046155,0.00,0.00,43696128,43696128,512
292,1764562636.0122993,rsa_handshake,0.000437428|0.000066272,0.00,0.00,43696128,43696128,512
293,1764562636.058806,rsa_handshake,0.000229674|0.000035326,0.00,0.00,43696128,43696128,512
294,1764562636.1206691,rsa_handshake,0.000429754|0.000067595,0.00,0.00,43696128,43696128,512
295,1764562636.1628773,rsa_handshake,0.000444101|0.000062876,0.00,1695.70,43696128,43696128,512
296,1764562636.1884944,rsa_handshake,0.000227249|0.000034163,0.00,0.00,43696128,43696128,512
297,1764562636.2229593,rsa_handshake,0.000526593|0.000040425,0.00,0.00,43696128,43696128,512
298,1764562636.2567701,rsa_handshake,0.000246726|0.000033261,0.00,0.00,43696128,43696128,512
299,1764562636.2866418,rsa_handshake,0.000335259|0.000035265,0.00,0.00,43696128,43696128,512
300,1764562636.3031297,rsa_handshake,0.000523537|0.000080118,0.00,0.00,43696128,43696128,512
301,1764562636.4285614,rsa_handshake,0.000247868|0.000041497,0.00,0.00,43696128,43696128,512
302,1764562636.4616516,rsa_handshake,0.000533956|0.000081911,0.00,0.00,43696128,43696128,512
303,1764562636.495862,rsa_handshake,0.000256393|0.000039132,0.00,0.00,43696128,43696128,512
304,1764562636.5300632,rsa_handshake,0.000527305|0.000081270,0.00,0.00,43696128,43696128,512
305,1764562636.5776775,rsa_handshake,0.000227851|0.000035095,0.00,0.00,43696128,43696128,512
306,1764562636.5950158,rsa_handshake,0.000222311|0.000073195,0.00,0.00,43696128,43696128,512
307,1764562636.6259952,rsa_handshake,0.000514020|0.000090518,0.00,0.00,43696128,43696128,512
308,1764562636.6482086,rsa_handshake,0.000220627|0.000035526,0.00,0.00,43696128,43696128,512
309,1764562636.674414,rsa_handshake,0.000218894|0.000032720,0.00,0.00,43696128,43696128,512
310,1764562636.7051616,rsa_handshake,0.000236677|0.000033943,0.00,0.00,43696128,43696128,512
311,1764562636.741238,rsa_handshake,0.000223032|0.000034734,0.00,0.00,43696128,43696128,512
312,1764562636.7590456,rsa_handshake,0.000226208|0.000034264,0.00,0.00,43696128,43696128,512
313,1764562636.7911217,rsa_handshake,0.000226839|0.000034263,0.00,0.00,43696128,43696128,512
314,1764562636.8175166,rsa_handshake,0.000220778|0.000033862,0.00,0.00,43696128,43696128,512
315,1764562636.8410335,rsa_handshake,0.000229945|0.000036568,0.00,0.00,43696128,43696128,512
316,1764562636.8849828,rsa_handshake,0.000239373|0.000039663,0.00,0.00,43696128,43696128,512
317,1764562636.9219189,rsa_handshake,0.000226799|0.000039974,0.00,0.00,43696128,43696128,512
318,1764562636.9373934,rsa_handshake,0.000233291|0.000034113,0.00,0.00,43696128,43696128,512
319,1764562636.9721763,rsa_handshake,0.000222832|0.000034304,0.00,0.00,43696128,43696128,512
320,1764562636.9951177,rsa_handshake,0.000257446|0.000036437,0.00,0.00,43696128,43696128,512
321,1764562637.023146,rsa_handshake,0.000438350|0.000032951,0.00,0.00,43696128,43696128,512
322,1764562637.0588984,rsa_handshake,0.000220828|0.000034584,0.00,0.00,43696128,43696128,512
323,1764562637.1573145,rsa_handshake,0.000224905|0.000034143,0.00,0.00,43696128,43696128,512
324,1764562637.1753407,rsa_handshake,0.000220126|0.000032840,0.00,0.00,43696128,43696128,512
325,1764562637.2066243,rsa_handshake,0.000228973|0.000034975,0.00,0.00,43696128,43696128,512
326,1764562637.2208748,rsa_handshake,0.000228562|0.000035445,0.00,0.00,43696128,43696128,512
327,1764562637.236356,rsa_handshake,0.000221880|0.000033271,0.00,0.00,43696128,43696128,512
328,1764562637.2500494,rsa_handshake,0.000219957|0.000032811,0.00,0.00,43696128,43696128,512
329,1764562637.2736585,rsa_handshake,0.000211160|0.000032150,0.00,0.00,43696128,43696128,512
330,1764562637.3076034,rsa_handshake,0.000213624|0.000034514,0.00,0.00,43696128,43696128,512
331,1764562637.3430893,rsa_handshake,0.000242278|0.000038381,0.00,0.00,43696128,43696128,512
332,1764562637.3640997,rsa_handshake,0.000220247|0.000034073,0.00,0.00,43696128,43696128,512
333,1764562637.4046025,rsa_handshake,0.000216230|0.000032670,0.00,0.00,43696128,43696128,512
334,1764562637.418007,rsa_handshake,0.000419035|0.000073566,0.00,0.00,43696128,43696128,512
335,1764562637.455546,rsa_handshake,0.000250162|0.000037069,0.00,0.00,43696128,43696128,512
336,1764562637.4781194,rsa_handshake,0.000464037|0.000065080,0.00,0.00,43696128,43696128,512
337,1764562637.5216634,rsa_handshake,0.000252106|0.000038742,0.00,0.00,43696128,43696128,512
338,1764562637.5604568,rsa_handshake,0.000229844|0.000036747,0.00,0.00,43696128,43696128,512
339,1764562637.574226,rsa_handshake,0.000354835|0.000033031,0.00,0.00,43696128,43696128,512
340,1764562637.6229417,rsa_handshake,0.000516184|0.000077854,0.00,0.00,43696128,43696128,512
341,1764562637.6414943,rsa_handshake,0.000367890|0.000041547,0.00,0.00,43696128,43696128,512
342,1764562637.6534364,rsa_handshake,0.000309873|0.000033041,0.00,0.00,43696128,43696128,512
343,1764562637.6761343,rsa_handshake,0.000440585|0.000037058,0.00,0.00,43696128,43696128,512
344,1764562637.6880827,rsa_handshake,0.000426748|0.000063348,0.00,0.00,43696128,43696128,512
345,1764562637.7770324,rsa_handshake,0.000298832|0.000044473,0.00,0.00,43696128,43696128,512
346,1764562637.793659,rsa_handshake,0.000514460|0.000079637,0.00,0.00,43696128,43696128,512
347,1764562637.8655396,rsa_handshake,0.000420948|0.000064940,0.00,0.00,43696128,43696128,512
348,1764562637.8814578,rsa_handshake,0.000459739|0.000033733,0.00,0.00,43696128,43696128,512
349,1764562637.9149106,rsa_handshake,0.000514681|0.000079016,0.00,0.00,43696128,43696128,512
350,1764562637.936179,rsa_handshake,0.000241827|0.000038771,0.00,0.00,43696128,43696128,512
351,1764562637.9769146,rsa_handshake,0.000264068|0.000041958,0.00,0.00,43696128,43696128,512
352,1764562638.0180988,rsa_handshake,0.000550808|0.000070731,0.00,0.00,43696128,43696128,512
353,1764562638.044689,rsa_handshake,0.000492219|0.000037239,0.00,0.00,43696128,43696128,512
354,1764562638.0939243,rsa_handshake,0.000264589|0.000039794,0.00,0.00,43696128,43696128,512
355,1764562638.13211,rsa_handshake,0.000426959|0.000063968,0.00,0.00,43696128,43696128,512
356,1764562638.1633053,rsa_handshake,0.000443850|0.000064218,0.00,0.00,43696128,43696128,512
357,1764562638.1775267,rsa_handshake,0.000247418|0.000036317,0.00,0.00,43696128,43696128,512
358,1764562638.1959333,rsa_handshake,0.000322906|0.000047768,0.00,0.00,43696128,43696128,512
359,1764562638.2233703,rsa_handshake,0.000422650|0.000074588,0.00,0.00,43696128,43696128,512
360,1764562638.256713,rsa_handshake,0.000430686|0.000092461,0.00,0.00,43696128,43696128,512
361,1764562638.2741618,rsa_handshake,0.000441025|0.000066974,0.00,0.00,43696128,43696128,512
362,1764562638.3092327,rsa_handshake,0.000263447|0.000042087,0.00,0.00,43696128,43696128,512
363,1764562638.3504689,rsa_handshake,0.000522395|0.000080168,0.00,0.00,43696128,43696128,512
364,1764562638.367297,rsa_handshake,0.000537123|0.000079076,0.00,0.00,43696128,43696128,512
365,1764562638.3903449,rsa_handshake,0.000328307|0.000032430,0.00,0.00,43696128,43696128,512
366,1764562638.4213276,rsa_handshake,0.000545217|0.000081220,0.00,0.00,43696128,43696128,512
367,1764562638.4563332,rsa_handshake,0.000302629|0.000034765,0.00,0.00,43696128,43696128,512
368,1764562638.4933662,rsa_handshake,0.000249912|0.000043741,0.00,0.00,43696128,43696128,512
369,1764562638.552099,rsa_handshake,0.000257927|0.000034885,0.00,0.00,43696128,43696128,512
370,1764562638.5727487,rsa_handshake,0.000251104|0.000036147,0.00,0.00,43696128,43696128,512
371,1764562638.5846694,rsa_handshake,0.000412512|0.000056224,0.00,0.00,43696128,43696128,512
372,1764562638.6010911,rsa_handshake,0.000538846|0.000074738,0.00,0.00,43696128,43696128,512
373,1764562638.6429036,rsa_handshake,0.000530921|0.000084086,0.00,0.00,43696128,43696128,512
374,1764562638.6565347,rsa_handshake,0.000416790|0.000064199,0.00,0.00,43696128,43696128,512
375,1764562638.6728659,rsa_handshake,0.000413263|0.000063577,0.00,0.00,43696128,43696128,512
376,1764562638.7383766,rsa_handshake,0.000253518|0.000035315,0.00,0.00,43696128,43696128,512
377,1764562638.810101,rsa_handshake,0.000249822|0.000040555,0.00,0.00,43696128,43696128,512
378,1764562638.8473446,rsa_handshake,0.000431858|0.000064409,0.00,0.00,43696128,43696128,512
379,1764562638.8759923,rsa_handshake,0.000439823|0.000075840,0.00,0.00,43696128,43696128,512
380,1764562638.9202769,rsa_handshake,0.000435544|0.000064599,0.00,0.00,43696128,43696128,512
381,1764562638.9446466,rsa_handshake,0.000345017|0.000039463,0.00,0.00,43696128,43696128,512
382,1764562638.9937656,rsa_handshake,0.000444441|0.000038832,0.00,0.00,43696128,43696128,512
383,1764562639.016477,rsa_handshake,0.000432238|0.000066092,0.00,0.00,43696128,43696128,512
384,1764562639.0297804,rsa_handshake,0.000427650|0.000035736,0.00,0.00,43696128,43696128,512
385,1764562639.0477574,rsa_handshake,0.000826136|0.000060281,0.00,0.00,43696128,43696128,512
386,1764562639.0839152,rsa_handshake,0.000449100|0.000048550,0.00,0.00,43696128,43696128,512
387,1764562639.1396725,rsa_handshake,0.000416580|0.000063638,0.00,0.00,43696128,43696128,512
388,1764562639.1653678,rsa_handshake,0.000423142|0.000063538,0.00,0.00,43696128,43696128,512
389,1764562639.1860774,rsa_handshake,0.000253318|0.000035336,0.00,0.00,43696128,43696128,512
390,1764562639.200678,rsa_handshake,0.000442187|0.000065191,0.00,0.00,43696128,43696128,512
391,1764562639.2458553,rsa_handshake,0.000506556|0.000041958,0.00,0.00,43696128,43696128,512
392,1764562639.3406556,rsa_handshake,0.000522605|0.000036538,0.00,1564.10,43696128,43696128,512
393,1764562639.3970642,rsa_handshake,0.000391994|0.000042248,0.00,0.00,43696128,43696128,512
394,1764562639.4442487,rsa_handshake,0.000402443|0.000056775,0.00,0.00,43696128,43696128,512
395,1764562639.501645,rsa_handshake,0.000318749|0.000069719,0.00,0.00,43696128,43696128,512
396,1764562639.5567122,rsa_handshake,0.000312197|0.000034503,0.00,0.00,43696128,43696128,512
397,1764562639.5935411,rsa_handshake,0.000254370|0.000037389,0.00,0.00,43696128,43696128,512
398,1764562639.6301808,rsa_handshake,0.000246896|0.000035686,0.00,1904.10,43696128,43696128,512
399,1764562639.671217,rsa_handshake,0.000282182|0.000037690,0.00,0.00,43696128,43696128,512
400,1764562639.6919532,rsa_handshake,0.000219696|0.000037369,0.00,0.00,43696128,43696128,512
401,1764562639.713841,rsa_handshake,0.000214787|0.000033672,0.00,0.00,43696128,43696128,512
402,1764562639.7710106,rsa_handshake,0.000225928|0.000033512,0.00,0.00,43696128,43696128,512
403,1764562639.8076272,rsa_handshake,0.000242849|0.000034534,0.00,0.00,43696128,43696128,512
404,1764562639.8289232,rsa_handshake,0.000247227|0.000039363,0.00,0.00,43696128,43696128,512
405,1764562639.8532815,rsa_handshake,0.000251695|0.000037650,0.00,0.00,43696128,43696128,512
406,1764562639.8794434,rsa_handshake,0.000377798|0.000037870,0.00,2049.00,43696128,43696128,512
407,1764562639.8915446,rsa_handshake,0.000436877|0.000045634,0.00,1815.20,43696128,43696128,512
408,1764562639.943694,rsa_handshake,0.000283464|0.000062005,0.00,0.00,43696128,43696128,512
409,1764562639.9770653,rsa_handshake,0.000289054|0.000044963,0.00,0.00,43696128,43696128,512
410,1764562640.0554655,rsa_handshake,0.000238501|0.000037370,0.00,0.00,43696128,43696128,512
411,1764562640.1095555,rsa_handshake,0.000235064|0.000035666,0.00,0.00,43696128,43696128,512
412,1764562640.1437166,rsa_handshake,0.000237820|0.000036808,0.00,0.00,43696128,43696128,512
413,1764562640.1883335,rsa_handshake,0.000255492|0.000035696,0.00,0.00,43696128,43696128,512
414,1764562640.2872329,rsa_handshake,0.000268185|0.000042338,0.00,0.00,43696128,43696128,512
415,1764562640.310489,rsa_handshake,0.000237639|0.000058859,0.00,0.00,43696128,43696128,512
416,1764562640.3310685,rsa_handshake,0.000241737|0.000037098,0.00,0.00,43696128,43696128,512
417,1764562640.3558733,rsa_handshake,0.000476250|0.000033532,0.00,0.00,43696128,43696128,512
418,1764562640.3853467,rsa_handshake,0.000248589|0.000063598,0.00,0.00,43696128,43696128,512
419,1764562640.4139354,rsa_handshake,0.000223012|0.000042048,0.00,0.00,43696128,43696128,512
420,1764562640.4392235,rsa_handshake,0.000273936|0.000042860,0.00,0.00,43696128,43696128,512
421,1764562640.4711957,rsa_handshake,0.000251645|0.000039112,0.00,0.00,43696128,43696128,512
422,1764562640.5015967,rsa_handshake,0.000231337|0.000037089,0.00,0.00,43696128,43696128,512
423,1764562640.5146627,rsa_handshake,0.000227891|0.000035115,0.00,0.00,43696128,43696128,512
424,1764562640.5505567,rsa_handshake,0.000225617|0.000034443,0.00,0.00,43696128,43696128,512
425,1764562640.5797799,rsa_handshake,0.000264559|0.000042659,0.00,0.00,43696128,43696128,512
426,1764562640.6412015,rsa_handshake,0.000243240|0.000037760,0.00,0.00,43696128,43696128,512
427,1764562640.6667953,rsa_handshake,0.000231999|0.000036397,0.00,0.00,43696128,43696128,512
428,1764562640.701216,rsa_handshake,0.000232199|0.000035265,0.00,0.00,43696128,43696128,512
429,1764562640.7747953,rsa_handshake,0.000262766|0.000036648,0.00,0.00,43696128,43696128,512
430,1764562640.7837012,rsa_handshake,0.000228482|0.000034524,0.00,0.00,43696128,43696128,512
431,1764562640.8340347,rsa_handshake,0.000241937|0.000035565,0.00,0.00,43696128,43696128,512
432,1764562640.9442425,rsa_handshake,0.000235616|0.000035716,0.00,0.00,43696128,43696128,512
433,1764562640.9780393,rsa_handshake,0.000244161|0.000045033,0.00,0.00,43696128,43696128,512
434,1764562641.0013108,rsa_handshake,0.000229344|0.000033732,0.00,0.00,43696128,43696128,512
435,1764562641.0439098,rsa_handshake,0.000226899|0.000041978,0.00,0.00,43696128,43696128,512
436,1764562641.0668726,rsa_handshake,0.000217262|0.000033492,0.00,0.00,43696128,43696128,512
437,1764562641.1136591,rsa_handshake,0.000242097|0.000039503,0.00,0.00,43696128,43696128,512
438,1764562641.134085,rsa_handshake,0.000224645|0.000033292,0.00,0.00,43696128,43696128,512
439,1764562641.1711133,rsa_handshake,0.000245845|0.000040935,0.00,0.00,43696128,43696128,512
440,1764562641.2168565,rsa_handshake,0.000235775|0.000036367,0.00,0.00,43696128,43696128,512
441,1764562641.2370777,rsa_handshake,0.000340399|0.000042298,0.00,0.00,43696128,43696128,512
442,1764562641.325427,rsa_handshake,0.000239463|0.000036558,0.00,0.00,43696128,43696128,512
443,1764562641.3841584,rsa_handshake,0.000271151|0.000042719,0.00,0.00,43696128,43696128,512
444,1764562641.416033,rsa_handshake,0.000238851|0.000039853,0.00,0.00,43696128,43696128,512
445,1764562641.450501,rsa_handshake,0.000227801|0.000035165,0.00,0.00,43696128,43696128,512
446,1764562641.5137093,rsa_handshake,0.000271672|0.000053489,0.00,2619.20,43696128,43696128,512
447,1764562641.5960023,rsa_handshake,0.000263326|0.000041757,0.00,0.00,43696128,43696128,512
448,1764562641.6350048,rsa_handshake,0.000541010|0.000072153,0.00,0.00,43696128,43696128,512
449,1764562641.6691747,rsa_handshake,0.000510573|0.000036338,0.00,0.00,43696128,43696128,512
450,1764562641.7130306,rsa_handshake,0.000479035|0.000037128,0.00,0.00,43696128,43696128,512
451,1764562641.8011734,rsa_handshake,0.000240284|0.000037619,0.00,0.00,43696128,43696128,512
452,1764562641.8255608,rsa_handshake,0.000537033|0.000083434,0.00,0.00,43696128,43696128,512
453,1764562641.917485,rsa_handshake,0.000242198|0.000047979,0.00,0.00,43696128,43696128,512
454,1764562641.9749033,rsa_handshake,0.000264087|0.000050924,0.00,0.00,43696128,43696128,512
455,1764562642.0154655,rsa_handshake,0.000504412|0.000038381,0.00,0.00,43696128,43696128,512
456,1764562642.0514843,rsa_handshake,0.000415958|0.000035676,0.00,0.00,43696128,43696128,512
457,1764562642.1126952,rsa_handshake,0.000262335|0.000044352,0.00,0.00,43696128,43696128,512
458,1764562642.1618743,rsa_handshake,0.000239633|0.000037058,0.00,0.00,43696128,43696128,512
459,1764562642.183028,rsa_handshake,0.000233451|0.000035505,0.00,0.00,43696128,43696128,512
460,1764562642.2054422,rsa_handshake,0.000223634|0.000034223,0.00,0.00,43696128,43696128,512
461,1764562642.2371085,rsa_handshake,0.000546059|0.000080148,0.00,0.00,43696128,43696128,512
462,1764562642.2640195,rsa_handshake,0.000221750|0.000033151,0.00,0.00,43696128,43696128,512
463,1764562642.293797,rsa_handshake,0.000579421|0.000075890,0.00,0.00,43696128,43696128,512
464,1764562642.3357868,rsa_handshake,0.000549565|0.000054631,0.00,0.00,43696128,43696128,512
465,1764562642.3600888,rsa_handshake,0.000264328|0.000046055,0.00,0.00,43696128,43696128,512
466,1764562642.401179,rsa_handshake,0.000332705|0.000055713,0.00,2206.30,43696128,43696128,512
467,1764562642.4316883,rsa_handshake,0.000269348|0.000051405,0.00,0.00,43696128,43696128,512
468,1764562642.486173,rsa_handshake,0.000271031|0.000039914,0.00,0.00,43696128,43696128,512
469,1764562642.5626526,rsa_handshake,0.000452927|0.000055102,0.00,0.00,43696128,43696128,512
470,1764562642.5849252,rsa_handshake,0.000285427|0.000048309,0.00,0.00,43696128,43696128,512
471,1764562642.6324553,rsa_handshake,0.000241897|0.000046476,0.00,0.00,43696128,43696128,512
472,1764562642.6714842,rsa_handshake,0.000282472|0.000046306,0.00,0.00,43696128,43696128,512
473,1764562642.714443,rsa_handshake,0.000240194|0.000038001,0.00,0.00,43696128,43696128,512
474,1764562642.7526624,rsa_handshake,0.000260812|0.000045083,0.00,0.00,43696128,43696128,512
475,1764562642.7737226,rsa_handshake,0.000235936|0.000036057,0.00,0.00,43696128,43696128,512
476,1764562642.7888138,rsa_handshake,0.000287722|0.000052247,0.00,0.00,43696128,43696128,512
477,1764562642.8499475,rsa_handshake,0.000257466|0.000050664,0.00,0.00,43696128,43696128,512
478,1764562642.8984704,rsa_handshake,0.000230496|0.000035145,0.00,0.00,43696128,43696128,512
479,1764562642.9344313,rsa_handshake,0.000279907|0.000043270,0.00,0.00,43696128,43696128,512
480,1764562642.945776,rsa_handshake,0.000281561|0.000037158,0.00,0.00,43696128,43696128,512
481,1764562642.990678,rsa_handshake,0.000438991|0.000033162,0.00,0.00,43696128,43696128,512
482,1764562643.0382361,rsa_handshake,0.000238400|0.000036517,0.00,0.00,43696128,43696128,512
483,1764562643.076701,rsa_handshake,0.000232660|0.000036518,0.00,0.00,43696128,43696128,512
484,1764562643.0989468,rsa_handshake,0.000227591|0.000040605,0.00,0.00,43696128,43696128,512
485,1764562643.1541212,rsa_handshake,0.000284515|0.000044332,0.00,0.00,43696128,43696128,512
486,1764562643.2067742,rsa_handshake,0.000230466|0.000035797,0.00,0.00,43696128,43696128,512
487,1764562643.2298126,rsa_handshake,0.000284726|0.000048880,0.00,0.00,43696128,43696128,512
488,1764562643.2779837,rsa_handshake,0.000244932|0.000043430,0.00,0.00,43696128,43696128,512
489,1764562643.3007846,rsa_handshake,0.000363532|0.000049130,0.00,0.00,43696128,43696128,512
490,1764562643.3703709,rsa_handshake,0.000252166|0.000038591,0.00,0.00,43696128,43696128,512
491,1764562643.388334,rsa_handshake,0.000289855|0.000035906,0.00,0.00,43696128,43696128,512
492,1764562643.41605,rsa_handshake,0.000404958|0.000046295,0.00,0.00,43696128,43696128,512
493,1764562643.466175,rsa_handshake,0.000563301|0.000091739,0.00,0.00,43696128,43696128,512
494,1764562643.4973724,rsa_handshake,0.000448088|0.000066873,0.00,0.00,43696128,43696128,512
495,1764562643.5117838,rsa_handshake,0.000468746|0.000046055,0.00,0.00,43696128,43696128,512
496,1764562643.5358598,rsa_handshake,0.000242347|0.000042288,0.00,0.00,43696128,43696128,512
497,1764562643.5514152,rsa_handshake,0.000429343|0.000041306,0.00,0.00,43696128,43696128,512
498,1764562643.5652277,rsa_handshake,0.000438881|0.000070490,0.00,0.00,43696128,43696128,512
499,1764562643.5835938,rsa_handshake,0.000334358|0.000053839,0.00,2202.20,43696128,43696128,512
500,1764562643.6200411,rsa_handshake,0.000286059|0.000039914,0.00,0.00,43696128,43696128,512
501,1764562643.6467054,rsa_handshake,0.000284936|0.000043691,0.00,0.00,43696128,43696128,512
502,1764562643.692604,rsa_handshake,0.000232740|0.000036687,0.00,0.00,43696128,43696128,512
503,1764562643.7343297,rsa_handshake,0.000241767|0.000048821,0.00,0.00,43696128,43696128,512
504,1764562643.7811642,rsa_handshake,0.000444121|0.000064529,0.00,0.00,43696128,43696128,512
505,1764562643.8168569,rsa_handshake,0.000361919|0.000054480,0.00,0.00,43696128,43696128,512
506,1764562643.8473606,rsa_handshake,0.000305324|0.000050894,0.00,0.00,43696128,43696128,512
507,1764562643.8732972,rsa_handshake,0.000356618|0.000045844,0.00,0.00,43696128,43696128,512
508,1764562643.899192,rsa_handshake,0.000295707|0.000073446,0.00,0.00,43696128,43696128,512
509,1764562643.9512963,rsa_handshake,0.000280629|0.000051175,0.00,0.00,43696128,43696128,512
510,1764562643.9856899,rsa_handshake,0.000232219|0.000036758,0.00,0.00,43696128,43696128,512
511,1764562644.02264,rsa_handshake,0.000430065|0.000066402,0.00,0.00,43696128,43696128,512
512,1764562644.041259,rsa_handshake,0.000405128|0.000063167,0.00,0.00,43696128,43696128,512
513,1764562644.082603,rsa_handshake,0.000468175|0.000038992,0.00,1784.90,43696128,43696128,512
514,1764562644.168792,rsa_handshake,0.000475118|0.000072904,0.00,0.00,43696128,43696128,512
515,1764562644.1949327,rsa_handshake,0.000264669|0.000047097,0.00,0.00,43696128,43696128,512
516,1764562644.215162,rsa_handshake,0.000385933|0.000042609,0.00,0.00,43696128,43696128,512
517,1764562644.2333374,rsa_handshake,0.000284957|0.000048500,0.00,0.00,43696128,43696128,512
518,1764562644.2824633,rsa_handshake,0.000232710|0.000035516,0.00,0.00,43696128,43696128,512
519,1764562644.3027413,rsa_handshake,0.000307418|0.000041557,0.00,0.00,43696128,43696128,512
520,1764562644.332466,rsa_handshake,0.000451855|0.000083163,0.00,0.00,43696128,43696128,512
521,1764562644.3687358,rsa_handshake,0.000229725|0.000037429,0.00,3223.70,43696128,43696128,512
522,1764562644.4376204,rsa_handshake,0.000231457|0.000037038,0.00,0.00,43696128,43696128,512
523,1764562644.4663446,rsa_handshake,0.000259299|0.000043931,0.00,2811.70,43696128,43696128,512
524,1764562644.5138547,rsa_handshake,0.000287972|0.000048981,0.00,0.00,43696128,43696128,512
525,1764562644.5274632,rsa_handshake,0.000243961|0.000043340,0.00,0.00,43696128,43696128,512
526,1764562644.5441341,rsa_handshake,0.000270059|0.000052798,0.00,0.00,43696128,43696128,512
527,1764562644.5908482,rsa_handshake,0.000285698|0.000046495,0.00,0.00,43696128,43696128,512
528,1764562644.6284945,rsa_handshake,0.000270089|0.000041767,0.00,0.00,43696128,43696128,512
529,1764562644.6781175,rsa_handshake,0.000267985|0.000042088,0.00,2724.40,43696128,43696128,512
530,1764562644.6960514,rsa_handshake,0.000279636|0.000047969,0.00,0.00,43696128,43696128,512
531,1764562644.7140107,rsa_handshake,0.000524369|0.000089104,0.00,0.00,43696128,43696128,512
532,1764562644.739892,rsa_handshake,0.000421469|0.000065141,0.00,0.00,43696128,43696128,512
533,1764562644.7714748,rsa_handshake,0.000230135|0.000035325,0.00,0.00,43696128,43696128,512
534,1764562644.8052256,rsa_handshake,0.000228252|0.000034795,0.00,0.00,43696128,43696128,512
535,1764562644.8901029,rsa_handshake,0.000237048|0.000036247,0.00,0.00,43696128,43696128,512
536,1764562644.9192846,rsa_handshake,0.000249501|0.000042899,0.00,0.00,43696128,43696128,512
537,1764562644.9327235,rsa_handshake,0.000240665|0.000040235,0.00,0.00,43696128,43696128,512
538,1764562644.9683893,rsa_handshake,0.000270550|0.000041697,0.00,0.00,43696128,43696128,512
539,1764562644.9956024,rsa_handshake,0.000227580|0.000035225,0.00,0.00,43696128,43696128,512
540,1764562645.0241573,rsa_handshake,0.000248920|0.000038932,0.00,0.00,43696128,43696128,512
541,1764562645.1444554,rsa_handshake,0.000253939|0.000037198,0.00,0.00,43696128,43696128,512
542,1764562645.1567402,rsa_handshake,0.000232750|0.000038231,0.00,0.00,43696128,43696128,512
543,1764562645.268331,rsa_handshake,0.000240073|0.000040284,0.00,0.00,43696128,43696128,512
544,1764562645.3201544,rsa_handshake,0.000254981|0.000042329,0.00,0.00,43696128,43696128,512
545,1764562645.3440838,rsa_handshake,0.000446625|0.000037429,0.00,0.00,43696128,43696128,512
546,1764562645.3844066,rsa_handshake,0.000244021|0.000040464,0.00,0.00,43696128,43696128,512
547,1764562645.454123,rsa_handshake,0.000274698|0.000044553,0.00,0.00,43696128,43696128,512
548,1764562645.4780087,rsa_handshake,0.000272244|0.000046275,0.00,0.00,43696128,43696128,512
549,1764562645.495816,rsa_handshake,0.000264669|0.000041677,0.00,0.00,43696128,43696128,512
550,1764562645.5395792,rsa_handshake,0.000227841|0.000034995,0.00,0.00,43696128,43696128,512
551,1764562645.6156197,rsa_handshake,0.000234002|0.000036267,0.00,0.00,43696128,43696128,512
552,1764562645.637364,rsa_handshake,0.000246145|0.000037389,0.00,0.00,43696128,43696128,512
553,1764562645.6561866,rsa_handshake,0.000272033|0.000038612,0.00,0.00,43696128,43696128,512
554,1764562645.67543,rsa_handshake,0.000237840|0.000038281,0.00,0.00,43696128,43696128,512
555,1764562645.6929445,rsa_handshake,0.000240304|0.000047808,0.00,2894.40,43696128,43696128,512
556,1764562645.7793715,rsa_handshake,0.000288723|0.000045143,0.00,0.00,43696128,43696128,512
557,1764562645.8194907,rsa_handshake,0.000263727|0.000037349,0.00,0.00,43696128,43696128,512
558,1764562645.873448,rsa_handshake,0.000230656|0.000036077,0.00,0.00,43696128,43696128,512
559,1764562645.9043672,rsa_handshake,0.000236707|0.000035726,0.00,0.00,43696128,43696128,512
560,1764562645.921217,rsa_handshake,0.000289585|0.000045103,0.00,0.00,43696128,43696128,512
561,1764562645.959101,rsa_handshake,0.000382056|0.000046456,0.00,0.00,43696128,43696128,512
562,1764562645.9942002,rsa_handshake,0.000244511|0.000040034,0.00,0.00,43696128,43696128,512
563,1764562646.0351257,rsa_handshake,0.000280107|0.000052777,0.00,0.00,43696128,43696128,512
564,1764562646.05997,rsa_handshake,0.000256844|0.000042278,0.00,0.00,43696128,43696128,512
565,1764562646.0923018,rsa_handshake,0.000224204|0.000034674,0.00,0.00,43696128,43696128,512
566,1764562646.1228693,rsa_handshake,0.000219045|0.000032780,0.00,0.00,43696128,43696128,512
567,1764562646.1514652,rsa_handshake,0.000236868|0.000039734,0.00,0.00,43696128,43696128,512
568,1764562646.179671,rsa_handshake,0.000229734|0.000035675,0.00,0.00,43696128,43696128,512
569,1764562646.1959035,rsa_handshake,0.000247087|0.000038120,0.00,0.00,43696128,43696128,512
570,1764562646.2201774,rsa_handshake,0.000247787|0.000043570,0.00,0.00,43696128,43696128,512
571,1764562646.2489388,rsa_handshake,0.000228101|0.000043630,0.00,0.00,43696128,43696128,512
572,1764562646.2735028,rsa_handshake,0.000233251|0.000035756,0.00,0.00,43696128,43696128,512
573,1764562646.2977726,rsa_handshake,0.000231327|0.000047598,0.00,0.00,43696128,43696128,512
574,1764562646.3332663,rsa_handshake,0.000237649|0.000036989,0.00,0.00,43696128,43696128,512
575,1764562646.3558095,rsa_handshake,0.000229354|0.000034434,0.00,0.00,43696128,43696128,512
576,1764562646.4033349,rsa_handshake,0.000244742|0.000037149,0.00,0.00,43696128,43696128,512
577,1764562646.4244099,rsa_handshake,0.000485888|0.000033842,0.00,0.00,43696128,43696128,512
578,1764562646.4741921,rsa_handshake,0.000243119|0.000039513,0.00,0.00,43696128,43696128,512
579,1764562646.5132751,rsa_handshake,0.000269387|0.000042348,0.00,0.00,43696128,43696128,512
580,1764562646.5395586,rsa_handshake,0.000332304|0.000036608,0.00,0.00,43696128,43696128,512
581,1764562646.5911465,rsa_handshake,0.000398496|0.000043681,0.00,0.00,43696128,43696128,512
582,1764562646.6028872,rsa_handshake,0.000492119|0.000075540,0.00,0.00,43696128,43696128,512
583,1764562646.6784763,rsa_handshake,0.000237989|0.000039062,0.00,0.00,43696128,43696128,512
584,1764562646.7043347,rsa_handshake,0.000264218|0.000039883,0.00,0.00,43696128,43696128,512
585,1764562646.7685633,rsa_handshake,0.000432008|0.000067415,0.00,0.00,43696128,43696128,512
586,1764562646.8046942,rsa_handshake,0.000508399|0.000045794,0.00,0.00,43696128,43696128,512
587,1764562646.8457818,rsa_handshake,0.000248720|0.000039693,0.00,0.00,43696128,43696128,512
588,1764562646.8623974,rsa_handshake,0.000351750|0.000039934,0.00,0.00,43696128,43696128,512
589,1764562646.8876255,rsa_handshake,0.000364092|0.000047287,0.00,0.00,43696128,43696128,512
590,1764562646.8971667,rsa_handshake,0.000292450|0.000035185,0.00,0.00,43696128,43696128,512
591,1764562646.933176,rsa_handshake,0.000371787|0.000068056,0.00,0.00,43696128,43696128,512
592,1764562646.9444783,rsa_handshake,0.000441295|0.000068176,0.00,0.00,43696128,43696128,512
593,1764562646.9753513,rsa_handshake,0.000232991|0.000037529,0.00,0.00,43696128,43696128,512
594,1764562647.0182545,rsa_handshake,0.000528747|0.000039223,0.00,0.00,43696128,43696128,512
595,1764562647.0443594,rsa_handshake,0.000561217|0.000084106,0.00,0.00,43696128,43696128,512
596,1764562647.0638797,rsa_handshake,0.000490786|0.000035605,0.00,0.00,43696128,43696128,512
597,1764562647.0893092,rsa_handshake,0.000229224|0.000035065,0.00,0.00,43696128,43696128,512
598,1764562647.1191268,rsa_handshake,0.000262285|0.000047939,0.00,0.00,43696128,43696128,512
599,1764562647.1387703,rsa_handshake,0.000223864|0.000034354,0.00,0.00,43696128,43696128,512
600,1764562647.156956,rsa_handshake,0.000235985|0.000035636,0.00,0.00,43696128,43696128,512
601,1764562647.191537,rsa_handshake,0.000257877|0.000044222,0.00,2769.50,43696128,43696128,512
602,1764562647.2136507,rsa_handshake,0.000269318|0.000041356,0.00,0.00,43696128,43696128,512
603,1764562647.2379777,rsa_handshake,0.000269258|0.000042359,0.00,0.00,43696128,43696128,512
604,1764562647.2498436,rsa_handshake,0.000219355|0.000034404,0.00,0.00,43696128,43696128,512
605,1764562647.2756832,rsa_handshake,0.000238271|0.000039493,0.00,0.00,43696128,43696128,512
606,1764562647.308178,rsa_handshake,0.000251735|0.000036307,0.00,0.00,43696128,43696128,512
607,1764562647.3475842,rsa_handshake,0.000238030|0.000043831,0.00,0.00,43696128,43696128,512
608,1764562647.3811975,rsa_handshake,0.000234553|0.000036818,0.00,0.00,43696128,43696128,512
609,1764562647.4011185,rsa_handshake,0.000441145|0.000034333,0.00,0.00,43696128,43696128,512
610,1764562647.423327,rsa_handshake,0.000288303|0.000047648,0.00,0.00,43696128,43696128,512
611,1764562647.4602928,rsa_handshake,0.000250944|0.000055162,0.00,0.00,43696128,43696128,512
612,1764562647.489685,rsa_handshake,0.000235645|0.000038180,0.00,0.00,43696128,43696128,512
613,1764562647.5238423,rsa_handshake,0.000231978|0.000036106,0.00,0.00,43696128,43696128,512
614,1764562647.5358663,rsa_handshake,0.000295596|0.000048510,0.00,0.00,43696128,43696128,512
615,1764562647.591619,rsa_handshake,0.000278324|0.000039032,0.00,0.00,43696128,43696128,512
616,1764562647.608726,rsa_handshake,0.000458116|0.000051525,0.00,0.00,43696128,43696128,512
617,1764562647.6232178,rsa_handshake,0.000339297|0.000035396,0.00,2270.20,43696128,43696128,512
618,1764562647.7000194,rsa_handshake,0.000383148|0.000042819,0.00,0.00,43696128,43696128,512
619,1764562647.710579,rsa_handshake,0.000225507|0.000034845,0.00,0.00,43696128,43696128,512
620,1764562647.7322493,rsa_handshake,0.000439763|0.000043220,0.00,0.00,43696128,43696128,512
621,1764562647.7777402,rsa_handshake,0.000440614|0.000067835,0.00,0.00,43696128,43696128,512
622,1764562647.8423183,rsa_handshake,0.000233782|0.000037479,0.00,0.00,43696128,43696128,512
623,1764562647.8756037,rsa_handshake,0.000263757|0.000043090,0.00,0.00,43696128,43696128,512
624,1764562647.897149,rsa_handshake,0.000233471|0.000035505,0.00,0.00,43696128,43696128,512
625,1764562647.917248,rsa_handshake,0.000253178|0.000046906,0.00,0.00,43696128,43696128,512
626,1764562647.9287264,rsa_handshake,0.000274097|0.000053429,0.00,2581.10,43696128,43696128,512
627,1764562647.9520576,rsa_handshake,0.000281340|0.000040585,0.00,0.00,43696128,43696128,512
628,1764562647.9711986,rsa_handshake,0.000221359|0.000033913,0.00,0.00,43696128,43696128,512
629,1764562648.0069752,rsa_handshake,0.000244742|0.000036998,0.00,0.00,43696128,43696128,512
630,1764562648.0382357,rsa_handshake,0.000227060|0.000034674,0.00,0.00,43696128,43696128,512
631,1764562648.0788755,rsa_handshake,0.000241186|0.000035766,0.00,0.00,43696128,43696128,512
632,1764562648.1522238,rsa_handshake,0.000267775|0.000041888,0.00,0.00,43696128,43696128,512
633,1764562648.1727858,rsa_handshake,0.000335661|0.000043991,0.00,2183.60,43696128,43696128,512
634,1764562648.2111201,rsa_handshake,0.000258037|0.000039062,0.00,0.00,43696128,43696128,512
635,1764562648.2383387,rsa_handshake,0.000258898|0.000045384,0.00,0.00,43696128,43696128,512
636,1764562648.2760205,rsa_handshake,0.000265611|0.000041917,0.00,0.00,43696128,43696128,512
637,1764562648.3094444,rsa_handshake,0.000265851|0.000048420,0.00,0.00,43696128,43696128,512
638,1764562648.3215966,rsa_handshake,0.000219195|0.000034173,0.00,0.00,43696128,43696128,512
639,1764562648.3954754,rsa_handshake,0.000227471|0.000034323,0.00,0.00,43696128,43696128,512
640,1764562648.4969277,rsa_handshake,0.000234143|0.000041397,0.00,0.00,43696128,43696128,512
641,1764562648.5215526,rsa_handshake,0.000842416|0.000061513,0.00,0.00,43696128,43696128,512
642,1764562648.5323699,rsa_handshake,0.000211501|0.000032500,0.00,0.00,43696128,43696128,512
643,1764562648.5585465,rsa_handshake,0.000225787|0.000034985,0.00,0.00,43696128,43696128,512
644,1764562648.5707269,rsa_handshake,0.000217031|0.000034173,0.00,0.00,43696128,43696128,512
645,1764562648.5927424,rsa_handshake,0.000220167|0.000033862,0.00,0.00,43696128,43696128,512
646,1764562648.61304,rsa_handshake,0.000220557|0.000033352,0.00,0.00,43696128,43696128,512
647,1764562648.627635,rsa_handshake,0.000304192|0.000049542,0.00,0.00,43696128,43696128,512
648,1764562648.6834993,rsa_handshake,0.000238351|0.000046827,0.00,0.00,43696128,43696128,512
649,1764562648.7199326,rsa_handshake,0.000386545|0.000044582,0.00,0.00,43696128,43696128,512
650,1764562648.7475536,rsa_handshake,0.000239292|0.000044031,0.00,0.00,43696128,43696128,512
651,1764562648.8168275,rsa_handshake,0.000235625|0.000037139,0.00,0.00,43696128,43696128,512
652,1764562648.8397522,rsa_handshake,0.000586404|0.000087482,0.00,0.00,43696128,43696128,512
653,1764562648.9049401,rsa_handshake,0.000237008|0.000035996,0.00,0.00,43696128,43696128,512
654,1764562649.0034115,rsa_handshake,0.000242408|0.000040495,0.00,0.00,43696128,43696128,512
655,1764562649.0303528,rsa_handshake,0.000233091|0.000036948,0.00,0.00,43696128,43696128,512
656,1764562649.0442963,rsa_handshake,0.000277032|0.000047528,0.00,0.00,43696128,43696128,512
657,1764562649.098397,rsa_handshake,0.000231277|0.000035535,0.00,0.00,43696128,43696128,512
658,1764562649.1311378,rsa_handshake,0.000442848|0.000066573,0.00,0.00,43696128,43696128,512
659,1764562649.1519086,rsa_handshake,0.000424454|0.000050323,0.00,1801.80,43696128,43696128,512
660,1764562649.1742237,rsa_handshake,0.000439762|0.000081400,0.00,0.00,43696128,43696128,512
661,1764562649.2090394,rsa_handshake,0.000477252|0.000050112,0.00,0.00,43696128,43696128,512
662,1764562649.22548,rsa_handshake,0.000213615|0.000034544,0.00,0.00,43696128,43696128,512
663,1764562649.2597635,rsa_handshake,0.000245143|0.000039873,0.00,0.00,43696128,43696128,512
664,1764562649.3158352,rsa_handshake,0.000229935|0.000040635,0.00,0.00,43696128,43696128,512
665,1764562649.333695,rsa_handshake,0.000233822|0.000038401,0.00,0.00,43696128,43696128,512
666,1764562649.420269,rsa_handshake,0.000242387|0.000044722,0.00,0.00,43696128,43696128,512
667,1764562649.4345446,rsa_handshake,0.000253588|0.000043109,0.00,0.00,43696128,43696128,512
668,1764562649.558263,rsa_handshake,0.000231317|0.000036037,0.00,0.00,43696128,43696128,512
669,1764562649.592457,rsa_handshake,0.000258548|0.000047307,0.00,0.00,43696128,43696128,512
670,1764562649.637418,rsa_handshake,0.000229244|0.000034925,0.00,0.00,43696128,43696128,512
671,1764562649.6673815,rsa_handshake,0.000231297|0.000036267,0.00,0.00,43696128,43696128,512
672,1764562649.7404218,rsa_handshake,0.000253889|0.000040395,0.00,0.00,43696128,43696128,512
673,1764562649.7679412,rsa_handshake,0.000477852|0.000044443,0.00,0.00,43696128,43696128,512
674,1764562649.8002627,rsa_handshake,0.000230445|0.000038160,0.00,0.00,43696128,43696128,512
675,1764562649.8422058,rsa_handshake,0.000232499|0.000035996,0.00,0.00,43696128,43696128,512
676,1764562649.8800256,rsa_handshake,0.000242318|0.000035616,0.00,0.00,43696128,43696128,512
677,1764562649.9221706,rsa_handshake,0.000241557|0.000036638,0.00,0.00,43696128,43696128,512
678,1764562650.019214,rsa_handshake,0.000247687|0.000039443,0.00,0.00,43696128,43696128,512
679,1764562650.0924006,rsa_handshake,0.000320191|0.000054641,0.00,0.00,43696128,43696128,512
680,1764562650.1151838,rsa_handshake,0.000279106|0.000050934,0.00,0.00,43696128,43696128,512
681,1764562650.145682,rsa_handshake,0.000265801|0.000036578,0.00,0.00,43696128,43696128,512
682,1764562650.1908453,rsa_handshake,0.000283714|0.000037911,0.00,0.00,43696128,43696128,512
683,1764562650.2360177,rsa_handshake,0.000267995|0.000053609,0.00,1840.30,43696128,43696128,512
684,1764562650.2670434,rsa_handshake,0.000241335|0.000037208,0.00,0.00,43696128,43696128,512
685,1764562650.286689,rsa_handshake,0.000237999|0.000041978,0.00,0.00,43696128,43696128,512
686,1764562650.3398836,rsa_handshake,0.000232210|0.000035896,0.00,0.00,43696128,43696128,512
687,1764562650.3624406,rsa_handshake,0.000233241|0.000036408,0.00,0.00,43696128,43696128,512
688,1764562650.4042797,rsa_handshake,0.000235274|0.000037109,0.00,0.00,43696128,43696128,512
689,1764562650.4264088,rsa_handshake,0.000272894|0.000041747,0.00,0.00,43696128,43696128,512
690,1764562650.4633253,rsa_handshake,0.000233161|0.000035966,0.00,0.00,43696128,43696128,512
691,1764562650.4763355,rsa_handshake,0.000233010|0.000037469,0.00,0.00,43696128,43696128,512
692,1764562650.4916918,rsa_handshake,0.000238490|0.000037500,0.00,0.00,43696128,43696128,512
693,1764562650.5270076,rsa_handshake,0.000249270|0.000036898,0.00,0.00,43696128,43696128,512
694,1764562650.5937986,rsa_handshake,0.000245994|0.000038972,0.00,0.00,43696128,43696128,512
695,1764562650.620499,rsa_handshake,0.000232409|0.000035926,0.00,0.00,43696128,43696128,512
696,1764562650.6356993,rsa_handshake,0.000247217|0.000037640,0.00,0.00,43696128,43696128,512
697,1764562650.6715906,rsa_handshake,0.000250392|0.000044262,0.00,0.00,43696128,43696128,512
698,1764562650.7264059,rsa_handshake,0.000248639|0.000038181,0.00,0.00,43696128,43696128,512
699,1764562650.7561502,rsa_handshake,0.000250693|0.000037970,0.00,0.00,43696128,43696128,512
700,1764562650.7824967,rsa_handshake,0.000229584|0.000035866,0.00,0.00,43696128,43696128,512
701,1764562650.8067276,rsa_handshake,0.000230296|0.000037018,0.00,0.00,43696128,43696128,512
702,1764562650.8568552,rsa_handshake,0.000274117|0.000043110,0.00,0.00,43696128,43696128,512
703,1764562650.8797312,rsa_handshake,0.000230897|0.000035536,0.00,0.00,43696128,43696128,512
704,1764562650.9588258,rsa_handshake,0.000237409|0.000036417,0.00,0.00,43696128,43696128,512
705,1764562650.997787,rsa_handshake,0.000442357|0.000032991,0.00,0.00,43696128,43696128,512
706,1764562651.0105,rsa_handshake,0.000238911|0.000037178,0.00,0.00,43696128,43696128,512
707,1764562651.0322313,rsa_handshake,0.000237178|0.000036478,0.00,0.00,43696128,43696128,512
708,1764562651.0422165,rsa_handshake,0.000249110|0.000037620,0.00,0.00,43696128,43696128,512
709,1764562651.053347,rsa_handshake,0.000235756|0.000037088,0.00,0.00,43696128,43696128,512
710,1764562651.079875,rsa_handshake,0.000228613|0.000034804,0.00,0.00,43696128,43696128,512
711,1764562651.1881201,rsa_handshake,0.000237449|0.000035335,0.00,0.00,43696128,43696128,512
712,1764562651.2144926,rsa_handshake,0.000239873|0.000036157,0.00,0.00,43696128,43696128,512
713,1764562651.2695825,rsa_handshake,0.000238411|0.000037219,0.00,0.00,43696128,43696128,512
714,1764562651.3358514,rsa_handshake,0.000260572|0.000040966,0.00,0.00,43696128,43696128,512
715,1764562651.3891947,rsa_handshake,0.000233983|0.000037860,0.00,0.00,43696128,43696128,512
716,1764562651.4423208,rsa_handshake,0.000445964|0.000070901,0.00,0.00,43696128,43696128,512
717,1764562651.4619172,rsa_handshake,0.000248168|0.000038241,0.00,0.00,43696128,43696128,512
718,1764562651.4878678,rsa_handshake,0.000376967|0.000053138,0.00,0.00,43696128,43696128,512
719,1764562651.5322747,rsa_handshake,0.000229754|0.000042148,0.00,0.00,43696128,43696128,512
720,1764562651.5519133,rsa_handshake,0.000442788|0.000043089,0.00,0.00,43696128,43696128,512
721,1764562651.5840619,rsa_handshake,0.000480277|0.000048810,0.00,0.00,43696128,43696128,512
722,1764562651.7333205,rsa_handshake,0.000247718|0.000041116,0.00,0.00,43696128,43696128,512
723,1764562651.8384783,rsa_handshake,0.000231167|0.000035645,0.00,0.00,43696128,43696128,512
724,1764562651.8919744,rsa_handshake,0.000273135|0.000042268,0.00,0.00,43696128,43696128,512
725,1764562651.9028797,rsa_handshake,0.000423513|0.000064740,0.00,0.00,43696128,43696128,512
726,1764562651.945843,rsa_handshake,0.000262855|0.000039924,0.00,0.00,43696128,43696128,512
727,1764562651.9840677,rsa_handshake,0.000261503|0.000045774,0.00,0.00,43696128,43696128,512
728,1764562652.0306942,rsa_handshake,0.000427400|0.000064970,0.00,0.00,43696128,43696128,512
729,1764562652.124877,rsa_handshake,0.000253839|0.000036558,0.00,0.00,43696128,43696128,512
730,1764562652.1662154,rsa_handshake,0.000302048|0.000049291,0.00,0.00,43696128,43696128,512
731,1764562652.2138605,rsa_handshake,0.000231207|0.000036848,0.00,0.00,43696128,43696128,512
732,1764562652.255783,rsa_handshake,0.000228832|0.000035074,0.00,0.00,43696128,43696128,512
733,1764562652.294602,rsa_handshake,0.000245864|0.000042358,0.00,0.00,43696128,43696128,512
734,1764562652.3770208,rsa_handshake,0.000254971|0.000041587,0.00,0.00,43696128,43696128,512
735,1764562652.4024994,rsa_handshake,0.000244552|0.000044022,0.00,0.00,43696128,43696128,512
736,1764562652.4699037,rsa_handshake,0.000259600|0.000043921,0.00,0.00,43696128,43696128,512
737,1764562652.4888687,rsa_handshake,0.000440333|0.000032881,0.00,0.00,43696128,43696128,512
738,1764562652.5044513,rsa_handshake,0.000232480|0.000035395,0.00,0.00,43696128,43696128,512
739,1764562652.532053,rsa_handshake,0.000248449|0.000039423,0.00,0.00,43696128,43696128,512
740,1764562652.616898,rsa_handshake,0.000232199|0.000035856,0.00,0.00,43696128,43696128,512
741,1764562652.6291122,rsa_handshake,0.000233261|0.000034253,0.00,0.00,43696128,43696128,512
742,1764562652.6554577,rsa_handshake,0.000230796|0.000035766,0.00,0.00,43696128,43696128,512
743,1764562652.671742,rsa_handshake,0.000272964|0.000038972,0.00,0.00,43696128,43696128,512
744,1764562652.7172017,rsa_handshake,0.000248479|0.000046045,0.00,0.00,43696128,43696128,512
745,1764562652.7370694,rsa_handshake,0.000266923|0.000036938,0.00,0.00,43696128,43696128,512
746,1764562652.7573402,rsa_handshake,0.000245673|0.000043670,0.00,0.00,43696128,43696128,512
747,1764562652.8151777,rsa_handshake,0.000293643|0.000039603,0.00,0.00,43696128,43696128,512
748,1764562652.8709388,rsa_handshake,0.000264158|0.000049531,0.00,0.00,43696128,43696128,512
749,1764562652.8942046,rsa_handshake,0.000251675|0.000043681,0.00,0.00,43696128,43696128,512
750,1764562652.944459,rsa_handshake,0.000234483|0.000040194,0.00,0.00,43696128,43696128,512
751,1764562652.9692807,rsa_handshake,0.000231848|0.000036547,0.00,0.00,43696128,43696128,512
752,1764562653.005804,rsa_handshake,0.000229864|0.000036177,0.00,0.00,43696128,43696128,512
753,1764562653.0374155,rsa_handshake,0.000261322|0.000038351,0.00,0.00,43696128,43696128,512
754,1764562653.0489206,rsa_handshake,0.000232239|0.000037139,0.00,0.00,43696128,43696128,512
755,1764562653.0708294,rsa_handshake,0.000277332|0.000040145,0.00,0.00,43696128,43696128,512
756,1764562653.1123915,rsa_handshake,0.000286910|0.000043431,0.00,0.00,43696128,43696128,512
757,1764562653.1354566,rsa_handshake,0.000258438|0.000041106,0.00,0.00,43696128,43696128,512
758,1764562653.1671627,rsa_handshake,0.000256795|0.000065822,0.00,0.00,43696128,43696128,512
759,1764562653.1896193,rsa_handshake,0.000231869|0.000036157,0.00,0.00,43696128,43696128,512
760,1764562653.2379003,rsa_handshake,0.000432179|0.000046987,0.00,0.00,43696128,43696128,512
761,1764562653.2892506,rsa_handshake,0.000434613|0.000065521,0.00,0.00,43696128,43696128,512
762,1764562653.3203135,rsa_handshake,0.000438961|0.000065841,0.00,1719.40,43696128,43696128,512
763,1764562653.3586416,rsa_handshake,0.000432379|0.000065010,0.00,0.00,43696128,43696128,512
764,1764562653.3805723,rsa_handshake,0.000429404|0.000067184,0.00,0.00,43696128,43696128,512
765,1764562653.3917475,rsa_handshake,0.000232309|0.000036047,0.00,0.00,43696128,43696128,512
766,1764562653.4338446,rsa_handshake,0.000255852|0.000037820,0.00,0.00,43696128,43696128,512
767,1764562653.481517,rsa_handshake,0.000539457|0.000059520,0.00,0.00,43696128,43696128,512
768,1764562653.5111551,rsa_handshake,0.000557891|0.000087202,0.00,1338.10,43696128,43696128,512
769,1764562653.5322134,rsa_handshake,0.000590221|0.000035606,0.00,0.00,43696128,43696128,512
770,1764562653.548263,rsa_handshake,0.000525652|0.000079978,0.00,0.00,43696128,43696128,512
771,1764562653.5691226,rsa_handshake,0.000241326|0.000036287,0.00,0.00,43696128,43696128,512
772,1764562653.6142619,rsa_handshake,0.000436206|0.000065261,0.00,0.00,43696128,43696128,512
773,1764562653.6618655,rsa_handshake,0.000250713|0.000037579,0.00,0.00,43696128,43696128,512
774,1764562653.7037027,rsa_handshake,0.000241195|0.000036287,0.00,2763.70,43696128,43696128,512
775,1764562653.7633836,rsa_handshake,0.000238401|0.000037940,0.00,0.00,43696128,43696128,512
776,1764562653.7758784,rsa_handshake,0.000232529|0.000036347,0.00,0.00,43696128,43696128,512
777,1764562653.7871466,rsa_handshake,0.000239372|0.000037159,0.00,0.00,43696128,43696128,512
778,1764562653.809587,rsa_handshake,0.000241105|0.000038321,0.00,0.00,43696128,43696128,512
779,1764562653.8237379,rsa_handshake,0.000272934|0.000043800,0.00,0.00,43696128,43696128,512
780,1764562653.9075415,rsa_handshake,0.000271923|0.000044032,0.00,0.00,43696128,43696128,512
781,1764562654.010984,rsa_handshake,0.000249651|0.000040304,0.00,0.00,43696128,43696128,512
782,1764562654.0786717,rsa_handshake,0.000276802|0.000039774,0.00,0.00,43696128,43696128,512
783,1764562654.0983362,rsa_handshake,0.000267264|0.000048530,0.00,0.00,43696128,43696128,512
784,1764562654.1345572,rsa_handshake,0.000264018|0.000043010,0.00,0.00,43696128,43696128,512
785,1764562654.1602616,rsa_handshake,0.000364213|0.000061313,0.00,0.00,43696128,43696128,512
786,1764562654.1964757,rsa_handshake,0.000465750|0.000077593,0.00,0.00,43696128,43696128,512
787,1764562654.233765,rsa_handshake,0.000263858|0.000048139,0.00,0.00,43696128,43696128,512
788,1764562654.2943046,rsa_handshake,0.000240214|0.000037570,0.00,0.00,43696128,43696128,512
789,1764562654.3255699,rsa_handshake,0.000248489|0.000036527,0.00,0.00,43696128,43696128,512
790,1764562654.3664038,rsa_handshake,0.000289876|0.000047778,0.00,0.00,43696128,43696128,512
791,1764562654.4010656,rsa_handshake,0.000309982|0.000041316,0.00,0.00,43696128,43696128,512
792,1764562654.4265602,rsa_handshake,0.000268586|0.000039393,0.00,0.00,43696128,43696128,512
793,1764562654.4498434,rsa_handshake,0.000462254|0.000072735,0.00,0.00,43696128,43696128,512
794,1764562654.5436594,rsa_handshake,0.000336431|0.000044412,0.00,0.00,43696128,43696128,512
795,1764562654.5658169,rsa_handshake,0.000251054|0.000041646,0.00,0.00,43696128,43696128,512
796,1764562654.6139536,rsa_handshake,0.000255282|0.000050663,0.00,0.00,43696128,43696128,512
797,1764562654.6352725,rsa_handshake,0.000284155|0.000043751,0.00,0.00,43696128,43696128,512
798,1764562654.6779065,rsa_handshake,0.000235044|0.000038741,0.00,0.00,43696128,43696128,512
799,1764562654.7045608,rsa_handshake,0.000228853|0.000035926,0.00,0.00,43696128,43696128,512
800,1764562654.7215095,rsa_handshake,0.000229945|0.000036007,0.00,0.00,43696128,43696128,512
801,1764562654.7565696,rsa_handshake,0.000434693|0.000032650,0.00,0.00,43696128,43696128,512
802,1764562654.8174994,rsa_handshake,0.000232239|0.000038541,0.00,0.00,43696128,43696128,512
803,1764562654.8314273,rsa_handshake,0.000464859|0.000072123,0.00,0.00,43696128,43696128,512
804,1764562654.8556762,rsa_handshake,0.000275680|0.000035315,0.00,0.00,43696128,43696128,512
805,1764562654.8968117,rsa_handshake,0.000429905|0.000065010,0.00,0.00,43696128,43696128,512
806,1764562654.925267,rsa_handshake,0.000436766|0.000035365,0.00,0.00,43696128,43696128,512
807,1764562654.957632,rsa_handshake,0.000356259|0.000035746,0.00,0.00,43696128,43696128,512
808,1764562654.982645,rsa_handshake,0.000236437|0.000036096,0.00,0.00,43696128,43696128,512
809,1764562655.02377,rsa_handshake,0.000297630|0.000042138,0.00,0.00,43696128,43696128,512
810,1764562655.0872376,rsa_handshake,0.000387446|0.000049592,0.00,0.00,43696128,43696128,512
811,1764562655.1115198,rsa_handshake,0.000246706|0.000040325,0.00,0.00,43696128,43696128,512
812,1764562655.1266513,rsa_handshake,0.000432228|0.000046276,0.00,0.00,43696128,43696128,512
813,1764562655.149376,rsa_handshake,0.000224695|0.000034924,0.00,0.00,43696128,43696128,512
814,1764562655.2229166,rsa_handshake,0.000237779|0.000041828,0.00,0.00,43696128,43696128,512
815,1764562655.2463858,rsa_handshake,0.000229764|0.000035044,0.00,0.00,43696128,43696128,512
816,1764562655.2678025,rsa_handshake,0.000231368|0.000036207,0.00,0.00,43696128,43696128,512
817,1764562655.3408291,rsa_handshake,0.000252777|0.000039724,0.00,0.00,43696128,43696128,512
818,1764562655.3512876,rsa_handshake,0.000227681|0.000035656,0.00,0.00,43696128,43696128,512
819,1764562655.3645353,rsa_handshake,0.000227861|0.000035295,0.00,0.00,43696128,43696128,512
820,1764562655.3913376,rsa_handshake,0.000235035|0.000036127,0.00,0.00,43696128,43696128,512
821,1764562655.4147253,rsa_handshake,0.000291519|0.000046045,0.00,0.00,43696128,43696128,512
822,1764562655.4240885,rsa_handshake,0.000266883|0.000035485,0.00,0.00,43696128,43696128,512
823,1764562655.444839,rsa_handshake,0.000247196|0.000039963,0.00,0.00,43696128,43696128,512
824,1764562655.486391,rsa_handshake,0.000458417|0.000066092,0.00,0.00,43696128,43696128,512
825,1764562655.5081306,rsa_handshake,0.000471942|0.000070981,0.00,0.00,43696128,43696128,512
826,1764562655.533317,rsa_handshake,0.000234804|0.000035726,0.00,0.00,43696128,43696128,512
827,1764562655.5590098,rsa_handshake,0.000281780|0.000039212,0.00,0.00,43696128,43696128,512
828,1764562655.5812936,rsa_handshake,0.000435836|0.000065461,0.00,0.00,43696128,43696128,512
829,1764562655.620954,rsa_handshake,0.000461903|0.000074107,0.00,0.00,43696128,43696128,512
830,1764562655.6676,rsa_handshake,0.000445403|0.000070690,0.00,0.00,43696128,43696128,512
831,1764562655.7088215,rsa_handshake,0.000377788|0.000037098,0.00,0.00,43696128,43696128,512
832,1764562655.759143,rsa_handshake,0.000537623|0.000047508,0.00,0.00,43696128,43696128,512
833,1764562655.7786858,rsa_handshake,0.000470359|0.000036096,0.00,0.00,43696128,43696128,512
834,1764562655.8060067,rsa_handshake,0.000366607|0.000038160,0.00,0.00,43696128,43696128,512
835,1764562655.8454015,rsa_handshake,0.000487290|0.000073085,0.00,0.00,43696128,43696128,512
836,1764562655.884778,rsa_handshake,0.000238050|0.000037639,0.00,0.00,43696128,43696128,512
837,1764562655.9300237,rsa_handshake,0.000292030|0.000046256,0.00,0.00,43696128,43696128,512
838,1764562655.9789407,rsa_handshake,0.000293212|0.000049221,0.00,0.00,43696128,43696128,512
839,1764562656.0094829,rsa_handshake,0.000292350|0.000044643,0.00,0.00,43696128,43696128,512
840,1764562656.0546594,rsa_handshake,0.000259399|0.000041717,0.00,2860.20,43696128,43696128,512
841,1764562656.0819538,rsa_handshake,0.000505474|0.000037138,0.00,0.00,43696128,43696128,512
842,1764562656.1117957,rsa_handshake,0.000573029|0.000090136,0.00,0.00,43696128,43696128,512
843,1764562656.146769,rsa_handshake,0.000367459|0.000035936,0.00,0.00,43696128,43696128,512
844,1764562656.193225,rsa_handshake,0.000263177|0.000041507,0.00,0.00,43696128,43696128,512
845,1764562656.2053435,rsa_handshake,0.000421629|0.000063547,0.00,0.00,43696128,43696128,512
846,1764562656.2502813,rsa_handshake,0.000270861|0.000044051,0.00,0.00,43696128,43696128,512
847,1764562656.272892,rsa_handshake,0.000296147|0.000035646,0.00,0.00,43696128,43696128,512
848,1764562656.3291852,rsa_handshake,0.000442397|0.000035696,0.00,0.00,43696128,43696128,512
849,1764562656.347546,rsa_handshake,0.000404166|0.000071011,0.00,0.00,43696128,43696128,512
850,1764562656.3650575,rsa_handshake,0.000429604|0.000064068,0.00,0.00,43696128,43696128,512
851,1764562656.3752398,rsa_handshake,0.000425846|0.000062595,0.00,0.00,43696128,43696128,512
852,1764562656.398449,rsa_handshake,0.000467002|0.000076211,0.00,1558.20,43696128,43696128,512
853,1764562656.4226472,rsa_handshake,0.000567839|0.000094144,0.00,0.00,43696128,43696128,512
854,1764562656.4478986,rsa_handshake,0.000420286|0.000043711,0.00,0.00,43696128,43696128,512
855,1764562656.5024621,rsa_handshake,0.000260852|0.000045564,0.00,0.00,43696128,43696128,512
856,1764562656.5259354,rsa_handshake,0.000391864|0.000040865,0.00,0.00,43696128,43696128,512
857,1764562656.5908213,rsa_handshake,0.000243450|0.000041848,0.00,0.00,43696128,43696128,512
858,1764562656.6195328,rsa_handshake,0.000467914|0.000043049,0.00,0.00,43696128,43696128,512
859,1764562656.654415,rsa_handshake,0.000461713|0.000054190,0.00,0.00,43696128,43696128,512
860,1764562656.6875625,rsa_handshake,0.000322466|0.000057306,0.00,0.00,43696128,43696128,512
861,1764562656.7032201,rsa_handshake,0.000471120|0.000073737,0.00,0.00,43696128,43696128,512
862,1764562656.7516053,rsa_handshake,0.000351810|0.000042569,0.00,0.00,43696128,43696128,512
863,1764562656.8141415,rsa_handshake,0.000291298|0.000040144,0.00,0.00,43696128,43696128,512
864,1764562656.8387105,rsa_handshake,0.000446545|0.000067745,0.00,0.00,43696128,43696128,512
865,1764562656.873828,rsa_handshake,0.000862574|0.000064899,0.00,993.70,43696128,43696128,512
866,1764562656.8969138,rsa_handshake,0.000231297|0.000044282,0.00,0.00,43696128,43696128,512
867,1764562656.9440079,rsa_handshake,0.000424595|0.000078425,0.00,0.00,43696128,43696128,512
868,1764562657.0037293,rsa_handshake,0.000489625|0.000077874,0.00,0.00,43696128,43696128,512
869,1764562657.0776145,rsa_handshake,0.000273245|0.000053519,0.00,0.00,43696128,43696128,512
870,1764562657.1657226,rsa_handshake,0.000278545|0.000042038,0.00,0.00,43696128,43696128,512
871,1764562657.2016637,rsa_handshake,0.000253839|0.000041527,0.00,2930.60,43696128,43696128,512
872,1764562657.249686,rsa_handshake,0.000486469|0.000046236,0.00,0.00,43696128,43696128,512
873,1764562657.2833366,rsa_handshake,0.000503710|0.000040845,0.00,0.00,43696128,43696128,512
874,1764562657.3050737,rsa_handshake,0.000347191|0.000041637,0.00,0.00,43696128,43696128,512
875,1764562657.3260105,rsa_handshake,0.000234473|0.000035996,0.00,0.00,43696128,43696128,512
876,1764562657.3699896,rsa_handshake,0.000238681|0.000036487,0.00,0.00,43696128,43696128,512
877,1764562657.4115546,rsa_handshake,0.000272393|0.000042659,0.00,0.00,43696128,43696128,512
878,1764562657.42771,rsa_handshake,0.000247507|0.000038642,0.00,3015.80,43696128,43696128,512
879,1764562657.4733634,rsa_handshake,0.000245444|0.000035977,0.00,0.00,43696128,43696128,512
880,1764562657.5139685,rsa_handshake,0.000237639|0.000035125,0.00,0.00,43696128,43696128,512
881,1764562657.533718,rsa_handshake,0.000233020|0.000036959,0.00,0.00,43696128,43696128,512
882,1764562657.5521662,rsa_handshake,0.000256614|0.000041096,0.00,0.00,43696128,43696128,512
883,1764562657.5692878,rsa_handshake,0.000231979|0.000035836,0.00,0.00,43696128,43696128,512
884,1764562657.599529,rsa_handshake,0.000236698|0.000036828,0.00,0.00,43696128,43696128,512
885,1764562657.6300237,rsa_handshake,0.000242889|0.000035115,0.00,0.00,43696128,43696128,512
886,1764562657.647365,rsa_handshake,0.000220527|0.000033081,0.00,3419.00,43696128,43696128,512
887,1764562657.6680734,rsa_handshake,0.000242868|0.000034533,0.00,0.00,43696128,43696128,512
888,1764562657.7210264,rsa_handshake,0.000252586|0.000043771,0.00,0.00,43696128,43696128,512
889,1764562657.7622232,rsa_handshake,0.000246154|0.000037860,0.00,0.00,43696128,43696128,512
890,1764562657.8288922,rsa_handshake,0.000283404|0.000047448,0.00,0.00,43696128,43696128,512
891,1764562657.898967,rsa_handshake,0.000271171|0.000052026,0.00,0.00,43696128,43696128,512
892,1764562657.912771,rsa_handshake,0.000251975|0.000039152,0.00,0.00,43696128,43696128,512
893,1764562657.9537704,rsa_handshake,0.000264749|0.000039834,0.00,2771.30,43696128,43696128,512
894,1764562658.0013213,rsa_handshake,0.000234353|0.000040735,0.00,0.00,43696128,43696128,512
895,1764562658.0723376,rsa_handshake,0.000230195|0.000034775,0.00,0.00,43696128,43696128,512
896,1764562658.102056,rsa_handshake,0.000260571|0.000042468,0.00,0.00,43696128,43696128,512
897,1764562658.15345,rsa_handshake,0.000447417|0.000041677,0.00,0.00,43696128,43696128,512
898,1764562658.1806023,rsa_handshake,0.000227921|0.000034173,0.00,0.00,43696128,43696128,512
899,1764562658.2349775,rsa_handshake,0.000245082|0.000036497,0.00,0.00,43696128,43696128,512
900,1764562658.3151534,rsa_handshake,0.000421779|0.000038801,0.00,0.00,43696128,43696128,512
901,1764562658.3287852,rsa_handshake,0.000261584|0.000040334,0.00,0.00,43696128,43696128,512
902,1764562658.3749104,rsa_handshake,0.000430476|0.000066684,0.00,0.00,43696128,43696128,512
903,1764562658.3867025,rsa_handshake,0.000444892|0.000069418,0.00,0.00,43696128,43696128,512
904,1764562658.4206524,rsa_handshake,0.000513018|0.000075389,0.00,0.00,43696128,43696128,512
905,1764562658.4433165,rsa_handshake,0.000538815|0.000076181,0.00,0.00,43696128,43696128,512
906,1764562658.50832,rsa_handshake,0.000567048|0.000090707,0.00,1318.20,43696128,43696128,512
907,1764562658.5430577,rsa_handshake,0.000237488|0.000037238,0.00,0.00,43696128,43696128,512
908,1764562658.5526934,rsa_handshake,0.000419124|0.000036448,0.00,0.00,43696128,43696128,512
909,1764562658.573313,rsa_handshake,0.000245424|0.000047408,0.00,0.00,43696128,43696128,512
910,1764562658.5974612,rsa_handshake,0.000290887|0.000043710,0.00,0.00,43696128,43696128,512
911,1764562658.6512597,rsa_handshake,0.000291418|0.000038702,0.00,0.00,43696128,43696128,512
912,1764562658.7372098,rsa_handshake,0.000471100|0.000078145,0.00,0.00,43696128,43696128,512
913,1764562658.811637,rsa_handshake,0.000428843|0.000064940,0.00,0.00,43696128,43696128,512
914,1764562658.8518748,rsa_handshake,0.000283764|0.000043441,0.00,0.00,43696128,43696128,512
915,1764562658.8739533,rsa_handshake,0.000280678|0.000058418,0.00,0.00,43696128,43696128,512
916,1764562658.8886976,rsa_handshake,0.000464178|0.000074308,0.00,0.00,43696128,43696128,512
917,1764562658.9211717,rsa_handshake,0.000413073|0.000036988,0.00,0.00,43696128,43696128,512
918,1764562658.9788847,rsa_handshake,0.000330881|0.000047337,0.00,0.00,43696128,43696128,512
919,1764562659.0123696,rsa_handshake,0.000392084|0.000034875,0.00,0.00,43696128,43696128,512
920,1764562659.036674,rsa_handshake,0.000262224|0.000036808,0.00,0.00,43696128,43696128,512
921,1764562659.0551429,rsa_handshake,0.000236016|0.000037770,0.00,0.00,43696128,43696128,512
922,1764562659.0832937,rsa_handshake,0.000239663|0.000036898,0.00,0.00,43696128,43696128,512
923,1764562659.1008077,rsa_handshake,0.000249090|0.000041527,0.00,2943.90,43696128,43696128,512
924,1764562659.1205559,rsa_handshake,0.000227691|0.000034344,0.00,0.00,43696128,43696128,512
925,1764562659.150686,rsa_handshake,0.000241696|0.000038891,0.00,0.00,43696128,43696128,512
926,1764562659.1846125,rsa_handshake,0.000265341|0.000039853,0.00,0.00,43696128,43696128,512
927,1764562659.2460241,rsa_handshake,0.000282733|0.000036818,0.00,0.00,43696128,43696128,512
928,1764562659.2622588,rsa_handshake,0.000234804|0.000043691,0.00,0.00,43696128,43696128,512
929,1764562659.2843773,rsa_handshake,0.000457425|0.000034744,0.00,0.00,43696128,43696128,512
930,1764562659.3113127,rsa_handshake,0.000274407|0.000040886,0.00,2678.70,43696128,43696128,512
931,1764562659.3255222,rsa_handshake,0.000275419|0.000040905,0.00,0.00,43696128,43696128,512
932,1764562659.3435664,rsa_handshake,0.000254530|0.000042869,0.00,0.00,43696128,43696128,512
933,1764562659.3882732,rsa_handshake,0.000232881|0.000034363,0.00,0.00,43696128,43696128,512
934,1764562659.4481618,rsa_handshake,0.000236707|0.000034424,0.00,0.00,43696128,43696128,512
935,1764562659.4763901,rsa_handshake,0.000276521|0.000047557,0.00,0.00,43696128,43696128,512
936,1764562659.5260522,rsa_handshake,0.000281069|0.000044522,0.00,0.00,43696128,43696128,512
937,1764562659.5571754,rsa_handshake,0.000260371|0.000043150,0.00,0.00,43696128,43696128,512
938,1764562659.5790048,rsa_handshake,0.000262876|0.000035686,0.00,0.00,43696128,43696128,512
939,1764562659.6125116,rsa_handshake,0.000469768|0.000034243,0.00,0.00,43696128,43696128,512
940,1764562659.6647289,rsa_handshake,0.000423422|0.000064889,0.00,0.00,43696128,43696128,512
941,1764562659.7399287,rsa_handshake,0.000255181|0.000048670,0.00,0.00,43696128,43696128,512
942,1764562659.776171,rsa_handshake,0.000254481|0.000044302,0.00,0.00,43696128,43696128,512
943,1764562659.806837,rsa_handshake,0.000386124|0.000041948,0.00,0.00,43696128,43696128,512
944,1764562659.8719723,rsa_handshake,0.000534758|0.000093503,0.00,0.00,43696128,43696128,512
945,1764562659.8974986,rsa_handshake,0.000325281|0.000066833,0.00,0.00,43696128,43696128,512
946,1764562659.9135938,rsa_handshake,0.000413634|0.000084295,0.00,0.00,43696128,43696128,512
947,1764562659.9457507,rsa_handshake,0.000398026|0.000100245,0.00,1650.60,43696128,43696128,512
948,1764562660.0454361,rsa_handshake,0.000257216|0.000039834,0.00,0.00,43696128,43696128,512
949,1764562660.0813243,rsa_handshake,0.000251875|0.000040345,0.00,0.00,43696128,43696128,512
950,1764562660.1031547,rsa_handshake,0.000522005|0.000071663,0.00,0.00,43696128,43696128,512
951,1764562660.1398149,rsa_handshake,0.000250393|0.000040865,0.00,0.00,43696128,43696128,512
952,1764562660.2268593,rsa_handshake,0.000280518|0.000045464,0.00,0.00,43696128,43696128,512
953,1764562660.2460482,rsa_handshake,0.000439662|0.000065692,0.00,0.00,43696128,43696128,512
954,1764562660.290686,rsa_handshake,0.000239923|0.000038111,0.00,0.00,43696128,43696128,512
955,1764562660.3157022,rsa_handshake,0.000350899|0.000035586,0.00,0.00,43696128,43696128,512
956,1764562660.340692,rsa_handshake,0.000519289|0.000079457,0.00,0.00,43696128,43696128,512
957,1764562660.3708858,rsa_handshake,0.000364694|0.000034845,0.00,0.00,43696128,43696128,512
958,1764562660.4075198,rsa_handshake,0.000536632|0.000082803,0.00,0.00,43696128,43696128,512
959,1764562660.4611924,rsa_handshake,0.000238381|0.000036648,0.00,0.00,43696128,43696128,512
960,1764562660.4876263,rsa_handshake,0.000269167|0.000036708,0.00,0.00,43696128,43696128,512
961,1764562660.522511,rsa_handshake,0.000540117|0.000034714,0.00,0.00,43696128,43696128,512
962,1764562660.5641243,rsa_handshake,0.000273505|0.000036748,0.00,0.00,43696128,43696128,512
963,1764562660.5952632,rsa_handshake,0.000297891|0.000035025,0.00,0.00,43696128,43696128,512
964,1764562660.6426003,rsa_handshake,0.000235776|0.000036978,0.00,0.00,43696128,43696128,512
965,1764562660.7067566,rsa_handshake,0.000441726|0.000091799,0.00,0.00,43696128,43696128,512
966,1764562660.7410252,rsa_handshake,0.000434062|0.000079286,0.00,0.00,43696128,43696128,512
967,1764562660.7595327,rsa_handshake,0.000532644|0.000041176,0.00,0.00,43696128,43696128,512
968,1764562660.7742536,rsa_handshake,0.000344266|0.000067464,0.00,0.00,43696128,43696128,512
969,1764562660.7944992,rsa_handshake,0.000272404|0.000043381,0.00,0.00,43696128,43696128,512
970,1764562660.8240407,rsa_handshake,0.000254270|0.000036908,0.00,0.00,43696128,43696128,512
971,1764562660.8715754,rsa_handshake,0.000244492|0.000039002,0.00,0.00,43696128,43696128,512
972,1764562660.9034085,rsa_handshake,0.000272152|0.000043260,0.00,0.00,43696128,43696128,512
973,1764562660.9313426,rsa_handshake,0.000409577|0.000040695,0.00,0.00,43696128,43696128,512
974,1764562660.9462116,rsa_handshake,0.000229274|0.000034794,0.00,0.00,43696128,43696128,512
975,1764562660.990048,rsa_handshake,0.000346400|0.000037288,0.00,0.00,43696128,43696128,512
976,1764562661.0402079,rsa_handshake,0.000443870|0.000066954,0.00,0.00,43696128,43696128,512
977,1764562661.0808458,rsa_handshake,0.000303792|0.000049682,0.00,0.00,43696128,43696128,512
978,1764562661.0940394,rsa_handshake,0.000471521|0.000085117,0.00,0.00,43696128,43696128,512
979,1764562661.1221297,rsa_handshake,0.000318368|0.000035325,0.00,0.00,43696128,43696128,512
980,1764562661.1339307,rsa_handshake,0.000460721|0.000080639,0.00,0.00,43696128,43696128,512
981,1764562661.1777446,rsa_handshake,0.000283314|0.000046366,0.00,0.00,43696128,43696128,512
982,1764562661.195585,rsa_handshake,0.000275519|0.000040114,0.00,0.00,43696128,43696128,512
983,1764562661.2373028,rsa_handshake,0.000235295|0.000035696,0.00,0.00,43696128,43696128,512
984,1764562661.3098295,rsa_handshake,0.000301937|0.000049742,0.00,0.00,43696128,43696128,512
985,1764562661.3392625,rsa_handshake,0.000418693|0.000036979,0.00,0.00,43696128,43696128,512
986,1764562661.363811,rsa_handshake,0.000436186|0.000067034,0.00,0.00,43696128,43696128,512
987,1764562661.3922033,rsa_handshake,0.000259079|0.000050503,0.00,0.00,43696128,43696128,512
988,1764562661.4171126,rsa_handshake,0.000271562|0.000051255,0.00,0.00,43696128,43696128,512
989,1764562661.4612632,rsa_handshake,0.000374281|0.000048891,0.00,0.00,43696128,43696128,512
990,1764562661.4835737,rsa_handshake,0.000365255|0.000049432,0.00,0.00,43696128,43696128,512
991,1764562661.5230172,rsa_handshake,0.000529298|0.000067104,0.00,0.00,43696128,43696128,512
992,1764562661.564884,rsa_handshake,0.000351219|0.000037850,0.00,0.00,43696128,43696128,512
993,1764562661.5794744,rsa_handshake,0.000736240|0.000036697,0.00,0.00,43696128,43696128,512
994,1764562661.6238754,rsa_handshake,0.000371858|0.000052237,0.00,2081.10,43696128,43696128,512
995,1764562661.6600714,rsa_handshake,0.000289415|0.000044933,0.00,0.00,43696128,43696128,512
996,1764562661.7184267,rsa_handshake,0.000295306|0.000055122,0.00,0.00,43696128,43696128,512
997,1764562661.766728,rsa_handshake,0.000284606|0.000051375,0.00,0.00,43696128,43696128,512
998,1764562661.781201,rsa_handshake,0.000230856|0.000035836,0.00,0.00,43696128,43696128,512
999,1764562661.7924905,rsa_handshake,0.000272954|0.000055913,0.00,0.00,43696128,43696128,512
1000,1764562661.8130896,rsa_handshake,0.000240825|0.000041677,0.00,0.00,43696128,43696128,512
1001,1764562661.8455114,rsa_handshake,0.000232119|0.000035555,0.00,0.00,43696128,43696128,512
1002,1764562661.8818176,rsa_handshake,0.000237750|0.000037029,0.00,0.00,43696128,43696128,512
1003,1764562661.9728677,rsa_handshake,0.000230877|0.000034965,0.00,0.00,43696128,43696128,512
1004,1764562662.0246408,rsa_handshake,0.000358592|0.000040935,0.00,0.00,43696128,43696128,512
1005,1764562662.043413,rsa_handshake,0.000282522|0.000047287,0.00,0.00,43696128,43696128,512
1006,1764562662.0803008,rsa_handshake,0.000239232|0.000050062,0.00,0.00,43696128,43696128,512
1007,1764562662.1200712,rsa_handshake,0.000269929|0.000054992,0.00,0.00,43696128,43696128,512
1008,1764562662.1437821,rsa_handshake,0.000281029|0.000046616,0.00,0.00,43696128,43696128,512
1009,1764562662.1728613,rsa_handshake,0.000230205|0.000036327,0.00,0.00,43696128,43696128,512
1010,1764562662.1884403,rsa_handshake,0.000229514|0.000035206,0.00,0.00,43696128,43696128,512
1011,1764562662.201368,rsa_handshake,0.000265801|0.000040285,0.00,0.00,43696128,43696128,512
1012,1764562662.2236888,rsa_handshake,0.000264589|0.000039172,0.00,0.00,43696128,43696128,512
1013,1764562662.2597694,rsa_handshake,0.000282101|0.000039493,0.00,0.00,43696128,43696128,512
1014,1764562662.2736847,rsa_handshake,0.000231638|0.000038431,0.00,0.00,43696128,43696128,512
1015,1764562662.3057384,rsa_handshake,0.000283344|0.000038491,0.00,0.00,43696128,43696128,512
1016,1764562662.3285754,rsa_handshake,0.000273095|0.000038100,0.00,0.00,43696128,43696128,512
1017,1764562662.3661041,rsa_handshake,0.000248549|0.000039213,0.00,0.00,43696128,43696128,512
1018,1764562662.4221985,rsa_handshake,0.000258858|0.000043470,0.00,2871.50,43696128,43696128,512
1019,1764562662.4453447,rsa_handshake,0.000281120|0.000044813,0.00,0.00,43696128,43696128,512
1020,1764562662.4728587,rsa_handshake,0.000291559|0.000040324,0.00,0.00,43696128,43696128,512
1021,1764562662.5020123,rsa_handshake,0.000336271|0.000056094,0.00,0.00,43696128,43696128,512
1022,1764562662.5970275,rsa_handshake,0.000245223|0.000037068,0.00,0.00,43696128,43696128,512
1023,1764562662.6368122,rsa_handshake,0.000233181|0.000036958,0.00,0.00,43696128,43696128,512
1024,1764562662.7376459,rsa_handshake,0.000238701|0.000040104,0.00,0.00,43696128,43696128,512
1025,1764562662.7552564,rsa_handshake,0.000446676|0.000034373,0.00,0.00,43696128,43696128,512
1026,1764562662.7710068,rsa_handshake,0.000255382|0.000038321,0.00,0.00,43696128,43696128,512
1027,1764562662.7830136,rsa_handshake,0.000271061|0.000078666,0.00,0.00,43696128,43696128,512
1028,1764562662.8320959,rsa_handshake,0.000307127|0.000046836,0.00,0.00,43696128,43696128,512
1029,1764562662.8648272,rsa_handshake,0.000229564|0.000035786,0.00,0.00,43696128,43696128,512
1030,1764562662.9138849,rsa_handshake,0.000231016|0.000035516,0.00,0.00,43696128,43696128,512
1031,1764562662.953992,rsa_handshake,0.000294204|0.000049561,0.00,0.00,43696128,43696128,512
1032,1764562663.019023,rsa_handshake,0.000267234|0.000047188,0.00,0.00,43696128,43696128,512
1033,1764562663.0329113,rsa_handshake,0.000275790|0.000052688,0.00,0.00,43696128,43696128,512
1034,1764562663.0503888,rsa_handshake,0.000589369|0.000098222,0.00,0.00,43696128,43696128,512
1035,1764562663.0709426,rsa_handshake,0.000406081|0.000051405,0.00,0.00,43696128,43696128,512
1036,1764562663.0928798,rsa_handshake,0.000347212|0.000061323,0.00,0.00,43696128,43696128,512
1037,1764562663.143076,rsa_handshake,0.000320462|0.000056664,0.00,0.00,43696128,43696128,512
1038,1764562663.1779556,rsa_handshake,0.000238851|0.000037800,0.00,0.00,43696128,43696128,512
1039,1764562663.2163029,rsa_handshake,0.000338966|0.000050864,0.00,0.00,43696128,43696128,512
1040,1764562663.2537324,rsa_handshake,0.000272744|0.000039694,0.00,0.00,43696128,43696128,512
1041,1764562663.2993703,rsa_handshake,0.000288934|0.000040124,0.00,0.00,43696128,43696128,512
1042,1764562663.373903,rsa_handshake,0.000537443|0.000091289,0.00,0.00,43696128,43696128,512
1043,1764562663.3974543,rsa_handshake,0.000244010|0.000037219,0.00,0.00,43696128,43696128,512
1044,1764562663.4259763,rsa_handshake,0.000492890|0.000117678,0.00,0.00,43696128,43696128,512
1045,1764562663.4551222,rsa_handshake,0.000405158|0.000084886,0.00,1765.00,43696128,43696128,512
1046,1764562663.5440032,rsa_handshake,0.000463376|0.000090006,0.00,0.00,43696128,43696128,512
1047,1764562663.6097863,rsa_handshake,0.000549164|0.000095005,0.00,0.00,43696128,43696128,512
1048,1764562663.6440785,rsa_handshake,0.000312627|0.000057316,0.00,0.00,43696128,43696128,512
1049,1764562663.7015831,rsa_handshake,0.000403937|0.000076240,0.00,0.00,43696128,43696128,512
1050,1764562663.753688,rsa_handshake,0.000250583|0.000037289,0.00,0.00,43696128,43696128,512
1051,1764562663.798766,rsa_handshake,0.001251593|0.000374962,0.00,502.20,43696128,43696128,512
1052,1764562663.8514442,rsa_handshake,0.000893621|0.000419595,0.00,0.00,43696128,43696128,512
1053,1764562663.9226694,rsa_handshake,0.001098319|0.000486710,0.00,0.00,43696128,43696128,512
1054,1764562663.980871,rsa_handshake,0.000870147|0.000173370,0.00,0.00,43696128,43696128,512
1055,1764562664.095571,rsa_handshake,0.001101735|0.000363161,0.00,0.00,43696128,43696128,512
1056,1764562664.1602504,rsa_handshake,0.001148642|0.000303511,0.00,0.00,43696128,43696128,512
1057,1764562664.2793126,rsa_handshake,0.001598172|0.000246315,0.00,0.00,43696128,43696128,512
1058,1764562664.351926,rsa_handshake,0.001016568|0.000287070,0.00,0.00,43696128,43696128,512
1059,1764562664.4313707,rsa_handshake,0.000911955|0.000285398,0.00,0.00,43696128,43696128,512
1060,1764562664.5199802,rsa_handshake,0.000293281|0.000060021,0.00,0.00,43696128,43696128,512
1061,1764562664.5660825,rsa_handshake,0.000332013|0.000059950,0.00,0.00,43696128,43696128,512
1062,1764562664.6436641,rsa_handshake,0.001381823|0.000914890,0.00,651.10,43696128,43696128,512
1063,1764562664.701841,rsa_handshake,0.000878683|0.000195421,0.00,459.10,43696128,43696128,512
1064,1764562664.7427511,rsa_handshake,0.000873735|0.000097710,0.00,0.00,43696128,43696128,512
1065,1764562664.783071,rsa_handshake,0.001020165|0.000618162,0.00,0.00,43696128,43696128,512
1066,1764562664.8226452,rsa_handshake,0.000903870|0.000302048,0.00,0.00,43696128,43696128,512
1067,1764562664.8895278,rsa_handshake,0.000925249|0.000230736,0.00,0.00,43696128,43696128,512
1068,1764562665.020694,rsa_handshake,0.000833580|0.000421048,0.00,0.00,43696128,43696128,512
1069,1764562665.0520086,rsa_handshake,0.001368238|0.000303330,0.00,0.00,43696128,43696128,512
1070,1764562665.0936663,rsa_handshake,0.000483784|0.000071662,0.00,0.00,43696128,43696128,512
1071,1764562665.1314867,rsa_handshake,0.001234932|0.000192155,0.00,0.00,43696128,43696128,512
1072,1764562665.182873,rsa_handshake,0.001065669|0.000350537,0.00,596.40,43696128,43696128,512
1073,1764562665.2467842,rsa_handshake,0.001066421|0.000331483,0.00,0.00,43696128,43696128,512
1074,1764562665.3013024,rsa_handshake,0.001018842|0.000277783,0.00,0.00,43696128,43696128,512
1075,1764562665.3403168,rsa_handshake,0.001122634|0.000306666,0.00,0.00,43696128,43696128,512
1076,1764562665.4092805,rsa_handshake,0.001067923|0.000333115,0.00,0.00,43696128,43696128,512
1077,1764562665.463488,rsa_handshake,0.001117525|0.000494443,0.00,478.50,43696128,43696128,512
1078,1764562665.5336952,rsa_handshake,0.001006680|0.000291719,0.00,0.00,43696128,43696128,512
1079,1764562665.5949218,rsa_handshake,0.000385001|0.000068076,0.00,0.00,43696128,43696128,512
1080,1764562665.6659415,rsa_handshake,0.001191702|0.000428121,0.00,0.00,43696128,43696128,512
1081,1764562665.7463014,rsa_handshake,0.001056201|0.000401081,0.00,0.00,43696128,43696128,512
1082,1764562665.794021,rsa_handshake,0.001391251|0.000472342,0.00,0.00,43696128,43696128,512
1083,1764562665.8537734,rsa_handshake,0.001021898|0.000312738,0.00,0.00,43696128,43696128,512
1084,1764562665.9247131,rsa_handshake,0.001116262|0.000386133,0.00,0.00,43696128,43696128,512
1085,1764562665.9989243,rsa_handshake,0.001094522|0.000315633,0.00,0.00,43696128,43696128,512
1086,1764562666.0565689,rsa_handshake,0.000966656|0.000314351,0.00,0.00,43696128,43696128,512
1087,1764562666.098977,rsa_handshake,0.000944696|0.000300335,0.00,637.70,43696128,43696128,512
1088,1764562666.1457481,rsa_handshake,0.000888652|0.000301517,0.00,697.80,43696128,43696128,512
1089,1764562666.2469332,rsa_handshake,0.001278051|0.000223843,0.00,0.00,43696128,43696128,512
1090,1764562666.358846,rsa_handshake,0.001063615|0.000356899,0.00,608.60,43696128,43696128,512
1091,1764562666.4040954,rsa_handshake,0.001072070|0.000372378,0.00,576.40,43696128,43696128,512
1092,1764562666.4497268,rsa_handshake,0.000890505|0.000266442,0.00,0.00,43696128,43696128,512
1093,1764562666.5604415,rsa_handshake,0.000829062|0.000424064,0.00,0.00,43696128,43696128,512
1094,1764562666.649612,rsa_handshake,0.001079224|0.000324891,0.00,0.00,43696128,43696128,512
1095,1764562666.6999588,rsa_handshake,0.001162447|0.000319410,0.00,0.00,43696128,43696128,512
1096,1764562666.7698631,rsa_handshake,0.001203163|0.000372268,0.00,0.00,43696128,43696128,512
1097,1764562666.820189,rsa_handshake,0.000847756|0.000166237,0.00,0.00,43696128,43696128,512
1098,1764562666.9040296,rsa_handshake,0.001343292|0.000538985,0.00,416.30,43696128,43696128,512
1099,1764562666.9669113,rsa_handshake,0.000940218|0.000208776,0.00,0.00,43696128,43696128,512
1100,1764562667.0434754,rsa_handshake,0.001181443|0.000360846,0.00,529.50,43696128,43696128,512
1101,1764562667.0817463,rsa_handshake,0.000871800|0.000225637,0.00,0.00,43696128,43696128,512
1102,1764562667.1466758,rsa_handshake,0.001690123|0.000433871,0.00,0.00,43696128,43696128,512
1103,1764562667.182643,rsa_handshake,0.001255550|0.000392605,0.00,0.00,43696128,43696128,512
1104,1764562667.2726882,rsa_handshake,0.000987625|0.000369844,0.00,0.00,43696128,43696128,512
1105,1764562667.3538682,rsa_handshake,0.001044650|0.000313559,0.00,0.00,43696128,43696128,512
1106,1764562667.4118369,rsa_handshake,0.001475056|0.000612272,0.00,389.10,43696128,43696128,512
1107,1764562667.51203,rsa_handshake,0.001082250|0.000550908,0.00,517.50,43696128,43696128,512
1108,1764562667.582878,rsa_handshake,0.001192593|0.000514471,0.00,507.40,43696128,43696128,512
1109,1764562667.632208,rsa_handshake,0.001121282|0.000403124,0.00,0.00,43696128,43696128,512
1110,1764562667.7099078,rsa_handshake,0.001043087|0.000334739,0.00,573.70,43696128,43696128,512
1111,1764562667.760742,rsa_handshake,0.000814124|0.000359614,0.00,0.00,43696128,43696128,512
1112,1764562667.844221,rsa_handshake,0.000476320|0.000113540,0.00,0.00,43696128,43696128,512
1113,1764562667.9179888,rsa_handshake,0.000958902|0.000277813,0.00,655.20,43696128,43696128,512
1114,1764562667.9916205,rsa_handshake,0.001144594|0.000326593,0.00,540.90,43696128,43696128,512
1115,1764562668.0708714,rsa_handshake,0.000663485|0.000352091,0.00,811.90,43696128,43696128,512
1116,1764562668.1122506,rsa_handshake,0.000851463|0.000275078,0.00,0.00,43696128,43696128,512
1117,1764562668.136648,rsa_handshake,0.000742382|0.000215609,0.00,0.00,43696128,43696128,512
1118,1764562668.17183,rsa_handshake,0.000833610|0.000270359,0.00,0.00,43696128,43696128,512
1119,1764562668.221063,rsa_handshake,0.000888893|0.000256293,0.00,0.00,43696128,43696128,512
1120,1764562668.2711332,rsa_handshake,0.000759143|0.000212854,0.00,0.00,43696128,43696128,512
1121,1764562668.3415616,rsa_handshake,0.001456031|0.000205710,0.00,0.00,43696128,43696128,512
1122,1764562668.3692243,rsa_handshake,0.000434493|0.000079437,0.00,1612.10,43696128,43696128,512
1123,1764562668.4125552,rsa_handshake,0.000986642|0.000315974,0.00,0.00,43696128,43696128,512
1124,1764562668.4633863,rsa_handshake,0.001449157|0.000504212,0.00,0.00,43696128,43696128,512
1125,1764562668.5791383,rsa_handshake,0.001206609|0.000456133,0.00,372.70,43696128,43696128,512
1126,1764562668.716302,rsa_handshake,0.001105403|0.000325471,0.00,0.00,43696128,43696128,512
1127,1764562668.8049736,rsa_handshake,0.001009996|0.000206211,0.00,0.00,43696128,43696128,512
1128,1764562668.9341006,rsa_handshake,0.001048417|0.000280799,0.00,0.00,43696128,43696128,512
1129,1764562669.0721767,rsa_handshake,0.001013523|0.000364143,0.00,0.00,43696128,43696128,512
1130,1764562669.1627586,rsa_handshake,0.001259347|0.000267655,0.00,440.60,43696128,43696128,512
1131,1764562669.2286782,rsa_handshake,0.001180270|0.000294084,0.00,0.00,43696128,43696128,512
1132,1764562669.2902584,rsa_handshake,0.001595268|0.000553693,0.00,352.50,43696128,43696128,512
1133,1764562669.3500967,rsa_handshake,0.001082059|0.000309662,0.00,0.00,43696128,43696128,512
1134,1764562669.4449744,rsa_handshake,0.001338724|0.000347462,0.00,0.00,43696128,43696128,512
1135,1764562669.533319,rsa_handshake,0.001040372|0.000411691,0.00,0.00,43696128,43696128,512
1136,1764562669.573619,rsa_handshake,0.000693511|0.000289996,0.00,0.00,43696128,43696128,512
1137,1764562669.7166538,rsa_handshake,0.001274074|0.000416249,0.00,0.00,43696128,43696128,512
1138,1764562669.8067322,rsa_handshake,0.001227257|0.000576084,0.00,0.00,43696128,43696128,512
1139,1764562669.854874,rsa_handshake,0.001691585|0.000573279,0.00,0.00,43696128,43696128,512
1140,1764562669.9116786,rsa_handshake,0.001596590|0.000698410,0.00,375.30,43696128,43696128,512
1141,1764562669.9683733,rsa_handshake,0.001112626|0.000547422,0.00,0.00,43696128,43696128,512
1142,1764562670.0660374,rsa_handshake,0.000982536|0.000247868,0.00,0.00,43696128,43696128,512
1143,1764562670.120787,rsa_handshake,0.001121923|0.000422260,0.00,0.00,43696128,43696128,512
1144,1764562670.197579,rsa_handshake,0.000988606|0.000403055,0.00,0.00,43696128,43696128,512
1145,1764562670.2771747,rsa_handshake,0.000829122|0.000354485,0.00,0.00,43696128,43696128,512
1146,1764562670.3525355,rsa_handshake,0.001712103|0.000679886,0.00,336.10,43696128,43696128,512
1147,1764562670.5128539,rsa_handshake,0.001416116|0.000558993,0.00,395.30,43696128,43696128,512
1148,1764562670.5827584,rsa_handshake,0.000901405|0.000359024,0.00,0.00,43696128,43696128,512
1149,1764562670.6192737,rsa_handshake,0.001254688|0.000317677,0.00,0.00,43696128,43696128,512
1150,1764562670.6617684,rsa_handshake,0.000610839|0.000190952,0.00,0.00,43696128,43696128,512
1151,1764562670.713699,rsa_handshake,0.000573249|0.000123969,0.00,0.00,43696128,43696128,512
1152,1764562670.775798,rsa_handshake,0.000295927|0.000058187,0.00,0.00,43696128,43696128,512
1153,1764562670.8780832,rsa_handshake,0.000927323|0.000115874,0.00,0.00,43696128,43696128,512
1154,1764562670.9068086,rsa_handshake,0.000541110|0.000069659,0.00,0.00,43696128,43696128,512
1155,1764562670.9637353,rsa_handshake,0.000960033|0.000271923,0.00,0.00,43696128,43696128,512
1156,1764562671.006904,rsa_handshake,0.000899202|0.000249681,0.00,0.00,43696128,43696128,512
1157,1764562671.072637,rsa_handshake,0.000847967|0.000324650,0.00,0.00,43696128,43696128,512
1158,1764562671.1644025,rsa_handshake,0.001229141|0.000356419,0.00,0.00,43696128,43696128,512
1159,1764562671.1955402,rsa_handshake,0.000955635|0.000231428,0.00,0.00,43696128,43696128,512
1160,1764562671.243057,rsa_handshake,0.000292451|0.000048690,0.00,2243.30,43696128,43696128,512
1161,1764562671.271059,rsa_handshake,0.000474967|0.000086499,0.00,0.00,43696128,43696128,512
1162,1764562671.3035703,rsa_handshake,0.000473114|0.000120011,0.00,0.00,43696128,43696128,512
1163,1764562671.3426867,rsa_handshake,0.000283704|0.000053088,0.00,0.00,43696128,43696128,512
1164,1764562671.3591735,rsa_handshake,0.000591663|0.000096699,0.00,0.00,43696128,43696128,512
1165,1764562671.4359632,rsa_handshake,0.000993916|0.000283724,0.00,0.00,43696128,43696128,512
1166,1764562671.476678,rsa_handshake,0.000844450|0.000220337,0.00,0.00,43696128,43696128,512
1167,1764562671.510716,rsa_handshake,0.000292160|0.000054000,0.00,0.00,43696128,43696128,512
1168,1764562671.5441372,rsa_handshake,0.000331592|0.000060883,0.00,0.00,43696128,43696128,512
1169,1764562671.5732327,rsa_handshake,0.001236555|0.000431577,0.00,505.40,43696128,43696128,512
1170,1764562671.6263928,rsa_handshake,0.001009395|0.000112648,0.00,0.00,43696128,43696128,512
1171,1764562671.7143974,rsa_handshake,0.001339916|0.000388638,0.00,0.00,43696128,43696128,512
1172,1764562671.7664316,rsa_handshake,0.000936741|0.000375464,0.00,0.00,43696128,43696128,512
1173,1764562671.8357604,rsa_handshake,0.001492097|0.000585532,0.00,0.00,43696128,43696128,512
1174,1764562671.905698,rsa_handshake,0.001518305|0.000621408,0.00,379.30,43696128,43696128,512
1175,1764562671.9940422,rsa_handshake,0.001114860|0.000423512,0.00,0.00,43696128,43696128,512
1176,1764562672.0480642,rsa_handshake,0.001244219|0.000522886,0.00,0.00,43696128,43696128,512
1177,1764562672.2128465,rsa_handshake,0.001264226|0.000463226,0.00,0.00,43696128,43696128,512
1178,1764562672.313661,rsa_handshake,0.000454039|0.000187607,0.00,0.00,43696128,43696128,512
1179,1764562672.365002,rsa_handshake,0.000822039|0.000307809,0.00,0.00,43696128,43696128,512
1180,1764562672.484126,rsa_handshake,0.000729768|0.000284075,0.00,0.00,43696128,43696128,512
1181,1764562672.5270872,rsa_handshake,0.001217049|0.000391413,0.00,532.50,43696128,43696128,512
1182,1764562672.6480894,rsa_handshake,0.000963150|0.000586684,0.00,0.00,43696128,43696128,512
1183,1764562672.713978,rsa_handshake,0.000851323|0.000427069,0.00,0.00,43696128,43696128,512
1184,1764562672.7793334,rsa_handshake,0.001283171|0.000390701,0.00,0.00,43696128,43696128,512
1185,1764562672.866855,rsa_handshake,0.001553440|0.000203125,0.00,0.00,43696128,43696128,512
1186,1764562672.9391928,rsa_handshake,0.000795259|0.000301948,0.00,0.00,43696128,43696128,512
1187,1764562672.9773676,rsa_handshake,0.000933675|0.000285287,0.00,0.00,43696128,43696128,512
1188,1764562673.0520504,rsa_handshake,0.001180261|0.000346289,0.00,554.40,43696128,43696128,512
1189,1764562673.1217966,rsa_handshake,0.000484936|0.000085408,0.00,1450.70,43696128,43696128,512
1190,1764562673.194581,rsa_handshake,0.001311072|0.000389821,0.00,0.00,43696128,43696128,512
1191,1764562673.2563896,rsa_handshake,0.001227598|0.000468245,0.00,0.00,43696128,43696128,512
1192,1764562673.308533,rsa_handshake,0.001508898|0.000334358,0.00,0.00,43696128,43696128,512
1193,1764562673.3540802,rsa_handshake,0.001115291|0.000373140,0.00,0.00,43696128,43696128,512
1194,1764562673.4413886,rsa_handshake,0.000971935|0.000249691,0.00,0.00,43696128,43696128,512
1195,1764562673.4850569,rsa_handshake,0.001011338|0.000316385,0.00,0.00,43696128,43696128,512
1196,1764562673.6584594,rsa_handshake,0.000993956|0.000179462,0.00,0.00,43696128,43696128,512
1197,1764562673.711729,rsa_handshake,0.001060299|0.000323537,0.00,0.00,43696128,43696128,512
1198,1764562673.7687669,rsa_handshake,0.000535108|0.000122036,0.00,0.00,43696128,43696128,512
1199,1764562673.8280613,rsa_handshake,0.000614476|0.000164444,0.00,0.00,43696128,43696128,512
1200,1764562673.893173,rsa_handshake,0.000919278|0.000261393,0.00,0.00,43696128,43696128,512
1201,1764562673.9278004,rsa_handshake,0.001097518|0.000368832,0.00,0.00,43696128,43696128,512
1202,1764562673.973565,rsa_handshake,0.001104851|0.000353182,0.00,0.00,43696128,43696128,512
1203,1764562674.0684354,rsa_handshake,0.001028210|0.000091419,0.00,0.00,43696128,43696128,512
1204,1764562674.1263328,rsa_handshake,0.000991552|0.000108521,0.00,0.00,43696128,43696128,512
1205,1764562674.1595087,rsa_handshake,0.000562559|0.000123348,0.00,0.00,43696128,43696128,512
1206,1764562674.193416,rsa_handshake,0.000417602|0.000080309,0.00,0.00,43696128,43696128,512
1207,1764562674.288555,rsa_handshake,0.001183206|0.000466772,0.00,0.00,43696128,43696128,512
1208,1764562674.3276875,rsa_handshake,0.000856192|0.000261042,0.00,0.00,43696128,43696128,512
1209,1764562674.3858116,rsa_handshake,0.000391393|0.000081871,0.00,0.00,43696128,43696128,512
1210,1764562674.434699,rsa_handshake,0.000384370|0.000073085,0.00,0.00,43696128,43696128,512
1211,1764562674.4774847,rsa_handshake,0.001195910|0.000287351,0.00,0.00,43696128,43696128,512
1212,1764562674.5293555,rsa_handshake,0.000291007|0.000054661,0.00,0.00,43696128,43696128,512
1213,1764562674.5623202,rsa_handshake,0.000333747|0.000073887,0.00,0.00,43696128,43696128,512
1214,1764562674.6239934,rsa_handshake,0.001296405|0.000255863,0.00,0.00,43696128,43696128,512
1215,1764562674.6445026,rsa_handshake,0.000283474|0.000047849,0.00,0.00,43696128,43696128,512
1216,1764562674.6777205,rsa_handshake,0.001099171|0.000309602,0.00,0.00,43696128,43696128,512
1217,1764562674.70293,rsa_handshake,0.000561948|0.000058528,0.00,0.00,43696128,43696128,512
1218,1764562674.7611501,rsa_handshake,0.001270006|0.000410569,0.00,0.00,43696128,43696128,512
1219,1764562674.9444096,rsa_handshake,0.000577407|0.000266592,0.00,0.00,43696128,43696128,512
1220,1764562675.0981045,rsa_handshake,0.001402842|0.000397143,0.00,488.70,43696128,43696128,512
1221,1764562675.154078,rsa_handshake,0.001214655|0.000487070,0.00,501.60,43696128,43696128,512
1222,1764562675.220637,rsa_handshake,0.001405416|0.000424214,0.00,464.70,43696128,43696128,512
1223,1764562675.265526,rsa_handshake,0.001104770|0.000315843,0.00,0.00,43696128,43696128,512
1224,1764562675.3619792,rsa_handshake,0.001270407|0.000339537,0.00,0.00,43696128,43696128,512
1225,1764562675.4125683,rsa_handshake,0.001048568|0.000587466,0.00,0.00,43696128,43696128,512
1226,1764562675.4526799,rsa_handshake,0.001179339|0.000339527,0.00,0.00,43696128,43696128,512
1227,1764562675.5358925,rsa_handshake,0.001319158|0.000447597,0.00,0.00,43696128,43696128,512
1228,1764562675.6033597,rsa_handshake,0.001106424|0.000344176,0.00,597.80,43696128,43696128,512
1229,1764562675.6468456,rsa_handshake,0.000792004|0.000317105,0.00,0.00,43696128,43696128,512
1230,1764562675.7015293,rsa_handshake,0.001088380|0.000631637,0.00,0.00,43696128,43696128,512
1231,1764562675.7461426,rsa_handshake,0.000844670|0.000309692,0.00,0.00,43696128,43696128,512
1232,1764562675.8265324,rsa_handshake,0.001502276|0.000138876,0.00,0.00,43696128,43696128,512
1233,1764562675.8675303,rsa_handshake,0.001360564|0.000386043,0.00,0.00,43696128,43696128,512
1234,1764562675.90773,rsa_handshake,0.000870950|0.000343945,0.00,0.00,43696128,43696128,512
1235,1764562675.9545438,rsa_handshake,0.001089583|0.000419505,0.00,0.00,43696128,43696128,512
1236,1764562675.9971488,rsa_handshake,0.001008503|0.000497919,0.00,0.00,43696128,43696128,512
1237,1764562676.0455394,rsa_handshake,0.001098460|0.000222291,0.00,0.00,43696128,43696128,512
1238,1764562676.0729773,rsa_handshake,0.001117224|0.000292701,0.00,570.10,43696128,43696128,512
1239,1764562676.140252,rsa_handshake,0.000899702|0.000184591,0.00,0.00,43696128,43696128,512
1240,1764562676.1665933,rsa_handshake,0.000438541|0.000044181,0.00,0.00,43696128,43696128,512
1241,1764562676.2043185,rsa_handshake,0.000519730|0.000090747,0.00,0.00,43696128,43696128,512
1242,1764562676.2620556,rsa_handshake,0.000277934|0.000051095,0.00,0.00,43696128,43696128,512
1243,1764562676.2915719,rsa_handshake,0.000432119|0.000066423,0.00,0.00,43696128,43696128,512
1244,1764562676.3254745,rsa_handshake,0.000317616|0.000059490,0.00,0.00,43696128,43696128,512
1245,1764562676.372576,rsa_handshake,0.000483934|0.000078896,0.00,0.00,43696128,43696128,512
1246,1764562676.4200137,rsa_handshake,0.001000869|0.000366787,0.00,0.00,43696128,43696128,512
1247,1764562676.503105,rsa_handshake,0.000541000|0.000123538,0.00,0.00,43696128,43696128,512
1248,1764562676.5275567,rsa_handshake,0.000504062|0.000111285,0.00,0.00,43696128,43696128,512
1249,1764562676.5604637,rsa_handshake,0.000687179|0.000172930,0.00,0.00,43696128,43696128,512
1250,1764562676.5800219,rsa_handshake,0.000353212|0.000073015,0.00,1942.20,43696128,43696128,512
1251,1764562676.627394,rsa_handshake,0.000631958|0.000139898,0.00,0.00,43696128,43696128,512
1252,1764562676.658301,rsa_handshake,0.000375945|0.000099584,0.00,0.00,43696128,43696128,512
1253,1764562676.6854448,rsa_handshake,0.000499954|0.000104904,0.00,1406.20,43696128,43696128,512
1254,1764562676.747131,rsa_handshake,0.001043348|0.000371236,0.00,0.00,43696128,43696128,512
1255,1764562676.8350961,rsa_handshake,0.001330208|0.000561597,0.00,0.00,43696128,43696128,512
1256,1764562676.9057984,rsa_handshake,0.001074225|0.000480868,0.00,0.00,43696128,43696128,512
1257,1764562676.9765537,rsa_handshake,0.000425035|0.000147753,0.00,0.00,43696128,43696128,512
1258,1764562677.016041,rsa_handshake,0.000413003|0.000085298,0.00,0.00,43696128,43696128,512
1259,1764562677.0644686,rsa_handshake,0.001359282|0.000371356,0.00,487.30,43696128,43696128,512
1260,1764562677.2075846,rsa_handshake,0.001018091|0.000260551,0.00,0.00,43696128,43696128,512
1261,1764562677.3235335,rsa_handshake,0.000963120|0.000176627,0.00,0.00,43696128,43696128,512
1262,1764562677.4217286,rsa_handshake,0.001288501|0.000363562,0.00,0.00,43696128,43696128,512
1263,1764562677.4958065,rsa_handshake,0.001368829|0.000331642,0.00,497.40,43696128,43696128,512
1264,1764562677.542058,rsa_handshake,0.000997824|0.000320863,0.00,645.20,43696128,43696128,512
1265,1764562677.6036527,rsa_handshake,0.001187424|0.000353293,0.00,0.00,43696128,43696128,512
1266,1764562677.7217155,rsa_handshake,0.000508800|0.000186174,0.00,0.00,43696128,43696128,512
1267,1764562677.7695885,rsa_handshake,0.000490706|0.000125742,0.00,0.00,43696128,43696128,512
1268,1764562677.827264,rsa_handshake,0.000845052|0.000195070,0.00,0.00,43696128,43696128,512
1269,1764562677.9022326,rsa_handshake,0.000385943|0.000234884,0.00,0.00,43696128,43696128,512
1270,1764562677.929174,rsa_handshake,0.000282522|0.000046787,0.00,0.00,43696128,43696128,512
1271,1764562677.9527297,rsa_handshake,0.000714300|0.000167389,0.00,0.00,43696128,43696128,512
1272,1764562678.0253472,rsa_handshake,0.000362189|0.000055693,0.00,0.00,43696128,43696128,512
1273,1764562678.0948849,rsa_handshake,0.000553773|0.000136312,0.00,0.00,43696128,43696128,512
1274,1764562678.130636,rsa_handshake,0.000371486|0.000078454,0.00,0.00,43696128,43696128,512
1275,1764562678.1699202,rsa_handshake,0.000613143|0.000138987,0.00,0.00,43696128,43696128,512
1276,1764562678.2004967,rsa_handshake,0.000833791|0.000213755,0.00,759.20,43696128,43696128,512
1277,1764562678.2228165,rsa_handshake,0.000526703|0.000099194,0.00,0.00,43696128,43696128,512
1278,1764562678.250712,rsa_handshake,0.000395971|0.000074358,0.00,0.00,43696128,43696128,512
1279,1764562678.3001058,rsa_handshake,0.000277713|0.000056103,0.00,0.00,43696128,43696128,512
1280,1764562678.3426046,rsa_handshake,0.001005087|0.000161498,0.00,0.00,43696128,43696128,512
1281,1764562678.410698,rsa_handshake,0.001923003|0.000440013,0.00,355.30,43696128,43696128,512
1282,1764562678.6153355,rsa_handshake,0.001199206|0.000360856,0.00,0.00,43696128,43696128,512
1283,1764562678.6655805,rsa_handshake,0.000422300|0.000092561,0.00,0.00,43696128,43696128,512
1284,1764562678.7368767,rsa_handshake,0.000554404|0.000148665,0.00,0.00,43696128,43696128,512
1285,1764562678.7787397,rsa_handshake,0.000450452|0.000111997,0.00,0.00,43696128,43696128,512
1286,1764562678.8271654,rsa_handshake,0.000522225|0.000135951,0.00,0.00,43696128,43696128,512
1287,1764562678.8610337,rsa_handshake,0.000414125|0.000123568,0.00,0.00,43696128,43696128,512
1288,1764562678.8907635,rsa_handshake,0.000264468|0.000042118,0.00,0.00,43696128,43696128,512
1289,1764562678.9609277,rsa_handshake,0.000552130|0.000142193,0.00,0.00,43696128,43696128,512
1290,1764562679.0449798,rsa_handshake,0.000539878|0.000078525,0.00,0.00,43696128,43696128,512
1291,1764562679.08523,rsa_handshake,0.000638660|0.000167660,0.00,0.00,43696128,43696128,512
1292,1764562679.1783211,rsa_handshake,0.000787886|0.000121765,0.00,0.00,43696128,43696128,512
1293,1764562679.2244866,rsa_handshake,0.001247515|0.000329649,0.00,539.90,43696128,43696128,512
1294,1764562679.2817183,rsa_handshake,0.000979269|0.000318929,0.00,0.00,43696128,43696128,512
1295,1764562679.325692,rsa_handshake,0.000869777|0.000089666,0.00,0.00,43696128,43696128,512
1296,1764562679.3589041,rsa_handshake,0.000311155|0.000112859,0.00,0.00,43696128,43696128,512
1297,1764562679.417161,rsa_handshake,0.000293082|0.000047117,0.00,0.00,43696128,43696128,512
1298,1764562679.4690232,rsa_handshake,0.000578649|0.000052717,0.00,0.00,43696128,43696128,512
1299,1764562679.5233276,rsa_handshake,0.000737543|0.000215157,0.00,0.00,43696128,43696128,512
1300,1764562679.5509107,rsa_handshake,0.000526873|0.000123939,0.00,1255.00,43696128,43696128,512
1301,1764562679.594309,rsa_handshake,0.000728005|0.000211821,0.00,0.00,43696128,43696128,512
1302,1764562679.6340363,rsa_handshake,0.000985241|0.000246877,0.00,678.30,43696128,43696128,512
1303,1764562679.6992953,rsa_handshake,0.001056212|0.000443068,0.00,516.40,43696128,43696128,512
1304,1764562679.7813244,rsa_handshake,0.000890906|0.000207113,0.00,0.00,43696128,43696128,512
1305,1764562679.9522874,rsa_handshake,0.000621628|0.000127175,0.00,0.00,43696128,43696128,512
1306,1764562679.992579,rsa_handshake,0.000309492|0.000093423,0.00,0.00,43696128,43696128,512
1307,1764562680.0620482,rsa_handshake,0.000664719|0.000137243,0.00,0.00,43696128,43696128,512
1308,1764562680.110641,rsa_handshake,0.000992234|0.000329078,0.00,0.00,43696128,43696128,512
1309,1764562680.2173717,rsa_handshake,0.001133434|0.000352521,0.00,0.00,43696128,43696128,512
1310,1764562680.27048,rsa_handshake,0.001108849|0.000327896,0.00,0.00,43696128,43696128,512
1311,1764562680.3255658,rsa_handshake,0.000862844|0.000278244,0.00,0.00,43696128,43696128,512
1312,1764562680.399036,rsa_handshake,0.000776684|0.000086359,0.00,0.00,43696128,43696128,512
1313,1764562680.422144,rsa_handshake,0.000922765|0.000126163,0.00,0.00,43696128,43696128,512
1314,1764562680.4482503,rsa_handshake,0.000289735|0.000046476,0.00,0.00,43696128,43696128,512
1315,1764562680.4796622,rsa_handshake,0.000743403|0.000171006,0.00,0.00,43696128,43696128,512
1316,1764562680.5160906,rsa_handshake,0.000309442|0.000059560,0.00,0.00,43696128,43696128,512
1317,1764562680.5653648,rsa_handshake,0.000494514|0.000068406,0.00,0.00,43696128,43696128,512
1318,1764562680.6235197,rsa_handshake,0.000637148|0.000290156,0.00,0.00,43696128,43696128,512
1319,1764562680.6852148,rsa_handshake,0.002457220|0.000447176,0.00,0.00,43696128,43696128,512
1320,1764562680.770077,rsa_handshake,0.001024202|0.000407082,0.00,0.00,43696128,43696128,512
1321,1764562680.8061116,rsa_handshake,0.000767908|0.000174001,0.00,0.00,43696128,43696128,512
1322,1764562680.8562222,rsa_handshake,0.000965173|0.000269367,0.00,0.00,43696128,43696128,512
1323,1764562680.898377,rsa_handshake,0.000483834|0.000097791,0.00,0.00,43696128,43696128,512
1324,1764562680.9227104,rsa_handshake,0.000762409|0.000194620,0.00,0.00,43696128,43696128,512
1325,1764562680.9575884,rsa_handshake,0.000350467|0.000078445,0.00,1585.40,43696128,43696128,512
1326,1764562680.9840155,rsa_handshake,0.000283394|0.000052056,0.00,0.00,43696128,43696128,512
1327,1764562681.0472684,rsa_handshake,0.000461933|0.000113039,0.00,0.00,43696128,43696128,512
1328,1764562681.080506,rsa_handshake,0.000653888|0.000121043,0.00,0.00,43696128,43696128,512
1329,1764562681.121819,rsa_handshake,0.001189188|0.000403345,0.00,0.00,43696128,43696128,512
1330,1764562681.1515145,rsa_handshake,0.000731672|0.000273034,0.00,0.00,43696128,43696128,512
1331,1764562681.2160845,rsa_handshake,0.000657595|0.000282071,0.00,851.70,43696128,43696128,512
1332,1764562681.2728612,rsa_handshake,0.000815247|0.000211341,0.00,0.00,43696128,43696128,512
1333,1764562681.3131518,rsa_handshake,0.000780092|0.000216770,0.00,0.00,43696128,43696128,512
1334,1764562681.3578255,rsa_handshake,0.000762780|0.000240594,0.00,855.50,43696128,43696128,512
1335,1764562681.3839397,rsa_handshake,0.000695796|0.000065952,0.00,0.00,43696128,43696128,512
1336,1764562681.4113264,rsa_handshake,0.000288263|0.000046706,0.00,0.00,43696128,43696128,512
1337,1764562681.429135,rsa_handshake,0.000498862|0.000108220,0.00,0.00,43696128,43696128,512
1338,1764562681.5086265,rsa_handshake,0.000307088|0.000097150,0.00,0.00,43696128,43696128,512
1339,1764562681.567711,rsa_handshake,0.000402454|0.000113339,0.00,0.00,43696128,43696128,512
1340,1764562681.6457264,rsa_handshake,0.001094031|0.000335119,0.00,0.00,43696128,43696128,512
1341,1764562681.7335906,rsa_handshake,0.000987714|0.000301978,0.00,0.00,43696128,43696128,512
1342,1764562681.8053868,rsa_handshake,0.001067552|0.000483113,0.00,0.00,43696128,43696128,512
1343,1764562681.8747287,rsa_handshake,0.000305244|0.000056003,0.00,0.00,43696128,43696128,512
1344,1764562681.9300435,rsa_handshake,0.000660871|0.000158643,0.00,0.00,43696128,43696128,512
1345,1764562682.003408,rsa_handshake,0.001511052|0.000152823,0.00,0.00,43696128,43696128,512
1346,1764562682.0744696,rsa_handshake,0.001427117|0.000326363,0.00,0.00,43696128,43696128,512
1347,1764562682.1635542,rsa_handshake,0.000861903|0.000214005,0.00,0.00,43696128,43696128,512
1348,1764562682.2051053,rsa_handshake,0.001059046|0.000331232,0.00,0.00,43696128,43696128,512
1349,1764562682.2860324,rsa_handshake,0.001010798|0.000209497,0.00,0.00,43696128,43696128,512
1350,1764562682.3495069,rsa_handshake,0.002096773|0.000826567,0.00,232.90,43696128,43696128,512
1351,1764562682.4009204,rsa_handshake,0.000428552|0.000126383,0.00,0.00,43696128,43696128,512
1352,1764562682.5250528,rsa_handshake,0.000453197|0.000071692,0.00,0.00,43696128,43696128,512
1353,1764562682.584475,rsa_handshake,0.000394919|0.000067645,0.00,0.00,43696128,43696128,512
1354,1764562682.6444411,rsa_handshake,0.000240334|0.000035365,0.00,0.00,43696128,43696128,512
1355,1764562682.7107065,rsa_handshake,0.000930639|0.000379772,0.00,625.10,43696128,43696128,512
1356,1764562682.7506,rsa_handshake,0.000842537|0.000199539,0.00,0.00,43696128,43696128,512
1357,1764562682.7936606,rsa_handshake,0.000992143|0.000273605,0.00,0.00,43696128,43696128,512
1358,1764562682.8909652,rsa_handshake,0.000637578|0.000129509,0.00,0.00,43696128,43696128,512
1359,1764562682.9764898,rsa_handshake,0.000544206|0.000107829,0.00,0.00,43696128,43696128,512
1360,1764562683.0164452,rsa_handshake,0.000783768|0.000161708,0.00,0.00,43696128,43696128,512
1361,1764562683.054878,rsa_handshake,0.000269958|0.000044773,0.00,0.00,43696128,43696128,512
1362,1764562683.0878,rsa_handshake,0.000333055|0.000056114,0.00,0.00,43696128,43696128,512
1363,1764562683.136553,rsa_handshake,0.001223871|0.000463716,0.00,0.00,43696128,43696128,512
1364,1764562683.1707404,rsa_handshake,0.000954073|0.000257115,0.00,0.00,43696128,43696128,512
1365,1764562683.2047625,rsa_handshake,0.000767598|0.000252136,0.00,0.00,43696128,43696128,512
1366,1764562683.2754211,rsa_handshake,0.001029051|0.000369864,0.00,0.00,43696128,43696128,512
1367,1764562683.3183177,rsa_handshake,0.001169030|0.000309753,0.00,0.00,43696128,43696128,512
1368,1764562683.365152,rsa_handshake,0.001052244|0.000347893,0.00,0.00,43696128,43696128,512
1369,1764562683.4381714,rsa_handshake,0.000999848|0.000335500,0.00,0.00,43696128,43696128,512
1370,1764562683.4729664,rsa_handshake,0.000924488|0.000285027,0.00,0.00,43696128,43696128,512
1371,1764562683.571857,rsa_handshake,0.001037788|0.000280067,0.00,0.00,43696128,43696128,512
1372,1764562683.6027937,rsa_handshake,0.001110261|0.000339408,0.00,0.00,43696128,43696128,512
1373,1764562683.6706061,rsa_handshake,0.001013122|0.000341531,0.00,0.00,43696128,43696128,512
1374,1764562683.7495654,rsa_handshake,0.000599046|0.000260672,0.00,0.00,43696128,43696128,512
1375,1764562683.796972,rsa_handshake,0.000923085|0.000389019,0.00,0.00,43696128,43696128,512
1376,1764562683.8931584,rsa_handshake,0.000752160|0.000296939,0.00,0.00,43696128,43696128,512
1377,1764562683.9690096,rsa_handshake,0.001830863|0.000233832,0.00,0.00,43696128,43696128,512
1378,1764562684.0441334,rsa_handshake,0.001119608|0.000359314,0.00,0.00,43696128,43696128,512
1379,1764562684.1671484,rsa_handshake,0.000920511|0.000226268,0.00,0.00,43696128,43696128,512
1380,1764562684.198582,rsa_handshake,0.000885145|0.000253027,0.00,0.00,43696128,43696128,512
1381,1764562684.229448,rsa_handshake,0.001027468|0.000338325,0.00,0.00,43696128,43696128,512
1382,1764562684.3057764,rsa_handshake,0.000964643|0.000316264,0.00,0.00,43696128,43696128,512
1383,1764562684.4381204,rsa_handshake,0.000883983|0.000271291,0.00,0.00,43696128,43696128,512
1384,1764562684.470519,rsa_handshake,0.000523587|0.000087191,0.00,0.00,43696128,43696128,512
1385,1764562684.505204,rsa_handshake,0.000374852|0.000075851,0.00,1818.30,43696128,43696128,512
1386,1764562684.5740466,rsa_handshake,0.000447657|0.000118349,0.00,0.00,43696128,43696128,512
1387,1764562684.6644008,rsa_handshake,0.001314869|0.000404989,0.00,0.00,43696128,43696128,512
1388,1764562684.715334,rsa_handshake,0.000641806|0.000162420,0.00,0.00,43696128,43696128,512
1389,1764562684.798427,rsa_handshake,0.001266550|0.000403856,0.00,0.00,43696128,43696128,512
1390,1764562684.8544772,rsa_handshake,0.001188095|0.000387737,0.00,548.10,43696128,43696128,512
1391,1764562684.8986526,rsa_handshake,0.000893631|0.000085297,0.00,0.00,43696128,43696128,512
1392,1764562685.0031552,rsa_handshake,0.000611440|0.000139097,0.00,0.00,43696128,43696128,512
1393,1764562685.0360518,rsa_handshake,0.000551369|0.000071862,0.00,0.00,43696128,43696128,512
1394,1764562685.087359,rsa_handshake,0.000620887|0.000159154,0.00,0.00,43696128,43696128,512
1395,1764562685.1294513,rsa_handshake,0.000912035|0.000294043,0.00,0.00,43696128,43696128,512
1396,1764562685.173364,rsa_handshake,0.000806340|0.000222902,0.00,0.00,43696128,43696128,512
1397,1764562685.2244575,rsa_handshake,0.000744846|0.000211180,0.00,0.00,43696128,43696128,512
1398,1764562685.2970405,rsa_handshake,0.000832629|0.000263336,0.00,0.00,43696128,43696128,512
1399,1764562685.365299,rsa_handshake,0.000823983|0.000231998,0.00,0.00,43696128,43696128,512
1400,1764562685.404567,rsa_handshake,0.000278865|0.000045164,0.00,0.00,43696128,43696128,512
1401,1764562685.4468687,rsa_handshake,0.000926532|0.000200741,0.00,0.00,43696128,43696128,512
1402,1764562685.5170035,rsa_handshake,0.000470029|0.000050624,0.00,0.00,43696128,43696128,512
1403,1764562685.5504653,rsa_handshake,0.000500194|0.000109532,0.00,0.00,43696128,43696128,512
1404,1764562685.6157928,rsa_handshake,0.001228300|0.000254069,0.00,0.00,43696128,43696128,512
1405,1764562685.678506,rsa_handshake,0.000948662|0.000370975,0.00,596.00,43696128,43696128,512
1406,1764562685.7311516,rsa_handshake,0.000850491|0.000260341,0.00,760.90,43696128,43696128,512
1407,1764562685.7632828,rsa_handshake,0.000507768|0.000217773,0.00,0.00,43696128,43696128,512
1408,1764562685.7963266,rsa_handshake,0.000709471|0.000211821,0.00,0.00,43696128,43696128,512
1409,1764562685.8617666,rsa_handshake,0.001152549|0.000110604,0.00,0.00,43696128,43696128,512
1410,1764562685.8972867,rsa_handshake,0.000547081|0.000141903,0.00,0.00,43696128,43696128,512
1411,1764562686.0158165,rsa_handshake,0.000751739|0.000148284,0.00,0.00,43696128,43696128,512
1412,1764562686.0540876,rsa_handshake,0.000356790|0.000056164,0.00,0.00,43696128,43696128,512
1413,1764562686.0796833,rsa_handshake,0.000500936|0.000078515,0.00,0.00,43696128,43696128,512
1414,1764562686.1419601,rsa_handshake,0.000694473|0.000224415,0.00,0.00,43696128,43696128,512
1415,1764562686.2342389,rsa_handshake,0.000872963|0.000288523,0.00,0.00,43696128,43696128,512
1416,1764562686.290095,rsa_handshake,0.001306905|0.000378319,0.00,0.00,43696128,43696128,512
1417,1764562686.352566,rsa_handshake,0.000867933|0.000261713,0.00,751.90,43696128,43696128,512
1418,1764562686.4063437,rsa_handshake,0.000705794|0.000172519,0.00,0.00,43696128,43696128,512
1419,1764562686.4334655,rsa_handshake,0.000747321|0.000110414,0.00,1054.10,43696128,43696128,512
1420,1764562686.494813,rsa_handshake,0.000774100|0.000211421,0.00,0.00,43696128,43696128,512
1421,1764562686.532439,rsa_handshake,0.000379942|0.000053409,0.00,1860.10,43696128,43696128,512
1422,1764562686.5606937,rsa_handshake,0.000497800|0.000098342,0.00,0.00,43696128,43696128,512
1423,1764562686.5763915,rsa_handshake,0.000506766|0.000093913,0.00,0.00,43696128,43696128,512
1424,1764562686.6254692,rsa_handshake,0.000987554|0.000305975,0.00,0.00,43696128,43696128,512
1425,1764562686.6617198,rsa_handshake,0.000786072|0.000129039,0.00,892.90,43696128,43696128,512
1426,1764562686.6894588,rsa_handshake,0.000715812|0.000260210,0.00,0.00,43696128,43696128,512
1427,1764562686.71818,rsa_handshake,0.000737061|0.000159033,0.00,0.00,43696128,43696128,512
1428,1764562686.807427,rsa_handshake,0.000882752|0.000244412,0.00,0.00,43696128,43696128,512
1429,1764562686.8786032,rsa_handshake,0.000309912|0.000056465,0.00,0.00,43696128,43696128,512
1430,1764562686.9113743,rsa_handshake,0.000563130|0.000117337,0.00,0.00,43696128,43696128,512
1431,1764562686.9802437,rsa_handshake,0.000287751|0.000048760,0.00,0.00,43696128,43696128,512
1432,1764562687.0489423,rsa_handshake,0.000348124|0.000071272,0.00,0.00,43696128,43696128,512
1433,1764562687.1048973,rsa_handshake,0.000915281|0.000295256,0.00,0.00,43696128,43696128,512
1434,1764562687.1445363,rsa_handshake,0.000770543|0.000176486,0.00,0.00,43696128,43696128,512
1435,1764562687.1765044,rsa_handshake,0.000824693|0.000260782,0.00,0.00,43696128,43696128,512
1436,1764562687.2717698,rsa_handshake,0.000916804|0.000340659,0.00,0.00,43696128,43696128,512
1437,1764562687.36173,rsa_handshake,0.000974410|0.000287812,0.00,0.00,43696128,43696128,512
1438,1764562687.411885,rsa_handshake,0.000408925|0.000049652,0.00,0.00,43696128,43696128,512
1439,1764562687.44793,rsa_handshake,0.000594108|0.000133026,0.00,0.00,43696128,43696128,512
1440,1764562687.47161,rsa_handshake,0.000423753|0.000069328,0.00,0.00,43696128,43696128,512
1441,1764562687.5457802,rsa_handshake,0.001730187|0.000176246,0.00,459.00,43696128,43696128,512
1442,1764562687.6340926,rsa_handshake,0.001143112|0.000169383,0.00,0.00,43696128,43696128,512
1443,1764562687.6887522,rsa_handshake,0.001115511|0.000370555,0.00,0.00,43696128,43696128,512
1444,1764562687.7368984,rsa_handshake,0.000985300|0.000297379,0.00,0.00,43696128,43696128,512
1445,1764562687.7736104,rsa_handshake,0.000744465|0.000135109,0.00,0.00,43696128,43696128,512
1446,1764562687.8472285,rsa_handshake,0.001243919|0.000349566,0.00,0.00,43696128,43696128,512
1447,1764562687.889232,rsa_handshake,0.000618723|0.000142193,0.00,0.00,43696128,43696128,512
1448,1764562687.940849,rsa_handshake,0.000277833|0.000047658,0.00,2597.90,43696128,43696128,512
1449,1764562688.0127456,rsa_handshake,0.001178768|0.000372568,0.00,0.00,43696128,43696128,512
1450,1764562688.056489,rsa_handshake,0.001054278|0.000431036,0.00,0.00,43696128,43696128,512
1451,1764562688.095468,rsa_handshake,0.000940036|0.000349055,0.00,0.00,43696128,43696128,512
1452,1764562688.1797628,rsa_handshake,0.001152940|0.000502899,0.00,0.00,43696128,43696128,512
1453,1764562688.2488775,rsa_handshake,0.001104130|0.000223123,0.00,0.00,43696128,43696128,512
1454,1764562688.3025217,rsa_handshake,0.000953882|0.000264268,0.00,0.00,43696128,43696128,512
1455,1764562688.3855848,rsa_handshake,0.001209715|0.000383258,0.00,551.50,43696128,43696128,512
1456,1764562688.4330022,rsa_handshake,0.001185080|0.000377949,0.00,503.20,43696128,43696128,512
1457,1764562688.4937582,rsa_handshake,0.001021337|0.000417190,0.00,0.00,43696128,43696128,512
1458,1764562688.5645154,rsa_handshake,0.000390682|0.000073235,0.00,0.00,43696128,43696128,512
1459,1764562688.6032588,rsa_handshake,0.000969100|0.000308109,0.00,0.00,43696128,43696128,512
1460,1764562688.6487083,rsa_handshake,0.000862514|0.000220748,0.00,0.00,43696128,43696128,512
1461,1764562688.688283,rsa_handshake,0.001239290|0.000362951,0.00,0.00,43696128,43696128,512
1462,1764562688.7560515,rsa_handshake,0.000616670|0.000065851,0.00,0.00,43696128,43696128,512
1463,1764562688.7909248,rsa_handshake,0.000282502|0.000043941,0.00,0.00,43696128,43696128,512
1464,1764562688.805959,rsa_handshake,0.000420127|0.000070881,0.00,0.00,43696128,43696128,512
1465,1764562688.8652549,rsa_handshake,0.000964502|0.000333426,0.00,659.60,43696128,43696128,512
1466,1764562688.90457,rsa_handshake,0.000639912|0.000110454,0.00,0.00,43696128,43696128,512
1467,1764562688.9362752,rsa_handshake,0.000816809|0.000164715,0.00,875.60,43696128,43696128,512
1468,1764562689.043611,rsa_handshake,0.000396192|0.000203636,0.00,0.00,43696128,43696128,512
1469,1764562689.104172,rsa_handshake,0.001158760|0.000355517,0.00,0.00,43696128,43696128,512
1470,1764562689.1664374,rsa_handshake,0.000949705|0.000312167,0.00,0.00,43696128,43696128,512
1471,1764562689.2625785,rsa_handshake,0.000887470|0.000444982,0.00,0.00,43696128,43696128,512
1472,1764562689.3686857,rsa_handshake,0.000994698|0.000390161,0.00,0.00,43696128,43696128,512
1473,1764562689.4065866,rsa_handshake,0.001126401|0.000096198,0.00,0.00,43696128,43696128,512
1474,1764562689.4531446,rsa_handshake,0.000693912|0.000168141,0.00,0.00,43696128,43696128,512
1475,1764562689.635953,rsa_handshake,0.001116923|0.000336341,0.00,0.00,43696128,43696128,512
1476,1764562689.6944158,rsa_handshake,0.001077050|0.000310234,0.00,0.00,43696128,43696128,512
1477,1764562689.7355149,rsa_handshake,0.000796993|0.000225357,0.00,0.00,43696128,43696128,512
1478,1764562689.799311,rsa_handshake,0.001129888|0.000352591,0.00,0.00,43696128,43696128,512
1479,1764562689.8799586,rsa_handshake,0.001080727|0.000385312,0.00,0.00,43696128,43696128,512
1480,1764562689.9301422,rsa_handshake,0.001069576|0.000275700,0.00,0.00,43696128,43696128,512
1481,1764562689.9840288,rsa_handshake,0.001344023|0.000525691,0.00,0.00,43696128,43696128,512
1482,1764562690.0369258,rsa_handshake,0.001001280|0.000318559,0.00,0.00,43696128,43696128,512
1483,1764562690.0896716,rsa_handshake,0.001086307|0.000361538,0.00,548.60,43696128,43696128,512
1484,1764562690.1444888,rsa_handshake,0.000868384|0.000173611,0.00,791.80,43696128,43696128,512
1485,1764562690.2000315,rsa_handshake,0.000304583|0.000050443,0.00,0.00,43696128,43696128,512
1486,1764562690.2583945,rsa_handshake,0.000468886|0.000053779,0.00,0.00,43696128,43696128,512
1487,1764562690.2901726,rsa_handshake,0.000538435|0.000106707,0.00,0.00,43696128,43696128,512
1488,1764562690.3598948,rsa_handshake,0.000272895|0.000044152,0.00,0.00,43696128,43696128,512
1489,1764562690.4046025,rsa_handshake,0.000654880|0.000170856,0.00,978.20,43696128,43696128,512
1490,1764562690.4275212,rsa_handshake,0.000582115|0.000083053,0.00,0.00,43696128,43696128,512
1491,1764562690.4861991,rsa_handshake,0.000803615|0.000218273,0.00,797.80,43696128,43696128,512
1492,1764562690.5394886,rsa_handshake,0.001058486|0.000363993,0.00,0.00,43696128,43696128,512
1493,1764562690.6188943,rsa_handshake,0.001549232|0.000170085,0.00,0.00,43696128,43696128,512
1494,1764562690.6776829,rsa_handshake,0.001126200|0.000326634,0.00,0.00,43696128,43696128,512
1495,1764562690.7685912,rsa_handshake,0.001299451|0.000433100,0.00,0.00,43696128,43696128,512
1496,1764562690.8508072,rsa_handshake,0.001550735|0.000292170,0.00,0.00,43696128,43696128,512
1497,1764562690.9857833,rsa_handshake,0.001095625|0.000344006,0.00,0.00,43696128,43696128,512
1498,1764562691.024763,rsa_handshake,0.000675478|0.000072604,0.00,0.00,43696128,43696128,512
1499,1764562691.0557106,rsa_handshake,0.000903299|0.000178239,0.00,0.00,43696128,43696128,512
1500,1764562691.0941558,rsa_handshake,0.000516845|0.000088914,0.00,0.00,43696128,43696128,512
1501,1764562691.1175704,rsa_handshake,0.000680758|0.000092911,0.00,0.00,43696128,43696128,512
1502,1764562691.1326246,rsa_handshake,0.000460010|0.000071311,0.00,0.00,43696128,43696128,512
1503,1764562691.165862,rsa_handshake,0.000285247|0.000073175,0.00,0.00,43696128,43696128,512
1504,1764562691.1850739,rsa_handshake,0.000414536|0.000098552,0.00,0.00,43696128,43696128,512
1505,1764562691.2051818,rsa_handshake,0.000832908|0.000109542,0.00,0.00,43696128,43696128,512
1506,1764562691.3091624,rsa_handshake,0.000541341|0.000101358,0.00,0.00,43696128,43696128,512
1507,1764562691.3432167,rsa_handshake,0.000669908|0.000143255,0.00,0.00,43696128,43696128,512
1508,1764562691.3792439,rsa_handshake,0.000675498|0.000172148,0.00,0.00,43696128,43696128,512
1509,1764562691.4480386,rsa_handshake,0.000711024|0.000072574,0.00,0.00,43696128,43696128,512
1510,1764562691.4793496,rsa_handshake,0.000567488|0.000099814,0.00,1249.60,43696128,43696128,512
1511,1764562691.5436335,rsa_handshake,0.000515553|0.000099604,0.00,0.00,43696128,43696128,512
1512,1764562691.5792568,rsa_handshake,0.000651053|0.000188568,0.00,0.00,43696128,43696128,512
1513,1764562691.6107192,rsa_handshake,0.000667103|0.000277092,0.00,0.00,43696128,43696128,512
1514,1764562691.7108161,rsa_handshake,0.001021898|0.000341241,0.00,0.00,43696128,43696128,512
1515,1764562691.781777,rsa_handshake,0.001170914|0.000379702,0.00,0.00,43696128,43696128,512
1516,1764562691.8527231,rsa_handshake,0.001019274|0.000299444,0.00,0.00,43696128,43696128,512
1517,1764562691.9455438,rsa_handshake,0.001271639|0.000402454,0.00,0.00,43696128,43696128,512
1518,1764562692.0146909,rsa_handshake,0.001270096|0.000497899,0.00,413.50,43696128,43696128,512
1519,1764562692.100211,rsa_handshake,0.001309410|0.000399528,0.00,493.10,43696128,43696128,512
1520,1764562692.1871843,rsa_handshake,0.001252484|0.000391083,0.00,496.70,43696128,43696128,512
1521,1764562692.2463145,rsa_handshake,0.001409393|0.000347572,0.00,0.00,43696128,43696128,512
1522,1764562692.2792213,rsa_handshake,0.000592885|0.000152081,0.00,0.00,43696128,43696128,512
1523,1764562692.3293056,rsa_handshake,0.000933835|0.000289104,0.00,0.00,43696128,43696128,512
1524,1764562692.414416,rsa_handshake,0.000457495|0.000071021,0.00,0.00,43696128,43696128,512
1525,1764562692.4271958,rsa_handshake,0.000491137|0.000105866,0.00,0.00,43696128,43696128,512
1526,1764562692.4672444,rsa_handshake,0.000500886|0.000120502,0.00,0.00,43696128,43696128,512
1527,1764562692.519288,rsa_handshake,0.000498391|0.000190401,0.00,0.00,43696128,43696128,512
1528,1764562692.6628263,rsa_handshake,0.001177415|0.000392185,0.00,0.00,43696128,43696128,512
1529,1764562692.734486,rsa_handshake,0.000920941|0.000288683,0.00,0.00,43696128,43696128,512
1530,1764562692.7730255,rsa_handshake,0.000749525|0.000209577,0.00,0.00,43696128,43696128,512
1531,1764562692.8880515,rsa_handshake,0.001161516|0.000403586,0.00,0.00,43696128,43696128,512
1532,1764562692.9544618,rsa_handshake,0.001030765|0.000339237,0.00,0.00,43696128,43696128,512
1533,1764562692.9880607,rsa_handshake,0.000367369|0.000190352,0.00,0.00,43696128,43696128,512
1534,1764562693.0269144,rsa_handshake,0.001115802|0.000300856,0.00,0.00,43696128,43696128,512
1535,1764562693.098117,rsa_handshake,0.000357851|0.000061012,0.00,0.00,43696128,43696128,512
1536,1764562693.1406982,rsa_handshake,0.000354075|0.000090838,0.00,0.00,43696128,43696128,512
1537,1764562693.1928873,rsa_handshake,0.001821235|0.000481209,0.00,0.00,43696128,43696128,512
1538,1764562693.2629216,rsa_handshake,0.001317645|0.000251765,0.00,0.00,43696128,43696128,512
1539,1764562693.310816,rsa_handshake,0.001272982|0.000346430,0.00,0.00,43696128,43696128,512
1540,1764562693.3465688,rsa_handshake,0.000683423|0.000216530,0.00,0.00,43696128,43696128,512
1541,1764562693.4109156,rsa_handshake,0.000370214|0.000146390,0.00,0.00,43696128,43696128,512
1542,1764562693.4505022,rsa_handshake,0.000958090|0.000396693,0.00,0.00,43696128,43696128,512
1543,1764562693.5012732,rsa_handshake,0.001040923|0.000573249,0.00,0.00,43696128,43696128,512
1544,1764562693.569904,rsa_handshake,0.000941470|0.000262235,0.00,0.00,43696128,43696128,512
1545,1764562693.6103082,rsa_handshake,0.000793306|0.000210860,0.00,0.00,43696128,43696128,512
1546,1764562693.638193,rsa_handshake,0.000673244|0.000086640,0.00,0.00,43696128,43696128,512
1547,1764562693.6880825,rsa_handshake,0.000973068|0.000238000,0.00,0.00,43696128,43696128,512
1548,1764562693.7241147,rsa_handshake,0.001015476|0.000322285,0.00,0.00,43696128,43696128,512
1549,1764562693.8180757,rsa_handshake,0.000964773|0.000271562,0.00,0.00,43696128,43696128,512
1550,1764562693.8463995,rsa_handshake,0.000808654|0.000154756,0.00,0.00,43696128,43696128,512
1551,1764562693.8735626,rsa_handshake,0.001075737|0.000367158,0.00,0.00,43696128,43696128,512
1552,1764562693.9239116,rsa_handshake,0.000443330|0.000082282,0.00,0.00,43696128,43696128,512
1553,1764562693.9704373,rsa_handshake,0.001460999|0.000427891,0.00,0.00,43696128,43696128,512
1554,1764562694.0257754,rsa_handshake,0.000830755|0.000224625,0.00,795.70,43696128,43696128,512
1555,1764562694.131888,rsa_handshake,0.000320292|0.000073756,0.00,0.00,43696128,43696128,512
1556,1764562694.1848826,rsa_handshake,0.000473104|0.000047939,0.00,0.00,43696128,43696128,512
1557,1764562694.2282252,rsa_handshake,0.000677912|0.000212622,0.00,0.00,43696128,43696128,512
1558,1764562694.292619,rsa_handshake,0.000520872|0.000093333,0.00,0.00,43696128,43696128,512
1559,1764562694.3136706,rsa_handshake,0.000687130|0.000164423,0.00,0.00,43696128,43696128,512
1560,1764562694.3632498,rsa_handshake,0.001008974|0.000289866,0.00,0.00,43696128,43696128,512
1561,1764562694.4070597,rsa_handshake,0.000830445|0.000194860,0.00,0.00,43696128,43696128,512
1562,1764562694.442386,rsa_handshake,0.000494654|0.000087191,0.00,0.00,43696128,43696128,512
1563,1764562694.4809923,rsa_handshake,0.000874977|0.000204047,0.00,0.00,43696128,43696128,512
1564,1764562694.5143342,rsa_handshake,0.000719400|0.000218674,0.00,0.00,43696128,43696128,512
1565,1764562694.5848064,rsa_handshake,0.000561838|0.000082342,0.00,0.00,43696128,43696128,512
1566,1764562694.6676316,rsa_handshake,0.000498541|0.000100907,0.00,0.00,43696128,43696128,512
1567,1764562694.6926522,rsa_handshake,0.000638830|0.000167600,0.00,0.00,43696128,43696128,512
1568,1764562694.7537549,rsa_handshake,0.000309271|0.000134969,0.00,0.00,43696128,43696128,512
1569,1764562694.839854,rsa_handshake,0.001045793|0.000049752,0.00,0.00,43696128,43696128,512
1570,1764562694.9046,rsa_handshake,0.000608614|0.000212192,0.00,0.00,43696128,43696128,512
1571,1764562694.9555569,rsa_handshake,0.000577197|0.000122797,0.00,0.00,43696128,43696128,512
1572,1764562695.0281587,rsa_handshake,0.000466743|0.000120723,0.00,0.00,43696128,43696128,512
1573,1764562695.0842495,rsa_handshake,0.000469838|0.000217782,0.00,0.00,43696128,43696128,512
1574,1764562695.2152517,rsa_handshake,0.001139785|0.000368250,0.00,946.60,43696128,43696128,512
1575,1764562695.3259523,rsa_handshake,0.001331670|0.000410548,0.00,479.50,43696128,43696128,512
1576,1764562695.3832972,rsa_handshake,0.001414113|0.000481018,0.00,441.40,43696128,43696128,512
1577,1764562695.4514327,rsa_handshake,0.000543033|0.000093412,0.00,0.00,43696128,43696128,512
1578,1764562695.5128171,rsa_handshake,0.001257514|0.000526934,0.00,0.00,43696128,43696128,512
1579,1764562695.6023858,rsa_handshake,0.001131581|0.000269017,0.00,0.00,43696128,43696128,512
1580,1764562695.6708255,rsa_handshake,0.000334478|0.000126424,0.00,0.00,43696128,43696128,512
1581,1764562695.782035,rsa_handshake,0.000981483|0.000309792,0.00,0.00,43696128,43696128,512
1582,1764562695.8299475,rsa_handshake,0.001071660|0.000297590,0.00,0.00,43696128,43696128,512
1583,1764562695.9139886,rsa_handshake,0.000909370|0.000223594,0.00,0.00,43696128,43696128,512
1584,1764562695.9771082,rsa_handshake,0.001057153|0.000307538,0.00,591.30,43696128,43696128,512
1585,1764562696.0473447,rsa_handshake,0.001090004|0.000268496,0.00,0.00,43696128,43696128,512
1586,1764562696.1019275,rsa_handshake,0.000961536|0.000288604,0.00,0.00,43696128,43696128,512
1587,1764562696.1445782,rsa_handshake,0.000285828|0.000051225,0.00,0.00,43696128,43696128,512
1588,1764562696.1729012,rsa_handshake,0.000488272|0.000090227,0.00,0.00,43696128,43696128,512
1589,1764562696.2070446,rsa_handshake,0.000815798|0.000192596,0.00,0.00,43696128,43696128,512
1590,1764562696.2593544,rsa_handshake,0.000942372|0.000235114,0.00,0.00,43696128,43696128,512
1591,1764562696.334599,rsa_handshake,0.000510263|0.000160577,0.00,1345.70,43696128,43696128,512
1592,1764562696.366268,rsa_handshake,0.000295175|0.000044994,0.00,0.00,43696128,43696128,512
1593,1764562696.3940837,rsa_handshake,0.000521233|0.000071712,0.00,0.00,43696128,43696128,512
1594,1764562696.428146,rsa_handshake,0.000277002|0.000043070,0.00,0.00,43696128,43696128,512
1595,1764562696.5094512,rsa_handshake,0.000742802|0.000168261,0.00,0.00,43696128,43696128,512
1596,1764562696.565195,rsa_handshake,0.000321574|0.000048940,0.00,0.00,43696128,43696128,512
1597,1764562696.6239383,rsa_handshake,0.001298479|0.000376175,0.00,418.40,43696128,43696128,512
1598,1764562696.6804388,rsa_handshake,0.001262853|0.000386083,0.00,0.00,43696128,43696128,512
1599,1764562696.7318447,rsa_handshake,0.001578496|0.000460331,0.00,0.00,43696128,43696128,512
1600,1764562696.7693257,rsa_handshake,0.000601842|0.000124830,0.00,0.00,43696128,43696128,512
1601,1764562696.874481,rsa_handshake,0.001623871|0.000247778,0.00,454.50,43696128,43696128,512
1602,1764562696.934543,rsa_handshake,0.000629714|0.000089695,0.00,0.00,43696128,43696128,512
1603,1764562697.0484357,rsa_handshake,0.001289022|0.000383709,0.00,504.10,43696128,43696128,512
1604,1764562697.1521647,rsa_handshake,0.001376203|0.000325271,0.00,479.40,43696128,43696128,512
1605,1764562697.2410939,rsa_handshake,0.000369142|0.000070981,0.00,0.00,43696128,43696128,512
1606,1764562697.2934093,rsa_handshake,0.000985311|0.000375063,0.00,0.00,43696128,43696128,512
1607,1764562697.3343542,rsa_handshake,0.000904641|0.000301146,0.00,0.00,43696128,43696128,512
1608,1764562697.3749845,rsa_handshake,0.000528897|0.000207694,0.00,0.00,43696128,43696128,512
1609,1764562697.4994023,rsa_handshake,0.000904280|0.000271442,0.00,0.00,43696128,43696128,512
1610,1764562697.552776,rsa_handshake,0.001155945|0.000446745,0.00,0.00,43696128,43696128,512
1611,1764562697.6416104,rsa_handshake,0.001048317|0.000281971,0.00,0.00,43696128,43696128,512
1612,1764562697.667222,rsa_handshake,0.000838680|0.000258929,0.00,0.00,43696128,43696128,512
1613,1764562697.6997626,rsa_handshake,0.000355877|0.000057386,0.00,0.00,43696128,43696128,512
1614,1764562697.7330499,rsa_handshake,0.000354756|0.000066633,0.00,0.00,43696128,43696128,512
1615,1764562697.7798293,rsa_handshake,0.001117494|0.000403625,0.00,506.80,43696128,43696128,512
1616,1764562697.8114479,rsa_handshake,0.000836145|0.000247828,0.00,0.00,43696128,43696128,512
1617,1764562697.8725805,rsa_handshake,0.000823701|0.000180433,0.00,0.00,43696128,43696128,512
1618,1764562697.9134443,rsa_handshake,0.000950577|0.000231448,0.00,0.00,43696128,43696128,512
1619,1764562697.956943,rsa_handshake,0.000865690|0.000313720,0.00,0.00,43696128,43696128,512
1620,1764562698.0166714,rsa_handshake,0.000390873|0.000070721,0.00,0.00,43696128,43696128,512
1621,1764562698.07353,rsa_handshake,0.000897308|0.000285177,0.00,710.00,43696128,43696128,512
1622,1764562698.2214959,rsa_handshake,0.001269024|0.000391834,0.00,0.00,43696128,43696128,512
1623,1764562698.3371322,rsa_handshake,0.000912957|0.000239372,0.00,0.00,43696128,43696128,512
1624,1764562698.3862016,rsa_handshake,0.000880507|0.000351639,0.00,0.00,43696128,43696128,512
1625,1764562698.439508,rsa_handshake,0.000959964|0.000301978,0.00,0.00,43696128,43696128,512
1626,1764562698.487348,rsa_handshake,0.001006319|0.000210619,0.00,0.00,43696128,43696128,512
1627,1764562698.570673,rsa_handshake,0.000570714|0.000187737,0.00,0.00,43696128,43696128,512
1628,1764562698.6287029,rsa_handshake,0.000938424|0.000198296,0.00,0.00,43696128,43696128,512
1629,1764562698.6662266,rsa_handshake,0.000923636|0.000233121,0.00,0.00,43696128,43696128,512
1630,1764562698.7353644,rsa_handshake,0.001159433|0.000369562,0.00,0.00,43696128,43696128,512
1631,1764562698.8287003,rsa_handshake,0.001115992|0.000385472,0.00,0.00,43696128,43696128,512
1632,1764562698.893626,rsa_handshake,0.001191201|0.000384831,0.00,0.00,43696128,43696128,512
1633,1764562698.9473922,rsa_handshake,0.001299782|0.000139939,0.00,0.00,43696128,43696128,512
1634,1764562699.0074115,rsa_handshake,0.000955696|0.000297630,0.00,0.00,43696128,43696128,512
1635,1764562699.0604746,rsa_handshake,0.000592154|0.000144257,0.00,0.00,43696128,43696128,512
1636,1764562699.1320436,rsa_handshake,0.001150305|0.000416720,0.00,0.00,43696128,43696128,512
1637,1764562699.178686,rsa_handshake,0.000964582|0.000096528,0.00,0.00,43696128,43696128,512
1638,1764562699.2329214,rsa_handshake,0.000843959|0.000222161,0.00,0.00,43696128,43696128,512
1639,1764562699.2882338,rsa_handshake,0.000388458|0.000073786,0.00,0.00,43696128,43696128,512
1640,1764562699.3447585,rsa_handshake,0.000568681|0.000108641,0.00,0.00,43696128,43696128,512
1641,1764562699.4010231,rsa_handshake,0.001251823|0.000423722,0.00,0.00,43696128,43696128,512
1642,1764562699.4439979,rsa_handshake,0.000959403|0.000281440,0.00,680.90,43696128,43696128,512
1643,1764562699.4746935,rsa_handshake,0.000624154|0.000144397,0.00,0.00,43696128,43696128,512
1644,1764562699.5257702,rsa_handshake,0.001273232|0.000371867,0.00,0.00,43696128,43696128,512
1645,1764562699.619004,rsa_handshake,0.001367676|0.000507909,0.00,0.00,43696128,43696128,512
1646,1764562699.664005,rsa_handshake,0.000418092|0.000079918,0.00,0.00,43696128,43696128,512
1647,1764562699.8248153,rsa_handshake,0.000377297|0.000085638,0.00,0.00,43696128,43696128,512
1648,1764562699.875324,rsa_handshake,0.001148813|0.000353103,0.00,0.00,43696128,43696128,512
1649,1764562700.0092394,rsa_handshake,0.001247565|0.000494634,0.00,390.80,43696128,43696128,512
1650,1764562700.0892262,rsa_handshake,0.001199487|0.000374282,0.00,0.00,43696128,43696128,512
1651,1764562700.1663592,rsa_handshake,0.001531650|0.000522095,0.00,0.00,43696128,43696128,512
1652,1764562700.235981,rsa_handshake,0.001679453|0.000681399,0.00,0.00,43696128,43696128,512
1653,1764562700.3875031,rsa_handshake,0.001297908|0.000396352,0.00,0.00,43696128,43696128,512
1654,1764562700.5166588,rsa_handshake,0.001273683|0.000414475,0.00,0.00,43696128,43696128,512
1655,1764562700.5741553,rsa_handshake,0.001263244|0.000416791,0.00,0.00,43696128,43696128,512
1656,1764562700.6188986,rsa_handshake,0.001233609|0.000251595,0.00,0.00,43696128,43696128,512
1657,1764562700.679004,rsa_handshake,0.001087629|0.000270880,0.00,0.00,43696128,43696128,512
1658,1764562700.7255905,rsa_handshake,0.001207411|0.000465289,0.00,0.00,43696128,43696128,512
1659,1764562700.832954,rsa_handshake,0.001218160|0.000436787,0.00,425.90,43696128,43696128,512
1660,1764562700.8772488,rsa_handshake,0.001387714|0.000367128,0.00,0.00,43696128,43696128,512
1661,1764562700.9412682,rsa_handshake,0.001048006|0.000458296,0.00,0.00,43696128,43696128,512
1662,1764562700.9968848,rsa_handshake,0.001722623|0.000711705,0.00,0.00,43696128,43696128,512
1663,1764562701.1270194,rsa_handshake,0.001233018|0.000390852,0.00,0.00,43696128,43696128,512
1664,1764562701.2375798,rsa_handshake,0.001238588|0.000489043,0.00,0.00,43696128,43696128,512
1665,1764562701.2805119,rsa_handshake,0.001554142|0.000309282,0.00,0.00,43696128,43696128,512
1666,1764562701.3423188,rsa_handshake,0.001326681|0.000377027,0.00,0.00,43696128,43696128,512
1667,1764562701.4246178,rsa_handshake,0.001120260|0.000371436,0.00,0.00,43696128,43696128,512
1668,1764562701.4776523,rsa_handshake,0.001031256|0.000455582,0.00,0.00,43696128,43696128,512
1669,1764562701.5463843,rsa_handshake,0.001241144|0.000368862,0.00,0.00,43696128,43696128,512
1670,1764562701.5853622,rsa_handshake,0.001997100|0.000576345,0.00,0.00,43696128,43696128,512
1671,1764562701.647545,rsa_handshake,0.001152390|0.000478083,0.00,0.00,43696128,43696128,512
1672,1764562701.764533,rsa_handshake,0.001233228|0.000317667,0.00,535.80,43696128,43696128,512
1673,1764562701.83014,rsa_handshake,0.001258355|0.000476470,0.00,0.00,43696128,43696128,512
1674,1764562701.8822129,rsa_handshake,0.001244629|0.000312377,0.00,513.30,43696128,43696128,512
1675,1764562701.948664,rsa_handshake,0.001933071|0.000736380,0.00,0.00,43696128,43696128,512
1676,1764562702.0458388,rsa_handshake,0.001256421|0.000408755,0.00,0.00,43696128,43696128,512
1677,1764562702.1222837,rsa_handshake,0.001487348|0.000431367,0.00,0.00,43696128,43696128,512
1678,1764562702.1939442,rsa_handshake,0.001042807|0.000429072,0.00,0.00,43696128,43696128,512
1679,1764562702.2575562,rsa_handshake,0.001131721|0.000438140,0.00,0.00,43696128,43696128,512
1680,1764562702.29876,rsa_handshake,0.001725749|0.000277252,0.00,0.00,43696128,43696128,512
1681,1764562702.3783004,rsa_handshake,0.000949795|0.000266282,0.00,654.40,43696128,43696128,512
1682,1764562702.4456656,rsa_handshake,0.001431455|0.000511025,0.00,0.00,43696128,43696128,512
1683,1764562702.5852334,rsa_handshake,0.001444830|0.000368060,0.00,0.00,43696128,43696128,512
1684,1764562702.6404014,rsa_handshake,0.001576944|0.000708449,0.00,0.00,43696128,43696128,512
1685,1764562702.7426736,rsa_handshake,0.001210887|0.000365165,0.00,0.00,43696128,43696128,512
1686,1764562702.7898297,rsa_handshake,0.001327102|0.000518799,0.00,0.00,43696128,43696128,512
1687,1764562702.847896,rsa_handshake,0.001518615|0.000637238,0.00,0.00,43696128,43696128,512
1688,1764562702.9004488,rsa_handshake,0.001194016|0.000432970,0.00,0.00,43696128,43696128,512
1689,1764562702.975773,rsa_handshake,0.001528894|0.000458767,0.00,411.60,43696128,43696128,512
1690,1764562703.0216002,rsa_handshake,0.001236725|0.000440484,0.00,0.00,43696128,43696128,512
1691,1764562703.0931883,rsa_handshake,0.001353651|0.000482652,0.00,413.30,43696128,43696128,512
1692,1764562703.1442876,rsa_handshake,0.001358350|0.000340860,0.00,0.00,43696128,43696128,512
1693,1764562703.2296896,rsa_handshake,0.001738061|0.000504352,0.00,0.00,43696128,43696128,512
1694,1764562703.2714586,rsa_handshake,0.001421036|0.000307828,0.00,0.00,43696128,43696128,512
1695,1764562703.3179955,rsa_handshake,0.001541828|0.000505434,0.00,407.70,43696128,43696128,512
1696,1764562703.4113998,rsa_handshake,0.001296806|0.000665159,0.00,390.20,43696128,43696128,512
1697,1764562703.5597506,rsa_handshake,0.001713295|0.000247738,0.00,425.90,43696128,43696128,512
1698,1764562703.6223078,rsa_handshake,0.001452153|0.000387215,0.00,0.00,43696128,43696128,512
1699,1764562703.6766436,rsa_handshake,0.001102327|0.000372909,0.00,0.00,43696128,43696128,512
1700,1764562703.7554445,rsa_handshake,0.001283171|0.000462174,0.00,0.00,43696128,43696128,512
1701,1764562703.8219602,rsa_handshake,0.001344153|0.000479426,0.00,0.00,43696128,43696128,512
1702,1764562703.8866086,rsa_handshake,0.001189808|0.000410899,0.00,0.00,43696128,43696128,512
1703,1764562703.993394,rsa_handshake,0.001300943|0.000349936,0.00,0.00,43696128,43696128,512
1704,1764562704.0779262,rsa_handshake,0.001159092|0.000527394,0.00,0.00,43696128,43696128,512
1705,1764562704.139554,rsa_handshake,0.001335808|0.000311276,0.00,0.00,43696128,43696128,512
1706,1764562704.2081847,rsa_handshake,0.001183647|0.000480908,0.00,0.00,43696128,43696128,512
1707,1764562704.2671466,rsa_handshake,0.001310442|0.000453668,0.00,0.00,43696128,43696128,512
1708,1764562704.3324728,rsa_handshake,0.002229640|0.000950577,0.00,226.90,43696128,43696128,512
1709,1764562704.3819003,rsa_handshake,0.001026276|0.000298401,0.00,0.00,43696128,43696128,512
1710,1764562704.431235,rsa_handshake,0.001623480|0.000425586,0.00,295.10,43696128,43696128,512
1711,1764562704.5216234,rsa_handshake,0.001546127|0.000527565,0.00,0.00,43696128,43696128,512
1712,1764562704.6504164,rsa_handshake,0.001707525|0.000658096,0.00,0.00,43696128,43696128,512
1713,1764562704.7423131,rsa_handshake,0.001302958|0.000548083,0.00,0.00,43696128,43696128,512
1714,1764562704.8186305,rsa_handshake,0.001334576|0.000477783,0.00,0.00,43696128,43696128,512
1715,1764562704.8866563,rsa_handshake,0.001343893|0.000395491,0.00,0.00,43696128,43696128,512
1716,1764562704.9414968,rsa_handshake,0.001252574|0.000474697,0.00,0.00,43696128,43696128,512
1717,1764562705.0033984,rsa_handshake,0.001244890|0.000383428,0.00,0.00,43696128,43696128,512
1718,1764562705.058694,rsa_handshake,0.000831717|0.000364874,0.00,0.00,43696128,43696128,512
1719,1764562705.1132777,rsa_handshake,0.001423920|0.000535829,0.00,0.00,43696128,43696128,512
1720,1764562705.167909,rsa_handshake,0.001095333|0.000359715,0.00,0.00,43696128,43696128,512
1721,1764562705.2161882,rsa_handshake,0.001210817|0.000165997,0.00,0.00,43696128,43696128,512
1722,1764562705.2654152,rsa_handshake,0.000367950|0.000080589,0.00,0.00,43696128,43696128,512
1723,1764562705.3190348,rsa_handshake,0.000805849|0.000314581,0.00,0.00,43696128,43696128,512
1724,1764562705.3575552,rsa_handshake,0.001171064|0.000883062,0.00,0.00,43696128,43696128,512
1725,1764562705.4835372,rsa_handshake,0.001533063|0.000412442,0.00,407.50,43696128,43696128,512
1726,1764562705.5867538,rsa_handshake,0.001386040|0.000448679,0.00,0.00,43696128,43696128,512
1727,1764562705.6680071,rsa_handshake,0.001380260|0.000764914,0.00,358.70,43696128,43696128,512
1728,1764562705.729676,rsa_handshake,0.001510571|0.000481389,0.00,288.40,43696128,43696128,512
1729,1764562705.8088272,rsa_handshake,0.002586889|0.000353082,0.00,0.00,43696128,43696128,512
1730,1764562705.887233,rsa_handshake,0.001564852|0.001163300,0.00,220.60,43696128,43696128,512
1731,1764562705.9401288,rsa_handshake,0.001456311|0.000375394,0.00,0.00,43696128,43696128,512
1732,1764562705.9957612,rsa_handshake,0.001242055|0.000517256,0.00,0.00,43696128,43696128,512
1733,1764562706.0342185,rsa_handshake,0.000388027|0.000081841,0.00,0.00,43696128,43696128,512
1734,1764562706.082252,rsa_handshake,0.001372085|0.000392885,0.00,0.00,43696128,43696128,512
1735,1764562706.1831837,rsa_handshake,0.001330859|0.000270320,0.00,479.60,43696128,43696128,512
1736,1764562706.2714698,rsa_handshake,0.001297617|0.000429023,0.00,0.00,43696128,43696128,512
1737,1764562706.362085,rsa_handshake,0.001474193|0.000524799,0.00,0.00,43696128,43696128,512
1738,1764562706.4451323,rsa_handshake,0.001326842|0.000422751,0.00,0.00,43696128,43696128,512
1739,1764562706.5044377,rsa_handshake,0.001351196|0.000671481,0.00,0.00,43696128,43696128,512
1740,1764562706.571745,rsa_handshake,0.001138072|0.000437438,0.00,0.00,43696128,43696128,512
1741,1764562706.6094844,rsa_handshake,0.001325098|0.000427741,0.00,0.00,43696128,43696128,512
1742,1764562706.7332087,rsa_handshake,0.001894560|0.000417822,0.00,0.00,43696128,43696128,512
1743,1764562706.7782593,rsa_handshake,0.001388175|0.000432258,0.00,0.00,43696128,43696128,512
1744,1764562706.8700676,rsa_handshake,0.001239600|0.000474356,0.00,498.70,43696128,43696128,512
1745,1764562706.9882889,rsa_handshake,0.000845573|0.000212422,0.00,0.00,43696128,43696128,512
1746,1764562707.056789,rsa_handshake,0.001360784|0.000445734,0.00,0.00,43696128,43696128,512
1747,1764562707.1346648,rsa_handshake,0.000827428|0.000456393,0.00,0.00,43696128,43696128,512
1748,1764562707.1839657,rsa_handshake,0.001222198|0.000429223,0.00,495.20,43696128,43696128,512
1749,1764562707.3239005,rsa_handshake,0.001315240|0.000301628,0.00,520.60,43696128,43696128,512
1750,1764562707.4065337,rsa_handshake,0.001221266|0.000396273,0.00,494.50,43696128,43696128,512
1751,1764562707.4587486,rsa_handshake,0.001126872|0.000492229,0.00,435.50,43696128,43696128,512
1752,1764562707.534186,rsa_handshake,0.001357969|0.000289044,0.00,0.00,43696128,43696128,512
1753,1764562707.5693512,rsa_handshake,0.001298679|0.000391574,0.00,502.90,43696128,43696128,512
1754,1764562707.6274905,rsa_handshake,0.001355124|0.000318588,0.00,0.00,43696128,43696128,512
1755,1764562707.734793,rsa_handshake,0.001113567|0.000409296,0.00,0.00,43696128,43696128,512
1756,1764562707.8328931,rsa_handshake,0.001325379|0.000355908,0.00,477.40,43696128,43696128,512
1757,1764562707.880405,rsa_handshake,0.001300763|0.000534858,0.00,441.30,43696128,43696128,512
1758,1764562707.9341762,rsa_handshake,0.001386652|0.000484014,0.00,0.00,43696128,43696128,512
1759,1764562707.9928496,rsa_handshake,0.001289382|0.000421018,0.00,0.00,43696128,43696128,512
1760,1764562708.0433114,rsa_handshake,0.001684984|0.000557580,0.00,0.00,43696128,43696128,512
1761,1764562708.131034,rsa_handshake,0.001950784|0.000250954,0.00,0.00,43696128,43696128,512
1762,1764562708.194367,rsa_handshake,0.001333614|0.000493282,0.00,0.00,43696128,43696128,512
1763,1764562708.312368,rsa_handshake,0.001121221|0.000309933,0.00,0.00,43696128,43696128,512
1764,1764562708.382652,rsa_handshake,0.001338543|0.000409126,0.00,0.00,43696128,43696128,512
1765,1764562708.5050745,rsa_handshake,0.000659499|0.000169413,0.00,0.00,43696128,43696128,512
1766,1764562708.5487268,rsa_handshake,0.001423810|0.000366046,0.00,0.00,43696128,43696128,512
1767,1764562708.600158,rsa_handshake,0.001571904|0.000528216,0.00,0.00,43696128,43696128,512
1768,1764562708.6481276,rsa_handshake,0.001258495|0.000483593,0.00,0.00,43696128,43696128,512
1769,1764562708.769367,rsa_handshake,0.002038046|0.000776194,0.00,0.00,43696128,43696128,512
1770,1764562708.8406785,rsa_handshake,0.000815616|0.001423289,0.00,288.70,43696128,43696128,512
1771,1764562708.9006042,rsa_handshake,0.001615936|0.000357631,0.00,0.00,43696128,43696128,512
1772,1764562708.9880822,rsa_handshake,0.000448368|0.000162911,0.00,1257.20,43696128,43696128,512
1773,1764562709.023884,rsa_handshake,0.001234712|0.000346660,0.00,0.00,43696128,43696128,512
1774,1764562709.0600812,rsa_handshake,0.001571243|0.000567148,0.00,0.00,43696128,43696128,512
1775,1764562709.1416178,rsa_handshake,0.001361836|0.000468826,0.00,0.00,43696128,43696128,512
1776,1764562709.1931438,rsa_handshake,0.000952250|0.000719569,0.00,0.00,43696128,43696128,512
1777,1764562709.4234135,rsa_handshake,0.001553751|0.000250142,0.00,0.00,43696128,43696128,512
1778,1764562709.5106835,rsa_handshake,0.001137121|0.000368060,0.00,0.00,43696128,43696128,512
1779,1764562709.5577314,rsa_handshake,0.001755854|0.000625355,0.00,322.00,43696128,43696128,512
1780,1764562709.6127915,rsa_handshake,0.001041324|0.000475689,0.00,0.00,43696128,43696128,512
1781,1764562709.7849698,rsa_handshake,0.001634920|0.000426408,0.00,392.70,43696128,43696128,512
1782,1764562709.851891,rsa_handshake,0.001507435|0.000481450,0.00,0.00,43696128,43696128,512
1783,1764562709.9129968,rsa_handshake,0.001477139|0.000514591,0.00,420.10,43696128,43696128,512
1784,1764562709.9884071,rsa_handshake,0.001260108|0.000386163,0.00,503.10,43696128,43696128,512
1785,1764562710.0730255,rsa_handshake,0.001461510|0.000832317,0.00,0.00,43696128,43696128,512
1786,1764562710.1415608,rsa_handshake,0.001399385|0.000378199,0.00,0.00,43696128,43696128,512
1787,1764562710.2796953,rsa_handshake,0.001309459|0.000423703,0.00,0.00,43696128,43696128,512
1788,1764562710.3517094,rsa_handshake,0.001525999|0.000458247,0.00,391.20,43696128,43696128,512
1789,1764562710.4592557,rsa_handshake,0.001292007|0.000538405,0.00,0.00,43696128,43696128,512
1790,1764562710.5828779,rsa_handshake,0.001194758|0.000327264,0.00,0.00,43696128,43696128,512
1791,1764562710.6764967,rsa_handshake,0.001445250|0.000461953,0.00,0.00,43696128,43696128,512
1792,1764562710.7549636,rsa_handshake,0.001510561|0.000492941,0.00,0.00,43696128,43696128,512
1793,1764562710.8225167,rsa_handshake,0.001793122|0.000216019,0.00,394.20,43696128,43696128,512
1794,1764562710.9110682,rsa_handshake,0.000832388|0.000367820,0.00,0.00,43696128,43696128,512
1795,1764562710.976375,rsa_handshake,0.002184616|0.000660660,0.00,0.00,43696128,43696128,512
1796,1764562711.0749166,rsa_handshake,0.001118707|0.000411680,0.00,0.00,43696128,43696128,512
1797,1764562711.168937,rsa_handshake,0.001335507|0.000483574,0.00,0.00,43696128,43696128,512
1798,1764562711.2427418,rsa_handshake,0.000428732|0.000183068,0.00,0.00,43696128,43696128,512
1799,1764562711.311944,rsa_handshake,0.001592623|0.000513098,0.00,0.00,43696128,43696128,512
1800,1764562711.377749,rsa_handshake,0.000624784|0.000229344,0.00,0.00,43696128,43696128,512
1801,1764562711.4325085,rsa_handshake,0.001313697|0.000448789,0.00,0.00,43696128,43696128,512
1802,1764562711.504268,rsa_handshake,0.001305853|0.000406632,0.00,0.00,43696128,43696128,512
1803,1764562711.5896032,rsa_handshake,0.000536121|0.000269879,0.00,0.00,43696128,43696128,512
1804,1764562711.6652136,rsa_handshake,0.001376493|0.000524049,0.00,0.00,43696128,43696128,512
1805,1764562711.7107632,rsa_handshake,0.001795888|0.000554054,0.00,0.00,43696128,43696128,512
1806,1764562711.7862244,rsa_handshake,0.001095083|0.000527825,0.00,0.00,43696128,43696128,512
1807,1764562711.8246133,rsa_handshake,0.001385831|0.000509311,0.00,0.00,43696128,43696128,512
1808,1764562711.8985398,rsa_handshake,0.001737510|0.000768750,0.00,282.30,43696128,43696128,512
1809,1764562711.9471986,rsa_handshake,0.001260769|0.000431037,0.00,0.00,43696128,43696128,512
1810,1764562711.9900353,rsa_handshake,0.000456494|0.000095998,0.00,0.00,43696128,43696128,512
1811,1764562712.0939791,rsa_handshake,0.001150556|0.000371616,0.00,508.70,43696128,43696128,512
1812,1764562712.1974466,rsa_handshake,0.001449278|0.000405419,0.00,0.00,43696128,43696128,512
1813,1764562712.2634664,rsa_handshake,0.001896043|0.000720061,0.00,0.00,43696128,43696128,512
1814,1764562712.3675964,rsa_handshake,0.001215195|0.000399548,0.00,0.00,43696128,43696128,512
1815,1764562712.4333668,rsa_handshake,0.001582343|0.000585982,0.00,0.00,43696128,43696128,512
1816,1764562712.5420697,rsa_handshake,0.001197883|0.000405409,0.00,0.00,43696128,43696128,512
1817,1764562712.625668,rsa_handshake,0.001322915|0.000469638,0.00,0.00,43696128,43696128,512
1818,1764562712.7226431,rsa_handshake,0.001380551|0.000515473,0.00,0.00,43696128,43696128,512
1819,1764562712.798636,rsa_handshake,0.001533143|0.000430695,0.00,0.00,43696128,43696128,512
1820,1764562712.855157,rsa_handshake,0.001321732|0.000434272,0.00,0.00,43696128,43696128,512
1821,1764562712.937999,rsa_handshake,0.001266490|0.000504702,0.00,0.00,43696128,43696128,512
1822,1764562712.9851866,rsa_handshake,0.000368822|0.000095126,0.00,0.00,43696128,43696128,512
1823,1764562713.0616527,rsa_handshake,0.001504130|0.000503750,0.00,588.00,43696128,43696128,512
1824,1764562713.169958,rsa_handshake,0.001224843|0.000469287,0.00,484.10,43696128,43696128,512
1825,1764562713.2403655,rsa_handshake,0.002299438|0.000499783,0.00,253.80,43696128,43696128,512
1826,1764562713.2993264,rsa_handshake,0.001113768|0.000301567,0.00,0.00,43696128,43696128,512
1827,1764562713.3454838,rsa_handshake,0.001290555|0.000486539,0.00,0.00,43696128,43696128,512
1828,1764562713.4112499,rsa_handshake,0.001273202|0.000458577,0.00,0.00,43696128,43696128,512
1829,1764562713.4870257,rsa_handshake,0.001285104|0.000458277,0.00,0.00,43696128,43696128,512
1830,1764562713.559675,rsa_handshake,0.001146318|0.000578739,0.00,0.00,43696128,43696128,512
1831,1764562713.6099517,rsa_handshake,0.001326782|0.000301768,0.00,0.00,43696128,43696128,512
1832,1764562713.6643574,rsa_handshake,0.001389848|0.000515422,0.00,0.00,43696128,43696128,512
1833,1764562713.739622,rsa_handshake,0.001275386|0.000464208,0.00,0.00,43696128,43696128,512
1834,1764562713.8015969,rsa_handshake,0.001227769|0.000426709,0.00,0.00,43696128,43696128,512
1835,1764562713.886743,rsa_handshake,0.001208823|0.000480268,0.00,0.00,43696128,43696128,512
1836,1764562713.9801745,rsa_handshake,0.001392152|0.000419916,0.00,0.00,43696128,43696128,512
1837,1764562714.0438242,rsa_handshake,0.001249769|0.000560295,0.00,0.00,43696128,43696128,512
1838,1764562714.0929658,rsa_handshake,0.001121702|0.000438039,0.00,0.00,43696128,43696128,512
1839,1764562714.1429915,rsa_handshake,0.001341288|0.000447757,0.00,0.00,43696128,43696128,512
1840,1764562714.184721,rsa_handshake,0.001182675|0.000534016,0.00,0.00,43696128,43696128,512
1841,1764562714.3545632,rsa_handshake,0.001397592|0.000374531,0.00,486.30,43696128,43696128,512
1842,1764562714.4027681,rsa_handshake,0.001174800|0.000407092,0.00,0.00,43696128,43696128,512
1843,1764562714.4624243,rsa_handshake,0.001274094|0.000512257,0.00,0.00,43696128,43696128,512
1844,1764562714.5212271,rsa_handshake,0.001375350|0.000417271,0.00,0.00,43696128,43696128,512
1845,1764562714.626298,rsa_handshake,0.001221637|0.000484104,0.00,392.20,43696128,43696128,512
1846,1764562714.7548172,rsa_handshake,0.001260308|0.000455120,0.00,0.00,43696128,43696128,512
1847,1764562714.8032935,rsa_handshake,0.001284353|0.000513939,0.00,0.00,43696128,43696128,512
1848,1764562714.8850203,rsa_handshake,0.001164432|0.000399728,0.00,0.00,43696128,43696128,512
1849,1764562714.9661257,rsa_handshake,0.001763207|0.001240151,0.00,278.90,43696128,43696128,512
1850,1764562715.0152476,rsa_handshake,0.000741160|0.000224154,0.00,0.00,43696128,43696128,512
1851,1764562715.1115832,rsa_handshake,0.001876187|0.000359645,0.00,350.10,43696128,43696128,512
1852,1764562715.236715,rsa_handshake,0.001226987|0.000431918,0.00,477.90,43696128,43696128,512
1853,1764562715.2895784,rsa_handshake,0.001216488|0.000475949,0.00,834.90,43696128,43696128,512
1854,1764562715.3405466,rsa_handshake,0.001231195|0.000401642,0.00,0.00,43696128,43696128,512
1855,1764562715.4169633,rsa_handshake,0.000511154|0.000485047,0.00,0.00,43696128,43696128,512
1856,1764562715.4802992,rsa_handshake,0.001290694|0.000445463,0.00,0.00,43696128,43696128,512
1857,1764562715.636779,rsa_handshake,0.001956866|0.000478534,0.00,0.00,43696128,43696128,512
1858,1764562715.692065,rsa_handshake,0.001256261|0.000546399,0.00,0.00,43696128,43696128,512
1859,1764562715.7953062,rsa_handshake,0.000960575|0.000358272,0.00,0.00,43696128,43696128,512
1860,1764562715.8279846,rsa_handshake,0.000659138|0.000281761,0.00,832.20,43696128,43696128,512
1861,1764562715.892497,rsa_handshake,0.001219613|0.000318018,0.00,0.00,43696128,43696128,512
1862,1764562715.9516244,rsa_handshake,0.001170392|0.000837587,0.00,408.60,43696128,43696128,512
1863,1764562716.073088,rsa_handshake,0.001157369|0.000497359,0.00,0.00,43696128,43696128,512
1864,1764562716.135029,rsa_handshake,0.001522834|0.000540448,0.00,0.00,43696128,43696128,512
1865,1764562716.21002,rsa_handshake,0.001216137|0.000352061,0.00,0.00,43696128,43696128,512
1866,1764562716.29304,rsa_handshake,0.001316252|0.000436586,0.00,431.10,43696128,43696128,512
1867,1764562716.4141095,rsa_handshake,0.001197021|0.000417781,0.00,0.00,43696128,43696128,512
1868,1764562716.4662287,rsa_handshake,0.001453254|0.000601531,0.00,0.00,43696128,43696128,512
1869,1764562716.542683,rsa_handshake,0.001307055|0.000435374,0.00,0.00,43696128,43696128,512
1870,1764562716.6555557,rsa_handshake,0.001057413|0.000373981,0.00,0.00,43696128,43696128,512
1871,1764562716.7488954,rsa_handshake,0.001447183|0.000449240,0.00,0.00,43696128,43696128,512
1872,1764562716.8080306,rsa_handshake,0.001029883|0.000409286,0.00,0.00,43696128,43696128,512
1873,1764562716.9023669,rsa_handshake,0.001179900|0.000291769,0.00,538.60,43696128,43696128,512
1874,1764562716.997081,rsa_handshake,0.001350715|0.000305945,0.00,0.00,43696128,43696128,512
1875,1764562717.1157837,rsa_handshake,0.001359392|0.000408855,0.00,0.00,43696128,43696128,512
1876,1764562717.2387178,rsa_handshake,0.000818552|0.000111445,0.00,0.00,43696128,43696128,512
1877,1764562717.298188,rsa_handshake,0.001392714|0.000550437,0.00,432.80,43696128,43696128,512
1878,1764562717.3953433,rsa_handshake,0.001360504|0.000431938,0.00,0.00,43696128,43696128,512
1879,1764562717.5398288,rsa_handshake,0.001697195|0.000526572,0.00,0.00,43696128,43696128,512
1880,1764562717.5913022,rsa_handshake,0.001094081|0.000265601,0.00,0.00,43696128,43696128,512
1881,1764562717.6337535,rsa_handshake,0.001334095|0.000462815,0.00,463.80,43696128,43696128,512
1882,1764562717.7170115,rsa_handshake,0.001339435|0.000440384,0.00,0.00,43696128,43696128,512
1883,1764562717.7841063,rsa_handshake,0.001381432|0.000385602,0.00,0.00,43696128,43696128,512
1884,1764562717.8677397,rsa_handshake,0.001215426|0.000508991,0.00,0.00,43696128,43696128,512
1885,1764562717.9452488,rsa_handshake,0.000456042|0.000267605,0.00,0.00,43696128,43696128,512
1886,1764562718.0062366,rsa_handshake,0.000637118|0.000158533,0.00,0.00,43696128,43696128,512
1887,1764562718.126903,rsa_handshake,0.000322175|0.000132435,0.00,1855.90,43696128,43696128,512
1888,1764562718.1689951,rsa_handshake,0.001002242|0.000347212,0.00,0.00,43696128,43696128,512
1889,1764562718.2281578,rsa_handshake,0.000830484|0.000233241,0.00,0.00,43696128,43696128,512
1890,1764562718.275761,rsa_handshake,0.001514247|0.000738785,0.00,0.00,43696128,43696128,512
1891,1764562718.3422174,rsa_handshake,0.001327202|0.000546179,0.00,0.00,43696128,43696128,512
1892,1764562718.39429,rsa_handshake,0.001030584|0.000349556,0.00,0.00,43696128,43696128,512
1893,1764562718.4811249,rsa_handshake,0.001509709|0.000505925,0.00,0.00,43696128,43696128,512
1894,1764562718.522224,rsa_handshake,0.001107145|0.000419575,0.00,0.00,43696128,43696128,512
1895,1764562718.5818672,rsa_handshake,0.001337761|0.000424304,0.00,0.00,43696128,43696128,512
1896,1764562718.6660779,rsa_handshake,0.001586601|0.000970533,0.00,0.00,43696128,43696128,512
1897,1764562718.7761889,rsa_handshake,0.001412059|0.000797082,0.00,369.20,43696128,43696128,512
1898,1764562718.8342988,rsa_handshake,0.001394707|0.000488924,0.00,0.00,43696128,43696128,512
1899,1764562718.9284303,rsa_handshake,0.000773679|0.000305014,0.00,0.00,43696128,43696128,512
1900,1764562718.9804392,rsa_handshake,0.001285816|0.000276461,0.00,0.00,43696128,43696128,512
1901,1764562719.04328,rsa_handshake,0.001992943|0.000153173,0.00,0.00,43696128,43696128,512
1902,1764562719.112591,rsa_handshake,0.001752899|0.000557320,0.00,339.10,43696128,43696128,512
1903,1764562719.1876166,rsa_handshake,0.001726960|0.000506636,0.00,376.20,43696128,43696128,512
1904,1764562719.244807,rsa_handshake,0.001292809|0.000357480,0.00,0.00,43696128,43696128,512
1905,1764562719.3768284,rsa_handshake,0.001128234|0.000418223,0.00,544.00,43696128,43696128,512
1906,1764562719.5477154,rsa_handshake,0.003385775|0.000647016,0.00,0.00,43696128,43696128,512
1907,1764562719.606688,rsa_handshake,0.001507465|0.000510633,0.00,403.80,43696128,43696128,512
1908,1764562719.6559386,rsa_handshake,0.000484215|0.000211110,0.00,0.00,43696128,43696128,512
1909,1764562719.7230835,rsa_handshake,0.001249919|0.000462905,0.00,0.00,43696128,43696128,512
1910,1764562719.8740578,rsa_handshake,0.001078652|0.000255853,0.00,0.00,43696128,43696128,512
1911,1764562719.9335144,rsa_handshake,0.000481710|0.000148274,0.00,0.00,43696128,43696128,512
1912,1764562719.9983954,rsa_handshake,0.001202762|0.000412132,0.00,531.10,43696128,43696128,512
1913,1764562720.0765142,rsa_handshake,0.000373941|0.000072494,0.00,0.00,43696128,43696128,512
1914,1764562720.1249738,rsa_handshake,0.001313336|0.000455141,0.00,452.80,43696128,43696128,512
1915,1764562720.1812315,rsa_handshake,0.001765372|0.000484886,0.00,0.00,43696128,43696128,512
1916,1764562720.2107763,rsa_handshake,0.000391383|0.000181285,0.00,0.00,43696128,43696128,512
1917,1764562720.2609246,rsa_handshake,0.001335478|0.000399198,0.00,0.00,43696128,43696128,512
1918,1764562720.3110569,rsa_handshake,0.001219223|0.000439412,0.00,0.00,43696128,43696128,512
1919,1764562720.3708425,rsa_handshake,0.000723236|0.000362580,0.00,711.80,43696128,43696128,512
1920,1764562720.4435918,rsa_handshake,0.000598876|0.000300706,0.00,897.20,43696128,43696128,512
1921,1764562720.5260565,rsa_handshake,0.001956926|0.000273545,0.00,0.00,43696128,43696128,512
1922,1764562720.5816927,rsa_handshake,0.001122514|0.000482481,0.00,508.90,43696128,43696128,512
1923,1764562720.656926,rsa_handshake,0.003105417|0.000587906,0.00,243.00,43696128,43696128,512
1924,1764562720.7279215,rsa_handshake,0.001410536|0.000511796,0.00,0.00,43696128,43696128,512
1925,1764562720.8111248,rsa_handshake,0.001108658|0.000337654,0.00,0.00,43696128,43696128,512
1926,1764562720.922352,rsa_handshake,0.002695610|0.000262885,0.00,0.00,43696128,43696128,512
1927,1764562721.0001113,rsa_handshake,0.001278393|0.000342924,0.00,0.00,43696128,43696128,512
1928,1764562721.147749,rsa_handshake,0.001429090|0.000414406,0.00,0.00,43696128,43696128,512
1929,1764562721.229945,rsa_handshake,0.001061791|0.000493271,0.00,0.00,43696128,43696128,512
1930,1764562721.2890508,rsa_handshake,0.002428778|0.001315340,0.00,192.10,43696128,43696128,512
1931,1764562721.4071295,rsa_handshake,0.000765355|0.000291699,0.00,733.80,43696128,43696128,512
1932,1764562721.4608612,rsa_handshake,0.001152429|0.000360557,0.00,515.60,43696128,43696128,512
1933,1764562721.5378985,rsa_handshake,0.001287910|0.000425516,0.00,508.20,43696128,43696128,512
1934,1764562721.5777812,rsa_handshake,0.001116803|0.000363642,0.00,0.00,43696128,43696128,512
1935,1764562721.6093504,rsa_handshake,0.001154153|0.000309372,0.00,0.00,43696128,43696128,512
1936,1764562721.6673265,rsa_handshake,0.001213172|0.000450592,0.00,495.20,43696128,43696128,512
1937,1764562721.7106328,rsa_handshake,0.001009305|0.000292490,0.00,0.00,43696128,43696128,512
1938,1764562721.784765,rsa_handshake,0.001838026|0.000703860,0.00,0.00,43696128,43696128,512
1939,1764562721.9151397,rsa_handshake,0.001063846|0.000251144,0.00,0.00,43696128,43696128,512
1940,1764562721.9931865,rsa_handshake,0.001287298|0.000427540,0.00,0.00,43696128,43696128,512
1941,1764562722.0558274,rsa_handshake,0.001136480|0.000420827,0.00,0.00,43696128,43696128,512
1942,1764562722.1102254,rsa_handshake,0.001538913|0.000535870,0.00,0.00,43696128,43696128,512
1943,1764562722.2866464,rsa_handshake,0.001061702|0.000436286,0.00,0.00,43696128,43696128,512
1944,1764562722.4006226,rsa_handshake,0.001234641|0.000438089,0.00,0.00,43696128,43696128,512
1945,1764562722.4547887,rsa_handshake,0.001231586|0.000499894,0.00,0.00,43696128,43696128,512
1946,1764562722.5048199,rsa_handshake,0.000597684|0.000238861,0.00,0.00,43696128,43696128,512
1947,1764562722.5435455,rsa_handshake,0.001261721|0.000475820,0.00,0.00,43696128,43696128,512
1948,1764562722.6247842,rsa_handshake,0.000990600|0.000146901,0.00,0.00,43696128,43696128,512
1949,1764562722.7373881,rsa_handshake,0.001057574|0.000321555,0.00,586.00,43696128,43696128,512
1950,1764562722.7819016,rsa_handshake,0.001345356|0.000363622,0.00,475.70,43696128,43696128,512
1951,1764562722.851795,rsa_handshake,0.001680244|0.000467725,0.00,0.00,43696128,43696128,512
1952,1764562722.8991325,rsa_handshake,0.001095515|0.000463196,0.00,0.00,43696128,43696128,512
1953,1764562722.9685843,rsa_handshake,0.001719197|0.000134369,0.00,0.00,43696128,43696128,512
1954,1764562723.0623648,rsa_handshake,0.000900724|0.000301286,0.00,0.00,43696128,43696128,512
1955,1764562723.1323953,rsa_handshake,0.001469475|0.000393817,0.00,0.00,43696128,43696128,512
1956,1764562723.2150087,rsa_handshake,0.001158942|0.000474907,0.00,0.00,43696128,43696128,512
1957,1764562723.2736452,rsa_handshake,0.001157569|0.000389229,0.00,0.00,43696128,43696128,512
1958,1764562723.3391616,rsa_handshake,0.001173208|0.000430896,0.00,0.00,43696128,43696128,512
1959,1764562723.3977702,rsa_handshake,0.001107867|0.000400460,0.00,555.10,43696128,43696128,512
1960,1764562723.4900885,rsa_handshake,0.000955345|0.000570745,0.00,533.30,43696128,43696128,512
1961,1764562723.5551867,rsa_handshake,0.001643336|0.000437869,0.00,0.00,43696128,43696128,512
1962,1764562723.620535,rsa_handshake,0.001269666|0.000417552,0.00,0.00,43696128,43696128,512
1963,1764562723.6472747,rsa_handshake,0.000360365|0.000075610,0.00,0.00,43696128,43696128,512
1964,1764562723.6908782,rsa_handshake,0.001553861|0.003184334,0.00,199.00,43696128,43696128,512
1965,1764562723.765757,rsa_handshake,0.001361306|0.000484094,0.00,0.00,43696128,43696128,512
1966,1764562723.8307576,rsa_handshake,0.001539143|0.000255171,0.00,465.40,43696128,43696128,512
1967,1764562723.8915274,rsa_handshake,0.001404305|0.000611179,0.00,0.00,43696128,43696128,512
1968,1764562723.9634595,rsa_handshake,0.001723304|0.000538515,0.00,365.90,43696128,43696128,512
1969,1764562724.0271282,rsa_handshake,0.001334766|0.000473885,0.00,0.00,43696128,43696128,512
1970,1764562724.106629,rsa_handshake,0.001339916|0.000447306,0.00,0.00,43696128,43696128,512
1971,1764562724.2325544,rsa_handshake,0.001470717|0.000404587,0.00,0.00,43696128,43696128,512
1972,1764562724.2840433,rsa_handshake,0.001396561|0.000400590,0.00,0.00,43696128,43696128,512
1973,1764562724.3617973,rsa_handshake,0.000610708|0.000330481,0.00,0.00,43696128,43696128,512
1974,1764562724.4184344,rsa_handshake,0.001513716|0.000698531,0.00,348.80,43696128,43696128,512
1975,1764562724.4803092,rsa_handshake,0.001367005|0.000573379,0.00,0.00,43696128,43696128,512
1976,1764562724.607826,rsa_handshake,0.001581823|0.000455001,0.00,0.00,43696128,43696128,512
1977,1764562724.6724176,rsa_handshake,0.001363469|0.000434443,0.00,447.50,43696128,43696128,512
1978,1764562724.7130327,rsa_handshake,0.001312204|0.000508720,0.00,456.10,43696128,43696128,512
1979,1764562724.7991269,rsa_handshake,0.001375671|0.000521263,0.00,893.30,43696128,43696128,512
1980,1764562724.890225,rsa_handshake,0.001389969|0.000570795,0.00,408.00,43696128,43696128,512
1981,1764562724.928129,rsa_handshake,0.000491288|0.000105826,0.00,0.00,43696128,43696128,512
1982,1764562725.1235754,rsa_handshake,0.001251483|0.000499493,0.00,0.00,43696128,43696128,512
1983,1764562725.1786137,rsa_handshake,0.001322403|0.000431307,0.00,442.30,43696128,43696128,512
1984,1764562725.2591739,rsa_handshake,0.001336459|0.000305234,0.00,0.00,43696128,43696128,512
1985,1764562725.301029,rsa_handshake,0.001891645|0.000202874,0.00,0.00,43696128,43696128,512
1986,1764562725.3555558,rsa_handshake,0.001377555|0.000451464,0.00,0.00,43696128,43696128,512
1987,1764562725.4244597,rsa_handshake,0.001552920|0.000452075,0.00,0.00,43696128,43696128,512
1988,1764562725.4883037,rsa_handshake,0.001381212|0.000745057,0.00,0.00,43696128,43696128,512
1989,1764562725.6065671,rsa_handshake,0.001654918|0.000511485,0.00,393.60,43696128,43696128,512
1990,1764562725.6543288,rsa_handshake,0.001381162|0.000559614,0.00,0.00,43696128,43696128,512
1991,1764562725.7285545,rsa_handshake,0.001368599|0.000625806,0.00,0.00,43696128,43696128,512
1992,1764562725.8046417,rsa_handshake,0.001261070|0.000484795,0.00,0.00,43696128,43696128,512
1993,1764562725.8598993,rsa_handshake,0.001382905|0.000454179,0.00,0.00,43696128,43696128,512
1994,1764562725.9613252,rsa_handshake,0.001204736|0.000384631,0.00,570.90,43696128,43696128,512
1995,1764562726.0255904,rsa_handshake,0.001617488|0.000579330,0.00,360.70,43696128,43696128,512
1996,1764562726.1041536,rsa_handshake,0.001225574|0.000466071,0.00,0.00,43696128,43696128,512
1997,1764562726.1802692,rsa_handshake,0.001396540|0.000439231,0.00,0.00,43696128,43696128,512
1998,1764562726.2733266,rsa_handshake,0.003103824|0.001224042,0.00,297.30,43696128,43696128,512
1999,1764562726.338862,rsa_handshake,0.001677550|0.000516003,0.00,0.00,43696128,43696128,512
2000,1764562726.4099474,rsa_handshake,0.001470517|0.000453057,0.00,0.00,43696128,43696128,512
2001,1764562726.4758503,rsa_handshake,0.000968158|0.000525320,0.00,0.00,43696128,43696128,512
2002,1764562726.5437393,rsa_handshake,0.001248316|0.000584119,0.00,0.00,43696128,43696128,512
2003,1764562726.6046999,rsa_handshake,0.001377034|0.000535429,0.00,0.00,43696128,43696128,512
2004,1764562726.719034,rsa_handshake,0.001185060|0.000313660,0.00,0.00,43696128,43696128,512
2005,1764562726.790802,rsa_handshake,0.001364460|0.000413444,0.00,0.00,43696128,43696128,512
2006,1764562726.8315315,rsa_handshake,0.001677369|0.000601923,0.00,364.10,43696128,43696128,512
2007,1764562726.9038477,rsa_handshake,0.000874616|0.000294584,0.00,0.00,43696128,43696128,512
2008,1764562726.9561427,rsa_handshake,0.001611437|0.000315052,0.00,0.00,43696128,43696128,512
2009,1764562726.999339,rsa_handshake,0.001148221|0.000373309,0.00,0.00,43696128,43696128,512
2010,1764562727.0385253,rsa_handshake,0.001247655|0.000396232,0.00,0.00,43696128,43696128,512
2011,1764562727.1044953,rsa_handshake,0.001245321|0.000348684,0.00,0.00,43696128,43696128,512
2012,1764562727.164802,rsa_handshake,0.001215255|0.000299974,0.00,0.00,43696128,43696128,512
2013,1764562727.2232938,rsa_handshake,0.001563939|0.000545218,0.00,0.00,43696128,43696128,512
2014,1764562727.2966514,rsa_handshake,0.001222057|0.000463045,0.00,0.00,43696128,43696128,512
2015,1764562727.3634982,rsa_handshake,0.001805967|0.000605118,0.00,0.00,43696128,43696128,512
2016,1764562727.4271338,rsa_handshake,0.001394336|0.000275880,0.00,0.00,43696128,43696128,512
2017,1764562727.525918,rsa_handshake,0.001866038|0.000213805,0.00,0.00,43696128,43696128,512
2018,1764562727.599591,rsa_handshake,0.002231873|0.001012020,0.00,0.00,43696128,43696128,512
2019,1764562727.674952,rsa_handshake,0.001479704|0.000345778,0.00,433.90,43696128,43696128,512
2020,1764562727.7474363,rsa_handshake,0.001229171|0.000383309,0.00,0.00,43696128,43696128,512
2021,1764562727.823238,rsa_handshake,0.001228830|0.000392976,0.00,0.00,43696128,43696128,512
2022,1764562727.8653972,rsa_handshake,0.000947571|0.000390692,0.00,0.00,43696128,43696128,512
2023,1764562728.006023,rsa_handshake,0.001503468|0.000578118,0.00,0.00,43696128,43696128,512
2024,1764562728.0754101,rsa_handshake,0.001370322|0.000498110,0.00,0.00,43696128,43696128,512
2025,1764562728.1600537,rsa_handshake,0.002836300|0.001891455,0.00,0.00,43696128,43696128,512
2026,1764562728.253658,rsa_handshake,0.001994556|0.001532892,0.00,213.00,43696128,43696128,512
2027,1764562728.3185382,rsa_handshake,0.001285735|0.000473304,0.00,0.00,43696128,43696128,512
2028,1764562728.3771427,rsa_handshake,0.001323275|0.000381254,0.00,501.10,43696128,43696128,512
2029,1764562728.4314415,rsa_handshake,0.001000689|0.000259109,0.00,0.00,43696128,43696128,512
2030,1764562728.4880834,rsa_handshake,0.001105543|0.000387015,0.00,0.00,43696128,43696128,512
2031,1764562728.5330749,rsa_handshake,0.000680697|0.000205440,0.00,0.00,43696128,43696128,512
2032,1764562728.6031995,rsa_handshake,0.001404345|0.000412632,0.00,0.00,43696128,43696128,512
2033,1764562728.6504865,rsa_handshake,0.001428139|0.000420647,0.00,429.20,43696128,43696128,512
2034,1764562728.6942728,rsa_handshake,0.001108027|0.000312157,0.00,0.00,43696128,43696128,512
2035,1764562728.753649,rsa_handshake,0.001201530|0.000455281,0.00,0.00,43696128,43696128,512
2036,1764562728.8302734,rsa_handshake,0.001353901|0.000440564,0.00,0.00,43696128,43696128,512
2037,1764562728.8871577,rsa_handshake,0.001024383|0.000328467,0.00,0.00,43696128,43696128,512
2038,1764562728.9787922,rsa_handshake,0.001230363|0.000382577,0.00,0.00,43696128,43696128,512
2039,1764562729.041736,rsa_handshake,0.001665837|0.000534908,0.00,0.00,43696128,43696128,512
2040,1764562729.11195,rsa_handshake,0.001241294|0.000515924,0.00,0.00,43696128,43696128,512
2041,1764562729.1819544,rsa_handshake,0.000410489|0.000088613,0.00,0.00,43696128,43696128,512
2042,1764562729.2286274,rsa_handshake,0.001299061|0.000407303,0.00,0.00,43696128,43696128,512
2043,1764562729.313157,rsa_handshake,0.001476458|0.000377657,0.00,0.00,43696128,43696128,512
2044,1764562729.3946085,rsa_handshake,0.001411879|0.000367719,0.00,0.00,43696128,43696128,512
2045,1764562729.4723103,rsa_handshake,0.001342189|0.000385262,0.00,480.50,43696128,43696128,512
2046,1764562729.5927703,rsa_handshake,0.001177425|0.000523016,0.00,0.00,43696128,43696128,512
2047,1764562729.6758456,rsa_handshake,0.000919058|0.000129650,0.00,0.00,43696128,43696128,512
2048,1764562729.7604225,rsa_handshake,0.001238838|0.000558362,0.00,0.00,43696128,43696128,512
2049,1764562729.8241293,rsa_handshake,0.001002853|0.000217943,0.00,0.00,43696128,43696128,512
2050,1764562729.918336,rsa_handshake,0.001410506|0.000384611,0.00,0.00,43696128,43696128,512
2051,1764562729.995487,rsa_handshake,0.001637495|0.000590180,0.00,373.60,43696128,43696128,512
2052,1764562730.0504904,rsa_handshake,0.001791159|0.000638941,0.00,0.00,43696128,43696128,512
2053,1764562730.1929107,rsa_handshake,0.004432218|0.000619134,0.00,0.00,43696128,43696128,512
2054,1764562730.261253,rsa_handshake,0.000530239|0.000163081,0.00,0.00,43696128,43696128,512
2055,1764562730.3284857,rsa_handshake,0.001423781|0.000422030,0.00,0.00,43696128,43696128,512
2056,1764562730.401613,rsa_handshake,0.001462762|0.000505584,0.00,280.20,43696128,43696128,512
2057,1764562730.4619505,rsa_handshake,0.000387446|0.000098753,0.00,0.00,43696128,43696128,512
2058,1764562730.551548,rsa_handshake,0.001316072|0.000386154,0.00,0.00,43696128,43696128,512
2059,1764562730.6395063,rsa_handshake,0.001380591|0.000527985,0.00,0.00,43696128,43696128,512
2060,1764562730.7346153,rsa_handshake,0.001639830|0.000591232,0.00,334.30,43696128,43696128,512
2061,1764562730.7985399,rsa_handshake,0.000437679|0.000229334,0.00,0.00,43696128,43696128,512
2062,1764562730.9371257,rsa_handshake,0.000463446|0.000097651,0.00,0.00,43696128,43696128,512
2063,1764562731.0824263,rsa_handshake,0.001476407|0.000531923,0.00,0.00,43696128,43696128,512
2064,1764562731.1551554,rsa_handshake,0.000403906|0.000094294,0.00,0.00,43696128,43696128,512
2065,1764562731.215126,rsa_handshake,0.000501476|0.000120843,0.00,0.00,43696128,43696128,512
2066,1764562731.3395174,rsa_handshake,0.000657795|0.000264439,0.00,0.00,43696128,43696128,512
2067,1764562731.4420137,rsa_handshake,0.001724346|0.000495085,0.00,0.00,43696128,43696128,512
2068,1764562731.605585,rsa_handshake,0.000493441|0.000098382,0.00,0.00,43696128,43696128,512
2069,1764562731.6723108,rsa_handshake,0.001444659|0.000748493,0.00,0.00,43696128,43696128,512
2070,1764562731.736768,rsa_handshake,0.001417288|0.000372428,0.00,0.00,43696128,43696128,512
2071,1764562731.8354526,rsa_handshake,0.001562928|0.000374502,0.00,0.00,43696128,43696128,512
2072,1764562731.9421082,rsa_handshake,0.001442264|0.000439352,0.00,429.00,43696128,43696128,512
2073,1764562732.0061622,rsa_handshake,0.001757638|0.000591733,0.00,0.00,43696128,43696128,512
2074,1764562732.0987475,rsa_handshake,0.001662983|0.000637598,0.00,0.00,43696128,43696128,512
2075,1764562732.1911163,rsa_handshake,0.001295734|0.000521464,0.00,0.00,43696128,43696128,512
2076,1764562732.2570355,rsa_handshake,0.001311543|0.000393286,0.00,0.00,43696128,43696128,512
2077,1764562732.2985942,rsa_handshake,0.001239450|0.000406751,0.00,0.00,43696128,43696128,512
2078,1764562732.3764408,rsa_handshake,0.001318726|0.000298522,0.00,467.60,43696128,43696128,512
2079,1764562732.4760008,rsa_handshake,0.001512514|0.000496347,0.00,0.00,43696128,43696128,512
2080,1764562732.6179671,rsa_handshake,0.001415816|0.000425786,0.00,0.00,43696128,43696128,512
2081,1764562732.6922293,rsa_handshake,0.001973627|0.000369232,0.00,345.10,43696128,43696128,512
2082,1764562732.746526,rsa_handshake,0.001897686|0.000780663,0.00,296.00,43696128,43696128,512
2083,1764562732.8605983,rsa_handshake,0.001634138|0.000610758,0.00,0.00,43696128,43696128,512
2084,1764562732.9275265,rsa_handshake,0.001406499|0.000425667,0.00,447.60,43696128,43696128,512
2085,1764562733.089712,rsa_handshake,0.001165844|0.000764954,0.00,0.00,43696128,43696128,512
2086,1764562733.1857893,rsa_handshake,0.001347440|0.000482251,0.00,407.80,43696128,43696128,512
2087,1764562733.2554586,rsa_handshake,0.001556086|0.000430796,0.00,0.00,43696128,43696128,512
2088,1764562733.3142614,rsa_handshake,0.001456390|0.000400319,0.00,0.00,43696128,43696128,512
2089,1764562733.381917,rsa_handshake,0.001667621|0.000468336,0.00,0.00,43696128,43696128,512
2090,1764562733.421437,rsa_handshake,0.001472981|0.000634582,0.00,0.00,43696128,43696128,512
2091,1764562733.4906566,rsa_handshake,0.001091507|0.000456344,0.00,0.00,43696128,43696128,512
2092,1764562733.5511165,rsa_handshake,0.001252845|0.000407883,0.00,0.00,43696128,43696128,512
2093,1764562733.6107676,rsa_handshake,0.001290074|0.000472703,0.00,0.00,43696128,43696128,512
2094,1764562733.693817,rsa_handshake,0.001469625|0.000443519,0.00,0.00,43696128,43696128,512
2095,1764562733.7721436,rsa_handshake,0.001333494|0.000442878,0.00,0.00,43696128,43696128,512
2096,1764562733.8584661,rsa_handshake,0.001214344|0.000181115,0.00,0.00,43696128,43696128,512
2097,1764562733.9502585,rsa_handshake,0.000610548|0.000311245,0.00,0.00,43696128,43696128,512
2098,1764562734.02153,rsa_handshake,0.001632086|0.000332835,0.00,0.00,43696128,43696128,512
2099,1764562734.083885,rsa_handshake,0.001349874|0.000627920,0.00,0.00,43696128,43696128,512
2100,1764562734.2533617,rsa_handshake,0.001582744|0.000463276,0.00,414.20,43696128,43696128,512
2101,1764562734.3166215,rsa_handshake,0.001623830|0.000581604,0.00,0.00,43696128,43696128,512
2102,1764562734.414332,rsa_handshake,0.001292678|0.000173521,0.00,564.20,43696128,43696128,512
2103,1764562734.6120808,rsa_handshake,0.001334316|0.000309812,0.00,397.30,43696128,43696128,512
2104,1764562734.6889422,rsa_handshake,0.000441045|0.000111306,0.00,0.00,43696128,43696128,512
2105,1764562734.7672355,rsa_handshake,0.001431925|0.000480618,0.00,0.00,43696128,43696128,512
2106,1764562734.8410354,rsa_handshake,0.001221487|0.000448309,0.00,446.50,43696128,43696128,512
2107,1764562734.9902546,rsa_handshake,0.001564380|0.000466622,0.00,0.00,43696128,43696128,512
2108,1764562735.1188643,rsa_handshake,0.001610806|0.000621368,0.00,0.00,43696128,43696128,512
2109,1764562735.254363,rsa_handshake,0.001525118|0.000643399,0.00,0.00,43696128,43696128,512
2110,1764562735.3027272,rsa_handshake,0.001144655|0.000428953,0.00,0.00,43696128,43696128,512
2111,1764562735.3954723,rsa_handshake,0.001229912|0.000406812,0.00,506.90,43696128,43696128,512
2112,1764562735.453602,rsa_handshake,0.001250340|0.000499032,0.00,481.00,43696128,43696128,512
2113,1764562735.5124,rsa_handshake,0.002454866|0.000262765,0.00,0.00,43696128,43696128,512
2114,1764562735.6196816,rsa_handshake,0.001412660|0.000450001,0.00,0.00,43696128,43696128,512
2115,1764562735.7248063,rsa_handshake,0.001175252|0.000495776,0.00,0.00,43696128,43696128,512
2116,1764562735.7738523,rsa_handshake,0.001583987|0.000487180,0.00,0.00,43696128,43696128,512
2117,1764562735.9040585,rsa_handshake,0.001569680|0.000622630,0.00,0.00,43696128,43696128,512
2118,1764562735.9491563,rsa_handshake,0.001289422|0.000598275,0.00,444.00,43696128,43696128,512
2119,1764562736.0053337,rsa_handshake,0.001358310|0.000432860,0.00,429.70,43696128,43696128,512
2120,1764562736.0704484,rsa_handshake,0.001663323|0.000751649,0.00,0.00,43696128,43696128,512
2121,1764562736.1462986,rsa_handshake,0.001372366|0.000425095,0.00,445.40,43696128,43696128,512
2122,1764562736.2001193,rsa_handshake,0.001525719|0.000415278,0.00,0.00,43696128,43696128,512
2123,1764562736.2620037,rsa_handshake,0.001337181|0.000493301,0.00,0.00,43696128,43696128,512
2124,1764562736.344556,rsa_handshake,0.001313467|0.000367980,0.00,0.00,43696128,43696128,512
2125,1764562736.423093,rsa_handshake,0.001569510|0.000477211,0.00,386.40,43696128,43696128,512
2126,1764562736.4807606,rsa_handshake,0.001422538|0.000454029,0.00,425.60,43696128,43696128,512
2127,1764562736.5336852,rsa_handshake,0.001548491|0.000511565,0.00,0.00,43696128,43696128,512
2128,1764562736.5796351,rsa_handshake,0.001422979|0.000502819,0.00,0.00,43696128,43696128,512
2129,1764562736.6489294,rsa_handshake,0.001291797|0.000547812,0.00,0.00,43696128,43696128,512
2130,1764562736.6998887,rsa_handshake,0.001101365|0.000430335,0.00,474.80,43696128,43696128,512
2131,1764562736.7521932,rsa_handshake,0.001392603|0.000264479,0.00,473.40,43696128,43696128,512
2132,1764562736.847994,rsa_handshake,0.001376694|0.000263877,0.00,0.00,43696128,43696128,512
2133,1764562737.0547965,rsa_handshake,0.001041584|0.000421047,0.00,516.30,43696128,43696128,512
2134,1764562737.1592937,rsa_handshake,0.001494761|0.000533015,0.00,0.00,43696128,43696128,512
2135,1764562737.3314252,rsa_handshake,0.001431726|0.000455882,0.00,0.00,43696128,43696128,512
2136,1764562737.383804,rsa_handshake,0.001497457|0.000391554,0.00,0.00,43696128,43696128,512
2137,1764562737.4353688,rsa_handshake,0.001212971|0.000459108,0.00,0.00,43696128,43696128,512
2138,1764562737.5465932,rsa_handshake,0.001287900|0.000556418,0.00,0.00,43696128,43696128,512
2139,1764562737.653527,rsa_handshake,0.001469384|0.000584711,0.00,0.00,43696128,43696128,512
2140,1764562737.7209873,rsa_handshake,0.001333303|0.000509651,0.00,0.00,43696128,43696128,512
2141,1764562737.8042514,rsa_handshake,0.001546387|0.000523376,0.00,0.00,43696128,43696128,512
2142,1764562737.865494,rsa_handshake,0.001256892|0.000336452,0.00,0.00,43696128,43696128,512
2143,1764562737.9188962,rsa_handshake,0.001137101|0.000380393,0.00,0.00,43696128,43696128,512
2144,1764562737.9686825,rsa_handshake,0.001290754|0.000454009,0.00,442.50,43696128,43696128,512
2145,1764562738.0386665,rsa_handshake,0.001551637|0.000183879,0.00,0.00,43696128,43696128,512
2146,1764562738.104755,rsa_handshake,0.001017400|0.000272353,0.00,0.00,43696128,43696128,512
2147,1764562738.1587646,rsa_handshake,0.001117966|0.000372018,0.00,0.00,43696128,43696128,512
2148,1764562738.2264318,rsa_handshake,0.000663156|0.000434192,0.00,0.00,43696128,43696128,512
2149,1764562738.261927,rsa_handshake,0.001277540|0.000387486,0.00,0.00,43696128,43696128,512
2150,1764562738.3058245,rsa_handshake,0.001007311|0.000276521,0.00,0.00,43696128,43696128,512
2151,1764562738.3641677,rsa_handshake,0.001265699|0.000344426,0.00,0.00,43696128,43696128,512
2152,1764562738.4447825,rsa_handshake,0.001207361|0.000436366,0.00,0.00,43696128,43696128,512
2153,1764562738.546276,rsa_handshake,0.000922244|0.000272243,0.00,663.80,43696128,43696128,512
2154,1764562738.6018112,rsa_handshake,0.001286607|0.000414155,0.00,504.80,43696128,43696128,512
2155,1764562738.7752578,rsa_handshake,0.001148672|0.000485147,0.00,0.00,43696128,43696128,512
2156,1764562738.868259,rsa_handshake,0.001322583|0.000454920,0.00,331.00,43696128,43696128,512
2157,1764562738.9046621,rsa_handshake,0.001032407|0.000362009,0.00,0.00,43696128,43696128,512
2158,1764562738.9705286,rsa_handshake,0.000419856|0.000285968,0.00,0.00,43696128,43696128,512
2159,1764562739.0172455,rsa_handshake,0.000497048|0.000087562,0.00,0.00,43696128,43696128,512
2160,1764562739.127987,rsa_handshake,0.001283000|0.000429824,0.00,0.00,43696128,43696128,512
2161,1764562739.2561107,rsa_handshake,0.001303508|0.000492220,0.00,0.00,43696128,43696128,512
2162,1764562739.3282416,rsa_handshake,0.000990450|0.002198572,0.00,0.00,43696128,43696128,512
2163,1764562739.4420018,rsa_handshake,0.000390201|0.000099444,0.00,0.00,43696128,43696128,512
2164,1764562739.551593,rsa_handshake,0.001017189|0.000605239,0.00,502.80,43696128,43696128,512
2165,1764562739.5956306,rsa_handshake,0.000457114|0.000110665,0.00,0.00,43696128,43696128,512
2166,1764562739.6808593,rsa_handshake,0.001401990|0.000629713,0.00,0.00,43696128,43696128,512
2167,1764562739.7546732,rsa_handshake,0.001055520|0.000325421,0.00,0.00,43696128,43696128,512
2168,1764562739.8381913,rsa_handshake,0.001199907|0.000294103,0.00,0.00,43696128,43696128,512
2169,1764562739.932902,rsa_handshake,0.001404074|0.000265240,0.00,0.00,43696128,43696128,512
2170,1764562739.9743657,rsa_handshake,0.001515130|0.000586634,0.00,0.00,43696128,43696128,512
2171,1764562740.0469134,rsa_handshake,0.001359462|0.000502128,0.00,380.80,43696128,43696128,512
2172,1764562740.1389856,rsa_handshake,0.001051032|0.000330580,0.00,601.30,43696128,43696128,512
2173,1764562740.2559366,rsa_handshake,0.001574199|0.000337123,0.00,0.00,43696128,43696128,512
2174,1764562740.3287308,rsa_handshake,0.001311523|0.000411240,0.00,0.00,43696128,43696128,512
2175,1764562740.3753781,rsa_handshake,0.000923807|0.000145238,0.00,759.00,43696128,43696128,512
2176,1764562740.415225,rsa_handshake,0.001010927|0.000279806,0.00,0.00,43696128,43696128,512
2177,1764562740.5173109,rsa_handshake,0.002092847|0.000228923,0.00,0.00,43696128,43696128,512
2178,1764562740.5913715,rsa_handshake,0.000859137|0.000224625,0.00,0.00,43696128,43696128,512
2179,1764562740.6337147,rsa_handshake,0.000975532|0.000320382,0.00,0.00,43696128,43696128,512
2180,1764562740.6808891,rsa_handshake,0.001064196|0.000445493,0.00,0.00,43696128,43696128,512
2181,1764562740.7173698,rsa_handshake,0.000945297|0.000232480,0.00,0.00,43696128,43696128,512
2182,1764562740.7779846,rsa_handshake,0.001240993|0.000118710,0.00,0.00,43696128,43696128,512
2183,1764562740.9376833,rsa_handshake,0.001301435|0.000276881,0.00,0.00,43696128,43696128,512
2184,1764562741.0139177,rsa_handshake,0.000955044|0.000338024,0.00,0.00,43696128,43696128,512
2185,1764562741.0787156,rsa_handshake,0.000941640|0.000553623,0.00,0.00,43696128,43696128,512
2186,1764562741.1171877,rsa_handshake,0.001037768|0.000373510,0.00,0.00,43696128,43696128,512
2187,1764562741.173153,rsa_handshake,0.001432838|0.000518268,0.00,0.00,43696128,43696128,512
2188,1764562741.2464738,rsa_handshake,0.001090475|0.000397665,0.00,0.00,43696128,43696128,512
2189,1764562741.3431947,rsa_handshake,0.001262002|0.000320743,0.00,0.00,43696128,43696128,512
2190,1764562741.39417,rsa_handshake,0.001417078|0.000402153,0.00,0.00,43696128,43696128,512
2191,1764562741.4390614,rsa_handshake,0.001243347|0.000367018,0.00,0.00,43696128,43696128,512
2192,1764562741.5157833,rsa_handshake,0.000347963|0.000071101,0.00,0.00,43696128,43696128,512
2193,1764562741.5634358,rsa_handshake,0.001759110|0.000388127,0.00,0.00,43696128,43696128,512
2194,1764562741.6609163,rsa_handshake,0.001169280|0.000475899,0.00,0.00,43696128,43696128,512
2195,1764562741.7729087,rsa_handshake,0.000946619|0.000184501,0.00,0.00,43696128,43696128,512
2196,1764562741.831567,rsa_handshake,0.001378958|0.000394569,0.00,0.00,43696128,43696128,512
2197,1764562741.8663957,rsa_handshake,0.000977826|0.000290957,0.00,0.00,43696128,43696128,512
2198,1764562741.9330826,rsa_handshake,0.000423082|0.000217242,0.00,0.00,43696128,43696128,512
2199,1764562742.0283675,rsa_handshake,0.000944665|0.000335199,0.00,0.00,43696128,43696128,512
2200,1764562742.0582764,rsa_handshake,0.000968149|0.000274326,0.00,0.00,43696128,43696128,512
2201,1764562742.1204882,rsa_handshake,0.001661068|0.000504402,0.00,0.00,43696128,43696128,512
2202,1764562742.1758974,rsa_handshake,0.001119729|0.000330200,0.00,0.00,43696128,43696128,512
2203,1764562742.2373621,rsa_handshake,0.000905012|0.000298722,0.00,0.00,43696128,43696128,512
2204,1764562742.3074203,rsa_handshake,0.000979640|0.000334027,0.00,0.00,43696128,43696128,512
2205,1764562742.3703632,rsa_handshake,0.001044701|0.000321284,0.00,631.80,43696128,43696128,512
2206,1764562742.4065468,rsa_handshake,0.000831827|0.000210429,0.00,0.00,43696128,43696128,512
2207,1764562742.457418,rsa_handshake,0.001043307|0.000293502,0.00,0.00,43696128,43696128,512
2208,1764562742.501659,rsa_handshake,0.000851203|0.000236908,0.00,0.00,43696128,43696128,512
2209,1764562742.5557845,rsa_handshake,0.001443587|0.000253078,0.00,0.00,43696128,43696128,512
2210,1764562742.6105597,rsa_handshake,0.000882730|0.000316845,0.00,0.00,43696128,43696128,512
2211,1764562742.682561,rsa_handshake,0.001014795|0.000290176,0.00,638.60,43696128,43696128,512
2212,1764562742.7865756,rsa_handshake,0.001240532|0.000323378,0.00,0.00,43696128,43696128,512
2213,1764562742.8405116,rsa_handshake,0.001477490|0.000499212,0.00,0.00,43696128,43696128,512
2214,1764562742.895701,rsa_handshake,0.001018953|0.000409847,0.00,0.00,43696128,43696128,512
2215,1764562742.967544,rsa_handshake,0.001105022|0.000408435,0.00,0.00,43696128,43696128,512
2216,1764562743.0765922,rsa_handshake,0.001379098|0.000373790,0.00,0.00,43696128,43696128,512
2217,1764562743.133163,rsa_handshake,0.000898199|0.000229093,0.00,783.70,43696128,43696128,512
2218,1764562743.1740792,rsa_handshake,0.000952950|0.000265992,0.00,723.80,43696128,43696128,512
2219,1764562743.236901,rsa_handshake,0.001182895|0.000472903,0.00,433.80,43696128,43696128,512
2220,1764562743.2852302,rsa_handshake,0.000921452|0.000193998,0.00,0.00,43696128,43696128,512
2221,1764562743.3442876,rsa_handshake,0.001357628|0.000481169,0.00,0.00,43696128,43696128,512
2222,1764562743.3916454,rsa_handshake,0.001033430|0.000266953,0.00,582.10,43696128,43696128,512
2223,1764562743.4762487,rsa_handshake,0.001314137|0.000322957,0.00,0.00,43696128,43696128,512
2224,1764562743.5296035,rsa_handshake,0.001186683|0.000305905,0.00,543.00,43696128,43696128,512
2225,1764562743.5982869,rsa_handshake,0.001258746|0.000454449,0.00,491.50,43696128,43696128,512
2226,1764562743.731384,rsa_handshake,0.001091196|0.000415938,0.00,577.60,43696128,43696128,512
2227,1764562743.795878,rsa_handshake,0.001536980|0.000515533,0.00,0.00,43696128,43696128,512
2228,1764562743.8809488,rsa_handshake,0.001098630|0.000411600,0.00,530.90,43696128,43696128,512
2229,1764562743.9191215,rsa_handshake,0.000890074|0.000271692,0.00,0.00,43696128,43696128,512
2230,1764562743.9748497,rsa_handshake,0.001005729|0.000310764,0.00,0.00,43696128,43696128,512
2231,1764562744.0189505,rsa_handshake,0.001189488|0.000392816,0.00,0.00,43696128,43696128,512
2232,1764562744.071062,rsa_handshake,0.001153662|0.000322255,0.00,542.60,43696128,43696128,512
2233,1764562744.114269,rsa_handshake,0.000938354|0.000275970,0.00,0.00,43696128,43696128,512
2234,1764562744.1716564,rsa_handshake,0.001147740|0.000408615,0.00,0.00,43696128,43696128,512
2235,1764562744.2332826,rsa_handshake,0.000936239|0.000259209,0.00,0.00,43696128,43696128,512
2236,1764562744.309715,rsa_handshake,0.001294071|0.000545577,0.00,0.00,43696128,43696128,512
2237,1764562744.369197,rsa_handshake,0.001161335|0.000248940,0.00,0.00,43696128,43696128,512
2238,1764562744.4305015,rsa_handshake,0.000887490|0.000234864,0.00,0.00,43696128,43696128,512
2239,1764562744.4836736,rsa_handshake,0.001174260|0.000413374,0.00,0.00,43696128,43696128,512
2240,1764562744.5475528,rsa_handshake,0.001199105|0.000468636,0.00,0.00,43696128,43696128,512
2241,1764562744.5829144,rsa_handshake,0.000996440|0.000166377,0.00,0.00,43696128,43696128,512
2242,1764562744.657456,rsa_handshake,0.001214914|0.000377217,0.00,0.00,43696128,43696128,512
2243,1764562744.7756042,rsa_handshake,0.001188576|0.000344997,0.00,0.00,43696128,43696128,512
2244,1764562744.8606796,rsa_handshake,0.000824543|0.000344236,0.00,0.00,43696128,43696128,512
2245,1764562744.9256332,rsa_handshake,0.001303919|0.000481149,0.00,0.00,43696128,43696128,512
2246,1764562745.0138655,rsa_handshake,0.001588305|0.000538224,0.00,373.40,43696128,43696128,512
2247,1764562745.1013713,rsa_handshake,0.001438548|0.000303391,0.00,475.50,43696128,43696128,512
2248,1764562745.2269619,rsa_handshake,0.001019384|0.000376536,0.00,0.00,43696128,43696128,512
2249,1764562745.3296652,rsa_handshake,0.000995459|0.000269928,0.00,0.00,43696128,43696128,512
2250,1764562745.4401126,rsa_handshake,0.000863435|0.000212252,0.00,0.00,43696128,43696128,512
2251,1764562745.5162318,rsa_handshake,0.000973589|0.000306236,0.00,0.00,43696128,43696128,512
2252,1764562745.59733,rsa_handshake,0.001193285|0.000213124,0.00,0.00,43696128,43696128,512
2253,1764562745.6850889,rsa_handshake,0.001212741|0.000338576,0.00,0.00,43696128,43696128,512
2254,1764562745.8466065,rsa_handshake,0.000829652|0.000325011,0.00,0.00,43696128,43696128,512
2255,1764562745.911225,rsa_handshake,0.001069967|0.000361127,0.00,0.00,43696128,43696128,512
2256,1764562746.0134254,rsa_handshake,0.001449928|0.000391142,0.00,0.00,43696128,43696128,512
2257,1764562746.0887616,rsa_handshake,0.001007722|0.000248379,0.00,0.00,43696128,43696128,512
2258,1764562746.144073,rsa_handshake,0.001469425|0.000469567,0.00,0.00,43696128,43696128,512
2259,1764562746.233523,rsa_handshake,0.001481687|0.000495245,0.00,0.00,43696128,43696128,512
2260,1764562746.3023193,rsa_handshake,0.001038489|0.000328026,0.00,0.00,43696128,43696128,512
2261,1764562746.3581696,rsa_handshake,0.001448786|0.000554705,0.00,384.40,43696128,43696128,512
2262,1764562746.4291918,rsa_handshake,0.001216117|0.000223363,0.00,0.00,43696128,43696128,512
2263,1764562746.5012407,rsa_handshake,0.000993435|0.000318709,0.00,653.10,43696128,43696128,512
2264,1764562746.5451746,rsa_handshake,0.001299450|0.000460701,0.00,0.00,43696128,43696128,512
2265,1764562746.645586,rsa_handshake,0.001089013|0.000389490,0.00,0.00,43696128,43696128,512
2266,1764562746.7412198,rsa_handshake,0.000934546|0.000277263,0.00,0.00,43696128,43696128,512
2267,1764562746.7924626,rsa_handshake,0.001090786|0.000432570,0.00,0.00,43696128,43696128,512
2268,1764562746.8801572,rsa_handshake,0.001335838|0.000363823,0.00,0.00,43696128,43696128,512
2269,1764562746.9567728,rsa_handshake,0.000857164|0.000336422,0.00,0.00,43696128,43696128,512
2270,1764562746.9992008,rsa_handshake,0.000945517|0.000270820,0.00,0.00,43696128,43696128,512
2271,1764562747.064217,rsa_handshake,0.001075036|0.000242388,0.00,0.00,43696128,43696128,512
2272,1764562747.1371326,rsa_handshake,0.001159884|0.000285698,0.00,0.00,43696128,43696128,512
2273,1764562747.2361314,rsa_handshake,0.001766373|0.000219075,0.00,0.00,43696128,43696128,512
2274,1764562747.3068347,rsa_handshake,0.000411771|0.000082162,0.00,0.00,43696128,43696128,512
2275,1764562747.3680875,rsa_handshake,0.001258856|0.000355697,0.00,0.00,43696128,43696128,512
2276,1764562747.4330292,rsa_handshake,0.000833941|0.000205249,0.00,0.00,43696128,43696128,512
2277,1764562747.4793665,rsa_handshake,0.000838620|0.000221429,0.00,0.00,43696128,43696128,512
2278,1764562747.5095804,rsa_handshake,0.000812922|0.000248530,0.00,0.00,43696128,43696128,512
2279,1764562747.5534832,rsa_handshake,0.000920360|0.000275889,0.00,0.00,43696128,43696128,512
2280,1764562747.6210318,rsa_handshake,0.000920982|0.000297790,0.00,0.00,43696128,43696128,512
2281,1764562747.7154655,rsa_handshake,0.001140166|0.000340779,0.00,0.00,43696128,43696128,512
2282,1764562747.7426674,rsa_handshake,0.001277531|0.000485918,0.00,0.00,43696128,43696128,512
2283,1764562747.8264198,rsa_handshake,0.000979750|0.000308490,0.00,649.70,43696128,43696128,512
2284,1764562747.931751,rsa_handshake,0.001116904|0.000353754,0.00,0.00,43696128,43696128,512
2285,1764562747.9619195,rsa_handshake,0.000767678|0.000242658,0.00,0.00,43696128,43696128,512
2286,1764562748.0756416,rsa_handshake,0.001099722|0.000317827,0.00,0.00,43696128,43696128,512
2287,1764562748.132243,rsa_handshake,0.001140006|0.000369413,0.00,0.00,43696128,43696128,512
2288,1764562748.215302,rsa_handshake,0.001108658|0.000357500,0.00,0.00,43696128,43696128,512
2289,1764562748.2629027,rsa_handshake,0.001324838|0.000569913,0.00,0.00,43696128,43696128,512
2290,1764562748.3385346,rsa_handshake,0.001441864|0.000390762,0.00,0.00,43696128,43696128,512
2291,1764562748.3941233,rsa_handshake,0.000896427|0.000264890,0.00,674.60,43696128,43696128,512
2292,1764562748.446006,rsa_handshake,0.000916213|0.000261503,0.00,0.00,43696128,43696128,512
2293,1764562748.4775417,rsa_handshake,0.000845903|0.000244131,0.00,0.00,43696128,43696128,512
2294,1764562748.5532005,rsa_handshake,0.001394536|0.000362600,0.00,461.60,43696128,43696128,512
2295,1764562748.6302676,rsa_handshake,0.001093720|0.000322967,0.00,590.20,43696128,43696128,512
2296,1764562748.7284262,rsa_handshake,0.000863316|0.000286079,0.00,0.00,43696128,43696128,512
2297,1764562748.8114247,rsa_handshake,0.000953943|0.000297971,0.00,0.00,43696128,43696128,512
2298,1764562748.89257,rsa_handshake,0.000602423|0.000306376,0.00,0.00,43696128,43696128,512
2299,1764562748.9453547,rsa_handshake,0.001050060|0.000348534,0.00,571.40,43696128,43696128,512
2300,1764562749.0541599,rsa_handshake,0.000502368|0.000210840,0.00,0.00,43696128,43696128,512
2301,1764562749.0978987,rsa_handshake,0.001147901|0.000464489,0.00,0.00,43696128,43696128,512
2302,1764562749.157406,rsa_handshake,0.001656741|0.000475559,0.00,295.10,43696128,43696128,512
2303,1764562749.2119608,rsa_handshake,0.001075798|0.000351108,0.00,600.80,43696128,43696128,512
2304,1764562749.250616,rsa_handshake,0.001191191|0.000270029,0.00,0.00,43696128,43696128,512
2305,1764562749.2904992,rsa_handshake,0.001437296|0.000166208,0.00,0.00,43696128,43696128,512
2306,1764562749.3748171,rsa_handshake,0.001312775|0.000365806,0.00,0.00,43696128,43696128,512
2307,1764562749.4875817,rsa_handshake,0.001021568|0.000303000,0.00,0.00,43696128,43696128,512
2308,1764562749.575382,rsa_handshake,0.000898340|0.000411730,0.00,0.00,43696128,43696128,512
2309,1764562749.6308498,rsa_handshake,0.001172957|0.000387115,0.00,0.00,43696128,43696128,512
2310,1764562749.6845932,rsa_handshake,0.001162147|0.000371497,0.00,0.00,43696128,43696128,512
2311,1764562749.7194507,rsa_handshake,0.000895484|0.000219606,0.00,0.00,43696128,43696128,512
2312,1764562749.8030343,rsa_handshake,0.000404818|0.000048299,0.00,0.00,43696128,43696128,512
2313,1764562749.876648,rsa_handshake,0.001152639|0.000323998,0.00,0.00,43696128,43696128,512
2314,1764562749.9159572,rsa_handshake,0.001000548|0.000297971,0.00,0.00,43696128,43696128,512
2315,1764562749.962447,rsa_handshake,0.000979580|0.000347622,0.00,0.00,43696128,43696128,512
2316,1764562750.0259347,rsa_handshake,0.000626398|0.000199760,0.00,1030.20,43696128,43696128,512
2317,1764562750.0545795,rsa_handshake,0.000861782|0.000194940,0.00,0.00,43696128,43696128,512
2318,1764562750.1083157,rsa_handshake,0.000869636|0.000102309,0.00,0.00,43696128,43696128,512
2319,1764562750.1396194,rsa_handshake,0.000942361|0.000208265,0.00,0.00,43696128,43696128,512
2320,1764562750.2708805,rsa_handshake,0.001193635|0.000367539,0.00,0.00,43696128,43696128,512
2321,1764562750.3386083,rsa_handshake,0.001156868|0.000387807,0.00,0.00,43696128,43696128,512
2322,1764562750.3832724,rsa_handshake,0.001011468|0.000325121,0.00,0.00,43696128,43696128,512
2323,1764562750.4488506,rsa_handshake,0.001284132|0.000449731,0.00,491.50,43696128,43696128,512
2324,1764562750.5082474,rsa_handshake,0.001491706|0.000758401,0.00,0.00,43696128,43696128,512
2325,1764562750.5885115,rsa_handshake,0.001386852|0.000499743,0.00,419.20,43696128,43696128,512
2326,1764562750.663703,rsa_handshake,0.001063785|0.000390682,0.00,553.20,43696128,43696128,512
2327,1764562750.8390558,rsa_handshake,0.001403794|0.000412432,0.00,451.40,43696128,43696128,512
2328,1764562750.9239726,rsa_handshake,0.000847356|0.000324610,0.00,0.00,43696128,43696128,512
2329,1764562750.9919405,rsa_handshake,0.001797972|0.001030223,0.00,218.70,43696128,43696128,512
2330,1764562751.042585,rsa_handshake,0.000719259|0.000309822,0.00,0.00,43696128,43696128,512
2331,1764562751.0896537,rsa_handshake,0.001083942|0.000380564,0.00,0.00,43696128,43696128,512
2332,1764562751.1845205,rsa_handshake,0.001062112|0.000357690,0.00,0.00,43696128,43696128,512
2333,1764562751.2291896,rsa_handshake,0.000818632|0.000283133,0.00,0.00,43696128,43696128,512
2334,1764562751.283819,rsa_handshake,0.001313867|0.000420798,0.00,0.00,43696128,43696128,512
2335,1764562751.340157,rsa_handshake,0.001053216|0.000338265,0.00,0.00,43696128,43696128,512
2336,1764562751.4284587,rsa_handshake,0.001201831|0.000371967,0.00,0.00,43696128,43696128,512
2337,1764562751.5181172,rsa_handshake,0.002060517|0.000604026,0.00,0.00,43696128,43696128,512
2338,1764562751.5977583,rsa_handshake,0.001431755|0.000231388,0.00,0.00,43696128,43696128,512
2339,1764562751.677361,rsa_handshake,0.001247094|0.000414846,0.00,0.00,43696128,43696128,512
2340,1764562751.7367384,rsa_handshake,0.001101355|0.000291028,0.00,0.00,43696128,43696128,512
2341,1764562751.7889137,rsa_handshake,0.001215115|0.000419385,0.00,0.00,43696128,43696128,512
2342,1764562751.8828523,rsa_handshake,0.001199617|0.000328647,0.00,0.00,43696128,43696128,512
2343,1764562751.993,rsa_handshake,0.001065358|0.000417842,0.00,0.00,43696128,43696128,512
2344,1764562752.104665,rsa_handshake,0.000844290|0.000288874,0.00,0.00,43696128,43696128,512
2345,1764562752.2106557,rsa_handshake,0.001262763|0.000234974,0.00,0.00,43696128,43696128,512
2346,1764562752.2550695,rsa_handshake,0.001265367|0.000383138,0.00,0.00,43696128,43696128,512
2347,1764562752.3534014,rsa_handshake,0.001200128|0.000370584,0.00,0.00,43696128,43696128,512
2348,1764562752.3889356,rsa_handshake,0.001081658|0.000387556,0.00,0.00,43696128,43696128,512
2349,1764562752.4341447,rsa_handshake,0.001308497|0.000496166,0.00,0.00,43696128,43696128,512
2350,1764562752.5011437,rsa_handshake,0.000931150|0.000275769,0.00,0.00,43696128,43696128,512
2351,1764562752.5469666,rsa_handshake,0.001479743|0.000323488,0.00,412.30,43696128,43696128,512
2352,1764562752.6006854,rsa_handshake,0.001034511|0.000497990,0.00,535.50,43696128,43696128,512
2353,1764562752.7174137,rsa_handshake,0.000953512|0.000254941,0.00,712.10,43696128,43696128,512
2354,1764562752.770605,rsa_handshake,0.000957760|0.000309672,0.00,0.00,43696128,43696128,512
2355,1764562752.8414938,rsa_handshake,0.001231425|0.000255232,0.00,0.00,43696128,43696128,512
2356,1764562752.8926582,rsa_handshake,0.000785681|0.000159094,0.00,0.00,43696128,43696128,512
2357,1764562752.9521632,rsa_handshake,0.000812772|0.000264028,0.00,0.00,43696128,43696128,512
2358,1764562752.9913285,rsa_handshake,0.001040252|0.000366307,0.00,0.00,43696128,43696128,512
2359,1764562753.0345778,rsa_handshake,0.001275647|0.000332955,0.00,0.00,43696128,43696128,512
2360,1764562753.1378005,rsa_handshake,0.000965053|0.000300375,0.00,0.00,43696128,43696128,512
2361,1764562753.2029004,rsa_handshake,0.001083873|0.000363080,0.00,0.00,43696128,43696128,512
2362,1764562753.2934046,rsa_handshake,0.001234732|0.000421859,0.00,502.10,43696128,43696128,512
2363,1764562753.364636,rsa_handshake,0.001093380|0.000566507,0.00,0.00,43696128,43696128,512
2364,1764562753.4162977,rsa_handshake,0.001141599|0.000461653,0.00,1070.90,43696128,43696128,512
2365,1764562753.4783893,rsa_handshake,0.001236284|0.000445984,0.00,0.00,43696128,43696128,512
2366,1764562753.561751,rsa_handshake,0.000786603|0.000377988,0.00,0.00,43696128,43696128,512
2367,1764562753.6092246,rsa_handshake,0.000804857|0.000201673,0.00,0.00,43696128,43696128,512
2368,1764562753.6504877,rsa_handshake,0.001154403|0.000485397,0.00,0.00,43696128,43696128,512
2369,1764562753.785252,rsa_handshake,0.000708759|0.000135110,0.00,0.00,43696128,43696128,512
2370,1764562753.8439107,rsa_handshake,0.000535589|0.000097871,0.00,0.00,43696128,43696128,512
2371,1764562753.867229,rsa_handshake,0.000424103|0.000049471,0.00,0.00,43696128,43696128,512
2372,1764562753.935584,rsa_handshake,0.000322256|0.000059780,0.00,0.00,43696128,43696128,512
2373,1764562753.9812946,rsa_handshake,0.000840774|0.000185472,0.00,0.00,43696128,43696128,512
2374,1764562754.0115955,rsa_handshake,0.000533817|0.000110754,0.00,0.00,43696128,43696128,512
2375,1764562754.0475707,rsa_handshake,0.000476681|0.000101868,0.00,0.00,43696128,43696128,512
2376,1764562754.0848484,rsa_handshake,0.000312468|0.000059581,0.00,2275.00,43696128,43696128,512
2377,1764562754.154238,rsa_handshake,0.000732554|0.000215438,0.00,0.00,43696128,43696128,512
2378,1764562754.196219,rsa_handshake,0.000587365|0.000134498,0.00,0.00,43696128,43696128,512
2379,1764562754.2274947,rsa_handshake,0.000991221|0.000320873,0.00,0.00,43696128,43696128,512
2380,1764562754.2665808,rsa_handshake,0.001283622|0.000543294,0.00,0.00,43696128,43696128,512
2381,1764562754.3252378,rsa_handshake,0.000992694|0.000359935,0.00,0.00,43696128,43696128,512
2382,1764562754.3675175,rsa_handshake,0.000364253|0.000150558,0.00,0.00,43696128,43696128,512
2383,1764562754.39902,rsa_handshake,0.001085986|0.000285788,0.00,0.00,43696128,43696128,512
2384,1764562754.448196,rsa_handshake,0.001331820|0.000349185,0.00,0.00,43696128,43696128,512
2385,1764562754.4913795,rsa_handshake,0.001077872|0.000296809,0.00,0.00,43696128,43696128,512
2386,1764562754.5527117,rsa_handshake,0.001147851|0.000416649,0.00,0.00,43696128,43696128,512
2387,1764562754.6185465,rsa_handshake,0.000900785|0.000301156,0.00,0.00,43696128,43696128,512
2388,1764562754.6547108,rsa_handshake,0.000985481|0.000375284,0.00,0.00,43696128,43696128,512
2389,1764562754.7397249,rsa_handshake,0.000878693|0.000345789,0.00,0.00,43696128,43696128,512
2390,1764562754.809848,rsa_handshake,0.001234630|0.000342373,0.00,0.00,43696128,43696128,512
2391,1764562754.8585858,rsa_handshake,0.000601090|0.000124230,0.00,0.00,43696128,43696128,512
2392,1764562754.9156604,rsa_handshake,0.000464368|0.000139397,0.00,0.00,43696128,43696128,512
2393,1764562754.9507596,rsa_handshake,0.000568951|0.000129249,0.00,0.00,43696128,43696128,512
2394,1764562754.9684846,rsa_handshake,0.000624995|0.000158723,0.00,0.00,43696128,43696128,512
2395,1764562755.0213027,rsa_handshake,0.000902909|0.000357792,0.00,0.00,43696128,43696128,512
2396,1764562755.0924294,rsa_handshake,0.000713057|0.000167900,0.00,0.00,43696128,43696128,512
2397,1764562755.1271012,rsa_handshake,0.000765375|0.000162300,0.00,0.00,43696128,43696128,512
2398,1764562755.1472194,rsa_handshake,0.000273696|0.000045354,0.00,0.00,43696128,43696128,512
2399,1764562755.202147,rsa_handshake,0.000917866|0.000418944,0.00,0.00,43696128,43696128,512
2400,1764562755.291301,rsa_handshake,0.000547872|0.000124110,0.00,0.00,43696128,43696128,512
2401,1764562755.329282,rsa_handshake,0.001085205|0.000047889,0.00,0.00,43696128,43696128,512
2402,1764562755.387672,rsa_handshake,0.000564163|0.000076110,0.00,0.00,43696128,43696128,512
2403,1764562755.489002,rsa_handshake,0.000292441|0.000049642,0.00,0.00,43696128,43696128,512
2404,1764562755.523643,rsa_handshake,0.000458176|0.000109823,0.00,0.00,43696128,43696128,512
2405,1764562755.599516,rsa_handshake,0.000537002|0.000104292,0.00,0.00,43696128,43696128,512
2406,1764562755.6732883,rsa_handshake,0.000571927|0.000119852,0.00,0.00,43696128,43696128,512
2407,1764562755.702959,rsa_handshake,0.000900634|0.000225947,0.00,0.00,43696128,43696128,512
2408,1764562755.7215803,rsa_handshake,0.000306496|0.000057746,0.00,0.00,43696128,43696128,512
2409,1764562755.7792635,rsa_handshake,0.000386995|0.000065110,0.00,0.00,43696128,43696128,512
2410,1764562755.8375216,rsa_handshake,0.000686578|0.000079557,0.00,0.00,43696128,43696128,512
2411,1764562755.8558638,rsa_handshake,0.000292230|0.000096007,0.00,0.00,43696128,43696128,512
2412,1764562755.8852718,rsa_handshake,0.000849670|0.000226769,0.00,0.00,43696128,43696128,512
2413,1764562755.9148207,rsa_handshake,0.000286089|0.000056003,0.00,0.00,43696128,43696128,512
2414,1764562755.9402423,rsa_handshake,0.000589529|0.000101307,0.00,0.00,43696128,43696128,512
2415,1764562755.9812236,rsa_handshake,0.000323237|0.000108070,0.00,0.00,43696128,43696128,512
2416,1764562756.031854,rsa_handshake,0.000603976|0.000111737,0.00,1155.00,43696128,43696128,512
2417,1764562756.0813773,rsa_handshake,0.000685126|0.000094865,0.00,0.00,43696128,43696128,512
2418,1764562756.155369,rsa_handshake,0.000334037|0.000054571,0.00,0.00,43696128,43696128,512
2419,1764562756.1893919,rsa_handshake,0.000581174|0.000076271,0.00,0.00,43696128,43696128,512
2420,1764562756.2133925,rsa_handshake,0.000274267|0.000044733,0.00,0.00,43696128,43696128,512
2421,1764562756.2721412,rsa_handshake,0.000345719|0.000059871,0.00,2084.40,43696128,43696128,512
2422,1764562756.315733,rsa_handshake,0.000531833|0.000093643,0.00,0.00,43696128,43696128,512
2423,1764562756.446099,rsa_handshake,0.000998184|0.000100205,0.00,0.00,43696128,43696128,512
2424,1764562756.6051202,rsa_handshake,0.000905372|0.000116134,0.00,0.00,43696128,43696128,512
2425,1764562756.6991332,rsa_handshake,0.000493151|0.000104783,0.00,0.00,43696128,43696128,512
2426,1764562756.761081,rsa_handshake,0.000818412|0.000155387,0.00,0.00,43696128,43696128,512
2427,1764562756.7978094,rsa_handshake,0.000289375|0.000059580,0.00,0.00,43696128,43696128,512
2428,1764562756.8278456,rsa_handshake,0.000747611|0.000179031,0.00,0.00,43696128,43696128,512
2429,1764562756.8576207,rsa_handshake,0.000521323|0.000107649,0.00,0.00,43696128,43696128,512
2430,1764562756.8957438,rsa_handshake,0.000613353|0.000073967,0.00,0.00,43696128,43696128,512
2431,1764562756.9114182,rsa_handshake,0.000470609|0.000080959,0.00,0.00,43696128,43696128,512
2432,1764562756.975635,rsa_handshake,0.000523527|0.000134789,0.00,0.00,43696128,43696128,512
2433,1764562757.0319588,rsa_handshake,0.000544857|0.000070561,0.00,0.00,43696128,43696128,512
2434,1764562757.1612513,rsa_handshake,0.000725200|0.000112969,0.00,0.00,43696128,43696128,512
2435,1764562757.2346537,rsa_handshake,0.000599959|0.000141952,0.00,0.00,43696128,43696128,512
2436,1764562757.2717693,rsa_handshake,0.000312497|0.000064980,0.00,0.00,43696128,43696128,512
2437,1764562757.3307693,rsa_handshake,0.000272955|0.000045003,0.00,0.00,43696128,43696128,512
2438,1764562757.3569238,rsa_handshake,0.000601792|0.000115383,0.00,0.00,43696128,43696128,512
2439,1764562757.3832293,rsa_handshake,0.000549085|0.000098372,0.00,0.00,43696128,43696128,512
2440,1764562757.409142,rsa_handshake,0.000549786|0.000146290,0.00,0.00,43696128,43696128,512
2441,1764562757.4323885,rsa_handshake,0.000538746|0.000110695,0.00,0.00,43696128,43696128,512
2442,1764562757.4578702,rsa_handshake,0.000485667|0.000101658,0.00,0.00,43696128,43696128,512
2443,1764562757.4906156,rsa_handshake,0.000479686|0.000093322,0.00,0.00,43696128,43696128,512
2444,1764562757.5519888,rsa_handshake,0.000899082|0.000200881,0.00,0.00,43696128,43696128,512
2445,1764562757.5810196,rsa_handshake,0.000338576|0.000126593,0.00,0.00,43696128,43696128,512
2446,1764562757.6110146,rsa_handshake,0.000445813|0.000067895,0.00,0.00,43696128,43696128,512
2447,1764562757.6593847,rsa_handshake,0.000661953|0.000181496,0.00,0.00,43696128,43696128,512
2448,1764562757.6930325,rsa_handshake,0.000425265|0.000091509,0.00,0.00,43696128,43696128,512
2449,1764562757.7239823,rsa_handshake,0.000543805|0.000089946,0.00,0.00,43696128,43696128,512
2450,1764562757.80145,rsa_handshake,0.000562419|0.000100766,0.00,0.00,43696128,43696128,512
2451,1764562757.84795,rsa_handshake,0.000492280|0.000102530,0.00,0.00,43696128,43696128,512
2452,1764562757.9111733,rsa_handshake,0.000755756|0.000129860,0.00,889.10,43696128,43696128,512
2453,1764562757.930032,rsa_handshake,0.000299162|0.000052196,0.00,0.00,43696128,43696128,512
2454,1764562758.0382605,rsa_handshake,0.000305033|0.000057316,0.00,0.00,43696128,43696128,512
2455,1764562758.0665228,rsa_handshake,0.000545598|0.000121264,0.00,0.00,43696128,43696128,512
2456,1764562758.0906324,rsa_handshake,0.000331232|0.000145599,0.00,0.00,43696128,43696128,512
2457,1764562758.1503344,rsa_handshake,0.000551088|0.000118649,0.00,0.00,43696128,43696128,512
2458,1764562758.1716242,rsa_handshake,0.000271241|0.000051315,0.00,0.00,43696128,43696128,512
2459,1764562758.2000806,rsa_handshake,0.000362861|0.000101407,0.00,0.00,43696128,43696128,512
2460,1764562758.2735922,rsa_handshake,0.000581575|0.000117187,0.00,1185.50,43696128,43696128,512
2461,1764562758.3071778,rsa_handshake,0.000538054|0.000117608,0.00,0.00,43696128,43696128,512
2462,1764562758.3384795,rsa_handshake,0.000438711|0.000050353,0.00,0.00,43696128,43696128,512
2463,1764562758.39442,rsa_handshake,0.000748433|0.000208395,0.00,0.00,43696128,43696128,512
2464,1764562758.4246316,rsa_handshake,0.000557880|0.000102500,0.00,0.00,43696128,43696128,512
2465,1764562758.4737716,rsa_handshake,0.000619565|0.000103221,0.00,0.00,43696128,43696128,512
2466,1764562758.5361993,rsa_handshake,0.000610237|0.000100165,0.00,0.00,43696128,43696128,512
2467,1764562758.5973256,rsa_handshake,0.000295716|0.000050874,0.00,0.00,43696128,43696128,512
2468,1764562758.650513,rsa_handshake,0.000425677|0.000119530,0.00,0.00,43696128,43696128,512
2469,1764562758.6792545,rsa_handshake,0.000817350|0.000214065,0.00,0.00,43696128,43696128,512
2470,1764562758.728876,rsa_handshake,0.000716454|0.000152462,0.00,0.00,43696128,43696128,512
2471,1764562758.7586133,rsa_handshake,0.000536431|0.000106527,0.00,1269.80,43696128,43696128,512
2472,1764562758.8051982,rsa_handshake,0.000638319|0.000071853,0.00,0.00,43696128,43696128,512
2473,1764562758.8470023,rsa_handshake,0.000284556|0.000048990,0.00,0.00,43696128,43696128,512
2474,1764562758.8794382,rsa_handshake,0.000430876|0.000051745,0.00,0.00,43696128,43696128,512
2475,1764562758.8959835,rsa_handshake,0.000505574|0.000056154,0.00,0.00,43696128,43696128,512
2476,1764562758.927702,rsa_handshake,0.000884885|0.000193428,0.00,778.20,43696128,43696128,512
2477,1764562758.9924777,rsa_handshake,0.000486900|0.000097530,0.00,0.00,43696128,43696128,512
2478,1764562759.0195992,rsa_handshake,0.000587715|0.000123468,0.00,0.00,43696128,43696128,512
2479,1764562759.0980835,rsa_handshake,0.000285046|0.000048690,0.00,0.00,43696128,43696128,512
2480,1764562759.1366994,rsa_handshake,0.000738675|0.000219877,0.00,0.00,43696128,43696128,512
2481,1764562759.1715431,rsa_handshake,0.000320422|0.000050984,0.00,0.00,43696128,43696128,512
2482,1764562759.1987767,rsa_handshake,0.000504462|0.000097390,0.00,1386.20,43696128,43696128,512
2483,1764562759.2242115,rsa_handshake,0.000502809|0.000089816,0.00,0.00,43696128,43696128,512
2484,1764562759.2628634,rsa_handshake,0.000300024|0.000053389,0.00,0.00,43696128,43696128,512
2485,1764562759.3135364,rsa_handshake,0.000281050|0.000046206,0.00,0.00,43696128,43696128,512
2486,1764562759.3553567,rsa_handshake,0.000298892|0.000049772,0.00,0.00,43696128,43696128,512
2487,1764562759.3888605,rsa_handshake,0.000281631|0.000045454,0.00,0.00,43696128,43696128,512
2488,1764562759.4139194,rsa_handshake,0.000289235|0.000089154,0.00,0.00,43696128,43696128,512
2489,1764562759.4801986,rsa_handshake,0.000346230|0.000054451,0.00,0.00,43696128,43696128,512
2490,1764562759.5153582,rsa_handshake,0.000493181|0.000096378,0.00,0.00,43696128,43696128,512
2491,1764562759.5650637,rsa_handshake,0.000301507|0.000068085,0.00,0.00,43696128,43696128,512
2492,1764562759.6074283,rsa_handshake,0.000480678|0.000099594,0.00,0.00,43696128,43696128,512
2493,1764562759.65516,rsa_handshake,0.000345428|0.000054771,0.00,0.00,43696128,43696128,512
2494,1764562759.7518597,rsa_handshake,0.000702047|0.000128658,0.00,0.00,43696128,43696128,512
2495,1764562759.7897003,rsa_handshake,0.000555426|0.000120503,0.00,0.00,43696128,43696128,512
2496,1764562759.9193792,rsa_handshake,0.000759593|0.000119952,0.00,0.00,43696128,43696128,512
2497,1764562759.9630291,rsa_handshake,0.000967618|0.000055783,0.00,0.00,43696128,43696128,512
2498,1764562760.012033,rsa_handshake,0.000862674|0.000204788,0.00,780.10,43696128,43696128,512
2499,1764562760.0307848,rsa_handshake,0.000278795|0.000069238,0.00,0.00,43696128,43696128,512
2500,1764562760.058358,rsa_handshake,0.000440023|0.000087652,0.00,0.00,43696128,43696128,512
2501,1764562760.0882354,rsa_handshake,0.000286580|0.000056174,0.00,0.00,43696128,43696128,512
2502,1764562760.1100037,rsa_handshake,0.000376476|0.000091349,0.00,0.00,43696128,43696128,512
2503,1764562760.1259205,rsa_handshake,0.000374452|0.000076120,0.00,0.00,43696128,43696128,512
2504,1764562760.1543067,rsa_handshake,0.000454560|0.000046876,0.00,0.00,43696128,43696128,512
2505,1764562760.2532392,rsa_handshake,0.000881078|0.000115524,0.00,806.60,43696128,43696128,512
2506,1764562760.3157947,rsa_handshake,0.000594118|0.000119020,0.00,0.00,43696128,43696128,512
2507,1764562760.42967,rsa_handshake,0.000319209|0.000053128,0.00,0.00,43696128,43696128,512
2508,1764562760.464429,rsa_handshake,0.000298802|0.000052307,0.00,0.00,43696128,43696128,512
2509,1764562760.5314674,rsa_handshake,0.000542713|0.000099364,0.00,0.00,43696128,43696128,512
2510,1764562760.5990565,rsa_handshake,0.000587746|0.000103902,0.00,0.00,43696128,43696128,512
2511,1764562760.6425288,rsa_handshake,0.000305094|0.000049442,0.00,0.00,43696128,43696128,512
2512,1764562760.6667624,rsa_handshake,0.000271251|0.000042699,0.00,0.00,43696128,43696128,512
2513,1764562760.6928368,rsa_handshake,0.000230727|0.000034093,0.00,0.00,43696128,43696128,512
2514,1764562760.7249892,rsa_handshake,0.000245183|0.000034885,0.00,0.00,43696128,43696128,512
2515,1764562760.7552822,rsa_handshake,0.000221319|0.000034954,0.00,0.00,43696128,43696128,512
2516,1764562760.8325613,rsa_handshake,0.000274748|0.000043380,0.00,0.00,43696128,43696128,512
2517,1764562760.8840759,rsa_handshake,0.000240624|0.000036447,0.00,0.00,43696128,43696128,512
2518,1764562760.971033,rsa_handshake,0.000566787|0.000084567,0.00,0.00,43696128,43696128,512
2519,1764562761.023928,rsa_handshake,0.000270590|0.000041858,0.00,0.00,43696128,43696128,512
2520,1764562761.1200428,rsa_handshake,0.000264188|0.000039994,0.00,2833.30,43696128,43696128,512
2521,1764562761.212315,rsa_handshake,0.000255943|0.000038822,0.00,0.00,43696128,43696128,512
2522,1764562761.2856398,rsa_handshake,0.000405089|0.000040966,0.00,0.00,43696128,43696128,512
2523,1764562761.3064353,rsa_handshake,0.000274156|0.000039193,0.00,0.00,43696128,43696128,512
2524,1764562761.388744,rsa_handshake,0.000555747|0.000046516,0.00,0.00,43696128,43696128,512
2525,1764562761.4269707,rsa_handshake,0.000616589|0.000093583,0.00,0.00,43696128,43696128,512
2526,1764562761.4829352,rsa_handshake,0.000421659|0.000065481,0.00,0.00,43696128,43696128,512
2527,1764562761.5424726,rsa_handshake,0.000342633|0.000040074,0.00,0.00,43696128,43696128,512
2528,1764562761.56694,rsa_handshake,0.000278875|0.000048609,0.00,2618.00,43696128,43696128,512
2529,1764562761.6015334,rsa_handshake,0.000788697|0.000069308,0.00,0.00,43696128,43696128,512
2530,1764562761.6227007,rsa_handshake,0.000290627|0.000047728,0.00,0.00,43696128,43696128,512
2531,1764562761.6519146,rsa_handshake,0.000287260|0.000043710,0.00,0.00,43696128,43696128,512
2532,1764562761.678187,rsa_handshake,0.000297429|0.000043490,0.00,0.00,43696128,43696128,512
2533,1764562761.7174165,rsa_handshake,0.000286148|0.000044442,0.00,0.00,43696128,43696128,512
2534,1764562761.7635324,rsa_handshake,0.000279006|0.000042889,0.00,0.00,43696128,43696128,512
2535,1764562761.815639,rsa_handshake,0.000307137|0.000052778,0.00,0.00,43696128,43696128,512
2536,1764562761.8487744,rsa_handshake,0.000310794|0.000045123,0.00,0.00,43696128,43696128,512
2537,1764562761.869087,rsa_handshake,0.000303421|0.000041527,0.00,0.00,43696128,43696128,512
2538,1764562761.9182625,rsa_handshake,0.000278084|0.000043120,0.00,0.00,43696128,43696128,512
2539,1764562761.9771147,rsa_handshake,0.000299273|0.000045183,0.00,0.00,43696128,43696128,512
2540,1764562762.041027,rsa_handshake,0.000318508|0.000044792,0.00,0.00,43696128,43696128,512
2541,1764562762.085039,rsa_handshake,0.000292681|0.000044071,0.00,0.00,43696128,43696128,512
2542,1764562762.13459,rsa_handshake,0.000283003|0.000041316,0.00,0.00,43696128,43696128,512
2543,1764562762.1760051,rsa_handshake,0.000282101|0.000042990,0.00,0.00,43696128,43696128,512
2544,1764562762.2316427,rsa_handshake,0.000289355|0.000045855,0.00,0.00,43696128,43696128,512
2545,1764562762.287784,rsa_handshake,0.000265490|0.000040535,0.00,0.00,43696128,43696128,512
2546,1764562762.3678553,rsa_handshake,0.000270891|0.000041978,0.00,0.00,43696128,43696128,512
2547,1764562762.4193366,rsa_handshake,0.000299593|0.000061203,0.00,0.00,43696128,43696128,512
2548,1764562762.4584343,rsa_handshake,0.000289525|0.000043982,0.00,0.00,43696128,43696128,512
2549,1764562762.477163,rsa_handshake,0.000408315|0.000053118,0.00,0.00,43696128,43696128,512
2550,1764562762.5216658,rsa_handshake,0.000291588|0.000045203,0.00,0.00,43696128,43696128,512
2551,1764562762.547638,rsa_handshake,0.000317447|0.000056434,0.00,0.00,43696128,43696128,512
2552,1764562762.5882173,rsa_handshake,0.000311867|0.000048790,0.00,0.00,43696128,43696128,512
2553,1764562762.6339302,rsa_handshake,0.000318830|0.000050233,0.00,0.00,43696128,43696128,512
2554,1764562762.650302,rsa_handshake,0.000310875|0.000047387,0.00,0.00,43696128,43696128,512
2555,1764562762.681769,rsa_handshake,0.000333988|0.000051185,0.00,0.00,43696128,43696128,512
2556,1764562762.6964958,rsa_handshake,0.000305584|0.000052677,0.00,0.00,43696128,43696128,512
2557,1764562762.7878788,rsa_handshake,0.000521042|0.000077794,0.00,0.00,43696128,43696128,512
2558,1764562762.8495662,rsa_handshake,0.000310373|0.000053830,0.00,0.00,43696128,43696128,512
2559,1764562762.89888,rsa_handshake,0.000292190|0.000047287,0.00,2526.10,43696128,43696128,512
2560,1764562762.9234152,rsa_handshake,0.000272304|0.000044773,0.00,0.00,43696128,43696128,512
2561,1764562763.009371,rsa_handshake,0.000612261|0.000057587,0.00,0.00,43696128,43696128,512
2562,1764562763.0674508,rsa_handshake,0.000261312|0.000040545,0.00,0.00,43696128,43696128,512
2563,1764562763.107939,rsa_handshake,0.000289415|0.000045214,0.00,0.00,43696128,43696128,512
2564,1764562763.151922,rsa_handshake,0.000344316|0.000052858,0.00,0.00,43696128,43696128,512
2565,1764562763.1707559,rsa_handshake,0.000264699|0.000039694,0.00,0.00,43696128,43696128,512
2566,1764562763.1923668,rsa_handshake,0.000255111|0.000039412,0.00,0.00,43696128,43696128,512
2567,1764562763.2197022,rsa_handshake,0.000247707|0.000037489,0.00,0.00,43696128,43696128,512
2568,1764562763.2861245,rsa_handshake,0.000280218|0.000037660,0.00,0.00,43696128,43696128,512
2569,1764562763.3061094,rsa_handshake,0.000253478|0.000052197,0.00,0.00,43696128,43696128,512
2570,1764562763.326747,rsa_handshake,0.000242568|0.000036277,0.00,0.00,43696128,43696128,512
2571,1764562763.3607464,rsa_handshake,0.000323868|0.000053559,0.00,0.00,43696128,43696128,512
2572,1764562763.424901,rsa_handshake,0.000329679|0.000051265,0.00,0.00,43696128,43696128,512
2573,1764562763.4756603,rsa_handshake,0.000333346|0.000050243,0.00,0.00,43696128,43696128,512
2574,1764562763.5285223,rsa_handshake,0.000333205|0.000051515,0.00,0.00,43696128,43696128,512
2575,1764562763.5779934,rsa_handshake,0.000341110|0.000045985,0.00,0.00,43696128,43696128,512
2576,1764562763.6506333,rsa_handshake,0.000467093|0.000070380,0.00,0.00,43696128,43696128,512
2577,1764562763.683372,rsa_handshake,0.000276381|0.000041627,0.00,0.00,43696128,43696128,512
2578,1764562763.7011497,rsa_handshake,0.000396713|0.000048369,0.00,0.00,43696128,43696128,512
2579,1764562763.7606843,rsa_handshake,0.000267665|0.000041767,0.00,0.00,43696128,43696128,512
2580,1764562763.7937968,rsa_handshake,0.000271912|0.000043751,0.00,0.00,43696128,43696128,512
2581,1764562763.862416,rsa_handshake,0.000265681|0.000041967,0.00,0.00,43696128,43696128,512
2582,1764562763.8735693,rsa_handshake,0.000267034|0.000042549,0.00,0.00,43696128,43696128,512
2583,1764562763.9103491,rsa_handshake,0.000286920|0.000039072,0.00,0.00,43696128,43696128,512
2584,1764562763.9431155,rsa_handshake,0.000289405|0.000043481,0.00,0.00,43696128,43696128,512
2585,1764562763.981344,rsa_handshake,0.000274507|0.000047498,0.00,0.00,43696128,43696128,512
2586,1764562764.0277948,rsa_handshake,0.000294374|0.000047488,0.00,0.00,43696128,43696128,512
2587,1764562764.0657966,rsa_handshake,0.000347652|0.000060202,0.00,0.00,43696128,43696128,512
2588,1764562764.0902214,rsa_handshake,0.000345248|0.000053780,0.00,0.00,43696128,43696128,512
2589,1764562764.151737,rsa_handshake,0.000333526|0.000048219,0.00,0.00,43696128,43696128,512
2590,1764562764.2419658,rsa_handshake,0.000383268|0.000079727,0.00,0.00,43696128,43696128,512
2591,1764562764.3140738,rsa_handshake,0.000339447|0.000053970,0.00,0.00,43696128,43696128,512
2592,1764562764.3470325,rsa_handshake,0.000347482|0.000052407,0.00,0.00,43696128,43696128,512
2593,1764562764.4371715,rsa_handshake,0.000586885|0.000043130,0.00,0.00,43696128,43696128,512
2594,1764562764.4731753,rsa_handshake,0.000316605|0.000044592,0.00,0.00,43696128,43696128,512
2595,1764562764.5012598,rsa_handshake,0.000284485|0.000042318,0.00,0.00,43696128,43696128,512
2596,1764562764.546086,rsa_handshake,0.000274036|0.000061323,0.00,0.00,43696128,43696128,512
2597,1764562764.5983417,rsa_handshake,0.000280308|0.000047458,0.00,0.00,43696128,43696128,512
2598,1764562764.634538,rsa_handshake,0.000282732|0.000042188,0.00,0.00,43696128,43696128,512
2599,1764562764.6584606,rsa_handshake,0.000304233|0.000047037,0.00,0.00,43696128,43696128,512
2600,1764562764.6811907,rsa_handshake,0.000334719|0.000060843,0.00,0.00,43696128,43696128,512
2601,1764562764.7153075,rsa_handshake,0.000339767|0.000062095,0.00,0.00,43696128,43696128,512
2602,1764562764.7706032,rsa_handshake,0.000312096|0.000047568,0.00,0.00,43696128,43696128,512
2603,1764562764.7995412,rsa_handshake,0.000358733|0.000055202,0.00,0.00,43696128,43696128,512
2604,1764562764.8557818,rsa_handshake,0.000324510|0.000056113,0.00,0.00,43696128,43696128,512
2605,1764562764.9085941,rsa_handshake,0.000311545|0.000048440,0.00,0.00,43696128,43696128,512
2606,1764562764.9506385,rsa_handshake,0.000327165|0.000051084,0.00,0.00,43696128,43696128,512
2607,1764562764.9956977,rsa_handshake,0.000295957|0.000050854,0.00,0.00,43696128,43696128,512
2608,1764562765.0177085,rsa_handshake,0.000290437|0.000044823,0.00,0.00,43696128,43696128,512
2609,1764562765.0373614,rsa_handshake,0.000283373|0.000045814,0.00,0.00,43696128,43696128,512
2610,1764562765.0673394,rsa_handshake,0.000305635|0.000042509,0.00,2462.70,43696128,43696128,512
2611,1764562765.1321433,rsa_handshake,0.000285036|0.000048189,0.00,0.00,43696128,43696128,512
2612,1764562765.1880667,rsa_handshake,0.000269077|0.000040585,0.00,0.00,43696128,43696128,512
2613,1764562765.2132313,rsa_handshake,0.000275439|0.000042949,0.00,0.00,43696128,43696128,512
2614,1764562765.246736,rsa_handshake,0.000263797|0.000041196,0.00,0.00,43696128,43696128,512
2615,1764562765.2980545,rsa_handshake,0.000303570|0.000052888,0.00,0.00,43696128,43696128,512
2616,1764562765.3397918,rsa_handshake,0.000315433|0.000045624,0.00,0.00,43696128,43696128,512
2617,1764562765.4285727,rsa_handshake,0.000292119|0.000044733,0.00,0.00,43696128,43696128,512
2618,1764562765.5031044,rsa_handshake,0.000311696|0.000049852,0.00,2380.30,43696128,43696128,512
2619,1764562765.6027074,rsa_handshake,0.000318188|0.000049020,0.00,0.00,43696128,43696128,512
2620,1764562765.6720214,rsa_handshake,0.000339377|0.000050534,0.00,0.00,43696128,43696128,512
2621,1764562765.7291331,rsa_handshake,0.000294093|0.000047547,0.00,0.00,43696128,43696128,512
2622,1764562765.7572944,rsa_handshake,0.000340860|0.000055863,0.00,0.00,43696128,43696128,512
2623,1764562765.7863955,rsa_handshake,0.000269879|0.000042018,0.00,0.00,43696128,43696128,512
2624,1764562765.8153937,rsa_handshake,0.000527304|0.000092601,0.00,1312.10,43696128,43696128,512
2625,1764562765.8645372,rsa_handshake,0.000532644|0.000042168,0.00,0.00,43696128,43696128,512
2626,1764562765.9263728,rsa_handshake,0.000281240|0.000043691,0.00,0.00,43696128,43696128,512
2627,1764562766.0462902,rsa_handshake,0.000338866|0.000052016,0.00,0.00,43696128,43696128,512
2628,1764562766.1450183,rsa_handshake,0.000286509|0.000042990,0.00,0.00,43696128,43696128,512
2629,1764562766.1600738,rsa_handshake,0.000275319|0.000039754,0.00,0.00,43696128,43696128,512
2630,1764562766.1986177,rsa_handshake,0.000294605|0.000050764,0.00,0.00,43696128,43696128,512
2631,1764562766.231753,rsa_handshake,0.000293583|0.000044873,0.00,0.00,43696128,43696128,512
2632,1764562766.2784534,rsa_handshake,0.000260412|0.000039924,0.00,0.00,43696128,43696128,512
2633,1764562766.3186276,rsa_handshake,0.000277462|0.000043420,0.00,0.00,43696128,43696128,512
2634,1764562766.3487186,rsa_handshake,0.000330240|0.000052376,0.00,0.00,43696128,43696128,512
2635,1764562766.373645,rsa_handshake,0.000317086|0.000052838,0.00,0.00,43696128,43696128,512
2636,1764562766.4144368,rsa_handshake,0.000309562|0.000057156,0.00,0.00,43696128,43696128,512
2637,1764562766.4495156,rsa_handshake,0.000330731|0.000059711,0.00,0.00,43696128,43696128,512
2638,1764562766.4720867,rsa_handshake,0.000532424|0.000072003,0.00,0.00,43696128,43696128,512
2639,1764562766.5005276,rsa_handshake,0.000320392|0.000057246,0.00,0.00,43696128,43696128,512
2640,1764562766.5606225,rsa_handshake,0.000471862|0.000072303,0.00,0.00,43696128,43696128,512
2641,1764562766.5904608,rsa_handshake,0.000367579|0.000067003,0.00,0.00,43696128,43696128,512
2642,1764562766.628364,rsa_handshake,0.000382066|0.000075900,0.00,0.00,43696128,43696128,512
2643,1764562766.6723864,rsa_handshake,0.000598406|0.000088113,0.00,0.00,43696128,43696128,512
2644,1764562766.686817,rsa_handshake,0.000459129|0.000051946,0.00,0.00,43696128,43696128,512
2645,1764562766.729169,rsa_handshake,0.000325150|0.000050804,0.00,0.00,43696128,43696128,512
2646,1764562766.818414,rsa_handshake,0.000466041|0.000070170,0.00,0.00,43696128,43696128,512
2647,1764562766.8357623,rsa_handshake,0.000294174|0.000040194,0.00,0.00,43696128,43696128,512
2648,1764562766.8720574,rsa_handshake,0.000290417|0.000058619,0.00,0.00,43696128,43696128,512
2649,1764562766.8968818,rsa_handshake,0.000429744|0.000049772,0.00,0.00,43696128,43696128,512
2650,1764562766.933721,rsa_handshake,0.000267745|0.000040946,0.00,0.00,43696128,43696128,512
2651,1764562766.981493,rsa_handshake,0.000280368|0.000048189,0.00,0.00,43696128,43696128,512
2652,1764562767.0162416,rsa_handshake,0.000291980|0.000045845,0.00,0.00,43696128,43696128,512
2653,1764562767.0497603,rsa_handshake,0.000332585|0.000052547,0.00,0.00,43696128,43696128,512
2654,1764562767.0752633,rsa_handshake,0.000322055|0.000048099,0.00,0.00,43696128,43696128,512
2655,1764562767.108871,rsa_handshake,0.000335570|0.000053188,0.00,0.00,43696128,43696128,512
2656,1764562767.1866295,rsa_handshake,0.000304924|0.000046777,0.00,0.00,43696128,43696128,512
2657,1764562767.24055,rsa_handshake,0.000674146|0.000058949,0.00,0.00,43696128,43696128,512
2658,1764562767.3390841,rsa_handshake,0.000308911|0.000051144,0.00,0.00,43696128,43696128,512
2659,1764562767.3635685,rsa_handshake,0.000367028|0.000044983,0.00,1989.00,43696128,43696128,512
2660,1764562767.3987374,rsa_handshake,0.000292430|0.000048079,0.00,0.00,43696128,43696128,512
2661,1764562767.4422102,rsa_handshake,0.000272523|0.000040394,0.00,0.00,43696128,43696128,512
2662,1764562767.458816,rsa_handshake,0.000270570|0.000041586,0.00,0.00,43696128,43696128,512
2663,1764562767.4877028,rsa_handshake,0.000265831|0.000040164,0.00,0.00,43696128,43696128,512
2664,1764562767.5251858,rsa_handshake,0.000299022|0.000047217,0.00,0.00,43696128,43696128,512
2665,1764562767.6402001,rsa_handshake,0.000406872|0.000066453,0.00,0.00,43696128,43696128,512
2666,1764562767.7492263,rsa_handshake,0.000426147|0.000069349,0.00,1730.50,43696128,43696128,512
2667,1764562767.7871094,rsa_handshake,0.000447517|0.000077703,0.00,0.00,43696128,43696128,512
2668,1764562767.813295,rsa_handshake,0.000343064|0.000052808,0.00,0.00,43696128,43696128,512
2669,1764562767.8557277,rsa_handshake,0.000322596|0.000052277,0.00,0.00,43696128,43696128,512
2670,1764562767.8941352,rsa_handshake,0.000287542|0.000043591,0.00,0.00,43696128,43696128,512
2671,1764562767.904653,rsa_handshake,0.000275549|0.000043049,0.00,0.00,43696128,43696128,512
2672,1764562767.949932,rsa_handshake,0.000275560|0.000048469,0.00,0.00,43696128,43696128,512
2673,1764562768.0042894,rsa_handshake,0.000265120|0.000040525,0.00,0.00,43696128,43696128,512
2674,1764562768.0336912,rsa_handshake,0.000278294|0.000042218,0.00,0.00,43696128,43696128,512
2675,1764562768.1809027,rsa_handshake,0.000344537|0.000061303,0.00,0.00,43696128,43696128,512
2676,1764562768.217656,rsa_handshake,0.000335951|0.000051104,0.00,0.00,43696128,43696128,512
2677,1764562768.236965,rsa_handshake,0.000316094|0.000055542,0.00,0.00,43696128,43696128,512
2678,1764562768.268766,rsa_handshake,0.000298902|0.000047107,0.00,0.00,43696128,43696128,512
2679,1764562768.2915196,rsa_handshake,0.000331012|0.000045564,0.00,0.00,43696128,43696128,512
2680,1764562768.3173702,rsa_handshake,0.000479315|0.000072624,0.00,0.00,43696128,43696128,512
2681,1764562768.4282813,rsa_handshake,0.000291709|0.000044051,0.00,0.00,43696128,43696128,512
2682,1764562768.4570186,rsa_handshake,0.000308490|0.000056795,0.00,0.00,43696128,43696128,512
2683,1764562768.5001104,rsa_handshake,0.000446675|0.000041506,0.00,0.00,43696128,43696128,512
2684,1764562768.5872676,rsa_handshake,0.000606561|0.000091269,0.00,0.00,43696128,43696128,512
2685,1764562768.6023667,rsa_handshake,0.000269889|0.000042729,0.00,0.00,43696128,43696128,512
2686,1764562768.6382155,rsa_handshake,0.000506286|0.000064830,0.00,0.00,43696128,43696128,512
2687,1764562768.6853936,rsa_handshake,0.000372839|0.000054651,0.00,0.00,43696128,43696128,512
2688,1764562768.7253041,rsa_handshake,0.000325011|0.000049582,0.00,0.00,43696128,43696128,512
2689,1764562768.7884116,rsa_handshake,0.000554664|0.000040685,0.00,0.00,43696128,43696128,512
2690,1764562768.8185143,rsa_handshake,0.000274477|0.000041607,0.00,0.00,43696128,43696128,512
2691,1764562768.869187,rsa_handshake,0.000288694|0.000043100,0.00,0.00,43696128,43696128,512
2692,1764562768.915141,rsa_handshake,0.000635545|0.000069569,0.00,0.00,43696128,43696128,512
2693,1764562768.960874,rsa_handshake,0.000472463|0.000039062,0.00,1649.20,43696128,43696128,512
2694,1764562769.0013146,rsa_handshake,0.000305856|0.000051015,0.00,0.00,43696128,43696128,512
2695,1764562769.0476058,rsa_handshake,0.000271121|0.000043951,0.00,0.00,43696128,43696128,512
2696,1764562769.075218,rsa_handshake,0.000435325|0.000065822,0.00,0.00,43696128,43696128,512
2697,1764562769.0995173,rsa_handshake,0.000459829|0.000070821,0.00,0.00,43696128,43696128,512
2698,1764562769.1413727,rsa_handshake,0.000289615|0.000040555,0.00,0.00,43696128,43696128,512
2699,1764562769.2080746,rsa_handshake,0.000419395|0.000051906,0.00,0.00,43696128,43696128,512
2700,1764562769.3019757,rsa_handshake,0.000266312|0.000066624,0.00,0.00,43696128,43696128,512
2701,1764562769.3432462,rsa_handshake,0.000287611|0.000040906,0.00,0.00,43696128,43696128,512
2702,1764562769.3766508,rsa_handshake,0.000429614|0.000065631,0.00,0.00,43696128,43696128,512
2703,1764562769.4373481,rsa_handshake,0.000325933|0.000041717,0.00,0.00,43696128,43696128,512
2704,1764562769.466341,rsa_handshake,0.000258808|0.000039593,0.00,0.00,43696128,43696128,512
2705,1764562769.586471,rsa_handshake,0.000264308|0.000040084,0.00,0.00,43696128,43696128,512
2706,1764562769.6501584,rsa_handshake,0.000269729|0.000040625,0.00,0.00,43696128,43696128,512
2707,1764562769.659704,rsa_handshake,0.000249340|0.000038461,0.00,0.00,43696128,43696128,512
2708,1764562769.6831813,rsa_handshake,0.000257797|0.000038721,0.00,0.00,43696128,43696128,512
2709,1764562769.7816207,rsa_handshake,0.000537593|0.000045774,0.00,1259.20,43696128,43696128,512
2710,1764562769.8129401,rsa_handshake,0.000381344|0.000049121,0.00,0.00,43696128,43696128,512
2711,1764562769.8260338,rsa_handshake,0.000407382|0.000041317,0.00,0.00,43696128,43696128,512
2712,1764562769.8802698,rsa_handshake,0.000270119|0.000041667,0.00,0.00,43696128,43696128,512
2713,1764562769.920755,rsa_handshake,0.000277112|0.000041396,0.00,0.00,43696128,43696128,512
2714,1764562769.9485664,rsa_handshake,0.000319229|0.000061684,0.00,0.00,43696128,43696128,512
2715,1764562769.998413,rsa_handshake,0.000322656|0.000054831,0.00,0.00,43696128,43696128,512
2716,1764562770.0300465,rsa_handshake,0.000373591|0.000060532,0.00,0.00,43696128,43696128,512
2717,1764562770.0561032,rsa_handshake,0.000354204|0.000050453,0.00,0.00,43696128,43696128,512
2718,1764562770.087587,rsa_handshake,0.000282993|0.000046425,0.00,0.00,43696128,43696128,512
2719,1764562770.1472363,rsa_handshake,0.000493061|0.000076722,0.00,0.00,43696128,43696128,512
2720,1764562770.166547,rsa_handshake,0.000256494|0.000038562,0.00,0.00,43696128,43696128,512
2721,1764562770.1923132,rsa_handshake,0.000575704|0.000036778,0.00,0.00,43696128,43696128,512
2722,1764562770.2467391,rsa_handshake,0.000260792|0.000054661,0.00,0.00,43696128,43696128,512
2723,1764562770.2903295,rsa_handshake,0.000328697|0.000055202,0.00,2196.30,43696128,43696128,512
2724,1764562770.3532374,rsa_handshake,0.000367058|0.000054141,0.00,0.00,43700224,43700224,512
2725,1764562770.399614,rsa_handshake,0.000459228|0.000071632,0.00,0.00,43700224,43700224,512
2726,1764562770.4596386,rsa_handshake,0.000260522|0.000041246,0.00,0.00,43700224,43700224,512
2727,1764562770.4969714,rsa_handshake,0.000266673|0.000045223,0.00,0.00,43700224,43700224,512
2728,1764562770.5187445,rsa_handshake,0.000252356|0.000038491,0.00,0.00,43700224,43700224,512
2729,1764562770.5561147,rsa_handshake,0.000290276|0.000050714,0.00,0.00,43700224,43700224,512
2730,1764562770.6187713,rsa_handshake,0.000257576|0.000039663,0.00,0.00,43700224,43700224,512
2731,1764562770.6311257,rsa_handshake,0.000290377|0.000041667,0.00,0.00,43700224,43700224,512
2732,1764562770.648194,rsa_handshake,0.000255762|0.000042418,0.00,0.00,43700224,43700224,512
2733,1764562770.668865,rsa_handshake,0.000245203|0.000037780,0.00,0.00,43700224,43700224,512
2734,1764562770.7014365,rsa_handshake,0.000262655|0.000041366,0.00,0.00,43700224,43700224,512
2735,1764562770.7203834,rsa_handshake,0.000256915|0.000039183,0.00,0.00,43700224,43700224,512
2736,1764562770.765775,rsa_handshake,0.000262976|0.000040134,0.00,0.00,43700224,43700224,512
2737,1764562770.7990794,rsa_handshake,0.000348524|0.000064639,0.00,0.00,43700224,43700224,512
2738,1764562770.8279414,rsa_handshake,0.000267154|0.000046817,0.00,0.00,43700224,43700224,512
2739,1764562770.8563476,rsa_handshake,0.000230877|0.000037720,0.00,0.00,43700224,43700224,512
2740,1764562770.872824,rsa_handshake,0.000270450|0.000048931,0.00,0.00,43700224,43700224,512
2741,1764562770.918375,rsa_handshake,0.000254971|0.000037319,0.00,0.00,43700224,43700224,512
2742,1764562770.978108,rsa_handshake,0.000254641|0.000038762,0.00,0.00,43700224,43700224,512
2743,1764562771.0093825,rsa_handshake,0.000230236|0.000035516,0.00,0.00,43700224,43700224,512
2744,1764562771.031753,rsa_handshake,0.000231217|0.000035836,0.00,0.00,43700224,43700224,512
2745,1764562771.0499384,rsa_handshake,0.000342884|0.000086129,0.00,0.00,43700224,43700224,512
2746,1764562771.0810232,rsa_handshake,0.000497629|0.000086930,0.00,0.00,43700224,43700224,512
2747,1764562771.0939558,rsa_handshake,0.000417782|0.000071262,0.00,1759.80,43700224,43700224,512
2748,1764562771.1221263,rsa_handshake,0.000337183|0.000049401,0.00,0.00,43700224,43700224,512
2749,1764562771.140155,rsa_handshake,0.000246445|0.000044692,0.00,0.00,43700224,43700224,512
2750,1764562771.1570413,rsa_handshake,0.000245032|0.000054952,0.00,0.00,43700224,43700224,512
2751,1764562771.2227736,rsa_handshake,0.000541481|0.000046556,0.00,0.00,43700224,43700224,512
2752,1764562771.268477,rsa_handshake,0.000254741|0.000034784,0.00,0.00,43700224,43700224,512
2753,1764562771.304649,rsa_handshake,0.000596742|0.000034534,0.00,0.00,43700224,43700224,512
2754,1764562771.3573928,rsa_handshake,0.000327174|0.000099955,0.00,0.00,43700224,43700224,512
2755,1764562771.3882394,rsa_handshake,0.000271722|0.000052347,0.00,0.00,43700224,43700224,512
2756,1764562771.4126484,rsa_handshake,0.000262725|0.000035927,0.00,0.00,43700224,43700224,512
2757,1764562771.4322371,rsa_handshake,0.000244582|0.000039854,0.00,0.00,43700224,43700224,512
2758,1764562771.4497075,rsa_handshake,0.000229815|0.000036267,0.00,0.00,43700224,43700224,512
2759,1764562771.4670303,rsa_handshake,0.000232189|0.000035015,0.00,0.00,43700224,43700224,512
2760,1764562771.5099452,rsa_handshake,0.000234944|0.000037149,0.00,0.00,43700224,43700224,512
2761,1764562771.567616,rsa_handshake,0.000231247|0.000036196,0.00,0.00,43700224,43700224,512
2762,1764562771.5825372,rsa_handshake,0.000253909|0.000037910,0.00,0.00,43700224,43700224,512
2763,1764562771.612698,rsa_handshake,0.000222732|0.000034433,0.00,0.00,43700224,43700224,512
2764,1764562771.6333234,rsa_handshake,0.000226799|0.000034975,0.00,0.00,43700224,43700224,512
2765,1764562771.6667957,rsa_handshake,0.000227320|0.000034384,0.00,0.00,43700224,43700224,512
2766,1764562771.6875992,rsa_handshake,0.000226739|0.000035555,0.00,0.00,43700224,43700224,512
2767,1764562771.729085,rsa_handshake,0.000240654|0.000037440,0.00,0.00,43700224,43700224,512
2768,1764562771.777434,rsa_handshake,0.000230535|0.000035656,0.00,0.00,43700224,43700224,512
2769,1764562771.797817,rsa_handshake,0.000332625|0.000048700,0.00,0.00,43700224,43700224,512
2770,1764562771.840405,rsa_handshake,0.000267134|0.000040645,0.00,2751.20,43700224,43700224,512
2771,1764562771.8574846,rsa_handshake,0.000261764|0.000043300,0.00,0.00,43700224,43700224,512
2772,1764562771.8893342,rsa_handshake,0.000261804|0.000052527,0.00,0.00,43700224,43700224,512
2773,1764562771.939379,rsa_handshake,0.000232950|0.000040776,0.00,0.00,43700224,43700224,512
2774,1764562771.9678547,rsa_handshake,0.000232680|0.000035446,0.00,0.00,43700224,43700224,512
2775,1764562771.9900706,rsa_handshake,0.000268747|0.000038281,0.00,0.00,43700224,43700224,512
2776,1764562772.0251317,rsa_handshake,0.000294805|0.000046877,0.00,0.00,43700224,43700224,512
2777,1764562772.0385766,rsa_handshake,0.000249601|0.000041026,0.00,0.00,43700224,43700224,512
2778,1764562772.0886943,rsa_handshake,0.000228442|0.000036187,0.00,0.00,43700224,43700224,512
2779,1764562772.1262574,rsa_handshake,0.000231257|0.000036307,0.00,0.00,43700224,43700224,512
2780,1764562772.1448104,rsa_handshake,0.000254069|0.000039733,0.00,2894.80,43700224,43700224,512
2781,1764562772.204714,rsa_handshake,0.000236117|0.000035836,0.00,0.00,43700224,43700224,512
2782,1764562772.2266948,rsa_handshake,0.000232370|0.000037279,0.00,0.00,43700224,43700224,512
2783,1764562772.2665372,rsa_handshake,0.000232029|0.000035726,0.00,0.00,43700224,43700224,512
2784,1764562772.313452,rsa_handshake,0.000231628|0.000043971,0.00,0.00,43700224,43700224,512
2785,1764562772.3315895,rsa_handshake,0.000447897|0.000035526,0.00,0.00,43700224,43700224,512
2786,1764562772.3481197,rsa_handshake,0.000259890|0.000042810,0.00,0.00,43700224,43700224,512
2787,1764562772.3613381,rsa_handshake,0.000230476|0.000034263,0.00,0.00,43700224,43700224,512
2788,1764562772.403051,rsa_handshake,0.000243900|0.000036317,0.00,0.00,43700224,43700224,512
2789,1764562772.5075788,rsa_handshake,0.000269038|0.000041317,0.00,0.00,43700224,43700224,512
2790,1764562772.5349786,rsa_handshake,0.000250663|0.000042579,0.00,0.00,43700224,43700224,512
2791,1764562772.5571592,rsa_handshake,0.000285377|0.000047367,0.00,0.00,43700224,43700224,512
2792,1764562772.5894089,rsa_handshake,0.000248309|0.000041607,0.00,0.00,43700224,43700224,512
2793,1764562772.6165445,rsa_handshake,0.000235445|0.000036978,0.00,0.00,43700224,43700224,512
2794,1764562772.672891,rsa_handshake,0.000253578|0.000041166,0.00,0.00,43700224,43700224,512
2795,1764562772.717452,rsa_handshake,0.000263437|0.000044242,0.00,0.00,43700224,43700224,512
2796,1764562772.7921786,rsa_handshake,0.000231107|0.000034804,0.00,0.00,43700224,43700224,512
2797,1764562772.8036027,rsa_handshake,0.000228252|0.000036778,0.00,0.00,43700224,43700224,512
2798,1764562772.8409927,rsa_handshake,0.000249331|0.000036378,0.00,0.00,43700224,43700224,512
2799,1764562772.9003396,rsa_handshake,0.000242027|0.000039774,0.00,3037.10,43700224,43700224,512
2800,1764562772.916796,rsa_handshake,0.000226228|0.000034353,0.00,0.00,43700224,43700224,512
2801,1764562772.9596894,rsa_handshake,0.000238501|0.000038010,0.00,0.00,43700224,43700224,512
2802,1764562772.9841995,rsa_handshake,0.000257085|0.000044442,0.00,0.00,43700224,43700224,512
2803,1764562773.0418181,rsa_handshake,0.000243169|0.000037810,0.00,0.00,43700224,43700224,512
2804,1764562773.0624173,rsa_handshake,0.000231488|0.000035496,0.00,0.00,43700224,43700224,512
2805,1764562773.0750747,rsa_handshake,0.000239834|0.000037449,0.00,0.00,43700224,43700224,512
2806,1764562773.1025167,rsa_handshake,0.000232480|0.000034835,0.00,0.00,43700224,43700224,512
2807,1764562773.1202157,rsa_handshake,0.000292139|0.000047418,0.00,0.00,43700224,43700224,512
2808,1764562773.161937,rsa_handshake,0.000232389|0.000047518,0.00,0.00,43700224,43700224,512
2809,1764562773.1778648,rsa_handshake,0.000250422|0.000037009,0.00,0.00,43700224,43700224,512
2810,1764562773.241147,rsa_handshake,0.000245123|0.000036848,0.00,0.00,43700224,43700224,512
2811,1764562773.2865899,rsa_handshake,0.000228512|0.000036547,0.00,0.00,43700224,43700224,512
2812,1764562773.3299718,rsa_handshake,0.000583859|0.000103011,0.00,0.00,43700224,43700224,512
2813,1764562773.3840952,rsa_handshake,0.000330381|0.000040034,0.00,0.00,43700224,43700224,512
2814,1764562773.416209,rsa_handshake,0.000513068|0.000074728,0.00,1472.60,43700224,43700224,512
2815,1764562773.4409463,rsa_handshake,0.000305424|0.000049020,0.00,0.00,43700224,43700224,512
2816,1764562773.4838195,rsa_handshake,0.000299794|0.000047718,0.00,0.00,43700224,43700224,512
2817,1764562773.5415342,rsa_handshake,0.000464357|0.000032830,0.00,0.00,43700224,43700224,512
2818,1764562773.5699272,rsa_handshake,0.000237910|0.000044783,0.00,0.00,43700224,43700224,512
2819,1764562773.582687,rsa_handshake,0.000430826|0.000065892,0.00,0.00,43700224,43700224,512
2820,1764562773.6338582,rsa_handshake,0.000232550|0.000038180,0.00,0.00,43700224,43700224,512
2821,1764562773.6892354,rsa_handshake,0.000283364|0.000046256,0.00,0.00,43700224,43700224,512
2822,1764562773.7015073,rsa_handshake,0.000417411|0.000062575,0.00,0.00,43700224,43700224,512
2823,1764562773.7557116,rsa_handshake,0.000521504|0.000096859,0.00,0.00,43700224,43700224,512
2824,1764562773.7848766,rsa_handshake,0.000308350|0.000037800,0.00,0.00,43700224,43700224,512
2825,1764562773.8493388,rsa_handshake,0.000467814|0.000066753,0.00,0.00,43700224,43700224,512
2826,1764562773.8746698,rsa_handshake,0.000237930|0.000035446,0.00,0.00,43700224,43700224,512
2827,1764562773.9428716,rsa_handshake,0.000428672|0.000065991,0.00,0.00,43700224,43700224,512
2828,1764562773.9635775,rsa_handshake,0.000431697|0.000041566,0.00,0.00,43700224,43700224,512
2829,1764562773.9888659,rsa_handshake,0.000248158|0.000047298,0.00,0.00,43700224,43700224,512
2830,1764562774.0144598,rsa_handshake,0.000289194|0.000065751,0.00,0.00,43700224,43700224,512
2831,1764562774.0416238,rsa_handshake,0.000292711|0.000044402,0.00,0.00,43700224,43700224,512
2832,1764562774.0771353,rsa_handshake,0.000462084|0.000076261,0.00,0.00,43700224,43700224,512
2833,1764562774.1172116,rsa_handshake,0.000443519|0.000041386,0.00,0.00,43700224,43700224,512
2834,1764562774.1351092,rsa_handshake,0.000301847|0.000049291,0.00,0.00,43700224,43700224,512
2835,1764562774.1621523,rsa_handshake,0.000264870|0.000043100,0.00,0.00,43700224,43700224,512
2836,1764562774.238474,rsa_handshake,0.000389720|0.000074939,0.00,0.00,43700224,43700224,512
2837,1764562774.2711477,rsa_handshake,0.000308299|0.000040304,0.00,0.00,43700224,43700224,512
2838,1764562774.3044255,rsa_handshake,0.000337804|0.000047979,0.00,0.00,43700224,43700224,512
2839,1764562774.35859,rsa_handshake,0.000256083|0.000047558,0.00,0.00,43700224,43700224,512
2840,1764562774.3932567,rsa_handshake,0.000375524|0.000034744,0.00,0.00,43700224,43700224,512
2841,1764562774.4356916,rsa_handshake,0.000234704|0.000040144,0.00,0.00,43700224,43700224,512
2842,1764562774.4695373,rsa_handshake,0.000426758|0.000065070,0.00,0.00,43700224,43700224,512
2843,1764562774.4810412,rsa_handshake,0.000247046|0.000035826,0.00,0.00,43700224,43700224,512
2844,1764562774.5103137,rsa_handshake,0.000234604|0.000035556,0.00,0.00,43700224,43700224,512
2845,1764562774.5501916,rsa_handshake,0.000336271|0.000042930,0.00,0.00,43700224,43700224,512
2846,1764562774.600734,rsa_handshake,0.000229304|0.000035125,0.00,0.00,43700224,43700224,512
2847,1764562774.6398826,rsa_handshake,0.000280499|0.000056034,0.00,0.00,43700224,43700224,512
2848,1764562774.6961977,rsa_handshake,0.000467554|0.000065731,0.00,0.00,43700224,43700224,512
2849,1764562774.7196434,rsa_handshake,0.000802132|0.000032329,0.00,0.00,43700224,43700224,512
2850,1764562774.7334988,rsa_handshake,0.000437248|0.000068556,0.00,0.00,43700224,43700224,512
2851,1764562774.762609,rsa_handshake,0.000223804|0.000033622,0.00,0.00,43700224,43700224,512
2852,1764562774.807418,rsa_handshake,0.000272694|0.000039693,0.00,0.00,43700224,43700224,512
2853,1764562774.8732708,rsa_handshake,0.000242818|0.000044312,0.00,0.00,43700224,43700224,512
2854,1764562774.912733,rsa_handshake,0.000223713|0.000033933,0.00,0.00,43700224,43700224,512
2855,1764562774.9633965,rsa_handshake,0.000231909|0.000039904,0.00,0.00,43700224,43700224,512
2856,1764562775.0086188,rsa_handshake,0.000263697|0.000036938,0.00,0.00,43700224,43700224,512
2857,1764562775.0555015,rsa_handshake,0.000694002|0.000117427,0.00,0.00,43700224,43700224,512
2858,1764562775.1003063,rsa_handshake,0.000266542|0.000036558,0.00,0.00,43700224,43700224,512
2859,1764562775.110398,rsa_handshake,0.000228252|0.000034374,0.00,0.00,43700224,43700224,512
2860,1764562775.1260443,rsa_handshake,0.000230035|0.000034513,0.00,0.00,43700224,43700224,512
2861,1764562775.2401586,rsa_handshake,0.000247046|0.000041076,0.00,0.00,43700224,43700224,512
2862,1764562775.2590494,rsa_handshake,0.000451765|0.000054962,0.00,0.00,43700224,43700224,512
2863,1764562775.274041,rsa_handshake,0.000409076|0.000045464,0.00,0.00,43700224,43700224,512
2864,1764562775.3052804,rsa_handshake,0.000300045|0.000047408,0.00,0.00,43700224,43700224,512
2865,1764562775.326708,rsa_handshake,0.000427921|0.000064339,0.00,0.00,43700224,43700224,512
2866,1764562775.35326,rsa_handshake,0.000400800|0.000035125,0.00,0.00,43700224,43700224,512
2867,1764562775.38663,rsa_handshake,0.000297530|0.000050995,0.00,2466.20,43700224,43700224,512
2868,1764562775.4609554,rsa_handshake,0.000356679|0.000049141,0.00,0.00,43700224,43700224,512
2869,1764562775.4980938,rsa_handshake,0.000565425|0.000095426,0.00,0.00,43700224,43700224,512
2870,1764562775.5506105,rsa_handshake,0.000428681|0.000065952,0.00,0.00,43700224,43700224,512
2871,1764562775.5846395,rsa_handshake,0.000231127|0.000036056,0.00,0.00,43700224,43700224,512
2872,1764562775.6190603,rsa_handshake,0.000560346|0.000085468,0.00,0.00,43700224,43700224,512
2873,1764562775.6509316,rsa_handshake,0.000320893|0.000045835,0.00,0.00,43700224,43700224,512
2874,1764562775.6863263,rsa_handshake,0.000225066|0.000033892,0.00,0.00,43700224,43700224,512
2875,1764562775.7441387,rsa_handshake,0.000430025|0.000064569,0.00,0.00,43700224,43700224,512
2876,1764562775.763455,rsa_handshake,0.000577336|0.000109091,0.00,0.00,43700224,43700224,512
2877,1764562775.7836044,rsa_handshake,0.000228733|0.000034705,0.00,0.00,43700224,43700224,512
2878,1764562775.807662,rsa_handshake,0.000266172|0.000041327,0.00,0.00,43700224,43700224,512
2879,1764562775.850498,rsa_handshake,0.000227871|0.000035656,0.00,0.00,43700224,43700224,512
2880,1764562775.8924925,rsa_handshake,0.000229103|0.000034354,0.00,0.00,43700224,43700224,512
2881,1764562775.9314828,rsa_handshake,0.000450763|0.000040144,0.00,0.00,43700224,43700224,512
2882,1764562775.974638,rsa_handshake,0.000622911|0.000085948,0.00,0.00,43700224,43700224,512
2883,1764562776.0251105,rsa_handshake,0.000332113|0.000042298,0.00,0.00,43700224,43700224,512
2884,1764562776.0669632,rsa_handshake,0.000520832|0.000079096,0.00,0.00,43700224,43700224,512
2885,1764562776.0974686,rsa_handshake,0.000293783|0.000086400,0.00,0.00,43700224,43700224,512
2886,1764562776.1374207,rsa_handshake,0.000429603|0.000064830,0.00,0.00,43700224,43700224,512
2887,1764562776.158992,rsa_handshake,0.000446084|0.000045304,0.00,0.00,43700224,43700224,512
2888,1764562776.1992085,rsa_handshake,0.000268306|0.000038781,0.00,0.00,43700224,43700224,512
2889,1764562776.223642,rsa_handshake,0.000603014|0.000099333,0.00,0.00,43700224,43700224,512
2890,1764562776.2737648,rsa_handshake,0.000248459|0.000040475,0.00,0.00,43700224,43700224,512
2891,1764562776.300254,rsa_handshake,0.000283684|0.000048059,0.00,0.00,43700224,43700224,512
2892,1764562776.3836758,rsa_handshake,0.000436716|0.000066212,0.00,0.00,43700224,43700224,512
2893,1764562776.421384,rsa_handshake,0.000362249|0.000043210,0.00,0.00,43700224,43700224,512
2894,1764562776.478404,rsa_handshake,0.000543674|0.000087121,0.00,0.00,43700224,43700224,512
2895,1764562776.4974878,rsa_handshake,0.000231809|0.000037239,0.00,0.00,43700224,43700224,512
2896,1764562776.5112205,rsa_handshake,0.000222231|0.000034434,0.00,0.00,43700224,43700224,512
2897,1764562776.5411735,rsa_handshake,0.000541621|0.000039643,0.00,0.00,43700224,43700224,512
2898,1764562776.5676062,rsa_handshake,0.000406031|0.000038612,0.00,0.00,43700224,43700224,512
2899,1764562776.6414938,rsa_handshake,0.000239051|0.000037800,0.00,0.00,43700224,43700224,512
2900,1764562776.660814,rsa_handshake,0.000295085|0.000048530,0.00,0.00,43700224,43700224,512
2901,1764562776.7051663,rsa_handshake,0.000480808|0.000071472,0.00,1522.70,43700224,43700224,512
2902,1764562776.7165692,rsa_handshake,0.000341271|0.000035526,0.00,0.00,43700224,43700224,512
2903,1764562776.7373638,rsa_handshake,0.000429964|0.000076741,0.00,0.00,43700224,43700224,512
2904,1764562776.7866335,rsa_handshake,0.000226649|0.000034925,0.00,0.00,43700224,43700224,512
2905,1764562776.8186555,rsa_handshake,0.000235355|0.000035375,0.00,0.00,43700224,43700224,512
2906,1764562776.8353322,rsa_handshake,0.000223934|0.000035095,0.00,0.00,43700224,43700224,512
2907,1764562776.850378,rsa_handshake,0.000355727|0.000046936,0.00,0.00,43700224,43700224,512
2908,1764562776.8790388,rsa_handshake,0.000329418|0.000041386,0.00,0.00,43700224,43700224,512
2909,1764562776.9034517,rsa_handshake,0.000538795|0.000079657,0.00,1404.70,43700224,43700224,512
2910,1764562776.927267,rsa_handshake,0.000225447|0.000034564,0.00,0.00,43700224,43700224,512
2911,1764562776.9531922,rsa_handshake,0.000271872|0.000050994,0.00,0.00,43700224,43700224,512
2912,1764562776.982862,rsa_handshake,0.000399759|0.000036257,0.00,0.00,43700224,43700224,512
2913,1764562777.012762,rsa_handshake,0.001054989|0.000076862,0.00,0.00,43700224,43700224,512
2914,1764562777.043063,rsa_handshake,0.000238270|0.000037118,0.00,0.00,43700224,43700224,512
2915,1764562777.1107109,rsa_handshake,0.000424834|0.000064258,0.00,0.00,43700224,43700224,512
2916,1764562777.1412313,rsa_handshake,0.000442358|0.000066283,0.00,0.00,43700224,43700224,512
2917,1764562777.176153,rsa_handshake,0.000237388|0.000036908,0.00,0.00,43700224,43700224,512
2918,1764562777.191611,rsa_handshake,0.000234995|0.000035896,0.00,0.00,43700224,43700224,512
2919,1764562777.2133052,rsa_handshake,0.000377348|0.000046236,0.00,0.00,43700224,43700224,512
2920,1764562777.266128,rsa_handshake,0.000374942|0.000037980,0.00,0.00,43700224,43700224,512
2921,1764562777.313998,rsa_handshake,0.000411741|0.000036307,0.00,0.00,43700224,43700224,512
2922,1764562777.3246603,rsa_handshake,0.000424074|0.000065772,0.00,0.00,43700224,43700224,512
2923,1764562777.3381164,rsa_handshake,0.000402203|0.000045484,0.00,0.00,43700224,43700224,512
2924,1764562777.3927813,rsa_handshake,0.000427049|0.000065841,0.00,0.00,43700224,43700224,512
2925,1764562777.4522188,rsa_handshake,0.000232871|0.000035425,0.00,0.00,43700224,43700224,512
2926,1764562777.490811,rsa_handshake,0.000240314|0.000038341,0.00,0.00,43700224,43700224,512
2927,1764562777.526486,rsa_handshake,0.000424735|0.000047468,0.00,0.00,43700224,43700224,512
2928,1764562777.5410812,rsa_handshake,0.000335881|0.000062746,0.00,0.00,43700224,43700224,512
2929,1764562777.570548,rsa_handshake,0.000426328|0.000065611,0.00,0.00,43700224,43700224,512
2930,1764562777.6014354,rsa_handshake,0.000316775|0.000051124,0.00,0.00,43700224,43700224,512
2931,1764562777.6414282,rsa_handshake,0.000434163|0.000064650,0.00,0.00,43700224,43700224,512
2932,1764562777.6738102,rsa_handshake,0.000271301|0.000041287,0.00,0.00,43700224,43700224,512
2933,1764562777.7109675,rsa_handshake,0.000232419|0.000035065,0.00,0.00,43700224,43700224,512
2934,1764562777.78669,rsa_handshake,0.000227210|0.000034774,0.00,0.00,43700224,43700224,512
2935,1764562777.8129308,rsa_handshake,0.000230125|0.000055923,0.00,0.00,43700224,43700224,512
2936,1764562777.889479,rsa_handshake,0.000248639|0.000043450,0.00,0.00,43700224,43700224,512
2937,1764562777.9059522,rsa_handshake,0.000246876|0.000035426,0.00,0.00,43700224,43700224,512
2938,1764562777.942725,rsa_handshake,0.000230195|0.000036989,0.00,0.00,43700224,43700224,512
2939,1764562777.9784632,rsa_handshake,0.000230365|0.000036668,0.00,0.00,43700224,43700224,512
2940,1764562778.0131676,rsa_handshake,0.000239913|0.000039292,0.00,0.00,43700224,43700224,512
2941,1764562778.0453904,rsa_handshake,0.000295866|0.000071633,0.00,0.00,43700224,43700224,512
2942,1764562778.0632172,rsa_handshake,0.000344016|0.000060622,0.00,0.00,43700224,43700224,512
2943,1764562778.1166914,rsa_handshake,0.000234683|0.000036597,0.00,0.00,43700224,43700224,512
2944,1764562778.1402512,rsa_handshake,0.000246937|0.000037670,0.00,0.00,43700224,43700224,512
2945,1764562778.1677542,rsa_handshake,0.000433911|0.000032500,0.00,0.00,43700224,43700224,512
2946,1764562778.1958854,rsa_handshake,0.000276601|0.000045384,0.00,0.00,43700224,43700224,512
2947,1764562778.2567818,rsa_handshake,0.000262946|0.000045224,0.00,0.00,43700224,43700224,512
2948,1764562778.297594,rsa_handshake,0.000229243|0.000038591,0.00,0.00,43700224,43700224,512
2949,1764562778.3215454,rsa_handshake,0.000536161|0.000091700,0.00,0.00,43700224,43700224,512
2950,1764562778.336487,rsa_handshake,0.000339017|0.000034213,0.00,0.00,43700224,43700224,512
2951,1764562778.3691945,rsa_handshake,0.000228542|0.000035796,0.00,0.00,43700224,43700224,512
2952,1764562778.4273355,rsa_handshake,0.000436697|0.000065791,0.00,0.00,43700224,43700224,512
2953,1764562778.4393163,rsa_handshake,0.000439613|0.000064790,0.00,0.00,43700224,43700224,512
2954,1764562778.4698143,rsa_handshake,0.000223654|0.000034604,0.00,0.00,43700224,43700224,512
2955,1764562778.4928079,rsa_handshake,0.000417662|0.000063467,0.00,0.00,43700224,43700224,512
2956,1764562778.5219746,rsa_handshake,0.000237910|0.000036026,0.00,3122.30,43700224,43700224,512
2957,1764562778.5383925,rsa_handshake,0.000224555|0.000039112,0.00,0.00,43700224,43700224,512
2958,1764562778.614144,rsa_handshake,0.000264308|0.000047338,0.00,0.00,43700224,43700224,512
2959,1764562778.672955,rsa_handshake,0.000295747|0.000062255,0.00,0.00,43700224,43700224,512
2960,1764562778.7801514,rsa_handshake,0.000363863|0.000063428,0.00,0.00,43700224,43700224,512
2961,1764562778.8175967,rsa_handshake,0.000421649|0.000066162,0.00,0.00,43700224,43700224,512
2962,1764562778.835722,rsa_handshake,0.000360866|0.000035245,0.00,0.00,43700224,43700224,512
2963,1764562778.888904,rsa_handshake,0.000246495|0.000039814,0.00,0.00,43700224,43700224,512
2964,1764562778.966374,rsa_handshake,0.000545467|0.000062345,0.00,0.00,43700224,43700224,512
2965,1764562778.9878225,rsa_handshake,0.000452276|0.000076361,0.00,0.00,43700224,43700224,512
2966,1764562779.014172,rsa_handshake,0.000460712|0.000066062,0.00,0.00,43700224,43700224,512
2967,1764562779.069142,rsa_handshake,0.000350498|0.000041507,0.00,0.00,43700224,43700224,512
2968,1764562779.0856953,rsa_handshake,0.000211230|0.000033001,0.00,0.00,43700224,43700224,512
2969,1764562779.1010714,rsa_handshake,0.000224775|0.000032980,0.00,0.00,43700224,43700224,512
2970,1764562779.1514897,rsa_handshake,0.000245223|0.000037089,0.00,0.00,43700224,43700224,512
2971,1764562779.1864274,rsa_handshake,0.000234343|0.000036337,0.00,0.00,43700224,43700224,512
2972,1764562779.208256,rsa_handshake,0.000239172|0.000037890,0.00,0.00,43700224,43700224,512
2973,1764562779.238074,rsa_handshake,0.000276851|0.000049952,0.00,0.00,43700224,43700224,512
2974,1764562779.2856224,rsa_handshake,0.000237308|0.000039342,0.00,3103.20,43700224,43700224,512
2975,1764562779.3081944,rsa_handshake,0.000238280|0.000036006,0.00,0.00,43700224,43700224,512
2976,1764562779.3688295,rsa_handshake,0.000282552|0.000043831,0.00,0.00,43700224,43700224,512
2977,1764562779.4011931,rsa_handshake,0.000458918|0.000033913,0.00,0.00,43700224,43700224,512
2978,1764562779.4268708,rsa_handshake,0.000230116|0.000034714,0.00,0.00,43700224,43700224,512
2979,1764562779.4508276,rsa_handshake,0.000240995|0.000038131,0.00,3073.10,43700224,43700224,512
2980,1764562779.4697444,rsa_handshake,0.000232650|0.000035946,0.00,0.00,43700224,43700224,512
2981,1764562779.492895,rsa_handshake,0.000248849|0.000041947,0.00,0.00,43700224,43700224,512
2982,1764562779.5294085,rsa_handshake,0.000235796|0.000035616,0.00,0.00,43700224,43700224,512
2983,1764562779.5576499,rsa_handshake,0.000421770|0.000071452,0.00,0.00,43700224,43700224,512
2984,1764562779.5843024,rsa_handshake,0.000238620|0.000037138,0.00,0.00,43700224,43700224,512
2985,1764562779.6075728,rsa_handshake,0.000280679|0.000048730,0.00,0.00,43700224,43700224,512
2986,1764562779.622176,rsa_handshake,0.000258267|0.000041677,0.00,0.00,43700224,43700224,512
2987,1764562779.653542,rsa_handshake,0.000223994|0.000034333,0.00,0.00,43700224,43700224,512
2988,1764562779.6761515,rsa_handshake,0.000238381|0.000036357,0.00,0.00,43700224,43700224,512
2989,1764562779.778005,rsa_handshake,0.000243470|0.000036638,0.00,0.00,43700224,43700224,512
2990,1764562779.826766,rsa_handshake,0.000474807|0.000073897,0.00,0.00,43700224,43700224,512
2991,1764562779.8687148,rsa_handshake,0.000235415|0.000038962,0.00,0.00,43700224,43700224,512
2992,1764562779.9261749,rsa_handshake,0.000546189|0.000083274,0.00,0.00,43700224,43700224,512
2993,1764562779.9428566,rsa_handshake,0.000520461|0.000079647,0.00,0.00,43700224,43700224,512
2994,1764562779.9792783,rsa_handshake,0.000406741|0.000035405,0.00,0.00,43700224,43700224,512
2995,1764562780.0799308,rsa_handshake,0.000525542|0.000087271,0.00,0.00,43700224,43700224,512
2996,1764562780.112036,rsa_handshake,0.000380243|0.000061864,0.00,0.00,43700224,43700224,512
2997,1764562780.1426332,rsa_handshake,0.000329348|0.000035054,0.00,0.00,43700224,43700224,512
2998,1764562780.1624358,rsa_handshake,0.000522966|0.000089345,0.00,0.00,43700224,43700224,512
2999,1764562780.1897314,rsa_handshake,0.000279065|0.000044021,0.00,0.00,43700224,43700224,512
3000,1764562780.213488,rsa_handshake,0.000234272|0.000039262,0.00,0.00,43700224,43700224,512
3001,1764562780.2269208,rsa_handshake,0.000425256|0.000063939,0.00,0.00,43700224,43700224,512
3002,1764562780.249768,rsa_handshake,0.000422831|0.000068286,0.00,0.00,43700224,43700224,512
3003,1764562780.2739708,rsa_handshake,0.000273987|0.000043120,0.00,0.00,43700224,43700224,512
3004,1764562780.2959828,rsa_handshake,0.000470419|0.000060693,0.00,0.00,43700224,43700224,512
3005,1764562780.3366337,rsa_handshake,0.000453658|0.000069529,0.00,0.00,43700224,43700224,512
3006,1764562780.365688,rsa_handshake,0.000454650|0.000038100,0.00,0.00,43700224,43700224,512
3007,1764562780.3920639,rsa_handshake,0.000418353|0.000035766,0.00,0.00,43700224,43700224,512
3008,1764562780.450303,rsa_handshake,0.000241005|0.000036448,0.00,0.00,43700224,43700224,512
3009,1764562780.4769266,rsa_handshake,0.000443810|0.000039683,0.00,0.00,43700224,43700224,512
3010,1764562780.4939823,rsa_handshake,0.000232630|0.000035405,0.00,0.00,43700224,43700224,512
3011,1764562780.5188549,rsa_handshake,0.000236517|0.000036668,0.00,0.00,43700224,43700224,512
3012,1764562780.5694861,rsa_handshake,0.000233401|0.000034935,0.00,0.00,43700224,43700224,512
3013,1764562780.5905588,rsa_handshake,0.000303260|0.000055903,0.00,0.00,43700224,43700224,512
3014,1764562780.6143942,rsa_handshake,0.000246054|0.000040344,0.00,0.00,43700224,43700224,512
3015,1764562780.6332626,rsa_handshake,0.000248159|0.000040254,0.00,0.00,43700224,43700224,512
3016,1764562780.6515563,rsa_handshake,0.000237018|0.000035566,0.00,0.00,43700224,43700224,512
3017,1764562780.6711628,rsa_handshake,0.000434383|0.000091068,0.00,0.00,43700224,43700224,512
3018,1764562780.7096322,rsa_handshake,0.000233301|0.000036107,0.00,0.00,43700224,43700224,512
3019,1764562780.7177083,rsa_handshake,0.000426388|0.000063988,0.00,0.00,43700224,43700224,512
3020,1764562780.739283,rsa_handshake,0.000259009|0.000040605,0.00,0.00,43700224,43700224,512
3021,1764562780.7769718,rsa_handshake,0.000240224|0.000042118,0.00,0.00,43700224,43700224,512
3022,1764562780.8436189,rsa_handshake,0.000231688|0.000036287,0.00,0.00,43700224,43700224,512
3023,1764562780.8793511,rsa_handshake,0.000228552|0.000035275,0.00,0.00,43700224,43700224,512
3024,1764562780.9130695,rsa_handshake,0.000242488|0.000037870,0.00,0.00,43700224,43700224,512
3025,1764562780.996591,rsa_handshake,0.000246445|0.000035566,0.00,0.00,43700224,43700224,512
3026,1764562781.0271878,rsa_handshake,0.000221980|0.000033152,0.00,0.00,43700224,43700224,512
3027,1764562781.0992448,rsa_handshake,0.000269037|0.000041838,0.00,0.00,43700224,43700224,512
3028,1764562781.114437,rsa_handshake,0.000229484|0.000037600,0.00,0.00,43700224,43700224,512
3029,1764562781.1832507,rsa_handshake,0.000237299|0.000037118,0.00,0.00,43700224,43700224,512
3030,1764562781.2261395,rsa_handshake,0.000241637|0.000034965,0.00,0.00,43700224,43700224,512
3031,1764562781.313034,rsa_handshake,0.000248209|0.000052567,0.00,0.00,43700224,43700224,512
3032,1764562781.3467774,rsa_handshake,0.000251564|0.000037249,0.00,0.00,43700224,43700224,512
3033,1764562781.40327,rsa_handshake,0.000227841|0.000035435,0.00,0.00,43700224,43700224,512
3034,1764562781.4151604,rsa_handshake,0.000253839|0.000038571,0.00,0.00,43700224,43700224,512
3035,1764562781.4542282,rsa_handshake,0.000223913|0.000034013,0.00,0.00,43700224,43700224,512
3036,1764562781.4826488,rsa_handshake,0.000259449|0.000035946,0.00,0.00,43700224,43700224,512
3037,1764562781.540992,rsa_handshake,0.000247758|0.000036337,0.00,0.00,43700224,43700224,512
3038,1764562781.576486,rsa_handshake,0.000538886|0.000037820,0.00,0.00,43700224,43700224,512
3039,1764562781.6076713,rsa_handshake,0.000419175|0.000037830,0.00,0.00,43700224,43700224,512
3040,1764562781.6391613,rsa_handshake,0.000266773|0.000054170,0.00,0.00,43700224,43700224,512
3041,1764562781.6772811,rsa_handshake,0.000943543|0.000042699,0.00,0.00,43700224,43700224,512
3042,1764562781.7529798,rsa_handshake,0.000381155|0.000039513,0.00,0.00,43700224,43700224,512
3043,1764562781.8430836,rsa_handshake,0.000283374|0.000049642,0.00,0.00,43700224,43700224,512
3044,1764562781.9002724,rsa_handshake,0.000432399|0.000064639,0.00,0.00,43700224,43700224,512
3045,1764562781.9339225,rsa_handshake,0.000419115|0.000064149,0.00,0.00,43700224,43700224,512
3046,1764562781.951603,rsa_handshake,0.000413995|0.000063577,0.00,0.00,43700224,43700224,512
3047,1764562782.0139308,rsa_handshake,0.000255622|0.000041687,0.00,0.00,43700224,43700224,512
3048,1764562782.0277176,rsa_handshake,0.000374852|0.000034463,0.00,0.00,43700224,43700224,512
3049,1764562782.0757551,rsa_handshake,0.000412392|0.000035505,0.00,0.00,43700224,43700224,512
3050,1764562782.0951,rsa_handshake,0.000403415|0.000063738,0.00,0.00,43700224,43700224,512
3051,1764562782.1253026,rsa_handshake,0.000369733|0.000057696,0.00,0.00,43700224,43700224,512
3052,1764562782.1693459,rsa_handshake,0.000271552|0.000044963,0.00,0.00,43700224,43700224,512
3053,1764562782.2182832,rsa_handshake,0.000234663|0.000035916,0.00,0.00,43700224,43700224,512
3054,1764562782.2637694,rsa_handshake,0.000237078|0.000040194,0.00,0.00,43700224,43700224,512
3055,1764562782.2878277,rsa_handshake,0.000245925|0.000038471,0.00,0.00,43700224,43700224,512
3056,1764562782.3366528,rsa_handshake,0.000226178|0.000035695,0.00,0.00,43700224,43700224,512
3057,1764562782.372301,rsa_handshake,0.000242808|0.000038922,0.00,0.00,43700224,43700224,512
3058,1764562782.4255688,rsa_handshake,0.000229775|0.000035977,0.00,0.00,43700224,43700224,512
3059,1764562782.4659874,rsa_handshake,0.000272684|0.000039583,0.00,0.00,43700224,43700224,512
3060,1764562782.4838498,rsa_handshake,0.000221499|0.000033391,0.00,0.00,43700224,43700224,512
3061,1764562782.5865498,rsa_handshake,0.000230025|0.000035385,0.00,0.00,43700224,43700224,512
3062,1764562782.6839805,rsa_handshake,0.000249762|0.000038221,0.00,0.00,43700224,43700224,512
3063,1764562782.71946,rsa_handshake,0.000274057|0.000044322,0.00,2573.60,43700224,43700224,512
3064,1764562782.7500455,rsa_handshake,0.000251905|0.000045274,0.00,0.00,43700224,43700224,512
3065,1764562782.7605517,rsa_handshake,0.000255362|0.000040465,0.00,0.00,43700224,43700224,512
3066,1764562782.77752,rsa_handshake,0.000446805|0.000068547,0.00,0.00,43700224,43700224,512
3067,1764562782.8992643,rsa_handshake,0.000244232|0.000037469,0.00,0.00,43700224,43700224,512
3068,1764562782.9443955,rsa_handshake,0.000586444|0.000086831,0.00,0.00,43700224,43700224,512
3069,1764562783.0094283,rsa_handshake,0.000489835|0.000081019,0.00,0.00,43700224,43700224,512
3070,1764562783.0265903,rsa_handshake,0.000432659|0.000068607,0.00,0.00,43700224,43700224,512
3071,1764562783.0590098,rsa_handshake,0.000427370|0.000071823,0.00,0.00,43700224,43700224,512
3072,1764562783.079652,rsa_handshake,0.000479115|0.000078004,0.00,0.00,43700224,43700224,512
3073,1764562783.1053028,rsa_handshake,0.000958170|0.000036909,0.00,913.40,43700224,43700224,512
3074,1764562783.2296243,rsa_handshake,0.000457405|0.000069559,0.00,0.00,43700224,43700224,512
3075,1764562783.2656298,rsa_handshake,0.000240685|0.000038101,0.00,0.00,43700224,43700224,512
3076,1764562783.3524096,rsa_handshake,0.000227250|0.000034674,0.00,0.00,43700224,43700224,512
3077,1764562783.381875,rsa_handshake,0.000442338|0.000068847,0.00,0.00,43700224,43700224,512
3078,1764562783.4269795,rsa_handshake,0.000412522|0.000047217,0.00,0.00,43700224,43700224,512
3079,1764562783.447189,rsa_handshake,0.000442127|0.000050834,0.00,1774.90,43700224,43700224,512
3080,1764562783.4621358,rsa_handshake,0.000446344|0.000073646,0.00,0.00,43700224,43700224,512
3081,1764562783.5058913,rsa_handshake,0.000458087|0.000072674,0.00,0.00,43700224,43700224,512
3082,1764562783.5275624,rsa_handshake,0.000417833|0.000062956,0.00,0.00,43700224,43700224,512
3083,1764562783.595885,rsa_handshake,0.000236787|0.000039363,0.00,0.00,43700224,43700224,512
3084,1764562783.62994,rsa_handshake,0.000254430|0.000046887,0.00,0.00,43700224,43700224,512
3085,1764562783.6547372,rsa_handshake,0.000438600|0.000091228,0.00,0.00,43700224,43700224,512
3086,1764562783.7172036,rsa_handshake,0.000323007|0.000049481,0.00,0.00,43700224,43700224,512
3087,1764562783.7445233,rsa_handshake,0.000239121|0.000037519,0.00,0.00,43700224,43700224,512
3088,1764562783.7675028,rsa_handshake,0.000539296|0.000080699,0.00,0.00,43700224,43700224,512
3089,1764562783.7897701,rsa_handshake,0.000282812|0.000046466,0.00,0.00,43700224,43700224,512
3090,1764562783.8204134,rsa_handshake,0.000441545|0.000066323,0.00,0.00,43700224,43700224,512
3091,1764562783.8942385,rsa_handshake,0.000242659|0.000037569,0.00,0.00,43700224,43700224,512
3092,1764562783.9249904,rsa_handshake,0.000333075|0.000035095,0.00,0.00,43700224,43700224,512
3093,1764562783.9740791,rsa_handshake,0.000462905|0.000039883,0.00,0.00,43700224,43700224,512
3094,1764562783.998602,rsa_handshake,0.000295656|0.000055612,0.00,0.00,43700224,43700224,512
3095,1764562784.0713978,rsa_handshake,0.000232379|0.000068406,0.00,0.00,43700224,43700224,512
3096,1764562784.1444728,rsa_handshake,0.000524179|0.000099013,0.00,0.00,43700224,43700224,512
3097,1764562784.204827,rsa_handshake,0.000324690|0.000051615,0.00,0.00,43700224,43700224,512
3098,1764562784.2299244,rsa_handshake,0.000296658|0.000052868,0.00,0.00,43700224,43700224,512
3099,1764562784.2850077,rsa_handshake,0.000340970|0.000041126,0.00,0.00,43700224,43700224,512
3100,1764562784.3028948,rsa_handshake,0.000534779|0.000081050,0.00,0.00,43700224,43700224,512
3101,1764562784.3352084,rsa_handshake,0.000440584|0.000069789,0.00,0.00,43700224,43700224,512
3102,1764562784.346223,rsa_handshake,0.000428382|0.000064669,0.00,0.00,43700224,43700224,512
3103,1764562784.3689947,rsa_handshake,0.000523557|0.000040695,0.00,0.00,43700224,43700224,512
3104,1764562784.380828,rsa_handshake,0.000259169|0.000049621,0.00,0.00,43700224,43700224,512
3105,1764562784.407137,rsa_handshake,0.000541290|0.000053028,0.00,0.00,43700224,43700224,512
3106,1764562784.432789,rsa_handshake,0.000286299|0.000043951,0.00,0.00,43700224,43700224,512
3107,1764562784.4502842,rsa_handshake,0.000239122|0.000036347,0.00,0.00,43700224,43700224,512
3108,1764562784.472799,rsa_handshake,0.000244642|0.000037500,0.00,0.00,43700224,43700224,512
3109,1764562784.5177925,rsa_handshake,0.000259509|0.000041717,0.00,0.00,43700224,43700224,512
3110,1764562784.548079,rsa_handshake,0.000281701|0.000045193,0.00,0.00,43700224,43700224,512
3111,1764562784.6144462,rsa_handshake,0.000270069|0.000046396,0.00,2661.10,43700224,43700224,512
3112,1764562784.7314556,rsa_handshake,0.000259600|0.000042949,0.00,0.00,43700224,43700224,512
3113,1764562784.7725515,rsa_handshake,0.000269508|0.000041346,0.00,0.00,43700224,43700224,512
3114,1764562784.8212316,rsa_handshake,0.000243751|0.000038281,0.00,0.00,43700224,43700224,512
3115,1764562784.8500175,rsa_handshake,0.000245614|0.000036598,0.00,0.00,43700224,43700224,512
3116,1764562784.8730004,rsa_handshake,0.000279456|0.000046827,0.00,0.00,43700224,43700224,512
3117,1764562784.9448717,rsa_handshake,0.000238200|0.000041517,0.00,0.00,43700224,43700224,512
3118,1764562784.987155,rsa_handshake,0.000266442|0.000038131,0.00,0.00,43700224,43700224,512
3119,1764562785.0202024,rsa_handshake,0.000254441|0.000042108,0.00,0.00,43700224,43700224,512
3120,1764562785.0601912,rsa_handshake,0.000276561|0.000060882,0.00,0.00,43700224,43700224,512
3121,1764562785.08238,rsa_handshake,0.000241867|0.000037068,0.00,0.00,43700224,43700224,512
3122,1764562785.1334052,rsa_handshake,0.000244712|0.000037509,0.00,0.00,43700224,43700224,512
3123,1764562785.1632607,rsa_handshake,0.000239803|0.000041526,0.00,0.00,43700224,43700224,512
3124,1764562785.2011173,rsa_handshake,0.000247037|0.000036948,0.00,0.00,43700224,43700224,512
3125,1764562785.215009,rsa_handshake,0.000320612|0.000048359,0.00,0.00,43700224,43700224,512
3126,1764562785.2474384,rsa_handshake,0.000367499|0.000068887,0.00,0.00,43700224,43700224,512
3127,1764562785.2951996,rsa_handshake,0.000470449|0.000082533,0.00,0.00,43700224,43700224,512
3128,1764562785.3142,rsa_handshake,0.000338054|0.000056294,0.00,2162.90,43700224,43700224,512
3129,1764562785.3454185,rsa_handshake,0.000467113|0.000070601,0.00,0.00,43700224,43700224,512
3130,1764562785.3622973,rsa_handshake,0.000452126|0.000067204,0.00,0.00,43700224,43700224,512
3131,1764562785.3786824,rsa_handshake,0.000258959|0.000038902,0.00,0.00,43700224,43700224,512
3132,1764562785.4325814,rsa_handshake,0.000243049|0.000038230,0.00,0.00,43700224,43700224,512
3133,1764562785.4488869,rsa_handshake,0.000377767|0.000058558,0.00,0.00,43700224,43700224,512
3134,1764562785.4683974,rsa_handshake,0.000230667|0.000034534,0.00,0.00,43700224,43700224,512
3135,1764562785.486156,rsa_handshake,0.000239813|0.000034884,0.00,0.00,43700224,43700224,512
3136,1764562785.5080621,rsa_handshake,0.000246346|0.000037930,0.00,0.00,43700224,43700224,512
3137,1764562785.5396838,rsa_handshake,0.000478594|0.000037649,0.00,0.00,43700224,43700224,512
3138,1764562785.6176624,rsa_handshake,0.000247267|0.000041066,0.00,0.00,43700224,43700224,512
3139,1764562785.6327374,rsa_handshake,0.000244071|0.000038080,0.00,0.00,43700224,43700224,512
3140,1764562785.6490374,rsa_handshake,0.000236588|0.000035415,0.00,0.00,43700224,43700224,512
3141,1764562785.71739,rsa_handshake,0.000231418|0.000036057,0.00,0.00,43700224,43700224,512
3142,1764562785.7519507,rsa_handshake,0.000225747|0.000043461,0.00,0.00,43700224,43700224,512
3143,1764562785.7678497,rsa_handshake,0.000220918|0.000035546,0.00,0.00,43700224,43700224,512
3144,1764562785.8063498,rsa_handshake,0.000307448|0.000048740,0.00,0.00,43700224,43700224,512
3145,1764562785.8296442,rsa_handshake,0.000261654|0.000042298,0.00,0.00,43700224,43700224,512
3146,1764562785.8829703,rsa_handshake,0.000487721|0.000074929,0.00,0.00,43700224,43700224,512
3147,1764562785.9013143,rsa_handshake,0.000255662|0.000039272,0.00,0.00,43700224,43700224,512
3148,1764562785.9281693,rsa_handshake,0.000251976|0.000038070,0.00,0.00,43700224,43700224,512
3149,1764562786.0159943,rsa_handshake,0.000248830|0.000043610,0.00,0.00,43700224,43700224,512
3150,1764562786.0502949,rsa_handshake,0.000234793|0.000036528,0.00,0.00,43700224,43700224,512
3151,1764562786.0934858,rsa_handshake,0.000250834|0.000035355,0.00,0.00,43700224,43700224,512
3152,1764562786.1030912,rsa_handshake,0.000253729|0.000034173,0.00,3026.50,43700224,43700224,512
3153,1764562786.1249142,rsa_handshake,0.000223733|0.000041427,0.00,0.00,43700224,43700224,512
3154,1764562786.1503031,rsa_handshake,0.000220948|0.000034443,0.00,0.00,43700224,43700224,512
3155,1764562786.2033045,rsa_handshake,0.000224685|0.000034574,0.00,0.00,43700224,43700224,512
3156,1764562786.2197838,rsa_handshake,0.000219676|0.000033742,0.00,0.00,43700224,43700224,512
3157,1764562786.2709658,rsa_handshake,0.000240915|0.000035476,0.00,0.00,43700224,43700224,512
3158,1764562786.292536,rsa_handshake,0.000232089|0.000035997,0.00,0.00,43700224,43700224,512
3159,1764562786.3501656,rsa_handshake,0.000239192|0.000064830,0.00,0.00,43700224,43700224,512
3160,1764562786.397384,rsa_handshake,0.000235776|0.000040034,0.00,0.00,43700224,43700224,512
3161,1764562786.4259079,rsa_handshake,0.000352772|0.000050573,0.00,0.00,43700224,43700224,512
3162,1764562786.5048177,rsa_handshake,0.000527103|0.000051996,0.00,0.00,43700224,43700224,512
3163,1764562786.5336573,rsa_handshake,0.000277453|0.000043681,0.00,0.00,43700224,43700224,512
3164,1764562786.5688717,rsa_handshake,0.000248309|0.000041828,0.00,0.00,43700224,43700224,512
3165,1764562786.6111224,rsa_handshake,0.000336241|0.000044362,0.00,0.00,43700224,43700224,512
3166,1764562786.6345968,rsa_handshake,0.000261463|0.000045654,0.00,0.00,43700224,43700224,512
3167,1764562786.6753852,rsa_handshake,0.000383979|0.000046797,0.00,0.00,43700224,43700224,512
3168,1764562786.7087781,rsa_handshake,0.000249140|0.000040104,0.00,0.00,43700224,43700224,512
3169,1764562786.7419503,rsa_handshake,0.000483824|0.000051936,0.00,0.00,43700224,43700224,512
3170,1764562786.7596068,rsa_handshake,0.000234623|0.000036237,0.00,0.00,43700224,43700224,512
3171,1764562786.7934134,rsa_handshake,0.000230717|0.000056785,0.00,0.00,43700224,43700224,512
3172,1764562786.8531501,rsa_handshake,0.000250814|0.000037078,0.00,0.00,43700224,43700224,512
3173,1764562786.8776736,rsa_handshake,0.000226699|0.000036929,0.00,0.00,43700224,43700224,512
3174,1764562786.9351244,rsa_handshake,0.000444541|0.000067484,0.00,0.00,43700224,43700224,512
3175,1764562786.98243,rsa_handshake,0.000256184|0.000035135,0.00,0.00,43700224,43700224,512
3176,1764562787.0079408,rsa_handshake,0.000236878|0.000037229,0.00,0.00,43700224,43700224,512
3177,1764562787.0531044,rsa_handshake,0.000234163|0.000035155,0.00,0.00,43700224,43700224,512
3178,1764562787.1184294,rsa_handshake,0.000230906|0.000034553,0.00,0.00,43700224,43700224,512
3179,1764562787.1329117,rsa_handshake,0.000217282|0.000038411,0.00,0.00,43700224,43700224,512
3180,1764562787.1719954,rsa_handshake,0.000243510|0.000038792,0.00,3031.60,43700224,43700224,512
3181,1764562787.2083004,rsa_handshake,0.000234984|0.000037379,0.00,0.00,43700224,43700224,512
3182,1764562787.244333,rsa_handshake,0.000238220|0.000037940,0.00,0.00,43700224,43700224,512
3183,1764562787.2561326,rsa_handshake,0.000247848|0.000066363,0.00,0.00,43700224,43700224,512
3184,1764562787.2699826,rsa_handshake,0.000258828|0.000040464,0.00,0.00,43700224,43700224,512
3185,1764562787.2998006,rsa_handshake,0.000260902|0.000040225,0.00,0.00,43700224,43700224,512
3186,1764562787.3431754,rsa_handshake,0.000267704|0.000041366,0.00,0.00,43700224,43700224,512
3187,1764562787.3951645,rsa_handshake,0.000237078|0.000036037,0.00,0.00,43700224,43700224,512
3188,1764562787.46846,rsa_handshake,0.000234193|0.000035296,0.00,0.00,43700224,43700224,512
3189,1764562787.4819906,rsa_handshake,0.000282843|0.000050032,0.00,0.00,43700224,43700224,512
3190,1764562787.5236974,rsa_handshake,0.000265601|0.000036798,0.00,0.00,43700224,43700224,512
3191,1764562787.5818934,rsa_handshake,0.000248449|0.000036197,0.00,0.00,43700224,43700224,512
3192,1764562787.6166568,rsa_handshake,0.000251785|0.000042188,0.00,0.00,43700224,43700224,512
3193,1764562787.657404,rsa_handshake,0.000246185|0.000039383,0.00,0.00,43700224,43700224,512
3194,1764562787.6676872,rsa_handshake,0.000236016|0.000040656,0.00,0.00,43700224,43700224,512
3195,1764562787.6936812,rsa_handshake,0.000263026|0.000041387,0.00,0.00,43700224,43700224,512
3196,1764562787.7239175,rsa_handshake,0.000257035|0.000045754,0.00,0.00,43700224,43700224,512
3197,1764562787.7700417,rsa_handshake,0.000234684|0.000035225,0.00,0.00,43700224,43700224,512
3198,1764562787.791796,rsa_handshake,0.000220027|0.000034133,0.00,0.00,43700224,43700224,512
3199,1764562787.8131595,rsa_handshake,0.000237669|0.000035525,0.00,0.00,43700224,43700224,512
3200,1764562787.8709736,rsa_handshake,0.000234834|0.000052507,0.00,0.00,43700224,43700224,512
3201,1764562787.8975236,rsa_handshake,0.000470719|0.000034404,0.00,0.00,43700224,43700224,512
3202,1764562787.9840598,rsa_handshake,0.000269679|0.000042699,0.00,0.00,43700224,43700224,512
3203,1764562788.0130632,rsa_handshake,0.000440764|0.000067595,0.00,0.00,43700224,43700224,512
3204,1764562788.0479875,rsa_handshake,0.000287020|0.000044121,0.00,0.00,43700224,43700224,512
3205,1764562788.0662293,rsa_handshake,0.000237689|0.000036919,0.00,0.00,43700224,43700224,512
3206,1764562788.100039,rsa_handshake,0.000250573|0.000051334,0.00,0.00,43700224,43700224,512
3207,1764562788.1274571,rsa_handshake,0.000272112|0.000034894,0.00,0.00,43700224,43700224,512
3208,1764562788.1666737,rsa_handshake,0.000325040|0.000049682,0.00,0.00,43700224,43700224,512
3209,1764562788.195768,rsa_handshake,0.000376455|0.000039903,0.00,0.00,43700224,43700224,512
3210,1764562788.2066636,rsa_handshake,0.000261133|0.000038080,0.00,0.00,43700224,43700224,512
3211,1764562788.2592783,rsa_handshake,0.000437518|0.000035205,0.00,0.00,43700224,43700224,512
3212,1764562788.3024116,rsa_handshake,0.000234673|0.000036447,0.00,0.00,43700224,43700224,512
3213,1764562788.3353815,rsa_handshake,0.000250422|0.000039493,0.00,0.00,43700224,43700224,512
3214,1764562788.370041,rsa_handshake,0.000272524|0.000042709,0.00,0.00,43700224,43700224,512
3215,1764562788.4095135,rsa_handshake,0.000280839|0.000048099,0.00,0.00,43700224,43700224,512
3216,1764562788.4310722,rsa_handshake,0.000279426|0.000046716,0.00,0.00,43700224,43700224,512
3217,1764562788.462412,rsa_handshake,0.000231888|0.000038240,0.00,0.00,43700224,43700224,512
3218,1764562788.4767146,rsa_handshake,0.000261573|0.000044012,0.00,0.00,43700224,43700224,512
3219,1764562788.4974735,rsa_handshake,0.000247878|0.000036768,0.00,0.00,43700224,43700224,512
3220,1764562788.6107805,rsa_handshake,0.000230656|0.000035155,0.00,3211.30,43700224,43700224,512
3221,1764562788.6445057,rsa_handshake,0.000233331|0.000041938,0.00,0.00,43700224,43700224,512
3222,1764562788.6915367,rsa_handshake,0.000248299|0.000039013,0.00,0.00,43700224,43700224,512
3223,1764562788.7041583,rsa_handshake,0.000252126|0.000040314,0.00,0.00,43700224,43700224,512
3224,1764562788.8143706,rsa_handshake,0.000246806|0.000042979,0.00,0.00,43700224,43700224,512
3225,1764562788.8400884,rsa_handshake,0.000269007|0.000047297,0.00,0.00,43700224,43700224,512
3226,1764562788.8850672,rsa_handshake,0.000249351|0.000037339,0.00,0.00,43700224,43700224,512
3227,1764562788.9019246,rsa_handshake,0.000237328|0.000041466,0.00,3075.30,43700224,43700224,512
3228,1764562788.93437,rsa_handshake,0.000240695|0.000036397,0.00,0.00,43700224,43700224,512
3229,1764562788.9587123,rsa_handshake,0.000447517|0.000080148,0.00,0.00,43700224,43700224,512
3230,1764562789.0509496,rsa_handshake,0.000234192|0.000057025,0.00,0.00,43700224,43700224,512
3231,1764562789.0697315,rsa_handshake,0.000226699|0.000034003,0.00,0.00,43700224,43700224,512
3232,1764562789.1141076,rsa_handshake,0.000256684|0.000043090,0.00,0.00,43700224,43700224,512
3233,1764562789.1290195,rsa_handshake,0.000440994|0.000032730,0.00,0.00,43700224,43700224,512
3234,1764562789.1416602,rsa_handshake,0.000251745|0.000038151,0.00,0.00,43700224,43700224,512
3235,1764562789.195464,rsa_handshake,0.000283103|0.000039864,0.00,0.00,43700224,43700224,512
3236,1764562789.2093592,rsa_handshake,0.000532023|0.000078726,0.00,0.00,43700224,43700224,512
3237,1764562789.2370253,rsa_handshake,0.000322586|0.000056374,0.00,0.00,43700224,43700224,512
3238,1764562789.2659822,rsa_handshake,0.000478454|0.000077313,0.00,0.00,43700224,43700224,512
3239,1764562789.3503969,rsa_handshake,0.000229654|0.000035675,0.00,0.00,43700224,43700224,512
3240,1764562789.402745,rsa_handshake,0.000233692|0.000035926,0.00,0.00,43700224,43700224,512
3241,1764562789.450789,rsa_handshake,0.000257496|0.000042439,0.00,0.00,43700224,43700224,512
3242,1764562789.5077496,rsa_handshake,0.000237609|0.000037349,0.00,0.00,43700224,43700224,512
3243,1764562789.533579,rsa_handshake,0.000228081|0.000035505,0.00,0.00,43700224,43700224,512
3244,1764562789.5567977,rsa_handshake,0.000233521|0.000036157,0.00,0.00,43700224,43700224,512
3245,1764562789.5702882,rsa_handshake,0.000232259|0.000036127,0.00,0.00,43700224,43700224,512
3246,1764562789.625134,rsa_handshake,0.000247397|0.000036718,0.00,0.00,43700224,43700224,512
3247,1764562789.6860826,rsa_handshake,0.000428803|0.000035005,0.00,0.00,43700224,43700224,512
3248,1764562789.7314491,rsa_handshake,0.000246936|0.000042218,0.00,0.00,43700224,43700224,512
3249,1764562789.76141,rsa_handshake,0.000225938|0.000035385,0.00,0.00,43700224,43700224,512
3250,1764562789.7940536,rsa_handshake,0.000263287|0.000051686,0.00,0.00,43700224,43700224,512
3251,1764562789.8221552,rsa_handshake,0.000271271|0.000042409,0.00,0.00,43700224,43700224,512
3252,1764562789.8399537,rsa_handshake,0.000298261|0.000053980,0.00,0.00,43700224,43700224,512
3253,1764562789.8757062,rsa_handshake,0.000405469|0.000035736,0.00,0.00,43700224,43700224,512
3254,1764562789.9249768,rsa_handshake,0.000376095|0.000038411,0.00,0.00,43700224,43700224,512
3255,1764562789.9764917,rsa_handshake,0.000621017|0.000092491,0.00,1220.20,43700224,43700224,512
3256,1764562790.0182002,rsa_handshake,0.000449390|0.000069708,0.00,0.00,43700224,43700224,512
3257,1764562790.0459442,rsa_handshake,0.000437418|0.000081831,0.00,0.00,43700224,43700224,512
3258,1764562790.0797732,rsa_handshake,0.000586523|0.000049993,0.00,0.00,43700224,43700224,512
3259,1764562790.1624086,rsa_handshake,0.000537753|0.000080839,0.00,0.00,43700224,43700224,512
3260,1764562790.204127,rsa_handshake,0.000480287|0.000089646,0.00,0.00,43700224,43700224,512
3261,1764562790.2554808,rsa_handshake,0.000239773|0.000039132,0.00,0.00,43700224,43700224,512
3262,1764562790.3024294,rsa_handshake,0.000228763|0.000035776,0.00,0.00,43700224,43700224,512
3263,1764562790.3530352,rsa_handshake,0.000231828|0.000034443,0.00,0.00,43700224,43700224,512
3264,1764562790.3776827,rsa_handshake,0.000223262|0.000033402,0.00,0.00,43700224,43700224,512
3265,1764562790.394118,rsa_handshake,0.000959983|0.000031288,0.00,0.00,43700224,43700224,512
3266,1764562790.425541,rsa_handshake,0.000265390|0.000043851,0.00,0.00,43700224,43700224,512
3267,1764562790.4537964,rsa_handshake,0.000469186|0.000097029,0.00,0.00,43700224,43700224,512
3268,1764562790.475501,rsa_handshake,0.000434804|0.000066844,0.00,0.00,43700224,43700224,512
3269,1764562790.5275366,rsa_handshake,0.000233011|0.000040425,0.00,0.00,43700224,43700224,512
3270,1764562790.5448878,rsa_handshake,0.000336532|0.000043370,0.00,0.00,43700224,43700224,512
3271,1764562790.5812218,rsa_handshake,0.000262475|0.000043671,0.00,0.00,43700224,43700224,512
3272,1764562790.6166148,rsa_handshake,0.000255121|0.000041957,0.00,0.00,43700224,43700224,512
3273,1764562790.64421,rsa_handshake,0.000394750|0.000048530,0.00,0.00,43700224,43700224,512
3274,1764562790.7509549,rsa_handshake,0.000335680|0.000063918,0.00,0.00,43700224,43700224,512
3275,1764562790.7767258,rsa_handshake,0.000349796|0.000058588,0.00,0.00,43700224,43700224,512
3276,1764562790.8009093,rsa_handshake,0.000601521|0.000101537,0.00,0.00,43700224,43700224,512
3277,1764562790.8474796,rsa_handshake,0.000253328|0.000043099,0.00,0.00,43700224,43700224,512
3278,1764562790.8958142,rsa_handshake,0.000263126|0.000042628,0.00,0.00,43700224,43700224,512
3279,1764562790.9378252,rsa_handshake,0.000239613|0.000039102,0.00,0.00,43700224,43700224,512
3280,1764562790.9853914,rsa_handshake,0.000227771|0.000035456,0.00,0.00,43700224,43700224,512
3281,1764562791.015794,rsa_handshake,0.000263096|0.000036538,0.00,0.00,43700224,43700224,512
3282,1764562791.0493963,rsa_handshake,0.000225747|0.000064870,0.00,0.00,43700224,43700224,512
3283,1764562791.102766,rsa_handshake,0.000226719|0.000034945,0.00,0.00,43700224,43700224,512
3284,1764562791.1346772,rsa_handshake,0.000242398|0.000035445,0.00,0.00,43700224,43700224,512
3285,1764562791.1502092,rsa_handshake,0.000229745|0.000035476,0.00,0.00,43700224,43700224,512
3286,1764562791.193648,rsa_handshake,0.000251805|0.000047668,0.00,0.00,43700224,43700224,512
3287,1764562791.2639978,rsa_handshake,0.000277813|0.000039813,0.00,0.00,43700224,43700224,512
3288,1764562791.292766,rsa_handshake,0.000261774|0.000041667,0.00,0.00,43700224,43700224,512
3289,1764562791.3675902,rsa_handshake,0.000272975|0.000042098,0.00,0.00,43700224,43700224,512
3290,1764562791.389156,rsa_handshake,0.000278014|0.000047518,0.00,0.00,43700224,43700224,512
3291,1764562791.4171863,rsa_handshake,0.000237739|0.000035366,0.00,0.00,43700224,43700224,512
3292,1764562791.43381,rsa_handshake,0.000242248|0.000039252,0.00,0.00,43700224,43700224,512
3293,1764562791.4918902,rsa_handshake,0.000240975|0.000037319,0.00,0.00,43700224,43700224,512
3294,1764562791.5414736,rsa_handshake,0.000235124|0.000037069,0.00,0.00,43700224,43700224,512
3295,1764562791.5664046,rsa_handshake,0.000438300|0.000066633,0.00,0.00,43700224,43700224,512
3296,1764562791.602435,rsa_handshake,0.000542763|0.000080760,0.00,0.00,43700224,43700224,512
3297,1764562791.6251125,rsa_handshake,0.000866450|0.000078385,0.00,968.80,43700224,43700224,512
3298,1764562791.66998,rsa_handshake,0.000234062|0.000036277,0.00,0.00,43700224,43700224,512
3299,1764562791.7181034,rsa_handshake,0.000267384|0.000035616,0.00,0.00,43700224,43700224,512
3300,1764562791.7605112,rsa_handshake,0.000228312|0.000035135,0.00,0.00,43700224,43700224,512
3301,1764562791.797396,rsa_handshake,0.000237529|0.000035095,0.00,0.00,43700224,43700224,512
3302,1764562791.8654182,rsa_handshake,0.000250923|0.000038632,0.00,0.00,43700224,43700224,512
3303,1764562791.8772595,rsa_handshake,0.000220217|0.000033753,0.00,0.00,43700224,43700224,512
3304,1764562791.9331627,rsa_handshake,0.000258257|0.000039022,0.00,0.00,43700224,43700224,512
3305,1764562791.9940555,rsa_handshake,0.000234543|0.000035215,0.00,0.00,43700224,43700224,512
3306,1764562792.0266938,rsa_handshake,0.000234122|0.000035806,0.00,0.00,43700224,43700224,512
3307,1764562792.053504,rsa_handshake,0.000237709|0.000037269,0.00,0.00,43700224,43700224,512
3308,1764562792.0755134,rsa_handshake,0.000248800|0.000035225,0.00,0.00,43700224,43700224,512
3309,1764562792.0985072,rsa_handshake,0.000244842|0.000039623,0.00,0.00,43700224,43700224,512
3310,1764562792.113682,rsa_handshake,0.000234643|0.000036908,0.00,0.00,43700224,43700224,512
3311,1764562792.1347616,rsa_handshake,0.000227059|0.000034725,0.00,0.00,43700224,43700224,512
3312,1764562792.1862857,rsa_handshake,0.000228743|0.000034414,0.00,0.00,43700224,43700224,512
3313,1764562792.2099342,rsa_handshake,0.000224976|0.000043019,0.00,0.00,43700224,43700224,512
3314,1764562792.2232227,rsa_handshake,0.000251545|0.000040505,0.00,0.00,43700224,43700224,512
3315,1764562792.2335908,rsa_handshake,0.000217492|0.000033161,0.00,0.00,43700224,43700224,512
3316,1764562792.251712,rsa_handshake,0.000434593|0.000064739,0.00,0.00,43700224,43700224,512
3317,1764562792.2787771,rsa_handshake,0.000236086|0.000047588,0.00,0.00,43700224,43700224,512
3318,1764562792.301553,rsa_handshake,0.000454951|0.000065592,0.00,0.00,43700224,43700224,512
3319,1764562792.3196793,rsa_handshake,0.000424133|0.000063266,0.00,0.00,43700224,43700224,512
3320,1764562792.3958757,rsa_handshake,0.000398627|0.000042418,0.00,0.00,43700224,43700224,512
3321,1764562792.4245129,rsa_handshake,0.000486178|0.000034584,0.00,0.00,43700224,43700224,512
3322,1764562792.4532983,rsa_handshake,0.000534828|0.000043010,0.00,0.00,43700224,43700224,512
3323,1764562792.4733908,rsa_handshake,0.000265991|0.000045684,0.00,0.00,43700224,43700224,512
3324,1764562792.5311885,rsa_handshake,0.000272454|0.000041938,0.00,0.00,43700224,43700224,512
3325,1764562792.568269,rsa_handshake,0.000531913|0.000079798,0.00,0.00,43700224,43700224,512
3326,1764562792.595627,rsa_handshake,0.000588748|0.000102279,0.00,0.00,43700224,43700224,512
3327,1764562792.6347656,rsa_handshake,0.000320542|0.000052317,0.00,0.00,43700224,43700224,512
3328,1764562792.6677327,rsa_handshake,0.000255392|0.000040144,0.00,0.00,43700224,43700224,512
3329,1764562792.70056,rsa_handshake,0.001056482|0.000045073,0.00,0.00,43700224,43700224,512
3330,1764562792.733644,rsa_handshake,0.000441415|0.000067925,0.00,0.00,43700224,43700224,512
3331,1764562792.7750983,rsa_handshake,0.000259719|0.000038060,0.00,0.00,43700224,43700224,512
3332,1764562792.80139,rsa_handshake,0.000395300|0.000034264,0.00,0.00,43700224,43700224,512
3333,1764562792.8363535,rsa_handshake,0.000290156|0.000036017,0.00,0.00,43700224,43700224,512
3334,1764562792.8794112,rsa_handshake,0.000309201|0.000037931,0.00,0.00,43700224,43700224,512
3335,1764562792.9069283,rsa_handshake,0.000470659|0.000039554,0.00,1669.20,43700224,43700224,512
3336,1764562792.9268162,rsa_handshake,0.000429474|0.000067395,0.00,0.00,43700224,43700224,512
3337,1764562792.9550326,rsa_handshake,0.000319530|0.000041928,0.00,0.00,43700224,43700224,512
3338,1764562793.0128868,rsa_handshake,0.000229454|0.000036728,0.00,0.00,43700224,43700224,512
3339,1764562793.04944,rsa_handshake,0.000457756|0.000070150,0.00,0.00,43700224,43700224,512
3340,1764562793.0782392,rsa_handshake,0.000233020|0.000035716,0.00,0.00,43700224,43700224,512
3341,1764562793.1098785,rsa_handshake,0.000242147|0.000037319,0.00,0.00,43700224,43700224,512
3342,1764562793.1426742,rsa_handshake,0.000233000|0.000039232,0.00,0.00,43700224,43700224,512
3343,1764562793.1599655,rsa_handshake,0.000259469|0.000043050,0.00,0.00,43700224,43700224,512
3344,1764562793.200555,rsa_handshake,0.000234904|0.000036337,0.00,3053.70,43700224,43700224,512
3345,1764562793.2641704,rsa_handshake,0.000248189|0.000041757,0.00,0.00,43700224,43700224,512
3346,1764562793.298122,rsa_handshake,0.000244562|0.000039954,0.00,0.00,43700224,43700224,512
3347,1764562793.324127,rsa_handshake,0.000242508|0.000035716,0.00,0.00,43700224,43700224,512
3348,1764562793.3605287,rsa_handshake,0.000228141|0.000038861,0.00,0.00,43700224,43700224,512
3349,1764562793.3762145,rsa_handshake,0.000227120|0.000035165,0.00,0.00,43700224,43700224,512
3350,1764562793.3871257,rsa_handshake,0.000219376|0.000034424,0.00,0.00,43700224,43700224,512
3351,1764562793.3972306,rsa_handshake,0.000215067|0.000034113,0.00,0.00,43700224,43700224,512
3352,1764562793.4276097,rsa_handshake,0.000226589|0.000035356,0.00,0.00,43700224,43700224,512
3353,1764562793.4770803,rsa_handshake,0.000237488|0.000035576,0.00,0.00,43700224,43700224,512
3354,1764562793.4946263,rsa_handshake,0.000222010|0.000034313,0.00,0.00,43700224,43700224,512
3355,1764562793.5481405,rsa_handshake,0.000244441|0.000040706,0.00,0.00,43700224,43700224,512
3356,1764562793.607566,rsa_handshake,0.000252948|0.000047047,0.00,2847.10,43700224,43700224,512
3357,1764562793.6372807,rsa_handshake,0.000242207|0.000038270,0.00,0.00,43700224,43700224,512
3358,1764562793.6625447,rsa_handshake,0.000231017|0.000036087,0.00,0.00,43700224,43700224,512
3359,1764562793.6985357,rsa_handshake,0.000237890|0.000037670,0.00,0.00,43700224,43700224,512
3360,1764562793.725614,rsa_handshake,0.000225957|0.000035246,0.00,0.00,43700224,43700224,512
3361,1764562793.7771246,rsa_handshake,0.000458307|0.000034944,0.00,0.00,43700224,43700224,512
3362,1764562793.7998433,rsa_handshake,0.000224806|0.000034854,0.00,0.00,43700224,43700224,512
3363,1764562793.8179367,rsa_handshake,0.000229985|0.000044082,0.00,0.00,43700224,43700224,512
3364,1764562793.84375,rsa_handshake,0.000227480|0.000035516,0.00,0.00,43700224,43700224,512
3365,1764562793.8602247,rsa_handshake,0.000235565|0.000039843,0.00,0.00,43700224,43700224,512
3366,1764562793.9496756,rsa_handshake,0.000228422|0.000036407,0.00,0.00,43700224,43700224,512
3367,1764562793.9767168,rsa_handshake,0.000235405|0.000038582,0.00,0.00,43700224,43700224,512
3368,1764562794.0033145,rsa_handshake,0.000240955|0.000039333,0.00,0.00,43700224,43700224,512
3369,1764562794.0259004,rsa_handshake,0.000237559|0.000036898,0.00,0.00,43700224,43700224,512
3370,1764562794.057333,rsa_handshake,0.000267564|0.000042909,0.00,0.00,43700224,43700224,512
3371,1764562794.1164982,rsa_handshake,0.000228162|0.000036458,0.00,0.00,43700224,43700224,512
3372,1764562794.1628838,rsa_handshake,0.000255703|0.000041637,0.00,0.00,43700224,43700224,512
3373,1764562794.1966326,rsa_handshake,0.000233271|0.000040615,0.00,0.00,43700224,43700224,512
3374,1764562794.2222185,rsa_handshake,0.000268045|0.000047348,0.00,0.00,43700224,43700224,512
3375,1764562794.2716877,rsa_handshake,0.000273585|0.000039923,0.00,0.00,43700224,43700224,512
3376,1764562794.328595,rsa_handshake,0.000229775|0.000035646,0.00,0.00,43700224,43700224,512
3377,1764562794.359545,rsa_handshake,0.000236267|0.000035706,0.00,0.00,43700224,43700224,512
3378,1764562794.389763,rsa_handshake,0.000270860|0.000041206,0.00,0.00,43700224,43700224,512
3379,1764562794.4194841,rsa_handshake,0.000248840|0.000040445,0.00,0.00,43700224,43700224,512
3380,1764562794.46803,rsa_handshake,0.000247577|0.000037259,0.00,0.00,43700224,43700224,512
3381,1764562794.505919,rsa_handshake,0.000238811|0.000039894,0.00,0.00,43700224,43700224,512
3382,1764562794.547895,rsa_handshake,0.000286329|0.000046997,0.00,0.00,43700224,43700224,512
3383,1764562794.6005223,rsa_handshake,0.000245153|0.000036547,0.00,0.00,43700224,43700224,512
3384,1764562794.6240954,rsa_handshake,0.000245023|0.000037298,0.00,0.00,43700224,43700224,512
3385,1764562794.6478806,rsa_handshake,0.000238320|0.000041487,0.00,0.00,43700224,43700224,512
3386,1764562794.684662,rsa_handshake,0.000242518|0.000039193,0.00,0.00,43700224,43700224,512
3387,1764562794.7062507,rsa_handshake,0.000281780|0.000055813,0.00,0.00,43700224,43700224,512
3388,1764562794.7439063,rsa_handshake,0.000315643|0.000052978,0.00,0.00,43700224,43700224,512
3389,1764562794.766999,rsa_handshake,0.000254451|0.000038802,0.00,0.00,43700224,43700224,512
3390,1764562794.8991108,rsa_handshake,0.000238631|0.000036738,0.00,0.00,43700224,43700224,512
3391,1764562794.9433494,rsa_handshake,0.000233291|0.000034845,0.00,3189.10,43700224,43700224,512
3392,1764562794.961015,rsa_handshake,0.000224836|0.000033953,0.00,0.00,43700224,43700224,512
3393,1764562794.9732604,rsa_handshake,0.000469147|0.000039233,0.00,0.00,43700224,43700224,512
3394,1764562795.0175908,rsa_handshake,0.000230245|0.000034944,0.00,0.00,43700224,43700224,512
3395,1764562795.0341961,rsa_handshake,0.000232740|0.000034624,0.00,0.00,43700224,43700224,512
3396,1764562795.098458,rsa_handshake,0.000272714|0.000036318,0.00,0.00,43700224,43700224,512
3397,1764562795.1352398,rsa_handshake,0.000237169|0.000037589,0.00,0.00,43700224,43700224,512
3398,1764562795.203027,rsa_handshake,0.000244572|0.000036668,0.00,0.00,43700224,43700224,512
3399,1764562795.224362,rsa_handshake,0.000427379|0.000044743,0.00,0.00,43700224,43700224,512
3400,1764562795.300058,rsa_handshake,0.000236026|0.000035475,0.00,0.00,43700224,43700224,512
3401,1764562795.340823,rsa_handshake,0.000411931|0.000040155,0.00,0.00,43700224,43700224,512
3402,1764562795.3655822,rsa_handshake,0.000230786|0.000038000,0.00,0.00,43700224,43700224,512
3403,1764562795.3920712,rsa_handshake,0.000232439|0.000034594,0.00,0.00,43700224,43700224,512
3404,1764562795.421479,rsa_handshake,0.000226940|0.000036908,0.00,0.00,43700224,43700224,512
3405,1764562795.4379966,rsa_handshake,0.000250102|0.000041667,0.00,0.00,43700224,43700224,512
3406,1764562795.4833596,rsa_handshake,0.000223733|0.000034655,0.00,0.00,43700224,43700224,512
3407,1764562795.5657341,rsa_handshake,0.000237258|0.000037629,0.00,0.00,43700224,43700224,512
3408,1764562795.6047745,rsa_handshake,0.000231248|0.000037269,0.00,0.00,43700224,43700224,512
3409,1764562795.6258135,rsa_handshake,0.000257205|0.000041527,0.00,0.00,43700224,43700224,512
3410,1764562795.6761959,rsa_handshake,0.000231227|0.000036036,0.00,0.00,43700224,43700224,512
3411,1764562795.7036817,rsa_handshake,0.000229594|0.000036808,0.00,0.00,43700224,43700224,512
3412,1764562795.747083,rsa_handshake,0.000254480|0.000040645,0.00,0.00,43700224,43700224,512
3413,1764562795.7648008,rsa_handshake,0.000232970|0.000033341,0.00,0.00,43700224,43700224,512
3414,1764562795.782437,rsa_handshake,0.000217592|0.000032390,0.00,0.00,43700224,43700224,512
3415,1764562795.825275,rsa_handshake,0.000231067|0.000035656,0.00,0.00,43700224,43700224,512
3416,1764562795.8749123,rsa_handshake,0.000229704|0.000041116,0.00,0.00,43700224,43700224,512
3417,1764562795.9215121,rsa_handshake,0.000253007|0.000041517,0.00,0.00,43700224,43700224,512
3418,1764562795.946805,rsa_handshake,0.000264969|0.000040104,0.00,0.00,43700224,43700224,512
3419,1764562795.96032,rsa_handshake,0.000223794|0.000034564,0.00,0.00,43700224,43700224,512
3420,1764562796.0011625,rsa_handshake,0.000237388|0.000035736,0.00,0.00,43700224,43700224,512
3421,1764562796.0173655,rsa_handshake,0.000217512|0.000032931,0.00,0.00,43700224,43700224,512
3422,1764562796.066844,rsa_handshake,0.000233692|0.000036637,0.00,0.00,43700224,43700224,512
3423,1764562796.0829628,rsa_handshake,0.000256564|0.000038301,0.00,0.00,43700224,43700224,512
3424,1764562796.1088862,rsa_handshake,0.000241476|0.000037069,0.00,0.00,43700224,43700224,512
3425,1764562796.153251,rsa_handshake,0.000507527|0.000039133,0.00,0.00,43700224,43700224,512
3426,1764562796.2330992,rsa_handshake,0.000240604|0.000036327,0.00,0.00,43700224,43700224,512
3427,1764562796.3079567,rsa_handshake,0.000246736|0.000038121,0.00,0.00,43700224,43700224,512
3428,1764562796.330934,rsa_handshake,0.000246926|0.000045735,0.00,0.00,43700224,43700224,512
3429,1764562796.3580086,rsa_handshake,0.000238341|0.000034644,0.00,0.00,43700224,43700224,512
3430,1764562796.3829768,rsa_handshake,0.000288944|0.000042138,0.00,0.00,43700224,43700224,512
3431,1764562796.416426,rsa_handshake,0.000262825|0.000042528,0.00,0.00,43700224,43700224,512
3432,1764562796.431039,rsa_handshake,0.000275899|0.000047698,0.00,0.00,43700224,43700224,512
3433,1764562796.4603972,rsa_handshake,0.000232189|0.000035586,0.00,0.00,43700224,43700224,512
3434,1764562796.4930594,rsa_handshake,0.000233291|0.000034634,0.00,0.00,43700224,43700224,512
3435,1764562796.5329902,rsa_handshake,0.000231648|0.000034514,0.00,0.00,43700224,43700224,512
3436,1764562796.559184,rsa_handshake,0.000224835|0.000034173,0.00,0.00,43700224,43700224,512
3437,1764562796.6055357,rsa_handshake,0.000246696|0.000042629,0.00,0.00,43700224,43700224,512
3438,1764562796.6246467,rsa_handshake,0.000230596|0.000035736,0.00,0.00,43700224,43700224,512
3439,1764562796.666239,rsa_handshake,0.000253327|0.000037219,0.00,0.00,43700224,43700224,512
3440,1764562796.6831212,rsa_handshake,0.000276000|0.000048329,0.00,0.00,43700224,43700224,512
3441,1764562796.7117593,rsa_handshake,0.000261894|0.000050804,0.00,0.00,43700224,43700224,512
3442,1764562796.7474036,rsa_handshake,0.000298772|0.000075991,0.00,0.00,43700224,43700224,512
3443,1764562796.779775,rsa_handshake,0.000438440|0.000096298,0.00,0.00,43700224,43700224,512
3444,1764562796.841912,rsa_handshake,0.000321023|0.000035435,0.00,0.00,43700224,43700224,512
3445,1764562796.900064,rsa_handshake,0.000439502|0.000065471,0.00,0.00,43700224,43700224,512
3446,1764562796.9159014,rsa_handshake,0.000444501|0.000068236,0.00,0.00,43700224,43700224,512
3447,1764562796.9531999,rsa_handshake,0.000444792|0.000069879,0.00,0.00,43700224,43700224,512
3448,1764562796.9873085,rsa_handshake,0.000328407|0.000055422,0.00,0.00,43700224,43700224,512
3449,1764562797.0066764,rsa_handshake,0.000276581|0.000040635,0.00,0.00,43700224,43700224,512
3450,1764562797.0720673,rsa_handshake,0.000621509|0.000108390,0.00,0.00,43700224,43700224,512
3451,1764562797.1010528,rsa_handshake,0.000431287|0.000049561,0.00,1747.60,43700224,43700224,512
3452,1764562797.1419628,rsa_handshake,0.000286499|0.000040544,0.00,0.00,43700224,43700224,512
3453,1764562797.194589,rsa_handshake,0.000361187|0.000060512,0.00,0.00,43700224,43700224,512
3454,1764562797.2329834,rsa_handshake,0.000553532|0.000036668,0.00,0.00,43700224,43700224,512
3455,1764562797.2581627,rsa_handshake,0.000423753|0.000037229,0.00,0.00,43700224,43700224,512
3456,1764562797.3288746,rsa_handshake,0.000524589|0.000095296,0.00,0.00,43700224,43700224,512
3457,1764562797.368755,rsa_handshake,0.000653207|0.000032340,0.00,0.00,43700224,43700224,512
3458,1764562797.3916254,rsa_handshake,0.000228923|0.000035716,0.00,0.00,43700224,43700224,512
3459,1764562797.427794,rsa_handshake,0.000423051|0.000064910,0.00,0.00,43700224,43700224,512
3460,1764562797.469068,rsa_handshake,0.000431217|0.000065211,0.00,0.00,43700224,43700224,512
3461,1764562797.47908,rsa_handshake,0.000394880|0.000045364,0.00,0.00,43700224,43700224,512
3462,1764562797.4984877,rsa_handshake,0.000385352|0.000065931,0.00,0.00,43700224,43700224,512
3463,1764562797.5124702,rsa_handshake,0.000431457|0.000056835,0.00,0.00,43700224,43700224,512
3464,1764562797.528348,rsa_handshake,0.000412973|0.000061554,0.00,0.00,43700224,43700224,512
3465,1764562797.5639122,rsa_handshake,0.000241907|0.000039383,0.00,0.00,43700224,43700224,512
3466,1764562797.6158884,rsa_handshake,0.000313429|0.000040735,0.00,0.00,43700224,43700224,512
3467,1764562797.665302,rsa_handshake,0.000422751|0.000056534,0.00,0.00,43700224,43700224,512
3468,1764562797.6817482,rsa_handshake,0.000272453|0.000036988,0.00,0.00,43700224,43700224,512
3469,1764562797.6954522,rsa_handshake,0.000293402|0.000045865,0.00,0.00,43700224,43700224,512
3470,1764562797.743721,rsa_handshake,0.000458918|0.000071382,0.00,0.00,43700224,43700224,512
3471,1764562797.7970529,rsa_handshake,0.000404477|0.000045404,0.00,0.00,43700224,43700224,512
3472,1764562797.8238082,rsa_handshake,0.000255442|0.000045654,0.00,0.00,43700224,43700224,512
3473,1764562797.8489878,rsa_handshake,0.000239924|0.000036527,0.00,0.00,43700224,43700224,512
3474,1764562797.8699737,rsa_handshake,0.000226028|0.000034674,0.00,0.00,43700224,43700224,512
3475,1764562797.9227016,rsa_handshake,0.000264158|0.000045263,0.00,0.00,43700224,43700224,512
3476,1764562797.9655077,rsa_handshake,0.000239793|0.000037960,0.00,0.00,43700224,43700224,512
3477,1764562797.9777236,rsa_handshake,0.000236116|0.000036057,0.00,0.00,43700224,43700224,512
3478,1764562797.9905157,rsa_handshake,0.000235304|0.000036828,0.00,0.00,43700224,43700224,512
3479,1764562798.029653,rsa_handshake,0.000233892|0.000037459,0.00,0.00,43700224,43700224,512
3480,1764562798.0669723,rsa_handshake,0.000250763|0.000036598,0.00,0.00,43700224,43700224,512
3481,1764562798.1000113,rsa_handshake,0.000240715|0.000034935,0.00,0.00,43700224,43700224,512
3482,1764562798.1495216,rsa_handshake,0.000227100|0.000034644,0.00,0.00,43700224,43700224,512
3483,1764562798.1637127,rsa_handshake,0.000219656|0.000036968,0.00,0.00,43700224,43700224,512
3484,1764562798.2515306,rsa_handshake,0.000240605|0.000037680,0.00,0.00,43700224,43700224,512
3485,1764562798.3075182,rsa_handshake,0.000352502|0.000058759,0.00,0.00,43700224,43700224,512
3486,1764562798.345491,rsa_handshake,0.000366387|0.000047277,0.00,0.00,43700224,43700224,512
3487,1764562798.3843303,rsa_handshake,0.000246606|0.000039223,0.00,0.00,43700224,43700224,512
3488,1764562798.4124966,rsa_handshake,0.000482512|0.000102740,0.00,0.00,43700224,43700224,512
3489,1764562798.4403973,rsa_handshake,0.000491978|0.000040124,0.00,0.00,43700224,43700224,512
3490,1764562798.4597042,rsa_handshake,0.000410508|0.000062926,0.00,0.00,43700224,43700224,512
3491,1764562798.4987257,rsa_handshake,0.000237228|0.000034704,0.00,0.00,43700224,43700224,512
3492,1764562798.5865033,rsa_handshake,0.000225287|0.000034624,0.00,0.00,43700224,43700224,512
3493,1764562798.6093788,rsa_handshake,0.000417791|0.000034794,0.00,0.00,43700224,43700224,512
3494,1764562798.6242375,rsa_handshake,0.000217021|0.000033632,0.00,0.00,43700224,43700224,512
3495,1764562798.6587257,rsa_handshake,0.000259059|0.000035826,0.00,0.00,43700224,43700224,512
3496,1764562798.6715026,rsa_handshake,0.000531261|0.000084396,0.00,0.00,43700224,43700224,512
3497,1764562798.7042387,rsa_handshake,0.000446866|0.000044803,0.00,0.00,43700224,43700224,512
3498,1764562798.7808669,rsa_handshake,0.000259139|0.000041376,0.00,0.00,43700224,43700224,512
3499,1764562798.812075,rsa_handshake,0.000244021|0.000036478,0.00,0.00,43700224,43700224,512
3500,1764562798.8347652,rsa_handshake,0.000431277|0.000072554,0.00,0.00,43700224,43700224,512
3501,1764562798.8662195,rsa_handshake,0.000230415|0.000035456,0.00,0.00,43700224,43700224,512
3502,1764562798.8925378,rsa_handshake,0.000222581|0.000034384,0.00,0.00,43700224,43700224,512
3503,1764562798.9362419,rsa_handshake,0.000224736|0.000033993,0.00,0.00,43700224,43700224,512
3504,1764562798.95796,rsa_handshake,0.000226749|0.000038711,0.00,0.00,43700224,43700224,512
3505,1764562799.009652,rsa_handshake,0.000226859|0.000034664,0.00,0.00,43700224,43700224,512
3506,1764562799.0630093,rsa_handshake,0.000475428|0.000037669,0.00,0.00,43700224,43700224,512
3507,1764562799.0792756,rsa_handshake,0.000222131|0.000034033,0.00,0.00,43700224,43700224,512
3508,1764562799.0987926,rsa_handshake,0.000238210|0.000036929,0.00,0.00,43700224,43700224,512
3509,1764562799.1931303,rsa_handshake,0.000237119|0.000035726,0.00,0.00,43700224,43700224,512
3510,1764562799.233729,rsa_handshake,0.000227160|0.000035486,0.00,0.00,43700224,43700224,512
3511,1764562799.2669666,rsa_handshake,0.000233892|0.000035987,0.00,0.00,43700224,43700224,512
3512,1764562799.3433504,rsa_handshake,0.000232550|0.000036437,0.00,0.00,43700224,43700224,512
3513,1764562799.3743868,rsa_handshake,0.000223473|0.000035285,0.00,0.00,43700224,43700224,512
3514,1764562799.3968046,rsa_handshake,0.000233923|0.000038832,0.00,0.00,43700224,43700224,512
3515,1764562799.4147985,rsa_handshake,0.000268576|0.000043130,0.00,0.00,43700224,43700224,512
3516,1764562799.4323194,rsa_handshake,0.000231689|0.000035495,0.00,0.00,43700224,43700224,512
3517,1764562799.442889,rsa_handshake,0.000212583|0.000033171,0.00,0.00,43700224,43700224,512
3518,1764562799.4572845,rsa_handshake,0.000209547|0.000032059,0.00,0.00,43700224,43700224,512
3519,1764562799.4694712,rsa_handshake,0.000211100|0.000032099,0.00,0.00,43700224,43700224,512
3520,1764562799.5344572,rsa_handshake,0.000227561|0.000034293,0.00,0.00,43700224,43700224,512
3521,1764562799.5555081,rsa_handshake,0.000426628|0.000033682,0.00,0.00,43700224,43700224,512
3522,1764562799.5861104,rsa_handshake,0.000226338|0.000033382,0.00,0.00,43700224,43700224,512
3523,1764562799.6250796,rsa_handshake,0.000241537|0.000035696,0.00,0.00,43700224,43700224,512
3524,1764562799.657886,rsa_handshake,0.000229234|0.000035045,0.00,0.00,43700224,43700224,512
3525,1764562799.6735516,rsa_handshake,0.000227100|0.000032921,0.00,3358.10,43700224,43700224,512
3526,1764562799.7234976,rsa_handshake,0.000231868|0.000035736,0.00,0.00,43700224,43700224,512
3527,1764562799.7949753,rsa_handshake,0.000237770|0.000035496,0.00,0.00,43700224,43700224,512
3528,1764562799.8356805,rsa_handshake,0.000533897|0.000082572,0.00,0.00,43700224,43700224,512
3529,1764562799.867136,rsa_handshake,0.000241907|0.000038571,0.00,0.00,43700224,43700224,512
3530,1764562799.9031653,rsa_handshake,0.000238942|0.000036367,0.00,0.00,43700224,43700224,512
3531,1764562799.9985108,rsa_handshake,0.000228142|0.000036077,0.00,0.00,43700224,43700224,512
3532,1764562800.0287519,rsa_handshake,0.000228482|0.000035105,0.00,0.00,43700224,43700224,512
3533,1764562800.094847,rsa_handshake,0.000227040|0.000035486,0.00,0.00,43700224,43700224,512
3534,1764562800.119657,rsa_handshake,0.000221379|0.000035055,0.00,0.00,43700224,43700224,512
3535,1764562800.1597736,rsa_handshake,0.000232911|0.000036338,0.00,0.00,43700224,43700224,512
3536,1764562800.211912,rsa_handshake,0.000227380|0.000042418,0.00,0.00,43700224,43700224,512
3537,1764562800.2664747,rsa_handshake,0.000225036|0.000035255,0.00,0.00,43700224,43700224,512
3538,1764562800.2965853,rsa_handshake,0.000269107|0.000046727,0.00,0.00,43700224,43700224,512
3539,1764562800.3215919,rsa_handshake,0.000254070|0.000035987,0.00,0.00,43700224,43700224,512
3540,1764562800.3714023,rsa_handshake,0.000243800|0.000038462,0.00,0.00,43700224,43700224,512
3541,1764562800.3998036,rsa_handshake,0.000217662|0.000033863,0.00,0.00,43700224,43700224,512
3542,1764562800.4465756,rsa_handshake,0.000240645|0.000040575,0.00,0.00,43700224,43700224,512
3543,1764562800.4714413,rsa_handshake,0.000532995|0.000081220,0.00,0.00,43700224,43700224,512
3544,1764562800.574077,rsa_handshake,0.000242718|0.000037259,0.00,0.00,43700224,43700224,512
3545,1764562800.6094582,rsa_handshake,0.000455953|0.000067415,0.00,0.00,43700224,43700224,512
3546,1764562800.6254478,rsa_handshake,0.000351890|0.000054150,0.00,0.00,43700224,43700224,512
3547,1764562800.7468603,rsa_handshake,0.000261864|0.000045163,0.00,0.00,43700224,43700224,512
3548,1764562800.7631311,rsa_handshake,0.000470529|0.000079016,0.00,0.00,43700224,43700224,512
3549,1764562800.7910364,rsa_handshake,0.000356419|0.000034995,0.00,2167.50,43700224,43700224,512
3550,1764562800.8316746,rsa_handshake,0.000233231|0.000036597,0.00,0.00,43700224,43700224,512
3551,1764562800.853645,rsa_handshake,0.000224725|0.000036056,0.00,0.00,43700224,43700224,512
3552,1764562800.8997853,rsa_handshake,0.000228773|0.000036007,0.00,0.00,43700224,43700224,512
3553,1764562800.926655,rsa_handshake,0.000431647|0.000031388,0.00,0.00,43700224,43700224,512
3554,1764562800.9399612,rsa_handshake,0.000365124|0.000074398,0.00,0.00,43700224,43700224,512
3555,1764562800.959298,rsa_handshake,0.000221780|0.000033262,0.00,0.00,43700224,43700224,512
3556,1764562800.9991515,rsa_handshake,0.000232239|0.000035265,0.00,0.00,43700224,43700224,512
3557,1764562801.0117443,rsa_handshake,0.000223853|0.000038731,0.00,3281.50,43700224,43700224,512
3558,1764562801.0496867,rsa_handshake,0.000225647|0.000034374,0.00,0.00,43700224,43700224,512
3559,1764562801.0590203,rsa_handshake,0.000217693|0.000033462,0.00,0.00,43700224,43700224,512
3560,1764562801.1035004,rsa_handshake,0.000227711|0.000034644,0.00,0.00,43700224,43700224,512
3561,1764562801.1605544,rsa_handshake,0.000226969|0.000034494,0.00,0.00,43700224,43700224,512
3562,1764562801.1787558,rsa_handshake,0.000219635|0.000033832,0.00,0.00,43700224,43700224,512
3563,1764562801.2026098,rsa_handshake,0.000213574|0.000032521,0.00,0.00,43700224,43700224,512
3564,1764562801.2511234,rsa_handshake,0.000244903|0.000037510,0.00,0.00,43700224,43700224,512
3565,1764562801.2700894,rsa_handshake,0.000235705|0.000035035,0.00,0.00,43700224,43700224,512
3566,1764562801.2975574,rsa_handshake,0.000251715|0.000041727,0.00,0.00,43700224,43700224,512
3567,1764562801.3759975,rsa_handshake,0.000242137|0.000035766,0.00,0.00,43700224,43700224,512
3568,1764562801.40318,rsa_handshake,0.000217501|0.000033712,0.00,0.00,43700224,43700224,512
3569,1764562801.4321537,rsa_handshake,0.000236427|0.000036146,0.00,0.00,43700224,43700224,512
3570,1764562801.4815204,rsa_handshake,0.000272313|0.000036848,0.00,0.00,43700224,43700224,512
3571,1764562801.5029068,rsa_handshake,0.000217973|0.000038481,0.00,0.00,43700224,43700224,512
3572,1764562801.5267203,rsa_handshake,0.000220697|0.000033041,0.00,0.00,43700224,43700224,512
3573,1764562801.5637636,rsa_handshake,0.000220467|0.000034223,0.00,0.00,43700224,43700224,512
3574,1764562801.6422958,rsa_handshake,0.000239973|0.000037148,0.00,0.00,43700224,43700224,512
3575,1764562801.6700325,rsa_handshake,0.000229103|0.000034544,0.00,0.00,43700224,43700224,512
3576,1764562801.7028146,rsa_handshake,0.000314482|0.000061314,0.00,0.00,43700224,43700224,512
3577,1764562801.7350104,rsa_handshake,0.000331553|0.000053519,0.00,0.00,43700224,43700224,512
3578,1764562801.7751362,rsa_handshake,0.000398086|0.000040836,0.00,0.00,43700224,43700224,512
3579,1764562801.8131185,rsa_handshake,0.000305033|0.000063807,0.00,0.00,43700224,43700224,512
3580,1764562801.848684,rsa_handshake,0.000229754|0.000035475,0.00,0.00,43700224,43700224,512
3581,1764562801.8730507,rsa_handshake,0.000551739|0.000094594,0.00,0.00,43700224,43700224,512
3582,1764562801.9167259,rsa_handshake,0.000445023|0.000034914,0.00,0.00,43700224,43700224,512
3583,1764562801.9599495,rsa_handshake,0.000347933|0.000034904,0.00,2145.80,43700224,43700224,512
3584,1764562802.0330956,rsa_handshake,0.000234312|0.000035606,0.00,0.00,43700224,43700224,512
3585,1764562802.0631242,rsa_handshake,0.000992013|0.000052006,0.00,0.00,43700224,43700224,512
3586,1764562802.0864365,rsa_handshake,0.000415097|0.000063167,0.00,0.00,43700224,43700224,512
3587,1764562802.182139,rsa_handshake,0.000235165|0.000036498,0.00,0.00,43700224,43700224,512
3588,1764562802.2011728,rsa_handshake,0.000226649|0.000034985,0.00,0.00,43700224,43700224,512
3589,1764562802.2213247,rsa_handshake,0.000514711|0.000093453,0.00,0.00,43700224,43700224,512
3590,1764562802.2429452,rsa_handshake,0.000426328|0.000071843,0.00,1735.90,43700224,43700224,512
3591,1764562802.303067,rsa_handshake,0.000406101|0.000035546,0.00,0.00,43700224,43700224,512
3592,1764562802.3270917,rsa_handshake,0.000283013|0.000034313,0.00,0.00,43700224,43700224,512
3593,1764562802.3681836,rsa_handshake,0.000426608|0.000065181,0.00,0.00,43700224,43700224,512
3594,1764562802.4073257,rsa_handshake,0.000434783|0.000065080,0.00,0.00,43700224,43700224,512
3595,1764562802.4326723,rsa_handshake,0.000314270|0.000034294,0.00,0.00,43700224,43700224,512
3596,1764562802.483533,rsa_handshake,0.000230556|0.000035646,0.00,0.00,43700224,43700224,512
3597,1764562802.5060468,rsa_handshake,0.000236427|0.000037700,0.00,0.00,43700224,43700224,512
3598,1764562802.5801737,rsa_handshake,0.000245393|0.000037028,0.00,0.00,43700224,43700224,512
3599,1764562802.5970094,rsa_handshake,0.000412923|0.000036507,0.00,0.00,43700224,43700224,512
3600,1764562802.6667957,rsa_handshake,0.000320301|0.000035285,0.00,0.00,43700224,43700224,512
3601,1764562802.6878283,rsa_handshake,0.000527224|0.000079366,0.00,0.00,43700224,43700224,512
3602,1764562802.7323496,rsa_handshake,0.000465750|0.000067284,0.00,0.00,43700224,43700224,512
3603,1764562802.753072,rsa_handshake,0.000337203|0.000035485,0.00,0.00,43700224,43700224,512
3604,1764562802.7718391,rsa_handshake,0.000445032|0.000064369,0.00,0.00,43700224,43700224,512
3605,1764562802.8346853,rsa_handshake,0.000441837|0.000063307,0.00,0.00,43700224,43700224,512
3606,1764562802.8599534,rsa_handshake,0.000305044|0.000034704,0.00,0.00,43700224,43700224,512
3607,1764562802.8970795,rsa_handshake,0.000475979|0.000040275,0.00,0.00,43700224,43700224,512
3608,1764562802.9378812,rsa_handshake,0.000333997|0.000034604,0.00,0.00,43700224,43700224,512
3609,1764562802.9799051,rsa_handshake,0.000290436|0.000038532,0.00,0.00,43700224,43700224,512
3610,1764562803.0303714,rsa_handshake,0.000244752|0.000043620,0.00,0.00,43700224,43700224,512
3611,1764562803.0876532,rsa_handshake,0.000229434|0.000035636,0.00,0.00,43700224,43700224,512
3612,1764562803.1214983,rsa_handshake,0.000497479|0.000042379,0.00,0.00,43700224,43700224,512
3613,1764562803.1499865,rsa_handshake,0.000536652|0.000088264,0.00,0.00,43700224,43700224,512
3614,1764562803.1734402,rsa_handshake,0.000316344|0.000055953,0.00,0.00,43700224,43700224,512
3615,1764562803.205594,rsa_handshake,0.000260260|0.000044923,0.00,0.00,43700224,43700224,512
3616,1764562803.2523825,rsa_handshake,0.000228723|0.000035896,0.00,0.00,43700224,43700224,512
3617,1764562803.3326926,rsa_handshake,0.000445773|0.000034304,0.00,0.00,43700224,43700224,512
3618,1764562803.3479593,rsa_handshake,0.000263597|0.000057807,0.00,0.00,43700224,43700224,512
3619,1764562803.368452,rsa_handshake,0.000226389|0.000035355,0.00,0.00,43700224,43700224,512
3620,1764562803.4027731,rsa_handshake,0.000231458|0.000037680,0.00,0.00,43700224,43700224,512
3621,1764562803.5028787,rsa_handshake,0.000230636|0.000035265,0.00,0.00,43700224,43700224,512
3622,1764562803.5540223,rsa_handshake,0.000248810|0.000040254,0.00,0.00,43700224,43700224,512
3623,1764562803.5976017,rsa_handshake,0.000250613|0.000040094,0.00,0.00,43700224,43700224,512
3624,1764562803.6277883,rsa_handshake,0.000227971|0.000039804,0.00,0.00,43700224,43700224,512
3625,1764562803.6445968,rsa_handshake,0.000238921|0.000041687,0.00,0.00,43700224,43700224,512
3626,1764562803.6718304,rsa_handshake,0.000247667|0.000038361,0.00,0.00,43700224,43700224,512
3627,1764562803.7002692,rsa_handshake,0.000441976|0.000066843,0.00,0.00,43700224,43700224,512
3628,1764562803.751164,rsa_handshake,0.000246916|0.000039573,0.00,0.00,43700224,43700224,512
3629,1764562803.7864428,rsa_handshake,0.000234193|0.000035686,0.00,0.00,43700224,43700224,512
3630,1764562803.8054461,rsa_handshake,0.000503540|0.000040084,0.00,0.00,43700224,43700224,512
3631,1764562803.8307633,rsa_handshake,0.000270600|0.000042419,0.00,0.00,43700224,43700224,512
3632,1764562803.8761392,rsa_handshake,0.000535369|0.000081210,0.00,0.00,43700224,43700224,512
3633,1764562803.9051487,rsa_handshake,0.000240885|0.000037500,0.00,0.00,43700224,43700224,512
3634,1764562803.9534547,rsa_handshake,0.000225376|0.000034474,0.00,0.00,43700224,43700224,512
3635,1764562804.0102053,rsa_handshake,0.000236227|0.000037449,0.00,0.00,43700224,43700224,512
3636,1764562804.0400248,rsa_handshake,0.000246866|0.000038391,0.00,0.00,43700224,43700224,512
3637,1764562804.0772004,rsa_handshake,0.000226479|0.000034864,0.00,0.00,43700224,43700224,512
3638,1764562804.1087935,rsa_handshake,0.000237629|0.000036908,0.00,0.00,43700224,43700224,512
3639,1764562804.1625228,rsa_handshake,0.000229885|0.000036016,0.00,0.00,43700224,43700224,512
3640,1764562804.194918,rsa_handshake,0.000230716|0.000040325,0.00,0.00,43700224,43700224,512
3641,1764562804.2160003,rsa_handshake,0.000241376|0.000035956,0.00,0.00,43700224,43700224,512
3642,1764562804.24425,rsa_handshake,0.000443951|0.000067655,0.00,0.00,43700224,43700224,512
3643,1764562804.2693646,rsa_handshake,0.000459750|0.000068807,0.00,0.00,43700224,43700224,512
3644,1764562804.3066537,rsa_handshake,0.000458116|0.000065731,0.00,0.00,43700224,43700224,512
3645,1764562804.333862,rsa_handshake,0.000418483|0.000063447,0.00,0.00,43700224,43700224,512
3646,1764562804.370995,rsa_handshake,0.000422610|0.000073726,0.00,0.00,43700224,43700224,512
3647,1764562804.3997028,rsa_handshake,0.000470389|0.000082503,0.00,0.00,43700224,43700224,512
3648,1764562804.4471085,rsa_handshake,0.000257686|0.000050474,0.00,0.00,43700224,43700224,512
3649,1764562804.4689677,rsa_handshake,0.000839361|0.000034164,0.00,1062.60,43700224,43700224,512
3650,1764562804.517021,rsa_handshake,0.000434863|0.000038381,0.00,0.00,43700224,43700224,512
3651,1764562804.5337503,rsa_handshake,0.000477983|0.000078375,0.00,0.00,43700224,43700224,512
3652,1764562804.5732524,rsa_handshake,0.000243780|0.000037309,0.00,0.00,43700224,43700224,512
3653,1764562804.5919747,rsa_handshake,0.000510674|0.000078956,0.00,0.00,43700224,43700224,512
3654,1764562804.6484702,rsa_handshake,0.000263778|0.000044703,0.00,0.00,43700224,43700224,512
3655,1764562804.6834219,rsa_handshake,0.000454199|0.000067535,0.00,1660.00,43700224,43700224,512
3656,1764562804.7079654,rsa_handshake,0.000322145|0.000036217,0.00,0.00,43700224,43700224,512
3657,1764562804.7289057,rsa_handshake,0.000472674|0.000084566,0.00,0.00,43700224,43700224,512
3658,1764562804.7500944,rsa_handshake,0.000264629|0.000045364,0.00,0.00,43700224,43700224,512
3659,1764562804.77698,rsa_handshake,0.000449079|0.000074748,0.00,0.00,43700224,43700224,512
3660,1764562804.8060668,rsa_handshake,0.000246596|0.000037360,0.00,0.00,43700224,43700224,512
3661,1764562804.8742955,rsa_handshake,0.000242248|0.000039112,0.00,0.00,43700224,43700224,512
3662,1764562804.9046052,rsa_handshake,0.000448879|0.000045324,0.00,0.00,43700224,43700224,512
3663,1764562804.9251666,rsa_handshake,0.000325121|0.000044472,0.00,0.00,43700224,43700224,512
3664,1764562804.9457495,rsa_handshake,0.000468445|0.000074157,0.00,0.00,43700224,43700224,512
3665,1764562804.9818778,rsa_handshake,0.000270099|0.000039123,0.00,0.00,43700224,43700224,512
3666,1764562805.0376284,rsa_handshake,0.000455091|0.000071622,0.00,0.00,43700224,43700224,512
3667,1764562805.077584,rsa_handshake,0.000249561|0.000035736,0.00,0.00,43700224,43700224,512
3668,1764562805.1352127,rsa_handshake,0.000308420|0.000051024,0.00,0.00,43700224,43700224,512
3669,1764562805.1625736,rsa_handshake,0.000493031|0.000079236,0.00,0.00,43700224,43700224,512
3670,1764562805.2087827,rsa_handshake,0.000392645|0.000059280,0.00,0.00,43700224,43700224,512
3671,1764562805.2667067,rsa_handshake,0.000248008|0.000037118,0.00,0.00,43700224,43700224,512
3672,1764562805.3171945,rsa_handshake,0.000248890|0.000038341,0.00,0.00,43700224,43700224,512
3673,1764562805.3325608,rsa_handshake,0.000231819|0.000035225,0.00,0.00,43700224,43700224,512
3674,1764562805.3829038,rsa_handshake,0.000446094|0.000068307,0.00,0.00,43700224,43700224,512
3675,1764562805.4153419,rsa_handshake,0.000265120|0.000043360,0.00,0.00,43700224,43700224,512
3676,1764562805.4446194,rsa_handshake,0.000232911|0.000039082,0.00,3153.70,43700224,43700224,512
3677,1764562805.500079,rsa_handshake,0.000264459|0.000040314,0.00,0.00,43700224,43700224,512
3678,1764562805.541829,rsa_handshake,0.000235074|0.000039874,0.00,0.00,43700224,43700224,512
3679,1764562805.6041512,rsa_handshake,0.000245083|0.000037609,0.00,0.00,43700224,43700224,512
3680,1764562805.652321,rsa_handshake,0.000383779|0.000063017,0.00,0.00,43700224,43700224,512
3681,1764562805.676266,rsa_handshake,0.000860089|0.000038632,0.00,0.00,43700224,43700224,512
3682,1764562805.700729,rsa_handshake,0.000446265|0.000066193,0.00,0.00,43700224,43700224,512
3683,1764562805.782172,rsa_handshake,0.000280688|0.000037709,0.00,0.00,43700224,43700224,512
3684,1764562805.801141,rsa_handshake,0.000394950|0.000035306,0.00,0.00,43700224,43700224,512
3685,1764562805.830531,rsa_handshake,0.000270219|0.000060923,0.00,0.00,43700224,43700224,512
3686,1764562805.85398,rsa_handshake,0.000313529|0.000038521,0.00,0.00,43700224,43700224,512
3687,1764562805.8779752,rsa_handshake,0.000403827|0.000073416,0.00,0.00,43700224,43700224,512
3688,1764562805.916936,rsa_handshake,0.000434813|0.000065991,0.00,0.00,43700224,43700224,512
3689,1764562805.96633,rsa_handshake,0.000234804|0.000036477,0.00,3150.70,43700224,43700224,512
3690,1764562806.017417,rsa_handshake,0.000245945|0.000037659,0.00,0.00,43700224,43700224,512
3691,1764562806.0385244,rsa_handshake,0.000260351|0.000040685,0.00,0.00,43700224,43700224,512
3692,1764562806.086372,rsa_handshake,0.000226308|0.000035676,0.00,0.00,43700224,43700224,512
3693,1764562806.1003118,rsa_handshake,0.000235194|0.000041426,0.00,0.00,43700224,43700224,512
3694,1764562806.1797442,rsa_handshake,0.000260201|0.000037890,0.00,0.00,43700224,43700224,512
3695,1764562806.2060242,rsa_handshake,0.000255653|0.000039964,0.00,0.00,43700224,43700224,512
3696,1764562806.3251328,rsa_handshake,0.000444521|0.000066453,0.00,0.00,43700224,43700224,512
3697,1764562806.3491223,rsa_handshake,0.000480228|0.000074668,0.00,1557.70,43700224,43700224,512
3698,1764562806.3685155,rsa_handshake,0.000337554|0.000055653,0.00,0.00,43700224,43700224,512
3699,1764562806.4108567,rsa_handshake,0.000293071|0.000038922,0.00,0.00,43700224,43700224,512
3700,1764562806.4262223,rsa_handshake,0.000220878|0.000033822,0.00,0.00,43700224,43700224,512
3701,1764562806.458458,rsa_handshake,0.000217021|0.000032791,0.00,0.00,43700224,43700224,512
3702,1764562806.4883614,rsa_handshake,0.000245403|0.000035375,0.00,0.00,43700224,43700224,512
3703,1764562806.5079658,rsa_handshake,0.000227461|0.000033211,0.00,0.00,43700224,43700224,512
3704,1764562806.5824323,rsa_handshake,0.000223683|0.000034764,0.00,0.00,43700224,43700224,512
3705,1764562806.6280212,rsa_handshake,0.000259259|0.000034574,0.00,0.00,43700224,43700224,512
3706,1764562806.6482067,rsa_handshake,0.000243891|0.000038752,0.00,0.00,43700224,43700224,512
3707,1764562806.701263,rsa_handshake,0.000231688|0.000035586,0.00,3191.90,43700224,43700224,512
3708,1764562806.7209105,rsa_handshake,0.000242218|0.000041136,0.00,0.00,43700224,43700224,512
3709,1764562806.7830913,rsa_handshake,0.000241767|0.000037109,0.00,0.00,43700224,43700224,512
3710,1764562806.8501043,rsa_handshake,0.000242398|0.000034835,0.00,0.00,43700224,43700224,512
3711,1764562806.8710673,rsa_handshake,0.000248078|0.000041647,0.00,0.00,43700224,43700224,512
3712,1764562806.8908668,rsa_handshake,0.000226569|0.000035205,0.00,0.00,43700224,43700224,512
3713,1764562806.908712,rsa_handshake,0.000429924|0.000031939,0.00,0.00,43700224,43700224,512
3714,1764562806.9312673,rsa_handshake,0.000267224|0.000036748,0.00,0.00,43700224,43700224,512
3715,1764562806.9524784,rsa_handshake,0.000225136|0.000034754,0.00,0.00,43700224,43700224,512
3716,1764562806.987154,rsa_handshake,0.000239813|0.000034915,0.00,0.00,43700224,43700224,512
3717,1764562807.0254946,rsa_handshake,0.000230185|0.000035816,0.00,0.00,43700224,43700224,512
3718,1764562807.063391,rsa_handshake,0.000245283|0.000035756,0.00,0.00,43700224,43700224,512
3719,1764562807.0990715,rsa_handshake,0.000230436|0.000034774,0.00,0.00,43700224,43700224,512
3720,1764562807.1158016,rsa_handshake,0.000226258|0.000035315,0.00,0.00,43700224,43700224,512
3721,1764562807.2170215,rsa_handshake,0.000240224|0.000036868,0.00,0.00,43700224,43700224,512
3722,1764562807.2714314,rsa_handshake,0.000271862|0.000040986,0.00,0.00,43700224,43700224,512
3723,1764562807.2875462,rsa_handshake,0.000239653|0.000038641,0.00,0.00,43700224,43700224,512
3724,1764562807.3333666,rsa_handshake,0.000225186|0.000034253,0.00,0.00,43700224,43700224,512
3725,1764562807.3572347,rsa_handshake,0.000228953|0.000036017,0.00,0.00,43700224,43700224,512
3726,1764562807.405424,rsa_handshake,0.000269879|0.000040756,0.00,0.00,43700224,43700224,512
3727,1764562807.483455,rsa_handshake,0.000416470|0.000037339,0.00,0.00,43700224,43700224,512
3728,1764562807.5046208,rsa_handshake,0.000230867|0.000036387,0.00,0.00,43700224,43700224,512
3729,1764562807.5326703,rsa_handshake,0.000225857|0.000035495,0.00,0.00,43700224,43700224,512
3730,1764562807.5609653,rsa_handshake,0.000234222|0.000035546,0.00,0.00,43700224,43700224,512
3731,1764562807.5815377,rsa_handshake,0.000237038|0.000036939,0.00,0.00,43700224,43700224,512
3732,1764562807.6292741,rsa_handshake,0.000234894|0.000039393,0.00,0.00,43700224,43700224,512
3733,1764562807.6403785,rsa_handshake,0.000222882|0.000037018,0.00,0.00,43700224,43700224,512
3734,1764562807.6588984,rsa_handshake,0.000229334|0.000034684,0.00,0.00,43700224,43700224,512
3735,1764562807.6921268,rsa_handshake,0.000226668|0.000034233,0.00,0.00,43700224,43700224,512
3736,1764562807.715164,rsa_handshake,0.000215839|0.000032770,0.00,0.00,43700224,43700224,512
3737,1764562807.7473075,rsa_handshake,0.000239773|0.000041918,0.00,0.00,43700224,43700224,512
3738,1764562807.7805898,rsa_handshake,0.000245543|0.000038000,0.00,0.00,43700224,43700224,512
3739,1764562807.8038468,rsa_handshake,0.000554745|0.000042900,0.00,0.00,43700224,43700224,512
3740,1764562807.8438978,rsa_handshake,0.000223784|0.000034333,0.00,0.00,43700224,43700224,512
3741,1764562807.8562489,rsa_handshake,0.000226128|0.000034013,0.00,0.00,43700224,43700224,512
3742,1764562807.8737507,rsa_handshake,0.000207714|0.000031488,0.00,0.00,43700224,43700224,512
3743,1764562807.8904393,rsa_handshake,0.000222361|0.000035345,0.00,0.00,43700224,43700224,512
3744,1764562807.9112227,rsa_handshake,0.000225427|0.000035235,0.00,0.00,43700224,43700224,512
3745,1764562807.9448843,rsa_handshake,0.000424234|0.000031879,0.00,0.00,43700224,43700224,512
3746,1764562807.9659884,rsa_handshake,0.000228242|0.000033682,0.00,0.00,43700224,43700224,512
3747,1764562808.0409703,rsa_handshake,0.000237098|0.000036016,0.00,0.00,43700224,43700224,512
3748,1764562808.0684059,rsa_handshake,0.000269077|0.000047248,0.00,0.00,43700224,43700224,512
3749,1764562808.1288533,rsa_handshake,0.000236557|0.000037669,0.00,0.00,43700224,43700224,512
3750,1764562808.16817,rsa_handshake,0.000243790|0.000038221,0.00,0.00,43700224,43700224,512
3751,1764562808.2751696,rsa_handshake,0.000240314|0.000035756,0.00,0.00,43700224,43700224,512
3752,1764562808.3218205,rsa_handshake,0.000268747|0.000040796,0.00,0.00,43700224,43700224,512
3753,1764562808.3400521,rsa_handshake,0.000244652|0.000036948,0.00,0.00,43700224,43700224,512
3754,1764562808.366807,rsa_handshake,0.000236376|0.000035425,0.00,0.00,43700224,43700224,512
3755,1764562808.4053388,rsa_handshake,0.000260331|0.000046165,0.00,0.00,43700224,43700224,512
3756,1764562808.419182,rsa_handshake,0.000227620|0.000033993,0.00,0.00,43700224,43700224,512
3757,1764562808.4995959,rsa_handshake,0.000426869|0.000065812,0.00,0.00,43700224,43700224,512
3758,1764562808.5482612,rsa_handshake,0.000256444|0.000051555,0.00,0.00,43700224,43700224,512
3759,1764562808.567146,rsa_handshake,0.000431046|0.000038150,0.00,0.00,43700224,43700224,512
3760,1764562808.581401,rsa_handshake,0.000478825|0.000039303,0.00,0.00,43700224,43700224,512
3761,1764562808.6008096,rsa_handshake,0.000265871|0.000042950,0.00,0.00,43700224,43700224,512
3762,1764562808.6171765,rsa_handshake,0.000460922|0.000067565,0.00,0.00,43700224,43700224,512
3763,1764562808.6463723,rsa_handshake,0.000335410|0.000040956,0.00,0.00,43700224,43700224,512
3764,1764562808.6814141,rsa_handshake,0.000287170|0.000043159,0.00,0.00,43700224,43700224,512
3765,1764562808.7530048,rsa_handshake,0.000443039|0.000077743,0.00,0.00,43700224,43700224,512
3766,1764562808.7733662,rsa_handshake,0.000488142|0.000070040,0.00,0.00,43700224,43700224,512
3767,1764562808.802757,rsa_handshake,0.000422892|0.000064810,0.00,0.00,43700224,43700224,512
3768,1764562808.8606408,rsa_handshake,0.000524589|0.000080488,0.00,0.00,43700224,43700224,512
3769,1764562808.891552,rsa_handshake,0.000225897|0.000035024,0.00,0.00,43700224,43700224,512
3770,1764562808.9291046,rsa_handshake,0.000461933|0.000075489,0.00,0.00,43700224,43700224,512
3771,1764562808.9545872,rsa_handshake,0.000481349|0.000101888,0.00,0.00,43700224,43700224,512
3772,1764562808.9996011,rsa_handshake,0.000566537|0.000096709,0.00,0.00,43700224,43700224,512
3773,1764562809.0131896,rsa_handshake,0.000518628|0.000078555,0.00,0.00,43700224,43700224,512
3774,1764562809.0641315,rsa_handshake,0.000272033|0.000041727,0.00,0.00,43700224,43700224,512
3775,1764562809.1326423,rsa_handshake,0.000233181|0.000035476,0.00,0.00,43700224,43700224,512
3776,1764562809.1573088,rsa_handshake,0.000439943|0.000067345,0.00,0.00,43700224,43700224,512
3777,1764562809.199368,rsa_handshake,0.000478895|0.000038902,0.00,0.00,43700224,43700224,512
3778,1764562809.2478034,rsa_handshake,0.000251555|0.000040074,0.00,0.00,43700224,43700224,512
3779,1764562809.295591,rsa_handshake,0.000274658|0.000067525,0.00,0.00,43700224,43700224,512
3780,1764562809.3110929,rsa_handshake,0.000363762|0.000034093,0.00,0.00,43700224,43700224,512
3781,1764562809.3786666,rsa_handshake,0.000243069|0.000037389,0.00,0.00,43700224,43700224,512
3782,1764562809.4018962,rsa_handshake,0.000245033|0.000040294,0.00,0.00,43700224,43700224,512
3783,1764562809.424225,rsa_handshake,0.000314241|0.000052798,0.00,0.00,43700224,43700224,512
3784,1764562809.463986,rsa_handshake,0.000428853|0.000073857,0.00,0.00,43700224,43700224,512
3785,1764562809.4817839,rsa_handshake,0.000385742|0.000066623,0.00,0.00,43700224,43700224,512
3786,1764562809.5317183,rsa_handshake,0.000314210|0.000051585,0.00,0.00,43700224,43700224,512
3787,1764562809.61327,rsa_handshake,0.000329679|0.000047387,0.00,0.00,43700224,43700224,512
3788,1764562809.665,rsa_handshake,0.000447847|0.000072394,0.00,0.00,43700224,43700224,512
3789,1764562809.700707,rsa_handshake,0.000430927|0.000065621,0.00,0.00,43700224,43700224,512
3790,1764562809.735277,rsa_handshake,0.000233431|0.000035716,0.00,0.00,43700224,43700224,512
3791,1764562809.7801926,rsa_handshake,0.000274698|0.000042008,0.00,0.00,43700224,43700224,512
3792,1764562809.8439724,rsa_handshake,0.000246105|0.000037589,0.00,0.00,43700224,43700224,512
3793,1764562809.9003265,rsa_handshake,0.000264398|0.000040495,0.00,0.00,43700224,43700224,512
3794,1764562809.924229,rsa_handshake,0.000248208|0.000039343,0.00,0.00,43700224,43700224,512
3795,1764562809.9575696,rsa_handshake,0.000251715|0.000042238,0.00,0.00,43700224,43700224,512
3796,1764562810.0155709,rsa_handshake,0.000276642|0.000042548,0.00,0.00,43700224,43700224,512
3797,1764562810.0531318,rsa_handshake,0.000236377|0.000035857,0.00,0.00,43700224,43700224,512
3798,1764562810.0789707,rsa_handshake,0.000246195|0.000040364,0.00,0.00,43700224,43700224,512
3799,1764562810.145158,rsa_handshake,0.000288533|0.000039764,0.00,0.00,43700224,43700224,512
3800,1764562810.176055,rsa_handshake,0.000255122|0.000038361,0.00,0.00,43700224,43700224,512
3801,1764562810.215883,rsa_handshake,0.000266652|0.000043350,0.00,0.00,43700224,43700224,512
3802,1764562810.235236,rsa_handshake,0.000250583|0.000039182,0.00,0.00,43700224,43700224,512
3803,1764562810.2555265,rsa_handshake,0.000255011|0.000040294,0.00,0.00,43700224,43700224,512
3804,1764562810.2653596,rsa_handshake,0.000249351|0.000037950,0.00,0.00,43700224,43700224,512
3805,1764562810.2986557,rsa_handshake,0.000261323|0.000040625,0.00,0.00,43700224,43700224,512
3806,1764562810.319914,rsa_handshake,0.000268626|0.000042188,0.00,0.00,43700224,43700224,512
3807,1764562810.3470361,rsa_handshake,0.000267575|0.000045645,0.00,0.00,43700224,43700224,512
3808,1764562810.4218295,rsa_handshake,0.000256093|0.000042278,0.00,0.00,43700224,43700224,512
3809,1764562810.4407334,rsa_handshake,0.000484735|0.000036798,0.00,0.00,43700224,43700224,512
3810,1764562810.4946864,rsa_handshake,0.000262735|0.000041627,0.00,0.00,43700224,43700224,512
3811,1764562810.5540466,rsa_handshake,0.000276321|0.000044282,0.00,0.00,43700224,43700224,512
3812,1764562810.586136,rsa_handshake,0.000231719|0.000035556,0.00,0.00,43700224,43700224,512
3813,1764562810.606776,rsa_handshake,0.000236938|0.000036287,0.00,0.00,43700224,43700224,512
3814,1764562810.6601543,rsa_handshake,0.000231257|0.000034434,0.00,0.00,43700224,43700224,512
3815,1764562810.6951818,rsa_handshake,0.000223142|0.000035055,0.00,0.00,43700224,43700224,512
3816,1764562810.7353852,rsa_handshake,0.000225366|0.000034894,0.00,0.00,43700224,43700224,512
3817,1764562810.7602563,rsa_handshake,0.000255983|0.000046626,0.00,0.00,43700224,43700224,512
3818,1764562810.7750192,rsa_handshake,0.000345037|0.000057957,0.00,0.00,43700224,43700224,512
3819,1764562810.808229,rsa_handshake,0.000262665|0.000043230,0.00,0.00,43700224,43700224,512
3820,1764562810.831553,rsa_handshake,0.000341451|0.000036588,0.00,0.00,43700224,43700224,512
3821,1764562810.8435307,rsa_handshake,0.000460821|0.000035165,0.00,0.00,43700224,43700224,512
3822,1764562810.905142,rsa_handshake,0.000376636|0.000041196,0.00,0.00,43700224,43700224,512
3823,1764562810.9682288,rsa_handshake,0.000549886|0.000082222,0.00,0.00,43700224,43700224,512
3824,1764562810.99867,rsa_handshake,0.000228602|0.000035366,0.00,0.00,43700224,43700224,512
3825,1764562811.0422614,rsa_handshake,0.000235906|0.000035105,0.00,0.00,43700224,43700224,512
3826,1764562811.079987,rsa_handshake,0.000404707|0.000061583,0.00,0.00,43700224,43700224,512
3827,1764562811.1354835,rsa_handshake,0.000263728|0.000038772,0.00,0.00,43700224,43700224,512
3828,1764562811.1793103,rsa_handshake,0.000293222|0.000062045,0.00,0.00,43700224,43700224,512
3829,1764562811.20846,rsa_handshake,0.000248779|0.000049271,0.00,0.00,43700224,43700224,512
3830,1764562811.2236223,rsa_handshake,0.000340900|0.000062175,0.00,2070.70,43700224,43700224,512
3831,1764562811.2409167,rsa_handshake,0.000302199|0.000055172,0.00,0.00,43700224,43700224,512
3832,1764562811.2860258,rsa_handshake,0.000252576|0.000042068,0.00,0.00,43700224,43700224,512
3833,1764562811.401313,rsa_handshake,0.000230446|0.000035827,0.00,0.00,43700224,43700224,512
3834,1764562811.4248197,rsa_handshake,0.000237729|0.000039152,0.00,0.00,43700224,43700224,512
3835,1764562811.5092268,rsa_handshake,0.000226428|0.000035566,0.00,0.00,43700224,43700224,512
3836,1764562811.5455074,rsa_handshake,0.000221639|0.000033902,0.00,0.00,43700224,43700224,512
3837,1764562811.5776181,rsa_handshake,0.000228382|0.000035806,0.00,0.00,43700224,43700224,512
3838,1764562811.6243525,rsa_handshake,0.000224615|0.000034875,0.00,0.00,43700224,43700224,512
3839,1764562811.6728594,rsa_handshake,0.000246736|0.000036959,0.00,2989.40,43700224,43700224,512
3840,1764562811.6904776,rsa_handshake,0.000220837|0.000033552,0.00,0.00,43700224,43700224,512
3841,1764562811.7025304,rsa_handshake,0.000412462|0.000030968,0.00,0.00,43700224,43700224,512
3842,1764562811.7261136,rsa_handshake,0.000227050|0.000033151,0.00,0.00,43700224,43700224,512
3843,1764562811.7463207,rsa_handshake,0.000255582|0.000038541,0.00,0.00,43700224,43700224,512
3844,1764562811.7622144,rsa_handshake,0.000236497|0.000036859,0.00,0.00,43700224,43700224,512
3845,1764562811.7903764,rsa_handshake,0.000227410|0.000034423,0.00,0.00,43700224,43700224,512
3846,1764562811.8347802,rsa_handshake,0.000228021|0.000036307,0.00,0.00,43700224,43700224,512
3847,1764562811.846972,rsa_handshake,0.000240084|0.000036147,0.00,0.00,43700224,43700224,512
3848,1764562811.9099357,rsa_handshake,0.000220858|0.000046356,0.00,0.00,43700224,43700224,512
3849,1764562811.9689388,rsa_handshake,0.000227129|0.000044001,0.00,3156.60,43700224,43700224,512
3850,1764562812.0238092,rsa_handshake,0.000236677|0.000036558,0.00,0.00,43700224,43700224,512
3851,1764562812.095464,rsa_handshake,0.000229775|0.000036237,0.00,0.00,43700224,43700224,512
3852,1764562812.111416,rsa_handshake,0.000256344|0.000045314,0.00,0.00,43700224,43700224,512
3853,1764562812.1561022,rsa_handshake,0.000272884|0.000044542,0.00,0.00,43700224,43700224,512
3854,1764562812.1687598,rsa_handshake,0.000224175|0.000034704,0.00,0.00,43700224,43700224,512
3855,1764562812.1826572,rsa_handshake,0.000232259|0.000034905,0.00,0.00,43700224,43700224,512
3856,1764562812.2270331,rsa_handshake,0.000242598|0.000036087,0.00,0.00,43700224,43700224,512
3857,1764562812.2485332,rsa_handshake,0.000266703|0.000041657,0.00,0.00,43700224,43700224,512
3858,1764562812.29981,rsa_handshake,0.000441826|0.000068276,0.00,0.00,43700224,43700224,512
3859,1764562812.325621,rsa_handshake,0.000338085|0.000062966,0.00,0.00,43700224,43700224,512
3860,1764562812.3419304,rsa_handshake,0.000419796|0.000063999,0.00,0.00,43700224,43700224,512
3861,1764562812.3660107,rsa_handshake,0.000432429|0.000064810,0.00,0.00,43700224,43700224,512
3862,1764562812.4096797,rsa_handshake,0.000352261|0.000053129,0.00,0.00,43700224,43700224,512
3863,1764562812.4388297,rsa_handshake,0.000268326|0.000046126,0.00,0.00,43700224,43700224,512
3864,1764562812.4673243,rsa_handshake,0.000258848|0.000039132,0.00,0.00,43700224,43700224,512
3865,1764562812.5175045,rsa_handshake,0.000542703|0.000040856,0.00,0.00,43700224,43700224,512
3866,1764562812.5544903,rsa_handshake,0.000437388|0.000071532,0.00,0.00,43700224,43700224,512
3867,1764562812.5965846,rsa_handshake,0.000562169|0.000062996,0.00,0.00,43700224,43700224,512
3868,1764562812.6910863,rsa_handshake,0.000535289|0.000080679,0.00,1407.10,43700224,43700224,512
3869,1764562812.7165194,rsa_handshake,0.000531532|0.000079386,0.00,0.00,43700224,43700224,512
3870,1764562812.7605705,rsa_handshake,0.000425576|0.000065140,0.00,0.00,43700224,43700224,512
3871,1764562812.8005056,rsa_handshake,0.000428933|0.000067364,0.00,0.00,43700224,43700224,512
3872,1764562812.8162944,rsa_handshake,0.000422761|0.000042519,0.00,0.00,43700224,43700224,512
3873,1764562812.8477404,rsa_handshake,0.000619354|0.000035125,0.00,0.00,43700224,43700224,512
3874,1764562812.8838756,rsa_handshake,0.000413263|0.000062976,0.00,0.00,43700224,43700224,512
3875,1764562812.917942,rsa_handshake,0.000408635|0.000063226,0.00,1781.30,43700224,43700224,512
3876,1764562812.9408157,rsa_handshake,0.000423081|0.000064790,0.00,0.00,43700224,43700224,512
3877,1764562813.0158086,rsa_handshake,0.000266843|0.000044883,0.00,2750.50,43700224,43700224,512
3878,1764562813.0975645,rsa_handshake,0.000288333|0.000047978,0.00,0.00,43700224,43700224,512
3879,1764562813.1414075,rsa_handshake,0.000562790|0.000050894,0.00,0.00,43700224,43700224,512
3880,1764562813.1679277,rsa_handshake,0.000564463|0.000042989,0.00,0.00,43700224,43700224,512
3881,1764562813.2396739,rsa_handshake,0.000255301|0.000041637,0.00,0.00,43700224,43700224,512
3882,1764562813.291802,rsa_handshake,0.000453338|0.000069609,0.00,0.00,43700224,43700224,512
3883,1764562813.3046227,rsa_handshake,0.000452526|0.000077213,0.00,0.00,43700224,43700224,512
3884,1764562813.3527076,rsa_handshake,0.000281389|0.000049060,0.00,2558.00,43700224,43700224,512
3885,1764562813.392469,rsa_handshake,0.000568060|0.000095878,0.00,0.00,43700224,43700224,512
3886,1764562813.4409852,rsa_handshake,0.000523256|0.000087301,0.00,0.00,43700224,43700224,512
3887,1764562813.4752681,rsa_handshake,0.000242828|0.000037038,0.00,0.00,43700224,43700224,512
3888,1764562813.5130634,rsa_handshake,0.000306036|0.000045575,0.00,0.00,43700224,43700224,512
3889,1764562813.5327775,rsa_handshake,0.000266292|0.000039803,0.00,0.00,43700224,43700224,512
3890,1764562813.5519688,rsa_handshake,0.000354314|0.000060442,0.00,2079.30,43700224,43700224,512
3891,1764562813.5956004,rsa_handshake,0.000357741|0.000064349,0.00,0.00,43700224,43700224,512
3892,1764562813.6124575,rsa_handshake,0.000275749|0.000054931,0.00,0.00,43700224,43700224,512
3893,1764562813.6332393,rsa_handshake,0.000462775|0.000089345,0.00,0.00,43700224,43700224,512
3894,1764562813.708052,rsa_handshake,0.000294194|0.000037039,0.00,0.00,43700224,43700224,512
3895,1764562813.7302146,rsa_handshake,0.000235135|0.000038772,0.00,0.00,43700224,43700224,512
3896,1764562813.7520347,rsa_handshake,0.000434373|0.000073897,0.00,0.00,43700224,43700224,512
3897,1764562813.7725327,rsa_handshake,0.000274157|0.000050373,0.00,0.00,43700224,43700224,512
3898,1764562813.8191626,rsa_handshake,0.000531943|0.000080308,0.00,0.00,43700224,43700224,512
3899,1764562813.862306,rsa_handshake,0.000525501|0.000084616,0.00,0.00,43700224,43700224,512
3900,1764562813.8886862,rsa_handshake,0.000229935|0.000034123,0.00,0.00,43700224,43700224,512
3901,1764562813.9427028,rsa_handshake,0.000413294|0.000063718,0.00,0.00,43700224,43700224,512
3902,1764562813.9676182,rsa_handshake,0.000422290|0.000063888,0.00,0.00,43700224,43700224,512
3903,1764562814.0162532,rsa_handshake,0.000272053|0.000038241,0.00,0.00,43700224,43700224,512
3904,1764562814.0311084,rsa_handshake,0.000304262|0.000052256,0.00,0.00,43700224,43700224,512
3905,1764562814.0554905,rsa_handshake,0.000520432|0.000040575,0.00,0.00,43700224,43700224,512
3906,1764562814.0855849,rsa_handshake,0.000253318|0.000038350,0.00,0.00,43700224,43700224,512
3907,1764562814.112561,rsa_handshake,0.000259580|0.000044072,0.00,0.00,43700224,43700224,512
3908,1764562814.1519058,rsa_handshake,0.000536752|0.000063037,0.00,0.00,43700224,43700224,512
3909,1764562814.1908789,rsa_handshake,0.000431998|0.000066222,0.00,0.00,43700224,43700224,512
3910,1764562814.2153487,rsa_handshake,0.000448138|0.000065802,0.00,0.00,43700224,43700224,512
3911,1764562814.2477584,rsa_handshake,0.000257826|0.000044613,0.00,0.00,43700224,43700224,512
3912,1764562814.3235497,rsa_handshake,0.000226649|0.000052347,0.00,0.00,43700224,43700224,512
3913,1764562814.3585975,rsa_handshake,0.000253949|0.000034554,0.00,0.00,43700224,43700224,512
3914,1764562814.373322,rsa_handshake,0.000239763|0.000034293,0.00,0.00,43700224,43700224,512
3915,1764562814.3953125,rsa_handshake,0.000228372|0.000036408,0.00,0.00,43700224,43700224,512
3916,1764562814.4246352,rsa_handshake,0.000229263|0.000035135,0.00,0.00,43700224,43700224,512
3917,1764562814.4519658,rsa_handshake,0.000226578|0.000034914,0.00,0.00,43700224,43700224,512
3918,1764562814.524156,rsa_handshake,0.000236988|0.000035436,0.00,0.00,43700224,43700224,512
3919,1764562814.550966,rsa_handshake,0.000237339|0.000035956,0.00,0.00,43700224,43700224,512
3920,1764562814.5902164,rsa_handshake,0.000271211|0.000037068,0.00,0.00,43700224,43700224,512
3921,1764562814.6311777,rsa_handshake,0.000316525|0.000061043,0.00,0.00,43700224,43700224,512
3922,1764562814.6572669,rsa_handshake,0.000302419|0.000038862,0.00,0.00,43700224,43700224,512
3923,1764562814.6887457,rsa_handshake,0.000228492|0.000034413,0.00,0.00,43700224,43700224,512
3924,1764562814.7045372,rsa_handshake,0.000252016|0.000041547,0.00,0.00,43700224,43700224,512
3925,1764562814.765587,rsa_handshake,0.000368260|0.000082893,0.00,0.00,43700224,43700224,512
3926,1764562814.80124,rsa_handshake,0.000334327|0.000048108,0.00,0.00,43700224,43700224,512
3927,1764562814.819034,rsa_handshake,0.000425736|0.000044061,0.00,0.00,43700224,43700224,512
3928,1764562814.8549628,rsa_handshake,0.000456132|0.000088904,0.00,1551.40,43700224,43700224,512
3929,1764562814.8797643,rsa_handshake,0.000237840|0.000039162,0.00,0.00,43700224,43700224,512
3930,1764562814.8921952,rsa_handshake,0.000429484|0.000063287,0.00,0.00,43700224,43700224,512
3931,1764562814.9359143,rsa_handshake,0.000414856|0.000062686,0.00,0.00,43700224,43700224,512
3932,1764562814.954693,rsa_handshake,0.000216379|0.000034744,0.00,0.00,43700224,43700224,512
3933,1764562815.001545,rsa_handshake,0.000274127|0.000042669,0.00,0.00,43700224,43700224,512
3934,1764562815.03283,rsa_handshake,0.000265060|0.000035686,0.00,0.00,43700224,43700224,512
3935,1764562815.068977,rsa_handshake,0.000246526|0.000036948,0.00,0.00,43700224,43700224,512
3936,1764562815.0908482,rsa_handshake,0.000248209|0.000037650,0.00,2994.80,43700224,43700224,512
3937,1764562815.1722465,rsa_handshake,0.000523568|0.000069318,0.00,0.00,43700224,43700224,512
3938,1764562815.222595,rsa_handshake,0.000274778|0.000050924,0.00,0.00,43700224,43700224,512
3939,1764562815.302955,rsa_handshake,0.000228372|0.000038952,0.00,0.00,43700224,43700224,512
3940,1764562815.3497086,rsa_handshake,0.000274838|0.000034684,0.00,0.00,43700224,43700224,512
3941,1764562815.3815536,rsa_handshake,0.000228893|0.000035515,0.00,0.00,43700224,43700224,512
3942,1764562815.4073322,rsa_handshake,0.000230436|0.000033532,0.00,0.00,43700224,43700224,512
3943,1764562815.4503636,rsa_handshake,0.000348033|0.000043661,0.00,0.00,43700224,43700224,512
3944,1764562815.476998,rsa_handshake,0.000242128|0.000035436,0.00,0.00,43700224,43700224,512
3945,1764562815.512107,rsa_handshake,0.000372078|0.000050593,0.00,0.00,43700224,43700224,512
3946,1764562815.527284,rsa_handshake,0.000346911|0.000044692,0.00,0.00,43700224,43700224,512
3947,1764562815.557371,rsa_handshake,0.000353423|0.000048360,0.00,0.00,43700224,43700224,512
3948,1764562815.5894084,rsa_handshake,0.000387075|0.000048279,0.00,0.00,43700224,43700224,512
3949,1764562815.6353111,rsa_handshake,0.000364634|0.000047578,0.00,0.00,43700224,43700224,512
3950,1764562815.6496637,rsa_handshake,0.000338315|0.000045915,0.00,0.00,43700224,43700224,512
3951,1764562815.671768,rsa_handshake,0.000384781|0.000055482,0.00,0.00,43700224,43700224,512
3952,1764562815.734814,rsa_handshake,0.000299644|0.000035586,0.00,2392.80,43700224,43700224,512
3953,1764562815.763852,rsa_handshake,0.000269508|0.000041036,0.00,0.00,43700224,43700224,512
3954,1764562815.7875166,rsa_handshake,0.000444691|0.000043530,0.00,0.00,43700224,43700224,512
3955,1764562815.824741,rsa_handshake,0.000377758|0.000034714,0.00,0.00,43700224,43700224,512
3956,1764562815.8354359,rsa_handshake,0.000427550|0.000056915,0.00,0.00,43700224,43700224,512
3957,1764562815.8748806,rsa_handshake,0.000443991|0.000067805,0.00,0.00,43700224,43700224,512
3958,1764562815.924352,rsa_handshake,0.000227110|0.000034885,0.00,0.00,43700224,43700224,512
3959,1764562815.9693422,rsa_handshake,0.000252757|0.000039573,0.00,0.00,43700224,43700224,512
3960,1764562815.9924834,rsa_handshake,0.000242378|0.000036427,0.00,0.00,43700224,43700224,512
3961,1764562816.0576224,rsa_handshake,0.000278796|0.000047047,0.00,0.00,43700224,43700224,512
3962,1764562816.0975184,rsa_handshake,0.000265540|0.000036347,0.00,0.00,43700224,43700224,512
3963,1764562816.1243763,rsa_handshake,0.000229554|0.000036908,0.00,0.00,43700224,43700224,512
3964,1764562816.1399703,rsa_handshake,0.000248258|0.000055362,0.00,0.00,43700224,43700224,512
3965,1764562816.1522036,rsa_handshake,0.000455331|0.000069669,0.00,0.00,43700224,43700224,512
3966,1764562816.1797698,rsa_handshake,0.000563892|0.000088233,0.00,0.00,43700224,43700224,512
3967,1764562816.2183375,rsa_handshake,0.000435484|0.000034394,0.00,0.00,43700224,43700224,512
3968,1764562816.2376413,rsa_handshake,0.000428962|0.000041627,0.00,0.00,43700224,43700224,512
3969,1764562816.254594,rsa_handshake,0.000912566|0.000056304,0.00,0.00,43700224,43700224,512
3970,1764562816.2987494,rsa_handshake,0.000430616|0.000035255,0.00,0.00,43700224,43700224,512
3971,1764562816.3187242,rsa_handshake,0.000416639|0.000063938,0.00,0.00,43700224,43700224,512
3972,1764562816.3431141,rsa_handshake,0.000508870|0.000035907,0.00,1589.60,43700224,43700224,512
3973,1764562816.3725066,rsa_handshake,0.000266582|0.000041197,0.00,0.00,43700224,43700224,512
3974,1764562816.3947697,rsa_handshake,0.000347862|0.000034714,0.00,0.00,43700224,43700224,512
3975,1764562816.4197555,rsa_handshake,0.000241106|0.000039243,0.00,0.00,43700224,43700224,512
3976,1764562816.4759912,rsa_handshake,0.000427120|0.000072574,0.00,0.00,43700224,43700224,512
3977,1764562816.5178704,rsa_handshake,0.000525221|0.000079798,0.00,0.00,43700224,43700224,512
3978,1764562816.5319993,rsa_handshake,0.000258097|0.000043300,0.00,0.00,43700224,43700224,512
3979,1764562816.5486324,rsa_handshake,0.000225687|0.000035526,0.00,0.00,43700224,43700224,512
3980,1764562816.6228871,rsa_handshake,0.000233982|0.000037309,0.00,0.00,43700224,43700224,512
3981,1764562816.6367805,rsa_handshake,0.000226759|0.000033772,0.00,0.00,43700224,43700224,512
3982,1764562816.6564121,rsa_handshake,0.000224174|0.000034454,0.00,0.00,43700224,43700224,512
3983,1764562816.7271001,rsa_handshake,0.000273485|0.000047387,0.00,0.00,43700224,43700224,512
3984,1764562816.7666805,rsa_handshake,0.000547843|0.000083735,0.00,0.00,43700224,43700224,512
3985,1764562816.8027785,rsa_handshake,0.000445403|0.000039253,0.00,0.00,43700224,43700224,512
3986,1764562816.8294992,rsa_handshake,0.000274948|0.000057596,0.00,0.00,43700224,43700224,512
3987,1764562816.8985639,rsa_handshake,0.000536851|0.000080038,0.00,1405.20,43700224,43700224,512
3988,1764562816.933517,rsa_handshake,0.000486569|0.000033852,0.00,0.00,43700224,43700224,512
3989,1764562816.955711,rsa_handshake,0.000279306|0.000050513,0.00,0.00,43700224,43700224,512
3990,1764562817.0041747,rsa_handshake,0.000241006|0.000037219,0.00,0.00,43700224,43700224,512
3991,1764562817.0251994,rsa_handshake,0.000229083|0.000034824,0.00,0.00,43700224,43700224,512
3992,1764562817.0404334,rsa_handshake,0.000234243|0.000035556,0.00,0.00,43700224,43700224,512
3993,1764562817.0743856,rsa_handshake,0.000235405|0.000036637,0.00,0.00,43700224,43700224,512
3994,1764562817.1215196,rsa_handshake,0.000277753|0.000046056,0.00,0.00,43700224,43700224,512
3995,1764562817.1473184,rsa_handshake,0.000248779|0.000041397,0.00,2932.40,43700224,43700224,512
3996,1764562817.178777,rsa_handshake,0.000233582|0.000035675,0.00,0.00,43700224,43700224,512
3997,1764562817.2352726,rsa_handshake,0.000245684|0.000038612,0.00,0.00,43700224,43700224,512
3998,1764562817.265387,rsa_handshake,0.000231979|0.000034915,0.00,0.00,43700224,43700224,512
3999,1764562817.3137538,rsa_handshake,0.000244111|0.000042739,0.00,0.00,43700224,43700224,512
4000,1764562817.3384218,rsa_handshake,0.000283834|0.000042980,0.00,0.00,43700224,43700224,512
4001,1764562817.4011056,rsa_handshake,0.000449781|0.000033352,0.00,0.00,43700224,43700224,512
4002,1764562817.4329653,rsa_handshake,0.000236477|0.000034844,0.00,0.00,43700224,43700224,512
4003,1764562817.5512478,rsa_handshake,0.000229534|0.000036387,0.00,0.00,43700224,43700224,512
4004,1764562817.6153479,rsa_handshake,0.000228733|0.000036438,0.00,0.00,43700224,43700224,512
4005,1764562817.6324685,rsa_handshake,0.000466322|0.000064590,0.00,0.00,43700224,43700224,512
4006,1764562817.6643436,rsa_handshake,0.000271652|0.000040244,0.00,0.00,43700224,43700224,512
4007,1764562817.7015684,rsa_handshake,0.000386705|0.000045454,0.00,0.00,43700224,43700224,512
4008,1764562817.7158227,rsa_handshake,0.000488002|0.000096638,0.00,0.00,43700224,43700224,512
4009,1764562817.758945,rsa_handshake,0.000271782|0.000053269,0.00,0.00,43700224,43700224,512
4010,1764562817.7842479,rsa_handshake,0.000480036|0.000071472,0.00,0.00,43700224,43700224,512
4011,1764562817.8347323,rsa_handshake,0.000372808|0.000035055,0.00,0.00,43700224,43700224,512
4012,1764562817.8624666,rsa_handshake,0.000465249|0.000067785,0.00,0.00,43700224,43700224,512
4013,1764562817.911828,rsa_handshake,0.000283173|0.000044232,0.00,0.00,43700224,43700224,512
4014,1764562817.944479,rsa_handshake,0.000254591|0.000038271,0.00,0.00,43700224,43700224,512
4015,1764562817.9750946,rsa_handshake,0.000539066|0.000051875,0.00,0.00,43700224,43700224,512
4016,1764562818.0280466,rsa_handshake,0.000314381|0.000035997,0.00,0.00,43700224,43700224,512
4017,1764562818.107947,rsa_handshake,0.000444070|0.000068396,0.00,0.00,43700224,43700224,512
4018,1764562818.1271112,rsa_handshake,0.000261493|0.000041707,0.00,0.00,43700224,43700224,512
4019,1764562818.1863356,rsa_handshake,0.000487050|0.000038502,0.00,0.00,43700224,43700224,512
4020,1764562818.2217133,rsa_handshake,0.000237900|0.000040515,0.00,0.00,43700224,43700224,512
4021,1764562818.2343936,rsa_handshake,0.000419075|0.000040865,0.00,0.00,43700224,43700224,512
4022,1764562818.2597334,rsa_handshake,0.000250062|0.000038541,0.00,0.00,43700224,43700224,512
4023,1764562818.2802413,rsa_handshake,0.000265721|0.000041677,0.00,0.00,43700224,43700224,512
4024,1764562818.2998116,rsa_handshake,0.000231448|0.000036007,0.00,0.00,43700224,43700224,512
4025,1764562818.3616958,rsa_handshake,0.000249250|0.000041587,0.00,0.00,43700224,43700224,512
4026,1764562818.3802588,rsa_handshake,0.000265971|0.000042980,0.00,2717.20,43700224,43700224,512
4027,1764562818.432631,rsa_handshake,0.000283654|0.000041657,0.00,0.00,43700224,43700224,512
4028,1764562818.4596195,rsa_handshake,0.000251665|0.000040675,0.00,0.00,43700224,43700224,512
4029,1764562818.5048778,rsa_handshake,0.000255752|0.000046997,0.00,0.00,43700224,43700224,512
4030,1764562818.559625,rsa_handshake,0.000237820|0.000036157,0.00,0.00,43700224,43700224,512
4031,1764562818.601936,rsa_handshake,0.000233271|0.000043260,0.00,0.00,43700224,43700224,512
4032,1764562818.624044,rsa_handshake,0.000289435|0.000047047,0.00,0.00,43700224,43700224,512
4033,1764562818.668897,rsa_handshake,0.000479777|0.000037620,0.00,0.00,43700224,43700224,512
4034,1764562818.700708,rsa_handshake,0.000228222|0.000034914,0.00,3248.50,43700224,43700224,512
4035,1764562818.7186475,rsa_handshake,0.000223854|0.000034724,0.00,0.00,43700224,43700224,512
4036,1764562818.7667322,rsa_handshake,0.000247287|0.000040615,0.00,0.00,43700224,43700224,512
4037,1764562818.809852,rsa_handshake,0.000287651|0.000049362,0.00,0.00,43700224,43700224,512
4038,1764562818.8468196,rsa_handshake,0.000252697|0.000044212,0.00,0.00,43700224,43700224,512
4039,1764562818.864209,rsa_handshake,0.000577668|0.000103361,0.00,0.00,43700224,43700224,512
4040,1764562818.9004586,rsa_handshake,0.000361599|0.000059109,0.00,2028.70,43700224,43700224,512
4041,1764562818.958062,rsa_handshake,0.000300906|0.000038782,0.00,0.00,43700224,43700224,512
4042,1764562819.0136027,rsa_handshake,0.000265220|0.000047287,0.00,0.00,43700224,43700224,512
4043,1764562819.051422,rsa_handshake,0.000440464|0.000066723,0.00,0.00,43700224,43700224,512
4044,1764562819.0819156,rsa_handshake,0.000378920|0.000053208,0.00,0.00,43700224,43700224,512
4045,1764562819.1011758,rsa_handshake,0.000431156|0.000064599,0.00,0.00,43700224,43700224,512
4046,1764562819.1196127,rsa_handshake,0.000462625|0.000101086,0.00,0.00,43700224,43700224,512
4047,1764562819.1569977,rsa_handshake,0.000429944|0.000078565,0.00,0.00,43700224,43700224,512
4048,1764562819.1740336,rsa_handshake,0.000521985|0.000047438,0.00,0.00,43700224,43700224,512
4049,1764562819.2159328,rsa_handshake,0.000423242|0.000045004,0.00,0.00,43700224,43700224,512
4050,1764562819.250194,rsa_handshake,0.000452295|0.000065000,0.00,0.00,43700224,43700224,512
4051,1764562819.2682211,rsa_handshake,0.000428481|0.000064489,0.00,0.00,43700224,43700224,512
4052,1764562819.3108802,rsa_handshake,0.000229404|0.000036458,0.00,0.00,43700224,43700224,512
4053,1764562819.396634,rsa_handshake,0.000243470|0.000042629,0.00,0.00,43700224,43700224,512
4054,1764562819.431755,rsa_handshake,0.000422711|0.000064349,0.00,0.00,43700224,43700224,512
4055,1764562819.475,rsa_handshake,0.000427440|0.000073977,0.00,0.00,43700224,43700224,512
4056,1764562819.5076106,rsa_handshake,0.000288112|0.000037339,0.00,0.00,43700224,43700224,512
4057,1764562819.566574,rsa_handshake,0.000243009|0.000039312,0.00,0.00,43700224,43700224,512
4058,1764562819.6035693,rsa_handshake,0.000360766|0.000037931,0.00,0.00,43700224,43700224,512
4059,1764562819.6269636,rsa_handshake,0.000426248|0.000074738,0.00,0.00,43700224,43700224,512
4060,1764562819.6492605,rsa_handshake,0.000256975|0.000044853,0.00,0.00,43700224,43700224,512
4061,1764562819.6826913,rsa_handshake,0.000351319|0.000054391,0.00,0.00,43700224,43700224,512
4062,1764562819.7040672,rsa_handshake,0.000518838|0.000103211,0.00,0.00,43700224,43700224,512
4063,1764562819.7345128,rsa_handshake,0.000359163|0.000035215,0.00,0.00,43700224,43700224,512
4064,1764562819.7730072,rsa_handshake,0.000252497|0.000042177,0.00,0.00,43700224,43700224,512
4065,1764562819.866387,rsa_handshake,0.000501146|0.000040635,0.00,0.00,43700224,43700224,512
4066,1764562819.9050062,rsa_handshake,0.000377447|0.000056905,0.00,1965.90,43700224,43700224,512
4067,1764562819.9302075,rsa_handshake,0.000310514|0.000062586,0.00,0.00,43700224,43700224,512
4068,1764562819.9495268,rsa_handshake,0.000339838|0.000055653,0.00,0.00,43700224,43700224,512
4069,1764562819.9942365,rsa_handshake,0.000464078|0.000069739,0.00,0.00,43700224,43700224,512
4070,1764562820.0343232,rsa_handshake,0.000556709|0.000080319,0.00,0.00,43700224,43700224,512
4071,1764562820.0762644,rsa_handshake,0.000540118|0.000080078,0.00,0.00,43700224,43700224,512
4072,1764562820.1144447,rsa_handshake,0.000247667|0.000036517,0.00,2998.70,43700224,43700224,512
4073,1764562820.1349654,rsa_handshake,0.000417892|0.000068888,0.00,0.00,43700224,43700224,512
4074,1764562820.202338,rsa_handshake,0.000395510|0.000035285,0.00,0.00,43700224,43700224,512
4075,1764562820.2199483,rsa_handshake,0.000438420|0.000065841,0.00,0.00,43700224,43700224,512
4076,1764562820.2651203,rsa_handshake,0.000386063|0.000050092,0.00,0.00,43700224,43700224,512
4077,1764562820.3574193,rsa_handshake,0.000229784|0.000035415,0.00,0.00,43700224,43700224,512
4078,1764562820.4247997,rsa_handshake,0.000233812|0.000036808,0.00,0.00,43700224,43700224,512
4079,1764562820.484082,rsa_handshake,0.000439823|0.000067054,0.00,0.00,43700224,43700224,512
4080,1764562820.5198023,rsa_handshake,0.000229073|0.000036518,0.00,0.00,43700224,43700224,512
4081,1764562820.5440767,rsa_handshake,0.000233311|0.000035175,0.00,0.00,43700224,43700224,512
4082,1764562820.5827463,rsa_handshake,0.000257075|0.000049412,0.00,0.00,43700224,43700224,512
4083,1764562820.6069462,rsa_handshake,0.000244903|0.000057276,0.00,0.00,43700224,43700224,512
4084,1764562820.6448236,rsa_handshake,0.000526072|0.000079317,0.00,0.00,43700224,43700224,512
4085,1764562820.6769724,rsa_handshake,0.000232429|0.000036177,0.00,0.00,43700224,43700224,512
4086,1764562820.7386665,rsa_handshake,0.000248930|0.000048169,0.00,0.00,43700224,43700224,512
4087,1764562820.7528367,rsa_handshake,0.000248409|0.000035545,0.00,3066.80,43700224,43700224,512
4088,1764562820.783395,rsa_handshake,0.000227080|0.000035165,0.00,0.00,43700224,43700224,512
4089,1764562820.8669791,rsa_handshake,0.000238080|0.000036187,0.00,0.00,43700224,43700224,512
4090,1764562820.9050322,rsa_handshake,0.000243430|0.000038821,0.00,0.00,43700224,43700224,512
4091,1764562820.9594963,rsa_handshake,0.000250743|0.000039523,0.00,0.00,43700224,43700224,512
4092,1764562820.9928536,rsa_handshake,0.000424825|0.000064299,0.00,0.00,43700224,43700224,512
4093,1764562821.0133388,rsa_handshake,0.000468826|0.000069659,0.00,0.00,43700224,43700224,512
4094,1764562821.06644,rsa_handshake,0.000351349|0.000045734,0.00,0.00,43700224,43700224,512
4095,1764562821.125586,rsa_handshake,0.000377297|0.000043020,0.00,0.00,43700224,43700224,512
4096,1764562821.1574106,rsa_handshake,0.000266162|0.000049111,0.00,0.00,43700224,43700224,512
4097,1764562821.183883,rsa_handshake,0.000906134|0.000065972,0.00,0.00,43700224,43700224,512
4098,1764562821.2244992,rsa_handshake,0.000435334|0.000064990,0.00,0.00,43700224,43700224,512
4099,1764562821.2547185,rsa_handshake,0.000486359|0.000110134,0.00,0.00,43700224,43700224,512
4100,1764562821.3071394,rsa_handshake,0.000347822|0.000043350,0.00,0.00,43700224,43700224,512
4101,1764562821.333391,rsa_handshake,0.000218634|0.000034414,0.00,0.00,43700224,43700224,512
4102,1764562821.404796,rsa_handshake,0.000266292|0.000053449,0.00,0.00,43700224,43700224,512
4103,1764562821.4241593,rsa_handshake,0.000234944|0.000036006,0.00,0.00,43700224,43700224,512
4104,1764562821.459813,rsa_handshake,0.000244221|0.000036828,0.00,0.00,43700224,43700224,512
4105,1764562821.5232315,rsa_handshake,0.000231367|0.000036237,0.00,0.00,43700224,43700224,512
4106,1764562821.5854895,rsa_handshake,0.000232900|0.000037570,0.00,0.00,43700224,43700224,512
4107,1764562821.6203825,rsa_handshake,0.000231749|0.000040364,0.00,0.00,43700224,43700224,512
4108,1764562821.6594458,rsa_handshake,0.000249010|0.000037139,0.00,0.00,43700224,43700224,512
4109,1764562821.706804,rsa_handshake,0.000228923|0.000035124,0.00,0.00,43700224,43700224,512
4110,1764562821.7455993,rsa_handshake,0.000451805|0.000057867,0.00,0.00,43700224,43700224,512
4111,1764562821.8011959,rsa_handshake,0.000270941|0.000043881,0.00,0.00,43700224,43700224,512
4112,1764562821.846792,rsa_handshake,0.000262985|0.000044793,0.00,0.00,43700224,43700224,512
4113,1764562821.8602908,rsa_handshake,0.000525281|0.000078525,0.00,0.00,43700224,43700224,512
4114,1764562821.8798773,rsa_handshake,0.000247297|0.000044703,0.00,0.00,43700224,43700224,512
4115,1764562821.9255629,rsa_handshake,0.000427099|0.000039362,0.00,0.00,43700224,43700224,512
4116,1764562821.960263,rsa_handshake,0.000229204|0.000034504,0.00,0.00,43700224,43700224,512
4117,1764562821.979632,rsa_handshake,0.000237168|0.000035174,0.00,0.00,43700224,43700224,512
4118,1764562821.9949238,rsa_handshake,0.000447557|0.000083715,0.00,0.00,43700224,43700224,512
4119,1764562822.0340872,rsa_handshake,0.000451113|0.000065290,0.00,1683.70,43700224,43700224,512
4120,1764562822.0553396,rsa_handshake,0.000256103|0.000038251,0.00,0.00,43700224,43700224,512
4121,1764562822.068306,rsa_handshake,0.000215548|0.000033141,0.00,0.00,43700224,43700224,512
4122,1764562822.0923002,rsa_handshake,0.000434493|0.000064419,0.00,0.00,43700224,43700224,512
4123,1764562822.1132627,rsa_handshake,0.000345549|0.000112999,0.00,0.00,43700224,43700224,512
4124,1764562822.142621,rsa_handshake,0.000230025|0.000035656,0.00,0.00,43700224,43700224,512
4125,1764562822.181679,rsa_handshake,0.000271622|0.000044843,0.00,0.00,43700224,43700224,512
4126,1764562822.2101724,rsa_handshake,0.000232259|0.000034764,0.00,0.00,43700224,43700224,512
4127,1764562822.2525191,rsa_handshake,0.000233722|0.000036889,0.00,0.00,43700224,43700224,512
4128,1764562822.2878501,rsa_handshake,0.000232800|0.000039142,0.00,0.00,43700224,43700224,512
4129,1764562822.3078969,rsa_handshake,0.000437468|0.000031999,0.00,0.00,43700224,43700224,512
4130,1764562822.3427038,rsa_handshake,0.000236607|0.000038381,0.00,0.00,43700224,43700224,512
4131,1764562822.3652403,rsa_handshake,0.000230316|0.000036548,0.00,0.00,43700224,43700224,512
4132,1764562822.413771,rsa_handshake,0.000257666|0.000036648,0.00,0.00,43700224,43700224,512
4133,1764562822.4233541,rsa_handshake,0.000231188|0.000035065,0.00,0.00,43700224,43700224,512
4134,1764562822.4485126,rsa_handshake,0.000239362|0.000036337,0.00,0.00,43700224,43700224,512
4135,1764562822.461205,rsa_handshake,0.000229765|0.000038721,0.00,0.00,43700224,43700224,512
4136,1764562822.503526,rsa_handshake,0.000241426|0.000039072,0.00,0.00,43700224,43700224,512
4137,1764562822.5587068,rsa_handshake,0.000230185|0.000035846,0.00,0.00,43700224,43700224,512
4138,1764562822.5841231,rsa_handshake,0.000240814|0.000035445,0.00,0.00,43700224,43700224,512
4139,1764562822.6401007,rsa_handshake,0.000251925|0.000039313,0.00,0.00,43700224,43700224,512
4140,1764562822.6605508,rsa_handshake,0.000232520|0.000036137,0.00,0.00,43700224,43700224,512
4141,1764562822.6994348,rsa_handshake,0.000237829|0.000037559,0.00,0.00,43700224,43700224,512
4142,1764562822.757261,rsa_handshake,0.000264008|0.000042518,0.00,0.00,43700224,43700224,512
4143,1764562822.809862,rsa_handshake,0.000242438|0.000036778,0.00,0.00,43700224,43700224,512
4144,1764562822.8525116,rsa_handshake,0.000233091|0.000035987,0.00,0.00,43700224,43700224,512
4145,1764562822.868498,rsa_handshake,0.000231458|0.000034965,0.00,0.00,43700224,43700224,512
4146,1764562822.899763,rsa_handshake,0.000232439|0.000036027,0.00,0.00,43700224,43700224,512
4147,1764562822.9331946,rsa_handshake,0.000233591|0.000036227,0.00,0.00,43700224,43700224,512
4148,1764562823.0305786,rsa_handshake,0.000275589|0.000041957,0.00,0.00,43700224,43700224,512
4149,1764562823.0776277,rsa_handshake,0.000246746|0.000069569,0.00,0.00,43700224,43700224,512
4150,1764562823.1026974,rsa_handshake,0.000247357|0.000038441,0.00,0.00,43700224,43700224,512
4151,1764562823.1379633,rsa_handshake,0.000266472|0.000042318,0.00,0.00,43700224,43700224,512
4152,1764562823.1641233,rsa_handshake,0.000254360|0.000044272,0.00,0.00,43700224,43700224,512
4153,1764562823.2250748,rsa_handshake,0.000242868|0.000036647,0.00,0.00,43700224,43700224,512
4154,1764562823.2508574,rsa_handshake,0.000240074|0.000037008,0.00,0.00,43700224,43700224,512
4155,1764562823.2685647,rsa_handshake,0.000234122|0.000036056,0.00,0.00,43700224,43700224,512
4156,1764562823.2867696,rsa_handshake,0.000224626|0.000054661,0.00,0.00,43700224,43700224,512
4157,1764562823.318718,rsa_handshake,0.000231137|0.000035666,0.00,0.00,43700224,43700224,512
4158,1764562823.3330097,rsa_handshake,0.000245483|0.000036177,0.00,0.00,43700224,43700224,512
4159,1764562823.3569863,rsa_handshake,0.000281289|0.000046235,0.00,2577.50,43700224,43700224,512
4160,1764562823.383322,rsa_handshake,0.000230906|0.000036046,0.00,0.00,43700224,43700224,512
4161,1764562823.4116507,rsa_handshake,0.000479897|0.000038812,0.00,0.00,43700224,43700224,512
4162,1764562823.4779835,rsa_handshake,0.000241416|0.000035866,0.00,0.00,43700224,43700224,512
4163,1764562823.5253618,rsa_handshake,0.000231608|0.000034774,0.00,0.00,43700224,43700224,512
4164,1764562823.5582767,rsa_handshake,0.000248489|0.000039272,0.00,0.00,43700224,43700224,512
4165,1764562823.589557,rsa_handshake,0.000241726|0.000035525,0.00,0.00,43700224,43700224,512
4166,1764562823.6137216,rsa_handshake,0.000257596|0.000040575,0.00,0.00,43700224,43700224,512
4167,1764562823.6393764,rsa_handshake,0.000255943|0.000039153,0.00,0.00,43700224,43700224,512
4168,1764562823.683116,rsa_handshake,0.000238802|0.000036047,0.00,0.00,43700224,43700224,512
4169,1764562823.7203789,rsa_handshake,0.000250032|0.000037890,0.00,0.00,43700224,43700224,512
4170,1764562823.761556,rsa_handshake,0.000227450|0.000034473,0.00,0.00,43700224,43700224,512
4171,1764562823.7842064,rsa_handshake,0.000222120|0.000034504,0.00,0.00,43700224,43700224,512
4172,1764562823.8922498,rsa_handshake,0.000433911|0.000065681,0.00,0.00,43700224,43700224,512
4173,1764562823.9225492,rsa_handshake,0.000444481|0.000073075,0.00,0.00,43700224,43700224,512
4174,1764562823.942,rsa_handshake,0.000266522|0.000050673,0.00,0.00,43700224,43700224,512
4175,1764562823.9679565,rsa_handshake,0.000468456|0.000078384,0.00,0.00,43700224,43700224,512
4176,1764562824.0161526,rsa_handshake,0.000293502|0.000041987,0.00,0.00,43700224,43700224,512
4177,1764562824.0409462,rsa_handshake,0.000428812|0.000071362,0.00,0.00,43700224,43700224,512
4178,1764562824.1263623,rsa_handshake,0.000483413|0.000035245,0.00,0.00,43700224,43700224,512
4179,1764562824.143012,rsa_handshake,0.000417672|0.000097590,0.00,0.00,43700224,43700224,512
4180,1764562824.199695,rsa_handshake,0.000227090|0.000060572,0.00,0.00,43700224,43700224,512
4181,1764562824.2389998,rsa_handshake,0.000276821|0.000043821,0.00,0.00,43700224,43700224,512
4182,1764562824.3103576,rsa_handshake,0.000257746|0.000042879,0.00,2837.40,43700224,43700224,512
4183,1764562824.357724,rsa_handshake,0.000233782|0.000036638,0.00,0.00,43700224,43700224,512
4184,1764562824.3951974,rsa_handshake,0.000235274|0.000036217,0.00,0.00,43700224,43700224,512
4185,1764562824.430154,rsa_handshake,0.000280709|0.000041997,0.00,0.00,43700224,43700224,512
4186,1764562824.4506233,rsa_handshake,0.000219615|0.000032660,0.00,0.00,43700224,43700224,512
4187,1764562824.499005,rsa_handshake,0.000287431|0.000045024,0.00,0.00,43700224,43700224,512
4188,1764562824.5343916,rsa_handshake,0.000293562|0.000048610,0.00,0.00,43700224,43700224,512
4189,1764562824.56731,rsa_handshake,0.000254110|0.000040846,0.00,0.00,43700224,43700224,512
4190,1764562824.5930552,rsa_handshake,0.000253108|0.000038411,0.00,0.00,43700224,43700224,512
4191,1764562824.6461642,rsa_handshake,0.000296828|0.000042329,0.00,0.00,43700224,43700224,512
4192,1764562824.6739411,rsa_handshake,0.000257175|0.000047437,0.00,0.00,43700224,43700224,512
4193,1764562824.7036226,rsa_handshake,0.000445763|0.000033492,0.00,0.00,43700224,43700224,512
4194,1764562824.7465463,rsa_handshake,0.000279677|0.000050253,0.00,0.00,43700224,43700224,512
4195,1764562824.7612863,rsa_handshake,0.000478254|0.000058118,0.00,0.00,43700224,43700224,512
4196,1764562824.7814236,rsa_handshake,0.000462064|0.000070229,0.00,0.00,43700224,43700224,512
4197,1764562824.8006074,rsa_handshake,0.000435404|0.000065771,0.00,0.00,43700224,43700224,512
4198,1764562824.8328521,rsa_handshake,0.000247367|0.000036047,0.00,0.00,43700224,43700224,512
4199,1764562824.849622,rsa_handshake,0.000544607|0.000083114,0.00,0.00,43700224,43700224,512
4200,1764562824.8935905,rsa_handshake,0.000240184|0.000037670,0.00,0.00,43700224,43700224,512
4201,1764562824.956635,rsa_handshake,0.000246867|0.000037900,0.00,0.00,43700224,43700224,512
4202,1764562825.0093205,rsa_handshake,0.000279757|0.000050664,0.00,0.00,43700224,43700224,512
4203,1764562825.0881069,rsa_handshake,0.000289405|0.000044783,0.00,0.00,43700224,43700224,512
4204,1764562825.1755934,rsa_handshake,0.000267644|0.000041066,0.00,0.00,43700224,43700224,512
4205,1764562825.21602,rsa_handshake,0.000395771|0.000036297,0.00,0.00,43700224,43700224,512
4206,1764562825.2467103,rsa_handshake,0.000288353|0.000046035,0.00,0.00,43700224,43700224,512
4207,1764562825.2750766,rsa_handshake,0.000309472|0.000046646,0.00,0.00,43700224,43700224,512
4208,1764562825.3361883,rsa_handshake,0.000259449|0.000037519,0.00,0.00,43700224,43700224,512
4209,1764562825.3894224,rsa_handshake,0.000263747|0.000037129,0.00,0.00,43700224,43700224,512
4210,1764562825.41908,rsa_handshake,0.000259289|0.000040525,0.00,0.00,43700224,43700224,512
4211,1764562825.478817,rsa_handshake,0.000506586|0.000051144,0.00,0.00,43700224,43700224,512
4212,1764562825.5166576,rsa_handshake,0.000265681|0.000041126,0.00,0.00,43700224,43700224,512
4213,1764562825.5521665,rsa_handshake,0.000312487|0.000040454,0.00,0.00,43700224,43700224,512
4214,1764562825.6021512,rsa_handshake,0.000433531|0.000058468,0.00,0.00,43700224,43700224,512
4215,1764562825.6335423,rsa_handshake,0.000443189|0.000058659,0.00,0.00,43700224,43700224,512
4216,1764562825.651665,rsa_handshake,0.000255663|0.000038711,0.00,0.00,43700224,43700224,512
4217,1764562825.684008,rsa_handshake,0.000247808|0.000038271,0.00,0.00,43700224,43700224,512
4218,1764562825.7040372,rsa_handshake,0.000290757|0.000085167,0.00,0.00,43700224,43700224,512
4219,1764562825.7725244,rsa_handshake,0.000265951|0.000038010,0.00,0.00,43700224,43700224,512
4220,1764562825.782088,rsa_handshake,0.000450222|0.000066944,0.00,0.00,43700224,43700224,512
4221,1764562825.840043,rsa_handshake,0.000464648|0.000078465,0.00,0.00,43700224,43700224,512
4222,1764562825.868301,rsa_handshake,0.000234874|0.000036598,0.00,0.00,43700224,43700224,512
4223,1764562825.885869,rsa_handshake,0.000222361|0.000035004,0.00,0.00,43700224,43700224,512
4224,1764562825.9047084,rsa_handshake,0.000257545|0.000045945,0.00,0.00,43700224,43700224,512
4225,1764562825.930347,rsa_handshake,0.000513259|0.000045885,0.00,0.00,43700224,43700224,512
4226,1764562825.9643798,rsa_handshake,0.000621508|0.000085808,0.00,0.00,43700224,43700224,512
4227,1764562826.001039,rsa_handshake,0.000264478|0.000041086,0.00,0.00,43700224,43700224,512
4228,1764562826.0722167,rsa_handshake,0.000446655|0.000079207,0.00,0.00,43700224,43700224,512
4229,1764562826.0968542,rsa_handshake,0.000247387|0.000045454,0.00,0.00,43700224,43700224,512
4230,1764562826.1460004,rsa_handshake,0.000271191|0.000040926,0.00,0.00,43700224,43700224,512
4231,1764562826.2000904,rsa_handshake,0.000367980|0.000057736,0.00,0.00,43700224,43700224,512
4232,1764562826.2325766,rsa_handshake,0.000253628|0.000041397,0.00,0.00,43700224,43700224,512
4233,1764562826.2575521,rsa_handshake,0.000538355|0.000063507,0.00,0.00,43700224,43700224,512
4234,1764562826.2699115,rsa_handshake,0.000270199|0.000044412,0.00,0.00,43700224,43700224,512
4235,1764562826.3032963,rsa_handshake,0.000487470|0.000060182,0.00,0.00,43700224,43700224,512
4236,1764562826.3235536,rsa_handshake,0.000420066|0.000043190,0.00,0.00,43700224,43700224,512
4237,1764562826.3355393,rsa_handshake,0.000419414|0.000036297,0.00,0.00,43700224,43700224,512
4238,1764562826.3814437,rsa_handshake,0.000266483|0.000043861,0.00,0.00,43700224,43700224,512
4239,1764562826.39891,rsa_handshake,0.000428261|0.000065761,0.00,0.00,43700224,43700224,512
4240,1764562826.4136493,rsa_handshake,0.000379902|0.000037259,0.00,0.00,43700224,43700224,512
4241,1764562826.4462357,rsa_handshake,0.000531743|0.000082593,0.00,0.00,43700224,43700224,512
4242,1764562826.5010169,rsa_handshake,0.000444401|0.000065210,0.00,0.00,43700224,43700224,512
4243,1764562826.5649936,rsa_handshake,0.000233341|0.000035435,0.00,0.00,43700224,43700224,512
4244,1764562826.6004927,rsa_handshake,0.000231337|0.000036217,0.00,0.00,43700224,43700224,512
4245,1764562826.6430938,rsa_handshake,0.000247387|0.000041737,0.00,0.00,43700224,43700224,512
4246,1764562826.6658,rsa_handshake,0.000568671|0.000081600,0.00,0.00,43700224,43700224,512
4247,1764562826.6831083,rsa_handshake,0.000424905|0.000042648,0.00,0.00,43700224,43700224,512
4248,1764562826.7160888,rsa_handshake,0.000427731|0.000079618,0.00,0.00,43700224,43700224,512
4249,1764562826.7653425,rsa_handshake,0.000223643|0.000033953,0.00,0.00,43700224,43700224,512
4250,1764562826.7967703,rsa_handshake,0.000235455|0.000037470,0.00,0.00,43700224,43700224,512
4251,1764562826.845171,rsa_handshake,0.000233722|0.000036117,0.00,0.00,43700224,43700224,512
4252,1764562826.8579714,rsa_handshake,0.000225507|0.000033552,0.00,0.00,43700224,43700224,512
4253,1764562826.8856926,rsa_handshake,0.000225406|0.000034474,0.00,0.00,43700224,43700224,512
4254,1764562826.9311838,rsa_handshake,0.000281790|0.000035747,0.00,0.00,43700224,43700224,512
4255,1764562826.9846983,rsa_handshake,0.000225787|0.000035175,0.00,0.00,43700224,43700224,512
4256,1764562827.0134933,rsa_handshake,0.000244191|0.000039063,0.00,0.00,43700224,43700224,512
4257,1764562827.0282443,rsa_handshake,0.000454790|0.000032470,0.00,0.00,43700224,43700224,512
4258,1764562827.0742984,rsa_handshake,0.000231388|0.000038471,0.00,0.00,43700224,43700224,512
4259,1764562827.160554,rsa_handshake,0.000227129|0.000035175,0.00,0.00,43700224,43700224,512
4260,1764562827.1714773,rsa_handshake,0.000235986|0.000038952,0.00,0.00,43700224,43700224,512
4261,1764562827.235321,rsa_handshake,0.000231117|0.000035185,0.00,0.00,43700224,43700224,512
4262,1764562827.2835608,rsa_handshake,0.000243830|0.000037850,0.00,0.00,43700224,43700224,512
4263,1764562827.3185894,rsa_handshake,0.000268867|0.000037379,0.00,0.00,43700224,43700224,512
4264,1764562827.3444297,rsa_handshake,0.000238320|0.000036577,0.00,0.00,43700224,43700224,512
4265,1764562827.388812,rsa_handshake,0.000269107|0.000043360,0.00,0.00,43700224,43700224,512
4266,1764562827.401701,rsa_handshake,0.000214887|0.000032951,0.00,0.00,43700224,43700224,512
4267,1764562827.435919,rsa_handshake,0.000236327|0.000040995,0.00,0.00,43700224,43700224,512
4268,1764562827.4628181,rsa_handshake,0.000238040|0.000039092,0.00,0.00,43700224,43700224,512
4269,1764562827.5165625,rsa_handshake,0.000245173|0.000037780,0.00,0.00,43700224,43700224,512
4270,1764562827.5607045,rsa_handshake,0.000229133|0.000036136,0.00,0.00,43700224,43700224,512
4271,1764562827.63157,rsa_handshake,0.000239061|0.000037669,0.00,0.00,43700224,43700224,512
4272,1764562827.6920958,rsa_handshake,0.000239883|0.000036507,0.00,0.00,43700224,43700224,512
4273,1764562827.7759566,rsa_handshake,0.000241506|0.000035415,0.00,0.00,43700224,43700224,512
4274,1764562827.818713,rsa_handshake,0.000227330|0.000035696,0.00,0.00,43700224,43700224,512
4275,1764562827.8664334,rsa_handshake,0.000236647|0.000036387,0.00,0.00,43700224,43700224,512
4276,1764562827.8924587,rsa_handshake,0.000225236|0.000034373,0.00,0.00,43700224,43700224,512
4277,1764562827.9109561,rsa_handshake,0.000234984|0.000050163,0.00,0.00,43700224,43700224,512
4278,1764562827.9442577,rsa_handshake,0.000439091|0.000068676,0.00,0.00,43700224,43700224,512
4279,1764562827.9725497,rsa_handshake,0.000262906|0.000036397,0.00,0.00,43700224,43700224,512
4280,1764562827.9904606,rsa_handshake,0.000322325|0.000035897,0.00,0.00,43700224,43700224,512
4281,1764562828.040988,rsa_handshake,0.000253408|0.000040444,0.00,0.00,43700224,43700224,512
4282,1764562828.0685751,rsa_handshake,0.000237729|0.000036287,0.00,0.00,43700224,43700224,512
4283,1764562828.0967233,rsa_handshake,0.000418322|0.000080980,0.00,0.00,43700224,43700224,512
4284,1764562828.1672022,rsa_handshake,0.000235816|0.000036568,0.00,0.00,43700224,43700224,512
4285,1764562828.1757343,rsa_handshake,0.000235946|0.000035536,0.00,0.00,43700224,43700224,512
4286,1764562828.2440379,rsa_handshake,0.000242518|0.000037228,0.00,0.00,43700224,43700224,512
4287,1764562828.277969,rsa_handshake,0.000250303|0.000039704,0.00,0.00,43700224,43700224,512
4288,1764562828.3229532,rsa_handshake,0.000260892|0.000057146,0.00,0.00,43700224,43700224,512
4289,1764562828.3690834,rsa_handshake,0.000882150|0.000062295,0.00,0.00,43700224,43700224,512
4290,1764562828.4073927,rsa_handshake,0.000231849|0.000035596,0.00,0.00,43700224,43700224,512
4291,1764562828.4478004,rsa_handshake,0.000232299|0.000035856,0.00,0.00,43700224,43700224,512
4292,1764562828.5151181,rsa_handshake,0.000281651|0.000044322,0.00,0.00,43700224,43700224,512
4293,1764562828.5480618,rsa_handshake,0.000272985|0.000043080,0.00,0.00,43700224,43700224,512
4294,1764562828.56622,rsa_handshake,0.000231027|0.000035215,0.00,0.00,43700224,43700224,512
4295,1764562828.605882,rsa_handshake,0.000267795|0.000038671,0.00,0.00,43700224,43700224,512
4296,1764562828.6204648,rsa_handshake,0.000229795|0.000035856,0.00,0.00,43700224,43700224,512
4297,1764562828.6382313,rsa_handshake,0.000236807|0.000038090,0.00,0.00,43700224,43700224,512
4298,1764562828.6560206,rsa_handshake,0.000237509|0.000035065,0.00,0.00,43700224,43700224,512
4299,1764562828.6697845,rsa_handshake,0.000228052|0.000035766,0.00,0.00,43700224,43700224,512
4300,1764562828.738243,rsa_handshake,0.000268686|0.000042469,0.00,0.00,43700224,43700224,512
4301,1764562828.7611966,rsa_handshake,0.000226148|0.000035947,0.00,0.00,43700224,43700224,512
4302,1764562828.8131368,rsa_handshake,0.000265520|0.000047739,0.00,2753.50,43700224,43700224,512
4303,1764562828.8510203,rsa_handshake,0.000250703|0.000040194,0.00,0.00,43700224,43700224,512
4304,1764562828.8849826,rsa_handshake,0.000241937|0.000036337,0.00,0.00,43700224,43700224,512
4305,1764562828.9195867,rsa_handshake,0.000231818|0.000035575,0.00,0.00,43700224,43700224,512
4306,1764562828.9470057,rsa_handshake,0.000291599|0.000045955,0.00,0.00,43700224,43700224,512
4307,1764562828.9743524,rsa_handshake,0.000406581|0.000036037,0.00,0.00,43700224,43700224,512
4308,1764562828.9909527,rsa_handshake,0.000420577|0.000075820,0.00,0.00,43700224,43700224,512
4309,1764562829.0387077,rsa_handshake,0.000423282|0.000056054,0.00,0.00,43700224,43700224,512
4310,1764562829.0793357,rsa_handshake,0.000237118|0.000039123,0.00,0.00,43700224,43700224,512
4311,1764562829.114819,rsa_handshake,0.000426347|0.000050613,0.00,0.00,43700224,43700224,512
4312,1764562829.1329057,rsa_handshake,0.000368862|0.000033712,0.00,0.00,43700224,43700224,512
4313,1764562829.1517036,rsa_handshake,0.000421719|0.000064729,0.00,0.00,43700224,43700224,512
4314,1764562829.235983,rsa_handshake,0.000431607|0.000089786,0.00,0.00,43700224,43700224,512
4315,1764562829.2697763,rsa_handshake,0.000365124|0.000042589,0.00,0.00,43700224,43700224,512
4316,1764562829.29567,rsa_handshake,0.000447276|0.000085408,0.00,0.00,43700224,43700224,512
4317,1764562829.3487024,rsa_handshake,0.000445583|0.000050072,0.00,1734.30,43700224,43700224,512
4318,1764562829.3812902,rsa_handshake,0.000360727|0.000038471,0.00,0.00,43700224,43700224,512
4319,1764562829.425741,rsa_handshake,0.000414175|0.000038331,0.00,0.00,43700224,43700224,512
4320,1764562829.4604142,rsa_handshake,0.000383278|0.000034995,0.00,0.00,43700224,43700224,512
4321,1764562829.4774268,rsa_handshake,0.000583749|0.000032560,0.00,0.00,43700224,43700224,512
4322,1764562829.503955,rsa_handshake,0.000235956|0.000035165,0.00,0.00,43700224,43700224,512
4323,1764562829.5576174,rsa_handshake,0.000367108|0.000036738,0.00,0.00,43700224,43700224,512
4324,1764562829.5791037,rsa_handshake,0.000437869|0.000048429,0.00,0.00,43700224,43700224,512
4325,1764562829.609458,rsa_handshake,0.000227931|0.000035004,0.00,0.00,43700224,43700224,512
4326,1764562829.6364737,rsa_handshake,0.000259730|0.000043009,0.00,0.00,43700224,43700224,512
4327,1764562829.661096,rsa_handshake,0.000234884|0.000037289,0.00,0.00,43700224,43700224,512
4328,1764562829.6845062,rsa_handshake,0.000230836|0.000034734,0.00,0.00,43700224,43700224,512
4329,1764562829.7351902,rsa_handshake,0.000464278|0.000037559,0.00,0.00,43700224,43700224,512
4330,1764562829.7962437,rsa_handshake,0.000235124|0.000037519,0.00,0.00,43700224,43700224,512
4331,1764562829.859543,rsa_handshake,0.000562760|0.000079758,0.00,0.00,43700224,43700224,512
4332,1764562829.9204023,rsa_handshake,0.000237409|0.000039574,0.00,3057.90,43700224,43700224,512
4333,1764562829.9384184,rsa_handshake,0.000336882|0.000069138,0.00,0.00,43700224,43700224,512
4334,1764562829.976273,rsa_handshake,0.000251385|0.000037128,0.00,0.00,43700224,43700224,512
4335,1764562829.9983418,rsa_handshake,0.000284055|0.000041947,0.00,0.00,43700224,43700224,512
4336,1764562830.023263,rsa_handshake,0.000413634|0.000042198,0.00,0.00,43700224,43700224,512
4337,1764562830.0632026,rsa_handshake,0.000281440|0.000047397,0.00,0.00,43700224,43700224,512
4338,1764562830.0858264,rsa_handshake,0.000227560|0.000035316,0.00,0.00,43700224,43700224,512
4339,1764562830.1079211,rsa_handshake,0.000228011|0.000039753,0.00,0.00,43700224,43700224,512
4340,1764562830.1696277,rsa_handshake,0.000230356|0.000035075,0.00,0.00,43700224,43700224,512
4341,1764562830.1958914,rsa_handshake,0.000242528|0.000040655,0.00,3023.30,43700224,43700224,512
4342,1764562830.220989,rsa_handshake,0.000258999|0.000035756,0.00,0.00,43700224,43700224,512
4343,1764562830.2550058,rsa_handshake,0.000242909|0.000041817,0.00,0.00,43700224,43700224,512
4344,1764562830.2828178,rsa_handshake,0.000254290|0.000046867,0.00,0.00,43700224,43700224,512
4345,1764562830.3246093,rsa_handshake,0.000234383|0.000035956,0.00,0.00,43700224,43700224,512
4346,1764562830.3672585,rsa_handshake,0.000237829|0.000039553,0.00,0.00,43700224,43700224,512
4347,1764562830.3827288,rsa_handshake,0.000241015|0.000036166,0.00,0.00,43700224,43700224,512
4348,1764562830.405392,rsa_handshake,0.000268436|0.000038351,0.00,0.00,43700224,43700224,512
4349,1764562830.4334428,rsa_handshake,0.000236627|0.000036057,0.00,0.00,43700224,43700224,512
4350,1764562830.4461832,rsa_handshake,0.000244331|0.000038431,0.00,0.00,43700224,43700224,512
4351,1764562830.4815187,rsa_handshake,0.000437158|0.000067574,0.00,0.00,43700224,43700224,512
4352,1764562830.5020707,rsa_handshake,0.000368891|0.000034554,0.00,0.00,43700224,43700224,512
4353,1764562830.5354066,rsa_handshake,0.000437919|0.000031949,0.00,0.00,43700224,43700224,512
4354,1764562830.556005,rsa_handshake,0.000238851|0.000035756,0.00,0.00,43700224,43700224,512
4355,1764562830.631489,rsa_handshake,0.000238550|0.000035796,0.00,0.00,43700224,43700224,512
4356,1764562830.661983,rsa_handshake,0.000239643|0.000076441,0.00,2755.20,43700224,43700224,512
4357,1764562830.716031,rsa_handshake,0.000240754|0.000037369,0.00,0.00,43700224,43700224,512
4358,1764562830.7524207,rsa_handshake,0.000237138|0.000037960,0.00,0.00,43700224,43700224,512
4359,1764562830.8461087,rsa_handshake,0.000250012|0.000039584,0.00,0.00,43700224,43700224,512
4360,1764562830.8741941,rsa_handshake,0.000229253|0.000035135,0.00,0.00,43700224,43700224,512
4361,1764562830.9155605,rsa_handshake,0.000229173|0.000036207,0.00,0.00,43700224,43700224,512
4362,1764562830.9457147,rsa_handshake,0.000259960|0.000048018,0.00,0.00,43700224,43700224,512
4363,1764562830.96716,rsa_handshake,0.000269418|0.000043861,0.00,0.00,43700224,43700224,512
4364,1764562831.001424,rsa_handshake,0.000235024|0.000036127,0.00,0.00,43700224,43700224,512
4365,1764562831.0452003,rsa_handshake,0.000246546|0.000043871,0.00,0.00,43700224,43700224,512
4366,1764562831.0818214,rsa_handshake,0.000249671|0.000035907,0.00,0.00,43700224,43700224,512
4367,1764562831.1217546,rsa_handshake,0.000268466|0.000040785,0.00,0.00,43700224,43700224,512
4368,1764562831.1435838,rsa_handshake,0.000226378|0.000035325,0.00,0.00,43700224,43700224,512
4369,1764562831.193616,rsa_handshake,0.000226278|0.000036417,0.00,0.00,43700224,43700224,512
4370,1764562831.28195,rsa_handshake,0.000243039|0.000036798,0.00,0.00,43700224,43700224,512
4371,1764562831.3079212,rsa_handshake,0.000239653|0.000043882,0.00,0.00,43700224,43700224,512
4372,1764562831.3346202,rsa_handshake,0.000256574|0.000040605,0.00,0.00,43700224,43700224,512
4373,1764562831.3949356,rsa_handshake,0.000388538|0.000068346,0.00,0.00,43700224,43700224,512
4374,1764562831.4100063,rsa_handshake,0.000225126|0.000033291,0.00,0.00,43700224,43700224,512
4375,1764562831.4454312,rsa_handshake,0.000367649|0.000051866,0.00,0.00,43700224,43700224,512
4376,1764562831.4782112,rsa_handshake,0.000240955|0.000041066,0.00,0.00,43700224,43700224,512
4377,1764562831.498475,rsa_handshake,0.000231648|0.000035275,0.00,0.00,43700224,43700224,512
4378,1764562831.5264797,rsa_handshake,0.000231137|0.000035245,0.00,0.00,43700224,43700224,512
4379,1764562831.5454226,rsa_handshake,0.000411069|0.000105184,0.00,0.00,43700224,43700224,512
4380,1764562831.5907187,rsa_handshake,0.000233782|0.000036017,0.00,0.00,43700224,43700224,512
4381,1764562831.6236787,rsa_handshake,0.000248259|0.000036768,0.00,0.00,43700224,43700224,512
4382,1764562831.6793938,rsa_handshake,0.000240494|0.000041406,0.00,0.00,43700224,43700224,512
4383,1764562831.7019317,rsa_handshake,0.000226990|0.000036187,0.00,0.00,43700224,43700224,512
4384,1764562831.7232018,rsa_handshake,0.000224335|0.000034193,0.00,0.00,43700224,43700224,512
4385,1764562831.7490916,rsa_handshake,0.000451875|0.000034994,0.00,0.00,43700224,43700224,512
4386,1764562831.7630005,rsa_handshake,0.000277442|0.000044612,0.00,0.00,43700224,43700224,512
4387,1764562831.798232,rsa_handshake,0.000261383|0.000042138,0.00,0.00,43700224,43700224,512
4388,1764562831.8746624,rsa_handshake,0.000228682|0.000034904,0.00,0.00,43700224,43700224,512
4389,1764562831.9593353,rsa_handshake,0.000235816|0.000036518,0.00,0.00,43700224,43700224,512
4390,1764562832.016881,rsa_handshake,0.000246946|0.000039122,0.00,0.00,43700224,43700224,512
4391,1764562832.0522294,rsa_handshake,0.000226819|0.000051165,0.00,0.00,43700224,43700224,512
4392,1764562832.082577,rsa_handshake,0.000257285|0.000046887,0.00,0.00,43700224,43700224,512
4393,1764562832.1856608,rsa_handshake,0.000271452|0.000048129,0.00,0.00,43700224,43700224,512
4394,1764562832.2086716,rsa_handshake,0.000241305|0.000036657,0.00,0.00,43700224,43700224,512
4395,1764562832.2548718,rsa_handshake,0.000238251|0.000036097,0.00,0.00,43700224,43700224,512
4396,1764562832.285407,rsa_handshake,0.000222451|0.000034604,0.00,0.00,43700224,43700224,512
4397,1764562832.3175688,rsa_handshake,0.000223133|0.000034233,0.00,0.00,43700224,43700224,512
4398,1764562832.351851,rsa_handshake,0.000220477|0.000036397,0.00,0.00,43700224,43700224,512
4399,1764562832.3759842,rsa_handshake,0.000229213|0.000034033,0.00,0.00,43700224,43700224,512
4400,1764562832.4168432,rsa_handshake,0.000231437|0.000036377,0.00,0.00,43700224,43700224,512
4401,1764562832.443058,rsa_handshake,0.000232229|0.000034854,0.00,0.00,43700224,43700224,512
4402,1764562832.5444684,rsa_handshake,0.000229424|0.000048690,0.00,0.00,43700224,43700224,512
4403,1764562832.6215,rsa_handshake,0.000235806|0.000037710,0.00,0.00,43700224,43700224,512
4404,1764562832.63734,rsa_handshake,0.000218804|0.000035997,0.00,0.00,43700224,43700224,512
4405,1764562832.662971,rsa_handshake,0.000258708|0.000043480,0.00,0.00,43700224,43700224,512
4406,1764562832.7001445,rsa_handshake,0.000456564|0.000075350,0.00,0.00,43700224,43700224,512
4407,1764562832.721992,rsa_handshake,0.000251715|0.000038982,0.00,0.00,43700224,43700224,512
4408,1764562832.74981,rsa_handshake,0.000259800|0.000044021,0.00,0.00,43700224,43700224,512
4409,1764562832.7699683,rsa_handshake,0.000570624|0.000084346,0.00,0.00,43700224,43700224,512
4410,1764562832.8575902,rsa_handshake,0.000441055|0.000039573,0.00,0.00,43700224,43700224,512
4411,1764562832.8975172,rsa_handshake,0.000367629|0.000062576,0.00,0.00,43700224,43700224,512
4412,1764562832.9598556,rsa_handshake,0.000256253|0.000036558,0.00,0.00,43700224,43700224,512
4413,1764562833.0118442,rsa_handshake,0.000446184|0.000068446,0.00,0.00,43700224,43700224,512
4414,1764562833.0445468,rsa_handshake,0.000441626|0.000068346,0.00,0.00,43700224,43700224,512
4415,1764562833.1038594,rsa_handshake,0.000263877|0.000051585,0.00,0.00,43700224,43700224,512
4416,1764562833.150568,rsa_handshake,0.000397103|0.000035446,0.00,0.00,43700224,43700224,512
4417,1764562833.199576,rsa_handshake,0.000848437|0.000036097,0.00,0.00,43700224,43700224,512
4418,1764562833.2488291,rsa_handshake,0.000457205|0.000045815,0.00,1722.40,43700224,43700224,512
4419,1764562833.2723172,rsa_handshake,0.000486379|0.000073966,0.00,0.00,43700224,43700224,512
4420,1764562833.3065443,rsa_handshake,0.000250783|0.000037790,0.00,0.00,43700224,43700224,512
4421,1764562833.3378408,rsa_handshake,0.000244742|0.000040414,0.00,0.00,43700224,43700224,512
4422,1764562833.3663943,rsa_handshake,0.000434773|0.000044843,0.00,0.00,43700224,43700224,512
4423,1764562833.3865373,rsa_handshake,0.000424234|0.000081721,0.00,0.00,43700224,43700224,512
4424,1764562833.406153,rsa_handshake,0.000346591|0.000034914,0.00,0.00,43700224,43700224,512
4425,1764562833.4226365,rsa_handshake,0.000426949|0.000063868,0.00,1788.00,43700224,43700224,512
4426,1764562833.4737256,rsa_handshake,0.000424915|0.000063638,0.00,0.00,43700224,43700224,512
4427,1764562833.5352483,rsa_handshake,0.000433331|0.000064760,0.00,0.00,43700224,43700224,512
4428,1764562833.5813055,rsa_handshake,0.000364524|0.000035435,0.00,0.00,43700224,43700224,512
4429,1764562833.612411,rsa_handshake,0.000566396|0.000049451,0.00,0.00,43700224,43700224,512
4430,1764562833.666591,rsa_handshake,0.000316565|0.000036417,0.00,0.00,43700224,43700224,512
4431,1764562833.725489,rsa_handshake,0.000248549|0.000040174,0.00,2946.80,43700224,43700224,512
4432,1764562833.7648973,rsa_handshake,0.000492459|0.000048169,0.00,0.00,43700224,43700224,512
4433,1764562833.8045807,rsa_handshake,0.000275830|0.000045174,0.00,0.00,43700224,43700224,512
4434,1764562833.8238065,rsa_handshake,0.000289404|0.000043571,0.00,0.00,43700224,43700224,512
4435,1764562833.8387363,rsa_handshake,0.000596131|0.000087832,0.00,0.00,43700224,43700224,512
4436,1764562833.8986826,rsa_handshake,0.000231879|0.000038070,0.00,0.00,43700224,43700224,512
4437,1764562833.9576952,rsa_handshake,0.000233451|0.000036117,0.00,0.00,43700224,43700224,512
4438,1764562834.0421076,rsa_handshake,0.000401261|0.000048810,0.00,0.00,43700224,43700224,512
4439,1764562834.0658174,rsa_handshake,0.000407563|0.000064429,0.00,0.00,43700224,43700224,512
4440,1764562834.0780694,rsa_handshake,0.000341501|0.000034464,0.00,0.00,43700224,43700224,512
4441,1764562834.0942724,rsa_handshake,0.000282492|0.000046176,0.00,0.00,43700224,43700224,512
4442,1764562834.1707547,rsa_handshake,0.000239122|0.000040385,0.00,0.00,43700224,43700224,512
4443,1764562834.2511122,rsa_handshake,0.000321504|0.000057025,0.00,0.00,43700224,43700224,512
4444,1764562834.2731407,rsa_handshake,0.000378559|0.000059931,0.00,0.00,43700224,43700224,512
4445,1764562834.331901,rsa_handshake,0.000292190|0.000049241,0.00,2444.20,43700224,43700224,512
4446,1764562834.3584747,rsa_handshake,0.000245333|0.000036577,0.00,0.00,43700224,43700224,512
4447,1764562834.3999438,rsa_handshake,0.000448659|0.000065441,0.00,0.00,43700224,43700224,512
4448,1764562834.4424167,rsa_handshake,0.000232049|0.000036106,0.00,0.00,43700224,43700224,512
4449,1764562834.4641504,rsa_handshake,0.000848858|0.000062105,0.00,0.00,43700224,43700224,512
4450,1764562834.4991126,rsa_handshake,0.000310854|0.000041626,0.00,0.00,43700224,43700224,512
4451,1764562834.5353715,rsa_handshake,0.000214667|0.000033071,0.00,0.00,43700224,43700224,512
4452,1764562834.572421,rsa_handshake,0.000225276|0.000034995,0.00,3308.00,43700224,43700224,512
4453,1764562834.5953462,rsa_handshake,0.000337774|0.000036478,0.00,0.00,43700224,43700224,512
4454,1764562834.6351516,rsa_handshake,0.000309893|0.000040705,0.00,0.00,43700224,43700224,512
4455,1764562834.6617663,rsa_handshake,0.000433471|0.000072754,0.00,0.00,43700224,43700224,512
4456,1764562834.6844513,rsa_handshake,0.000219987|0.000034995,0.00,0.00,43700224,43700224,512
4457,1764562834.7245,rsa_handshake,0.000436086|0.000068226,0.00,0.00,43700224,43700224,512
4458,1764562834.8291094,rsa_handshake,0.000481439|0.000077793,0.00,0.00,43700224,43700224,512
4459,1764562834.8434563,rsa_handshake,0.000237088|0.000037730,0.00,3139.60,43700224,43700224,512
4460,1764562834.9041617,rsa_handshake,0.000241727|0.000039573,0.00,0.00,43700224,43700224,512
4461,1764562834.9193487,rsa_handshake,0.000261473|0.000063407,0.00,0.00,43700224,43700224,512
4462,1764562834.9369473,rsa_handshake,0.000423763|0.000090908,0.00,0.00,43700224,43700224,512
4463,1764562834.9589553,rsa_handshake,0.000352210|0.000068987,0.00,0.00,43700224,43700224,512
4464,1764562834.99109,rsa_handshake,0.000434743|0.000066362,0.00,0.00,43700224,43700224,512
4465,1764562835.015786,rsa_handshake,0.000231648|0.000035045,0.00,0.00,43700224,43700224,512
4466,1764562835.0621178,rsa_handshake,0.000346029|0.000037749,0.00,0.00,43700224,43700224,512
4467,1764562835.098338,rsa_handshake,0.000225246|0.000034985,0.00,3294.50,43700224,43700224,512
4468,1764562835.1421921,rsa_handshake,0.000434543|0.000064549,0.00,0.00,43700224,43700224,512
4469,1764562835.233219,rsa_handshake,0.000287351|0.000042188,0.00,0.00,43700224,43700224,512
4470,1764562835.2780457,rsa_handshake,0.000306466|0.000046526,0.00,0.00,43700224,43700224,512
4471,1764562835.320552,rsa_handshake,0.000292480|0.000044923,0.00,0.00,43700224,43700224,512
4472,1764562835.3323195,rsa_handshake,0.000264409|0.000037990,0.00,0.00,43700224,43700224,512
4473,1764562835.3693802,rsa_handshake,0.000348905|0.000035646,0.00,0.00,43700224,43700224,512
4474,1764562835.4232771,rsa_handshake,0.000473084|0.000049542,0.00,0.00,43700224,43700224,512
4475,1764562835.4563787,rsa_handshake,0.000426268|0.000063788,0.00,1773.60,43700224,43700224,512
4476,1764562835.4841986,rsa_handshake,0.000427951|0.000063126,0.00,0.00,43700224,43700224,512
4477,1764562835.4961436,rsa_handshake,0.000230896|0.000036597,0.00,0.00,43700224,43700224,512
4478,1764562835.5140402,rsa_handshake,0.000269749|0.000037239,0.00,0.00,43700224,43700224,512
4479,1764562835.5456402,rsa_handshake,0.000563371|0.000057506,0.00,0.00,43700224,43700224,512
4480,1764562835.5679965,rsa_handshake,0.000556969|0.000088554,0.00,0.00,43700224,43700224,512
4481,1764562835.6021762,rsa_handshake,0.000757720|0.000031498,0.00,0.00,43700224,43700224,512
4482,1764562835.68466,rsa_handshake,0.000524980|0.000079928,0.00,0.00,43700224,43700224,512
4483,1764562835.7092347,rsa_handshake,0.000235646|0.000037259,0.00,0.00,43700224,43700224,512
4484,1764562835.7461724,rsa_handshake,0.000438190|0.000061163,0.00,0.00,43700224,43700224,512
4485,1764562835.7957435,rsa_handshake,0.000260452|0.000041216,0.00,0.00,43700224,43700224,512
4486,1764562835.8325853,rsa_handshake,0.000311505|0.000036667,0.00,0.00,43700224,43700224,512
4487,1764562835.8482726,rsa_handshake,0.000239693|0.000037840,0.00,0.00,43700224,43700224,512
4488,1764562835.8778973,rsa_handshake,0.000644150|0.000130081,0.00,0.00,43700224,43700224,512
4489,1764562835.9104884,rsa_handshake,0.000376135|0.000033382,0.00,0.00,43700224,43700224,512
4490,1764562835.94168,rsa_handshake,0.000472112|0.000034975,0.00,0.00,43700224,43700224,512
4491,1764562836.0246456,rsa_handshake,0.000279296|0.000043881,0.00,0.00,43700224,43700224,512
4492,1764562836.0649438,rsa_handshake,0.000551139|0.000080078,0.00,1373.60,43700224,43700224,512
4493,1764562836.0942998,rsa_handshake,0.000250613|0.000037169,0.00,0.00,43700224,43700224,512
4494,1764562836.1336267,rsa_handshake,0.000508539|0.000035225,0.00,0.00,43700224,43700224,512
4495,1764562836.1553917,rsa_handshake,0.000290707|0.000083163,0.00,0.00,43700224,43700224,512
4496,1764562836.1699169,rsa_handshake,0.000237248|0.000041316,0.00,0.00,43700224,43700224,512
4497,1764562836.2271926,rsa_handshake,0.000458046|0.000056504,0.00,0.00,43700224,43700224,512
4498,1764562836.2731369,rsa_handshake,0.000265471|0.000041466,0.00,0.00,43700224,43700224,512
4499,1764562836.3351421,rsa_handshake,0.000477642|0.000078355,0.00,0.00,43700224,43700224,512
4500,1764562836.3458683,rsa_handshake,0.000428431|0.000065270,0.00,0.00,43700224,43700224,512
4501,1764562836.3768606,rsa_handshake,0.000513799|0.000077092,0.00,0.00,43700224,43700224,512
4502,1764562836.4242425,rsa_handshake,0.000238380|0.000037780,0.00,0.00,43700224,43700224,512
4503,1764562836.4746468,rsa_handshake,0.000229575|0.000035826,0.00,2874.80,43700224,43700224,512
4504,1764562836.5382564,rsa_handshake,0.000242879|0.000038160,0.00,0.00,43700224,43700224,512
4505,1764562836.5858226,rsa_handshake,0.000567519|0.000083845,0.00,0.00,43700224,43700224,512
4506,1764562836.6474,rsa_handshake,0.000322916|0.000035796,0.00,0.00,43700224,43700224,512
4507,1764562836.6681821,rsa_handshake,0.000424685|0.000064098,0.00,0.00,43700224,43700224,512
4508,1764562836.71304,rsa_handshake,0.000265060|0.000047167,0.00,0.00,43700224,43700224,512
4509,1764562836.737659,rsa_handshake,0.000339607|0.000073916,0.00,0.00,43700224,43700224,512
4510,1764562836.7652314,rsa_handshake,0.000408805|0.000064759,0.00,0.00,43700224,43700224,512
4511,1764562836.8023903,rsa_handshake,0.000325221|0.000051816,0.00,0.00,43700224,43700224,512
4512,1764562836.8490074,rsa_handshake,0.000344276|0.000042018,0.00,0.00,43700224,43700224,512
4513,1764562836.8656352,rsa_handshake,0.000860641|0.000036888,0.00,0.00,43700224,43700224,512
4514,1764562836.8997042,rsa_handshake,0.000257235|0.000044202,0.00,0.00,43700224,43700224,512
4515,1764562836.9205928,rsa_handshake,0.000363071|0.000070811,0.00,0.00,43700224,43700224,512
4516,1764562836.965857,rsa_handshake,0.000317667|0.000062555,0.00,0.00,43700224,43700224,512
4517,1764562836.9940696,rsa_handshake,0.000279766|0.000046356,0.00,0.00,43700224,43700224,512
4518,1764562837.0324707,rsa_handshake,0.000227209|0.000035345,0.00,0.00,43700224,43700224,512
4519,1764562837.0774693,rsa_handshake,0.000231588|0.000034163,0.00,0.00,43700224,43700224,512
4520,1764562837.16224,rsa_handshake,0.000310874|0.000040054,0.00,0.00,43700224,43700224,512
4521,1764562837.1990778,rsa_handshake,0.000434543|0.000066813,0.00,0.00,43700224,43700224,512
4522,1764562837.2245986,rsa_handshake,0.000255963|0.000043791,0.00,0.00,43700224,43700224,512
4523,1764562837.2639534,rsa_handshake,0.000263527|0.000045735,0.00,0.00,43700224,43700224,512
4524,1764562837.345734,rsa_handshake,0.000418052|0.000039794,0.00,0.00,43700224,43700224,512
4525,1764562837.4400957,rsa_handshake,0.000366678|0.000043059,0.00,2062.50,43700224,43700224,512
4526,1764562837.4680104,rsa_handshake,0.000517627|0.000078986,0.00,0.00,43700224,43700224,512
4527,1764562837.4848,rsa_handshake,0.000431838|0.000071091,0.00,0.00,43700224,43700224,512
4528,1764562837.5070343,rsa_handshake,0.000423793|0.000044012,0.00,0.00,43700224,43700224,512
4529,1764562837.5453782,rsa_handshake,0.000222741|0.000037389,0.00,0.00,43700224,43700224,512
4530,1764562837.5753148,rsa_handshake,0.000219886|0.000034503,0.00,0.00,43700224,43700224,512
4531,1764562837.5902364,rsa_handshake,0.000217552|0.000034083,0.00,0.00,43700224,43700224,512
4532,1764562837.6165812,rsa_handshake,0.000222301|0.000034584,0.00,0.00,43700224,43700224,512
4533,1764562837.6445673,rsa_handshake,0.000217732|0.000042299,0.00,0.00,43700224,43700224,512
4534,1764562837.7099178,rsa_handshake,0.000232961|0.000042979,0.00,0.00,43700224,43700224,512
4535,1764562837.7485318,rsa_handshake,0.000257836|0.000038952,0.00,0.00,43700224,43700224,512
4536,1764562837.7786698,rsa_handshake,0.000272563|0.000055843,0.00,0.00,43700224,43700224,512
4537,1764562837.8610103,rsa_handshake,0.000238330|0.000036567,0.00,0.00,43700224,43700224,512
4538,1764562837.883805,rsa_handshake,0.000232469|0.000035927,0.00,0.00,43700224,43700224,512
4539,1764562837.909195,rsa_handshake,0.000231268|0.000036568,0.00,0.00,43700224,43700224,512
4540,1764562837.9275634,rsa_handshake,0.000232289|0.000036307,0.00,0.00,43700224,43700224,512
4541,1764562837.9903212,rsa_handshake,0.000226989|0.000035015,0.00,0.00,43700224,43700224,512
4542,1764562838.0222166,rsa_handshake,0.000269167|0.000037108,0.00,0.00,43700224,43700224,512
4543,1764562838.0533867,rsa_handshake,0.000222170|0.000034283,0.00,0.00,43700224,43700224,512
4544,1764562838.1030602,rsa_handshake,0.000358152|0.000059150,0.00,0.00,43700224,43700224,512
4545,1764562838.1763222,rsa_handshake,0.000560756|0.000039914,0.00,0.00,43700224,43700224,512
4546,1764562838.1971238,rsa_handshake,0.000441445|0.000066643,0.00,0.00,43700224,43700224,512
4547,1764562838.248294,rsa_handshake,0.000317106|0.000055192,0.00,0.00,43700224,43700224,512
4548,1764562838.2969208,rsa_handshake,0.000265681|0.000050553,0.00,0.00,43700224,43700224,512
4549,1764562838.3197849,rsa_handshake,0.000277834|0.000042839,0.00,0.00,43700224,43700224,512
4550,1764562838.3409607,rsa_handshake,0.000241366|0.000036458,0.00,0.00,43700224,43700224,512
4551,1764562838.3888998,rsa_handshake,0.000266462|0.000080769,0.00,0.00,43700224,43700224,512
4552,1764562838.407576,rsa_handshake,0.000222582|0.000033732,0.00,0.00,43700224,43700224,512
4553,1764562838.4421606,rsa_handshake,0.000224384|0.000034915,0.00,0.00,43700224,43700224,512
4554,1764562838.488264,rsa_handshake,0.000268406|0.000043581,0.00,0.00,43700224,43700224,512
4555,1764562838.5245974,rsa_handshake,0.000224485|0.000035035,0.00,0.00,43700224,43700224,512
4556,1764562838.5692887,rsa_handshake,0.000228172|0.000036267,0.00,0.00,43700224,43700224,512
4557,1764562838.631629,rsa_handshake,0.000228201|0.000035236,0.00,0.00,43700224,43700224,512
4558,1764562838.6981432,rsa_handshake,0.000314822|0.000041897,0.00,0.00,43700224,43700224,512
4559,1764562838.7606828,rsa_handshake,0.000292841|0.000049591,0.00,0.00,43700224,43700224,512
4560,1764562838.8337746,rsa_handshake,0.000379371|0.000041607,0.00,0.00,43700224,43700224,512
4561,1764562838.854052,rsa_handshake,0.000468215|0.000056985,0.00,0.00,43700224,43700224,512
4562,1764562838.9245293,rsa_handshake,0.000539197|0.000080639,0.00,0.00,43700224,43700224,512
4563,1764562838.9651735,rsa_handshake,0.000326123|0.000048109,0.00,2232.50,43700224,43700224,512
4564,1764562839.019884,rsa_handshake,0.000253759|0.000038751,0.00,0.00,43700224,43700224,512
4565,1764562839.0364296,rsa_handshake,0.000447347|0.000034774,0.00,0.00,43700224,43700224,512
4566,1764562839.0623043,rsa_handshake,0.000544516|0.000084846,0.00,0.00,43700224,43700224,512
4567,1764562839.159998,rsa_handshake,0.000439412|0.000075770,0.00,0.00,43700224,43700224,512
4568,1764562839.1814961,rsa_handshake,0.000226008|0.000034363,0.00,0.00,43700224,43700224,512
4569,1764562839.198123,rsa_handshake,0.000298472|0.000044532,0.00,0.00,43700224,43700224,512
4570,1764562839.2165768,rsa_handshake,0.000303671|0.000039483,0.00,0.00,43700224,43700224,512
4571,1764562839.2779806,rsa_handshake,0.000291929|0.000061875,0.00,0.00,43700224,43700224,512
4572,1764562839.3221872,rsa_handshake,0.000317857|0.000055713,0.00,0.00,43700224,43700224,512
4573,1764562839.3644035,rsa_handshake,0.000296648|0.000058548,0.00,0.00,43700224,43700224,512
4574,1764562839.4051883,rsa_handshake,0.000363141|0.000059060,0.00,0.00,43700224,43700224,512
4575,1764562839.4651115,rsa_handshake,0.000230626|0.000035666,0.00,0.00,43700224,43700224,512
4576,1764562839.5049946,rsa_handshake,0.000268105|0.000041717,0.00,0.00,43700224,43700224,512
4577,1764562839.533291,rsa_handshake,0.000434824|0.000032099,0.00,0.00,43700224,43700224,512
4578,1764562839.565283,rsa_handshake,0.000268086|0.000046656,0.00,0.00,43700224,43700224,512
4579,1764562839.604702,rsa_handshake,0.000234814|0.000039413,0.00,0.00,43700224,43700224,512
4580,1764562839.6458848,rsa_handshake,0.000599046|0.000092922,0.00,0.00,43700224,43700224,512
4581,1764562839.6617255,rsa_handshake,0.000390782|0.000038631,0.00,0.00,43700224,43700224,512
4582,1764562839.7240348,rsa_handshake,0.000415477|0.000038451,0.00,0.00,43700224,43700224,512
4583,1764562839.754694,rsa_handshake,0.000240254|0.000039583,0.00,0.00,43700224,43700224,512
4584,1764562839.8078809,rsa_handshake,0.000455322|0.000070039,0.00,0.00,43700224,43700224,512
4585,1764562839.8207567,rsa_handshake,0.000273004|0.000046095,0.00,0.00,43700224,43700224,512
4586,1764562839.866589,rsa_handshake,0.000428512|0.000064670,0.00,0.00,43700224,43700224,512
4587,1764562839.877546,rsa_handshake,0.000438730|0.000065831,0.00,0.00,43700224,43700224,512
4588,1764562839.9017246,rsa_handshake,0.000516755|0.000037760,0.00,0.00,43700224,43700224,512
4589,1764562839.9257746,rsa_handshake,0.000354415|0.000054250,0.00,0.00,43700224,43700224,512
4590,1764562839.9686608,rsa_handshake,0.000453288|0.000068366,0.00,0.00,43700224,43700224,512
4591,1764562839.98997,rsa_handshake,0.000283353|0.000043791,0.00,0.00,43700224,43700224,512
4592,1764562840.0229485,rsa_handshake,0.000364313|0.000036868,0.00,0.00,43700224,43700224,512
4593,1764562840.050597,rsa_handshake,0.000388087|0.000034785,0.00,0.00,43700224,43700224,512
4594,1764562840.117708,rsa_handshake,0.000524920|0.000042850,0.00,0.00,43700224,43700224,512
4595,1764562840.1289299,rsa_handshake,0.000220447|0.000034754,0.00,0.00,43700224,43700224,512
4596,1764562840.1814725,rsa_handshake,0.000229194|0.000036177,0.00,0.00,43700224,43700224,512
4597,1764562840.2008433,rsa_handshake,0.000275679|0.000047047,0.00,2656.30,43700224,43700224,512
4598,1764562840.225739,rsa_handshake,0.000281130|0.000045234,0.00,0.00,43700224,43700224,512
4599,1764562840.2831433,rsa_handshake,0.000258117|0.000036988,0.00,0.00,43700224,43700224,512
4600,1764562840.3114834,rsa_handshake,0.000229144|0.000038491,0.00,0.00,43700224,43700224,512
4601,1764562840.3433938,rsa_handshake,0.000224175|0.000035044,0.00,0.00,43700224,43700224,512
4602,1764562840.3746347,rsa_handshake,0.000231247|0.000035997,0.00,0.00,43700224,43700224,512
4603,1764562840.4135606,rsa_handshake,0.000259259|0.000037369,0.00,0.00,43700224,43700224,512
4604,1764562840.4350863,rsa_handshake,0.000222061|0.000033512,0.00,0.00,43700224,43700224,512
4605,1764562840.4710398,rsa_handshake,0.000243349|0.000042859,0.00,0.00,43700224,43700224,512
4606,1764562840.4881861,rsa_handshake,0.000231728|0.000038661,0.00,0.00,43700224,43700224,512
4607,1764562840.5144413,rsa_handshake,0.000242047|0.000034283,0.00,0.00,43700224,43700224,512
4608,1764562840.5350142,rsa_handshake,0.000223413|0.000033192,0.00,0.00,43700224,43700224,512
4609,1764562840.557468,rsa_handshake,0.000425966|0.000031047,0.00,0.00,43700224,43700224,512
4610,1764562840.580377,rsa_handshake,0.000234113|0.000034373,0.00,0.00,43700224,43700224,512
4611,1764562840.6078792,rsa_handshake,0.000225867|0.000034444,0.00,0.00,43700224,43700224,512
4612,1764562840.657362,rsa_handshake,0.000225366|0.000034314,0.00,0.00,43700224,43700224,512
4613,1764562840.6674201,rsa_handshake,0.000214867|0.000033121,0.00,0.00,43700224,43700224,512
4614,1764562840.7389107,rsa_handshake,0.000340450|0.000062886,0.00,2095.10,43700224,43700224,512
4615,1764562840.8247113,rsa_handshake,0.000247938|0.000038070,0.00,0.00,43700224,43700224,512
4616,1764562840.8743923,rsa_handshake,0.000458517|0.000065200,0.00,0.00,43700224,43700224,512
4617,1764562840.9463687,rsa_handshake,0.000239833|0.000040755,0.00,0.00,43700224,43700224,512
4618,1764562840.9593673,rsa_handshake,0.000423713|0.000063136,0.00,0.00,43700224,43700224,512
4619,1764562840.9817507,rsa_handshake,0.000382968|0.000034163,0.00,0.00,43700224,43700224,512
4620,1764562841.0039136,rsa_handshake,0.000248920|0.000043471,0.00,0.00,43700224,43700224,512
4621,1764562841.0517232,rsa_handshake,0.000425756|0.000064980,0.00,0.00,43700224,43700224,512
4622,1764562841.084161,rsa_handshake,0.000485677|0.000042369,0.00,0.00,43700224,43700224,512
4623,1764562841.1245198,rsa_handshake,0.000214997|0.000033562,0.00,0.00,43700224,43700224,512
4624,1764562841.1356635,rsa_handshake,0.000208055|0.000032520,0.00,0.00,43700224,43700224,512
4625,1764562841.2061415,rsa_handshake,0.000256224|0.000038030,0.00,0.00,43700224,43700224,512
4626,1764562841.2240205,rsa_handshake,0.000239593|0.000036267,0.00,0.00,43700224,43700224,512
4627,1764562841.277577,rsa_handshake,0.000280658|0.000047658,0.00,0.00,43700224,43700224,512
4628,1764562841.2984807,rsa_handshake,0.000260231|0.000045754,0.00,0.00,43700224,43700224,512
4629,1764562841.3545296,rsa_handshake,0.000290116|0.000053539,0.00,0.00,43700224,43700224,512
4630,1764562841.3856924,rsa_handshake,0.000228452|0.000035175,0.00,0.00,43700224,43700224,512
4631,1764562841.4330726,rsa_handshake,0.000249010|0.000037890,0.00,0.00,43700224,43700224,512
4632,1764562841.5222807,rsa_handshake,0.000233501|0.000036717,0.00,0.00,43700224,43700224,512
4633,1764562841.598344,rsa_handshake,0.000227901|0.000035245,0.00,0.00,43700224,43700224,512
4634,1764562841.686229,rsa_handshake,0.000231688|0.000036578,0.00,0.00,43700224,43700224,512
4635,1764562841.7156208,rsa_handshake,0.000259780|0.000038501,0.00,0.00,43700224,43700224,512
4636,1764562841.7352595,rsa_handshake,0.000246536|0.000046135,0.00,0.00,43700224,43700224,512
4637,1764562841.779844,rsa_handshake,0.000339077|0.000054360,0.00,0.00,43700224,43700224,512
4638,1764562841.8028624,rsa_handshake,0.000433551|0.000073045,0.00,0.00,43700224,43700224,512
4639,1764562841.8252716,rsa_handshake,0.000450081|0.000067654,0.00,0.00,43700224,43700224,512
4640,1764562841.895927,rsa_handshake,0.000237999|0.000042999,0.00,0.00,43700224,43700224,512
4641,1764562841.9071484,rsa_handshake,0.000570143|0.000031688,0.00,0.00,43700224,43700224,512
4642,1764562841.9610343,rsa_handshake,0.000386233|0.000056204,0.00,0.00,43700224,43700224,512
4643,1764562842.0039053,rsa_handshake,0.000446224|0.000067865,0.00,1596.80,43700224,43700224,512
4644,1764562842.0501814,rsa_handshake,0.000435094|0.000066773,0.00,0.00,43700224,43700224,512
4645,1764562842.09968,rsa_handshake,0.000426157|0.000064379,0.00,0.00,43700224,43700224,512
4646,1764562842.1486971,rsa_handshake,0.000417551|0.000063176,0.00,0.00,43700224,43700224,512
4647,1764562842.2177773,rsa_handshake,0.000324630|0.000037068,0.00,0.00,43700224,43700224,512
4648,1764562842.2370868,rsa_handshake,0.000299253|0.000040695,0.00,0.00,43700224,43700224,512
4649,1764562842.260816,rsa_handshake,0.000639512|0.000118108,0.00,1144.70,43700224,43700224,512
4650,1764562842.2961798,rsa_handshake,0.000340750|0.000063607,0.00,0.00,43700224,43700224,512
4651,1764562842.309081,rsa_handshake,0.000309762|0.000035516,0.00,0.00,43700224,43700224,512
4652,1764562842.368145,rsa_handshake,0.000534958|0.000080389,0.00,0.00,43700224,43700224,512
4653,1764562842.4001715,rsa_handshake,0.000350087|0.000034945,0.00,0.00,43700224,43700224,512
4654,1764562842.4634855,rsa_handshake,0.000490687|0.000073996,0.00,0.00,43700224,43700224,512
4655,1764562842.505811,rsa_handshake,0.000517897|0.000041587,0.00,1432.60,43700224,43700224,512
4656,1764562842.5478668,rsa_handshake,0.000235625|0.000036498,0.00,0.00,43700224,43700224,512
4657,1764562842.5687497,rsa_handshake,0.000422321|0.000064028,0.00,0.00,43700224,43700224,512
4658,1764562842.5878575,rsa_handshake,0.000241345|0.000038731,0.00,0.00,43700224,43700224,512
4659,1764562842.6065605,rsa_handshake,0.000370574|0.000033832,0.00,0.00,43700224,43700224,512
4660,1764562842.6504018,rsa_handshake,0.000424244|0.000064189,0.00,0.00,43700224,43700224,512
4661,1764562842.693807,rsa_handshake,0.000425627|0.000068316,0.00,0.00,43700224,43700224,512
4662,1764562842.7097518,rsa_handshake,0.000323618|0.000034754,0.00,0.00,43700224,43700224,512
4663,1764562842.745457,rsa_handshake,0.000443109|0.000076722,0.00,0.00,43700224,43700224,512
4664,1764562842.7756493,rsa_handshake,0.000229213|0.000035726,0.00,0.00,43700224,43700224,512
4665,1764562842.8019342,rsa_handshake,0.000430115|0.000068908,0.00,0.00,43700224,43700224,512
4666,1764562842.831603,rsa_handshake,0.000228583|0.000035005,0.00,0.00,43700224,43700224,512
4667,1764562842.875423,rsa_handshake,0.000230426|0.000035325,0.00,0.00,43700224,43700224,512
4668,1764562842.917813,rsa_handshake,0.000423563|0.000064540,0.00,0.00,43700224,43700224,512
4669,1764562842.9603221,rsa_handshake,0.000221740|0.000034053,0.00,0.00,43700224,43700224,512
4670,1764562842.9823232,rsa_handshake,0.000274708|0.000035005,0.00,0.00,43700224,43700224,512
4671,1764562842.992577,rsa_handshake,0.000415176|0.000063016,0.00,0.00,43700224,43700224,512
4672,1764562843.0180173,rsa_handshake,0.000529468|0.000080969,0.00,0.00,43700224,43700224,512
4673,1764562843.042705,rsa_handshake,0.000434894|0.000036057,0.00,0.00,43700224,43700224,512
4674,1764562843.0894897,rsa_handshake,0.000232670|0.000035014,0.00,0.00,43700224,43700224,512
4675,1764562843.136364,rsa_handshake,0.000561598|0.000078475,0.00,0.00,43700224,43700224,512
4676,1764562843.1733909,rsa_handshake,0.000212583|0.000033321,0.00,0.00,43700224,43700224,512
4677,1764562843.1922731,rsa_handshake,0.000231778|0.000034513,0.00,0.00,43700224,43700224,512
4678,1764562843.2133584,rsa_handshake,0.000231007|0.000037128,0.00,0.00,43700224,43700224,512
4679,1764562843.2676115,rsa_handshake,0.000230235|0.000036066,0.00,0.00,43700224,43700224,512
4680,1764562843.3656309,rsa_handshake,0.000238952|0.000036508,0.00,0.00,43700224,43700224,512
4681,1764562843.4162304,rsa_handshake,0.000478654|0.000085408,0.00,0.00,43700224,43700224,512
4682,1764562843.4718661,rsa_handshake,0.000546580|0.000083474,0.00,0.00,43700224,43700224,512
4683,1764562843.5079577,rsa_handshake,0.000235295|0.000069088,0.00,0.00,43700224,43700224,512
4684,1764562843.5566955,rsa_handshake,0.000424594|0.000066533,0.00,0.00,43700224,43700224,512
4685,1764562843.5732133,rsa_handshake,0.000230687|0.000035946,0.00,0.00,43700224,43700224,512
4686,1764562843.60447,rsa_handshake,0.000234433|0.000038221,0.00,0.00,43700224,43700224,512
4687,1764562843.6210682,rsa_handshake,0.000268165|0.000043922,0.00,0.00,43700224,43700224,512
4688,1764562843.651362,rsa_handshake,0.000534067|0.000079607,0.00,0.00,43700224,43700224,512
4689,1764562843.6751344,rsa_handshake,0.000312407|0.000040675,0.00,0.00,43700224,43700224,512
4690,1764562843.7153695,rsa_handshake,0.000297139|0.000042759,0.00,0.00,43700224,43700224,512
4691,1764562843.7468858,rsa_handshake,0.000272413|0.000037961,0.00,0.00,43700224,43700224,512
4692,1764562843.7552984,rsa_handshake,0.000252467|0.000041076,0.00,0.00,43700224,43700224,512
4693,1764562843.7760668,rsa_handshake,0.000430385|0.000064048,0.00,0.00,43700224,43700224,512
4694,1764562843.8182113,rsa_handshake,0.000462685|0.000079216,0.00,0.00,43700224,43700224,512
4695,1764562843.8757832,rsa_handshake,0.000523988|0.000079657,0.00,0.00,43700224,43700224,512
4696,1764562843.9134603,rsa_handshake,0.000330039|0.000054310,0.00,0.00,43700224,43700224,512
4697,1764562843.9433594,rsa_handshake,0.000401772|0.000035385,0.00,0.00,43700224,43700224,512
4698,1764562843.9561229,rsa_handshake,0.000445563|0.000066773,0.00,0.00,43700224,43700224,512
4699,1764562843.9931264,rsa_handshake,0.000435585|0.000065170,0.00,0.00,43700224,43700224,512
4700,1764562844.031013,rsa_handshake,0.000532995|0.000046816,0.00,0.00,43700224,43700224,512
4701,1764562844.0497386,rsa_handshake,0.000428051|0.000066563,0.00,0.00,43700224,43700224,512
4702,1764562844.0993102,rsa_handshake,0.000437859|0.000065481,0.00,0.00,43700224,43700224,512
4703,1764562844.1420226,rsa_handshake,0.000242008|0.000038922,0.00,0.00,43700224,43700224,512
4704,1764562844.1816978,rsa_handshake,0.000425876|0.000065351,0.00,0.00,43700224,43700224,512
4705,1764562844.2554142,rsa_handshake,0.000475328|0.000039223,0.00,0.00,43700224,43700224,512
4706,1764562844.2994382,rsa_handshake,0.000312567|0.000048940,0.00,2314.60,43700224,43700224,512
4707,1764562844.3335743,rsa_handshake,0.000234664|0.000035235,0.00,0.00,43700224,43700224,512
4708,1764562844.3750508,rsa_handshake,0.000235425|0.000035456,0.00,0.00,43700224,43700224,512
4709,1764562844.429218,rsa_handshake,0.000454219|0.000090127,0.00,0.00,43700224,43700224,512
4710,1764562844.4971323,rsa_handshake,0.000236487|0.000036087,0.00,0.00,43700224,43700224,512
4711,1764562844.53411,rsa_handshake,0.000242148|0.000035516,0.00,0.00,43700224,43700224,512
4712,1764562844.590871,rsa_handshake,0.000237589|0.000036728,0.00,0.00,43700224,43700224,512
4713,1764562844.6312194,rsa_handshake,0.000234944|0.000037650,0.00,0.00,43700224,43700224,512
4714,1764562844.641638,rsa_handshake,0.000425015|0.000064008,0.00,1780.20,43700224,43700224,512
4715,1764562844.672974,rsa_handshake,0.000251735|0.000041667,0.00,0.00,43700224,43700224,512
4716,1764562844.6943314,rsa_handshake,0.000237499|0.000037219,0.00,0.00,43700224,43700224,512
4717,1764562844.704669,rsa_handshake,0.000277563|0.000048680,0.00,0.00,43700224,43700224,512
4718,1764562844.7654634,rsa_handshake,0.000231137|0.000046976,0.00,0.00,43700224,43700224,512
4719,1764562844.8173058,rsa_handshake,0.000241276|0.000038301,0.00,0.00,43700224,43700224,512
4720,1764562844.884741,rsa_handshake,0.000230245|0.000036337,0.00,0.00,43700224,43700224,512
4721,1764562844.9112678,rsa_handshake,0.000237048|0.000037850,0.00,0.00,43700224,43700224,512
4722,1764562844.9692492,rsa_handshake,0.000321494|0.000057717,0.00,0.00,43700224,43700224,512
4723,1764562845.0235584,rsa_handshake,0.000423182|0.000061523,0.00,1750.60,43700224,43700224,512
4724,1764562845.086756,rsa_handshake,0.000515473|0.000081170,0.00,0.00,43700224,43700224,512
4725,1764562845.1214132,rsa_handshake,0.000240565|0.000038270,0.00,0.00,43700224,43700224,512
4726,1764562845.1563623,rsa_handshake,0.000313009|0.000065731,0.00,0.00,43700224,43700224,512
4727,1764562845.1917257,rsa_handshake,0.000231979|0.000036467,0.00,0.00,43700224,43700224,512
4728,1764562845.2188234,rsa_handshake,0.000241716|0.000040825,0.00,0.00,43700224,43700224,512
4729,1764562845.2706199,rsa_handshake,0.000289725|0.000043570,0.00,0.00,43700224,43700224,512
4730,1764562845.310636,rsa_handshake,0.000288042|0.000049812,0.00,2521.50,43700224,43700224,512
4731,1764562845.3239152,rsa_handshake,0.000238992|0.000039112,0.00,0.00,43700224,43700224,512
4732,1764562845.3772688,rsa_handshake,0.000487882|0.000080017,0.00,0.00,43700224,43700224,512
4733,1764562845.414287,rsa_handshake,0.000288392|0.000053649,0.00,0.00,43700224,43700224,512
4734,1764562845.4287424,rsa_handshake,0.000463657|0.000093814,0.00,0.00,43700224,43700224,512
4735,1764562845.457973,rsa_handshake,0.000339918|0.000070881,0.00,0.00,43700224,43700224,512
4736,1764562845.4861841,rsa_handshake,0.000244732|0.000038010,0.00,0.00,43700224,43700224,512
4737,1764562845.5001068,rsa_handshake,0.000475288|0.000034224,0.00,0.00,43700224,43700224,512
4738,1764562845.5359356,rsa_handshake,0.000344797|0.000051556,0.00,0.00,43700224,43700224,512
4739,1764562845.5887115,rsa_handshake,0.000274207|0.000046055,0.00,0.00,43700224,43700224,512
4740,1764562845.6111147,rsa_handshake,0.000520371|0.000074978,0.00,0.00,43700224,43700224,512
4741,1764562845.647315,rsa_handshake,0.000431377|0.000037529,0.00,0.00,43700224,43700224,512
4742,1764562845.6816096,rsa_handshake,0.000311215|0.000049311,0.00,0.00,43700224,43700224,512
4743,1764562845.715593,rsa_handshake,0.000462715|0.000072244,0.00,0.00,43700224,43700224,512
4744,1764562845.7436373,rsa_handshake,0.000249220|0.000039633,0.00,0.00,43700224,43700224,512
4745,1764562845.7744598,rsa_handshake,0.000342834|0.000050353,0.00,0.00,43700224,43700224,512
4746,1764562845.839279,rsa_handshake,0.000275640|0.000044482,0.00,0.00,43700224,43700224,512
4747,1764562845.8875113,rsa_handshake,0.000290486|0.000048069,0.00,0.00,43700224,43700224,512
4748,1764562845.9663815,rsa_handshake,0.000444551|0.000069137,0.00,0.00,43700224,43700224,512
4749,1764562845.996012,rsa_handshake,0.000301647|0.000047819,0.00,0.00,43700224,43700224,512
4750,1764562846.0575225,rsa_handshake,0.000332655|0.000053489,0.00,2240.10,43700224,43700224,512
4751,1764562846.1158798,rsa_handshake,0.000243270|0.000039173,0.00,0.00,43700224,43700224,512
4752,1764562846.1579244,rsa_handshake,0.000428482|0.000064559,0.00,0.00,43700224,43700224,512
4753,1764562846.171555,rsa_handshake,0.000224385|0.000038652,0.00,0.00,43700224,43700224,512
4754,1764562846.1844482,rsa_handshake,0.000228583|0.000035586,0.00,0.00,43700224,43700224,512
4755,1764562846.2483466,rsa_handshake,0.000231007|0.000039252,0.00,0.00,43700224,43700224,512
4756,1764562846.3413672,rsa_handshake,0.000228573|0.000035466,0.00,0.00,43700224,43700224,512
4757,1764562846.3678095,rsa_handshake,0.000229164|0.000035555,0.00,0.00,43700224,43700224,512
4758,1764562846.3881326,rsa_handshake,0.000266833|0.000043630,0.00,0.00,43700224,43700224,512
4759,1764562846.4116724,rsa_handshake,0.000254270|0.000037399,0.00,0.00,43700224,43700224,512
4760,1764562846.4866145,rsa_handshake,0.000235616|0.000037239,0.00,0.00,43700224,43700224,512
4761,1764562846.5146332,rsa_handshake,0.000586343|0.000097140,0.00,0.00,43700224,43700224,512
4762,1764562846.5763752,rsa_handshake,0.000318819|0.000034905,0.00,0.00,43700224,43700224,512
4763,1764562846.6277845,rsa_handshake,0.000693732|0.000059169,0.00,0.00,43700224,43700224,512
4764,1764562846.6502316,rsa_handshake,0.000294444|0.000046466,0.00,0.00,43700224,43700224,512
4765,1764562846.6908417,rsa_handshake,0.000233932|0.000035816,0.00,3177.50,43700224,43700224,512
4766,1764562846.7121398,rsa_handshake,0.000249481|0.000040355,0.00,0.00,43700224,43700224,512
4767,1764562846.7692232,rsa_handshake,0.000245794|0.000039553,0.00,0.00,43700224,43700224,512
4768,1764562846.8114955,rsa_handshake,0.000268696|0.000045234,0.00,0.00,43700224,43700224,512
4769,1764562846.8749456,rsa_handshake,0.000699924|0.000058307,0.00,0.00,43700224,43700224,512
4770,1764562846.917805,rsa_handshake,0.000465791|0.000071162,0.00,0.00,43700224,43700224,512
4771,1764562846.9431925,rsa_handshake,0.000314842|0.000058809,0.00,0.00,43700224,43700224,512
4772,1764562847.0035994,rsa_handshake,0.000249531|0.000044352,0.00,0.00,43700224,43700224,512
4773,1764562847.0574546,rsa_handshake,0.000275729|0.000035997,0.00,0.00,43700224,43700224,512
4774,1764562847.0739582,rsa_handshake,0.000456754|0.000076852,0.00,0.00,43700224,43700224,512
4775,1764562847.0944612,rsa_handshake,0.000236337|0.000041076,0.00,0.00,43700224,43700224,512
4776,1764562847.151048,rsa_handshake,0.000425616|0.000035556,0.00,0.00,43700224,43700224,512
4777,1764562847.2252083,rsa_handshake,0.000451013|0.000070691,0.00,0.00,43700224,43700224,512
4778,1764562847.274362,rsa_handshake,0.000350488|0.000080459,0.00,0.00,43700224,43700224,512
4779,1764562847.403162,rsa_handshake,0.000323087|0.000065581,0.00,0.00,43700224,43700224,512
4780,1764562847.4331565,rsa_handshake,0.000280248|0.000041847,0.00,0.00,43700224,43700224,512
4781,1764562847.474707,rsa_handshake,0.000577307|0.000088213,0.00,0.00,43700224,43700224,512
4782,1764562847.5238025,rsa_handshake,0.000469948|0.000072113,0.00,0.00,43700224,43700224,512
4783,1764562847.5482986,rsa_handshake,0.000291679|0.000036177,0.00,0.00,43700224,43700224,512
4784,1764562847.5902832,rsa_handshake,0.000308259|0.000037890,0.00,0.00,43700224,43700224,512
4785,1764562847.6074934,rsa_handshake,0.000222301|0.000033892,0.00,0.00,43700224,43700224,512
4786,1764562847.6647594,rsa_handshake,0.000234934|0.000040004,0.00,0.00,43700224,43700224,512
4787,1764562847.7261696,rsa_handshake,0.000239172|0.000039894,0.00,0.00,43700224,43700224,512
4788,1764562847.7425349,rsa_handshake,0.000232880|0.000035756,0.00,0.00,43700224,43700224,512
4789,1764562847.802955,rsa_handshake,0.000249701|0.000048830,0.00,0.00,43700224,43700224,512
4790,1764562847.871456,rsa_handshake,0.000267995|0.000050423,0.00,0.00,43700224,43700224,512
4791,1764562847.8919308,rsa_handshake,0.000230315|0.000046256,0.00,0.00,43700224,43700224,512
4792,1764562847.9170837,rsa_handshake,0.000265310|0.000036327,0.00,0.00,43700224,43700224,512
4793,1764562847.9343014,rsa_handshake,0.000249511|0.000040345,0.00,0.00,43700224,43700224,512
4794,1764562848.0179594,rsa_handshake,0.000237579|0.000036999,0.00,0.00,43700224,43700224,512
4795,1764562848.0474591,rsa_handshake,0.000228422|0.000035726,0.00,0.00,43700224,43700224,512
4796,1764562848.0902433,rsa_handshake,0.000229604|0.000034684,0.00,0.00,43700224,43700224,512
4797,1764562848.1175647,rsa_handshake,0.000227310|0.000036538,0.00,0.00,43700224,43700224,512
4798,1764562848.131616,rsa_handshake,0.000227870|0.000035415,0.00,0.00,43700224,43700224,512
4799,1764562848.141084,rsa_handshake,0.000221970|0.000033241,0.00,0.00,43700224,43700224,512
4800,1764562848.1834993,rsa_handshake,0.000218624|0.000033922,0.00,0.00,43700224,43700224,512
4801,1764562848.2069483,rsa_handshake,0.000417321|0.000039072,0.00,0.00,43700224,43700224,512
4802,1764562848.2447164,rsa_handshake,0.000235145|0.000038642,0.00,0.00,43700224,43700224,512
4803,1764562848.2575898,rsa_handshake,0.000212803|0.000033071,0.00,0.00,43700224,43700224,512
4804,1764562848.2783754,rsa_handshake,0.000234794|0.000040735,0.00,0.00,43700224,43700224,512
4805,1764562848.287963,rsa_handshake,0.000235164|0.000051245,0.00,0.00,43700224,43700224,512
4806,1764562848.3218143,rsa_handshake,0.000261303|0.000042749,0.00,0.00,43700224,43700224,512
4807,1764562848.3553004,rsa_handshake,0.000268666|0.000042789,0.00,0.00,43700224,43700224,512
4808,1764562848.4002144,rsa_handshake,0.000226198|0.000035585,0.00,0.00,43700224,43700224,512
4809,1764562848.438733,rsa_handshake,0.000281600|0.000047918,0.00,0.00,43700224,43700224,512
4810,1764562848.4806716,rsa_handshake,0.000227821|0.000035586,0.00,0.00,43700224,43700224,512
4811,1764562848.4897966,rsa_handshake,0.000415879|0.000064109,0.00,0.00,43700224,43700224,512
4812,1764562848.5595717,rsa_handshake,0.000226669|0.000035135,0.00,0.00,43700224,43700224,512
4813,1764562848.5843534,rsa_handshake,0.000235295|0.000038501,0.00,0.00,43700224,43700224,512
4814,1764562848.6179628,rsa_handshake,0.000231688|0.000035606,0.00,0.00,43700224,43700224,512
4815,1764562848.6542258,rsa_handshake,0.000235585|0.000036106,0.00,0.00,43700224,43700224,512
4816,1764562848.6809146,rsa_handshake,0.000224846|0.000040795,0.00,0.00,43700224,43700224,512
4817,1764562848.7183373,rsa_handshake,0.000226158|0.000035515,0.00,0.00,43700224,43700224,512
4818,1764562848.747404,rsa_handshake,0.000227410|0.000035836,0.00,0.00,43700224,43700224,512
4819,1764562848.806166,rsa_handshake,0.000263577|0.000039102,0.00,0.00,43700224,43700224,512
4820,1764562848.8468802,rsa_handshake,0.000235565|0.000037039,0.00,0.00,43700224,43700224,512
4821,1764562848.8776138,rsa_handshake,0.000241085|0.000042228,0.00,0.00,43700224,43700224,512
4822,1764562848.9141853,rsa_handshake,0.000270981|0.000044603,0.00,0.00,43700224,43700224,512
4823,1764562848.9498835,rsa_handshake,0.000249030|0.000042909,0.00,0.00,43700224,43700224,512
4824,1764562848.9713352,rsa_handshake,0.000277553|0.000044923,0.00,0.00,43700224,43700224,512
4825,1764562849.0235124,rsa_handshake,0.000277152|0.000037038,0.00,2694.10,43700224,43700224,512
4826,1764562849.0450816,rsa_handshake,0.000236667|0.000036257,0.00,0.00,43700224,43700224,512
4827,1764562849.0827181,rsa_handshake,0.000224785|0.000034223,0.00,0.00,43700224,43700224,512
4828,1764562849.1070414,rsa_handshake,0.000264989|0.000035616,0.00,0.00,43700224,43700224,512
4829,1764562849.1445456,rsa_handshake,0.000247066|0.000041446,0.00,0.00,43700224,43700224,512
4830,1764562849.1978896,rsa_handshake,0.000221129|0.000034444,0.00,0.00,43700224,43700224,512
4831,1764562849.2443833,rsa_handshake,0.000222311|0.000036447,0.00,0.00,43700224,43700224,512
4832,1764562849.2638543,rsa_handshake,0.000214236|0.000033122,0.00,0.00,43700224,43700224,512
4833,1764562849.3016012,rsa_handshake,0.000462014|0.000034724,0.00,0.00,43700224,43700224,512
4834,1764562849.3244092,rsa_handshake,0.000257646|0.000042108,0.00,0.00,43700224,43700224,512
4835,1764562849.343784,rsa_handshake,0.000229825|0.000035806,0.00,3217.30,43700224,43700224,512
4836,1764562849.3921845,rsa_handshake,0.000273986|0.000043670,0.00,0.00,43700224,43700224,512
4837,1764562849.4009705,rsa_handshake,0.000389911|0.000040044,0.00,0.00,43700224,43700224,512
4838,1764562849.4314706,rsa_handshake,0.000429664|0.000065301,0.00,0.00,43700224,43700224,512
4839,1764562849.4572198,rsa_handshake,0.000219466|0.000035025,0.00,0.00,43700224,43700224,512
4840,1764562849.4856577,rsa_handshake,0.000423733|0.000094715,0.00,0.00,43700224,43700224,512
4841,1764562849.5099387,rsa_handshake,0.000411471|0.000078625,0.00,0.00,43700224,43700224,512
4842,1764562849.5574665,rsa_handshake,0.000225567|0.000035255,0.00,0.00,43700224,43700224,512
4843,1764562849.645645,rsa_handshake,0.000554264|0.000079076,0.00,0.00,43700224,43700224,512
4844,1764562849.672993,rsa_handshake,0.000418383|0.000074067,0.00,0.00,43700224,43700224,512
4845,1764562849.6906426,rsa_handshake,0.000231959|0.000036377,0.00,0.00,43700224,43700224,512
4846,1764562849.7073505,rsa_handshake,0.000274357|0.000037309,0.00,0.00,43700224,43700224,512
4847,1764562849.724657,rsa_handshake,0.000224114|0.000034544,0.00,0.00,43700224,43700224,512
4848,1764562849.7558186,rsa_handshake,0.000227520|0.000035446,0.00,0.00,43700224,43700224,512
4849,1764562849.7914336,rsa_handshake,0.000261213|0.000048299,0.00,0.00,43700224,43700224,512
4850,1764562849.8133888,rsa_handshake,0.000242148|0.000037199,0.00,0.00,43700224,43700224,512
4851,1764562849.835487,rsa_handshake,0.000229494|0.000036468,0.00,0.00,43700224,43700224,512
4852,1764562849.8562922,rsa_handshake,0.000241406|0.000037850,0.00,0.00,43700224,43700224,512
4853,1764562849.8999097,rsa_handshake,0.000232620|0.000043440,0.00,0.00,43700224,43700224,512
4854,1764562849.9306324,rsa_handshake,0.000230175|0.000035686,0.00,3229.00,43700224,43700224,512
4855,1764562849.9692566,rsa_handshake,0.000230886|0.000036207,0.00,0.00,43700224,43700224,512
4856,1764562849.9970458,rsa_handshake,0.000240825|0.000042469,0.00,0.00,43700224,43700224,512
4857,1764562850.050572,rsa_handshake,0.000258367|0.000040234,0.00,0.00,43700224,43700224,512
4858,1764562850.0860176,rsa_handshake,0.000238421|0.000036909,0.00,0.00,43700224,43700224,512
4859,1764562850.1052277,rsa_handshake,0.000238771|0.000034744,0.00,0.00,43700224,43700224,512
4860,1764562850.1943007,rsa_handshake,0.000241577|0.000039123,0.00,0.00,43700224,43700224,512
4861,1764562850.2392216,rsa_handshake,0.000228042|0.000036197,0.00,0.00,43700224,43700224,512
4862,1764562850.2590842,rsa_handshake,0.000231457|0.000034884,0.00,0.00,43700224,43700224,512
4863,1764562850.3041127,rsa_handshake,0.000253008|0.000038642,0.00,0.00,43700224,43700224,512
4864,1764562850.370139,rsa_handshake,0.000268126|0.000040565,0.00,0.00,43700224,43700224,512
4865,1764562850.4077342,rsa_handshake,0.000433501|0.000033332,0.00,0.00,43700224,43700224,512
4866,1764562850.42371,rsa_handshake,0.000231578|0.000036327,0.00,3234.00,43700224,43700224,512
4867,1764562850.4729128,rsa_handshake,0.000238020|0.000044372,0.00,0.00,43700224,43700224,512
4868,1764562850.4897885,rsa_handshake,0.000236797|0.000042409,0.00,0.00,43700224,43700224,512
4869,1764562850.5452113,rsa_handshake,0.000284656|0.000038672,0.00,0.00,43700224,43700224,512
4870,1764562850.5756776,rsa_handshake,0.000224515|0.000034373,0.00,0.00,43700224,43700224,512
4871,1764562850.6176484,rsa_handshake,0.000231218|0.000036217,0.00,0.00,43700224,43700224,512
4872,1764562850.648872,rsa_handshake,0.000227129|0.000034844,0.00,0.00,43700224,43700224,512
4873,1764562850.6801882,rsa_handshake,0.000458447|0.000041106,0.00,0.00,43700224,43700224,512
4874,1764562850.7035716,rsa_handshake,0.000237900|0.000035054,0.00,0.00,43700224,43700224,512
4875,1764562850.7336814,rsa_handshake,0.000561657|0.000095617,0.00,0.00,43700224,43700224,512
4876,1764562850.766031,rsa_handshake,0.000509862|0.000087722,0.00,0.00,43700224,43700224,512
4877,1764562850.8038216,rsa_handshake,0.000319160|0.000040054,0.00,0.00,43700224,43700224,512
4878,1764562850.855374,rsa_handshake,0.000252256|0.000045824,0.00,0.00,43700224,43700224,512
4879,1764562850.89875,rsa_handshake,0.000333477|0.000046997,0.00,0.00,43700224,43700224,512
4880,1764562850.9535365,rsa_handshake,0.000248529|0.000042829,0.00,0.00,43700224,43700224,512
4881,1764562850.9638295,rsa_handshake,0.000228162|0.000035195,0.00,0.00,43700224,43700224,512
4882,1764562850.982794,rsa_handshake,0.000332424|0.000036687,0.00,0.00,43700224,43700224,512
4883,1764562851.0154614,rsa_handshake,0.000227550|0.000035185,0.00,0.00,43700224,43700224,512
4884,1764562851.0505025,rsa_handshake,0.000227220|0.000034634,0.00,0.00,43700224,43700224,512
4885,1764562851.0996642,rsa_handshake,0.000227199|0.000034383,0.00,0.00,43700224,43700224,512
4886,1764562851.114357,rsa_handshake,0.000546499|0.000079647,0.00,0.00,43700224,43700224,512
4887,1764562851.152721,rsa_handshake,0.000439762|0.000067555,0.00,0.00,43700224,43700224,512
4888,1764562851.1751983,rsa_handshake,0.000237929|0.000034373,0.00,0.00,43700224,43700224,512
4889,1764562851.2033079,rsa_handshake,0.000505735|0.000035956,0.00,0.00,43700224,43700224,512
4890,1764562851.2585704,rsa_handshake,0.000459328|0.000035746,0.00,0.00,43700224,43700224,512
4891,1764562851.3721282,rsa_handshake,0.000243189|0.000040455,0.00,0.00,43700224,43700224,512
4892,1764562851.382273,rsa_handshake,0.000224995|0.000039042,0.00,0.00,43700224,43700224,512
4893,1764562851.4478211,rsa_handshake,0.000427360|0.000064159,0.00,0.00,43700224,43700224,512
4894,1764562851.4699757,rsa_handshake,0.000362360|0.000044281,0.00,0.00,43700224,43700224,512
4895,1764562851.4929988,rsa_handshake,0.000416299|0.000041657,0.00,0.00,43700224,43700224,512
4896,1764562851.5221987,rsa_handshake,0.000273916|0.000048320,0.00,0.00,43700224,43700224,512
4897,1764562851.5557785,rsa_handshake,0.000449661|0.000033763,0.00,0.00,43700224,43700224,512
4898,1764562851.5726326,rsa_handshake,0.000226439|0.000034915,0.00,0.00,43700224,43700224,512
4899,1764562851.636455,rsa_handshake,0.000242498|0.000040655,0.00,0.00,43700224,43700224,512
4900,1764562851.7161167,rsa_handshake,0.000261352|0.000040485,0.00,0.00,43700224,43700224,512
4901,1764562851.7929876,rsa_handshake,0.000242488|0.000036488,0.00,0.00,43700224,43700224,512
4902,1764562851.8495932,rsa_handshake,0.000277694|0.000042769,0.00,0.00,43700224,43700224,512
4903,1764562851.9014556,rsa_handshake,0.000235435|0.000042138,0.00,0.00,43700224,43700224,512
4904,1764562851.922814,rsa_handshake,0.000235685|0.000037860,0.00,0.00,43700224,43700224,512
4905,1764562851.9525943,rsa_handshake,0.000230776|0.000036979,0.00,0.00,43700224,43700224,512
4906,1764562851.9727774,rsa_handshake,0.000226368|0.000035907,0.00,0.00,43700224,43700224,512
4907,1764562852.0030615,rsa_handshake,0.000235124|0.000038190,0.00,0.00,43700224,43700224,512
4908,1764562852.0264177,rsa_handshake,0.000530390|0.000079507,0.00,0.00,43700224,43700224,512
4909,1764562852.051873,rsa_handshake,0.000314471|0.000033813,0.00,0.00,43700224,43700224,512
4910,1764562852.0785751,rsa_handshake,0.000223423|0.000036968,0.00,0.00,43700224,43700224,512
4911,1764562852.0954034,rsa_handshake,0.000218033|0.000035846,0.00,0.00,43700224,43700224,512
4912,1764562852.1338105,rsa_handshake,0.000234353|0.000034524,0.00,0.00,43700224,43700224,512
4913,1764562852.1483805,rsa_handshake,0.000233892|0.000037009,0.00,0.00,43700224,43700224,512
4914,1764562852.162294,rsa_handshake,0.000266343|0.000041297,0.00,0.00,43700224,43700224,512
4915,1764562852.1821616,rsa_handshake,0.000433060|0.000065411,0.00,0.00,43700224,43700224,512
4916,1764562852.292218,rsa_handshake,0.000270019|0.000038261,0.00,0.00,43700224,43700224,512
4917,1764562852.3515465,rsa_handshake,0.000236658|0.000037610,0.00,0.00,43700224,43700224,512
4918,1764562852.3624701,rsa_handshake,0.000462273|0.000068767,0.00,0.00,43700224,43700224,512
4919,1764562852.3870862,rsa_handshake,0.000260582|0.000042669,0.00,0.00,43700224,43700224,512
4920,1764562852.4035435,rsa_handshake,0.000351209|0.000049492,0.00,0.00,43700224,43700224,512
4921,1764562852.4238071,rsa_handshake,0.000363661|0.000042338,0.00,0.00,43700224,43700224,512
4922,1764562852.436522,rsa_handshake,0.000380944|0.000057365,0.00,0.00,43700224,43700224,512
4923,1764562852.459761,rsa_handshake,0.000522155|0.000080449,0.00,0.00,43700224,43700224,512
4924,1764562852.4749713,rsa_handshake,0.000514591|0.000086039,0.00,1448.30,43700224,43700224,512
4925,1764562852.4964993,rsa_handshake,0.000246716|0.000034644,0.00,0.00,43700224,43700224,512
4926,1764562852.5304067,rsa_handshake,0.000546690|0.000079587,0.00,0.00,43700224,43700224,512
4927,1764562852.58528,rsa_handshake,0.000529418|0.000080459,0.00,0.00,43700224,43700224,512
4928,1764562852.61254,rsa_handshake,0.000268466|0.000039633,0.00,0.00,43700224,43700224,512
4929,1764562852.6337667,rsa_handshake,0.000883282|0.000034604,0.00,0.00,43700224,43700224,512
4930,1764562852.6505296,rsa_handshake,0.000243460|0.000037379,0.00,0.00,43700224,43700224,512
4931,1764562852.6794376,rsa_handshake,0.000286209|0.000044262,0.00,2545.90,43700224,43700224,512
4932,1764562852.7223248,rsa_handshake,0.000233822|0.000035896,0.00,0.00,43700224,43700224,512
4933,1764562852.735274,rsa_handshake,0.000215088|0.000033452,0.00,0.00,43700224,43700224,512
4934,1764562852.7443268,rsa_handshake,0.000213775|0.000033842,0.00,0.00,43700224,43700224,512
4935,1764562852.7742145,rsa_handshake,0.000224135|0.000034924,0.00,0.00,43700224,43700224,512
4936,1764562852.7945302,rsa_handshake,0.000245754|0.000041166,0.00,0.00,43700224,43700224,512
4937,1764562852.8649979,rsa_handshake,0.000281240|0.000043651,0.00,0.00,43700224,43700224,512
4938,1764562852.914576,rsa_handshake,0.000230105|0.000035636,0.00,0.00,43700224,43700224,512
4939,1764562852.9616013,rsa_handshake,0.000347903|0.000065861,0.00,0.00,43700224,43700224,512
4940,1764562853.0266309,rsa_handshake,0.000229003|0.000035355,0.00,3246.20,43700224,43700224,512
4941,1764562853.0491683,rsa_handshake,0.000334818|0.000035465,0.00,0.00,43700224,43700224,512
4942,1764562853.1018786,rsa_handshake,0.000232690|0.000043901,0.00,0.00,43700224,43700224,512
4943,1764562853.1147492,rsa_handshake,0.000429473|0.000064599,0.00,0.00,43700224,43700224,512
4944,1764562853.1386883,rsa_handshake,0.000233992|0.000036938,0.00,0.00,43700224,43700224,512
4945,1764562853.1650531,rsa_handshake,0.000237229|0.000035886,0.00,0.00,43700224,43700224,512
4946,1764562853.1835098,rsa_handshake,0.000237700|0.000038802,0.00,0.00,43700224,43700224,512
4947,1764562853.208086,rsa_handshake,0.000231809|0.000036157,0.00,0.00,43700224,43700224,512
4948,1764562853.2406988,rsa_handshake,0.000230205|0.000035836,0.00,0.00,43700224,43700224,512
4949,1764562853.2826045,rsa_handshake,0.000228923|0.000035195,0.00,0.00,43700224,43700224,512
4950,1764562853.326636,rsa_handshake,0.000227671|0.000035306,0.00,0.00,43700224,43700224,512
4951,1764562853.3622227,rsa_handshake,0.000257225|0.000036037,0.00,0.00,43700224,43700224,512
4952,1764562853.4502418,rsa_handshake,0.000233231|0.000036628,0.00,0.00,43700224,43700224,512
4953,1764562853.5406744,rsa_handshake,0.000230526|0.000035937,0.00,0.00,43700224,43700224,512
4954,1764562853.5835273,rsa_handshake,0.000229023|0.000035816,0.00,0.00,43700224,43700224,512
4955,1764562853.7016149,rsa_handshake,0.000227160|0.000035656,0.00,0.00,43700224,43700224,512
4956,1764562853.7350566,rsa_handshake,0.000237248|0.000038661,0.00,0.00,43700224,43700224,512
4957,1764562853.7583237,rsa_handshake,0.000335019|0.000034794,0.00,0.00,43700224,43700224,512
4958,1764562853.7807784,rsa_handshake,0.000434433|0.000066453,0.00,0.00,43700224,43700224,512
4959,1764562853.8406389,rsa_handshake,0.000235285|0.000038822,0.00,3127.30,43700224,43700224,512
4960,1764562853.9013202,rsa_handshake,0.000226849|0.000035255,0.00,0.00,43700224,43700224,512
4961,1764562853.9537442,rsa_handshake,0.000873844|0.000035616,0.00,0.00,43700224,43700224,512
4962,1764562853.9993427,rsa_handshake,0.000439312|0.000064900,0.00,0.00,43700224,43700224,512
4963,1764562854.0575652,rsa_handshake,0.000279727|0.000046536,0.00,0.00,43700224,43700224,512
4964,1764562854.105288,rsa_handshake,0.000233131|0.000036317,0.00,0.00,43700224,43700224,512
4965,1764562854.1252756,rsa_handshake,0.000238371|0.000038711,0.00,0.00,43700224,43700224,512
4966,1764562854.234063,rsa_handshake,0.000234864|0.000035636,0.00,0.00,43700224,43700224,512
4967,1764562854.2611732,rsa_handshake,0.000284265|0.000046126,0.00,2331.80,43700224,43700224,512
4968,1764562854.277873,rsa_handshake,0.000345288|0.000044803,0.00,0.00,43700224,43700224,512
4969,1764562854.3092642,rsa_handshake,0.000472203|0.000079627,0.00,0.00,43700224,43700224,512
4970,1764562854.3401906,rsa_handshake,0.000406972|0.000035956,0.00,0.00,43700224,43700224,512
4971,1764562854.3731725,rsa_handshake,0.000229194|0.000035696,0.00,0.00,43700224,43700224,512
4972,1764562854.4525416,rsa_handshake,0.000248158|0.000038461,0.00,0.00,43700224,43700224,512
4973,1764562854.5147882,rsa_handshake,0.000239462|0.000044212,0.00,0.00,43700224,43700224,512
4974,1764562854.5583394,rsa_handshake,0.000435284|0.000066072,0.00,0.00,43700224,43700224,512
4975,1764562854.6175547,rsa_handshake,0.000243681|0.000036517,0.00,0.00,43700224,43700224,512
4976,1764562854.66376,rsa_handshake,0.000462144|0.000066483,0.00,0.00,43700224,43700224,512
4977,1764562854.7106006,rsa_handshake,0.000532835|0.000082593,0.00,0.00,43700224,43700224,512
4978,1764562854.7471652,rsa_handshake,0.000263637|0.000035726,0.00,0.00,43700224,43700224,512
4979,1764562854.8311367,rsa_handshake,0.000276501|0.000036808,0.00,0.00,43700224,43700224,512
4980,1764562854.8571908,rsa_handshake,0.000525100|0.000081581,0.00,1326.80,43700224,43700224,512
4981,1764562854.9462283,rsa_handshake,0.000415187|0.000074087,0.00,0.00,43700224,43700224,512
4982,1764562854.9697409,rsa_handshake,0.000425706|0.000067265,0.00,0.00,43700224,43700224,512
4983,1764562854.9973288,rsa_handshake,0.000274177|0.000044823,0.00,0.00,43700224,43700224,512
4984,1764562855.0281272,rsa_handshake,0.000322405|0.000063267,0.00,0.00,43700224,43700224,512
4985,1764562855.07475,rsa_handshake,0.000321313|0.000035455,0.00,0.00,43700224,43700224,512
4986,1764562855.098099,rsa_handshake,0.000390431|0.000044903,0.00,0.00,43700224,43700224,512
4987,1764562855.1113567,rsa_handshake,0.000532554|0.000082603,0.00,1416.70,43700224,43700224,512
4988,1764562855.184388,rsa_handshake,0.000228031|0.000035536,0.00,0.00,43700224,43700224,512
4989,1764562855.2815485,rsa_handshake,0.000234874|0.000037539,0.00,0.00,43700224,43700224,512
4990,1764562855.316638,rsa_handshake,0.000230005|0.000035155,0.00,0.00,43700224,43700224,512
4991,1764562855.3584964,rsa_handshake,0.000229764|0.000037800,0.00,0.00,43700224,43700224,512
4992,1764562855.3903196,rsa_handshake,0.000230536|0.000036227,0.00,0.00,43700224,43700224,512
4993,1764562855.4086323,rsa_handshake,0.000428962|0.000031579,0.00,0.00,43700224,43700224,512
4994,1764562855.4269385,rsa_handshake,0.000230385|0.000045114,0.00,0.00,43700224,43700224,512
4995,1764562855.4955344,rsa_handshake,0.000242528|0.000040234,0.00,0.00,43700224,43700224,512
4996,1764562855.5921183,rsa_handshake,0.000511715|0.000062385,0.00,0.00,43700224,43700224,512
4997,1764562855.644101,rsa_handshake,0.000256213|0.000039022,0.00,0.00,43700224,43700224,512
4998,1764562855.6637983,rsa_handshake,0.000245614|0.000042178,0.00,0.00,43700224,43700224,512
4999,1764562855.7015047,rsa_handshake,0.000226428|0.000034584,0.00,0.00,43700224,43700224,512
5000,1764562855.7182565,rsa_handshake,0.000218374|0.000033782,0.00,0.00,43700224,43700224,512
